fileName,pairIndex,firstPolygonId,secondPolygonId,observed_division,division_timing,areaRatio,areaMean,areaMin,areaMax,areaDiff,perimeterRatio,perimeterMean,perimeterMin,perimeterMax,perimeterDiff,aspectRatio,aspectMean,aspectMin,aspectMax,aspectDiff,circularityRatio,circularityMean,circularityMin,circularityMax,circularityDiff,solidityRatio,solidityMean,solidityMin,solidityMax,solidityDiff,vertexCountRatio,vertexCountMean,vertexCountMin,vertexCountMax,vertexCountDiff,centroidDistance,centroidDistanceNormalized,unionAspectRatio,unionCircularity,unionConvexDeficiency,normalizedSharedEdgeLength,sharedEdgeLength,sharedEdgeUnsharedVerticesDistance,sharedEdgeUnsharedVerticesDistanceNormalized,centroidSharedEdgeDistance,centroidSharedEdgeDistanceNormalized,sharedEdgeUnionCentroidDistance,sharedEdgeUnionCentroidDistanceNormalized,sharedEdgeUnionAxisAngleDegrees,junctionAngleAverageDegrees,junctionAngleMaxDegrees,junctionAngleMinDegrees,junctionAngleDifferenceDegrees,junctionAngleRatio
left,1,717,716,0,-1,0.788408,1126.250000,993.000000,1259.500000,266.500000,0.901664,132.548234,125.694108,139.402360,13.708252,0.973085,1.035870,1.021739,1.050000,0.028261,0.969754,0.802139,0.789822,0.814456,0.024634,1.000000,1.000000,1.000000,1.000000,0.000000,0.833333,5.500000,5.000000,6.000000,1.000000,27.626633,0.824659,1.392157,0.831773,0.019978,1.203298,40.311289,21.819127,0.651304,13.769263,0.411015,2.754896,0.082234,84.002554,164.748367,179.035516,150.461218,28.574298,0.840399
left,2,717,714,0,-1,0.671400,1236.000000,993.000000,1479.000000,486.000000,0.833683,138.231897,125.694108,150.769686,25.075578,0.991254,1.045408,1.040816,1.050000,0.009184,0.966005,0.803720,0.789822,0.817617,0.027795,1.000000,1.000000,1.000000,1.000000,0.000000,0.714286,6.000000,5.000000,7.000000,2.000000,46.291393,1.323185,1.607143,0.505775,0.268002,0.409258,14.317821,36.247784,1.036100,23.134870,0.661283,6.931059,0.198116,83.077463,111.997457,115.746596,108.248318,7.498277,0.935218
left,3,716,715,0,-1,0.928492,1308.000000,1259.500000,1356.500000,97.000000,0.988469,140.215465,139.402360,141.028570,1.626209,0.794686,1.153727,1.021739,1.285714,0.263975,0.950282,0.835762,0.814456,0.857068,0.042612,1.000000,1.000000,1.000000,1.000000,0.000000,0.857143,6.500000,6.000000,7.000000,1.000000,32.622933,0.902181,1.209677,0.768000,0.056766,1.016855,36.769553,25.635527,0.708946,16.089242,0.444945,1.642798,0.045431,87.459710,148.994916,158.226190,139.763642,18.462548,0.883315
left,4,716,714,0,-1,0.851589,1369.250000,1259.500000,1479.000000,219.500000,0.924605,145.086023,139.402360,150.769686,11.367325,0.981671,1.031278,1.021739,1.040816,0.019077,0.996134,0.816037,0.814456,0.817617,0.003161,1.000000,1.000000,1.000000,1.000000,0.000000,0.857143,6.500000,6.000000,7.000000,1.000000,51.816443,1.401444,1.023529,0.486037,0.228592,0.325681,12.041595,37.905657,1.025209,25.835361,0.698752,3.448022,0.093256,88.180391,106.545937,111.801409,101.290464,10.510946,0.905986
left,5,716,713,0,-1,0.953156,1230.000000,1200.500000,1259.500000,59.000000,0.999366,139.446584,139.402360,139.490807,0.088447,0.978723,1.010870,1.000000,1.021739,0.021739,0.951948,0.794888,0.775320,0.814456,0.039137,1.000000,1.000000,1.000000,1.000000,0.000000,1.000000,6.000000,6.000000,6.000000,0.000000,45.881930,1.308339,1.568966,0.476115,0.253659,0.343370,12.041595,36.655368,1.045241,22.713662,0.647688,0.050823,0.001449,77.027062,97.534244,105.068488,90.000000,15.068488,0.856584
left,6,715,713,0,-1,0.884998,1278.500000,1200.500000,1356.500000,156.000000,0.989096,140.259689,139.490807,141.028570,1.537762,0.777778,1.142857,1.000000,1.285714,0.285714,0.904618,0.816194,0.775320,0.857068,0.081749,1.000000,1.000000,1.000000,1.000000,0.000000,0.857143,6.500000,6.000000,7.000000,1.000000,44.881709,1.255803,1.211268,0.553592,0.195542,0.553981,19.798990,34.289413,0.959427,22.103464,0.618461,0.989774,0.027694,82.963757,123.252271,130.236358,116.268185,13.968174,0.892748
left,7,715,711,0,-1,0.824917,1237.750000,1119.000000,1356.500000,237.500000,0.973264,142.965658,141.028570,144.902747,3.874177,0.744361,1.506494,1.285714,1.727273,0.441558,0.781396,0.763389,0.669710,0.857068,0.187358,0.983304,0.991652,0.983304,1.000000,0.016696,0.857143,6.500000,6.000000,7.000000,1.000000,46.951922,1.336098,1.655172,0.462852,0.426984,0.379660,13.341664,34.119175,0.970920,23.472056,0.667938,3.014553,0.085784,86.022801,109.017283,111.389529,106.645038,4.744490,0.957406
left,8,715,709,0,-1,0.911014,1422.750000,1356.500000,1489.000000,132.500000,0.898328,149.009313,141.028570,156.990057,15.961487,0.871671,1.380357,1.285714,1.475000,0.189286,0.885819,0.808138,0.759207,0.857068,0.097861,1.000000,1.000000,1.000000,1.000000,0.000000,0.857143,6.500000,6.000000,7.000000,1.000000,49.860915,1.322251,1.571429,0.470573,0.398700,0.296489,11.180340,38.747807,1.027545,24.816906,0.658114,6.578045,0.174442,83.492105,97.540697,98.426969,96.654425,1.772544,0.981991
left,9,714,713,0,-1,0.811697,1339.750000,1200.500000,1479.000000,278.500000,0.925191,145.130247,139.490807,150.769686,11.278878,0.960784,1.020408,1.000000,1.040816,0.040816,0.948268,0.796468,0.775320,0.817617,0.042297,1.000000,1.000000,1.000000,1.000000,0.000000,0.857143,6.500000,6.000000,7.000000,1.000000,28.401570,0.776997,1.315789,0.834948,0.025564,1.223466,44.721360,20.841357,0.570168,14.036052,0.383992,2.517159,0.068863,38.570739,146.762826,150.395549,143.130102,7.265447,0.951691
left,10,714,710,0,-1,0.766520,1704.250000,1479.000000,1929.500000,450.500000,0.914023,157.860708,150.769686,164.951730,14.182044,0.925170,1.082908,1.040816,1.125000,0.084184,0.917506,0.854373,0.817617,0.891130,0.073513,1.000000,1.000000,1.000000,1.000000,0.000000,1.000000,7.000000,7.000000,7.000000,0.000000,49.366760,1.198457,1.036585,0.557013,0.162682,0.466338,19.209373,37.138895,0.901606,24.411668,0.592632,2.689715,0.065297,89.141461,98.910232,104.884791,92.935673,11.949118,0.886074
left,11,714,706,0,-1,0.911089,1413.250000,1347.500000,1479.000000,131.500000,0.934670,145.844777,140.919868,150.769686,9.849817,0.889031,1.105774,1.040816,1.170732,0.129915,0.958861,0.835157,0.817617,0.852696,0.035079,1.000000,1.000000,1.000000,1.000000,0.000000,1.000000,7.000000,7.000000,7.000000,0.000000,49.004233,1.303892,2.000000,0.511103,0.321953,0.373458,14.035669,36.660182,0.975445,24.459869,0.650822,1.487546,0.039580,86.473030,103.407208,109.689400,97.125016,12.564384,0.885455
left,12,713,709,0,-1,0.806246,1344.750000,1200.500000,1489.000000,288.500000,0.888533,148.240432,139.490807,156.990057,17.499250,0.677966,1.237500,1.000000,1.475000,0.475000,0.979218,0.767263,0.759207,0.775320,0.016113,1.000000,1.000000,1.000000,1.000000,0.000000,1.000000,6.000000,6.000000,6.000000,0.000000,32.104668,0.876748,1.174603,0.702885,0.077710,1.054143,38.600518,26.634730,0.727369,15.926083,0.434926,4.038179,0.110279,57.865988,136.722124,145.304846,128.139402,17.165444,0.881866
left,13,713,708,0,-1,0.408163,845.250000,490.000000,1200.500000,710.500000,0.669375,116.431245,93.371683,139.490807,46.119125,0.875000,1.071429,1.000000,1.142857,0.142857,0.910950,0.740799,0.706278,0.775320,0.069042,1.000000,1.000000,1.000000,1.000000,0.000000,0.666667,5.000000,4.000000,6.000000,2.000000,35.084013,1.235697,1.652174,0.538448,0.268264,0.602888,17.117243,31.457438,1.107965,17.538563,0.617727,12.132339,0.427314,87.682001,126.520748,141.044092,111.997403,29.046689,0.794060
left,14,713,706,0,-1,0.890909,1274.000000,1200.500000,1347.500000,147.000000,0.989859,140.205338,139.490807,140.919868,1.429061,0.854167,1.085366,1.000000,1.170732,0.170732,0.909257,0.814008,0.775320,0.852696,0.077376,1.000000,1.000000,1.000000,1.000000,0.000000,0.857143,6.500000,6.000000,7.000000,1.000000,48.879032,1.369994,1.225352,0.452568,0.309458,0.202115,7.211103,36.992189,1.036827,24.541131,0.687845,0.487213,0.013656,82.421362,89.207786,112.479434,65.936139,46.543296,0.586206
left,15,712,710,0,-1,0.463592,1412.000000,894.500000,1929.500000,1035.000000,0.718487,141.733676,118.515621,164.951730,46.436109,0.851351,1.223214,1.125000,1.321429,0.196429,0.898045,0.845702,0.800275,0.891130,0.090855,1.000000,1.000000,1.000000,1.000000,0.000000,0.714286,6.000000,5.000000,7.000000,2.000000,33.904629,0.918398,1.388889,0.793783,0.070822,0.975533,36.013886,28.399766,0.769284,16.875294,0.457113,10.266231,0.278089,75.425834,152.816085,154.075098,151.557071,2.518027,0.983657
left,16,712,703,0,-1,0.822151,991.250000,894.500000,1088.000000,193.500000,0.920633,123.624207,118.515621,128.732793,10.217172,0.795565,1.186355,1.051282,1.321429,0.270147,0.970015,0.812643,0.800275,0.825012,0.024738,1.000000,1.000000,1.000000,1.000000,0.000000,0.833333,5.500000,5.000000,6.000000,1.000000,35.669096,1.134278,1.878049,0.591650,0.166456,0.668557,21.023796,28.077735,0.892873,17.725876,0.563683,1.562164,0.049677,83.011411,127.437312,143.267173,111.607450,31.659723,0.779016
left,17,711,709,0,-1,0.751511,1304.000000,1119.000000,1489.000000,370.000000,0.923006,150.946402,144.902747,156.990057,12.087310,0.853947,1.601136,1.475000,1.727273,0.252273,0.882118,0.714459,0.669710,0.759207,0.089497,0.983304,0.991652,0.983304,1.000000,0.016696,1.000000,6.000000,6.000000,6.000000,0.000000,25.064178,0.695850,1.116667,0.877761,0.020514,1.508413,54.332311,20.209245,0.561064,12.530962,0.347894,3.414281,0.094790,14.988221,165.968448,175.236358,156.700537,18.535822,0.894224
left,18,711,707,0,-1,0.819482,1018.000000,917.000000,1119.000000,202.000000,0.834898,132.940875,120.979004,144.902747,23.923743,0.707602,1.474747,1.222222,1.727273,0.505051,0.850604,0.728522,0.669710,0.787334,0.117624,0.983304,0.991652,0.983304,1.000000,0.016696,1.000000,6.000000,6.000000,6.000000,0.000000,35.198870,1.104565,1.107692,0.487869,0.344794,0.578631,18.439089,28.881984,0.906337,17.584242,0.551806,4.343652,0.136307,69.799803,107.734863,115.832188,99.637538,16.194650,0.860189
left,19,711,704,0,-1,0.785523,999.000000,879.000000,1119.000000,240.000000,0.799135,130.349780,115.796813,144.902747,29.105933,0.784380,1.541056,1.354839,1.727273,0.372434,0.812982,0.746740,0.669710,0.823769,0.154059,0.983304,0.991652,0.983304,1.000000,0.016696,1.000000,6.000000,6.000000,6.000000,0.000000,42.850372,1.358187,2.685714,0.478457,0.189189,0.501158,15.811388,31.338925,0.993319,19.994601,0.633749,6.204031,0.196643,69.945771,109.092309,111.326218,106.858399,4.467820,0.959867
left,20,710,706,0,-1,0.698367,1638.500000,1347.500000,1929.500000,582.000000,0.854310,152.935799,140.919868,164.951730,24.031862,0.960937,1.147866,1.125000,1.170732,0.045732,0.956871,0.871913,0.852696,0.891130,0.038434,1.000000,1.000000,1.000000,1.000000,0.000000,1.000000,7.000000,7.000000,7.000000,0.000000,38.792156,0.962174,1.164179,0.725801,0.084529,0.839291,33.837849,29.593581,0.734019,19.336756,0.479616,6.098902,0.151273,73.081884,131.251462,145.425809,117.077115,28.348694,0.805064
left,21,710,703,0,-1,0.563877,1508.750000,1088.000000,1929.500000,841.500000,0.780427,146.842261,128.732793,164.951730,36.218937,0.934473,1.088141,1.051282,1.125000,0.073718,0.925805,0.858071,0.825012,0.891130,0.066117,1.000000,1.000000,1.000000,1.000000,0.000000,0.857143,6.500000,6.000000,7.000000,1.000000,46.939890,1.220630,1.219178,0.547286,0.251036,0.396083,15.231546,37.809006,0.983190,22.797601,0.592831,10.064397,0.261716,84.193837,107.473725,120.629998,94.317451,26.312547,0.781874
left,22,710,699,0,-1,0.964239,1895.000000,1860.500000,1929.500000,69.000000,0.991207,164.226495,163.501260,164.951730,1.450470,0.943311,1.093112,1.061224,1.125000,0.063776,0.981423,0.882853,0.874576,0.891130,0.016554,1.000000,1.000000,1.000000,1.000000,0.000000,1.000000,7.000000,7.000000,7.000000,0.000000,49.660628,1.140842,2.102041,0.598626,0.146174,0.532849,23.194827,39.034434,0.896729,24.814876,0.570066,0.067853,0.001559,84.608831,108.260535,126.521069,90.000000,36.521069,0.711344
left,23,709,708,0,-1,0.329080,989.500000,490.000000,1489.000000,999.000000,0.594762,125.180870,93.371683,156.990057,63.618374,0.774818,1.308929,1.142857,1.475000,0.332143,0.930283,0.732742,0.706278,0.759207,0.052929,1.000000,1.000000,1.000000,1.000000,0.000000,0.666667,5.000000,4.000000,6.000000,2.000000,29.475918,0.970824,1.070175,0.573868,0.256948,0.694789,21.095023,29.339639,0.966335,14.660361,0.482856,12.455918,0.410250,45.495414,120.864586,121.865978,119.863194,2.002784,0.983566
left,24,709,704,0,-1,0.590329,1184.000000,879.000000,1489.000000,610.000000,0.737606,136.393435,115.796813,156.990057,41.193244,0.918535,1.414919,1.354839,1.475000,0.120161,0.921626,0.791488,0.759207,0.823769,0.064562,1.000000,1.000000,1.000000,1.000000,0.000000,1.000000,6.000000,6.000000,6.000000,0.000000,46.451349,1.361501,1.476190,0.448591,0.327280,0.223220,7.615773,35.671196,1.045532,23.078867,0.676448,12.820417,0.375770,85.001566,95.114051,112.322858,77.905243,34.417615,0.693583
left,25,709,702,0,-1,0.967092,1464.500000,1440.000000,1489.000000,49.000000,0.919113,150.640812,144.291566,156.990057,12.698491,0.788333,1.318895,1.162791,1.475000,0.312209,0.873514,0.814174,0.759207,0.869141,0.109934,1.000000,1.000000,1.000000,1.000000,0.000000,0.857143,6.500000,6.000000,7.000000,1.000000,43.177552,1.128310,1.980000,0.575257,0.120178,0.631505,24.166092,32.479557,0.848752,21.130024,0.552167,0.801163,0.020936,72.529401,103.790094,115.319687,92.260502,23.059185,0.800041
left,26,708,706,0,-1,0.363636,918.750000,490.000000,1347.500000,857.500000,0.662587,117.145776,93.371683,140.919868,47.548186,0.976190,1.156794,1.142857,1.170732,0.027875,0.828288,0.779487,0.706278,0.852696,0.146418,1.000000,1.000000,1.000000,1.000000,0.000000,0.571429,5.500000,4.000000,7.000000,3.000000,24.836700,0.844150,1.229167,0.825582,0.025034,1.139486,33.526109,19.830225,0.673990,12.374266,0.420577,9.719144,0.330335,57.142963,156.789867,160.559965,153.019769,7.540196,0.953038
left,27,708,702,0,-1,0.340278,965.000000,490.000000,1440.000000,950.000000,0.647104,118.831625,93.371683,144.291566,50.919884,0.982857,1.152824,1.142857,1.162791,0.019934,0.812616,0.787710,0.706278,0.869141,0.162864,1.000000,1.000000,1.000000,1.000000,0.000000,0.571429,5.500000,4.000000,7.000000,3.000000,34.065817,1.133953,1.400000,0.641785,0.109326,0.720111,21.633308,29.725303,0.989470,17.002404,0.565961,12.611095,0.419787,85.410269,135.824799,145.873520,125.776078,20.097443,0.862227
left,28,707,705,0,-1,0.683751,772.000000,627.000000,917.000000,290.000000,0.898996,114.869323,108.759641,120.979004,12.219362,0.958442,1.196825,1.171429,1.222222,0.050794,0.846024,0.726719,0.666104,0.787334,0.121231,1.000000,1.000000,1.000000,1.000000,0.000000,0.833333,5.500000,5.000000,6.000000,1.000000,19.640088,0.710028,1.040816,0.856126,0.019106,1.431546,39.597980,16.873993,0.610029,9.818009,0.354941,3.620182,0.130877,33.668434,167.475795,178.251054,156.700537,21.550517,0.879100
left,29,707,704,0,-1,0.958561,898.000000,879.000000,917.000000,38.000000,0.957165,118.387908,115.796813,120.979004,5.182190,0.902116,1.288530,1.222222,1.354839,0.132616,0.955771,0.805552,0.787334,0.823769,0.036435,1.000000,1.000000,1.000000,1.000000,0.000000,1.000000,6.000000,6.000000,6.000000,0.000000,36.328404,1.212362,1.155172,0.548888,0.137249,0.567329,17.000000,27.425237,0.915243,18.017143,0.601273,0.923157,0.030808,78.677479,118.042732,149.036243,87.049221,61.987023,0.584081
left,30,707,701,0,-1,0.775900,814.250000,711.500000,917.000000,205.500000,0.855003,112.208208,103.437412,120.979004,17.541592,0.946023,1.189236,1.156250,1.222222,0.065972,0.942171,0.811497,0.787334,0.835660,0.048325,1.000000,1.000000,1.000000,1.000000,0.000000,1.000000,6.000000,6.000000,6.000000,0.000000,38.247678,1.343061,1.333333,0.484361,0.324532,0.331273,9.433981,30.098715,1.056912,18.570707,0.652108,4.026115,0.141376,76.932032,111.588878,122.872909,100.304846,22.568062,0.816330
left,31,706,702,0,-1,0.935764,1393.750000,1347.500000,1440.000000,92.500000,0.976633,142.605717,140.919868,144.291566,3.371698,0.993217,1.166761,1.162791,1.170732,0.007941,0.981078,0.860919,0.852696,0.869141,0.016446,1.000000,1.000000,1.000000,1.000000,0.000000,1.000000,7.000000,7.000000,7.000000,0.000000,47.883395,1.282780,1.080000,0.462479,0.343139,0.133948,5.000000,37.524613,1.005272,23.860502,0.639215,0.536072,0.014361,83.631132,87.847277,102.030596,73.663957,28.366639,0.721979
left,32,706,699,0,-1,0.724268,1604.000000,1347.500000,1860.500000,513.000000,0.861889,152.210564,140.919868,163.501260,22.581391,0.906463,1.115978,1.061224,1.170732,0.109507,0.974983,0.863636,0.852696,0.874576,0.021880,1.000000,1.000000,1.000000,1.000000,0.000000,1.000000,7.000000,7.000000,7.000000,0.000000,45.946946,1.150949,1.063291,0.571514,0.245168,0.486374,19.416488,37.309709,0.934591,22.364450,0.560219,5.313046,0.133089,67.300621,113.065350,116.401816,109.728884,6.672932,0.942673
left,33,706,698,0,-1,0.843242,1472.750000,1347.500000,1598.000000,250.500000,0.923480,146.758187,140.919868,152.596505,11.676637,0.854167,1.085366,1.000000,1.170732,0.170732,0.988773,0.857537,0.852696,0.862378,0.009682,1.000000,1.000000,1.000000,1.000000,0.000000,0.857143,6.500000,6.000000,7.000000,1.000000,42.639757,1.112100,1.600000,0.654933,0.110168,0.727477,27.892651,34.002098,0.886819,21.310754,0.555812,2.969489,0.077448,85.500626,128.431050,140.297048,116.565051,23.731997,0.830845
left,34,705,701,0,-1,0.881237,669.250000,627.000000,711.500000,84.500000,0.951064,106.098527,103.437412,108.759641,5.322229,0.987043,1.163839,1.156250,1.171429,0.015179,0.797099,0.750882,0.666104,0.835660,0.169556,1.000000,1.000000,1.000000,1.000000,0.000000,0.833333,5.500000,5.000000,6.000000,1.000000,33.359810,1.290167,1.034483,0.515842,0.196489,0.611494,15.811388,26.672284,1.031532,16.534297,0.639452,1.185860,0.045862,75.641167,129.109738,155.224859,102.994617,52.230243,0.663519
left,35,705,700,0,-1,0.535669,898.750000,627.000000,1170.500000,543.500000,0.802860,122.112430,108.759641,135.465219,26.705577,0.984000,1.180952,1.171429,1.190476,0.019048,0.831029,0.733822,0.666104,0.801541,0.135437,1.000000,1.000000,1.000000,1.000000,0.000000,0.625000,6.500000,5.000000,8.000000,3.000000,30.949786,1.044674,1.064516,0.544224,0.262587,0.683463,20.248457,26.992922,0.911114,15.371254,0.518839,10.879102,0.367211,74.678733,109.250009,129.002599,89.497418,39.505181,0.693764
left,36,705,697,0,-1,0.915328,656.000000,627.000000,685.000000,58.000000,0.988161,108.115865,107.472088,108.759641,1.287554,0.975610,1.157143,1.142857,1.171429,0.028571,0.893784,0.705683,0.666104,0.745262,0.079158,1.000000,1.000000,1.000000,1.000000,0.000000,1.000000,5.000000,5.000000,5.000000,0.000000,27.649114,1.079780,1.971429,0.521455,0.236280,0.750183,19.209373,21.897541,0.855164,10.451891,0.408178,1.186440,0.046334,29.554251,113.838663,118.739795,108.937530,9.802265,0.917448
left,37,704,702,0,-1,0.610417,1159.500000,879.000000,1440.000000,561.000000,0.802520,130.044190,115.796813,144.291566,28.494753,0.858250,1.258815,1.162791,1.354839,0.192048,0.947796,0.846455,0.823769,0.869141,0.045372,1.000000,1.000000,1.000000,1.000000,0.000000,0.857143,6.500000,6.000000,7.000000,1.000000,32.450486,0.960141,1.460000,0.686372,0.153730,0.799420,27.018512,25.503386,0.754591,16.157494,0.478066,6.715201,0.198689,77.001829,127.016462,132.357455,121.675469,10.681986,0.919294
left,38,704,701,0,-1,0.809443,795.250000,711.500000,879.000000,167.500000,0.893266,109.617113,103.437412,115.796813,12.359401,0.853423,1.255544,1.156250,1.354839,0.198589,0.985771,0.829714,0.823769,0.835660,0.011891,1.000000,1.000000,1.000000,1.000000,0.000000,1.000000,6.000000,6.000000,6.000000,0.000000,24.216923,0.859947,1.083333,0.806122,0.053442,1.096799,30.886890,20.086597,0.713278,11.886651,0.422097,1.828141,0.064918,62.462959,154.353624,158.629378,150.077870,8.551508,0.946091
left,39,704,693,0,-1,0.704045,1063.750000,879.000000,1248.500000,369.500000,0.851070,125.928543,115.796813,136.060272,20.263459,0.889499,1.279983,1.205128,1.354839,0.149711,0.972008,0.835631,0.823769,0.847492,0.023723,1.000000,1.000000,1.000000,1.000000,0.000000,1.000000,6.000000,6.000000,6.000000,0.000000,38.921462,1.197914,1.863636,0.568128,0.179083,0.537510,17.464249,29.849001,0.918684,19.106796,0.588064,3.193793,0.098298,73.331871,116.380823,126.816250,105.945396,20.870854,0.835424
left,40,703,699,0,-1,0.584789,1474.250000,1088.000000,1860.500000,772.500000,0.787350,146.117026,128.732793,163.501260,34.768467,0.990631,1.056253,1.051282,1.061224,0.009942,0.943329,0.849794,0.825012,0.874576,0.049563,1.000000,1.000000,1.000000,1.000000,0.000000,0.857143,6.500000,6.000000,7.000000,1.000000,34.991304,0.919392,1.327273,0.793591,0.043073,1.000517,38.078866,27.204654,0.714799,17.467109,0.458946,7.699911,0.202314,82.523470,149.570812,149.771621,149.370002,0.401620,0.997318
left,41,703,695,0,-1,0.726563,939.250000,790.500000,1088.000000,297.500000,0.876949,120.812462,112.892132,128.732793,15.840661,0.897436,1.111355,1.051282,1.171429,0.120147,0.944765,0.802228,0.779443,0.825012,0.045569,1.000000,1.000000,1.000000,1.000000,0.000000,0.833333,5.500000,5.000000,6.000000,1.000000,37.383704,1.223676,1.630435,0.498811,0.293585,0.394156,12.041595,30.977556,1.013984,18.691595,0.611829,6.818055,0.223174,84.074138,102.664643,103.535856,101.793430,1.742427,0.983171
left,42,702,698,0,-1,0.901126,1519.000000,1440.000000,1598.000000,158.000000,0.945576,148.444036,144.291566,152.596505,8.304939,0.860000,1.081395,1.000000,1.162791,0.162791,0.992218,0.865760,0.862378,0.869141,0.006764,1.000000,1.000000,1.000000,1.000000,0.000000,0.857143,6.500000,6.000000,7.000000,1.000000,36.421219,0.934808,1.158730,0.782630,0.058097,0.975668,38.013156,26.831721,0.688679,18.197056,0.467056,1.630583,0.041851,75.087771,147.419651,153.434949,141.404353,12.030596,0.921592
left,43,702,693,0,-1,0.867014,1344.250000,1248.500000,1440.000000,191.500000,0.942954,140.175919,136.060272,144.291566,8.231295,0.964869,1.183959,1.162791,1.205128,0.042338,0.975091,0.858317,0.847492,0.869141,0.021649,1.000000,1.000000,1.000000,1.000000,0.000000,0.857143,6.500000,6.000000,7.000000,1.000000,43.359444,1.183367,1.235294,0.546093,0.206993,0.431525,15.811388,33.067735,0.902486,21.674006,0.591528,1.198694,0.032715,87.959658,96.755404,111.508281,82.002527,29.505755,0.735394
left,44,702,692,0,-1,0.623264,1168.750000,897.500000,1440.000000,542.500000,0.818517,131.198354,118.105142,144.291566,26.186424,0.865333,1.253270,1.162791,1.343750,0.180959,0.930285,0.838846,0.808550,0.869141,0.060592,1.000000,1.000000,1.000000,1.000000,0.000000,0.857143,6.500000,6.000000,7.000000,1.000000,44.577923,1.312937,2.069767,0.522521,0.260963,0.372550,12.649111,34.004868,1.001533,20.794738,0.612460,6.843349,0.201555,73.245396,111.346314,114.257678,108.434949,5.822729,0.949039
left,45,701,697,0,-1,0.962755,698.250000,685.000000,711.500000,26.500000,0.962458,105.454750,103.437412,107.472088,4.034676,0.988417,1.149554,1.142857,1.156250,0.013393,0.891825,0.790461,0.745262,0.835660,0.090398,1.000000,1.000000,1.000000,1.000000,0.000000,0.833333,5.500000,5.000000,6.000000,1.000000,24.169880,0.914721,1.260870,0.602540,0.199427,0.761626,20.124612,19.887641,0.752657,11.717335,0.443448,1.214826,0.045976,47.118388,110.915534,135.795724,86.035345,49.760378,0.633564
left,46,701,693,0,-1,0.569884,980.000000,711.500000,1248.500000,537.000000,0.760232,119.748842,103.437412,136.060272,32.622860,0.959441,1.180689,1.156250,1.205128,0.048878,0.986038,0.841576,0.835660,0.847492,0.011833,1.000000,1.000000,1.000000,1.000000,0.000000,1.000000,6.000000,6.000000,6.000000,0.000000,35.145142,1.133567,1.098361,0.552107,0.211480,0.456139,14.142136,27.403671,0.883874,17.493992,0.564249,6.179728,0.199320,83.168987,103.375722,111.326218,95.425226,15.900992,0.857168
left,47,701,689,0,-1,0.798093,801.500000,711.500000,891.500000,180.000000,0.904187,108.917828,103.437412,114.398244,10.960831,0.960961,1.133681,1.111111,1.156250,0.045139,0.976196,0.845848,0.835660,0.856037,0.020377,1.000000,1.000000,1.000000,1.000000,0.000000,0.857143,6.500000,6.000000,7.000000,1.000000,33.643221,1.190237,1.948718,0.547813,0.216469,0.461276,13.038405,26.325260,0.931341,16.821079,0.595100,2.926851,0.103547,83.117431,110.656503,118.072487,103.240520,14.831967,0.874383
left,48,700,697,0,-1,0.585220,927.750000,685.000000,1170.500000,485.500000,0.793356,121.468653,107.472088,135.465219,27.993131,0.960000,1.166667,1.142857,1.190476,0.047619,0.929787,0.773402,0.745262,0.801541,0.056279,1.000000,1.000000,1.000000,1.000000,0.000000,0.625000,6.500000,5.000000,8.000000,3.000000,32.020496,1.060543,1.157895,0.542442,0.270008,0.589698,17.804494,28.003477,0.927497,15.641255,0.518050,2.001196,0.066281,87.711812,122.440845,161.565051,83.316638,78.248413,0.515685
left,49,700,696,0,-1,0.745835,1021.750000,873.000000,1170.500000,297.500000,0.859445,125.945087,116.424956,135.465219,19.040263,0.884211,1.121554,1.052632,1.190476,0.137845,0.990361,0.805441,0.801541,0.809342,0.007801,1.000000,1.000000,1.000000,1.000000,0.000000,0.625000,6.500000,5.000000,8.000000,3.000000,32.653875,1.024288,1.277778,0.636245,0.172253,0.799731,25.495098,25.671254,0.805257,14.867780,0.466373,0.792206,0.024850,59.098194,132.707444,165.068583,100.346305,64.722278,0.607907
left,50,700,694,0,-1,0.754806,1027.000000,883.500000,1170.500000,287.000000,0.850171,125.316881,115.168544,135.465219,20.296675,0.884211,1.121554,1.052632,1.190476,0.137845,0.957584,0.819293,0.801541,0.837045,0.035504,1.000000,1.000000,1.000000,1.000000,0.000000,0.875000,7.500000,7.000000,8.000000,1.000000,42.211641,1.320428,1.028169,0.515674,0.141431,0.420845,13.453624,29.642351,0.927246,21.105581,0.660207,4.862238,0.152096,86.200463,91.683230,101.496563,81.869898,19.626665,0.806627
left,51,700,687,0,-1,0.868859,1093.750000,1017.000000,1170.500000,153.500000,0.921352,130.138158,124.811097,135.465219,10.654122,0.937183,1.230373,1.190476,1.270270,0.079794,0.977015,0.810969,0.801541,0.820398,0.018857,1.000000,1.000000,1.000000,1.000000,0.000000,0.750000,7.000000,6.000000,8.000000,2.000000,49.280587,1.491024,1.703704,0.453747,0.333943,0.213941,7.071068,34.751332,1.051430,23.125057,0.699667,3.855335,0.116646,56.639495,104.627069,108.111247,101.142890,6.968357,0.935545
left,52,699,698,0,-1,0.858909,1729.250000,1598.000000,1860.500000,262.500000,0.933305,158.048882,152.596505,163.501260,10.904755,0.942308,1.030612,1.000000,1.061224,0.061224,0.986053,0.868477,0.862378,0.874576,0.012198,1.000000,1.000000,1.000000,1.000000,0.000000,0.857143,6.500000,6.000000,7.000000,1.000000,41.096786,0.988991,1.660714,0.696344,0.091080,0.797417,33.136083,30.674412,0.738177,20.456515,0.492284,1.834205,0.044140,75.628647,127.455229,144.936390,109.974068,34.962322,0.758775
left,53,699,695,0,-1,0.424886,1325.500000,790.500000,1860.500000,1070.000000,0.690466,138.196696,112.892132,163.501260,50.609128,0.905923,1.116327,1.061224,1.171429,0.110204,0.891224,0.827009,0.779443,0.874576,0.095132,1.000000,1.000000,1.000000,1.000000,0.000000,0.714286,6.000000,5.000000,7.000000,2.000000,43.868476,1.231407,1.111111,0.524670,0.283101,0.342643,12.206556,34.182427,0.959516,20.783123,0.583391,12.437033,0.349113,77.712853,102.427428,108.434949,96.419908,12.015041,0.889196
left,54,699,691,0,-1,0.471110,1368.500000,876.500000,1860.500000,984.000000,0.728509,141.306691,119.112122,163.501260,44.389138,0.921590,1.106370,1.061224,1.151515,0.090291,0.887672,0.825456,0.776336,0.874576,0.098239,1.000000,1.000000,1.000000,1.000000,0.000000,0.714286,6.000000,5.000000,7.000000,2.000000,40.169227,1.104472,1.596154,0.595957,0.133175,0.582619,21.189620,32.042434,0.881022,20.083501,0.552205,9.973997,0.274240,88.928068,99.950861,100.619655,99.282066,1.337589,0.986706
left,55,699,688,0,-1,0.419242,1320.250000,780.000000,1860.500000,1080.500000,0.670510,136.565221,109.629183,163.501260,53.872077,0.734694,1.252834,1.061224,1.444444,0.383220,0.932513,0.845064,0.815553,0.874576,0.059023,1.000000,1.000000,1.000000,1.000000,0.000000,0.857143,6.500000,6.000000,7.000000,1.000000,42.558350,1.197781,1.543860,0.573328,0.199773,0.458158,16.278821,32.931798,0.926847,20.959980,0.589907,12.881117,0.362532,85.856257,109.269786,109.290046,109.249526,0.040520,0.999629
left,56,698,692,0,-1,0.561640,1247.750000,897.500000,1598.000000,700.500000,0.773970,135.350824,118.105142,152.596505,34.491363,0.744186,1.171875,1.000000,1.343750,0.343750,0.937582,0.835464,0.808550,0.862378,0.053828,1.000000,1.000000,1.000000,1.000000,0.000000,1.000000,6.000000,6.000000,6.000000,0.000000,39.855273,1.139808,1.106061,0.573044,0.174714,0.525780,18.384776,30.687405,0.877619,19.909972,0.569399,9.735906,0.278434,88.240453,102.204888,106.279673,98.130102,8.149571,0.923320
left,57,698,690,0,-1,0.432103,1144.250000,690.500000,1598.000000,907.500000,0.705291,130.110715,107.624926,152.596505,44.971579,0.911765,1.048387,1.000000,1.096774,0.096774,0.868661,0.805746,0.749114,0.862378,0.113264,1.000000,1.000000,1.000000,1.000000,0.000000,0.833333,5.500000,5.000000,6.000000,1.000000,33.991159,1.026112,1.617021,0.627681,0.134367,0.696935,23.086793,27.376389,0.826428,16.988310,0.512836,10.199677,0.307904,82.401191,111.831864,123.690068,99.973661,23.716407,0.808259
left,58,698,688,0,-1,0.488110,1189.000000,780.000000,1598.000000,818.000000,0.718425,131.112844,109.629183,152.596505,42.967323,0.692308,1.222222,1.000000,1.444444,0.444444,0.945703,0.838965,0.815553,0.862378,0.046825,1.000000,1.000000,1.000000,1.000000,0.000000,1.000000,6.000000,6.000000,6.000000,0.000000,41.104918,1.210687,1.253968,0.527291,0.262405,0.355889,12.083046,32.489839,0.956942,19.984378,0.588611,9.138079,0.269149,88.363843,102.657319,105.814084,99.500553,6.313531,0.940334
left,59,697,696,0,-1,0.784651,779.000000,685.000000,873.000000,188.000000,0.923102,111.948522,107.472088,116.424956,8.952868,0.921053,1.097744,1.052632,1.142857,0.090226,0.920825,0.777302,0.745262,0.809342,0.064080,1.000000,1.000000,1.000000,1.000000,0.000000,1.000000,5.000000,5.000000,5.000000,0.000000,22.361819,0.802663,1.000000,0.820511,0.027279,1.246004,34.713110,19.693659,0.706891,11.153407,0.400344,2.946310,0.105756,79.869112,166.353839,176.337057,156.370622,19.966434,0.886771
left,60,697,689,0,-1,0.768368,788.250000,685.000000,891.500000,206.500000,0.939456,110.935166,107.472088,114.398244,6.926156,0.972222,1.126984,1.111111,1.142857,0.031746,0.870596,0.800650,0.745262,0.856037,0.110775,1.000000,1.000000,1.000000,1.000000,0.000000,0.714286,6.000000,5.000000,7.000000,2.000000,35.124863,1.253776,1.272727,0.545161,0.162702,0.557571,15.620499,27.118097,0.967976,17.528234,0.625668,1.115419,0.039815,83.342426,116.451118,120.963757,111.938480,9.025276,0.925389
left,61,696,689,0,-1,0.979248,882.250000,873.000000,891.500000,18.500000,0.982592,115.411600,114.398244,116.424956,2.026712,0.947368,1.081871,1.052632,1.111111,0.058480,0.945452,0.832689,0.809342,0.856037,0.046695,1.000000,1.000000,1.000000,1.000000,0.000000,0.714286,6.000000,5.000000,7.000000,2.000000,38.474735,1.295346,1.285714,0.489034,0.384528,0.301131,8.944272,30.301732,1.020182,19.059588,0.641688,1.151553,0.038770,87.556198,109.436825,127.182753,91.690897,35.491856,0.720938
left,62,696,687,0,-1,0.858407,945.000000,873.000000,1017.000000,144.000000,0.932809,120.618026,116.424956,124.811097,8.386141,0.828667,1.161451,1.052632,1.270270,0.217639,0.986524,0.814870,0.809342,0.820398,0.011056,1.000000,1.000000,1.000000,1.000000,0.000000,0.833333,5.500000,5.000000,6.000000,1.000000,30.739711,1.000690,1.081967,0.609956,0.156878,0.714699,21.954498,24.433707,0.795407,15.293779,0.497869,1.192257,0.038812,70.879602,97.959213,109.098257,86.820170,22.278087,0.795798
left,63,696,684,0,-1,0.648829,1109.250000,873.000000,1345.500000,472.500000,0.816761,129.484800,116.424956,142.544645,26.119689,0.804954,1.180162,1.052632,1.307692,0.255061,0.972613,0.820736,0.809342,0.832131,0.022789,1.000000,1.000000,1.000000,1.000000,0.000000,0.833333,5.500000,5.000000,6.000000,1.000000,34.811400,1.051265,1.237288,0.642319,0.116295,0.764574,25.317978,27.836193,0.840622,16.838037,0.508490,5.751022,0.173674,69.416073,123.542678,139.923437,107.161919,32.761519,0.765861
left,64,695,691,0,-1,0.901882,833.500000,790.500000,876.500000,86.000000,0.947780,116.002127,112.892132,119.112122,6.219990,0.983001,1.161472,1.151515,1.171429,0.019913,0.996014,0.777890,0.776336,0.779443,0.003107,1.000000,1.000000,1.000000,1.000000,0.000000,1.000000,5.000000,5.000000,5.000000,0.000000,26.219998,0.908499,1.326087,0.707506,0.113377,1.038317,29.966648,22.032297,0.763399,13.088573,0.453507,0.102694,0.003558,81.903754,144.228860,164.298026,124.159695,40.138331,0.755698
left,65,695,686,0,-1,0.579758,1077.000000,790.500000,1363.500000,573.000000,0.803144,126.727419,112.892132,140.562707,27.670575,0.981707,1.160714,1.150000,1.171429,0.021429,0.898793,0.823327,0.779443,0.867211,0.087768,1.000000,1.000000,1.000000,1.000000,0.000000,0.714286,6.000000,5.000000,7.000000,2.000000,30.412946,0.935187,1.169811,0.784263,0.044568,1.040501,33.837849,24.639088,0.757643,15.193611,0.467198,5.976145,0.183764,83.551856,161.621871,168.953697,154.290046,14.663650,0.913209
left,66,694,687,0,-1,0.868732,950.250000,883.500000,1017.000000,133.500000,0.922743,119.989820,115.168544,124.811097,9.642553,0.828667,1.161451,1.052632,1.270270,0.217639,0.980112,0.828721,0.820398,0.837045,0.016647,1.000000,1.000000,1.000000,1.000000,0.000000,0.857143,6.500000,6.000000,7.000000,1.000000,27.526432,0.893510,1.092593,0.826578,0.028150,1.136102,35.000000,22.794302,0.739905,13.624771,0.442261,2.268350,0.073631,79.974764,173.106370,176.987212,169.225527,7.761686,0.956145
left,67,694,682,0,-1,0.701747,1071.250000,883.500000,1259.000000,375.500000,0.797473,129.792726,115.168544,144.416908,29.248364,0.877193,1.126316,1.052632,1.200000,0.147368,0.906256,0.797811,0.758577,0.837045,0.078468,1.000000,1.000000,1.000000,1.000000,0.000000,1.000000,7.000000,7.000000,7.000000,0.000000,36.846364,1.130151,1.653061,0.572899,0.226604,0.656409,21.400935,29.012265,0.889863,16.748429,0.513707,1.647743,0.050540,51.043283,124.431650,147.553367,101.309932,46.243434,0.686599
left,68,693,692,0,-1,0.718863,1073.000000,897.500000,1248.500000,351.000000,0.868035,127.082707,118.105142,136.060272,17.955130,0.896840,1.274439,1.205128,1.343750,0.138622,0.954050,0.828021,0.808550,0.847492,0.038943,1.000000,1.000000,1.000000,1.000000,0.000000,1.000000,6.000000,6.000000,6.000000,0.000000,27.706974,0.848704,1.230769,0.861885,0.025862,1.183579,38.639358,23.282423,0.713174,13.750655,0.421202,4.011414,0.122875,67.290214,166.408495,169.077195,163.739795,5.337400,0.968432
left,69,693,689,0,-1,0.714057,1070.000000,891.500000,1248.500000,357.000000,0.840791,125.229258,114.398244,136.060272,21.662028,0.921986,1.158120,1.111111,1.205128,0.094017,0.990018,0.851765,0.847492,0.856037,0.008545,1.000000,1.000000,1.000000,1.000000,0.000000,0.857143,6.500000,6.000000,7.000000,1.000000,31.936753,0.979773,1.214286,0.656612,0.142757,0.737563,24.041631,23.776425,0.729426,15.939135,0.488990,4.694242,0.144013,70.738170,117.006826,130.601295,103.412358,27.188937,0.791817
left,70,693,685,0,-1,0.584301,989.000000,729.500000,1248.500000,519.000000,0.805645,122.838306,109.616340,136.060272,26.443932,0.933974,1.247725,1.205128,1.290323,0.085194,0.900220,0.805211,0.762930,0.847492,0.084562,1.000000,1.000000,1.000000,1.000000,0.000000,1.000000,6.000000,6.000000,6.000000,0.000000,32.092021,1.029525,1.690476,0.662120,0.149899,0.832855,25.961510,25.771005,0.826744,15.040919,0.482519,8.888194,0.285137,65.007712,120.072729,134.017883,106.127576,27.890307,0.791891
left,71,692,690,0,-1,0.769359,794.000000,690.500000,897.500000,207.000000,0.911264,112.865034,107.624926,118.105142,10.480216,0.816204,1.220262,1.096774,1.343750,0.246976,0.926491,0.778832,0.749114,0.808550,0.059436,1.000000,1.000000,1.000000,1.000000,0.000000,0.833333,5.500000,5.000000,6.000000,1.000000,32.061848,1.140267,1.369565,0.524066,0.276134,0.544034,15.297059,26.443167,0.940441,16.027196,0.570001,1.610960,0.057293,70.648487,125.675608,130.030259,121.320958,8.709302,0.933021
left,72,692,685,0,-1,0.812813,813.500000,729.500000,897.500000,168.000000,0.928125,113.860741,109.616340,118.105142,8.488802,0.960240,1.317036,1.290323,1.343750,0.053427,0.943578,0.785740,0.762930,0.808550,0.045620,1.000000,1.000000,1.000000,1.000000,0.000000,1.000000,6.000000,6.000000,6.000000,0.000000,33.564529,1.178373,1.000000,0.484800,0.379533,0.392516,11.180340,28.458835,0.999124,16.293079,0.572013,6.458714,0.226751,74.826918,104.631259,124.467288,84.795229,39.672059,0.681265
left,73,692,681,0,-1,0.679667,1109.000000,897.500000,1320.500000,423.000000,0.829737,130.222809,118.105142,142.340477,24.235335,0.744186,1.171875,1.000000,1.343750,0.343750,0.987223,0.813782,0.808550,0.819014,0.010465,1.000000,1.000000,1.000000,1.000000,0.000000,1.000000,6.000000,6.000000,6.000000,0.000000,36.604513,1.104259,1.425926,0.594441,0.112940,0.662308,21.954498,28.590290,0.862491,18.302162,0.552126,6.473064,0.195275,85.409729,109.733437,112.166346,107.300527,4.865819,0.956620
left,74,691,688,0,-1,0.889903,828.250000,780.000000,876.500000,96.500000,0.920386,114.370652,109.629183,119.112122,9.482939,0.797203,1.297980,1.151515,1.444444,0.292929,0.951914,0.795945,0.776336,0.815553,0.039217,1.000000,1.000000,1.000000,1.000000,0.000000,0.833333,5.500000,5.000000,6.000000,1.000000,27.871391,0.968863,1.395349,0.623344,0.203139,0.799524,23.000000,24.100942,0.837795,13.906701,0.483424,2.580944,0.089719,89.925343,130.579229,150.090299,111.068159,39.022140,0.740009
left,75,691,686,0,-1,0.642831,1120.000000,876.500000,1363.500000,487.000000,0.847395,129.837414,119.112122,140.562707,21.450585,0.998684,1.150758,1.150000,1.151515,0.001515,0.895210,0.821774,0.776336,0.867211,0.090875,1.000000,1.000000,1.000000,1.000000,0.000000,0.714286,6.000000,5.000000,7.000000,2.000000,41.119509,1.236094,1.351852,0.498301,0.323884,0.330671,11.000000,34.247784,1.029523,20.185940,0.606810,6.394643,0.192229,69.649450,108.591319,135.632378,81.550259,54.082119,0.601260
left,76,691,683,0,-1,0.692885,1070.750000,876.500000,1265.000000,388.500000,0.857170,129.035902,119.112122,138.959683,19.847561,0.752914,1.340463,1.151515,1.529412,0.377897,0.943033,0.799785,0.776336,0.823233,0.046897,1.000000,1.000000,1.000000,1.000000,0.000000,0.833333,5.500000,5.000000,6.000000,1.000000,28.715766,0.881222,1.230769,0.744199,0.074014,1.042029,33.955854,22.907946,0.702993,14.019501,0.430227,3.027836,0.092917,66.515975,146.649732,147.994617,145.304846,2.689770,0.981825
left,77,690,688,0,-1,0.885256,735.250000,690.500000,780.000000,89.500000,0.981718,108.627054,107.624926,109.629183,2.004257,0.759305,1.270609,1.096774,1.444444,0.347670,0.918535,0.782333,0.749114,0.815553,0.066439,1.000000,1.000000,1.000000,1.000000,0.000000,0.833333,5.500000,5.000000,6.000000,1.000000,23.555539,0.869114,1.358974,0.787096,0.037062,1.181261,32.015621,19.098878,0.704680,11.582879,0.427366,0.348588,0.012862,62.368704,166.644432,172.763078,160.525786,12.237292,0.929167
left,78,690,681,0,-1,0.522908,1005.500000,690.500000,1320.500000,630.000000,0.756109,124.982701,107.624926,142.340477,34.715551,0.911765,1.048387,1.000000,1.096774,0.096774,0.914653,0.784064,0.749114,0.819014,0.069900,1.000000,1.000000,1.000000,1.000000,0.000000,0.833333,5.500000,5.000000,6.000000,1.000000,28.003734,0.894459,1.148148,0.632751,0.153655,0.800431,25.059928,24.733305,0.789999,14.000446,0.447184,7.723730,0.246701,72.664386,103.194326,131.378515,75.010138,56.368378,0.570947
left,79,690,679,0,-1,0.995655,689.000000,687.500000,690.500000,3.000000,0.958276,105.379654,103.134382,107.624926,4.490543,0.846083,1.196535,1.096774,1.296296,0.199522,0.922300,0.780669,0.749114,0.812224,0.063110,1.000000,1.000000,1.000000,1.000000,0.000000,0.833333,5.500000,5.000000,6.000000,1.000000,36.436756,1.388131,1.306122,0.498237,0.338171,0.463470,12.165525,26.863290,1.023410,15.389304,0.586286,0.638269,0.024316,53.721009,122.653769,124.138000,121.169538,2.968461,0.976087
left,80,689,685,0,-1,0.818284,810.500000,729.500000,891.500000,162.000000,0.958199,112.007292,109.616340,114.398244,4.781904,0.861111,1.200717,1.111111,1.290323,0.179211,0.891235,0.809483,0.762930,0.856037,0.093107,1.000000,1.000000,1.000000,1.000000,0.000000,0.857143,6.500000,6.000000,7.000000,1.000000,38.689318,1.360689,1.290909,0.492256,0.307218,0.362093,10.295630,30.117754,1.059230,19.307360,0.679033,0.310730,0.010928,84.065036,108.191917,122.569760,93.814075,28.755685,0.765393
left,81,689,684,0,-1,0.662579,1118.500000,891.500000,1345.500000,454.000000,0.802543,128.471444,114.398244,142.544645,28.146402,0.849673,1.209402,1.111111,1.307692,0.196581,0.972074,0.844084,0.832131,0.856037,0.023906,1.000000,1.000000,1.000000,1.000000,0.000000,0.857143,6.500000,6.000000,7.000000,1.000000,29.686410,0.892300,1.122807,0.752433,0.094770,0.956661,31.827661,22.786193,0.684897,14.780644,0.444270,4.305193,0.129403,81.268765,138.140644,150.625960,125.655328,24.970632,0.834221
left,82,689,680,0,-1,0.905777,849.500000,807.500000,891.500000,84.000000,0.953992,111.766615,109.134986,114.398244,5.263258,0.950000,1.083333,1.055556,1.111111,0.055556,0.995249,0.854004,0.851970,0.856037,0.004067,1.000000,1.000000,1.000000,1.000000,0.000000,0.857143,6.500000,6.000000,7.000000,1.000000,38.343039,1.315945,1.339623,0.521828,0.295762,0.364830,10.630146,29.219316,1.002816,18.155161,0.623091,1.348782,0.046291,70.361704,110.116166,114.286935,105.945396,8.341539,0.927012
left,83,688,683,0,-1,0.616601,1022.500000,780.000000,1265.000000,485.000000,0.788928,124.294433,109.629183,138.959683,29.330500,0.944444,1.486928,1.444444,1.529412,0.084967,0.990671,0.819393,0.815553,0.823233,0.007680,1.000000,1.000000,1.000000,1.000000,0.000000,1.000000,6.000000,6.000000,6.000000,0.000000,38.285811,1.205941,1.166667,0.545908,0.228362,0.498033,15.811388,30.732796,0.968033,18.853892,0.593867,8.606086,0.271078,79.980865,112.534901,121.442807,103.626995,17.815812,0.853299
left,84,688,679,0,-1,0.881410,733.750000,687.500000,780.000000,92.500000,0.940757,106.381782,103.134382,109.629183,6.494800,0.897436,1.370370,1.296296,1.444444,0.148148,0.995918,0.813888,0.812224,0.815553,0.003329,1.000000,1.000000,1.000000,1.000000,0.000000,1.000000,6.000000,6.000000,6.000000,0.000000,34.263523,1.265534,2.225806,0.500859,0.201704,0.385616,10.440307,26.682753,0.985536,17.026989,0.628897,3.575112,0.132048,80.299782,98.314334,130.561284,66.067384,64.493900,0.506026
left,85,687,684,0,-1,0.755853,1181.250000,1017.000000,1345.500000,328.500000,0.875593,133.677871,124.811097,142.544645,17.733548,0.971383,1.288981,1.270270,1.307692,0.037422,0.985900,0.826264,0.820398,0.832131,0.011733,1.000000,1.000000,1.000000,1.000000,0.000000,1.000000,6.000000,6.000000,6.000000,0.000000,41.370228,1.206630,1.440678,0.547649,0.218836,0.503494,17.262677,32.096072,0.936135,20.394753,0.594846,7.125301,0.207821,68.327769,118.356891,125.735476,110.978306,14.757170,0.882633
left,86,687,682,0,-1,0.807784,1138.000000,1017.000000,1259.000000,242.000000,0.864242,134.614002,124.811097,144.416908,19.605812,0.944681,1.235135,1.200000,1.270270,0.070270,0.924645,0.789487,0.758577,0.820398,0.061821,1.000000,1.000000,1.000000,1.000000,0.000000,0.857143,6.500000,6.000000,7.000000,1.000000,31.328323,0.929999,1.061538,0.600513,0.215510,0.756836,25.495098,26.424130,0.784415,15.444646,0.458483,0.459129,0.013630,71.532665,115.454980,141.445418,89.464541,51.980877,0.632502
left,87,687,677,0,-1,0.984035,1025.250000,1017.000000,1033.500000,16.500000,0.993610,125.212413,124.811097,125.613730,0.802633,0.864037,1.183916,1.097561,1.270270,0.172709,0.996732,0.821743,0.820398,0.823088,0.002690,1.000000,1.000000,1.000000,1.000000,0.000000,1.000000,6.000000,6.000000,6.000000,0.000000,37.104652,1.158823,1.438596,0.560718,0.167520,0.563028,18.027756,29.872222,0.932945,18.504467,0.577917,0.242881,0.007585,87.704472,110.495478,114.816509,106.174447,8.642062,0.924732
left,88,686,683,0,-1,0.927759,1314.250000,1265.000000,1363.500000,98.500000,0.988596,139.761195,138.959683,140.562707,1.603024,0.751923,1.339706,1.150000,1.529412,0.379412,0.949288,0.845222,0.823233,0.867211,0.043978,1.000000,1.000000,1.000000,1.000000,0.000000,0.857143,6.500000,6.000000,7.000000,1.000000,42.500531,1.172551,1.464286,0.565007,0.218756,0.520550,18.867962,33.396645,0.921383,20.896529,0.576516,0.883352,0.024371,77.392815,111.341469,146.309932,76.373005,69.936927,0.521995
left,89,686,675,0,-1,0.961905,1390.500000,1363.500000,1417.500000,54.000000,0.973459,142.478916,140.562707,144.395124,3.832417,0.993789,1.146429,1.142857,1.150000,0.007143,0.985152,0.860773,0.854334,0.867211,0.012877,1.000000,1.000000,1.000000,1.000000,0.000000,0.857143,6.500000,6.000000,7.000000,1.000000,37.929095,1.017203,1.770833,0.668523,0.101043,0.755217,28.160256,29.882328,0.801400,18.929839,0.507670,0.328738,0.008816,78.835301,128.545575,159.290962,97.800188,61.490775,0.613972
left,90,685,681,0,-1,0.552442,1025.000000,729.500000,1320.500000,591.000000,0.770100,125.978408,109.616340,142.340477,32.724137,0.775000,1.145161,1.000000,1.290323,0.290323,0.931522,0.790972,0.762930,0.819014,0.056084,1.000000,1.000000,1.000000,1.000000,0.000000,1.000000,6.000000,6.000000,6.000000,0.000000,42.784003,1.350762,1.826087,0.504903,0.272927,0.411644,13.038405,32.262030,1.018566,21.256673,0.671109,8.962990,0.282977,73.670515,126.112451,128.858536,123.366366,5.492170,0.957378
left,91,685,680,0,-1,0.903406,768.500000,729.500000,807.500000,78.000000,0.995609,109.375663,109.134986,109.616340,0.481354,0.818056,1.172939,1.055556,1.290323,0.234767,0.895489,0.807450,0.762930,0.851970,0.089040,1.000000,1.000000,1.000000,1.000000,0.000000,1.000000,6.000000,6.000000,6.000000,0.000000,23.281538,0.840097,1.148936,0.788336,0.063110,1.122679,31.112698,19.107494,0.689480,11.576673,0.417736,1.387454,0.050065,69.324290,147.062259,160.240529,133.883990,26.356540,0.835519
left,92,685,671,0,-1,0.417454,1238.500000,729.500000,1747.500000,1018.000000,0.675450,135.951408,109.616340,162.286477,52.670138,0.803704,1.163680,1.037037,1.290323,0.253286,0.915002,0.798365,0.762930,0.833801,0.070871,1.000000,1.000000,1.000000,1.000000,0.000000,1.000000,6.000000,6.000000,6.000000,0.000000,42.069596,1.222734,1.082192,0.559595,0.164514,0.523968,18.027756,31.627278,0.919232,20.397067,0.592831,13.501362,0.392411,72.386796,113.929385,117.302724,110.556045,6.746679,0.942485
left,93,684,680,0,-1,0.600149,1076.500000,807.500000,1345.500000,538.000000,0.765620,125.839815,109.134986,142.544645,33.409659,0.807190,1.181624,1.055556,1.307692,0.252137,0.976714,0.842051,0.832131,0.851970,0.019839,1.000000,1.000000,1.000000,1.000000,0.000000,1.000000,6.000000,6.000000,6.000000,0.000000,40.220538,1.235700,1.528302,0.581915,0.142824,0.553869,18.027756,31.283282,0.961119,20.060542,0.616322,9.961163,0.306038,80.361302,118.628234,142.169363,95.087105,47.082258,0.668830
left,94,684,677,0,-1,0.768116,1189.500000,1033.500000,1345.500000,312.000000,0.881224,134.079187,125.613730,142.544645,16.930915,0.839311,1.202627,1.097561,1.307692,0.210131,0.989132,0.827609,0.823088,0.832131,0.009043,1.000000,1.000000,1.000000,1.000000,0.000000,1.000000,6.000000,6.000000,6.000000,0.000000,31.426084,0.913162,1.177419,0.664401,0.158680,0.814127,28.017851,25.441367,0.739261,15.151616,0.440267,2.369228,0.068844,65.188786,115.949781,119.448015,112.451546,6.996468,0.941427
left,95,684,673,0,-1,0.984632,1356.000000,1345.500000,1366.500000,21.000000,0.973061,140.624653,138.704661,142.544645,3.839984,0.873950,1.225275,1.142857,1.307692,0.164835,0.932297,0.862346,0.832131,0.892560,0.060429,1.000000,1.000000,1.000000,1.000000,0.000000,1.000000,6.000000,6.000000,6.000000,0.000000,39.057099,1.060653,1.316667,0.606393,0.183997,0.599906,22.090722,30.571009,0.830201,18.240059,0.495336,0.920986,0.025011,62.903250,105.381772,113.585031,97.178514,16.406517,0.855557
left,96,683,679,0,-1,0.543478,976.250000,687.500000,1265.000000,577.500000,0.742189,121.047032,103.134382,138.959683,35.825300,0.847578,1.412854,1.296296,1.529412,0.233115,0.986627,0.817728,0.812224,0.823233,0.011009,1.000000,1.000000,1.000000,1.000000,0.000000,1.000000,6.000000,6.000000,6.000000,0.000000,34.075590,1.103001,1.720930,0.596573,0.183867,0.635955,19.646883,26.581010,0.860407,17.010459,0.550616,9.901138,0.320492,80.196178,117.007414,126.018919,107.995909,18.023010,0.856982
left,97,683,675,0,-1,0.892416,1341.250000,1265.000000,1417.500000,152.500000,0.962357,141.677404,138.959683,144.395124,5.435442,0.747253,1.336134,1.142857,1.529412,0.386555,0.963596,0.838784,0.823233,0.854334,0.031101,1.000000,1.000000,1.000000,1.000000,0.000000,1.000000,6.000000,6.000000,6.000000,0.000000,46.944133,1.282337,1.396825,0.530342,0.204660,0.426693,15.620499,35.458770,0.968600,21.855053,0.596998,1.005736,0.027473,66.538338,112.342239,115.889880,108.794599,7.095281,0.938776
left,98,683,672,0,-1,0.893046,1340.750000,1265.000000,1416.500000,151.500000,0.957284,142.060024,138.959683,145.160366,6.200683,0.843117,1.409443,1.289474,1.529412,0.239938,0.974524,0.833994,0.823233,0.844754,0.021521,1.000000,1.000000,1.000000,1.000000,0.000000,1.000000,6.000000,6.000000,6.000000,0.000000,31.226859,0.853155,1.250000,0.735760,0.094350,0.957802,35.057096,24.289901,0.663629,15.613314,0.426574,2.011346,0.054952,82.590962,120.124245,125.967030,114.281460,11.685570,0.907233
left,99,682,678,0,-1,0.969420,1239.750000,1220.500000,1259.000000,38.500000,0.974568,142.580524,140.744139,144.416908,3.672769,0.992308,1.204651,1.200000,1.209302,0.009302,0.979744,0.766419,0.758577,0.774260,0.015684,1.000000,1.000000,1.000000,1.000000,0.000000,0.857143,6.500000,6.000000,7.000000,1.000000,26.096455,0.741187,1.015152,0.821048,0.040129,1.283121,45.177428,21.249820,0.603533,13.047508,0.370573,0.210057,0.005966,43.924127,140.852592,149.194738,132.510447,16.684291,0.888171
left,100,682,677,0,-1,0.820890,1146.250000,1033.500000,1259.000000,225.500000,0.869799,135.015319,125.613730,144.416908,18.803179,0.914634,1.148780,1.097561,1.200000,0.102439,0.921623,0.790832,0.758577,0.823088,0.064511,1.000000,1.000000,1.000000,1.000000,0.000000,0.857143,6.500000,6.000000,7.000000,1.000000,44.812384,1.325213,1.268657,0.456677,0.313850,0.278986,9.433981,33.375799,0.987005,22.112858,0.653932,2.105469,0.062264,85.698057,99.589057,112.380135,86.797979,25.582156,0.772361
left,101,682,674,0,-1,0.603654,1009.500000,760.000000,1259.000000,499.000000,0.785704,128.942902,113.468896,144.416908,30.948012,0.876068,1.125641,1.051282,1.200000,0.148718,0.977846,0.750174,0.741771,0.758577,0.016806,1.000000,1.000000,1.000000,1.000000,0.000000,0.714286,6.000000,5.000000,7.000000,2.000000,41.224145,1.307655,1.227273,0.525753,0.116147,0.606021,19.104973,30.085545,0.954332,20.198990,0.640724,6.625193,0.210155,72.301445,115.689745,127.303948,104.075541,23.228407,0.817536
left,102,682,670,0,-1,0.617554,1018.250000,777.500000,1259.000000,481.500000,0.742969,125.857095,107.297282,144.416908,37.119626,0.856481,1.113889,1.027778,1.200000,0.172222,0.893854,0.803617,0.758577,0.848658,0.090081,1.000000,1.000000,1.000000,1.000000,0.000000,1.000000,7.000000,7.000000,7.000000,0.000000,44.669813,1.409897,2.022222,0.445355,0.403143,0.189376,6.000000,31.884431,1.006356,22.319500,0.704462,9.469924,0.298896,89.069642,104.803614,109.790080,99.817148,9.972932,0.909164
left,103,681,679,0,-1,0.520636,1004.000000,687.500000,1320.500000,633.000000,0.724561,122.737430,103.134382,142.340477,39.206094,0.771429,1.148148,1.000000,1.296296,0.296296,0.991709,0.815619,0.812224,0.819014,0.006791,1.000000,1.000000,1.000000,1.000000,0.000000,1.000000,6.000000,6.000000,6.000000,0.000000,31.252604,0.999142,1.468085,0.751957,0.052789,0.995696,31.144823,24.183441,0.773141,14.775899,0.472384,8.463801,0.270587,58.095244,157.807799,160.851863,154.763736,6.088126,0.962151
left,104,681,671,0,-1,0.755651,1534.000000,1320.500000,1747.500000,427.000000,0.877094,152.313477,142.340477,162.286477,19.946001,0.964286,1.018519,1.000000,1.037037,0.037037,0.982266,0.826408,0.819014,0.833801,0.014787,1.000000,1.000000,1.000000,1.000000,0.000000,1.000000,6.000000,6.000000,6.000000,0.000000,32.867185,0.841219,1.164179,0.763574,0.071219,1.022820,39.962482,25.158235,0.643912,16.409885,0.420003,4.303115,0.110136,69.324067,119.293771,124.748801,113.838740,10.910061,0.912544
left,105,681,668,0,-1,0.951912,1288.750000,1257.000000,1320.500000,63.500000,0.942274,138.232095,134.123714,142.340477,8.216763,0.847826,1.089744,1.000000,1.179487,0.179487,0.932733,0.848547,0.819014,0.878080,0.059066,1.000000,1.000000,1.000000,1.000000,0.000000,0.857143,6.500000,6.000000,7.000000,1.000000,46.669606,1.300118,1.171429,0.501634,0.273715,0.311461,11.180340,35.400669,0.986189,22.355382,0.622774,2.753211,0.076699,65.192631,103.858216,110.458957,97.257475,13.201482,0.880485
left,106,680,673,0,-1,0.590926,1087.000000,807.500000,1366.500000,559.000000,0.786816,123.919823,109.134986,138.704661,29.569675,0.923611,1.099206,1.055556,1.142857,0.087302,0.954524,0.872265,0.851970,0.892560,0.040590,1.000000,1.000000,1.000000,1.000000,0.000000,1.000000,6.000000,6.000000,6.000000,0.000000,34.017912,1.040578,1.078125,0.638786,0.178243,0.627636,20.518285,26.764766,0.818710,16.859036,0.515703,7.047595,0.215580,89.048315,118.579798,132.913990,104.245606,28.668384,0.784309
left,107,680,671,0,-1,0.462089,1277.500000,807.500000,1747.500000,940.000000,0.672484,135.710732,109.134986,162.286477,53.151492,0.982456,1.046296,1.037037,1.055556,0.018519,0.978674,0.842886,0.833801,0.851970,0.018169,1.000000,1.000000,1.000000,1.000000,0.000000,1.000000,6.000000,6.000000,6.000000,0.000000,46.125191,1.313740,1.242857,0.525181,0.240313,0.344150,12.083046,35.368218,1.007360,23.051147,0.656544,13.869908,0.395043,80.816638,111.650879,115.559965,107.741792,7.818173,0.932345
left,108,680,667,0,-1,0.483968,1238.000000,807.500000,1668.500000,861.000000,0.697386,132.813264,109.134986,156.491542,47.356556,0.984520,1.047386,1.039216,1.055556,0.016340,0.995108,0.854065,0.851970,0.856159,0.004189,1.000000,1.000000,1.000000,1.000000,0.000000,1.000000,6.000000,6.000000,6.000000,0.000000,41.816543,1.207457,1.473684,0.577575,0.195880,0.484035,16.763055,33.352879,0.963068,20.907543,0.603707,12.314826,0.355592,87.565930,113.962665,120.460228,107.465101,12.995128,0.892121
left,109,679,672,0,-1,0.485351,1052.000000,687.500000,1416.500000,729.000000,0.710486,124.147374,103.134382,145.160366,42.025983,0.994737,1.292885,1.289474,1.296296,0.006823,0.961491,0.828489,0.812224,0.844754,0.032531,1.000000,1.000000,1.000000,1.000000,0.000000,1.000000,6.000000,6.000000,6.000000,0.000000,39.823137,1.247267,1.080645,0.546923,0.221008,0.445143,14.212670,31.610782,0.990055,19.904321,0.623406,11.540521,0.361451,88.748615,119.204406,130.394762,108.014051,22.380711,0.828362
left,110,679,668,0,-1,0.546937,972.250000,687.500000,1257.000000,569.500000,0.768950,118.629048,103.134382,134.123714,30.989331,0.909890,1.237892,1.179487,1.296296,0.116809,0.925000,0.845152,0.812224,0.878080,0.065856,1.000000,1.000000,1.000000,1.000000,0.000000,0.857143,6.500000,6.000000,7.000000,1.000000,34.226720,1.109916,1.521739,0.574645,0.205708,0.503423,15.524175,26.778492,0.868382,17.099940,0.554523,6.443626,0.208956,79.981395,105.012277,115.247248,94.777306,20.469942,0.822382
left,111,678,676,0,-1,0.548136,944.750000,669.000000,1220.500000,551.500000,0.828309,128.661922,116.579705,140.744139,24.164434,0.814965,1.346587,1.209302,1.483871,0.274569,0.798920,0.696416,0.618572,0.774260,0.155689,1.000000,1.000000,1.000000,1.000000,0.000000,0.833333,5.500000,5.000000,6.000000,1.000000,22.729986,0.747688,1.035088,0.755131,0.044456,1.315775,40.000000,19.107242,0.628521,11.363208,0.373785,6.174526,0.203107,23.644687,147.730840,160.688143,134.773536,25.914608,0.838727
left,112,678,670,0,-1,0.637034,999.000000,777.500000,1220.500000,443.000000,0.762357,124.020711,107.297282,140.744139,33.446857,0.849893,1.118540,1.027778,1.209302,0.181525,0.912335,0.811459,0.774260,0.848658,0.074398,1.000000,1.000000,1.000000,1.000000,0.000000,0.857143,6.500000,6.000000,7.000000,1.000000,40.596303,1.292478,1.184615,0.540725,0.181431,0.518274,16.278821,29.314166,0.933285,19.981898,0.636170,10.332082,0.328946,76.943827,110.685390,117.699473,103.671307,14.028166,0.880814
left,113,677,674,0,-1,0.735365,896.750000,760.000000,1033.500000,273.500000,0.903316,119.541313,113.468896,125.613730,12.144833,0.957835,1.074422,1.051282,1.097561,0.046279,0.901205,0.782429,0.741771,0.823088,0.081317,1.000000,1.000000,1.000000,1.000000,0.000000,0.833333,5.500000,5.000000,6.000000,1.000000,23.711170,0.794129,1.054545,0.836777,0.022860,1.255382,37.483330,19.627308,0.657353,11.854319,0.397022,3.307389,0.110770,63.448557,167.252803,169.126480,165.379126,3.747354,0.977843
left,114,677,673,0,-1,0.756312,1200.000000,1033.500000,1366.500000,333.000000,0.905620,132.159195,125.613730,138.704661,13.090931,0.960366,1.120209,1.097561,1.142857,0.045296,0.922165,0.857824,0.823088,0.892560,0.069472,1.000000,1.000000,1.000000,1.000000,0.000000,1.000000,6.000000,6.000000,6.000000,0.000000,38.878451,1.125048,1.413793,0.641034,0.113750,0.686010,23.706539,31.126803,0.900734,19.436603,0.562448,4.085048,0.118211,85.604846,127.203092,150.369940,104.036243,46.333696,0.691869
left,115,677,665,0,-1,0.974081,1047.250000,1033.500000,1061.000000,27.500000,0.988597,124.897559,124.181389,125.613730,1.432341,0.911111,1.048780,1.000000,1.097561,0.097561,0.951993,0.843841,0.823088,0.864594,0.041506,1.000000,1.000000,1.000000,1.000000,0.000000,0.857143,6.500000,6.000000,7.000000,1.000000,40.934596,1.264954,1.519231,0.489400,0.335402,0.276394,8.944272,33.257628,1.027722,19.878010,0.614267,1.204384,0.037218,79.010060,99.509790,111.752730,87.266849,24.485881,0.780892
left,116,676,670,0,-1,0.860450,723.250000,669.000000,777.500000,108.500000,0.920377,111.938494,107.297282,116.579705,9.282423,0.692633,1.255824,1.027778,1.483871,0.456093,0.728882,0.733615,0.618572,0.848658,0.230086,1.000000,1.000000,1.000000,1.000000,0.000000,0.714286,6.000000,5.000000,7.000000,2.000000,40.395736,1.503133,1.612245,0.417552,0.434151,0.283384,7.615773,28.605543,1.064418,20.167214,0.750426,3.846708,0.143137,89.874494,101.230980,106.821410,95.640549,11.180860,0.895331
left,117,676,669,0,-1,0.823385,740.750000,669.000000,812.500000,143.500000,0.954404,119.364472,116.579705,122.149239,5.569534,0.938776,1.532258,1.483871,1.580645,0.096774,0.903937,0.651440,0.618572,0.684308,0.065736,1.000000,1.000000,1.000000,1.000000,0.000000,1.000000,5.000000,5.000000,5.000000,0.000000,17.269915,0.635280,1.061224,0.839869,0.010125,1.652479,44.922155,13.645978,0.501973,8.622222,0.317172,1.581819,0.058188,15.165906,165.151032,173.500654,156.801409,16.699244,0.903751
left,118,675,672,0,-1,0.999295,1417.000000,1416.500000,1417.500000,1.000000,0.994728,144.777745,144.395124,145.160366,0.765241,0.886297,1.216165,1.142857,1.289474,0.146617,0.988786,0.849544,0.844754,0.854334,0.009580,1.000000,1.000000,1.000000,1.000000,0.000000,1.000000,6.000000,6.000000,6.000000,0.000000,44.097179,1.171456,1.877551,0.559945,0.184898,0.496281,18.681542,34.585500,0.918775,21.996284,0.584338,0.630975,0.016762,75.717702,111.002780,136.923941,85.081619,51.842322,0.621379
left,119,675,664,0,-1,0.837390,1302.250000,1187.000000,1417.500000,230.500000,0.929595,139.312022,134.228920,144.395124,10.166204,0.968944,1.161172,1.142857,1.179487,0.036630,0.969037,0.841108,0.827882,0.854334,0.026452,1.000000,1.000000,1.000000,1.000000,0.000000,1.000000,6.000000,6.000000,6.000000,0.000000,33.727614,0.935545,1.604167,0.776918,0.046842,1.017658,36.687873,26.897983,0.746103,16.771284,0.465206,1.414057,0.039223,83.367746,158.472881,164.998682,151.947081,13.051600,0.920899
left,120,674,670,0,-1,0.977492,768.750000,760.000000,777.500000,17.500000,0.945610,110.383089,107.297282,113.468896,6.171614,0.977642,1.039530,1.027778,1.051282,0.023504,0.874051,0.795215,0.741771,0.848658,0.106887,1.000000,1.000000,1.000000,1.000000,0.000000,0.714286,6.000000,5.000000,7.000000,2.000000,24.975195,0.900790,1.156863,0.684840,0.106667,0.952206,26.400758,20.494004,0.739165,12.265065,0.442369,1.656296,0.059738,77.446754,118.125118,132.878904,103.371332,29.507572,0.777936
left,121,674,665,0,-1,0.716305,910.500000,760.000000,1061.000000,301.000000,0.913735,118.825143,113.468896,124.181389,10.712492,0.951220,1.025641,1.000000,1.051282,0.051282,0.857941,0.803182,0.741771,0.864594,0.122823,1.000000,1.000000,1.000000,1.000000,0.000000,0.714286,6.000000,5.000000,7.000000,2.000000,34.521737,1.148025,1.000000,0.600998,0.136463,0.707014,21.260292,26.875694,0.893755,17.204345,0.572133,2.253701,0.074947,88.996746,132.260185,157.166346,107.354025,49.812321,0.683060
left,122,674,662,0,-1,0.702403,921.000000,760.000000,1082.000000,322.000000,0.903623,119.519984,113.468896,125.571071,12.102174,0.979604,1.062226,1.051282,1.073171,0.021889,0.860225,0.802035,0.741771,0.862299,0.120528,1.000000,1.000000,1.000000,1.000000,0.000000,0.833333,5.500000,5.000000,6.000000,1.000000,37.317844,1.234426,1.755556,0.475647,0.344734,0.304971,9.219544,30.382758,1.005022,16.669687,0.551412,5.696299,0.188426,46.114879,96.672150,104.620874,88.723425,15.897449,0.848047
left,123,673,667,0,-1,0.818999,1517.500000,1366.500000,1668.500000,302.000000,0.886340,147.598101,138.704661,156.491542,17.786881,0.909314,1.091036,1.039216,1.142857,0.103641,0.959217,0.874359,0.856159,0.892560,0.036401,1.000000,1.000000,1.000000,1.000000,0.000000,1.000000,6.000000,6.000000,6.000000,0.000000,42.634841,1.095822,1.451613,0.639523,0.115651,0.655287,25.495098,32.422786,0.833346,21.317406,0.547910,3.531514,0.090769,80.134848,118.516317,119.620909,117.411725,2.209184,0.981532
left,124,673,665,0,-1,0.776436,1213.750000,1061.000000,1366.500000,305.500000,0.895294,131.443025,124.181389,138.704661,14.523272,0.875000,1.071429,1.000000,1.142857,0.142857,0.968668,0.878577,0.864594,0.892560,0.027966,1.000000,1.000000,1.000000,1.000000,0.000000,0.857143,6.500000,6.000000,7.000000,1.000000,35.549169,1.022421,1.142857,0.708019,0.114727,0.795483,27.658633,26.219494,0.754093,17.773071,0.511167,3.078104,0.088529,83.960888,139.087837,144.211027,133.964647,10.246380,0.928949
left,125,673,659,0,-1,0.733260,1184.250000,1002.000000,1366.500000,364.500000,0.906677,132.232496,125.760332,138.704661,12.944329,0.984375,1.133929,1.125000,1.142857,0.017857,0.891975,0.844351,0.796141,0.892560,0.096418,1.000000,1.000000,1.000000,1.000000,0.000000,1.000000,6.000000,6.000000,6.000000,0.000000,38.617277,1.125530,1.647059,0.582758,0.181127,0.560630,19.235384,31.628480,0.921836,19.278941,0.561900,4.233137,0.123378,87.285147,111.231184,118.055683,104.406685,13.648998,0.884385
left,126,672,668,0,-1,0.887399,1336.750000,1257.000000,1416.500000,159.500000,0.923969,139.642040,134.123714,145.160366,11.036652,0.914704,1.234480,1.179487,1.289474,0.109987,0.962047,0.861417,0.844754,0.878080,0.033326,1.000000,1.000000,1.000000,1.000000,0.000000,0.857143,6.500000,6.000000,7.000000,1.000000,40.022213,1.095140,1.847826,0.620089,0.128857,0.636454,23.259407,28.648143,0.783908,19.541130,0.534710,2.370547,0.064866,72.963487,97.315206,114.357990,80.272421,34.085568,0.701940
left,127,672,666,0,-1,0.527356,1081.750000,747.000000,1416.500000,669.500000,0.779914,129.186503,113.212641,145.160366,31.947725,0.848338,1.404737,1.289474,1.520000,0.230526,0.866982,0.788571,0.732387,0.844754,0.112367,1.000000,1.000000,1.000000,1.000000,0.000000,0.833333,5.500000,5.000000,6.000000,1.000000,27.938617,0.860077,1.163265,0.774552,0.061012,1.093176,35.510562,22.591414,0.695466,13.587531,0.418286,7.396073,0.227685,76.382990,156.272763,158.008870,154.536655,3.472215,0.978025
left,128,672,664,0,-1,0.837981,1301.750000,1187.000000,1416.500000,229.500000,0.924694,139.694643,134.228920,145.160366,10.931446,0.914704,1.234480,1.179487,1.289474,0.109987,0.980027,0.836318,0.827882,0.844754,0.016872,1.000000,1.000000,1.000000,1.000000,0.000000,1.000000,6.000000,6.000000,6.000000,0.000000,43.805544,1.215314,1.272727,0.556294,0.227962,0.511563,18.439089,34.319448,0.952137,20.445527,0.567228,4.107944,0.113968,67.018635,116.080600,122.971299,109.189901,13.781399,0.887930
left,129,671,668,0,-1,0.719313,1502.250000,1257.000000,1747.500000,490.500000,0.826463,148.205096,134.123714,162.286477,28.162764,0.879227,1.108262,1.037037,1.179487,0.142450,0.949573,0.855940,0.833801,0.878080,0.044279,1.000000,1.000000,1.000000,1.000000,0.000000,0.857143,6.500000,6.000000,7.000000,1.000000,43.827227,1.134578,1.586207,0.613487,0.144616,0.625600,24.166092,34.889741,0.903209,21.782786,0.563902,5.968702,0.154515,89.285031,122.091465,137.993724,106.189206,31.804518,0.769522
left,130,671,667,0,-1,0.954793,1708.000000,1668.500000,1747.500000,79.000000,0.964292,159.389010,156.491542,162.286477,5.794935,0.997904,1.038126,1.037037,1.039216,0.002179,0.973886,0.844980,0.833801,0.856159,0.022358,1.000000,1.000000,1.000000,1.000000,0.000000,1.000000,6.000000,6.000000,6.000000,0.000000,35.201218,0.851810,1.220588,0.823349,0.042155,1.094288,45.221676,27.243364,0.659243,17.596549,0.425807,0.705907,0.017082,84.885043,146.743838,161.689697,131.797979,29.891718,0.815129
left,131,671,661,0,-1,0.957654,1710.500000,1673.500000,1747.500000,74.000000,0.975770,160.320371,158.354264,162.286477,3.932213,0.760494,1.200337,1.037037,1.363636,0.326599,0.994229,0.836221,0.833801,0.838641,0.004840,1.000000,1.000000,1.000000,1.000000,0.000000,0.750000,7.000000,6.000000,8.000000,2.000000,46.088518,1.114440,1.191781,0.568499,0.243204,0.551928,22.825424,37.099792,0.897089,22.736004,0.549766,2.330147,0.056344,87.728840,106.290662,110.556045,102.025280,8.530766,0.922838
left,132,670,669,0,-1,0.956923,795.000000,777.500000,812.500000,35.000000,0.878411,114.723260,107.297282,122.149239,14.851957,0.650227,1.304211,1.027778,1.580645,0.552867,0.806341,0.766483,0.684308,0.848658,0.164350,1.000000,1.000000,1.000000,1.000000,0.000000,0.714286,6.000000,5.000000,7.000000,2.000000,42.144686,1.494809,2.297297,0.407445,0.455346,0.141874,4.000000,29.220357,1.036402,21.032767,0.746001,4.999266,0.177316,83.546470,98.843557,101.309932,96.377181,4.932752,0.951310
left,133,670,662,0,-1,0.718577,929.750000,777.500000,1082.000000,304.500000,0.854475,116.434176,107.297282,125.571071,18.273789,0.957702,1.050474,1.027778,1.073171,0.045393,0.984181,0.855479,0.848658,0.862299,0.013641,1.000000,1.000000,1.000000,1.000000,0.000000,0.857143,6.500000,6.000000,7.000000,1.000000,31.596656,1.039749,1.181818,0.733689,0.062651,0.895166,27.202941,25.774658,0.848165,15.794889,0.519761,4.579246,0.150689,86.060613,162.577133,167.905243,157.249024,10.656219,0.936534
left,134,670,660,0,-1,0.577852,1061.500000,777.500000,1345.500000,568.000000,0.768203,123.485206,107.297282,139.673131,32.375848,0.942130,1.059343,1.027778,1.090909,0.063131,0.979186,0.857678,0.848658,0.866698,0.018040,1.000000,1.000000,1.000000,1.000000,0.000000,0.857143,6.500000,6.000000,7.000000,1.000000,34.712172,1.075267,1.245614,0.620380,0.192652,0.613307,19.798990,25.121472,0.778179,16.702234,0.517379,6.068473,0.187981,65.844653,113.734209,123.690068,103.778350,19.911718,0.839019
left,135,669,660,0,-1,0.603865,1079.000000,812.500000,1345.500000,533.000000,0.874536,130.911185,122.149239,139.673131,17.523892,0.690167,1.335777,1.090909,1.580645,0.489736,0.789558,0.775503,0.684308,0.866698,0.182390,1.000000,1.000000,1.000000,1.000000,0.000000,0.833333,5.500000,5.000000,6.000000,1.000000,37.126234,1.139096,1.107692,0.607126,0.168443,0.774371,25.238859,29.243183,0.897230,18.342705,0.562785,7.082838,0.217313,76.073132,133.377604,135.000000,131.755209,3.244791,0.975965
left,136,669,658,0,-1,0.405237,1408.750000,812.500000,2005.000000,1192.500000,0.721687,145.702206,122.149239,169.255174,47.105935,0.656527,1.309191,1.037736,1.580645,0.542909,0.778057,0.781909,0.684308,0.879509,0.195201,1.000000,1.000000,1.000000,1.000000,0.000000,0.625000,6.500000,5.000000,8.000000,3.000000,31.509763,0.859964,1.000000,0.693866,0.144632,0.893994,32.756679,27.396137,0.747695,15.743089,0.429660,11.147158,0.304228,46.886296,119.245969,125.293348,113.198591,12.094757,0.903468
left,137,668,666,0,-1,0.594272,1002.000000,747.000000,1257.000000,510.000000,0.844091,123.668177,113.212641,134.123714,20.911073,0.775978,1.349744,1.179487,1.520000,0.340513,0.834078,0.805233,0.732387,0.878080,0.145693,1.000000,1.000000,1.000000,1.000000,0.000000,0.714286,6.000000,5.000000,7.000000,2.000000,44.945175,1.431706,1.680000,0.462533,0.314621,0.222981,7.000000,34.274317,1.091791,21.285478,0.678038,7.593147,0.241876,61.705114,107.497688,125.190924,89.804452,35.386472,0.717340
left,138,668,663,0,-1,0.514320,951.750000,646.500000,1257.000000,610.500000,0.751939,117.488264,100.852814,134.123714,33.270900,0.943590,1.214744,1.179487,1.250000,0.070513,0.909637,0.838407,0.798734,0.878080,0.079345,1.000000,1.000000,1.000000,1.000000,0.000000,0.714286,6.000000,5.000000,7.000000,2.000000,28.417199,0.933539,1.200000,0.814071,0.042816,1.044028,31.780497,24.711026,0.811787,13.984835,0.459419,7.452169,0.244813,77.898888,166.108037,167.471192,164.744881,2.726311,0.983721
left,139,668,661,0,-1,0.751120,1465.250000,1257.000000,1673.500000,416.500000,0.846985,146.238989,134.123714,158.354264,24.230550,0.864957,1.271562,1.179487,1.363636,0.184149,0.955085,0.858360,0.838641,0.878080,0.039439,1.000000,1.000000,1.000000,1.000000,0.000000,0.875000,7.500000,7.000000,8.000000,1.000000,39.743961,1.040927,1.161765,0.588969,0.183245,0.555591,21.213203,32.334680,0.846872,19.833833,0.519464,3.256520,0.085291,85.617660,108.117111,143.254749,72.979474,70.275274,0.509438
left,140,667,661,0,-1,0.997012,1671.000000,1668.500000,1673.500000,5.000000,0.988237,157.422903,156.491542,158.354264,1.862722,0.762092,1.201426,1.039216,1.363636,0.324421,0.979539,0.847400,0.838641,0.856159,0.017518,1.000000,1.000000,1.000000,1.000000,0.000000,0.750000,7.000000,6.000000,8.000000,2.000000,50.540527,1.236379,1.428571,0.548781,0.212448,0.467367,19.104973,38.679827,0.946229,24.448133,0.598078,2.118901,0.051835,81.311192,115.124389,133.963755,96.285023,37.678732,0.718739
left,141,667,659,0,-1,0.600539,1335.250000,1002.000000,1668.500000,666.500000,0.803624,141.125937,125.760332,156.491542,30.731210,0.923747,1.082108,1.039216,1.125000,0.085784,0.929899,0.826150,0.796141,0.856159,0.060017,1.000000,1.000000,1.000000,1.000000,0.000000,1.000000,6.000000,6.000000,6.000000,0.000000,35.940744,0.991446,1.082192,0.607409,0.208013,0.651043,23.600847,29.123426,0.803386,17.929100,0.494585,7.110207,0.196139,74.057825,116.716202,124.532592,108.899813,15.632779,0.874468
left,142,667,655,0,-1,0.848966,1542.500000,1416.500000,1668.500000,252.000000,0.927647,150.830210,145.168878,156.491542,11.322664,0.982311,1.030025,1.020833,1.039216,0.018382,0.986564,0.850407,0.844655,0.856159,0.011504,1.000000,1.000000,1.000000,1.000000,0.000000,1.000000,6.000000,6.000000,6.000000,0.000000,40.810023,1.039962,1.792453,0.625024,0.144571,0.670353,26.305893,32.511751,0.828497,19.854624,0.505955,2.554824,0.065105,67.866399,108.936588,115.969673,101.903503,14.066169,0.878708
left,143,666,664,0,-1,0.629318,967.000000,747.000000,1187.000000,440.000000,0.843430,123.720781,113.212641,134.228920,21.016279,0.775978,1.349744,1.179487,1.520000,0.340513,0.884652,0.780134,0.732387,0.827882,0.095495,1.000000,1.000000,1.000000,1.000000,0.000000,0.833333,5.500000,5.000000,6.000000,1.000000,34.900569,1.129758,1.608696,0.546170,0.261634,0.590711,18.248288,30.634974,0.991677,17.419173,0.563872,3.354255,0.108580,77.046349,121.030970,149.260712,92.801229,56.459482,0.621739
left,144,666,663,0,-1,0.865462,696.750000,646.500000,747.000000,100.500000,0.890826,107.032727,100.852814,113.212641,12.359827,0.822368,1.385000,1.250000,1.520000,0.270000,0.916934,0.765561,0.732387,0.798734,0.066347,1.000000,1.000000,1.000000,1.000000,0.000000,1.000000,5.000000,5.000000,5.000000,0.000000,30.620818,1.160810,1.971429,0.557766,0.172587,0.699011,18.439089,23.928679,0.907117,15.306534,0.580258,1.925546,0.072996,89.160815,119.704520,136.684684,102.724356,33.960329,0.751543
left,145,665,662,0,-1,0.980591,1071.500000,1061.000000,1082.000000,21.000000,0.988933,124.876230,124.181389,125.571071,1.389682,0.931818,1.036585,1.000000,1.073171,0.073171,0.997346,0.863447,0.862299,0.864594,0.002295,1.000000,1.000000,1.000000,1.000000,0.000000,0.857143,6.500000,6.000000,7.000000,1.000000,31.847858,0.972947,1.267857,0.700382,0.087727,0.819739,26.832816,24.065847,0.735208,15.909352,0.486028,0.548739,0.016764,81.432450,117.593857,136.974934,98.212780,38.762154,0.717013
left,146,665,659,0,-1,0.944392,1031.500000,1002.000000,1061.000000,59.000000,0.987445,124.970860,124.181389,125.760332,1.578943,0.888889,1.062500,1.000000,1.125000,0.125000,0.920827,0.830368,0.796141,0.864594,0.068453,1.000000,1.000000,1.000000,1.000000,0.000000,0.857143,6.500000,6.000000,7.000000,1.000000,38.453066,1.197404,1.190476,0.509690,0.325497,0.380104,12.206556,30.439831,0.947877,18.813540,0.585842,1.334803,0.041565,86.542557,103.558477,121.628668,85.488285,36.140383,0.702863
left,147,665,657,0,-1,0.652686,876.750000,692.500000,1061.000000,368.500000,0.928358,119.733064,115.284740,124.181389,8.896649,0.840909,1.094595,1.000000,1.189189,0.189189,0.757310,0.759680,0.654766,0.864594,0.209828,1.000000,1.000000,1.000000,1.000000,0.000000,0.714286,6.000000,5.000000,7.000000,2.000000,37.403340,1.270313,1.250000,0.514706,0.218135,0.552870,16.278821,28.910506,0.981875,18.500788,0.628334,1.714001,0.058212,74.810008,116.273463,125.537678,107.009247,18.528430,0.852407
left,148,665,650,0,-1,0.613118,1395.750000,1061.000000,1730.500000,669.500000,0.787130,140.973064,124.181389,157.764739,33.583350,0.745455,1.170732,1.000000,1.341463,0.341463,0.989579,0.869146,0.864594,0.873698,0.009104,1.000000,1.000000,1.000000,1.000000,0.000000,1.000000,7.000000,7.000000,7.000000,0.000000,48.029165,1.295071,2.155556,0.519136,0.214759,0.296607,11.000000,34.788802,0.938054,23.903781,0.644548,9.687802,0.261224,81.305432,101.716392,106.460015,96.972769,9.487246,0.910884
left,149,663,661,0,-1,0.386316,1160.000000,646.500000,1673.500000,1027.000000,0.636881,129.603539,100.852814,158.354264,57.501450,0.916667,1.306818,1.250000,1.363636,0.113636,0.952415,0.818688,0.798734,0.838641,0.039907,1.000000,1.000000,1.000000,1.000000,0.000000,0.625000,6.500000,5.000000,8.000000,3.000000,37.543746,1.131947,1.886364,0.655871,0.142672,0.729233,24.186773,29.265913,0.882370,17.119278,0.516148,11.420614,0.344333,66.318762,140.062703,157.849762,122.275644,35.574118,0.774633
left,150,663,656,0,-1,0.843995,706.250000,646.500000,766.000000,119.500000,0.914704,105.555067,100.852814,110.257320,9.404506,0.917647,1.198529,1.147059,1.250000,0.102941,0.991337,0.795275,0.791815,0.798734,0.006919,1.000000,1.000000,1.000000,1.000000,0.000000,1.000000,5.000000,5.000000,5.000000,0.000000,27.057388,1.019052,1.538462,0.542734,0.211681,0.569939,15.132746,21.507981,0.810047,13.162802,0.495745,1.305427,0.049166,59.823911,96.497308,102.994617,90.000000,12.994617,0.873832
left,151,662,660,0,-1,0.804162,1213.750000,1082.000000,1345.500000,263.500000,0.899035,132.622101,125.571071,139.673131,14.102060,0.983740,1.082040,1.073171,1.090909,0.017738,0.994924,0.864499,0.862299,0.866698,0.004399,1.000000,1.000000,1.000000,1.000000,0.000000,1.000000,6.000000,6.000000,6.000000,0.000000,35.264293,1.013708,1.520000,0.643626,0.180021,0.683285,23.769729,28.446683,0.817729,17.019413,0.489241,2.537746,0.072950,82.848280,115.989890,133.007154,98.972627,34.034527,0.744115
left,152,662,653,0,-1,0.940052,1116.500000,1082.000000,1151.000000,69.000000,0.959516,128.220150,125.571071,130.869229,5.298158,0.992683,1.077126,1.073171,1.081081,0.007910,0.979382,0.853410,0.844520,0.862299,0.017779,1.000000,1.000000,1.000000,1.000000,0.000000,1.000000,6.000000,6.000000,6.000000,0.000000,36.697404,1.098393,1.363636,0.577744,0.224810,0.539590,18.027756,30.974019,0.927086,18.336259,0.548824,0.978687,0.029293,81.531824,114.164427,133.025066,95.303788,37.721278,0.716435
left,153,662,650,0,-1,0.625253,1406.250000,1082.000000,1730.500000,648.500000,0.795939,141.667905,125.571071,157.764739,32.193668,0.800000,1.207317,1.073171,1.341463,0.268293,0.986953,0.867999,0.862299,0.873698,0.011399,1.000000,1.000000,1.000000,1.000000,0.000000,0.857143,6.500000,6.000000,7.000000,1.000000,42.533494,1.141945,1.268657,0.602002,0.136000,0.550878,20.518285,30.846498,0.828171,21.063919,0.565527,6.883024,0.184796,67.778314,113.002543,116.565051,109.440035,7.125016,0.938875
left,154,661,656,0,-1,0.457723,1219.750000,766.000000,1673.500000,907.500000,0.696270,134.305792,110.257320,158.354264,48.096944,0.841176,1.255348,1.147059,1.363636,0.216578,0.944165,0.815228,0.791815,0.838641,0.046826,1.000000,1.000000,1.000000,1.000000,0.000000,0.625000,6.500000,5.000000,8.000000,3.000000,41.762228,1.217821,1.250000,0.548723,0.252306,0.470204,16.124515,31.235823,0.910863,18.955893,0.552770,12.250093,0.357223,61.631176,112.385051,112.619865,112.150238,0.469627,0.995830
left,155,661,655,0,-1,0.846430,1545.000000,1416.500000,1673.500000,257.000000,0.916735,151.761571,145.168878,158.354264,13.185386,0.748611,1.192235,1.020833,1.363636,0.342803,0.992880,0.841648,0.838641,0.844655,0.006014,1.000000,1.000000,1.000000,1.000000,0.000000,0.750000,7.000000,6.000000,8.000000,2.000000,44.591270,1.135435,1.405797,0.566080,0.240453,0.529854,20.808652,33.219974,0.845885,21.720486,0.553072,4.183675,0.106530,75.852469,117.200829,124.132741,110.268916,13.863825,0.888315
left,156,661,651,0,-1,0.400956,1172.250000,671.000000,1673.500000,1002.500000,0.671947,132.379953,106.405641,158.354264,51.948622,0.825000,1.244318,1.125000,1.363636,0.238636,0.888029,0.791689,0.744737,0.838641,0.093904,1.000000,1.000000,1.000000,1.000000,0.000000,0.500000,6.000000,4.000000,8.000000,4.000000,33.900469,1.014800,1.300000,0.605528,0.237577,0.661279,22.090722,28.145647,0.842531,16.365385,0.489893,8.625089,0.258189,76.233980,114.379548,119.319062,109.440035,9.879027,0.917205
left,157,661,644,0,-1,0.864954,1560.500000,1447.500000,1673.500000,226.000000,0.956664,154.923075,151.491886,158.354264,6.862378,0.974026,1.381818,1.363636,1.400000,0.036364,0.945091,0.815616,0.792592,0.838641,0.046049,0.998620,0.999310,0.998620,1.000000,0.001380,0.875000,7.500000,7.000000,8.000000,1.000000,49.362031,1.250392,1.612903,0.479997,0.272028,0.303973,12.000000,36.381095,0.921572,24.092273,0.610283,3.697586,0.093664,71.232117,86.439705,97.125016,75.754394,21.370622,0.779968
left,158,660,658,0,-1,0.671072,1675.250000,1345.500000,2005.000000,659.500000,0.825222,154.464152,139.673131,169.255174,29.582043,0.951258,1.064322,1.037736,1.090909,0.053173,0.985434,0.873104,0.866698,0.879509,0.012811,1.000000,1.000000,1.000000,1.000000,0.000000,0.750000,7.000000,6.000000,8.000000,2.000000,42.491850,1.043279,1.672727,0.652555,0.151619,0.674187,27.459060,35.120206,0.862287,20.785804,0.510342,6.762338,0.166032,70.846509,115.590232,116.134264,115.046201,1.088063,0.990631
left,159,660,653,0,-1,0.855444,1248.250000,1151.000000,1345.500000,194.500000,0.936968,135.271180,130.869229,139.673131,8.803902,0.990991,1.085995,1.081081,1.090909,0.009828,0.974411,0.855609,0.844520,0.866698,0.022178,1.000000,1.000000,1.000000,1.000000,0.000000,1.000000,6.000000,6.000000,6.000000,0.000000,36.733101,1.040488,1.196721,0.656162,0.133186,0.734830,25.942244,27.206608,0.770644,18.174218,0.514796,3.473777,0.098397,88.912874,126.724269,131.689058,121.759480,9.929578,0.924598
left,160,660,652,0,-1,0.587886,1068.250000,791.000000,1345.500000,554.500000,0.787460,124.830076,109.987022,139.673131,29.686108,0.997549,1.089572,1.088235,1.090909,0.002674,0.948060,0.844190,0.821681,0.866698,0.045017,1.000000,1.000000,1.000000,1.000000,0.000000,1.000000,6.000000,6.000000,6.000000,0.000000,36.680219,1.132005,1.293103,0.582265,0.191903,0.538972,17.464249,29.507527,0.910645,18.326996,0.565598,6.930289,0.213879,82.547314,114.583795,119.744881,109.422709,10.322172,0.913799
left,161,659,657,0,-1,0.691118,847.250000,692.500000,1002.000000,309.500000,0.916702,120.522536,115.284740,125.760332,10.475592,0.946023,1.157095,1.125000,1.189189,0.064189,0.822424,0.725454,0.654766,0.796141,0.141376,1.000000,1.000000,1.000000,1.000000,0.000000,0.833333,5.500000,5.000000,6.000000,1.000000,21.556232,0.743706,1.096154,0.833563,0.012688,1.401002,40.607881,17.705915,0.610867,10.616949,0.366293,4.178495,0.144161,42.942215,173.178352,178.854237,167.502467,11.351770,0.936531
left,162,659,655,0,-1,0.707377,1209.250000,1002.000000,1416.500000,414.500000,0.866304,135.464605,125.760332,145.168878,19.408547,0.907407,1.072917,1.020833,1.125000,0.104167,0.942564,0.820398,0.796141,0.844655,0.048514,1.000000,1.000000,1.000000,1.000000,0.000000,1.000000,6.000000,6.000000,6.000000,0.000000,39.801166,1.148815,1.164179,0.608329,0.145958,0.684262,23.706539,32.594097,0.940791,19.830074,0.572372,6.425477,0.185464,76.462742,111.817161,135.130514,88.503809,46.626705,0.654951
left,163,659,647,0,-1,0.766641,1154.500000,1002.000000,1307.000000,305.000000,0.895315,133.112589,125.760332,140.464846,14.704515,0.908213,1.073370,1.021739,1.125000,0.103261,0.956401,0.814288,0.796141,0.832435,0.036293,0.999235,0.999618,0.999235,1.000000,0.000765,0.857143,6.500000,6.000000,7.000000,1.000000,49.352309,1.455674,1.426230,0.451810,0.370940,0.188864,6.403124,36.215850,1.068206,23.126497,0.682129,4.021548,0.118618,55.997817,102.352860,102.510024,102.195696,0.314328,0.996934
left,164,658,654,0,-1,0.427182,1430.750000,856.500000,2005.000000,1148.500000,0.688202,142.868472,116.481770,169.255174,52.773404,0.835251,1.140080,1.037736,1.242424,0.204688,0.901947,0.836390,0.793271,0.879509,0.086239,1.000000,1.000000,1.000000,1.000000,0.000000,0.625000,6.500000,5.000000,8.000000,3.000000,32.881185,0.888162,1.388889,0.793060,0.085794,0.983224,36.400549,27.953728,0.755065,16.241920,0.438714,11.132091,0.300692,49.833714,146.222289,146.935603,145.508975,1.426628,0.990291
left,165,658,652,0,-1,0.394514,1398.000000,791.000000,2005.000000,1214.000000,0.649830,139.621098,109.987022,169.255174,59.268152,0.953595,1.062986,1.037736,1.088235,0.050499,0.934250,0.850595,0.821681,0.879509,0.057828,1.000000,1.000000,1.000000,1.000000,0.000000,0.750000,7.000000,6.000000,8.000000,2.000000,43.198928,1.185124,1.098592,0.584473,0.206545,0.467186,17.029386,37.647331,1.032821,21.580976,0.592055,17.907444,0.491275,86.572446,109.173056,124.120855,94.225258,29.895597,0.759141
left,166,657,650,0,-1,0.400173,1211.500000,692.500000,1730.500000,1038.000000,0.730738,136.524739,115.284740,157.764739,42.479999,0.886486,1.265326,1.189189,1.341463,0.152274,0.749419,0.764232,0.654766,0.873698,0.218933,1.000000,1.000000,1.000000,1.000000,0.000000,0.714286,6.000000,5.000000,7.000000,2.000000,30.624757,0.901860,1.047619,0.620967,0.133925,0.759982,25.806976,27.907467,0.821839,15.301245,0.450602,13.148777,0.387215,67.392979,99.439547,137.489553,61.389540,76.100013,0.446503
left,167,657,648,0,-1,0.837545,636.250000,580.000000,692.500000,112.500000,0.868084,107.680761,100.076783,115.284740,15.207956,0.835646,1.306133,1.189189,1.423077,0.233888,0.899735,0.691249,0.654766,0.727732,0.072966,1.000000,1.000000,1.000000,1.000000,0.000000,1.000000,5.000000,5.000000,5.000000,0.000000,31.871674,1.264785,1.864865,0.485842,0.380354,0.673454,16.970563,25.263847,1.002562,11.885103,0.471644,0.776197,0.030802,35.321597,128.478639,128.884496,128.072782,0.811715,0.993702
left,168,657,647,0,-1,0.529839,999.750000,692.500000,1307.000000,614.500000,0.820737,127.874793,115.284740,140.464846,25.180107,0.859190,1.105464,1.021739,1.189189,0.167450,0.786567,0.743600,0.654766,0.832435,0.177669,0.999235,0.999618,0.999235,1.000000,0.000765,0.714286,6.000000,5.000000,7.000000,2.000000,42.912161,1.373896,1.013699,0.498500,0.167542,0.500113,15.620499,31.030338,0.993482,21.326935,0.682813,7.337163,0.234910,78.368382,111.484237,146.309932,76.658541,69.651392,0.523946
left,169,656,649,0,-1,0.965343,779.750000,766.000000,793.500000,27.500000,0.992328,110.683532,110.257320,111.109744,0.852424,0.917647,1.198529,1.147059,1.250000,0.102941,0.980328,0.799760,0.791815,0.807704,0.015889,1.000000,1.000000,1.000000,1.000000,0.000000,0.833333,5.500000,5.000000,6.000000,1.000000,22.737356,0.814290,1.041667,0.836043,0.019878,1.222369,34.132096,20.230225,0.724503,11.358858,0.406793,0.190920,0.006837,87.969326,168.482168,179.421274,157.543061,21.878213,0.878062
left,170,656,644,0,-1,0.529188,1106.750000,766.000000,1447.500000,681.500000,0.727810,130.874603,110.257320,151.491886,41.234566,0.819328,1.273529,1.147059,1.400000,0.252941,0.999020,0.792204,0.791815,0.792592,0.000777,0.998620,0.999310,0.998620,1.000000,0.001380,0.714286,6.000000,5.000000,7.000000,2.000000,32.922189,1.001851,1.047619,0.632250,0.194940,0.791203,26.000000,25.493205,0.775780,14.885363,0.452975,4.221884,0.128476,49.892728,124.441987,150.255119,98.628856,51.626263,0.656409
left,171,655,651,0,-1,0.473703,1043.750000,671.000000,1416.500000,745.500000,0.732978,125.787260,106.405641,145.168878,38.763237,0.907407,1.072917,1.020833,1.125000,0.104167,0.881706,0.794696,0.744737,0.844655,0.099918,1.000000,1.000000,1.000000,1.000000,0.000000,0.666667,5.000000,4.000000,6.000000,2.000000,33.113017,1.042272,1.245614,0.623868,0.137725,0.732118,23.259407,27.462612,0.864418,16.551512,0.520979,10.320074,0.324837,75.619843,116.470415,130.412022,102.528808,27.883214,0.786191
left,172,655,647,0,-1,0.922697,1361.750000,1307.000000,1416.500000,109.500000,0.967596,142.816862,140.464846,145.168878,4.704032,0.999113,1.021286,1.020833,1.021739,0.000906,0.985532,0.838545,0.832435,0.844655,0.012220,0.999235,0.999618,0.999235,1.000000,0.000765,0.857143,6.500000,6.000000,7.000000,1.000000,31.407894,0.851291,1.079365,0.839618,0.034698,1.134828,41.868843,24.143630,0.654398,15.653547,0.424279,1.185294,0.032127,84.983964,163.076256,168.986167,157.166346,11.819821,0.930055
left,173,655,641,0,-1,0.901655,1493.750000,1416.500000,1571.000000,154.500000,0.926491,150.927860,145.168878,156.686841,11.517963,0.820312,1.132639,1.020833,1.244444,0.223611,0.952010,0.824388,0.804120,0.844655,0.040535,1.000000,1.000000,1.000000,1.000000,0.000000,0.857143,6.500000,6.000000,7.000000,1.000000,52.228397,1.351802,1.115385,0.467377,0.332385,0.238625,9.219544,38.396347,0.993794,25.175747,0.651612,1.924842,0.049820,75.128792,102.498751,103.590948,101.406553,2.184396,0.978913
left,174,654,652,0,-1,0.923526,823.750000,791.000000,856.500000,65.500000,0.944242,113.234396,109.987022,116.481770,6.494748,0.875897,1.165330,1.088235,1.242424,0.154189,0.965423,0.807476,0.793271,0.821681,0.028411,1.000000,1.000000,1.000000,1.000000,0.000000,0.833333,5.500000,5.000000,6.000000,1.000000,33.413398,1.164418,2.000000,0.606828,0.173293,0.727665,20.880613,26.976273,0.940091,16.254064,0.566435,3.002798,0.104644,78.796008,146.523172,174.207204,118.839140,55.368064,0.682171
left,175,654,643,0,-1,0.862972,924.500000,856.500000,992.500000,136.000000,0.928340,120.977443,116.481770,125.473116,8.991346,0.972332,1.260101,1.242424,1.277778,0.035354,0.998660,0.792739,0.792208,0.793271,0.001063,1.000000,1.000000,1.000000,1.000000,0.000000,0.714286,6.000000,5.000000,7.000000,2.000000,29.609971,0.974493,1.203704,0.621893,0.149270,0.800759,24.331050,21.112600,0.694836,12.719871,0.418623,0.800315,0.026339,37.536657,104.759816,120.963757,88.555874,32.407882,0.732086
left,176,653,652,0,-1,0.687228,971.000000,791.000000,1151.000000,360.000000,0.840435,120.428126,109.987022,130.869229,20.882207,0.993426,1.084658,1.081081,1.088235,0.007154,0.972956,0.833101,0.821681,0.844520,0.022839,1.000000,1.000000,1.000000,1.000000,0.000000,1.000000,6.000000,6.000000,6.000000,0.000000,37.617275,1.212461,1.923077,0.540066,0.174562,0.455822,14.142136,28.799687,0.928257,18.779832,0.605302,4.524610,0.145835,83.543705,103.753939,128.817811,78.690068,50.127743,0.610863
left,177,653,650,0,-1,0.665126,1440.750000,1151.000000,1730.500000,579.500000,0.829521,144.316984,130.869229,157.764739,26.895510,0.805897,1.211272,1.081081,1.341463,0.260382,0.966604,0.859109,0.844520,0.873698,0.029178,1.000000,1.000000,1.000000,1.000000,0.000000,0.857143,6.500000,6.000000,7.000000,1.000000,37.945789,1.004845,1.472727,0.646657,0.127191,0.688508,26.000000,29.841564,0.790236,18.969987,0.502345,3.837180,0.101613,80.278921,109.693952,117.534899,101.853004,15.681895,0.866577
left,178,653,646,0,-1,0.396612,803.750000,456.500000,1151.000000,694.500000,0.695811,110.964741,91.060252,130.869229,39.808977,0.925000,1.040541,1.000000,1.081081,0.081081,0.819187,0.768170,0.691820,0.844520,0.152701,1.000000,1.000000,1.000000,1.000000,0.000000,0.833333,5.500000,5.000000,6.000000,1.000000,34.213786,1.237562,1.163636,0.509454,0.315708,0.412418,11.401754,27.891472,1.008875,15.764598,0.570228,11.237846,0.406489,69.805584,104.872441,108.434949,101.309932,7.125016,0.934292
left,179,653,645,0,-1,0.817984,1046.250000,941.500000,1151.000000,209.500000,0.904372,124.611833,118.354436,130.869229,12.514792,0.891892,1.146601,1.081081,1.212121,0.131040,0.999883,0.844570,0.844520,0.844620,0.000099,1.000000,1.000000,1.000000,1.000000,0.000000,1.000000,6.000000,6.000000,6.000000,0.000000,28.106658,0.870037,1.477273,0.825155,0.047551,1.094419,35.355339,22.538819,0.697685,14.032088,0.434361,2.729404,0.084488,74.377394,160.790972,161.565051,160.016893,1.548158,0.990418
left,180,652,646,0,-1,0.577118,623.750000,456.500000,791.000000,334.500000,0.827918,100.523637,91.060252,109.987022,18.926770,0.918919,1.044118,1.000000,1.088235,0.088235,0.841956,0.756751,0.691820,0.821681,0.129862,1.000000,1.000000,1.000000,1.000000,0.000000,0.833333,5.500000,5.000000,6.000000,1.000000,20.925410,0.845632,1.250000,0.767588,0.029259,1.174724,29.068884,17.576636,0.710302,10.436205,0.421745,3.780673,0.152784,72.025299,163.472089,172.874984,154.069194,18.805790,0.891217
left,181,652,643,0,-1,0.796977,891.750000,791.000000,992.500000,201.500000,0.876578,117.730069,109.987022,125.473116,15.486093,0.851662,1.183007,1.088235,1.277778,0.189542,0.964130,0.806945,0.792208,0.821681,0.029474,1.000000,1.000000,1.000000,1.000000,0.000000,0.857143,6.500000,6.000000,7.000000,1.000000,34.176369,1.146306,1.015873,0.495593,0.288758,0.382425,11.401754,26.021877,0.872797,15.472016,0.518945,0.888836,0.029812,54.457647,82.493949,97.236922,67.750976,29.485946,0.696762
left,182,651,644,0,-1,0.463558,1059.250000,671.000000,1447.500000,776.500000,0.702385,128.948764,106.405641,151.491886,45.086245,0.803571,1.262500,1.125000,1.400000,0.275000,0.939622,0.768665,0.744737,0.792592,0.047855,0.998620,0.999310,0.998620,1.000000,0.001380,0.571429,5.500000,4.000000,7.000000,3.000000,29.087615,0.909703,1.034483,0.771276,0.043191,1.127621,36.055513,28.119543,0.879427,14.125272,0.441762,8.788531,0.274858,60.074326,171.245276,174.805571,167.684982,7.120590,0.959266
left,183,651,641,0,-1,0.427116,1121.000000,671.000000,1571.000000,900.000000,0.679097,131.546241,106.405641,156.686841,50.281200,0.904018,1.184722,1.125000,1.244444,0.119444,0.926152,0.774429,0.744737,0.804120,0.059383,1.000000,1.000000,1.000000,1.000000,0.000000,0.571429,5.500000,4.000000,7.000000,3.000000,33.884068,1.034004,1.178571,0.620453,0.222346,0.762899,25.000000,28.450525,0.868195,15.659874,0.477876,7.749851,0.236494,69.249706,137.904761,156.064640,119.744881,36.319758,0.767277
left,184,650,648,0,-1,0.335163,1155.250000,580.000000,1730.500000,1150.500000,0.634342,128.920761,100.076783,157.764739,57.687955,0.942650,1.382270,1.341463,1.423077,0.081614,0.832932,0.800715,0.727732,0.873698,0.145967,1.000000,1.000000,1.000000,1.000000,0.000000,0.714286,6.000000,5.000000,7.000000,2.000000,29.439183,0.896409,1.017544,0.830639,0.021857,1.079134,35.440090,26.800124,0.816051,14.262367,0.434282,12.017843,0.365938,48.144216,172.985015,175.432352,170.537678,4.894674,0.972099
left,185,650,645,0,-1,0.544062,1336.000000,941.500000,1730.500000,789.000000,0.750196,138.059588,118.354436,157.764739,39.410302,0.903581,1.276792,1.212121,1.341463,0.129342,0.966717,0.859159,0.844620,0.873698,0.029079,1.000000,1.000000,1.000000,1.000000,0.000000,0.857143,6.500000,6.000000,7.000000,1.000000,44.805650,1.239726,1.054795,0.525778,0.273765,0.323857,11.704700,34.598795,0.957313,21.624223,0.598320,6.950460,0.192312,60.743318,102.239137,106.348172,98.130102,8.218069,0.922725
left,186,650,642,0,-1,0.582491,1369.250000,1008.000000,1730.500000,722.500000,0.802462,142.182503,126.600268,157.764739,31.164470,0.874867,1.437398,1.341463,1.533333,0.191870,0.904565,0.832008,0.790317,0.873698,0.083382,1.000000,1.000000,1.000000,1.000000,0.000000,0.857143,6.500000,6.000000,7.000000,1.000000,38.121533,1.039466,1.760870,0.651800,0.117217,0.744249,27.294688,30.113919,0.821121,18.585003,0.506760,11.406899,0.311034,78.684152,110.923415,135.241753,86.605076,48.636676,0.640372
left,187,649,644,0,-1,0.548187,1120.500000,793.500000,1447.500000,654.000000,0.733437,131.300815,111.109744,151.491886,40.382142,0.892857,1.325000,1.250000,1.400000,0.150000,0.981290,0.800148,0.792592,0.807704,0.015112,0.998620,0.999310,0.998620,1.000000,0.001380,0.857143,6.500000,6.000000,7.000000,1.000000,35.308119,1.066466,1.321429,0.522585,0.259259,0.460062,15.231546,29.706671,0.897277,17.130603,0.517422,2.391660,0.072239,73.867453,89.769290,98.746162,80.792418,17.953744,0.818183
left,188,648,647,0,-1,0.443764,943.500000,580.000000,1307.000000,727.000000,0.712469,120.270815,100.076783,140.464846,40.388063,0.717979,1.222408,1.021739,1.423077,0.401338,0.874221,0.780083,0.727732,0.832435,0.104703,0.999235,0.999618,0.999235,1.000000,0.000765,0.714286,6.000000,5.000000,7.000000,2.000000,30.042698,0.997506,1.446809,0.594306,0.156333,0.677210,20.396078,23.456763,0.778833,14.815652,0.491923,10.056001,0.333889,57.956339,109.375583,133.945595,84.805571,49.140024,0.633134
left,189,648,642,0,-1,0.575397,794.000000,580.000000,1008.000000,428.000000,0.790494,113.338526,100.076783,126.600268,26.523485,0.928094,1.478205,1.423077,1.533333,0.110256,0.920810,0.759024,0.727732,0.790317,0.062585,1.000000,1.000000,1.000000,1.000000,0.000000,0.833333,5.500000,5.000000,6.000000,1.000000,32.078180,1.149092,1.016949,0.498916,0.377834,0.477920,13.341664,26.781092,0.959342,14.476292,0.518564,2.616423,0.093724,51.487757,106.006435,114.050299,97.962571,16.087727,0.858942
left,190,648,639,0,-1,0.580290,789.750000,580.000000,999.500000,419.500000,0.817636,111.237256,100.076783,122.397729,22.320946,0.992844,1.428205,1.423077,1.433333,0.010256,0.868011,0.783061,0.727732,0.838390,0.110658,1.000000,1.000000,1.000000,1.000000,0.000000,0.714286,6.000000,5.000000,7.000000,2.000000,33.976262,1.220016,1.785714,0.524040,0.175372,0.500139,13.928388,27.674564,0.993735,16.945072,0.608462,7.453424,0.267637,86.167730,113.154328,126.326826,99.981829,26.344997,0.791454
left,191,647,641,0,-1,0.831954,1439.000000,1307.000000,1571.000000,264.000000,0.896469,148.575844,140.464846,156.686841,16.221995,0.821040,1.133092,1.021739,1.244444,0.222705,0.965986,0.818277,0.804120,0.832435,0.028314,0.999235,0.999618,0.999235,1.000000,0.000765,1.000000,7.000000,7.000000,7.000000,0.000000,45.202666,1.192867,1.393939,0.567568,0.145413,0.590083,22.360680,34.161816,0.901506,22.572483,0.595672,2.104116,0.055526,83.043549,111.042170,122.841634,99.242706,23.598928,0.807891
left,192,647,639,0,-1,0.764728,1153.250000,999.500000,1307.000000,307.500000,0.871376,131.431288,122.397729,140.464846,18.067117,0.712841,1.227536,1.021739,1.433333,0.411594,0.992897,0.835412,0.832435,0.838390,0.005955,0.999235,0.999618,0.999235,1.000000,0.000765,1.000000,7.000000,7.000000,7.000000,0.000000,35.347320,1.043197,1.428571,0.549069,0.179710,0.488523,16.552945,28.523191,0.841798,17.669900,0.521487,2.037894,0.060144,70.245562,88.964844,99.727579,78.202110,21.525469,0.784157
left,193,647,638,0,-1,0.599464,1045.250000,783.500000,1307.000000,523.500000,0.807909,126.973819,113.482792,140.464846,26.982054,0.715217,1.225155,1.021739,1.428571,0.406832,0.918414,0.798477,0.764520,0.832435,0.067915,0.999235,0.999618,0.999235,1.000000,0.000765,0.857143,6.500000,6.000000,7.000000,1.000000,39.749331,1.239387,1.787234,0.545630,0.231045,0.538252,17.262677,30.952096,0.965089,18.040633,0.562508,4.675375,0.145779,57.136609,123.704049,130.601295,116.806804,13.794491,0.894377
left,194,646,645,0,-1,0.484865,699.000000,456.500000,941.500000,485.000000,0.769386,104.707344,91.060252,118.354436,27.294184,0.825000,1.106061,1.000000,1.212121,0.212121,0.819090,0.768220,0.691820,0.844620,0.152800,1.000000,1.000000,1.000000,1.000000,0.000000,0.833333,5.500000,5.000000,6.000000,1.000000,30.018236,1.153444,1.743590,0.584552,0.156652,0.692713,18.027756,27.133871,1.042613,14.789798,0.568295,9.369950,0.360038,85.942007,136.149079,175.173141,97.125016,78.048125,0.554452
left,195,646,643,0,-1,0.459950,724.500000,456.500000,992.500000,536.000000,0.725735,108.266684,91.060252,125.473116,34.412863,0.782609,1.138889,1.000000,1.277778,0.277778,0.873281,0.742014,0.691820,0.792208,0.100388,1.000000,1.000000,1.000000,1.000000,0.000000,0.714286,6.000000,5.000000,7.000000,2.000000,34.125546,1.290927,1.595238,0.477522,0.377157,0.402125,10.630146,24.982149,0.945044,14.601499,0.552357,8.018071,0.303314,44.996079,111.967596,138.179830,85.755361,52.424469,0.620607
left,196,646,636,0,-1,0.345702,888.500000,456.500000,1320.500000,864.000000,0.611896,119.938442,91.060252,148.816631,57.756379,0.792453,1.130952,1.000000,1.261905,0.261905,0.923310,0.720551,0.691820,0.749282,0.057462,1.000000,1.000000,1.000000,1.000000,0.000000,0.714286,6.000000,5.000000,7.000000,2.000000,33.329799,1.155188,1.586957,0.581200,0.155599,0.760138,21.931712,26.579972,0.921244,13.397609,0.464352,9.696945,0.336089,47.732909,113.538796,115.874774,111.202819,4.671955,0.959681
left,197,645,642,0,-1,0.934028,974.750000,941.500000,1008.000000,66.500000,0.934867,122.477352,118.354436,126.600268,8.245832,0.790514,1.372727,1.212121,1.533333,0.321212,0.935707,0.817468,0.790317,0.844620,0.054303,1.000000,1.000000,1.000000,1.000000,0.000000,1.000000,6.000000,6.000000,6.000000,0.000000,39.880549,1.277549,1.951220,0.523532,0.204924,0.458663,14.317821,29.944433,0.959252,19.680841,0.630464,3.489447,0.111782,74.849834,111.158309,118.410076,103.906542,14.503534,0.877514
left,198,645,636,0,-1,0.712988,1131.000000,941.500000,1320.500000,379.000000,0.795304,133.585534,118.354436,148.816631,30.462195,0.960549,1.237013,1.212121,1.261905,0.049784,0.887124,0.796951,0.749282,0.844620,0.095337,1.000000,1.000000,1.000000,1.000000,0.000000,0.857143,6.500000,6.000000,7.000000,1.000000,32.372477,0.966017,1.046875,0.556583,0.178824,0.614458,20.591260,28.105487,0.838687,15.965158,0.476411,2.351210,0.070162,83.920268,94.154919,119.357754,68.952085,50.405669,0.577693
left,199,645,634,0,-1,0.888627,1000.500000,941.500000,1059.500000,118.000000,0.930258,122.790970,118.354436,127.227503,8.873067,0.861953,1.309186,1.212121,1.406250,0.194129,0.973840,0.833572,0.822524,0.844620,0.022095,1.000000,1.000000,1.000000,1.000000,0.000000,0.833333,5.500000,5.000000,6.000000,1.000000,34.826791,1.101524,1.380000,0.576392,0.198901,0.580625,18.357560,26.812640,0.848047,17.331281,0.548165,3.566184,0.112794,76.936406,115.507584,119.054604,111.960564,7.094040,0.940414
left,200,644,641,0,-1,0.921388,1509.250000,1447.500000,1571.000000,123.500000,0.966845,154.089364,151.491886,156.686841,5.194955,0.888889,1.322222,1.244444,1.400000,0.155556,0.985664,0.798356,0.792592,0.804120,0.011528,0.998620,0.999310,0.998620,1.000000,0.001380,1.000000,7.000000,7.000000,7.000000,0.000000,36.871740,0.949301,1.203125,0.606707,0.157032,0.748408,29.068884,30.766389,0.792113,17.921097,0.461397,0.084651,0.002179,75.779271,118.657509,164.744881,72.570137,92.174744,0.440500
left,201,643,640,0,-1,0.949622,967.500000,942.500000,992.500000,50.000000,0.983836,124.459061,123.445006,125.473116,2.028110,0.842809,1.177350,1.076923,1.277778,0.200855,0.981082,0.784714,0.777220,0.792208,0.014987,1.000000,1.000000,1.000000,1.000000,0.000000,0.857143,6.500000,6.000000,7.000000,1.000000,26.109618,0.839482,1.254902,0.741928,0.090956,1.091282,33.941125,22.664740,0.728721,13.011139,0.418337,0.684694,0.022014,72.876168,138.982909,141.604835,136.360983,5.243853,0.962968
left,202,643,636,0,-1,0.751609,1156.500000,992.500000,1320.500000,328.000000,0.843139,137.144873,125.473116,148.816631,23.343516,0.987578,1.269841,1.261905,1.277778,0.015873,0.945815,0.770745,0.749282,0.792208,0.042926,1.000000,1.000000,1.000000,1.000000,0.000000,1.000000,7.000000,7.000000,7.000000,0.000000,48.883745,1.441092,1.253731,0.461798,0.224384,0.345054,11.704700,35.668687,1.051512,24.466378,0.721268,6.565404,0.193548,71.160779,125.211524,163.041820,87.381228,75.660592,0.535944
left,203,643,635,0,-1,0.988413,986.750000,981.000000,992.500000,11.500000,0.962127,127.942649,125.473116,130.412182,4.939067,0.819876,1.162698,1.047619,1.277778,0.230159,0.914963,0.758524,0.724841,0.792208,0.067367,1.000000,1.000000,1.000000,1.000000,0.000000,0.714286,6.000000,5.000000,7.000000,2.000000,36.497611,1.161884,1.046875,0.543072,0.217380,0.671550,21.095023,29.078871,0.925712,18.236351,0.580545,0.609053,0.019389,88.627859,125.637341,131.206100,120.068583,11.137517,0.915114
left,204,642,639,0,-1,0.991567,1003.750000,999.500000,1008.000000,8.500000,0.966805,124.498999,122.397729,126.600268,4.202539,0.934783,1.483333,1.433333,1.533333,0.100000,0.942660,0.814353,0.790317,0.838390,0.048073,1.000000,1.000000,1.000000,1.000000,0.000000,0.857143,6.500000,6.000000,7.000000,1.000000,37.622844,1.187517,1.666667,0.566925,0.179577,0.600541,19.026298,27.665464,0.873225,18.583235,0.586556,3.133750,0.098913,72.130454,124.957984,145.967872,103.948096,42.019776,0.712130
left,205,642,634,0,-1,0.951392,1033.750000,1008.000000,1059.500000,51.500000,0.995070,126.913886,126.600268,127.227503,0.627235,0.917120,1.469792,1.406250,1.533333,0.127083,0.960843,0.806421,0.790317,0.822524,0.032208,1.000000,1.000000,1.000000,1.000000,0.000000,0.833333,5.500000,5.000000,6.000000,1.000000,32.301981,1.004743,1.068966,0.605534,0.230713,0.726146,23.345235,27.776504,0.863980,16.138443,0.501981,0.403674,0.012556,81.228872,124.050855,144.132894,103.968817,40.164077,0.721340
left,206,642,633,0,-1,0.965517,1026.000000,1008.000000,1044.000000,36.000000,0.995005,126.284072,125.967876,126.600268,0.632392,0.688406,1.294444,1.055556,1.533333,0.477778,0.955895,0.808549,0.790317,0.826781,0.036465,1.000000,1.000000,1.000000,1.000000,0.000000,1.000000,6.000000,6.000000,6.000000,0.000000,30.303083,0.946084,1.306122,0.685013,0.142544,0.913973,29.274562,25.482135,0.795571,15.083566,0.470920,1.439687,0.044948,88.285780,142.903002,155.185803,130.620201,24.565602,0.841702
left,207,641,638,0,-1,0.498727,1177.250000,783.500000,1571.000000,787.500000,0.724265,135.084817,113.482792,156.686841,43.204049,0.871111,1.336508,1.244444,1.428571,0.184127,0.950753,0.784320,0.764520,0.804120,0.039600,1.000000,1.000000,1.000000,1.000000,0.000000,0.857143,6.500000,6.000000,7.000000,1.000000,33.350848,0.986319,1.158730,0.564509,0.208749,0.609684,20.615528,27.799883,0.822154,16.577817,0.490273,11.266625,0.333199,63.000305,91.260414,106.557071,75.963757,30.593315,0.712893
left,208,641,637,0,-1,0.337046,1050.250000,529.500000,1571.000000,1041.500000,0.645259,128.895207,101.103572,156.686841,55.583269,0.656790,1.569591,1.244444,1.894737,0.650292,0.809509,0.727532,0.650943,0.804120,0.153177,1.000000,1.000000,1.000000,1.000000,0.000000,0.571429,5.500000,4.000000,7.000000,3.000000,25.805942,0.823856,1.142857,0.764691,0.063556,1.149302,36.000000,25.719676,0.821102,12.789427,0.408303,11.381100,0.363342,61.970184,147.446328,171.202589,123.690068,47.512522,0.722478
left,209,640,635,0,-1,0.960754,961.750000,942.500000,981.000000,38.500000,0.946576,126.928594,123.445006,130.412182,6.967176,0.972789,1.062271,1.047619,1.076923,0.029304,0.932606,0.751031,0.724841,0.777220,0.052380,1.000000,1.000000,1.000000,1.000000,0.000000,0.833333,5.500000,5.000000,6.000000,1.000000,40.621915,1.309939,1.490909,0.486897,0.241227,0.500610,15.524175,32.733805,1.055570,20.174858,0.650581,0.420301,0.013553,73.373517,135.721672,167.872909,103.570434,64.302475,0.616957
left,210,640,630,0,-1,0.843400,1030.000000,942.500000,1117.500000,175.000000,0.960355,125.993031,123.445006,128.541056,5.096050,0.881119,1.149573,1.076923,1.222222,0.145299,0.914472,0.813566,0.777220,0.849911,0.072691,1.000000,1.000000,1.000000,1.000000,0.000000,0.857143,6.500000,6.000000,7.000000,1.000000,30.599582,0.954311,1.339623,0.638268,0.107282,0.788977,25.298221,24.917213,0.777094,15.211723,0.474409,4.129382,0.128783,82.369752,118.730698,166.133103,71.328293,94.804810,0.429344
left,211,640,628,0,-1,0.985676,935.750000,929.000000,942.500000,13.500000,0.949405,126.734283,123.445006,130.023561,6.578555,0.979021,1.088462,1.076923,1.100000,0.023077,0.888459,0.733874,0.690528,0.777220,0.086692,1.000000,1.000000,1.000000,1.000000,0.000000,0.833333,5.500000,5.000000,6.000000,1.000000,40.812066,1.334171,1.102941,0.467256,0.269837,0.475982,14.560220,28.975852,0.947238,15.527538,0.507605,0.113544,0.003712,34.616038,107.151165,111.161260,103.141070,8.020190,0.927851
left,212,639,638,0,-1,0.783892,891.500000,783.500000,999.500000,216.000000,0.927164,117.940261,113.482792,122.397729,8.914937,0.996678,1.430952,1.428571,1.433333,0.004762,0.911891,0.801455,0.764520,0.838390,0.073870,1.000000,1.000000,1.000000,1.000000,0.000000,0.857143,6.500000,6.000000,7.000000,1.000000,26.660293,0.894552,1.212766,0.758692,0.049916,1.074243,32.015621,21.791823,0.731196,12.791016,0.429186,2.452889,0.082303,53.299215,130.786515,164.991086,96.581945,68.409142,0.585377
left,213,639,633,0,-1,0.957375,1021.750000,999.500000,1044.000000,44.500000,0.971658,124.182803,122.397729,125.967876,3.570147,0.736434,1.244444,1.055556,1.433333,0.377778,0.986154,0.832586,0.826781,0.838390,0.011608,1.000000,1.000000,1.000000,1.000000,0.000000,0.857143,6.500000,6.000000,7.000000,1.000000,36.903497,1.154572,1.000000,0.499118,0.315880,0.336963,10.770330,29.999811,0.938581,17.899392,0.560005,2.432395,0.076101,64.279244,93.127726,100.866101,85.389351,15.476750,0.846561
left,214,639,631,0,-1,0.690345,844.750000,690.000000,999.500000,309.500000,0.864719,114.118706,105.839683,122.397729,16.558046,0.784884,1.279167,1.125000,1.433333,0.308333,0.923243,0.806214,0.774037,0.838390,0.064352,1.000000,1.000000,1.000000,1.000000,0.000000,0.571429,5.500000,4.000000,7.000000,3.000000,31.538217,1.089728,2.058824,0.677879,0.069843,0.885653,25.632011,24.630980,0.851065,15.409297,0.532432,4.025710,0.139099,71.512542,159.825316,177.397438,142.253195,35.144243,0.801890
left,215,639,627,0,-1,0.901951,950.500000,901.500000,999.500000,98.000000,0.981653,121.274898,120.152066,122.397729,2.245663,0.794574,1.286111,1.138889,1.433333,0.294444,0.935981,0.811553,0.784717,0.838390,0.053673,1.000000,1.000000,1.000000,1.000000,0.000000,0.857143,6.500000,6.000000,7.000000,1.000000,42.717905,1.386048,1.315789,0.437750,0.388217,0.145105,4.472136,33.308414,1.080743,20.234006,0.656523,4.286522,0.139083,50.980484,99.183287,111.773017,86.593556,25.179461,0.774727
left,216,638,637,0,-1,0.675814,656.500000,529.500000,783.500000,254.000000,0.890915,107.293182,101.103572,113.482792,12.379220,0.753968,1.661654,1.428571,1.894737,0.466165,0.851440,0.707731,0.650943,0.764520,0.113577,1.000000,1.000000,1.000000,1.000000,0.000000,0.666667,5.000000,4.000000,6.000000,2.000000,33.901990,1.329439,1.487805,0.457787,0.349200,0.485053,12.369317,26.015932,1.020194,15.101462,0.592192,0.126163,0.004947,48.263108,115.331546,117.829439,112.833654,4.995784,0.957602
left,217,638,632,0,-1,0.974502,793.750000,783.500000,804.000000,20.500000,0.959990,115.847662,113.482792,118.212531,4.729739,0.811688,1.594286,1.428571,1.760000,0.331429,0.945693,0.743760,0.723001,0.764520,0.041519,1.000000,1.000000,1.000000,1.000000,0.000000,0.833333,5.500000,5.000000,6.000000,1.000000,41.591502,1.476290,1.135593,0.427283,0.397795,0.277225,7.810250,30.208379,1.072246,20.790721,0.737967,0.437100,0.015515,85.312833,120.759797,125.507218,116.012376,9.494842,0.924348
left,218,638,627,0,-1,0.869107,842.500000,783.500000,901.500000,118.000000,0.944493,116.817429,113.482792,120.152066,6.669274,0.797222,1.283730,1.138889,1.428571,0.289683,0.974262,0.774619,0.764520,0.784717,0.020197,1.000000,1.000000,1.000000,1.000000,0.000000,1.000000,6.000000,6.000000,6.000000,0.000000,31.133370,1.073267,1.658537,0.606710,0.175964,0.806997,23.409400,22.942585,0.790905,15.309728,0.527776,1.500610,0.051731,84.139984,138.157678,151.645038,124.670318,26.974720,0.822119
left,219,637,632,0,-1,0.658582,666.750000,529.500000,804.000000,274.500000,0.855269,109.658052,101.103572,118.212531,17.108959,0.928889,1.827368,1.760000,1.894737,0.134737,0.900335,0.686972,0.650943,0.723001,0.072058,1.000000,1.000000,1.000000,1.000000,0.000000,0.800000,4.500000,4.000000,5.000000,1.000000,18.221326,0.709474,1.189189,0.726753,0.071991,1.313492,33.734256,16.243460,0.632463,9.032796,0.351705,3.185143,0.124018,12.109254,143.861618,161.565051,126.158185,35.406866,0.780851
left,220,636,635,0,-1,0.742900,1150.750000,981.000000,1320.500000,339.500000,0.876328,139.614407,130.412182,148.816631,18.404449,0.830189,1.154762,1.047619,1.261905,0.214286,0.967380,0.737061,0.724841,0.749282,0.024441,1.000000,1.000000,1.000000,1.000000,0.000000,0.714286,6.000000,5.000000,7.000000,2.000000,25.566709,0.755745,1.207547,0.818921,0.041712,1.349427,45.650849,19.844328,0.586593,12.504152,0.369619,2.298945,0.067956,28.337976,145.740580,150.068488,141.412672,8.655816,0.942321
left,221,636,634,0,-1,0.802348,1190.000000,1059.500000,1320.500000,261.000000,0.854928,138.022067,127.227503,148.816631,21.589128,0.897354,1.334077,1.261905,1.406250,0.144345,0.910954,0.785903,0.749282,0.822524,0.073242,1.000000,1.000000,1.000000,1.000000,0.000000,0.714286,6.000000,5.000000,7.000000,2.000000,34.837537,1.011416,1.345455,0.606608,0.198739,0.783874,27.000000,27.965269,0.811898,17.108634,0.496704,3.443697,0.099979,56.832032,129.664645,137.741647,121.587642,16.154005,0.882722
left,222,636,629,0,-1,0.650511,1089.750000,859.000000,1320.500000,461.500000,0.850681,137.706057,126.595482,148.816631,22.221150,0.630952,1.630952,1.261905,2.000000,0.738095,0.898921,0.711414,0.673545,0.749282,0.075737,0.991917,0.995958,0.991917,1.000000,0.008083,1.000000,7.000000,7.000000,7.000000,0.000000,45.632257,1.390223,1.097222,0.466485,0.244093,0.504299,16.552945,35.745169,1.089005,22.101533,0.673341,8.445019,0.257284,68.617213,132.021434,156.801409,107.241459,49.559950,0.683932
left,223,636,623,0,-1,0.597241,1765.750000,1320.500000,2211.000000,890.500000,0.830102,164.045879,148.816631,179.275127,30.458496,0.875869,1.183584,1.105263,1.261905,0.156642,0.866736,0.806885,0.749282,0.864487,0.115205,1.000000,1.000000,1.000000,1.000000,0.000000,0.700000,8.500000,7.000000,10.000000,3.000000,53.383037,1.280784,1.714286,0.440728,0.346312,0.129203,5.385165,39.275671,0.942315,25.811977,0.619290,7.729033,0.185438,55.322226,69.668101,70.016893,69.319309,0.697585,0.990037
left,224,635,628,0,-1,0.946993,955.000000,929.000000,981.000000,52.000000,0.997020,130.217872,130.023561,130.412182,0.388621,0.952381,1.073810,1.047619,1.100000,0.052381,0.952662,0.707684,0.690528,0.724841,0.034312,1.000000,1.000000,1.000000,1.000000,0.000000,1.000000,5.000000,5.000000,5.000000,0.000000,23.486352,0.760071,1.068966,0.648144,0.127225,1.100316,34.000000,20.213710,0.654161,11.571344,0.374475,1.279335,0.041402,37.087427,106.840587,124.695154,88.986021,35.709132,0.713629
left,225,635,623,0,-1,0.443691,1596.000000,981.000000,2211.000000,1230.000000,0.727442,154.843655,130.412182,179.275127,48.862945,0.947846,1.076441,1.047619,1.105263,0.057644,0.838463,0.794664,0.724841,0.864487,0.139646,1.000000,1.000000,1.000000,1.000000,0.000000,0.500000,7.500000,5.000000,10.000000,5.000000,52.253387,1.333978,1.212500,0.506542,0.244204,0.361035,14.142136,38.504575,0.982984,25.005460,0.638365,13.774700,0.351655,62.781689,116.059819,140.612203,91.507436,49.104767,0.650779
left,226,634,633,0,-1,0.985370,1051.750000,1044.000000,1059.500000,15.500000,0.990099,126.597690,125.967876,127.227503,1.259627,0.750617,1.230903,1.055556,1.406250,0.350694,0.994851,0.824653,0.822524,0.826781,0.004257,1.000000,1.000000,1.000000,1.000000,0.000000,0.833333,5.500000,5.000000,6.000000,1.000000,32.418795,0.999640,1.274510,0.681980,0.132398,0.868327,28.160256,26.533094,0.818153,16.022241,0.494049,0.184798,0.005698,68.747694,151.102883,176.794784,125.410982,51.383802,0.709359
left,227,634,629,0,-1,0.810760,959.250000,859.000000,1059.500000,200.500000,0.995032,126.911493,126.595482,127.227503,0.632022,0.703125,1.703125,1.406250,2.000000,0.593750,0.818875,0.748035,0.673545,0.822524,0.148979,0.991917,0.995958,0.991917,1.000000,0.008083,0.714286,6.000000,5.000000,7.000000,2.000000,27.014703,0.873433,1.192308,0.646597,0.165494,0.981736,30.364453,21.729397,0.702550,13.274941,0.429202,5.075276,0.164093,55.598056,106.468817,115.016893,97.920740,17.096154,0.851360
left,228,633,631,0,-1,0.660920,867.000000,690.000000,1044.000000,354.000000,0.840212,115.903780,105.839683,125.967876,20.128193,0.938272,1.090278,1.055556,1.125000,0.069444,0.936205,0.800409,0.774037,0.826781,0.052744,1.000000,1.000000,1.000000,1.000000,0.000000,0.666667,5.000000,4.000000,6.000000,2.000000,27.023137,0.922625,1.304348,0.723313,0.086505,0.994231,29.120440,23.378398,0.798186,13.467192,0.459797,4.408318,0.150509,72.167285,150.932989,169.508523,132.357455,37.151068,0.780831
left,229,633,629,0,-1,0.822797,951.500000,859.000000,1044.000000,185.000000,0.995042,126.281679,125.967876,126.595482,0.627605,0.527778,1.527778,1.055556,2.000000,0.944444,0.814659,0.750163,0.673545,0.826781,0.153236,0.991917,0.995958,0.991917,1.000000,0.008083,0.857143,6.500000,6.000000,7.000000,1.000000,39.114494,1.269545,1.632653,0.429105,0.316868,0.267649,8.246211,28.867908,0.936970,17.885424,0.580510,5.680406,0.184370,33.486723,83.513217,88.152390,78.874044,9.278346,0.894747
left,230,633,624,0,-1,0.955169,1068.500000,1044.000000,1093.000000,49.000000,0.900370,132.937371,125.967876,139.906865,13.938988,0.883220,1.125339,1.055556,1.195122,0.139566,0.848714,0.764241,0.701701,0.826781,0.125081,1.000000,1.000000,1.000000,1.000000,0.000000,0.857143,6.500000,6.000000,7.000000,1.000000,37.501450,1.147333,1.363636,0.530067,0.220402,0.624005,20.396078,27.823630,0.851246,16.404226,0.501877,1.489745,0.045578,43.414486,95.214967,95.856014,94.573921,1.282092,0.986625
left,231,632,627,0,-1,0.891847,852.750000,804.000000,901.500000,97.500000,0.983858,119.182299,118.212531,120.152066,1.939535,0.647096,1.449444,1.138889,1.760000,0.621111,0.921352,0.753859,0.723001,0.784717,0.061716,1.000000,1.000000,1.000000,1.000000,0.000000,0.833333,5.500000,5.000000,6.000000,1.000000,36.457432,1.248972,2.222222,0.530473,0.174729,0.639999,18.681542,29.598871,1.014009,17.918975,0.613875,1.134796,0.038876,79.175507,135.982062,162.141659,109.822465,52.319194,0.677324
left,232,631,627,0,-1,0.765391,795.750000,690.000000,901.500000,211.500000,0.880881,112.995875,105.839683,120.152066,14.312383,0.987805,1.131944,1.125000,1.138889,0.013889,0.986390,0.779377,0.774037,0.784717,0.010680,1.000000,1.000000,1.000000,1.000000,0.000000,0.666667,5.000000,4.000000,6.000000,2.000000,25.934025,0.921397,1.487805,0.717978,0.049639,1.049745,29.546573,19.994746,0.710383,12.764418,0.453501,2.687419,0.095480,67.381583,131.136369,166.263732,96.009006,70.254726,0.577450
left,233,631,624,0,-1,0.631290,891.500000,690.000000,1093.000000,403.000000,0.756501,122.873274,105.839683,139.906865,34.067181,0.941327,1.160061,1.125000,1.195122,0.070122,0.906547,0.737869,0.701701,0.774037,0.072336,1.000000,1.000000,1.000000,1.000000,0.000000,0.571429,5.500000,4.000000,7.000000,3.000000,27.039498,0.911520,1.203704,0.545510,0.244532,0.726150,21.540659,23.552097,0.793957,13.517903,0.455698,1.525486,0.051425,64.192174,98.105326,101.575189,94.635463,6.939725,0.931679
left,234,630,628,0,-1,0.831320,1023.250000,929.000000,1117.500000,188.500000,0.988598,129.282309,128.541056,130.023561,1.482505,0.900000,1.161111,1.100000,1.222222,0.122222,0.812471,0.770220,0.690528,0.849911,0.159383,1.000000,1.000000,1.000000,1.000000,0.000000,0.714286,6.000000,5.000000,7.000000,2.000000,36.524445,1.143023,1.645833,0.548577,0.152700,0.657934,21.023796,28.238683,0.883722,17.888262,0.559808,0.056808,0.001778,66.830641,129.690172,177.510447,81.869898,95.640549,0.461212
left,235,630,625,0,-1,0.832215,1023.750000,930.000000,1117.500000,187.500000,0.938217,124.570220,120.599384,128.541056,7.941672,0.839161,1.123932,1.025641,1.222222,0.196581,0.945429,0.826721,0.803531,0.849911,0.046380,1.000000,1.000000,1.000000,1.000000,0.000000,0.857143,6.500000,6.000000,7.000000,1.000000,41.363812,1.294137,1.000000,0.547264,0.292308,0.505452,16.155494,31.650172,0.990229,19.130499,0.598530,0.763323,0.023882,63.996313,131.637702,140.617581,122.657823,17.959758,0.872279
left,236,630,621,0,-1,0.837392,1226.000000,1117.500000,1334.500000,217.000000,0.864177,138.642474,128.541056,148.743893,20.202837,0.933333,1.265873,1.222222,1.309524,0.087302,0.891819,0.803939,0.757967,0.849911,0.091945,1.000000,1.000000,1.000000,1.000000,0.000000,0.714286,6.000000,5.000000,7.000000,2.000000,43.190888,1.234734,1.387097,0.528284,0.271003,0.511395,17.888544,32.458556,0.927920,21.177905,0.605430,6.178673,0.176635,87.931196,114.145914,131.870297,96.421532,35.448766,0.731185
left,237,630,620,0,-1,0.684743,1374.750000,1117.500000,1632.000000,514.500000,0.795905,145.022058,128.541056,161.503059,32.962003,0.849650,1.130342,1.038462,1.222222,0.183761,0.925113,0.818088,0.786264,0.849911,0.063647,1.000000,1.000000,1.000000,1.000000,0.000000,0.857143,6.500000,6.000000,7.000000,1.000000,46.843362,1.269003,1.788462,0.509889,0.265503,0.402727,14.866069,35.474102,0.961006,22.175582,0.600744,8.890258,0.240840,72.731433,108.862265,127.234834,90.489696,36.745138,0.711202
left,238,629,626,0,-1,0.516298,651.250000,443.500000,859.000000,415.500000,0.716617,108.657956,90.720429,126.595482,35.875053,0.800000,1.800000,1.600000,2.000000,0.400000,0.994657,0.675354,0.673545,0.677163,0.003618,0.991917,0.995958,0.991917,1.000000,0.008083,0.571429,5.500000,4.000000,7.000000,3.000000,21.178055,0.840931,1.181818,0.697463,0.050672,1.273124,32.062439,17.050945,0.677053,9.421581,0.374109,4.317368,0.171432,25.794845,168.064617,171.384352,164.744881,6.639471,0.961260
left,239,629,624,0,-1,0.785910,976.000000,859.000000,1093.000000,234.000000,0.904855,133.251173,126.595482,139.906865,13.311383,0.597561,1.597561,1.195122,2.000000,0.804878,0.959875,0.687623,0.673545,0.701701,0.028156,0.991917,0.995958,0.991917,1.000000,0.008083,1.000000,7.000000,7.000000,7.000000,0.000000,51.785749,1.660618,1.903846,0.418258,0.251793,0.390113,12.165525,34.651832,1.111183,25.662400,0.822918,4.932194,0.158161,82.267703,124.179644,177.273689,71.085600,106.188089,0.400994
left,240,629,623,0,-1,0.388512,1535.000000,859.000000,2211.000000,1352.000000,0.706152,152.935304,126.595482,179.275127,52.679645,0.552632,1.552632,1.105263,2.000000,0.894737,0.779127,0.769016,0.673545,0.864487,0.190942,0.991917,0.995958,0.991917,1.000000,0.008083,0.700000,8.500000,7.000000,10.000000,3.000000,36.703337,0.961702,1.354839,0.580531,0.112704,0.629939,24.041631,29.026928,0.760564,17.953023,0.470406,11.334438,0.296985,52.558051,91.610505,133.181697,50.039314,83.142383,0.375722
left,241,629,622,0,-1,0.879511,807.250000,755.500000,859.000000,103.500000,0.952639,123.597634,120.599786,126.595482,5.995695,0.512500,1.512500,1.025000,2.000000,0.975000,0.969136,0.663151,0.652757,0.673545,0.020788,0.991917,0.995958,0.991917,1.000000,0.008083,0.714286,6.000000,5.000000,7.000000,2.000000,48.555071,1.709834,1.375000,0.349687,0.410653,0.111357,3.162278,32.652415,1.149833,24.541196,0.864202,3.211669,0.113097,73.704288,104.141766,117.887027,90.396504,27.490523,0.766806
left,242,628,625,0,-1,0.998925,929.500000,929.000000,930.000000,1.000000,0.927519,125.311473,120.599384,130.023561,9.424177,0.932401,1.062821,1.025641,1.100000,0.074359,0.859367,0.747030,0.690528,0.803531,0.113003,1.000000,1.000000,1.000000,1.000000,0.000000,0.833333,5.500000,5.000000,6.000000,1.000000,24.043356,0.788625,1.244898,0.767488,0.059441,1.248991,38.078866,21.533387,0.706297,11.640524,0.381810,0.609300,0.019985,45.647274,160.500993,165.529706,155.472280,10.057426,0.939241
left,243,628,623,0,-1,0.420172,1570.000000,929.000000,2211.000000,1282.000000,0.725274,154.649344,130.023561,179.275127,49.251566,0.995238,1.102632,1.100000,1.105263,0.005263,0.798772,0.777508,0.690528,0.864487,0.173959,1.000000,1.000000,1.000000,1.000000,0.000000,0.500000,7.500000,5.000000,10.000000,5.000000,47.884562,1.235718,1.253333,0.563682,0.127866,0.577044,22.360680,38.212044,0.986107,23.684661,0.611211,12.024301,0.310301,82.372479,125.817083,143.797411,107.836755,35.960656,0.749921
left,244,627,624,0,-1,0.824794,997.250000,901.500000,1093.000000,191.500000,0.858800,130.029465,120.152066,139.906865,19.754798,0.952948,1.167005,1.138889,1.195122,0.056233,0.894209,0.743209,0.701701,0.784717,0.083016,1.000000,1.000000,1.000000,1.000000,0.000000,0.857143,6.500000,6.000000,7.000000,1.000000,40.265923,1.276550,1.383333,0.424964,0.488343,0.272719,8.602325,32.235586,1.021964,19.149373,0.607092,1.841758,0.058389,57.052089,102.279813,112.398546,92.161079,20.237467,0.819949
left,245,626,623,0,-1,0.200588,1327.250000,443.500000,2211.000000,1767.500000,0.506040,134.997778,90.720429,179.275127,88.554698,0.690789,1.352632,1.105263,1.600000,0.494737,0.783312,0.770825,0.677163,0.864487,0.187324,1.000000,1.000000,1.000000,1.000000,0.000000,0.400000,7.000000,4.000000,10.000000,6.000000,39.251527,1.153088,1.421053,0.672026,0.146920,0.693320,23.600847,29.740871,0.873694,16.160474,0.474745,16.907380,0.496686,42.653968,135.104937,138.576334,131.633539,6.942795,0.949899
left,246,626,622,0,-1,0.587028,599.500000,443.500000,755.500000,312.000000,0.752244,105.660108,90.720429,120.599786,29.879357,0.640625,1.312500,1.025000,1.600000,0.575000,0.963958,0.664960,0.652757,0.677163,0.024407,1.000000,1.000000,1.000000,1.000000,0.000000,0.800000,4.500000,4.000000,5.000000,1.000000,30.949665,1.275071,1.731707,0.490501,0.174312,0.742711,18.027756,24.266088,0.999719,14.567013,0.600135,5.688908,0.234373,63.103116,121.612538,138.366461,104.858614,33.507846,0.757833
left,247,626,619,0,-1,0.653166,561.250000,443.500000,679.000000,235.500000,0.780412,103.483599,90.720429,116.246768,25.526339,0.675676,1.340541,1.081081,1.600000,0.518919,0.932448,0.654291,0.631419,0.677163,0.045744,1.000000,1.000000,1.000000,1.000000,0.000000,0.666667,5.000000,4.000000,6.000000,2.000000,29.923012,1.270156,1.098039,0.471806,0.213363,0.722854,17.029386,24.693044,1.048157,12.733057,0.540486,5.164774,0.219232,48.303149,115.217909,131.820170,98.615648,33.204522,0.748107
left,248,625,623,0,-1,0.420624,1570.500000,930.000000,2211.000000,1281.000000,0.672706,149.937256,120.599384,179.275127,58.675743,0.927961,1.065452,1.025641,1.105263,0.079622,0.929489,0.834009,0.803531,0.864487,0.060956,1.000000,1.000000,1.000000,1.000000,0.000000,0.600000,8.000000,6.000000,10.000000,4.000000,45.846591,1.182876,1.736842,0.536505,0.234798,0.369410,14.317821,37.684777,0.972295,22.764806,0.587349,13.058138,0.336910,88.831123,98.173421,109.713304,86.633539,23.079764,0.789636
left,249,625,620,0,-1,0.569853,1281.000000,930.000000,1632.000000,702.000000,0.746731,141.051222,120.599384,161.503059,40.903674,0.987654,1.032051,1.025641,1.038462,0.012821,0.978511,0.794898,0.786264,0.803531,0.017267,1.000000,1.000000,1.000000,1.000000,0.000000,1.000000,6.000000,6.000000,6.000000,0.000000,34.816141,0.982204,1.187500,0.642830,0.086456,0.822490,29.154759,27.723288,0.782106,17.407943,0.491098,9.278618,0.261761,81.395653,109.776471,127.405357,92.147585,35.257771,0.723263
left,250,625,617,0,-1,0.829616,1025.500000,930.000000,1121.000000,191.000000,0.910844,126.501678,120.599384,132.403972,11.804588,0.824972,1.134442,1.025641,1.243243,0.217602,0.999975,0.803541,0.803531,0.803551,0.000020,1.000000,1.000000,1.000000,1.000000,0.000000,1.000000,6.000000,6.000000,6.000000,0.000000,42.774652,1.337183,1.295082,0.508121,0.213067,0.434293,13.892444,33.160733,1.036642,21.362198,0.667806,4.965840,0.155238,87.799953,111.158448,117.935502,104.381395,13.554108,0.885072
left,251,625,614,0,-1,0.942727,958.250000,930.000000,986.500000,56.500000,0.965088,122.780744,120.599384,124.962103,4.362719,0.713489,1.231571,1.025641,1.437500,0.411859,0.987979,0.798701,0.793872,0.803531,0.009659,1.000000,1.000000,1.000000,1.000000,0.000000,1.000000,6.000000,6.000000,6.000000,0.000000,42.190266,1.363076,2.205128,0.465073,0.320376,0.290770,9.000000,31.961668,1.032612,21.081612,0.681101,3.325159,0.107429,86.327436,108.752965,111.630887,105.875043,5.755844,0.948439
left,252,624,622,0,-1,0.691217,924.250000,755.500000,1093.000000,337.500000,0.862000,130.253326,120.599786,139.906865,19.307078,0.857653,1.110061,1.025000,1.195122,0.170122,0.930249,0.677229,0.652757,0.701701,0.048944,1.000000,1.000000,1.000000,1.000000,0.000000,0.714286,6.000000,5.000000,7.000000,2.000000,19.847195,0.655597,1.039216,0.854222,0.003787,1.578996,47.801674,16.996478,0.561432,9.922147,0.327751,2.694804,0.089015,7.638962,174.559110,178.090848,171.027373,7.063474,0.960338
left,253,623,619,0,-1,0.307101,1445.000000,679.000000,2211.000000,1532.000000,0.648427,147.760948,116.246768,179.275127,63.028359,0.978121,1.093172,1.081081,1.105263,0.024182,0.730398,0.747953,0.631419,0.864487,0.233068,1.000000,1.000000,1.000000,1.000000,0.000000,0.600000,8.000000,6.000000,10.000000,4.000000,59.810471,1.636874,1.333333,0.440791,0.373875,0.116111,4.242641,42.716778,1.169059,29.615578,0.810510,17.504685,0.479063,78.409582,117.357176,129.750812,104.963540,24.787273,0.808962
left,254,623,618,0,-1,0.350068,1492.500000,774.000000,2211.000000,1437.000000,0.689738,151.463973,123.652820,179.275127,55.622308,0.982456,1.115132,1.105263,1.125000,0.019737,0.735841,0.750306,0.636125,0.864487,0.228362,1.000000,1.000000,1.000000,1.000000,0.000000,0.600000,8.000000,6.000000,10.000000,4.000000,52.111497,1.392571,1.135802,0.501837,0.185930,0.394559,14.764823,38.678756,1.033609,24.678577,0.659484,12.963743,0.346429,75.190003,96.588374,101.441044,91.735705,9.705339,0.904325
left,255,623,617,0,-1,0.507010,1666.000000,1121.000000,2211.000000,1090.000000,0.738552,155.839550,132.403972,179.275127,46.871155,0.889016,1.174253,1.105263,1.243243,0.137980,0.929512,0.834019,0.803551,0.864487,0.060936,1.000000,1.000000,1.000000,1.000000,0.000000,0.600000,8.000000,6.000000,10.000000,4.000000,38.678437,0.960924,1.093333,0.689771,0.133103,0.811145,32.649655,32.672127,0.811704,19.272227,0.478798,10.904897,0.270920,71.689714,126.365160,132.351194,120.379126,11.972068,0.909543
left,256,623,615,0,-1,0.386703,1533.000000,855.000000,2211.000000,1356.000000,0.637291,146.762794,114.250460,179.275127,65.024667,0.953668,1.079659,1.054054,1.105263,0.051209,0.952142,0.843801,0.823114,0.864487,0.041373,1.000000,1.000000,1.000000,1.000000,0.000000,0.500000,7.500000,5.000000,10.000000,5.000000,39.132911,1.026280,1.380952,0.636738,0.159491,0.623373,23.769729,33.310701,0.873590,19.391504,0.508552,13.806327,0.362078,82.483544,103.255423,121.900157,84.610688,37.289469,0.694098
left,257,622,619,0,-1,0.898743,717.250000,679.000000,755.500000,76.500000,0.963905,118.423277,116.246768,120.599786,4.353018,0.948125,1.053041,1.025000,1.081081,0.056081,0.967312,0.642088,0.631419,0.652757,0.021337,1.000000,1.000000,1.000000,1.000000,0.000000,0.833333,5.500000,5.000000,6.000000,1.000000,19.406010,0.724862,1.052632,0.554658,0.190659,1.056487,28.284271,18.209181,0.680158,9.702433,0.362410,1.452005,0.054236,8.118630,105.388563,120.963757,89.813369,31.150387,0.742482
left,258,621,620,0,-1,0.817708,1483.250000,1334.500000,1632.000000,297.500000,0.920997,155.123476,148.743893,161.503059,12.759166,0.793007,1.173993,1.038462,1.309524,0.271062,0.964010,0.772115,0.757967,0.786264,0.028297,1.000000,1.000000,1.000000,1.000000,0.000000,0.833333,5.500000,5.000000,6.000000,1.000000,29.304386,0.761857,1.145161,0.881919,0.016518,1.360372,52.325902,23.688840,0.615864,14.651981,0.380923,2.751174,0.071525,81.904009,161.289268,173.088773,149.489763,23.599010,0.863659
left,259,620,616,0,-1,0.446078,1180.000000,728.000000,1632.000000,904.000000,0.715180,138.503398,115.503738,161.503059,45.999321,0.633208,1.339231,1.038462,1.640000,0.601538,0.872129,0.735994,0.685724,0.786264,0.100541,1.000000,1.000000,1.000000,1.000000,0.000000,0.666667,5.000000,4.000000,6.000000,2.000000,30.744907,0.912589,1.384615,0.701437,0.087712,1.059466,35.693137,26.540464,0.787791,14.596783,0.433271,10.513030,0.312054,54.992847,137.599819,143.914927,131.284711,12.630216,0.912238
left,260,620,614,0,-1,0.604473,1309.250000,986.500000,1632.000000,645.500000,0.773744,143.232581,124.962103,161.503059,36.540955,0.722408,1.237981,1.038462,1.437500,0.399038,0.990417,0.790068,0.786264,0.793872,0.007607,1.000000,1.000000,1.000000,1.000000,0.000000,1.000000,6.000000,6.000000,6.000000,0.000000,37.176208,1.035454,1.070423,0.554220,0.234103,0.596071,21.400935,30.553543,0.850995,18.561268,0.516979,6.698015,0.186557,56.813600,105.481878,120.963757,90.000000,30.963757,0.744025
left,261,619,618,0,-1,0.877261,726.500000,679.000000,774.000000,95.000000,0.940106,119.949794,116.246768,123.652820,7.406051,0.960961,1.103041,1.081081,1.125000,0.043919,0.992602,0.633772,0.631419,0.636125,0.004706,1.000000,1.000000,1.000000,1.000000,0.000000,1.000000,6.000000,6.000000,6.000000,0.000000,16.353719,0.607059,1.232558,0.850530,0.006194,1.733177,46.690470,13.349545,0.495543,7.948116,0.295039,0.909653,0.033767,2.324692,167.742731,172.184706,163.300756,8.883951,0.948405
left,262,618,615,0,-1,0.905263,814.500000,774.000000,855.000000,81.000000,0.923962,118.951640,114.250460,123.652820,9.402359,0.936937,1.089527,1.054054,1.125000,0.070946,0.772828,0.729620,0.636125,0.823114,0.186989,1.000000,1.000000,1.000000,1.000000,0.000000,0.833333,5.500000,5.000000,6.000000,1.000000,30.441916,1.066991,1.521739,0.540358,0.231737,0.758249,21.633308,27.505207,0.964059,13.888889,0.486806,4.397761,0.154142,48.795019,135.010362,173.948268,96.072456,77.875811,0.552305
left,263,618,613,0,-1,0.968711,786.500000,774.000000,799.000000,25.000000,0.893213,117.050553,110.448287,123.652820,13.204533,0.878049,1.203125,1.125000,1.281250,0.156250,0.772866,0.729600,0.636125,0.823074,0.186948,1.000000,1.000000,1.000000,1.000000,0.000000,1.000000,6.000000,6.000000,6.000000,0.000000,26.321528,0.938589,1.035088,0.538033,0.286078,0.756433,21.213203,22.841552,0.814498,12.802201,0.456509,3.604986,0.128549,48.031922,107.388129,119.538782,95.237476,24.301306,0.796708
left,264,617,615,0,-1,0.762712,988.000000,855.000000,1121.000000,266.000000,0.862893,123.327216,114.250460,132.403972,18.153512,0.847826,1.148649,1.054054,1.243243,0.189189,0.976233,0.813333,0.803551,0.823114,0.019563,1.000000,1.000000,1.000000,1.000000,0.000000,0.833333,5.500000,5.000000,6.000000,1.000000,32.789341,1.045550,1.392157,0.595341,0.234565,0.676423,21.213203,26.113704,0.832685,16.373247,0.522092,3.816587,0.121699,67.983844,122.718347,127.715976,117.720717,9.995259,0.921738
left,265,617,614,0,-1,0.880018,1053.750000,986.500000,1121.000000,134.500000,0.943794,128.683038,124.962103,132.403972,7.441869,0.864865,1.340372,1.243243,1.437500,0.194257,0.987954,0.798711,0.793872,0.803551,0.009679,1.000000,1.000000,1.000000,1.000000,0.000000,1.000000,6.000000,6.000000,6.000000,0.000000,25.616017,0.789522,1.113208,0.846843,0.029181,1.240921,40.261644,20.734722,0.639074,12.807972,0.394760,1.427030,0.043983,41.408876,158.643934,167.544305,149.743563,17.800742,0.893755
left,266,617,612,0,-1,0.514719,849.000000,577.000000,1121.000000,544.000000,0.774229,117.457508,102.511043,132.403972,29.892929,0.804348,1.121622,1.000000,1.243243,0.243243,0.858679,0.746772,0.689993,0.803551,0.113558,1.000000,1.000000,1.000000,1.000000,0.000000,0.833333,5.500000,5.000000,6.000000,1.000000,37.261707,1.296011,1.591837,0.471091,0.386337,0.384172,11.045361,29.951767,1.041761,17.442694,0.606680,9.493830,0.330208,71.142334,110.353651,127.438572,93.268730,34.169842,0.731872
left,267,617,610,0,-1,0.714013,1345.500000,1121.000000,1570.000000,449.000000,0.878765,141.537234,132.403972,150.670496,18.266524,0.871377,1.163288,1.083333,1.243243,0.159910,0.924614,0.836309,0.803551,0.869067,0.065516,1.000000,1.000000,1.000000,1.000000,0.000000,0.857143,6.500000,6.000000,7.000000,1.000000,45.167084,1.235684,1.740741,0.514420,0.234857,0.365002,13.341664,32.832589,0.898236,22.580684,0.617764,5.756353,0.157483,89.281810,90.760460,121.159305,60.361616,60.797688,0.498200
left,268,616,614,0,-1,0.737962,857.250000,728.000000,986.500000,258.500000,0.924310,120.232921,115.503738,124.962103,9.458366,0.876524,1.538750,1.437500,1.640000,0.202500,0.863771,0.739798,0.685724,0.793872,0.108148,1.000000,1.000000,1.000000,1.000000,0.000000,0.666667,5.000000,4.000000,6.000000,2.000000,32.635798,1.117854,1.500000,0.540388,0.263342,0.698615,20.396078,27.494888,0.941766,16.317896,0.558927,0.016415,0.000562,82.198571,127.726200,138.715289,116.737110,21.978179,0.841559
left,269,616,611,0,-1,0.518334,1066.250000,728.000000,1404.500000,676.500000,0.766622,133.084793,115.503738,150.665848,35.162111,0.999322,1.639444,1.638889,1.640000,0.001111,0.881957,0.731613,0.685724,0.777503,0.091779,1.000000,1.000000,1.000000,1.000000,0.000000,0.571429,5.500000,4.000000,7.000000,3.000000,23.655903,0.733993,1.053571,0.795304,0.053927,1.281568,41.303753,21.056484,0.653338,11.643303,0.361267,6.072252,0.188409,26.623868,156.747256,157.619865,155.874647,1.745218,0.988928
left,270,615,613,0,-1,0.934503,827.000000,799.000000,855.000000,56.000000,0.966721,112.349373,110.448287,114.250460,3.802173,0.822676,1.167652,1.054054,1.281250,0.227196,0.999951,0.823094,0.823074,0.823114,0.000041,1.000000,1.000000,1.000000,1.000000,0.000000,0.833333,5.500000,5.000000,6.000000,1.000000,24.290793,0.844795,1.040000,0.834113,0.039299,1.162348,33.421550,21.551562,0.749529,12.125188,0.421695,0.556547,0.019356,81.768766,168.634441,168.690068,168.578814,0.111254,0.999340
left,271,615,610,0,-1,0.544586,1212.500000,855.000000,1570.000000,715.000000,0.758280,132.460478,114.250460,150.670496,36.420036,0.972973,1.068694,1.054054,1.083333,0.029279,0.947124,0.846090,0.823114,0.869067,0.045953,1.000000,1.000000,1.000000,1.000000,0.000000,0.714286,6.000000,5.000000,7.000000,2.000000,43.185862,1.254243,1.261538,0.544848,0.152371,0.412777,14.212670,32.022552,0.930028,21.284312,0.618158,8.412164,0.244314,80.180807,100.381428,111.124719,89.638137,21.486582,0.806644
left,272,614,612,0,-1,0.584896,781.750000,577.000000,986.500000,409.500000,0.820337,113.736573,102.511043,124.962103,22.451061,0.695652,1.218750,1.000000,1.437500,0.437500,0.869149,0.741932,0.689993,0.793872,0.103879,1.000000,1.000000,1.000000,1.000000,0.000000,0.833333,5.500000,5.000000,6.000000,1.000000,29.912716,1.079308,1.651163,0.597743,0.153822,0.833016,23.086793,25.029030,0.903095,14.939972,0.539063,8.472595,0.305708,79.177359,128.403415,157.619865,99.186966,58.432899,0.629280
left,273,614,611,0,-1,0.702385,1195.500000,986.500000,1404.500000,418.000000,0.829399,137.813976,124.962103,150.665848,25.703745,0.877119,1.538194,1.437500,1.638889,0.201389,0.979381,0.785687,0.777503,0.793872,0.016369,1.000000,1.000000,1.000000,1.000000,0.000000,0.857143,6.500000,6.000000,7.000000,1.000000,44.835934,1.301757,1.082192,0.465737,0.288164,0.314048,10.816654,34.417531,0.999271,22.491701,0.653019,9.157000,0.265862,77.726276,90.991608,96.340192,85.643025,10.697167,0.888965
left,274,613,610,0,-1,0.508917,1184.500000,799.000000,1570.000000,771.000000,0.733045,130.559391,110.448287,150.670496,40.222209,0.845528,1.182292,1.083333,1.281250,0.197917,0.947078,0.846070,0.823074,0.869067,0.045993,1.000000,1.000000,1.000000,1.000000,0.000000,0.857143,6.500000,6.000000,7.000000,1.000000,42.433530,1.250071,1.250000,0.549802,0.231954,0.418698,14.212670,30.656648,0.903130,20.766254,0.611763,9.199956,0.271026,78.403863,110.882344,119.981639,101.783050,18.198590,0.848322
left,275,613,609,0,-1,0.872966,748.250000,697.500000,799.000000,101.500000,0.954279,107.923367,105.398446,110.448287,5.049840,0.906373,1.221270,1.161290,1.281250,0.119960,0.958621,0.806045,0.789016,0.823074,0.034058,1.000000,1.000000,1.000000,1.000000,0.000000,0.833333,5.500000,5.000000,6.000000,1.000000,31.389361,1.148178,1.203704,0.514907,0.285667,0.452452,12.369317,25.096703,0.918002,15.109074,0.552668,0.955961,0.034968,80.210749,101.352024,103.626995,99.077054,4.549941,0.956093
left,276,613,608,0,-1,0.834901,878.000000,799.000000,957.000000,158.000000,0.913652,115.667429,110.448287,120.886571,10.438284,0.843771,1.181166,1.081081,1.281250,0.200169,0.999832,0.823004,0.822935,0.823074,0.000138,1.000000,1.000000,1.000000,1.000000,0.000000,0.833333,5.500000,5.000000,6.000000,1.000000,34.419976,1.162798,1.531915,0.533717,0.278759,0.472957,14.000000,26.779094,0.904668,16.749754,0.565851,5.014047,0.169388,66.744763,100.569101,110.728954,90.409249,20.319705,0.816491
left,277,612,611,0,-1,0.410822,990.750000,577.000000,1404.500000,827.500000,0.680387,126.588446,102.511043,150.665848,48.154805,0.610169,1.319444,1.000000,1.638889,0.638889,0.887447,0.733748,0.689993,0.777503,0.087510,1.000000,1.000000,1.000000,1.000000,0.000000,0.714286,6.000000,5.000000,7.000000,2.000000,43.757084,1.423053,2.500000,0.459525,0.291194,0.331657,10.198039,33.580366,1.092089,21.623716,0.703239,16.207516,0.527095,88.967040,108.712104,111.384265,106.039943,5.344322,0.952019
left,278,612,610,0,-1,0.367516,1073.500000,577.000000,1570.000000,993.000000,0.680366,126.590769,102.511043,150.670496,48.159453,0.923077,1.041667,1.000000,1.083333,0.083333,0.793947,0.779530,0.689993,0.869067,0.179074,1.000000,1.000000,1.000000,1.000000,0.000000,0.714286,6.000000,5.000000,7.000000,2.000000,27.012212,0.848853,1.269231,0.826430,0.029343,1.139121,36.249138,23.163742,0.727915,13.475256,0.423457,9.864533,0.309991,64.434277,168.678793,172.199812,165.157773,7.042039,0.959105
left,279,612,605,0,-1,0.385438,1037.000000,577.000000,1497.000000,920.000000,0.696622,124.832721,102.511043,147.154400,44.643357,0.959184,1.021277,1.000000,1.042553,0.042553,0.794254,0.779362,0.689993,0.868731,0.178738,1.000000,1.000000,1.000000,1.000000,0.000000,0.714286,6.000000,5.000000,7.000000,2.000000,32.705709,1.043046,1.288462,0.615346,0.192864,0.699443,21.931712,27.448841,0.875395,15.417807,0.491703,9.711418,0.309715,66.371888,113.852037,123.550662,104.153413,19.397249,0.843002
left,280,611,607,0,-1,0.889769,1491.500000,1404.500000,1578.500000,174.000000,0.979444,152.246887,150.665848,153.827925,3.162077,0.854237,1.519444,1.400000,1.638889,0.238889,0.927508,0.807887,0.777503,0.838270,0.060768,1.000000,1.000000,1.000000,1.000000,0.000000,1.000000,7.000000,7.000000,7.000000,0.000000,49.563927,1.283923,1.661290,0.523408,0.219075,0.477653,18.439089,37.791112,0.978956,24.468318,0.633837,0.342746,0.008879,74.251228,122.366865,132.233834,112.499896,19.733938,0.850765
left,281,611,606,0,-1,0.705589,1197.750000,991.000000,1404.500000,413.500000,0.830156,137.870988,125.076128,150.665848,25.589720,0.610169,1.319444,1.000000,1.638889,0.638889,0.976714,0.786771,0.777503,0.796040,0.018537,1.000000,1.000000,1.000000,1.000000,0.000000,0.714286,6.000000,5.000000,7.000000,2.000000,32.192892,0.933712,1.118644,0.611405,0.240868,0.780947,26.925824,28.215498,0.818353,15.314653,0.444181,1.414297,0.041020,45.129688,117.450917,131.967297,102.934537,29.032760,0.780000
left,282,611,605,0,-1,0.938210,1450.750000,1404.500000,1497.000000,92.500000,0.976694,148.910124,147.154400,150.665848,3.511448,0.636134,1.340721,1.042553,1.638889,0.596336,0.894987,0.823117,0.777503,0.868731,0.091228,1.000000,1.000000,1.000000,1.000000,0.000000,1.000000,7.000000,7.000000,7.000000,0.000000,41.459385,1.088634,1.250000,0.577354,0.195416,0.610742,23.259407,32.375858,0.850120,19.335278,0.507703,5.008231,0.131505,64.447580,115.961321,144.462322,87.460320,57.002003,0.605420
left,283,610,608,0,-1,0.609554,1263.500000,957.000000,1570.000000,613.000000,0.802324,135.778533,120.886571,150.670496,29.783925,0.997921,1.082207,1.081081,1.083333,0.002252,0.946919,0.846001,0.822935,0.869067,0.046131,1.000000,1.000000,1.000000,1.000000,0.000000,0.714286,6.000000,5.000000,7.000000,2.000000,32.846289,0.931035,1.166667,0.709736,0.133755,0.850829,30.016662,26.371966,0.747519,16.363480,0.463826,5.935696,0.168249,67.853824,129.142091,129.289407,128.994774,0.294633,0.997721
left,284,610,605,0,-1,0.953503,1533.500000,1497.000000,1570.000000,73.000000,0.976664,148.912448,147.154400,150.670496,3.516096,0.962357,1.062943,1.042553,1.083333,0.040780,0.999613,0.868899,0.868731,0.869067,0.000336,1.000000,1.000000,1.000000,1.000000,0.000000,1.000000,7.000000,7.000000,7.000000,0.000000,43.534586,1.111791,1.214286,0.569744,0.169058,0.481852,18.867962,34.736055,0.887093,21.714991,0.554560,3.594022,0.091785,78.939433,107.859005,144.426445,71.291565,73.134880,0.493618
left,285,610,603,0,-1,0.706688,1339.750000,1109.500000,1570.000000,460.500000,0.877740,141.460007,132.249518,150.670496,18.420977,0.750000,1.263889,1.083333,1.444444,0.361111,0.917267,0.833117,0.797166,0.869067,0.071900,0.990625,0.995313,0.990625,1.000000,0.009375,1.000000,7.000000,7.000000,7.000000,0.000000,36.915771,1.012329,1.576923,0.607746,0.187535,0.651829,23.769729,31.199770,0.855581,18.316807,0.502296,6.345155,0.174001,82.004131,102.295879,108.189046,96.402712,11.786333,0.891058
left,286,609,608,0,-1,0.728840,827.250000,697.500000,957.000000,259.500000,0.871879,113.142509,105.398446,120.886571,15.488125,0.930931,1.121186,1.081081,1.161290,0.080209,0.958782,0.805976,0.789016,0.822935,0.033920,1.000000,1.000000,1.000000,1.000000,0.000000,1.000000,5.000000,5.000000,5.000000,0.000000,24.292715,0.847238,1.395349,0.828920,0.023874,1.184252,33.955854,20.223399,0.705316,12.143390,0.423516,3.343672,0.116615,83.800588,168.853934,171.744111,165.963757,5.780355,0.966343
left,287,609,604,0,-1,0.994982,695.750000,694.000000,697.500000,3.500000,0.982857,106.317604,105.398446,107.236762,1.838315,0.675169,1.440645,1.161290,1.720000,0.558710,0.961161,0.773694,0.758371,0.789016,0.030644,1.000000,1.000000,1.000000,1.000000,0.000000,0.714286,6.000000,5.000000,7.000000,2.000000,29.401263,1.114653,1.348837,0.505699,0.385196,0.505806,13.341664,24.907663,0.944293,13.898705,0.526924,3.195434,0.121144,65.859941,108.471286,119.319062,97.623511,21.695551,0.818172
left,288,608,604,0,-1,0.725183,825.500000,694.000000,957.000000,263.000000,0.887086,114.061666,107.236762,120.886571,13.649809,0.628536,1.400541,1.081081,1.720000,0.638919,0.921544,0.790653,0.758371,0.822935,0.064564,1.000000,1.000000,1.000000,1.000000,0.000000,0.714286,6.000000,5.000000,7.000000,2.000000,30.736329,1.073209,1.127273,0.577767,0.184131,0.674352,19.313208,24.089045,0.841108,14.411871,0.503214,5.945907,0.207611,75.703494,108.508365,126.384352,90.632378,35.751974,0.717117
left,289,608,603,0,-1,0.862551,1033.250000,957.000000,1109.500000,152.500000,0.914079,126.568045,120.886571,132.249518,11.362947,0.748441,1.262763,1.081081,1.444444,0.363363,0.968687,0.810051,0.797166,0.822935,0.025769,0.990625,0.995313,0.990625,1.000000,0.009375,0.714286,6.000000,5.000000,7.000000,2.000000,33.675847,1.048364,1.129032,0.612333,0.162836,0.734719,23.600847,25.550850,0.795424,16.510814,0.513999,1.280234,0.039855,82.987387,122.926509,134.602513,111.250506,23.352008,0.826511
left,290,607,606,0,-1,0.627811,1284.750000,991.000000,1578.500000,587.500000,0.813091,139.452027,125.076128,153.827925,28.751797,0.714286,1.200000,1.000000,1.400000,0.400000,0.949622,0.817155,0.796040,0.838270,0.042231,1.000000,1.000000,1.000000,1.000000,0.000000,0.714286,6.000000,5.000000,7.000000,2.000000,41.144709,1.155580,2.045455,0.597254,0.119673,0.651444,23.194827,32.728850,0.919214,20.566739,0.577632,8.148016,0.228843,83.413147,133.255268,150.977730,115.532806,35.444923,0.765231
left,291,607,599,0,-1,0.775103,1401.000000,1223.500000,1578.500000,355.000000,0.878503,144.483080,135.138235,153.827925,18.689690,0.749129,1.224390,1.048780,1.400000,0.351220,0.995696,0.840082,0.838270,0.841894,0.003624,1.000000,1.000000,1.000000,1.000000,0.000000,0.857143,6.500000,6.000000,7.000000,1.000000,34.503921,0.923690,1.275862,0.736685,0.112241,0.941548,35.171011,29.136985,0.780014,17.097655,0.457714,1.690478,0.045255,79.871865,131.418948,145.811721,117.026174,28.785547,0.802584
left,292,607,596,0,-1,0.840988,1453.000000,1327.500000,1578.500000,251.000000,0.900841,146.201211,138.574497,153.827925,15.253428,0.765306,1.235714,1.071429,1.400000,0.328571,0.964953,0.853493,0.838270,0.868716,0.030446,1.000000,1.000000,1.000000,1.000000,0.000000,1.000000,7.000000,7.000000,7.000000,0.000000,42.511060,1.116285,1.039474,0.524886,0.282519,0.375967,14.317821,34.065887,0.894526,20.219443,0.530936,2.289771,0.060126,60.894974,94.695584,99.496105,89.895063,9.601042,0.903503
left,293,606,605,0,-1,0.661991,1244.000000,991.000000,1497.000000,506.000000,0.849965,136.115264,125.076128,147.154400,22.078272,0.959184,1.021277,1.000000,1.042553,0.042553,0.916325,0.832385,0.796040,0.868731,0.072691,1.000000,1.000000,1.000000,1.000000,0.000000,0.714286,6.000000,5.000000,7.000000,2.000000,32.450649,0.924899,1.551020,0.793692,0.034365,1.051091,36.878178,27.581597,0.786123,16.159177,0.460564,4.946946,0.140996,75.697645,167.449936,169.605143,165.294728,4.310415,0.974586
left,294,606,602,0,-1,0.530777,758.500000,526.000000,991.000000,465.000000,0.779406,111.280624,97.485120,125.076128,27.591009,0.600000,1.333333,1.000000,1.666667,0.666667,0.873744,0.745787,0.695535,0.796040,0.100505,1.000000,1.000000,1.000000,1.000000,0.000000,1.000000,5.000000,5.000000,5.000000,0.000000,33.030548,1.214027,1.000000,0.503966,0.282795,0.515876,14.035669,25.815476,0.948840,13.743006,0.505120,7.957377,0.292471,54.875047,107.838635,113.148463,102.528808,10.619655,0.906144
left,295,606,596,0,-1,0.746516,1159.250000,991.000000,1327.500000,336.500000,0.902591,131.825313,125.076128,138.574497,13.498369,0.933333,1.035714,1.000000,1.071429,0.071429,0.916341,0.832378,0.796040,0.868716,0.072676,1.000000,1.000000,1.000000,1.000000,0.000000,0.714286,6.000000,5.000000,7.000000,2.000000,35.157961,1.035351,1.220339,0.626976,0.126806,0.707992,24.041631,25.966206,0.764667,17.006959,0.500831,4.440635,0.130770,75.887278,104.005244,109.526165,98.484322,11.041843,0.899185
left,296,605,603,0,-1,0.741149,1303.250000,1109.500000,1497.000000,387.500000,0.898713,139.701959,132.249518,147.154400,14.904882,0.721768,1.243499,1.042553,1.444444,0.401891,0.917622,0.832949,0.797166,0.868731,0.071564,0.990625,0.995313,0.990625,1.000000,0.009375,1.000000,7.000000,7.000000,7.000000,0.000000,46.177604,1.282707,1.459016,0.531856,0.243622,0.433901,15.620499,33.929507,0.942483,21.902759,0.608408,4.180655,0.116129,75.976143,116.999454,126.614400,107.384509,19.229891,0.848122
left,297,605,602,0,-1,0.351369,1011.500000,526.000000,1497.000000,971.000000,0.662468,122.319760,97.485120,147.154400,49.669280,0.625532,1.354610,1.042553,1.666667,0.624113,0.800634,0.782133,0.695535,0.868731,0.173196,1.000000,1.000000,1.000000,1.000000,0.000000,0.714286,6.000000,5.000000,7.000000,2.000000,31.856809,1.033879,1.240741,0.565195,0.222936,0.528312,16.278821,27.175453,0.881951,15.675551,0.508734,14.252947,0.462564,84.928783,91.901571,102.246333,81.556809,20.689524,0.797650
left,298,605,594,0,-1,0.946271,1539.500000,1497.000000,1582.000000,85.000000,0.964556,149.858074,147.154400,152.561748,5.407348,0.978723,1.053885,1.042553,1.065217,0.022664,0.983195,0.861431,0.854132,0.868731,0.014599,1.000000,1.000000,1.000000,1.000000,0.000000,0.777778,8.000000,7.000000,9.000000,2.000000,49.797825,1.269293,1.314286,0.526530,0.190971,0.364946,14.317821,36.735222,0.936341,24.764375,0.631217,3.432444,0.087489,88.332947,95.976676,113.148463,78.804889,34.343574,0.696473
left,299,604,603,0,-1,0.625507,901.750000,694.000000,1109.500000,415.500000,0.810867,119.743140,107.236762,132.249518,25.012756,0.839793,1.582222,1.444444,1.720000,0.275556,0.951334,0.777769,0.758371,0.797166,0.038795,0.990625,0.995313,0.990625,1.000000,0.009375,1.000000,7.000000,7.000000,7.000000,0.000000,45.301909,1.518847,2.638889,0.453758,0.286942,0.268218,8.000000,30.625185,1.026777,22.650355,0.759403,6.539414,0.219248,89.984330,125.729501,129.093859,122.365143,6.728716,0.947877
left,300,604,600,0,-1,0.932796,719.000000,694.000000,744.000000,50.000000,0.959038,109.526877,107.236762,111.816992,4.580230,0.968992,1.693333,1.666667,1.720000,0.053333,0.986019,0.753070,0.747769,0.758371,0.010603,1.000000,1.000000,1.000000,1.000000,0.000000,0.857143,6.500000,6.000000,7.000000,1.000000,26.972222,1.006046,1.476190,0.591529,0.154729,0.825656,22.135944,19.427661,0.724639,11.920768,0.444637,1.086162,0.040513,43.804977,112.732905,122.471192,102.994617,19.476575,0.840970
left,301,604,598,0,-1,0.800923,780.250000,694.000000,866.500000,172.500000,0.917264,112.073071,107.236762,116.909381,9.672619,0.662145,1.429444,1.138889,1.720000,0.581111,0.951924,0.777522,0.758371,0.796672,0.038301,1.000000,1.000000,1.000000,1.000000,0.000000,1.000000,7.000000,7.000000,7.000000,0.000000,38.836860,1.392495,1.500000,0.473272,0.305351,0.369150,10.295630,29.693691,1.064667,17.475565,0.626586,4.573114,0.163969,60.890799,112.045778,113.907660,110.183895,3.723766,0.967309
left,302,604,597,0,-1,0.796830,623.500000,553.000000,694.000000,141.000000,0.886570,101.154851,95.072941,107.236762,12.163821,0.601443,1.377241,1.034483,1.720000,0.685517,0.986418,0.763593,0.758371,0.768814,0.010442,1.000000,1.000000,1.000000,1.000000,0.000000,0.714286,6.000000,5.000000,7.000000,2.000000,27.099647,1.087033,1.000000,0.508039,0.263833,0.535167,13.341664,22.121962,0.887366,13.207491,0.529785,0.341146,0.013684,70.957803,97.155521,108.434949,85.876092,22.558856,0.791960
left,303,603,600,0,-1,0.670572,926.750000,744.000000,1109.500000,365.500000,0.845500,122.033255,111.816992,132.249518,20.432526,0.866667,1.555556,1.444444,1.666667,0.222222,0.938033,0.772467,0.747769,0.797166,0.049398,0.990625,0.995313,0.990625,1.000000,0.009375,0.857143,6.500000,6.000000,7.000000,1.000000,32.013707,1.056810,1.586957,0.601816,0.136768,0.781327,23.668551,23.460114,0.774446,15.207254,0.502009,5.173796,0.170793,58.215187,113.522704,118.610460,108.434949,10.175511,0.914211
left,304,603,594,0,-1,0.701327,1345.750000,1109.500000,1582.000000,472.500000,0.866859,142.405633,132.249518,152.561748,20.312230,0.737458,1.254831,1.065217,1.444444,0.379227,0.933306,0.825649,0.797166,0.854132,0.056966,0.990625,0.995313,0.990625,1.000000,0.009375,0.777778,8.000000,7.000000,9.000000,2.000000,32.071034,0.877654,1.030769,0.769646,0.100873,1.028683,37.589892,25.137749,0.687918,15.971090,0.437064,4.407388,0.120612,84.495290,142.883318,154.580712,131.185925,23.394786,0.848656
left,305,602,596,0,-1,0.396234,926.750000,526.000000,1327.500000,801.500000,0.703485,118.029808,97.485120,138.574497,41.089377,0.642857,1.369048,1.071429,1.666667,0.595238,0.800647,0.782125,0.695535,0.868716,0.173181,1.000000,1.000000,1.000000,1.000000,0.000000,0.714286,6.000000,5.000000,7.000000,2.000000,39.501333,1.330693,1.880952,0.528244,0.239007,0.439229,13.038405,29.464548,0.992581,19.435700,0.654736,10.764310,0.362620,75.889288,129.739174,158.986870,100.491477,58.495393,0.632074
left,306,602,594,0,-1,0.332491,1054.000000,526.000000,1582.000000,1056.000000,0.638988,125.023434,97.485120,152.561748,55.076629,0.639130,1.365942,1.065217,1.666667,0.601449,0.814318,0.774834,0.695535,0.854132,0.158597,1.000000,1.000000,1.000000,1.000000,0.000000,0.555556,7.000000,5.000000,9.000000,4.000000,39.024017,1.244606,1.571429,0.582953,0.169592,0.588084,18.439089,30.486621,0.972320,16.974435,0.541371,10.154868,0.323872,48.279371,129.577828,144.605204,114.550452,30.054752,0.792160
left,307,602,593,0,-1,0.607040,696.250000,526.000000,866.500000,340.500000,0.824086,107.889970,97.485120,118.294820,20.809701,0.806250,1.505208,1.343750,1.666667,0.322917,0.893865,0.736828,0.695535,0.778121,0.082586,1.000000,1.000000,1.000000,1.000000,0.000000,1.000000,5.000000,5.000000,5.000000,0.000000,19.639159,0.750000,1.069767,0.839284,0.016517,1.363086,35.693137,17.207614,0.657142,9.581783,0.365919,4.150831,0.158516,44.117297,170.942792,179.288288,162.597296,16.690992,0.906904
left,308,601,598,0,-1,0.881485,924.750000,866.500000,983.000000,116.500000,0.933903,121.046503,116.909381,125.183625,8.274244,0.920804,1.187865,1.138889,1.236842,0.097953,0.989438,0.792465,0.788258,0.796672,0.008414,1.000000,1.000000,1.000000,1.000000,0.000000,0.714286,6.000000,5.000000,7.000000,2.000000,27.930974,0.918945,1.543478,0.745389,0.039740,1.077714,32.756679,21.723216,0.714706,13.792503,0.453781,2.745218,0.090319,66.963679,152.650460,167.811367,137.489553,30.321814,0.819310
left,309,601,595,0,-1,0.838759,903.750000,824.500000,983.000000,158.500000,0.962794,122.854842,120.526059,125.183625,4.657565,0.887300,1.315391,1.236842,1.393939,0.157097,0.904837,0.750751,0.713245,0.788258,0.075013,1.000000,1.000000,1.000000,1.000000,0.000000,1.000000,5.000000,5.000000,5.000000,0.000000,29.025464,0.966437,1.107143,0.671360,0.067497,1.028416,30.886890,21.867167,0.728093,14.148338,0.471086,1.881930,0.062661,59.775906,116.470191,130.301319,102.639062,27.662257,0.787705
left,310,600,597,0,-1,0.743280,648.500000,553.000000,744.000000,191.000000,0.850255,103.444966,95.072941,111.816992,16.744052,0.620690,1.350575,1.034483,1.666667,0.632184,0.972626,0.758291,0.747769,0.768814,0.021045,1.000000,1.000000,1.000000,1.000000,0.000000,0.833333,5.500000,5.000000,6.000000,1.000000,31.865284,1.254729,2.121212,0.532869,0.217039,0.630017,16.000000,27.392796,1.078620,15.671298,0.617074,5.812131,0.228859,80.033179,139.562775,148.570434,130.555116,18.015318,0.878742
left,311,600,594,0,-1,0.470291,1163.000000,744.000000,1582.000000,838.000000,0.732929,132.189370,111.816992,152.561748,40.744756,0.639130,1.365942,1.065217,1.666667,0.601449,0.875472,0.800950,0.747769,0.854132,0.106364,1.000000,1.000000,1.000000,1.000000,0.000000,0.666667,7.500000,6.000000,9.000000,3.000000,44.288526,1.321045,1.755102,0.489432,0.338994,0.298282,10.000000,32.803055,0.978455,21.806528,0.650449,8.838277,0.263630,79.580877,109.167478,110.203615,108.131340,2.072275,0.981196
left,312,600,592,0,-1,0.728341,882.750000,744.000000,1021.500000,277.500000,0.835040,122.861588,111.816992,133.906183,22.089191,0.787879,1.891026,1.666667,2.115385,0.448718,0.957370,0.731830,0.715891,0.747769,0.031877,1.000000,1.000000,1.000000,1.000000,0.000000,1.000000,6.000000,6.000000,6.000000,0.000000,20.807037,0.702498,1.122449,0.808057,0.057774,1.350923,40.012498,17.875660,0.603527,10.365973,0.349981,2.400616,0.081051,12.356097,150.656772,163.300756,138.012788,25.287968,0.845145
left,313,599,596,0,-1,0.921657,1275.500000,1223.500000,1327.500000,104.000000,0.975203,136.856366,135.138235,138.574497,3.436262,0.978862,1.060105,1.048780,1.071429,0.022648,0.969125,0.855305,0.841894,0.868716,0.026822,1.000000,1.000000,1.000000,1.000000,0.000000,0.857143,6.500000,6.000000,7.000000,1.000000,35.716475,1.000273,1.625000,0.715852,0.090161,0.869538,31.048349,29.136150,0.815985,17.686863,0.495337,1.072163,0.030027,71.729707,143.536838,153.078763,133.994914,19.083849,0.875333
left,314,599,590,0,-1,0.899060,1161.750000,1100.000000,1223.500000,123.500000,0.931514,130.510697,125.883158,135.138235,9.255078,0.905765,1.103338,1.048780,1.157895,0.109114,0.965139,0.857098,0.841894,0.872303,0.030409,1.000000,1.000000,1.000000,1.000000,0.000000,1.000000,6.000000,6.000000,6.000000,0.000000,36.524605,1.071970,1.509804,0.602008,0.181192,0.598610,20.396078,25.401259,0.745508,18.243286,0.535427,2.449194,0.071882,73.131009,112.689610,115.615484,109.763736,5.851748,0.949386
left,315,598,597,0,-1,0.638200,709.750000,553.000000,866.500000,313.500000,0.813219,105.991161,95.072941,116.909381,21.836440,0.908326,1.086686,1.034483,1.138889,0.104406,0.965031,0.782743,0.768814,0.796672,0.027859,1.000000,1.000000,1.000000,1.000000,0.000000,0.714286,6.000000,5.000000,7.000000,2.000000,22.640794,0.855139,1.459459,0.794350,0.041916,1.173299,31.064449,18.707345,0.706573,10.666313,0.402865,3.771485,0.142448,43.397454,163.531874,163.940013,163.123735,0.816277,0.995021
left,316,598,595,0,-1,0.951529,845.500000,824.500000,866.500000,42.000000,0.969993,118.717720,116.909381,120.526059,3.616679,0.817029,1.266414,1.138889,1.393939,0.255051,0.895280,0.754959,0.713245,0.796672,0.083428,1.000000,1.000000,1.000000,1.000000,0.000000,0.714286,6.000000,5.000000,7.000000,2.000000,46.570215,1.601714,1.869565,0.397844,0.412182,0.108762,3.162278,34.118347,1.173450,23.762378,0.817272,0.752638,0.025886,88.611307,112.774423,133.339718,92.209128,41.130590,0.691535
left,317,598,589,0,-1,0.781335,987.750000,866.500000,1109.000000,242.500000,0.888091,124.275329,116.909381,131.641278,14.731898,0.830440,1.255159,1.138889,1.371429,0.232540,0.990655,0.800430,0.796672,0.804187,0.007515,1.000000,1.000000,1.000000,1.000000,0.000000,0.857143,6.500000,6.000000,7.000000,1.000000,32.303333,1.029785,1.277778,0.502602,0.286257,0.419297,13.152946,26.355178,0.840166,16.113048,0.513661,1.933517,0.061638,80.217404,85.315557,105.679524,64.951591,40.727933,0.614609
left,318,598,587,0,-1,0.531758,1248.000000,866.500000,1629.500000,763.000000,0.748426,136.558175,116.909381,156.206969,39.297589,0.988470,1.145531,1.138889,1.152174,0.013285,0.949328,0.817934,0.796672,0.839196,0.042524,1.000000,1.000000,1.000000,1.000000,0.000000,1.000000,7.000000,7.000000,7.000000,0.000000,49.623301,1.421801,1.077922,0.498830,0.258013,0.320338,11.180340,35.168010,1.007630,23.803454,0.682014,11.149283,0.319448,74.035578,100.645986,109.631689,91.660282,17.971407,0.836075
left,319,597,592,0,-1,0.541361,787.250000,553.000000,1021.500000,468.500000,0.709997,114.489562,95.072941,133.906183,38.833242,0.489028,1.574934,1.034483,2.115385,1.080902,0.931163,0.742352,0.715891,0.768814,0.052923,1.000000,1.000000,1.000000,1.000000,0.000000,0.833333,5.500000,5.000000,6.000000,1.000000,35.885416,1.293707,1.688889,0.484552,0.247698,0.485017,13.453624,28.308865,1.020565,17.405596,0.627490,10.937227,0.394299,72.511046,120.843607,150.255119,91.432096,58.823023,0.608512
left,320,597,589,0,-1,0.498647,831.000000,553.000000,1109.000000,556.000000,0.722212,113.357110,95.072941,131.641278,36.568338,0.754310,1.202956,1.034483,1.371429,0.336946,0.956013,0.786501,0.768814,0.804187,0.035374,1.000000,1.000000,1.000000,1.000000,0.000000,0.833333,5.500000,5.000000,6.000000,1.000000,29.980106,1.055310,1.270833,0.614961,0.137485,0.746712,21.213203,22.984652,0.809068,13.975525,0.491943,5.862704,0.206369,62.919723,108.906223,131.924674,85.887771,46.036903,0.651036
left,321,596,593,0,-1,0.652731,1097.000000,866.500000,1327.500000,461.000000,0.853655,128.434659,118.294820,138.574497,20.279677,0.797342,1.207589,1.071429,1.343750,0.272321,0.895714,0.823418,0.778121,0.868716,0.090595,1.000000,1.000000,1.000000,1.000000,0.000000,0.714286,6.000000,5.000000,7.000000,2.000000,42.563324,1.292319,1.596154,0.497848,0.292616,0.327012,10.770330,32.765938,0.994848,21.279934,0.646107,3.506304,0.106459,89.365613,101.881911,106.852595,96.911227,9.941368,0.906962
left,322,596,591,0,-1,0.806403,1199.000000,1070.500000,1327.500000,257.000000,0.910672,132.385176,126.195854,138.574497,12.378643,0.908385,1.125458,1.071429,1.179487,0.108059,0.972363,0.856712,0.844708,0.868716,0.024008,1.000000,1.000000,1.000000,1.000000,0.000000,0.857143,6.500000,6.000000,7.000000,1.000000,32.443346,0.938301,1.169492,0.712339,0.141993,0.854523,29.546573,25.828507,0.746992,16.218588,0.469061,2.002895,0.057926,82.925770,129.234100,141.084694,117.383507,23.701187,0.832007
left,323,596,590,0,-1,0.828625,1213.750000,1100.000000,1327.500000,227.500000,0.908415,132.228827,125.883158,138.574497,12.691339,0.925325,1.114662,1.071429,1.157895,0.086466,0.995888,0.870509,0.868716,0.872303,0.003587,1.000000,1.000000,1.000000,1.000000,0.000000,0.857143,6.500000,6.000000,7.000000,1.000000,40.968752,1.177244,1.000000,0.562695,0.223893,0.454343,15.811388,32.611721,0.937103,20.375677,0.585499,4.930048,0.141666,79.650145,106.907149,116.241350,97.572949,18.668401,0.839400
left,324,595,587,0,-1,0.505983,1227.000000,824.500000,1629.500000,805.000000,0.771579,138.366514,120.526059,156.206969,35.680910,0.826560,1.273057,1.152174,1.393939,0.241765,0.849914,0.776220,0.713245,0.839196,0.125951,1.000000,1.000000,1.000000,1.000000,0.000000,0.714286,6.000000,5.000000,7.000000,2.000000,27.002710,0.781768,1.142857,0.859497,0.031581,1.263955,43.657760,22.486959,0.651030,13.475126,0.390124,7.250581,0.209915,63.715305,147.311782,159.623565,135.000000,24.623565,0.845740
left,325,594,593,0,-1,0.547724,1224.250000,866.500000,1582.000000,715.500000,0.775390,135.428284,118.294820,152.561748,34.266928,0.792720,1.204484,1.065217,1.343750,0.278533,0.911007,0.816126,0.778121,0.854132,0.076011,1.000000,1.000000,1.000000,1.000000,0.000000,0.555556,7.000000,5.000000,9.000000,4.000000,36.924831,1.067026,1.653061,0.552778,0.196855,0.504669,17.464249,29.827589,0.861935,18.438112,0.532811,5.286847,0.152775,65.663855,99.712778,133.264295,66.161260,67.103036,0.496467
left,326,594,592,0,-1,0.645702,1301.750000,1021.500000,1582.000000,560.500000,0.877718,143.233966,133.906183,152.561748,18.655565,0.503557,1.590301,1.065217,2.115385,1.050167,0.838150,0.785012,0.715891,0.854132,0.138241,1.000000,1.000000,1.000000,1.000000,0.000000,0.666667,7.500000,6.000000,9.000000,3.000000,44.333259,1.236024,1.792453,0.546356,0.172652,0.582157,20.880613,32.795673,0.914353,22.165986,0.617994,5.126103,0.142917,89.058269,124.417607,160.267311,88.567904,71.699407,0.552626
left,327,594,588,0,-1,0.509798,1194.250000,806.500000,1582.000000,775.500000,0.777022,135.552795,118.543842,152.561748,34.017906,0.702590,1.290673,1.065217,1.516129,0.450912,0.844367,0.787666,0.721201,0.854132,0.132931,1.000000,1.000000,1.000000,1.000000,0.000000,0.555556,7.000000,5.000000,9.000000,4.000000,37.668034,1.105067,1.000000,0.514313,0.339753,0.433156,14.764823,28.449953,0.834636,18.601745,0.545719,8.218553,0.241108,80.012616,102.053700,108.912972,95.194429,13.718543,0.874041
left,328,594,584,0,-1,0.551517,1227.250000,872.500000,1582.000000,709.500000,0.792087,136.701961,120.842174,152.561748,31.719574,0.878804,1.138669,1.065217,1.212121,0.146904,0.879049,0.802478,0.750824,0.854132,0.103308,1.000000,1.000000,1.000000,1.000000,0.000000,0.666667,7.500000,6.000000,9.000000,3.000000,44.837540,1.293780,1.913043,0.480716,0.269098,0.289988,10.049876,31.953921,0.922025,22.160497,0.639437,6.764962,0.195202,72.859472,86.245907,93.677191,78.814623,14.862568,0.841343
left,329,594,583,0,-1,0.639064,1296.500000,1011.000000,1582.000000,571.000000,0.832110,139.754943,126.948138,152.561748,25.613610,0.935313,1.102053,1.065217,1.138889,0.073671,0.922961,0.821231,0.788331,0.854132,0.065802,1.000000,1.000000,1.000000,1.000000,0.000000,0.666667,7.500000,6.000000,9.000000,3.000000,50.203461,1.402908,1.328358,0.476875,0.254724,0.253048,9.055385,34.158043,0.954527,23.532555,0.657604,6.540168,0.182761,62.388912,99.964708,113.236162,86.693254,26.542908,0.765597
left,330,593,591,0,-1,0.809435,968.500000,866.500000,1070.500000,204.000000,0.937391,122.245337,118.294820,126.195854,7.901034,0.877758,1.261619,1.179487,1.343750,0.164263,0.921172,0.811414,0.778121,0.844708,0.066587,1.000000,1.000000,1.000000,1.000000,0.000000,0.833333,5.500000,5.000000,6.000000,1.000000,30.799548,0.991058,1.428571,0.700918,0.092411,0.935369,29.068884,25.709574,0.827275,15.033127,0.483731,3.448970,0.110980,71.237288,146.105817,156.447736,135.763898,20.683838,0.867791
left,331,593,588,0,-1,0.930756,836.500000,806.500000,866.500000,60.000000,0.997899,118.419331,118.294820,118.543842,0.249021,0.886303,1.429940,1.343750,1.516129,0.172379,0.926850,0.749661,0.721201,0.778121,0.056920,1.000000,1.000000,1.000000,1.000000,0.000000,1.000000,5.000000,5.000000,5.000000,0.000000,26.978214,0.932932,1.018182,0.606107,0.174537,0.874836,25.298221,23.355735,0.807663,13.214105,0.456956,2.294337,0.079340,53.917793,111.356702,131.541276,91.172129,40.369147,0.693107
left,332,592,589,0,-1,0.921100,1065.250000,1021.500000,1109.000000,87.500000,0.983086,132.773731,131.641278,133.906183,2.264905,0.648312,1.743407,1.371429,2.115385,0.743956,0.890204,0.760039,0.715891,0.804187,0.088296,1.000000,1.000000,1.000000,1.000000,0.000000,1.000000,6.000000,6.000000,6.000000,0.000000,48.564868,1.488292,2.238095,0.454354,0.282563,0.349412,11.401754,33.234965,1.018500,21.529779,0.659790,2.914793,0.089325,45.615410,119.529117,123.857110,115.201124,8.655986,0.930113
left,333,592,586,0,-1,0.884416,1088.250000,1021.500000,1155.000000,133.500000,0.989923,134.587745,133.906183,135.269307,1.363124,0.675325,1.771978,1.428571,2.115385,0.686813,0.902513,0.754555,0.715891,0.793219,0.077328,1.000000,1.000000,1.000000,1.000000,0.000000,0.833333,5.500000,5.000000,6.000000,1.000000,30.643563,0.929350,1.365385,0.586035,0.210430,0.805828,26.570661,25.271186,0.766418,14.757481,0.447561,3.712473,0.112591,49.797803,99.631049,116.387115,82.874984,33.512131,0.712063
left,334,592,583,0,-1,0.989721,1016.250000,1011.000000,1021.500000,10.500000,0.948038,130.427161,126.948138,133.906183,6.958045,0.538384,1.627137,1.138889,2.115385,0.976496,0.908110,0.752111,0.715891,0.788331,0.072439,1.000000,1.000000,1.000000,1.000000,0.000000,1.000000,6.000000,6.000000,6.000000,0.000000,33.171364,1.040554,1.032258,0.539017,0.267651,0.677164,21.587033,28.755721,0.902039,16.083671,0.504529,0.960917,0.030143,62.866663,104.921848,113.039436,96.804260,16.235176,0.856376
left,335,591,590,0,-1,0.973182,1085.250000,1070.500000,1100.000000,29.500000,0.997522,126.039506,125.883158,126.195854,0.312696,0.981693,1.168691,1.157895,1.179487,0.021592,0.968365,0.858505,0.844708,0.872303,0.027595,1.000000,1.000000,1.000000,1.000000,0.000000,1.000000,6.000000,6.000000,6.000000,0.000000,39.275938,1.192262,2.073171,0.581161,0.191431,0.537910,17.720045,29.824296,0.905348,19.001483,0.576810,0.580890,0.017634,74.490993,118.633630,121.342357,115.924902,5.417456,0.955354
left,336,591,588,0,-1,0.753386,938.500000,806.500000,1070.500000,264.000000,0.939364,122.369848,118.543842,126.195854,7.652012,0.777960,1.347808,1.179487,1.516129,0.336642,0.853788,0.782954,0.721201,0.844708,0.123507,1.000000,1.000000,1.000000,1.000000,0.000000,0.833333,5.500000,5.000000,6.000000,1.000000,41.554806,1.359835,1.844444,0.497083,0.332445,0.440255,13.453624,31.343586,1.025684,17.883027,0.585202,3.385783,0.110796,49.413686,124.664110,136.948085,112.380135,24.567950,0.820604
left,337,591,582,0,-1,0.941149,1039.000000,1007.500000,1070.500000,63.000000,0.959095,123.614818,121.033782,126.195854,5.162072,0.989130,1.173077,1.166667,1.179487,0.012821,0.977383,0.854481,0.844708,0.864255,0.019547,1.000000,1.000000,1.000000,1.000000,0.000000,1.000000,6.000000,6.000000,6.000000,0.000000,36.473480,1.131669,1.092308,0.552010,0.225457,0.461252,14.866069,28.062549,0.870701,18.234726,0.565772,0.409193,0.012696,86.446843,101.699602,107.987335,95.411869,12.575465,0.883547
left,338,591,581,0,-1,0.798881,1205.250000,1070.500000,1340.000000,269.500000,0.854418,136.946958,126.195854,147.698061,21.502207,0.758242,1.367521,1.179487,1.555556,0.376068,0.913816,0.808307,0.771907,0.844708,0.072800,1.000000,1.000000,1.000000,1.000000,0.000000,0.857143,6.500000,6.000000,7.000000,1.000000,36.699259,1.058767,1.074627,0.568588,0.156399,0.621444,21.540659,28.336547,0.817504,17.680025,0.510066,3.947801,0.113893,62.411051,99.662741,136.087764,63.237718,72.850046,0.464683
left,339,590,585,0,-1,0.938636,1066.250000,1032.500000,1100.000000,67.500000,0.997459,125.723223,125.563288,125.883158,0.319869,0.886364,1.092105,1.026316,1.157895,0.131579,0.943425,0.847627,0.822952,0.872303,0.049351,1.000000,1.000000,1.000000,1.000000,0.000000,1.000000,6.000000,6.000000,6.000000,0.000000,32.695024,1.001398,1.122807,0.652730,0.161313,0.747736,24.413111,26.329947,0.806445,16.195831,0.496053,1.935564,0.059283,76.740161,117.634853,138.399714,96.869992,41.529722,0.699929
left,340,590,582,0,-1,0.915909,1053.750000,1007.500000,1100.000000,92.500000,0.961477,123.458470,121.033782,125.883158,4.849376,0.992481,1.162281,1.157895,1.166667,0.008772,0.990774,0.868279,0.864255,0.872303,0.008048,1.000000,1.000000,1.000000,1.000000,0.000000,1.000000,6.000000,6.000000,6.000000,0.000000,30.202846,0.930644,1.107143,0.796945,0.063345,0.995603,32.310989,24.741250,0.762355,14.945017,0.460503,1.498412,0.046171,79.063630,154.301313,159.939397,148.663229,11.276168,0.929497
left,341,589,587,0,-1,0.680577,1369.250000,1109.000000,1629.500000,520.500000,0.842736,143.924124,131.641278,156.206969,24.565691,0.840127,1.261801,1.152174,1.371429,0.219255,0.958283,0.821692,0.804187,0.839196,0.035009,1.000000,1.000000,1.000000,1.000000,0.000000,0.857143,6.500000,6.000000,7.000000,1.000000,41.946496,1.138787,2.086957,0.623697,0.098959,0.718796,26.476405,30.903615,0.838989,20.082003,0.545198,5.442448,0.147755,62.716782,132.304442,144.688787,119.920097,24.768689,0.828814
left,342,589,586,0,-1,0.960173,1132.000000,1109.000000,1155.000000,46.000000,0.973179,133.455293,131.641278,135.269307,3.628028,0.960000,1.400000,1.371429,1.428571,0.057143,0.986361,0.798703,0.793219,0.804187,0.010968,1.000000,1.000000,1.000000,1.000000,0.000000,0.833333,5.500000,5.000000,6.000000,1.000000,32.618757,0.969542,1.622222,0.739075,0.044832,1.050883,35.355339,25.817134,0.767374,15.340636,0.455977,0.742087,0.022057,67.411801,163.058090,164.192287,161.923893,2.268394,0.986185
left,343,589,578,0,-1,0.721770,1322.750000,1109.000000,1536.500000,427.500000,0.884781,140.212646,131.641278,148.784013,17.142734,0.898740,1.301993,1.232558,1.371429,0.138870,0.921992,0.838208,0.804187,0.872228,0.068040,1.000000,1.000000,1.000000,1.000000,0.000000,0.857143,6.500000,6.000000,7.000000,1.000000,36.654852,1.011170,1.109375,0.615832,0.173124,0.663219,24.041631,31.371095,0.865411,18.299594,0.504817,3.395932,0.093681,87.755434,110.886572,144.037917,77.735226,66.302691,0.539686
left,344,588,584,0,-1,0.924355,839.500000,806.500000,872.500000,66.000000,0.980981,119.693008,118.543842,120.842174,2.298332,0.799484,1.364125,1.212121,1.516129,0.304008,0.960546,0.736013,0.721201,0.750824,0.029623,1.000000,1.000000,1.000000,1.000000,0.000000,0.833333,5.500000,5.000000,6.000000,1.000000,29.209757,1.008327,1.468085,0.606051,0.134902,0.911360,26.400758,25.041933,0.864453,14.528684,0.501533,0.498719,0.017216,81.609183,134.330171,157.409837,111.250506,46.159332,0.706757
left,345,588,581,0,-1,0.601866,1073.250000,806.500000,1340.000000,533.500000,0.802609,133.120951,118.543842,147.698061,29.154219,0.974654,1.535842,1.516129,1.555556,0.039427,0.934310,0.746554,0.721201,0.771907,0.050706,1.000000,1.000000,1.000000,1.000000,0.000000,0.714286,6.000000,5.000000,7.000000,2.000000,27.401125,0.843047,1.264151,0.755209,0.051479,1.188415,38.626416,22.733899,0.699451,12.816589,0.394327,4.156740,0.127890,43.807584,157.595316,159.814197,155.376435,4.437762,0.972232
left,346,587,578,0,-1,0.942927,1583.000000,1536.500000,1629.500000,93.000000,0.952480,152.495491,148.784013,156.206969,7.422956,0.934783,1.192366,1.152174,1.232558,0.080384,0.962129,0.855712,0.839196,0.872228,0.033032,1.000000,1.000000,1.000000,1.000000,0.000000,1.000000,7.000000,7.000000,7.000000,0.000000,41.914671,1.053592,1.148649,0.583466,0.249684,0.551289,21.931712,32.541490,0.817982,20.954816,0.526733,0.473500,0.011902,89.400386,108.590479,121.138972,96.041986,25.096986,0.792825
left,347,587,577,0,-1,0.819270,1482.250000,1335.000000,1629.500000,294.500000,0.906523,148.906060,141.605151,156.206969,14.601818,0.936141,1.191472,1.152174,1.230769,0.078595,0.996941,0.837913,0.836629,0.839196,0.002567,1.000000,1.000000,1.000000,1.000000,0.000000,0.857143,6.500000,6.000000,7.000000,1.000000,46.978069,1.221721,1.065789,0.546459,0.173385,0.477410,18.357560,35.356811,0.919497,22.904186,0.595651,1.481157,0.038519,76.011150,104.614683,118.141601,91.087764,27.053837,0.771005
left,348,587,576,0,-1,0.581774,1288.750000,948.000000,1629.500000,681.500000,0.787156,139.583075,122.959181,156.206969,33.247788,0.979348,1.164322,1.152174,1.176471,0.024297,0.938929,0.813571,0.787946,0.839196,0.051250,1.000000,1.000000,1.000000,1.000000,0.000000,0.857143,6.500000,6.000000,7.000000,1.000000,41.524330,1.167124,1.547170,0.534439,0.236275,0.463552,16.492423,33.738920,0.948300,20.527614,0.576969,6.042705,0.169842,88.205477,110.141703,116.049661,104.233746,11.815915,0.898182
left,349,586,583,0,-1,0.875325,1083.000000,1011.000000,1155.000000,144.000000,0.938484,131.108722,126.948138,135.269307,8.321169,0.797222,1.283730,1.138889,1.428571,0.289683,0.993837,0.790775,0.788331,0.793219,0.004889,1.000000,1.000000,1.000000,1.000000,0.000000,0.833333,5.500000,5.000000,6.000000,1.000000,33.516502,1.019025,1.777778,0.624017,0.140351,0.811271,26.683328,27.217433,0.827510,16.680415,0.507146,3.793359,0.115332,73.175468,134.840767,146.808626,122.872909,23.935717,0.836960
left,350,586,578,0,-1,0.751708,1345.750000,1155.000000,1536.500000,381.500000,0.909166,142.026660,135.269307,148.784013,13.514706,0.862791,1.330565,1.232558,1.428571,0.196013,0.909418,0.832724,0.793219,0.872228,0.079008,1.000000,1.000000,1.000000,1.000000,0.000000,0.714286,6.000000,5.000000,7.000000,2.000000,46.865203,1.280759,1.459016,0.537854,0.281627,0.454838,16.643317,35.724189,0.976291,20.397702,0.557440,3.393325,0.092735,63.640244,119.391289,120.710091,118.072487,2.637604,0.978149
left,351,586,575,0,-1,0.798755,1300.500000,1155.000000,1446.000000,291.000000,0.932182,140.189847,135.269307,145.110387,9.841080,0.957895,1.398496,1.368421,1.428571,0.060150,0.919205,0.828080,0.793219,0.862941,0.069722,1.000000,1.000000,1.000000,1.000000,0.000000,0.833333,5.500000,5.000000,6.000000,1.000000,33.196239,0.921969,1.384615,0.673191,0.136486,0.833662,30.016662,27.729916,0.770151,16.586279,0.460656,3.625006,0.100678,81.352484,113.078805,136.041627,90.115983,45.925643,0.662415
left,352,585,582,0,-1,0.975787,1020.000000,1007.500000,1032.500000,25.000000,0.963927,123.298535,121.033782,125.563288,4.529506,0.879699,1.096491,1.026316,1.166667,0.140351,0.952210,0.843603,0.822952,0.864255,0.041303,1.000000,1.000000,1.000000,1.000000,0.000000,1.000000,6.000000,6.000000,6.000000,0.000000,39.311083,1.230901,1.727273,0.551759,0.248284,0.486090,15.524175,30.909826,0.967842,18.458352,0.577964,1.667597,0.052215,65.363996,124.289734,145.388858,103.190611,42.198247,0.709756
left,353,585,573,0,-1,0.783979,1174.750000,1032.500000,1317.000000,284.500000,0.896342,132.823681,125.563288,140.084073,14.520784,0.974359,1.013158,1.000000,1.026316,0.026316,0.975790,0.833161,0.822952,0.843370,0.020418,1.000000,1.000000,1.000000,1.000000,0.000000,1.000000,6.000000,6.000000,6.000000,0.000000,41.044239,1.199720,1.229508,0.554650,0.257927,0.510479,17.464249,31.404065,0.917938,19.027882,0.556184,4.190862,0.122499,77.931613,116.399014,126.302039,106.495988,19.806051,0.843185
left,354,585,569,0,-1,0.788168,1171.250000,1032.500000,1310.000000,277.500000,0.883493,133.842373,125.563288,142.121458,16.558170,0.997558,1.025063,1.023810,1.026316,0.002506,0.990347,0.818980,0.815008,0.822952,0.007944,1.000000,1.000000,1.000000,1.000000,0.000000,1.000000,6.000000,6.000000,6.000000,0.000000,38.210760,1.118476,1.418182,0.580133,0.208324,0.620937,21.213203,29.290529,0.857370,18.799894,0.550296,4.899407,0.143412,74.072517,124.691318,154.508001,94.874634,59.633368,0.614043
left,355,584,583,0,-1,0.863007,941.750000,872.500000,1011.000000,138.500000,0.951902,123.895156,120.842174,126.948138,6.105964,0.939583,1.175505,1.138889,1.212121,0.073232,0.952423,0.769577,0.750824,0.788331,0.037506,1.000000,1.000000,1.000000,1.000000,0.000000,1.000000,6.000000,6.000000,6.000000,0.000000,24.655487,0.803970,1.390244,0.837697,0.013008,1.299426,39.849718,19.122450,0.623548,12.058689,0.393212,1.318723,0.043001,40.882201,166.073351,167.949215,164.197486,3.751729,0.977662
left,356,584,581,0,-1,0.651119,1106.250000,872.500000,1340.000000,467.500000,0.818170,134.270117,120.842174,147.698061,26.855887,0.779221,1.383838,1.212121,1.555556,0.343434,0.972687,0.761366,0.750824,0.771907,0.021083,1.000000,1.000000,1.000000,1.000000,0.000000,0.857143,6.500000,6.000000,7.000000,1.000000,43.843403,1.325693,1.934783,0.457423,0.309605,0.332607,11.000000,36.532653,1.104638,21.787225,0.658780,10.784633,0.326095,84.602205,108.940791,124.508523,93.373059,31.135464,0.749933
left,357,584,574,0,-1,0.952511,894.250000,872.500000,916.000000,43.500000,0.981382,119.717252,118.592330,120.842174,2.249844,0.870833,1.133838,1.055556,1.212121,0.156566,0.917373,0.784637,0.750824,0.818450,0.067626,1.000000,1.000000,1.000000,1.000000,0.000000,0.833333,5.500000,5.000000,6.000000,1.000000,29.965443,1.002128,1.613636,0.660129,0.089460,0.918308,27.459060,23.571947,0.788312,14.938367,0.499581,0.046070,0.001541,87.229810,125.325764,135.000000,115.651528,19.348472,0.856678
left,358,584,568,0,-1,0.657250,1100.000000,872.500000,1327.500000,455.000000,0.872446,129.675883,120.842174,138.509593,17.667419,0.928125,1.168561,1.125000,1.212121,0.087121,0.863483,0.810177,0.750824,0.869530,0.118706,1.000000,1.000000,1.000000,1.000000,0.000000,0.857143,6.500000,6.000000,7.000000,1.000000,45.176862,1.369556,1.253968,0.452464,0.350455,0.184402,6.082763,35.127531,1.064907,21.726547,0.658650,5.718033,0.173345,72.174383,99.084015,113.865760,84.302271,29.563489,0.740365
left,359,583,575,0,-1,0.699170,1228.500000,1011.000000,1446.000000,435.000000,0.874838,136.029262,126.948138,145.110387,18.162249,0.832265,1.253655,1.138889,1.368421,0.229532,0.913539,0.825636,0.788331,0.862941,0.074611,1.000000,1.000000,1.000000,1.000000,0.000000,1.000000,6.000000,6.000000,6.000000,0.000000,45.754778,1.310602,1.205882,0.499048,0.253968,0.334044,11.661904,35.953689,1.029859,22.663154,0.649164,6.505941,0.186356,76.648977,110.694073,120.302681,101.085464,19.217216,0.840259
left,360,583,568,0,-1,0.761582,1169.250000,1011.000000,1327.500000,316.500000,0.916530,132.728866,126.948138,138.509593,11.561455,0.987805,1.131944,1.125000,1.138889,0.013889,0.906617,0.828930,0.788331,0.869530,0.081200,1.000000,1.000000,1.000000,1.000000,0.000000,0.857143,6.500000,6.000000,7.000000,1.000000,40.271043,1.180431,1.755556,0.559218,0.226427,0.530866,18.110770,30.450877,0.892581,20.009230,0.586513,3.038248,0.089058,76.239904,103.505254,125.073754,81.936754,43.137001,0.655107
left,361,582,581,0,-1,0.751866,1173.750000,1007.500000,1340.000000,332.500000,0.819468,134.365922,121.033782,147.698061,26.664279,0.750000,1.361111,1.166667,1.555556,0.388889,0.893148,0.818081,0.771907,0.864255,0.092347,1.000000,1.000000,1.000000,1.000000,0.000000,0.857143,6.500000,6.000000,7.000000,1.000000,46.470712,1.359843,2.552632,0.517889,0.196166,0.439910,15.033296,33.474360,0.979539,23.106985,0.676165,7.508719,0.219723,81.291160,118.934827,121.944753,115.924902,6.019851,0.950635
left,362,582,573,0,-1,0.764996,1162.250000,1007.500000,1317.000000,309.500000,0.864008,130.558927,121.033782,140.084073,19.050291,0.857143,1.083333,1.000000,1.166667,0.166667,0.975835,0.853812,0.843370,0.864255,0.020885,1.000000,1.000000,1.000000,1.000000,0.000000,1.000000,6.000000,6.000000,6.000000,0.000000,33.378005,0.981250,1.218182,0.651643,0.150355,0.726079,24.698178,28.216075,0.829499,16.592403,0.487785,3.759596,0.110525,74.410656,109.188508,130.067913,88.309103,41.758810,0.678946
left,363,582,566,0,-1,0.802469,1131.500000,1007.500000,1255.500000,248.000000,0.881672,129.155638,121.033782,137.277495,16.243713,0.826389,1.289216,1.166667,1.411765,0.245098,0.968693,0.850726,0.837197,0.864255,0.027057,1.000000,1.000000,1.000000,1.000000,0.000000,0.857143,6.500000,6.000000,7.000000,1.000000,38.143078,1.135647,1.237288,0.581676,0.188688,0.553816,18.601075,29.892848,0.890010,18.934450,0.563742,4.020171,0.119694,70.837562,111.586016,115.615484,107.556547,8.058937,0.930295
left,364,581,574,0,-1,0.683582,1128.000000,916.000000,1340.000000,424.000000,0.802938,133.145195,118.592330,147.698061,29.105732,0.678571,1.305556,1.055556,1.555556,0.500000,0.943133,0.795179,0.771907,0.818450,0.046543,1.000000,1.000000,1.000000,1.000000,0.000000,0.714286,6.000000,5.000000,7.000000,2.000000,42.751035,1.278602,1.360656,0.512574,0.186392,0.465261,15.556349,33.496221,1.001809,20.921828,0.625732,7.761928,0.232145,72.249315,106.724030,112.956582,100.491477,12.465105,0.889647
left,365,581,570,0,-1,0.713433,1148.000000,956.000000,1340.000000,384.000000,0.848406,136.502959,125.307857,147.698061,22.390204,0.714286,1.333333,1.111111,1.555556,0.444444,0.991165,0.768497,0.765088,0.771907,0.006820,1.000000,1.000000,1.000000,1.000000,0.000000,0.714286,6.000000,5.000000,7.000000,2.000000,28.784261,0.852548,1.196429,0.702472,0.119338,1.041714,35.171011,23.142580,0.685450,13.912524,0.412069,1.548936,0.045877,49.243197,124.298776,126.869898,121.727655,5.142243,0.959468
left,366,581,566,0,-1,0.936940,1297.750000,1255.500000,1340.000000,84.500000,0.929447,142.487778,137.277495,147.698061,10.420566,0.907563,1.483660,1.411765,1.555556,0.143791,0.922013,0.804552,0.771907,0.837197,0.065290,1.000000,1.000000,1.000000,1.000000,0.000000,1.000000,7.000000,7.000000,7.000000,0.000000,41.920268,1.163821,1.014085,0.469985,0.303795,0.299014,10.770330,36.641051,1.017255,22.029132,0.611589,4.343850,0.120597,72.461549,93.843519,122.439763,65.247275,57.192488,0.532893
left,367,580,579,0,-1,0.731397,1192.500000,1007.500000,1377.500000,370.000000,0.896860,133.799851,126.524602,141.075099,14.550497,0.973684,1.013514,1.000000,1.027027,0.027027,0.909294,0.830316,0.790870,0.869763,0.078893,1.000000,1.000000,1.000000,1.000000,0.000000,0.833333,5.500000,5.000000,6.000000,1.000000,32.112071,0.932734,1.600000,0.785586,0.029140,1.049690,36.138622,26.233659,0.761988,16.036011,0.465785,4.105714,0.119255,89.761534,169.465432,170.073754,168.857110,1.216644,0.992846
left,368,580,567,0,-1,0.973503,1359.250000,1341.000000,1377.500000,36.500000,0.996530,141.320702,141.075099,141.566304,0.491205,0.955556,1.023256,1.000000,1.046512,0.046512,0.966759,0.855307,0.840851,0.869763,0.028912,1.000000,1.000000,1.000000,1.000000,0.000000,1.000000,6.000000,6.000000,6.000000,0.000000,44.924729,1.218556,1.013333,0.528021,0.213721,0.383597,14.142136,35.499337,0.962898,22.447430,0.608873,1.323305,0.035894,83.368993,99.969346,102.328855,97.609837,4.719018,0.953884
left,369,580,565,0,-1,0.897641,1307.000000,1236.500000,1377.500000,141.000000,0.993626,140.625499,140.175898,141.075099,0.899201,0.906977,1.051282,1.000000,1.102564,0.102564,0.909194,0.830273,0.790783,0.869763,0.078980,0.984083,0.992041,0.984083,1.000000,0.015917,0.857143,6.500000,6.000000,7.000000,1.000000,40.005772,1.106988,1.976744,0.583802,0.150918,0.609384,22.022716,31.423749,0.869518,19.769616,0.547039,1.914539,0.052977,77.719881,104.088309,120.068583,88.108035,31.960548,0.733814
left,370,579,577,0,-1,0.754682,1171.250000,1007.500000,1335.000000,327.500000,0.893503,134.064877,126.524602,141.605151,15.080549,0.834459,1.128898,1.027027,1.230769,0.203742,0.945305,0.813749,0.790870,0.836629,0.045759,1.000000,1.000000,1.000000,1.000000,0.000000,0.833333,5.500000,5.000000,6.000000,1.000000,30.881483,0.904570,1.380000,0.680638,0.135326,0.881188,30.083218,24.723960,0.724206,15.419347,0.451658,2.207724,0.064668,77.619137,124.939579,142.776429,107.102729,35.673700,0.750143
left,371,579,565,0,-1,0.814800,1122.000000,1007.500000,1236.500000,229.000000,0.902613,133.350250,126.524602,140.175898,13.651296,0.931490,1.064796,1.027027,1.102564,0.075537,0.999890,0.790826,0.790783,0.790870,0.000087,0.984083,0.992041,0.984083,1.000000,0.015917,0.714286,6.000000,5.000000,7.000000,2.000000,43.009716,1.285694,1.132353,0.457524,0.364973,0.275601,9.219544,34.951922,1.044822,19.891432,0.594617,2.694576,0.080549,74.105920,98.108458,101.818211,94.398705,7.419506,0.927130
left,372,579,563,0,-1,0.978164,996.500000,985.500000,1007.500000,22.000000,0.998840,126.598042,126.524602,126.671482,0.146880,0.668762,1.281371,1.027027,1.535714,0.508687,0.975897,0.781338,0.771807,0.790870,0.019063,1.000000,1.000000,1.000000,1.000000,0.000000,1.000000,5.000000,5.000000,5.000000,0.000000,37.304066,1.181746,2.105263,0.561494,0.144757,0.665254,21.000000,28.669908,0.908227,18.645980,0.590681,1.655043,0.052430,86.958025,122.802606,147.475110,98.130102,49.345007,0.665401
left,373,578,576,0,-1,0.616987,1242.250000,948.000000,1536.500000,588.500000,0.826427,135.871597,122.959181,148.784013,25.824832,0.954495,1.204514,1.176471,1.232558,0.056088,0.903372,0.830087,0.787946,0.872228,0.084282,1.000000,1.000000,1.000000,1.000000,0.000000,0.857143,6.500000,6.000000,7.000000,1.000000,34.905696,0.997479,1.549020,0.660968,0.107869,0.777362,27.202941,27.663507,0.790523,17.445805,0.498538,8.044635,0.229887,77.636969,113.951470,122.811367,105.091573,17.719794,0.855715
left,374,578,575,0,-1,0.941100,1491.250000,1446.000000,1536.500000,90.500000,0.975309,146.947200,145.110387,148.784013,3.673626,0.900716,1.300490,1.232558,1.368421,0.135863,0.989353,0.867584,0.862941,0.872228,0.009287,1.000000,1.000000,1.000000,1.000000,0.000000,0.857143,6.500000,6.000000,7.000000,1.000000,41.689858,1.079705,1.648148,0.681380,0.109472,0.768710,29.681644,30.371007,0.786564,20.125378,0.521217,1.102379,0.028550,74.357611,141.936975,149.173926,134.700025,14.473901,0.902973
left,375,578,560,0,-1,0.510901,1160.750000,785.000000,1536.500000,751.500000,0.775138,132.056100,115.328187,148.784013,33.455826,0.901872,1.299612,1.232558,1.366667,0.134109,0.850313,0.806947,0.741666,0.872228,0.130561,1.000000,1.000000,1.000000,1.000000,0.000000,0.714286,6.000000,5.000000,7.000000,2.000000,39.224494,1.167117,1.490909,0.507398,0.284084,0.361983,12.165525,32.422684,0.964730,19.413784,0.577653,7.468074,0.222211,85.427201,95.698524,98.178638,93.218410,4.960228,0.949478
left,376,578,556,0,-1,0.696388,1303.250000,1070.000000,1536.500000,466.500000,0.883959,140.151483,131.518954,148.784013,17.265059,0.690233,1.509136,1.232558,1.785714,0.553156,0.891224,0.824789,0.777351,0.872228,0.094877,1.000000,1.000000,1.000000,1.000000,0.000000,1.000000,7.000000,7.000000,7.000000,0.000000,45.212181,1.257482,1.654545,0.540948,0.260694,0.476080,17.117243,34.086764,0.948052,22.391995,0.622786,2.229603,0.062012,82.145181,119.544692,141.095862,97.993521,43.102340,0.694517
left,377,577,576,0,-1,0.710112,1141.500000,948.000000,1335.000000,387.000000,0.868324,132.282166,122.959181,141.605151,18.645970,0.955882,1.203620,1.176471,1.230769,0.054299,0.941810,0.812287,0.787946,0.836629,0.048684,1.000000,1.000000,1.000000,1.000000,0.000000,1.000000,6.000000,6.000000,6.000000,0.000000,28.418206,0.844181,1.285714,0.812493,0.044459,1.138544,38.327536,23.537137,0.699186,14.202131,0.421884,3.522744,0.104645,76.806333,165.321123,165.963757,164.678490,1.285267,0.992256
left,378,577,563,0,-1,0.738202,1160.250000,985.500000,1335.000000,349.500000,0.894540,134.138316,126.671482,141.605151,14.933669,0.801431,1.383242,1.230769,1.535714,0.304945,0.922520,0.804218,0.771807,0.836629,0.064822,1.000000,1.000000,1.000000,1.000000,0.000000,0.833333,5.500000,5.000000,6.000000,1.000000,42.345320,1.246728,1.238095,0.501755,0.290239,0.400454,13.601471,33.388586,0.983024,18.806654,0.553704,5.315307,0.156493,46.041579,105.653008,105.883854,105.422161,0.461692,0.995640
left,379,577,562,0,-1,0.652434,1103.000000,871.000000,1335.000000,464.000000,0.849668,130.961280,120.317408,141.605151,21.287742,0.910985,1.175991,1.121212,1.230769,0.109557,0.903729,0.796358,0.756086,0.836629,0.080543,1.000000,1.000000,1.000000,1.000000,0.000000,0.833333,5.500000,5.000000,6.000000,1.000000,37.398031,1.132410,1.926829,0.618181,0.097461,0.759417,25.079872,29.831687,0.903301,18.408779,0.557416,7.356150,0.222744,78.870295,117.962827,151.587339,84.338315,67.249024,0.556368
left,380,576,562,0,-1,0.918776,909.500000,871.000000,948.000000,77.000000,0.978515,121.638295,120.317408,122.959181,2.641772,0.953030,1.148841,1.121212,1.176471,0.055258,0.959566,0.772016,0.756086,0.787946,0.031860,1.000000,1.000000,1.000000,1.000000,0.000000,0.833333,5.500000,5.000000,6.000000,1.000000,43.794043,1.452483,1.076923,0.427958,0.467015,0.201742,6.082763,33.451118,1.109447,20.268874,0.672242,0.330108,0.010948,61.978968,108.521868,109.697929,107.345807,2.352122,0.978558
left,381,576,558,0,-1,0.889768,895.750000,843.500000,948.000000,104.500000,0.961399,120.586016,118.212851,122.959181,4.746330,0.925000,1.132353,1.088235,1.176471,0.088235,0.962652,0.773232,0.758517,0.787946,0.029428,1.000000,1.000000,1.000000,1.000000,0.000000,0.833333,5.500000,5.000000,6.000000,1.000000,32.921384,1.100448,1.756098,0.604347,0.070611,0.805018,24.083189,26.816190,0.896373,16.416022,0.548731,1.042013,0.034831,82.320500,124.040136,170.727398,77.352874,93.374524,0.453078
left,382,576,556,0,-1,0.885981,1009.000000,948.000000,1070.000000,122.000000,0.934916,127.239067,122.959181,131.518954,8.559773,0.658824,1.481092,1.176471,1.785714,0.609244,0.986554,0.782648,0.777351,0.787946,0.010595,1.000000,1.000000,1.000000,1.000000,0.000000,0.857143,6.500000,6.000000,7.000000,1.000000,39.091888,1.231232,1.538462,0.467361,0.327056,0.339221,10.770330,30.775015,0.969285,17.846251,0.562083,1.068776,0.033662,39.861904,98.023700,113.812566,82.234834,31.577732,0.722546
left,383,575,568,0,-1,0.918050,1386.750000,1327.500000,1446.000000,118.500000,0.954512,141.809990,138.509593,145.110387,6.600794,0.822115,1.246711,1.125000,1.368421,0.243421,0.992422,0.866236,0.862941,0.869530,0.006589,1.000000,1.000000,1.000000,1.000000,0.000000,0.857143,6.500000,6.000000,7.000000,1.000000,37.353254,1.003295,1.734694,0.691356,0.082567,0.793610,29.546573,27.523510,0.739271,18.574130,0.498894,1.632284,0.043843,82.170753,120.325469,126.027373,114.623565,11.403809,0.909513
left,384,575,560,0,-1,0.542877,1115.500000,785.000000,1446.000000,661.000000,0.794762,130.219287,115.328187,145.110387,29.782200,0.998718,1.367544,1.366667,1.368421,0.001754,0.859463,0.802304,0.741666,0.862941,0.121275,1.000000,1.000000,1.000000,1.000000,0.000000,0.833333,5.500000,5.000000,6.000000,1.000000,37.337745,1.130690,1.031250,0.600725,0.173465,0.672387,22.203603,31.622898,0.957629,18.228282,0.552003,8.237444,0.249453,84.040966,128.453027,132.081565,124.824489,7.257076,0.945056
left,385,575,557,0,-1,0.729945,1250.750000,1055.500000,1446.000000,390.500000,0.876334,136.137781,127.165175,145.110387,17.945212,0.981693,1.381180,1.368421,1.393939,0.025518,0.950497,0.841582,0.820223,0.862941,0.042719,1.000000,1.000000,1.000000,1.000000,0.000000,1.000000,6.000000,6.000000,6.000000,0.000000,35.139263,0.996650,1.365385,0.603242,0.193884,0.623983,22.000000,28.775605,0.816158,17.569618,0.498324,4.430142,0.125651,83.109971,105.511651,120.010138,91.013164,28.996974,0.758379
left,386,574,570,0,-1,0.958159,936.000000,916.000000,956.000000,40.000000,0.946408,121.950093,118.592330,125.307857,6.715528,0.950000,1.083333,1.055556,1.111111,0.055556,0.934801,0.791769,0.765088,0.818450,0.053362,1.000000,1.000000,1.000000,1.000000,0.000000,1.000000,5.000000,5.000000,5.000000,0.000000,36.183680,1.182768,1.714286,0.506004,0.291667,0.462277,14.142136,29.218933,0.955105,18.091309,0.591367,0.571502,0.018681,81.121808,117.371439,120.173520,114.569359,5.604161,0.953366
left,387,574,568,0,-1,0.690019,1121.750000,916.000000,1327.500000,411.500000,0.856203,128.550961,118.592330,138.509593,19.917264,0.938272,1.090278,1.055556,1.125000,0.069444,0.941255,0.843990,0.818450,0.869530,0.051080,1.000000,1.000000,1.000000,1.000000,0.000000,0.714286,6.000000,5.000000,7.000000,2.000000,33.516004,1.004972,1.681818,0.760476,0.028081,0.967911,32.280025,26.525330,0.795358,16.756656,0.502446,4.595191,0.137786,87.721281,164.261240,168.476278,160.046201,8.430078,0.949963
left,388,574,561,0,-1,0.790336,1037.500000,916.000000,1159.000000,243.000000,0.877361,126.880818,118.592330,135.169307,16.576977,0.697065,1.284921,1.055556,1.514286,0.458730,0.973969,0.807797,0.797145,0.818450,0.021305,1.000000,1.000000,1.000000,1.000000,0.000000,0.833333,5.500000,5.000000,6.000000,1.000000,28.435629,0.884336,1.132075,0.682570,0.145301,0.906700,29.154759,23.089956,0.718088,14.129856,0.439432,1.392081,0.043293,75.792672,116.317527,125.134193,107.500861,17.633332,0.859085
left,389,573,569,0,-1,0.994685,1313.500000,1310.000000,1317.000000,7.000000,0.985664,141.102766,140.084073,142.121458,2.037385,0.976744,1.011905,1.000000,1.023810,0.023810,0.966371,0.829189,0.815008,0.843370,0.028362,1.000000,1.000000,1.000000,1.000000,0.000000,1.000000,6.000000,6.000000,6.000000,0.000000,35.841876,0.988954,1.813953,0.724401,0.052722,0.948223,34.365681,28.231119,0.778957,17.877572,0.493280,0.282056,0.007783,89.194726,152.379284,158.629378,146.129189,12.500188,0.921199
left,390,573,566,0,-1,0.953303,1286.250000,1255.500000,1317.000000,61.500000,0.979965,138.680784,137.277495,140.084073,2.806578,0.708333,1.205882,1.000000,1.411765,0.411765,0.992681,0.840284,0.837197,0.843370,0.006173,1.000000,1.000000,1.000000,1.000000,0.000000,0.857143,6.500000,6.000000,7.000000,1.000000,34.338520,0.957525,1.500000,0.685066,0.116424,0.838402,30.066593,26.500291,0.738957,17.155756,0.478386,2.232604,0.062256,71.828696,129.607340,136.839141,122.375540,14.463601,0.894302
left,391,573,555,0,-1,0.751329,1153.250000,989.500000,1317.000000,327.500000,0.903955,133.356920,126.629768,140.084073,13.454305,0.767442,1.151515,1.000000,1.303030,0.303030,0.919467,0.809410,0.775450,0.843370,0.067920,1.000000,1.000000,1.000000,1.000000,0.000000,1.000000,6.000000,6.000000,6.000000,0.000000,45.788785,1.351762,1.042254,0.436214,0.485584,0.132025,4.472136,37.267827,1.100209,22.585111,0.666750,3.617101,0.106783,76.939059,99.396752,109.853631,88.939873,20.913757,0.809622
left,392,573,540,0,-1,0.788387,1493.750000,1317.000000,1670.500000,353.500000,0.905386,147.403514,140.084073,154.722956,14.638883,0.959184,1.021277,1.000000,1.042553,0.042553,0.961770,0.860132,0.843370,0.876893,0.033524,1.000000,1.000000,1.000000,1.000000,0.000000,1.000000,6.000000,6.000000,6.000000,0.000000,40.808553,1.057734,1.872340,0.669661,0.128368,0.752110,29.017236,30.484573,0.790142,20.388030,0.528446,3.931289,0.101897,87.416634,113.029102,127.371850,98.686355,28.685496,0.774789
left,393,572,567,0,-1,0.643177,1101.750000,862.500000,1341.000000,478.500000,0.815414,128.500742,115.435180,141.566304,26.131124,0.791265,1.184546,1.046512,1.322581,0.276069,0.967328,0.827114,0.813378,0.840851,0.027472,1.000000,1.000000,1.000000,1.000000,0.000000,1.000000,6.000000,6.000000,6.000000,0.000000,28.980994,0.878371,1.369565,0.799823,0.069435,1.074992,35.468296,22.611689,0.685327,14.300980,0.433442,5.186606,0.157198,72.581871,157.341910,167.471192,147.212627,20.258565,0.879033
left,394,572,553,0,-1,0.925429,897.250000,862.500000,932.000000,69.500000,0.984151,116.364650,115.435180,117.294120,1.858940,0.819106,1.202957,1.083333,1.322581,0.239247,0.955475,0.832330,0.813378,0.851282,0.037903,1.000000,1.000000,1.000000,1.000000,0.000000,1.000000,6.000000,6.000000,6.000000,0.000000,39.201732,1.308971,1.263158,0.514253,0.239342,0.389398,11.661904,30.006151,1.001925,19.577969,0.653721,1.949146,0.065083,84.725976,104.536816,113.573220,95.500411,18.072809,0.840871
left,395,572,552,0,-1,0.821449,785.500000,708.500000,862.500000,154.000000,0.912062,110.359625,105.284070,115.435180,10.151110,0.912532,1.264739,1.206897,1.322581,0.115684,0.987488,0.808290,0.803201,0.813378,0.010177,1.000000,1.000000,1.000000,1.000000,0.000000,1.000000,6.000000,6.000000,6.000000,0.000000,38.453317,1.373676,2.312500,0.473326,0.245385,0.294581,8.246211,28.621677,1.022458,18.503212,0.660994,3.025777,0.108090,72.214083,98.245359,101.427102,95.063617,6.363485,0.937261
left,396,571,564,0,-1,0.871563,1242.250000,1157.000000,1327.500000,170.500000,0.949923,138.106230,134.559472,141.652989,7.093517,0.918367,1.044444,1.000000,1.088889,0.088889,0.965877,0.817183,0.802998,0.831367,0.028369,1.000000,1.000000,1.000000,1.000000,0.000000,0.833333,5.500000,5.000000,6.000000,1.000000,33.222215,0.943149,1.171875,0.734208,0.070235,0.993618,35.000000,26.561050,0.754044,16.502226,0.468483,1.065728,0.030255,73.239411,163.575953,168.118842,159.033063,9.085780,0.945956
left,397,571,551,0,-1,0.904331,1264.000000,1200.500000,1327.500000,127.000000,0.967725,139.367065,137.081141,141.652989,4.571848,0.769231,1.150000,1.000000,1.300000,0.300000,0.965659,0.817092,0.802817,0.831367,0.028550,1.000000,1.000000,1.000000,1.000000,0.000000,0.833333,5.500000,5.000000,6.000000,1.000000,35.721713,1.005069,1.389831,0.602076,0.173853,0.689764,24.515301,29.515116,0.830440,17.859524,0.502497,3.535947,0.099488,83.132599,109.335199,132.805069,85.865329,46.939740,0.646552
left,398,570,566,0,-1,0.761450,1105.750000,956.000000,1255.500000,299.500000,0.912807,131.292676,125.307857,137.277495,11.969638,0.787037,1.261438,1.111111,1.411765,0.300654,0.913868,0.801143,0.765088,0.837197,0.072110,1.000000,1.000000,1.000000,1.000000,0.000000,0.714286,6.000000,5.000000,7.000000,2.000000,27.853795,0.839573,1.312500,0.844827,0.018313,1.224009,40.607881,23.119499,0.696871,13.884980,0.418523,2.350462,0.070848,82.760220,170.342992,173.025070,167.660913,5.364158,0.968998
left,399,570,561,0,-1,0.824849,1057.500000,956.000000,1159.000000,203.000000,0.927044,130.238582,125.307857,135.169307,9.861450,0.733753,1.312698,1.111111,1.514286,0.403175,0.959785,0.781116,0.765088,0.797145,0.032057,1.000000,1.000000,1.000000,1.000000,0.000000,0.833333,5.500000,5.000000,6.000000,1.000000,35.624362,1.096753,1.241379,0.581512,0.134752,0.718720,23.345235,27.806226,0.856059,17.609258,0.542129,3.932260,0.121061,74.080320,116.916781,120.296448,113.537114,6.759334,0.943811
left,400,570,550,0,-1,0.849372,884.000000,812.000000,956.000000,144.000000,0.901488,119.135669,112.963482,125.307857,12.344375,0.987654,1.118056,1.111111,1.125000,0.013889,0.956801,0.782359,0.765088,0.799631,0.034544,1.000000,1.000000,1.000000,1.000000,0.000000,0.833333,5.500000,5.000000,6.000000,1.000000,36.668372,1.234316,1.785714,0.484285,0.308541,0.405339,12.041595,27.947234,0.940749,17.957857,0.604490,2.883920,0.097077,76.909672,101.070012,104.963540,97.176483,7.787056,0.925812
left,401,569,555,0,-1,0.755344,1149.750000,989.500000,1310.000000,320.500000,0.890997,134.375613,126.629768,142.121458,15.491690,0.785714,1.163420,1.023810,1.303030,0.279221,0.951464,0.795229,0.775450,0.815008,0.039558,1.000000,1.000000,1.000000,1.000000,0.000000,1.000000,6.000000,6.000000,6.000000,0.000000,29.758520,0.879776,1.489362,0.799504,0.037617,1.162426,39.319207,24.643609,0.728559,14.877217,0.439827,4.220088,0.124762,85.921073,145.821142,166.711346,124.930937,41.780409,0.749385
left,402,568,561,0,-1,0.873070,1243.250000,1159.000000,1327.500000,168.500000,0.975884,136.839450,135.169307,138.509593,3.340286,0.742925,1.319643,1.125000,1.514286,0.389286,0.916753,0.833337,0.797145,0.869530,0.072386,1.000000,1.000000,1.000000,1.000000,0.000000,0.857143,6.500000,6.000000,7.000000,1.000000,44.076923,1.250782,1.589286,0.491858,0.293585,0.306947,10.816654,34.582489,0.981356,20.379519,0.578315,3.725218,0.105711,56.898000,99.495924,114.968987,84.022860,30.946127,0.730831
left,403,568,557,0,-1,0.795104,1191.500000,1055.500000,1327.500000,272.000000,0.918097,132.837384,127.165175,138.509593,11.344418,0.807065,1.259470,1.125000,1.393939,0.268939,0.943294,0.844876,0.820223,0.869530,0.049308,1.000000,1.000000,1.000000,1.000000,0.000000,0.857143,6.500000,6.000000,7.000000,1.000000,42.633058,1.237115,1.338710,0.526574,0.252203,0.394684,13.601471,34.422934,0.998876,21.298165,0.618025,4.164283,0.120838,89.125975,112.849115,113.962489,111.735741,2.226748,0.980461
left,404,568,541,0,-1,0.799940,1493.500000,1327.500000,1659.500000,332.000000,0.901195,146.102514,138.509593,153.695435,15.185842,0.909091,1.073864,1.022727,1.125000,0.102273,0.984962,0.876168,0.869530,0.882806,0.013276,1.000000,1.000000,1.000000,1.000000,0.000000,1.000000,7.000000,7.000000,7.000000,0.000000,39.703934,1.028975,1.782609,0.673584,0.079511,0.727502,28.071338,30.665845,0.794742,19.810250,0.513406,4.376804,0.113430,81.142162,110.478983,126.322502,94.635463,31.687039,0.749158
left,405,567,565,0,-1,0.922073,1288.750000,1236.500000,1341.000000,104.500000,0.990178,140.871101,140.175898,141.566304,1.390406,0.949162,1.074538,1.046512,1.102564,0.056052,0.940456,0.815817,0.790783,0.840851,0.050068,0.984083,0.992041,0.984083,1.000000,0.015917,0.857143,6.500000,6.000000,7.000000,1.000000,35.547901,0.990419,1.433962,0.671373,0.141998,0.865054,31.048349,27.163338,0.756812,17.735161,0.494129,0.353538,0.009850,89.947196,148.613063,159.623565,137.602562,22.021003,0.862044
left,406,567,552,0,-1,0.528337,1024.750000,708.500000,1341.000000,632.500000,0.743709,123.425187,105.284070,141.566304,36.282234,0.867110,1.126704,1.046512,1.206897,0.160385,0.955225,0.822026,0.803201,0.840851,0.037649,1.000000,1.000000,1.000000,1.000000,0.000000,1.000000,6.000000,6.000000,6.000000,0.000000,41.993209,1.328115,1.109375,0.511052,0.239815,0.353599,11.180340,32.776626,1.036623,20.543069,0.649713,10.137132,0.320606,83.517773,100.193664,102.922136,97.465191,5.456946,0.946980
left,407,567,548,0,-1,0.793811,1202.750000,1064.500000,1341.000000,276.500000,0.892675,133.969503,126.372701,141.566304,15.193603,0.963892,1.066113,1.046512,1.085714,0.039203,0.996162,0.839237,0.837624,0.840851,0.003227,1.000000,1.000000,1.000000,1.000000,0.000000,1.000000,6.000000,6.000000,6.000000,0.000000,34.396846,0.993463,1.666667,0.662499,0.110372,0.784624,27.166155,27.549072,0.795683,17.178414,0.496154,3.481443,0.100552,80.694108,99.543966,109.983107,89.104826,20.878280,0.810168
left,408,566,550,0,-1,0.646754,1033.750000,812.000000,1255.500000,443.500000,0.822884,125.120488,112.963482,137.277495,24.314013,0.796875,1.268382,1.125000,1.411765,0.286765,0.955129,0.818414,0.799631,0.837197,0.037566,1.000000,1.000000,1.000000,1.000000,0.000000,0.857143,6.500000,6.000000,7.000000,1.000000,41.032656,1.283702,1.490566,0.522273,0.234099,0.425520,13.601471,30.113770,0.942106,19.566183,0.612126,6.675452,0.208841,82.212836,105.491798,115.820992,95.162604,20.658388,0.821635
left,409,566,540,0,-1,0.751571,1463.000000,1255.500000,1670.500000,415.000000,0.887247,146.000225,137.277495,154.722956,17.445461,0.738475,1.227159,1.042553,1.411765,0.369212,0.954731,0.857045,0.837197,0.876893,0.039696,1.000000,1.000000,1.000000,1.000000,0.000000,0.857143,6.500000,6.000000,7.000000,1.000000,48.384293,1.268185,1.232877,0.501625,0.285714,0.278623,10.630146,35.963265,0.942621,24.187121,0.633961,5.849284,0.153314,80.513895,98.711321,101.633634,95.789009,5.844625,0.942493
left,410,566,534,0,-1,0.826364,1146.500000,1037.500000,1255.500000,218.000000,0.929551,132.441984,127.606473,137.277495,9.671021,0.951190,1.377311,1.342857,1.411765,0.068908,0.956367,0.818933,0.800668,0.837197,0.036529,1.000000,1.000000,1.000000,1.000000,0.000000,0.714286,6.000000,5.000000,7.000000,2.000000,44.893952,1.327374,2.638889,0.504940,0.170955,0.384369,13.000000,33.784202,0.998893,22.444404,0.663611,1.314944,0.038879,88.770249,100.417014,119.552291,81.281737,38.270554,0.679884
left,411,565,563,0,-1,0.797008,1111.000000,985.500000,1236.500000,251.000000,0.903661,133.423690,126.671482,140.175898,13.504416,0.717949,1.319139,1.102564,1.535714,0.433150,0.976004,0.781295,0.771807,0.790783,0.018976,0.984083,0.992041,0.984083,1.000000,0.015917,0.714286,6.000000,5.000000,7.000000,2.000000,28.397127,0.853323,1.391304,0.784861,0.027003,1.175397,39.115214,22.408797,0.673376,14.170549,0.425820,3.590538,0.107894,79.989139,161.565051,167.471192,155.658910,11.812282,0.929467
left,412,565,548,0,-1,0.860898,1150.500000,1064.500000,1236.500000,172.000000,0.901529,133.274300,126.372701,140.175898,13.803197,0.984718,1.094139,1.085714,1.102564,0.016850,0.944079,0.814203,0.790783,0.837624,0.046841,0.984083,0.992041,0.984083,1.000000,0.015917,0.857143,6.500000,6.000000,7.000000,1.000000,42.724098,1.260473,1.061538,0.462436,0.357671,0.243285,8.246211,33.978165,1.002445,19.375579,0.571630,0.644654,0.019019,55.328396,93.801053,111.271609,76.330498,34.941111,0.685984
left,413,565,547,0,-1,0.610999,996.000000,755.500000,1236.500000,481.000000,0.780246,124.773781,109.371664,140.175898,30.804235,0.972851,1.117949,1.102564,1.133333,0.030769,0.996374,0.792222,0.790783,0.793660,0.002877,0.984083,0.992041,0.984083,1.000000,0.015917,0.714286,6.000000,5.000000,7.000000,2.000000,32.131694,1.025748,1.692308,0.646677,0.087098,0.842798,26.400758,25.211398,0.804830,15.353135,0.490122,5.299516,0.169178,72.113838,99.860493,106.638806,93.082181,13.556625,0.872873
left,414,565,544,0,-1,0.519207,939.250000,642.000000,1236.500000,594.500000,0.710751,119.903058,99.630218,140.175898,40.545681,0.992308,1.106838,1.102564,1.111111,0.008547,0.972959,0.801772,0.790783,0.812761,0.021978,0.984083,0.992041,0.984083,1.000000,0.015917,0.857143,6.500000,6.000000,7.000000,1.000000,42.927430,1.419051,1.241379,0.440245,0.472185,0.136297,4.123106,32.931828,1.088626,20.991961,0.693931,11.180998,0.369610,81.219595,103.963572,112.021003,95.906141,16.114861,0.856144
left,415,564,554,0,-1,0.750648,1012.750000,868.500000,1157.000000,288.500000,0.892786,127.346119,120.132765,134.559472,14.426706,0.989011,1.082906,1.076923,1.088889,0.011966,0.941764,0.779617,0.756235,0.802998,0.046763,1.000000,1.000000,1.000000,1.000000,0.000000,1.000000,6.000000,6.000000,6.000000,0.000000,29.315961,0.923555,1.189655,0.697441,0.091335,1.002682,31.827661,23.305320,0.734199,14.265834,0.449424,4.814495,0.151673,82.823672,152.915037,179.602119,126.227955,53.374164,0.702820
left,416,564,551,0,-1,0.963765,1178.750000,1157.000000,1200.500000,43.500000,0.981605,135.820306,134.559472,137.081141,2.521670,0.837607,1.194444,1.088889,1.300000,0.211111,0.999774,0.802908,0.802817,0.802998,0.000181,1.000000,1.000000,1.000000,1.000000,0.000000,1.000000,6.000000,6.000000,6.000000,0.000000,39.971369,1.164278,1.380952,0.521455,0.261930,0.484783,16.643317,31.339993,0.912865,17.390488,0.506547,0.131446,0.003829,66.921419,101.737873,115.101609,88.374137,26.727472,0.767792
left,417,564,537,0,-1,0.822818,1054.500000,952.000000,1157.000000,205.000000,0.904516,128.135361,121.711250,134.559472,12.848222,0.989899,1.094444,1.088889,1.100000,0.011111,0.994327,0.805289,0.802998,0.807580,0.004581,1.000000,1.000000,1.000000,1.000000,0.000000,1.000000,6.000000,6.000000,6.000000,0.000000,35.266725,1.087318,1.540000,0.520070,0.257705,0.470619,15.264338,28.475412,0.877933,16.113772,0.496808,2.922488,0.090104,63.944368,85.516000,92.753587,78.278413,14.475174,0.843939
left,418,563,562,0,-1,0.883815,928.250000,871.000000,985.500000,114.500000,0.949838,123.494445,120.317408,126.671482,6.354073,0.730092,1.328463,1.121212,1.535714,0.414502,0.979630,0.763946,0.756086,0.771807,0.015721,1.000000,1.000000,1.000000,1.000000,0.000000,1.000000,5.000000,5.000000,5.000000,0.000000,26.432085,0.867972,1.340909,0.675788,0.099650,1.004644,30.594117,23.994368,0.787923,13.197030,0.433362,0.226540,0.007439,53.982373,137.304953,172.081098,102.528808,69.552290,0.595817
left,419,563,544,0,-1,0.651446,813.750000,642.000000,985.500000,343.500000,0.786524,113.150850,99.630218,126.671482,27.041264,0.723514,1.323413,1.111111,1.535714,0.424603,0.949612,0.792284,0.771807,0.812761,0.040954,1.000000,1.000000,1.000000,1.000000,0.000000,0.833333,5.500000,5.000000,6.000000,1.000000,33.888818,1.194732,2.090909,0.620288,0.047005,0.788314,22.360680,27.824680,0.980944,16.941660,0.597269,7.268767,0.256257,84.972466,142.854319,177.273689,108.434949,68.838740,0.611681
left,420,562,558,0,-1,0.968427,857.250000,843.500000,871.000000,27.500000,0.982508,119.265130,118.212851,120.317408,2.104557,0.970588,1.104724,1.088235,1.121212,0.032977,0.996794,0.757302,0.756086,0.758517,0.002432,1.000000,1.000000,1.000000,1.000000,0.000000,1.000000,5.000000,5.000000,5.000000,0.000000,26.182489,0.894275,1.742857,0.750345,0.016331,1.179724,34.539832,19.074458,0.651497,12.445703,0.425089,0.385189,0.013156,44.320213,165.561106,175.301319,155.820893,19.480427,0.888875
left,421,562,543,0,-1,0.754305,764.000000,657.000000,871.000000,214.000000,0.845680,111.033703,101.749998,120.317408,18.567411,0.857398,1.214452,1.121212,1.307692,0.186480,0.948123,0.776771,0.756086,0.797455,0.041370,1.000000,1.000000,1.000000,1.000000,0.000000,0.833333,5.500000,5.000000,6.000000,1.000000,29.492329,1.069634,1.348837,0.634025,0.062173,0.871192,24.020824,25.416439,0.921809,14.434868,0.523527,4.217885,0.152975,65.837487,135.864646,177.273689,94.455603,82.818086,0.532824
left,422,561,550,0,-1,0.700604,985.500000,812.000000,1159.000000,347.000000,0.835718,124.066394,112.963482,135.169307,22.205825,0.742925,1.319643,1.125000,1.514286,0.389286,0.996890,0.798388,0.797145,0.799631,0.002487,1.000000,1.000000,1.000000,1.000000,0.000000,1.000000,6.000000,6.000000,6.000000,0.000000,35.492900,1.135052,1.500000,0.518303,0.262811,0.472174,14.764823,29.458093,0.942061,17.696397,0.565925,7.135763,0.228199,76.408500,111.018512,141.499346,80.537678,60.961668,0.569173
left,423,561,541,0,-1,0.698403,1409.250000,1159.000000,1659.500000,500.500000,0.879462,144.432371,135.169307,153.695435,18.526128,0.675386,1.268506,1.022727,1.514286,0.491558,0.902967,0.839975,0.797145,0.882806,0.085661,1.000000,1.000000,1.000000,1.000000,0.000000,0.857143,6.500000,6.000000,7.000000,1.000000,45.115679,1.206607,1.442623,0.577349,0.214831,0.550708,20.591260,36.036977,0.963800,22.554953,0.603226,3.873679,0.103601,88.999149,130.583902,150.395549,110.772255,39.623295,0.736539
left,424,561,538,0,-1,0.997843,1157.750000,1156.500000,1159.000000,2.500000,0.979150,133.760170,132.351033,135.169307,2.818274,0.752096,1.326587,1.138889,1.514286,0.375397,0.960807,0.813403,0.797145,0.829661,0.032517,1.000000,1.000000,1.000000,1.000000,0.000000,1.000000,6.000000,6.000000,6.000000,0.000000,28.898783,0.849322,1.226415,0.768943,0.105161,1.072617,36.496575,24.827192,0.729660,14.229161,0.418188,0.898094,0.026395,83.699111,145.667354,151.699244,139.635463,12.063781,0.920476
left,425,560,557,0,-1,0.743723,920.250000,785.000000,1055.500000,270.500000,0.906916,121.246681,115.328187,127.165175,11.836989,0.980435,1.380303,1.366667,1.393939,0.027273,0.904226,0.780944,0.741666,0.820223,0.078556,1.000000,1.000000,1.000000,1.000000,0.000000,0.833333,5.500000,5.000000,6.000000,1.000000,29.767064,0.983933,1.304348,0.665251,0.145613,0.926113,28.017851,24.489440,0.809484,14.405014,0.476149,4.464518,0.147572,80.114001,140.252486,144.162347,136.342624,7.819723,0.945758
left,426,560,556,0,-1,0.733645,927.500000,785.000000,1070.000000,285.000000,0.876894,123.423570,115.328187,131.518954,16.190767,0.765333,1.576190,1.366667,1.785714,0.419048,0.954095,0.759509,0.741666,0.777351,0.035684,1.000000,1.000000,1.000000,1.000000,0.000000,0.714286,6.000000,5.000000,7.000000,2.000000,24.126795,0.794576,1.140000,0.817896,0.022911,1.284823,39.012818,20.813155,0.685447,11.713450,0.385763,2.509042,0.082631,37.981272,169.150150,174.472460,163.827841,10.644619,0.938990
left,427,560,545,0,-1,0.927389,756.500000,728.000000,785.000000,57.000000,0.950051,112.447950,109.567713,115.328187,5.760474,0.889922,1.451190,1.366667,1.535714,0.169048,0.973268,0.751852,0.741666,0.762037,0.020371,1.000000,1.000000,1.000000,1.000000,0.000000,0.833333,5.500000,5.000000,6.000000,1.000000,32.529094,1.182891,1.361702,0.489716,0.352611,0.506493,13.928388,26.082779,0.948476,14.058264,0.511216,3.861259,0.140411,58.230503,96.445813,115.096250,77.795376,37.300875,0.675916
left,428,559,554,0,-1,0.703809,1051.250000,868.500000,1234.000000,365.500000,0.861434,129.794765,120.132765,139.456765,19.323999,0.724852,1.281319,1.076923,1.485714,0.408791,0.948442,0.776790,0.756235,0.797344,0.041109,1.000000,1.000000,1.000000,1.000000,0.000000,0.857143,6.500000,6.000000,7.000000,1.000000,41.696213,1.290931,2.000000,0.473652,0.200000,0.362382,11.704700,34.123469,1.056476,21.330521,0.660401,3.326943,0.103003,78.368838,119.898855,176.583412,63.214299,113.369113,0.357985
left,429,559,553,0,-1,0.755267,1083.000000,932.000000,1234.000000,302.000000,0.841079,128.375442,117.294120,139.456765,22.162645,0.729167,1.284524,1.083333,1.485714,0.402381,0.936640,0.824313,0.797344,0.851282,0.053937,1.000000,1.000000,1.000000,1.000000,0.000000,0.857143,6.500000,6.000000,7.000000,1.000000,41.302259,1.258122,1.888889,0.532168,0.269391,0.465969,15.297059,31.481094,0.958956,20.646697,0.628926,7.270361,0.221465,89.815909,123.621152,130.450788,116.791516,13.659272,0.895292
left,430,559,549,0,-1,0.395462,861.000000,488.000000,1234.000000,746.000000,0.665577,116.138014,92.819263,139.456765,46.637502,0.789125,1.329064,1.172414,1.485714,0.313300,0.892704,0.754568,0.711793,0.797344,0.085552,1.000000,1.000000,1.000000,1.000000,0.000000,0.571429,5.500000,4.000000,7.000000,3.000000,31.140142,1.088453,1.313725,0.592586,0.236934,0.719734,20.591260,27.009854,0.944086,15.436236,0.539549,9.952484,0.347873,74.913739,128.898565,131.939931,125.857199,6.082732,0.953898
left,431,559,539,0,-1,0.508914,931.000000,628.000000,1234.000000,606.000000,0.736750,121.100792,102.744819,139.456765,36.711946,0.738213,1.291244,1.096774,1.485714,0.388940,0.937570,0.772455,0.747566,0.797344,0.049778,1.000000,1.000000,1.000000,1.000000,0.000000,0.857143,6.500000,6.000000,7.000000,1.000000,28.930240,0.961325,1.211538,0.610255,0.230666,0.770743,23.194827,24.163040,0.802915,13.849430,0.460204,6.087146,0.202270,89.426184,116.044201,116.436873,115.651528,0.785344,0.993255
left,432,559,531,0,-1,0.667342,1028.750000,823.500000,1234.000000,410.500000,0.809720,126.188869,112.920974,139.456765,26.535791,0.883413,1.399107,1.312500,1.485714,0.173214,0.982475,0.804455,0.797344,0.811567,0.014223,1.000000,1.000000,1.000000,1.000000,0.000000,0.857143,6.500000,6.000000,7.000000,1.000000,36.933950,1.157350,1.200000,0.497167,0.224544,0.381215,12.165525,31.277818,0.980111,18.555087,0.581436,1.778892,0.055743,61.720815,99.407808,132.436230,66.379386,66.056844,0.501218
left,433,558,556,0,-1,0.788318,956.750000,843.500000,1070.000000,226.500000,0.898827,124.865902,118.212851,131.518954,13.306103,0.609412,1.436975,1.088235,1.785714,0.697479,0.975773,0.767934,0.758517,0.777351,0.018833,1.000000,1.000000,1.000000,1.000000,0.000000,0.714286,6.000000,5.000000,7.000000,2.000000,26.801178,0.867999,1.180000,0.636181,0.161484,0.895769,27.658633,20.990840,0.679822,13.084266,0.423755,0.649516,0.021036,38.921269,104.872441,107.037768,102.707114,4.330654,0.959541
left,434,558,543,0,-1,0.778897,750.250000,657.000000,843.500000,186.500000,0.860736,109.981424,101.749998,118.212851,16.462853,0.832180,1.197964,1.088235,1.307692,0.219457,0.951172,0.777986,0.758517,0.797455,0.038938,1.000000,1.000000,1.000000,1.000000,0.000000,0.833333,5.500000,5.000000,6.000000,1.000000,42.745357,1.563614,1.175439,0.423452,0.441519,0.163590,4.472136,32.658679,1.194646,20.591065,0.753216,5.143428,0.188145,71.068472,117.329468,124.935432,109.723504,15.211927,0.878242
left,435,558,536,0,-1,0.988737,838.750000,834.000000,843.500000,9.500000,0.995392,118.486480,118.212851,118.760109,0.547258,0.928981,1.129832,1.088235,1.171429,0.083193,0.979646,0.750798,0.743079,0.758517,0.015439,1.000000,1.000000,1.000000,1.000000,0.000000,0.833333,5.500000,5.000000,6.000000,1.000000,29.793711,1.028751,1.454545,0.636016,0.068852,0.948137,27.459060,22.153410,0.764938,13.710534,0.473413,0.366411,0.012652,55.054086,118.196849,144.272602,92.121096,52.151505,0.638521
left,436,557,545,0,-1,0.689721,891.750000,728.000000,1055.500000,327.500000,0.861617,118.366444,109.567713,127.165175,17.597462,0.907681,1.464827,1.393939,1.535714,0.141775,0.929061,0.791130,0.762037,0.820223,0.058186,1.000000,1.000000,1.000000,1.000000,0.000000,1.000000,6.000000,6.000000,6.000000,0.000000,40.249989,1.353625,1.509804,0.504683,0.321839,0.437196,13.000000,29.912426,1.005968,17.458423,0.587134,2.834760,0.095334,54.195274,127.423206,145.862000,108.984412,36.877588,0.747175
left,437,557,542,0,-1,0.702984,898.750000,742.000000,1055.500000,313.500000,0.896904,120.610096,114.055017,127.165175,13.110158,0.796537,1.571970,1.393939,1.750000,0.356061,0.873883,0.768501,0.716779,0.820223,0.103444,1.000000,1.000000,1.000000,1.000000,0.000000,0.833333,5.500000,5.000000,6.000000,1.000000,26.028513,0.871566,1.106383,0.650794,0.142142,0.919468,27.459060,23.616111,0.790787,13.005114,0.435477,3.610790,0.120908,77.112592,119.576830,156.009684,83.143976,72.865708,0.532941
left,438,557,541,0,-1,0.636035,1357.500000,1055.500000,1659.500000,604.000000,0.827384,140.430305,127.165175,153.695435,26.530260,0.733696,1.208333,1.022727,1.393939,0.371212,0.929109,0.851514,0.820223,0.882806,0.062583,1.000000,1.000000,1.000000,1.000000,0.000000,0.857143,6.500000,6.000000,7.000000,1.000000,39.196769,1.070578,1.584906,0.619443,0.171455,0.630568,23.086793,29.593739,0.808291,19.469690,0.531774,5.611796,0.153275,83.921343,114.386713,121.941757,106.831669,15.110088,0.876088
left,439,556,545,0,-1,0.680374,899.000000,728.000000,1070.000000,342.000000,0.833094,120.543333,109.567713,131.518954,21.951241,0.860000,1.660714,1.535714,1.785714,0.250000,0.980300,0.769694,0.762037,0.777351,0.015314,1.000000,1.000000,1.000000,1.000000,0.000000,0.857143,6.500000,6.000000,7.000000,1.000000,30.887493,1.034890,1.207547,0.560158,0.244716,0.674278,20.124612,25.178381,0.843605,15.313585,0.513084,7.701832,0.258051,85.034258,118.951241,167.471192,70.431290,97.039903,0.420558
left,440,556,536,0,-1,0.779439,952.000000,834.000000,1070.000000,236.000000,0.902989,125.139531,118.760109,131.518954,12.758844,0.656000,1.478571,1.171429,1.785714,0.614286,0.955912,0.760215,0.743079,0.777351,0.034272,1.000000,1.000000,1.000000,1.000000,0.000000,0.857143,6.500000,6.000000,7.000000,1.000000,44.169232,1.434301,1.090909,0.433077,0.358981,0.247306,7.615773,33.253051,1.079821,21.362036,0.693686,0.278107,0.009031,61.465707,99.644444,113.020285,86.268603,26.751682,0.763302
left,441,556,530,0,-1,0.659813,888.000000,706.000000,1070.000000,364.000000,0.809053,118.962354,106.405755,131.518954,25.113199,0.592000,1.421429,1.057143,1.785714,0.728571,0.992048,0.780466,0.777351,0.783582,0.006231,1.000000,1.000000,1.000000,1.000000,0.000000,0.857143,6.500000,6.000000,7.000000,1.000000,41.234270,1.391134,1.717391,0.463277,0.226351,0.311043,9.219544,29.831149,1.006423,19.406952,0.654739,7.135467,0.240732,64.051448,99.813333,119.931512,79.695154,40.236358,0.664506
left,442,555,540,0,-1,0.592338,1330.000000,989.500000,1670.500000,681.000000,0.818429,140.676362,126.629768,154.722956,28.093188,0.800099,1.172792,1.042553,1.303030,0.260477,0.884315,0.826172,0.775450,0.876893,0.101443,1.000000,1.000000,1.000000,1.000000,0.000000,1.000000,6.000000,6.000000,6.000000,0.000000,36.452229,1.007969,1.600000,0.715077,0.044173,0.900701,32.572995,27.943302,0.772682,18.167849,0.502373,6.604913,0.182638,76.107559,148.144954,151.460015,144.829892,6.630122,0.956225
left,443,555,529,0,-1,0.750884,866.250000,743.000000,989.500000,246.500000,0.881069,119.099655,111.569542,126.629768,15.060226,0.874031,1.220960,1.138889,1.303030,0.164141,0.967283,0.762765,0.750080,0.775450,0.025371,1.000000,1.000000,1.000000,1.000000,0.000000,0.833333,5.500000,5.000000,6.000000,1.000000,31.221546,1.063507,1.070175,0.604189,0.170274,0.823880,24.186773,27.527782,0.937685,15.381450,0.523942,1.405703,0.047883,71.776537,133.108712,140.648247,125.569176,15.079071,0.892789
left,444,555,517,0,-1,0.549112,1395.750000,989.500000,1802.000000,812.500000,0.793141,143.142923,126.629768,159.656078,33.026310,0.877076,1.222944,1.142857,1.303030,0.160173,0.872892,0.831910,0.775450,0.888370,0.112919,1.000000,1.000000,1.000000,1.000000,0.000000,0.857143,6.500000,6.000000,7.000000,1.000000,42.947463,1.162214,1.446429,0.502572,0.322407,0.298902,11.045361,36.117256,0.977380,21.169581,0.572876,10.408465,0.281667,88.841547,95.733558,112.485840,78.981276,33.504564,0.702144
left,445,554,549,0,-1,0.561888,678.250000,488.000000,868.500000,380.500000,0.772639,106.476014,92.819263,120.132765,27.313503,0.918552,1.124668,1.076923,1.172414,0.095491,0.941232,0.734014,0.711793,0.756235,0.044442,1.000000,1.000000,1.000000,1.000000,0.000000,0.666667,5.000000,4.000000,6.000000,2.000000,19.872132,0.770820,1.155556,0.807681,0.014007,1.312535,33.837849,17.237841,0.668638,9.931792,0.385244,4.382315,0.169986,27.283657,173.082430,175.236358,170.928502,4.307856,0.975417
left,446,554,537,0,-1,0.912290,910.250000,868.500000,952.000000,83.500000,0.987031,120.922007,120.132765,121.711250,1.578484,0.979021,1.088462,1.076923,1.100000,0.023077,0.936421,0.781907,0.756235,0.807580,0.051345,1.000000,1.000000,1.000000,1.000000,0.000000,1.000000,6.000000,6.000000,6.000000,0.000000,36.054856,1.195357,1.206897,0.549136,0.163691,0.625546,18.867962,26.793485,0.888307,16.455368,0.545559,0.956366,0.031707,73.829599,103.244735,104.370002,102.119468,2.250534,0.978437
left,447,554,528,0,-1,0.940127,842.500000,816.500000,868.500000,52.000000,0.975710,118.673751,117.214737,120.132765,2.918029,0.976190,1.064103,1.051282,1.076923,0.025641,0.987518,0.751515,0.746795,0.756235,0.009440,0.992705,0.996353,0.992705,1.000000,0.007295,1.000000,6.000000,6.000000,6.000000,0.000000,34.601001,1.192217,1.595745,0.429191,0.336499,0.262410,7.615773,28.342531,0.976575,16.590472,0.571644,3.980754,0.137161,64.739512,79.356023,84.436791,74.275254,10.161537,0.879655
left,448,553,552,0,-1,0.760193,820.250000,708.500000,932.000000,223.500000,0.897607,111.289095,105.284070,117.294120,12.010049,0.897619,1.145115,1.083333,1.206897,0.123563,0.943520,0.827241,0.803201,0.851282,0.048080,1.000000,1.000000,1.000000,1.000000,0.000000,1.000000,6.000000,6.000000,6.000000,0.000000,23.962806,0.838647,1.317073,0.838582,0.032917,1.151212,32.893768,18.647305,0.652616,11.926819,0.417413,2.691417,0.094194,71.605964,158.253718,163.072487,153.434949,9.637538,0.940900
left,449,553,531,0,-1,0.883584,877.750000,823.500000,932.000000,108.500000,0.962716,115.107547,112.920974,117.294120,4.373146,0.825397,1.197917,1.083333,1.312500,0.229167,0.953347,0.831424,0.811567,0.851282,0.039715,1.000000,1.000000,1.000000,1.000000,0.000000,1.000000,6.000000,6.000000,6.000000,0.000000,34.086625,1.151082,1.157895,0.592158,0.136998,0.628146,18.601075,26.025526,0.878864,16.710264,0.564294,1.341518,0.045302,68.929719,118.274166,125.776078,110.772255,15.003823,0.880710
left,450,553,527,0,-1,0.862564,1006.250000,932.000000,1080.500000,148.500000,0.908426,123.206017,117.294120,129.117915,11.823796,0.995951,1.081140,1.078947,1.083333,0.004386,0.956728,0.832863,0.814445,0.851282,0.036837,1.000000,1.000000,1.000000,1.000000,0.000000,0.857143,6.500000,6.000000,7.000000,1.000000,36.931706,1.165045,1.829268,0.531525,0.228075,0.446127,14.142136,29.905093,0.943384,18.465527,0.582512,1.102290,0.034773,87.886392,102.499240,116.100187,88.898294,27.201893,0.765703
left,451,552,548,0,-1,0.665571,886.500000,708.500000,1064.500000,356.000000,0.833124,115.828386,105.284070,126.372701,21.088631,0.899592,1.146305,1.085714,1.206897,0.121182,0.958905,0.820413,0.803201,0.837624,0.034423,1.000000,1.000000,1.000000,1.000000,0.000000,1.000000,6.000000,6.000000,6.000000,0.000000,29.066641,0.981246,1.641026,0.692949,0.095601,0.883544,26.172505,22.778746,0.768976,14.518878,0.490136,5.685089,0.191920,87.025219,149.204305,151.313852,147.094757,4.219095,0.972117
left,452,552,527,0,-1,0.655715,894.500000,708.500000,1080.500000,372.000000,0.815410,117.200993,105.284070,129.117915,23.833845,0.893985,1.142922,1.078947,1.206897,0.127949,0.986195,0.808823,0.803201,0.814445,0.011243,1.000000,1.000000,1.000000,1.000000,0.000000,0.857143,6.500000,6.000000,7.000000,1.000000,35.493608,1.193291,1.277778,0.514158,0.250419,0.425262,12.649111,29.291368,0.984772,17.379823,0.584307,4.589692,0.154305,89.526603,104.543511,117.666757,91.420266,26.246492,0.776942
left,453,552,526,0,-1,0.867197,762.750000,708.500000,817.000000,108.500000,0.926995,109.429837,105.284070,113.575603,8.291532,0.994286,1.203448,1.200000,1.206897,0.006897,0.990917,0.799554,0.795906,0.803201,0.007295,1.000000,1.000000,1.000000,1.000000,0.000000,0.833333,5.500000,5.000000,6.000000,1.000000,32.887060,1.191541,1.642857,0.527823,0.270731,0.512388,14.142136,27.502113,0.996438,16.207085,0.587204,2.029573,0.073534,87.783885,109.559443,115.144786,103.974101,11.170685,0.902986
left,454,551,537,0,-1,0.793003,1076.250000,952.000000,1200.500000,248.500000,0.887877,129.396195,121.711250,137.081141,15.369892,0.846154,1.200000,1.100000,1.300000,0.200000,0.994103,0.805198,0.802817,0.807580,0.004763,1.000000,1.000000,1.000000,1.000000,0.000000,1.000000,6.000000,6.000000,6.000000,0.000000,35.093793,1.071522,1.500000,0.684698,0.021603,0.916501,30.016662,26.895251,0.821195,17.539796,0.535544,4.055951,0.123841,89.278437,168.848268,178.872276,158.824261,20.048015,0.887920
left,455,551,533,0,-1,0.923365,1154.500000,1108.500000,1200.500000,92.000000,0.944387,133.269419,129.457697,137.081141,7.623444,0.822898,1.184884,1.069767,1.300000,0.230233,0.965888,0.816993,0.802817,0.831170,0.028353,1.000000,1.000000,1.000000,1.000000,0.000000,1.000000,6.000000,6.000000,6.000000,0.000000,30.322580,0.892597,1.203390,0.739164,0.076007,1.006890,34.205263,24.234437,0.713382,14.771595,0.434827,0.592733,0.017448,71.497620,129.664802,151.741970,107.587633,44.154338,0.709017
left,456,551,522,0,-1,0.914202,1149.000000,1097.500000,1200.500000,103.000000,0.914396,131.213786,125.346430,137.081141,11.734711,0.848126,1.201282,1.102564,1.300000,0.197436,0.914589,0.840303,0.802817,0.877790,0.074973,1.000000,1.000000,1.000000,1.000000,0.000000,0.857143,6.500000,6.000000,7.000000,1.000000,40.406063,1.192328,1.381818,0.494945,0.345300,0.308079,10.440307,32.662791,0.963834,18.543911,0.547206,0.682205,0.020131,59.445440,95.740725,97.893344,93.588107,4.305238,0.956021
left,457,550,538,0,-1,0.702118,984.250000,812.000000,1156.500000,344.500000,0.853514,122.657258,112.963482,132.351033,19.387552,0.987805,1.131944,1.125000,1.138889,0.013889,0.963804,0.814646,0.799631,0.829661,0.030030,1.000000,1.000000,1.000000,1.000000,0.000000,1.000000,6.000000,6.000000,6.000000,0.000000,35.759987,1.144265,1.489796,0.598423,0.168402,0.671968,21.000000,26.681876,0.853780,16.352323,0.523250,5.899839,0.188786,53.038904,121.330372,127.763078,114.897665,12.865413,0.899303
left,458,550,534,0,-1,0.782651,924.750000,812.000000,1037.500000,225.500000,0.885249,120.284978,112.963482,127.606473,14.642992,0.837766,1.233929,1.125000,1.342857,0.217857,0.998705,0.800150,0.799631,0.800668,0.001037,1.000000,1.000000,1.000000,1.000000,0.000000,0.833333,5.500000,5.000000,6.000000,1.000000,25.255035,0.832046,1.000000,0.788420,0.077318,1.134597,34.438351,21.602242,0.711702,12.627266,0.416015,2.625719,0.086506,66.280616,154.753100,162.897271,146.608929,16.288342,0.900009
left,459,550,518,0,-1,0.715419,973.500000,812.000000,1135.000000,323.000000,0.871218,121.312485,112.963482,129.661488,16.698007,0.931217,1.086310,1.047619,1.125000,0.077381,0.942554,0.823999,0.799631,0.848367,0.048736,1.000000,1.000000,1.000000,1.000000,0.000000,0.857143,6.500000,6.000000,7.000000,1.000000,36.069776,1.160073,1.727273,0.563404,0.256035,0.550523,17.117243,29.427021,0.946429,17.896356,0.575581,2.545333,0.081863,80.885483,126.336207,148.392498,104.279916,44.112582,0.702730
left,460,549,539,0,-1,0.777070,558.000000,488.000000,628.000000,140.000000,0.903396,97.782041,92.819263,102.744819,9.925556,0.935484,1.134594,1.096774,1.172414,0.075640,0.952147,0.729679,0.711793,0.747566,0.035774,1.000000,1.000000,1.000000,1.000000,0.000000,0.666667,5.000000,4.000000,6.000000,2.000000,22.635578,0.960139,1.130435,0.570905,0.221326,0.823594,19.416488,19.781933,0.839095,11.198843,0.475024,2.609605,0.110692,64.597408,138.184039,164.744881,111.623196,53.121685,0.677552
left,461,549,528,0,-1,0.597673,652.250000,488.000000,816.500000,328.500000,0.791874,105.017000,92.819263,117.214737,24.395474,0.896682,1.111848,1.051282,1.172414,0.121132,0.953129,0.729294,0.711793,0.746795,0.035003,0.992705,0.996353,0.992705,1.000000,0.007295,0.666667,5.000000,4.000000,6.000000,2.000000,25.624975,1.011542,1.391304,0.553553,0.150632,0.748982,18.973666,19.597709,0.773616,12.648349,0.499292,2.695107,0.106389,84.508831,95.071324,100.961104,89.181545,11.779559,0.883326
left,462,548,547,0,-1,0.709723,910.000000,755.500000,1064.500000,309.000000,0.865469,117.872182,109.371664,126.372701,17.001038,0.957983,1.109524,1.085714,1.133333,0.047619,0.947514,0.815642,0.793660,0.837624,0.043963,1.000000,1.000000,1.000000,1.000000,0.000000,0.833333,5.500000,5.000000,6.000000,1.000000,28.878580,0.960809,1.722222,0.767770,0.020330,1.050531,31.575307,22.662616,0.754000,14.428718,0.480053,4.031501,0.134131,84.946786,164.646523,169.412679,159.880367,9.532312,0.943733
left,463,548,526,0,-1,0.767496,940.750000,817.000000,1064.500000,247.500000,0.898735,119.974152,113.575603,126.372701,12.797098,0.904762,1.142857,1.085714,1.200000,0.114286,0.950195,0.816765,0.795906,0.837624,0.041718,1.000000,1.000000,1.000000,1.000000,0.000000,0.833333,5.500000,5.000000,6.000000,1.000000,34.839409,1.138359,1.250000,0.558393,0.214191,0.558341,17.088007,28.728382,0.938684,17.018802,0.556080,3.039182,0.099304,84.271987,108.629612,112.547178,104.712047,7.835131,0.930384
left,464,548,523,0,-1,0.799906,958.000000,851.500000,1064.500000,213.000000,0.930854,122.003609,117.634518,126.372701,8.738183,0.946637,1.056746,1.027778,1.085714,0.057937,0.923158,0.805441,0.773259,0.837624,0.064365,1.000000,1.000000,1.000000,1.000000,0.000000,1.000000,6.000000,6.000000,6.000000,0.000000,33.513871,1.084466,1.533333,0.536939,0.243476,0.521769,16.124515,28.381845,0.918400,16.725844,0.541227,2.635112,0.085269,82.266998,93.587219,95.133884,92.040554,3.093330,0.967484
left,465,547,544,0,-1,0.849768,698.750000,642.000000,755.500000,113.500000,0.910933,104.500941,99.630218,109.371664,9.741446,0.980392,1.122222,1.111111,1.133333,0.022222,0.976499,0.803211,0.793660,0.812761,0.019100,1.000000,1.000000,1.000000,1.000000,0.000000,0.833333,5.500000,5.000000,6.000000,1.000000,26.195623,0.991806,1.400000,0.645391,0.112343,0.833814,22.022716,18.656076,0.706347,12.932282,0.489636,2.392856,0.090597,83.456682,121.854627,141.340192,102.369062,38.971130,0.724274
left,466,547,523,0,-1,0.887258,803.500000,755.500000,851.500000,96.000000,0.929758,113.503091,109.371664,117.634518,8.262854,0.906863,1.080556,1.027778,1.133333,0.105556,0.974295,0.783460,0.773259,0.793660,0.020401,1.000000,1.000000,1.000000,1.000000,0.000000,0.833333,5.500000,5.000000,6.000000,1.000000,36.261863,1.279827,1.240741,0.503228,0.309583,0.470881,13.341664,29.494648,1.040985,16.547363,0.584023,2.663791,0.094016,63.617668,114.455371,120.831663,108.079079,12.752584,0.894460
left,467,547,519,0,-1,0.854638,819.750000,755.500000,884.000000,128.500000,0.910423,114.752213,109.371664,120.132762,10.761098,0.957983,1.109524,1.085714,1.133333,0.047619,0.969850,0.781696,0.769731,0.793660,0.023929,1.000000,1.000000,1.000000,1.000000,0.000000,0.833333,5.500000,5.000000,6.000000,1.000000,33.661177,1.176584,2.028571,0.528497,0.161940,0.560351,16.031220,26.793038,0.936517,16.810739,0.587598,3.714701,0.129843,73.217098,118.595665,161.452042,75.739288,85.712753,0.469113
left,468,546,535,0,-1,0.647912,1391.250000,1094.000000,1688.500000,594.500000,0.845222,142.690137,130.721219,154.659056,23.937837,0.997785,1.263305,1.261905,1.264706,0.002801,0.906932,0.845796,0.804517,0.887075,0.082558,1.000000,1.000000,1.000000,1.000000,0.000000,0.714286,6.000000,5.000000,7.000000,2.000000,32.430806,0.874534,1.415094,0.813238,0.073675,1.052026,39.012818,27.918697,0.752860,16.198152,0.436802,5.705178,0.153847,85.952051,152.296144,165.860892,138.731397,27.129495,0.836432
left,469,546,532,0,-1,0.867916,1021.750000,949.500000,1094.000000,144.500000,0.909716,124.820219,118.919219,130.721219,11.802000,0.883721,1.191176,1.117647,1.264706,0.147059,0.953530,0.824121,0.804517,0.843725,0.039208,1.000000,1.000000,1.000000,1.000000,0.000000,0.833333,5.500000,5.000000,6.000000,1.000000,34.297193,1.073639,1.105263,0.587078,0.170296,0.633857,20.248457,27.137038,0.849497,16.789992,0.525594,2.985238,0.093450,69.173436,105.463940,125.991496,84.936383,41.055113,0.674144
left,470,546,520,0,-1,0.869287,1022.500000,951.000000,1094.000000,143.000000,0.912441,124.998327,119.275435,130.721219,11.445784,0.976744,1.250000,1.235294,1.264706,0.029412,0.957738,0.822267,0.804517,0.840018,0.035501,1.000000,1.000000,1.000000,1.000000,0.000000,0.714286,6.000000,5.000000,7.000000,2.000000,33.887474,1.060409,1.530612,0.656541,0.166748,0.815997,26.076810,27.631428,0.864645,16.723161,0.523302,3.271321,0.102366,87.351517,147.319280,169.237463,125.401097,43.836366,0.740977
left,471,545,542,0,-1,0.981132,735.000000,728.000000,742.000000,14.000000,0.960657,111.811365,109.567713,114.055017,4.487304,0.877551,1.642857,1.535714,1.750000,0.214286,0.940609,0.739408,0.716779,0.762037,0.045258,1.000000,1.000000,1.000000,1.000000,0.000000,0.833333,5.500000,5.000000,6.000000,1.000000,30.420079,1.122074,2.482759,0.633339,0.025850,0.974516,26.419690,23.156059,0.854134,14.126791,0.521080,1.058584,0.039047,65.954936,173.800675,179.729739,167.871612,11.858127,0.934022
left,472,545,530,0,-1,0.969780,717.000000,706.000000,728.000000,22.000000,0.971142,107.986734,106.405755,109.567713,3.161958,0.688372,1.296429,1.057143,1.535714,0.478571,0.972505,0.772809,0.762037,0.783582,0.021545,1.000000,1.000000,1.000000,1.000000,0.000000,1.000000,6.000000,6.000000,6.000000,0.000000,33.527173,1.252132,1.651163,0.521023,0.222455,0.560202,15.000000,26.735713,0.998493,16.309090,0.609092,1.562273,0.058346,83.092571,116.305458,119.777261,112.833654,6.943607,0.942029
left,473,545,512,0,-1,0.570309,1002.250000,728.000000,1276.500000,548.500000,0.784163,124.646689,109.567713,139.725665,30.157952,0.765116,1.355357,1.175000,1.535714,0.360714,0.927465,0.791835,0.762037,0.821634,0.059597,1.000000,1.000000,1.000000,1.000000,0.000000,0.857143,6.500000,6.000000,7.000000,1.000000,30.636662,0.977096,1.320000,0.587275,0.153904,0.672784,21.095023,24.016532,0.765960,15.282970,0.487420,6.790580,0.216572,74.586555,87.073607,107.912509,66.234704,41.677805,0.613782
left,474,544,543,0,-1,0.977169,649.500000,642.000000,657.000000,15.000000,0.979167,100.690108,99.630218,101.749998,2.119780,0.849673,1.209402,1.111111,1.307692,0.196581,0.981169,0.805108,0.797455,0.812761,0.015305,1.000000,1.000000,1.000000,1.000000,0.000000,1.000000,6.000000,6.000000,6.000000,0.000000,25.115289,0.985498,1.833333,0.707435,0.047729,0.970719,24.738634,21.373523,0.838675,12.380916,0.485814,0.553314,0.021711,69.944256,163.818571,172.081098,155.556045,16.525052,0.903969
left,475,544,519,0,-1,0.726244,763.000000,642.000000,884.000000,242.000000,0.829334,109.881490,99.630218,120.132762,20.502544,0.977143,1.098413,1.085714,1.111111,0.025397,0.947058,0.791246,0.769731,0.812761,0.043029,1.000000,1.000000,1.000000,1.000000,0.000000,1.000000,6.000000,6.000000,6.000000,0.000000,37.909670,1.376785,1.016667,0.455405,0.286042,0.264395,7.280110,28.516432,1.035646,17.302044,0.628367,4.749426,0.172487,51.551975,101.156287,106.133678,96.178897,9.954781,0.906205
left,476,544,515,0,-1,0.832685,706.500000,642.000000,771.000000,129.000000,0.887638,105.936104,99.630218,112.241991,12.611773,0.877193,1.188889,1.111111,1.266667,0.155556,0.946217,0.790904,0.769048,0.812761,0.043713,1.000000,1.000000,1.000000,1.000000,0.000000,1.000000,6.000000,6.000000,6.000000,0.000000,30.828250,1.161039,2.200000,0.588764,0.098372,0.719522,19.104973,24.868846,0.936598,15.268169,0.575022,2.524863,0.095090,82.341698,124.164319,153.929932,94.398705,59.531227,0.613258
left,477,543,536,0,-1,0.787770,745.500000,657.000000,834.000000,177.000000,0.856769,110.255053,101.749998,118.760109,17.010112,0.895798,1.239560,1.171429,1.307692,0.136264,0.931812,0.770267,0.743079,0.797455,0.054377,1.000000,1.000000,1.000000,1.000000,0.000000,1.000000,6.000000,6.000000,6.000000,0.000000,26.979913,0.989888,1.828571,0.632023,0.085848,0.886649,24.166092,19.438567,0.713197,12.717963,0.466619,1.857867,0.068165,45.751238,107.863699,142.943472,72.783926,70.159545,0.509180
left,478,543,515,0,-1,0.852140,714.000000,657.000000,771.000000,114.000000,0.906523,106.995994,101.749998,112.241991,10.491993,0.968627,1.287179,1.266667,1.307692,0.041026,0.964378,0.783252,0.769048,0.797455,0.028407,1.000000,1.000000,1.000000,1.000000,0.000000,1.000000,6.000000,6.000000,6.000000,0.000000,38.894628,1.456758,1.068966,0.442655,0.378151,0.236880,6.324555,31.121616,1.165628,18.445315,0.690850,3.423365,0.128219,68.477170,110.830014,111.614779,110.045249,1.569530,0.985938
left,479,543,510,0,-1,0.869623,706.250000,657.000000,755.500000,98.500000,0.872186,109.205472,101.749998,116.660947,14.910949,0.980769,1.320513,1.307692,1.333333,0.025641,0.874756,0.747517,0.697579,0.797455,0.099877,0.996702,0.998351,0.996702,1.000000,0.003298,1.000000,6.000000,6.000000,6.000000,0.000000,33.195690,1.249876,1.625000,0.533778,0.155398,0.678777,18.027756,24.836180,0.935126,16.080629,0.605464,4.444912,0.167359,67.444417,129.796144,169.592289,90.000000,79.592289,0.530685
left,480,542,541,0,-1,0.447123,1200.750000,742.000000,1659.500000,917.500000,0.742085,133.875226,114.055017,153.695435,39.640418,0.584416,1.386364,1.022727,1.750000,0.727273,0.811932,0.799792,0.716779,0.882806,0.166027,1.000000,1.000000,1.000000,1.000000,0.000000,0.714286,6.000000,5.000000,7.000000,2.000000,40.690059,1.197178,1.931818,0.562966,0.145534,0.532853,18.110770,32.047228,0.942889,20.175029,0.593587,9.617652,0.282969,84.255260,128.466894,159.775141,97.158647,62.616493,0.608096
left,481,542,521,0,-1,0.735017,875.750000,742.000000,1009.500000,267.500000,0.894764,120.762234,114.055017,127.469451,13.414434,0.800000,1.575000,1.400000,1.750000,0.350000,0.918081,0.748757,0.716779,0.780736,0.063957,1.000000,1.000000,1.000000,1.000000,0.000000,0.833333,5.500000,5.000000,6.000000,1.000000,23.728271,0.804180,1.104167,0.698645,0.087925,1.085049,32.015621,19.086720,0.646873,11.509706,0.390078,3.300805,0.111868,44.545177,99.587901,114.775141,84.400661,30.374480,0.735357
left,482,542,512,0,-1,0.581277,1009.250000,742.000000,1276.500000,534.500000,0.816278,126.890341,114.055017,139.725665,25.670648,0.671429,1.462500,1.175000,1.750000,0.575000,0.872382,0.769206,0.716779,0.821634,0.104855,1.000000,1.000000,1.000000,1.000000,0.000000,0.714286,6.000000,5.000000,7.000000,2.000000,43.777219,1.390463,1.295082,0.464507,0.378003,0.319207,10.049876,31.760480,1.008785,18.621718,0.591468,7.095607,0.225372,39.106512,108.567700,114.035557,103.099843,10.935714,0.904103
left,483,541,538,0,-1,0.696897,1408.000000,1156.500000,1659.500000,503.000000,0.861125,143.023234,132.351033,153.695435,21.344402,0.898004,1.080808,1.022727,1.138889,0.116162,0.939800,0.856234,0.829661,0.882806,0.053145,1.000000,1.000000,1.000000,1.000000,0.000000,0.857143,6.500000,6.000000,7.000000,1.000000,40.232634,1.076540,1.687500,0.640470,0.156250,0.682195,25.495098,32.831918,0.878513,20.115849,0.538258,4.954161,0.132563,88.527235,132.591253,155.590224,109.592282,45.997943,0.704365
left,484,541,525,0,-1,0.549563,1285.750000,912.000000,1659.500000,747.500000,0.806721,138.842361,123.989287,153.695435,29.706148,0.534607,1.467885,1.022727,1.913043,0.890316,0.844445,0.814143,0.745481,0.882806,0.137325,1.000000,1.000000,1.000000,1.000000,0.000000,0.714286,6.000000,5.000000,7.000000,2.000000,32.354182,0.912204,1.269231,0.707907,0.088859,0.902658,32.015621,24.659497,0.695258,15.956654,0.449887,9.268648,0.261323,67.971268,104.872441,108.434949,101.309932,7.125016,0.934292
left,485,541,521,0,-1,0.608316,1334.500000,1009.500000,1659.500000,650.000000,0.829364,140.582443,127.469451,153.695435,26.225984,0.730519,1.211364,1.022727,1.400000,0.377273,0.884380,0.831771,0.780736,0.882806,0.102070,1.000000,1.000000,1.000000,1.000000,0.000000,0.857143,6.500000,6.000000,7.000000,1.000000,46.354054,1.278563,1.097222,0.465178,0.361933,0.174447,6.324555,34.570689,0.953548,22.003231,0.606905,8.803351,0.242819,67.225897,88.619815,91.789911,85.449719,6.340192,0.930927
left,486,540,534,0,-1,0.621072,1354.000000,1037.500000,1670.500000,633.000000,0.824742,141.164715,127.606473,154.722956,27.116482,0.776369,1.192705,1.042553,1.342857,0.300304,0.913073,0.838781,0.800668,0.876893,0.076225,1.000000,1.000000,1.000000,1.000000,0.000000,0.833333,5.500000,5.000000,6.000000,1.000000,32.743133,0.896066,1.388889,0.750748,0.088442,0.949977,34.713110,25.415051,0.695522,16.359399,0.447700,6.655658,0.182142,71.992456,128.959403,138.814075,119.104732,19.709343,0.858016
left,487,540,517,0,-1,0.927026,1736.250000,1670.500000,1802.000000,131.500000,0.969102,157.189517,154.722956,159.656078,4.933122,0.912234,1.092705,1.042553,1.142857,0.100304,0.987082,0.882632,0.876893,0.888370,0.011476,1.000000,1.000000,1.000000,1.000000,0.000000,0.857143,6.500000,6.000000,7.000000,1.000000,46.701889,1.121002,1.037500,0.636272,0.122102,0.630059,26.248809,35.644830,0.855595,23.333508,0.560082,1.232327,0.029580,89.676231,117.670068,132.655868,102.684268,29.971600,0.774065
left,488,540,514,0,-1,0.687219,1409.250000,1148.000000,1670.500000,522.500000,0.833833,141.868029,129.013102,154.722956,25.709854,0.971470,1.057862,1.042553,1.073171,0.030618,0.988410,0.871812,0.866731,0.876893,0.010163,1.000000,1.000000,1.000000,1.000000,0.000000,1.000000,6.000000,6.000000,6.000000,0.000000,40.277459,1.077602,1.464286,0.611560,0.211283,0.576309,21.540659,32.272791,0.863441,20.021225,0.535657,6.789777,0.181657,74.695829,113.485152,117.460225,109.510079,7.950146,0.932316
left,489,539,531,0,-1,0.762599,725.750000,628.000000,823.500000,195.500000,0.909883,107.832896,102.744819,112.920974,10.176155,0.835637,1.204637,1.096774,1.312500,0.215726,0.921140,0.779566,0.747566,0.811567,0.064001,1.000000,1.000000,1.000000,1.000000,0.000000,1.000000,6.000000,6.000000,6.000000,0.000000,22.706892,0.844804,1.357143,0.798849,0.014812,1.200969,32.280025,19.080244,0.709875,11.284013,0.419819,1.645624,0.061225,81.575803,173.523141,177.969086,169.077195,8.891890,0.950037
left,490,539,528,0,-1,0.769137,722.250000,628.000000,816.500000,188.500000,0.876552,109.979778,102.744819,117.214737,14.469918,0.958522,1.074028,1.051282,1.096774,0.045492,0.998969,0.747181,0.746795,0.747566,0.000771,0.992705,0.996353,0.992705,1.000000,0.007295,1.000000,6.000000,6.000000,6.000000,0.000000,34.609057,1.290555,1.408163,0.429681,0.383178,0.268898,7.211103,25.110625,0.936363,15.548151,0.579783,2.184528,0.081460,45.154874,99.799595,106.073574,93.525615,12.547959,0.881705
left,491,539,508,0,-1,0.892516,594.250000,560.500000,628.000000,67.500000,0.982840,101.863291,100.981764,102.744819,1.763055,0.634975,1.412023,1.096774,1.727273,0.630499,0.923953,0.719141,0.690716,0.747566,0.056850,1.000000,1.000000,1.000000,1.000000,0.000000,0.833333,5.500000,5.000000,6.000000,1.000000,34.567527,1.418597,1.634146,0.409063,0.539756,0.259550,6.324555,26.122531,1.072028,15.756486,0.646621,0.024745,0.001015,57.169153,108.971844,114.775141,103.168547,11.606593,0.898875
left,492,539,506,0,-1,0.603266,834.500000,628.000000,1041.000000,413.000000,0.784034,116.895620,102.744819,131.046421,28.301602,0.739130,1.290323,1.096774,1.483871,0.387097,0.981385,0.754656,0.747566,0.761746,0.014180,1.000000,1.000000,1.000000,1.000000,0.000000,0.857143,6.500000,6.000000,7.000000,1.000000,37.019684,1.291584,1.500000,0.498310,0.173158,0.499536,14.317821,29.741024,1.037638,18.413860,0.642443,10.086138,0.351896,81.537319,83.477181,95.389312,71.565051,23.824261,0.750242
left,493,538,525,0,-1,0.788586,1034.250000,912.000000,1156.500000,244.500000,0.936821,128.170160,123.989287,132.351033,8.361746,0.595328,1.525966,1.138889,1.913043,0.774155,0.898536,0.787571,0.745481,0.829661,0.084181,1.000000,1.000000,1.000000,1.000000,0.000000,0.833333,5.500000,5.000000,6.000000,1.000000,41.020704,1.277770,1.351852,0.489920,0.280638,0.404942,13.000000,30.837840,0.960580,18.173673,0.566099,4.332689,0.134961,50.741920,108.487562,113.875281,103.099843,10.775438,0.905375
left,494,538,518,0,-1,0.981409,1145.750000,1135.000000,1156.500000,21.500000,0.979679,131.006261,129.661488,132.351033,2.689545,0.919861,1.093254,1.047619,1.138889,0.091270,0.977951,0.839014,0.829661,0.848367,0.018706,1.000000,1.000000,1.000000,1.000000,0.000000,0.857143,6.500000,6.000000,7.000000,1.000000,39.405377,1.164167,1.222222,0.537388,0.272747,0.450960,15.264338,29.825822,0.881155,19.694592,0.581844,1.729185,0.051086,85.335363,105.313629,113.917422,96.709837,17.207585,0.848947
left,495,538,511,0,-1,0.645914,951.750000,747.000000,1156.500000,409.500000,0.833646,121.342498,110.333962,132.351033,22.017071,0.929699,1.098856,1.058824,1.138889,0.080065,0.929418,0.800382,0.771102,0.829661,0.058559,1.000000,1.000000,1.000000,1.000000,0.000000,0.833333,5.500000,5.000000,6.000000,1.000000,30.188381,0.984318,1.619048,0.595053,0.138429,0.687822,21.095023,23.352889,0.761441,15.034355,0.490208,4.627229,0.150875,72.151963,106.609830,119.034744,94.184916,24.849828,0.791239
left,496,537,528,0,-1,0.857668,884.250000,816.500000,952.000000,135.500000,0.963056,119.462993,117.214737,121.711250,4.496513,0.955711,1.075641,1.051282,1.100000,0.048718,0.924733,0.777188,0.746795,0.807580,0.060784,0.992705,0.996353,0.992705,1.000000,0.007295,1.000000,6.000000,6.000000,6.000000,0.000000,37.009039,1.245488,1.315789,0.523070,0.242578,0.551960,16.401219,26.343557,0.886556,17.878739,0.601684,0.072750,0.002448,77.309488,138.958189,171.193207,106.723171,64.470037,0.623408
left,497,537,522,0,-1,0.867426,1024.750000,952.000000,1097.500000,145.500000,0.970999,123.528840,121.711250,125.346430,3.635180,0.997674,1.101282,1.100000,1.102564,0.002564,0.920015,0.842685,0.807580,0.877790,0.070210,1.000000,1.000000,1.000000,1.000000,0.000000,0.857143,6.500000,6.000000,7.000000,1.000000,33.340860,1.042178,1.112903,0.634630,0.142718,0.712799,22.803509,26.982681,0.843432,16.501954,0.515823,0.862829,0.026971,87.235997,121.311628,139.340860,103.282395,36.058465,0.741221
left,498,537,505,0,-1,0.614194,1251.000000,952.000000,1550.000000,598.000000,0.813460,135.666487,121.711250,149.621723,27.910474,0.986460,1.092553,1.085106,1.100000,0.014894,0.928182,0.838823,0.807580,0.870066,0.062486,1.000000,1.000000,1.000000,1.000000,0.000000,1.000000,6.000000,6.000000,6.000000,0.000000,38.832391,1.105949,1.278689,0.571183,0.223621,0.522825,18.357560,31.100558,0.885746,19.254438,0.548368,8.612219,0.245277,83.605096,102.121180,107.891877,96.350484,11.541393,0.893028
left,499,536,530,0,-1,0.846523,770.000000,706.000000,834.000000,128.000000,0.895972,112.582932,106.405755,118.760109,12.354354,0.902439,1.114286,1.057143,1.171429,0.114286,0.948310,0.763330,0.743079,0.783582,0.040503,1.000000,1.000000,1.000000,1.000000,0.000000,1.000000,6.000000,6.000000,6.000000,0.000000,22.137337,0.798465,1.357143,0.803782,0.024351,1.262405,35.000000,16.978422,0.612390,10.891448,0.392841,0.894870,0.032277,36.106216,154.119960,154.440035,153.799885,0.640150,0.995855
left,500,536,513,0,-1,0.751799,730.500000,627.000000,834.000000,207.000000,0.880925,111.689405,104.618700,118.760109,14.141409,0.936271,1.134101,1.096774,1.171429,0.074654,0.968777,0.731478,0.719878,0.743079,0.023201,1.000000,1.000000,1.000000,1.000000,0.000000,0.833333,5.500000,5.000000,6.000000,1.000000,33.125330,1.228707,1.354167,0.550709,0.059890,0.756545,20.396078,25.289350,0.938049,16.175592,0.599996,3.744104,0.138879,68.966508,133.969944,177.939889,90.000000,87.939889,0.505789
left,501,536,510,0,-1,0.905875,794.750000,755.500000,834.000000,78.500000,0.982324,117.710528,116.660947,118.760109,2.099163,0.878571,1.252381,1.171429,1.333333,0.161905,0.938769,0.720329,0.697579,0.743079,0.045500,0.996702,0.998351,0.996702,1.000000,0.003298,1.000000,6.000000,6.000000,6.000000,0.000000,44.979541,1.595998,1.044776,0.387035,0.337842,0.146299,4.123106,33.896949,1.202757,21.216867,0.752833,4.035877,0.143204,29.688984,104.144992,117.623785,90.666200,26.957585,0.770815
left,502,535,520,0,-1,0.563222,1319.750000,951.000000,1688.500000,737.500000,0.771215,136.967246,119.275435,154.659056,35.383620,0.978912,1.248599,1.235294,1.261905,0.026611,0.946952,0.863546,0.840018,0.887075,0.047057,1.000000,1.000000,1.000000,1.000000,0.000000,1.000000,7.000000,7.000000,7.000000,0.000000,39.108200,1.087401,1.102941,0.606098,0.221065,0.556099,20.000000,30.259479,0.841363,19.546140,0.543479,9.636459,0.267941,88.783095,110.123925,124.380345,95.867506,28.512839,0.770761
left,503,535,516,0,-1,0.392360,1175.500000,662.500000,1688.500000,1026.000000,0.685856,130.366471,106.073886,154.659056,48.585170,0.864494,1.176407,1.090909,1.261905,0.170996,0.834101,0.813492,0.739910,0.887075,0.147165,1.000000,1.000000,1.000000,1.000000,0.000000,0.714286,6.000000,5.000000,7.000000,2.000000,39.432926,1.180089,1.620000,0.562826,0.142918,0.473179,15.811388,31.086337,0.930305,19.670343,0.588664,14.118541,0.422518,86.073666,100.355356,110.924502,89.786211,21.138291,0.809435
left,504,534,518,0,-1,0.914097,1086.250000,1037.500000,1135.000000,97.500000,0.984151,128.633981,127.606473,129.661488,2.055015,0.780142,1.195238,1.047619,1.342857,0.295238,0.943776,0.824518,0.800668,0.848367,0.047699,1.000000,1.000000,1.000000,1.000000,0.000000,0.714286,6.000000,5.000000,7.000000,2.000000,33.521476,1.017344,1.183333,0.633521,0.157652,0.753854,24.839485,26.831526,0.814310,16.751885,0.508403,0.638601,0.019381,80.864805,119.102507,129.093859,109.111155,19.982704,0.845208
left,505,534,514,0,-1,0.903746,1092.750000,1037.500000,1148.000000,110.500000,0.989097,128.309788,127.606473,129.013102,1.406629,0.799170,1.208014,1.073171,1.342857,0.269686,0.923780,0.833699,0.800668,0.866731,0.066062,1.000000,1.000000,1.000000,1.000000,0.000000,0.833333,5.500000,5.000000,6.000000,1.000000,37.383051,1.131236,1.190476,0.591992,0.182109,0.623840,20.615528,28.659353,0.867251,18.620376,0.563465,1.125563,0.034060,76.877271,126.767976,130.100908,123.435043,6.665864,0.948764
left,506,533,524,0,-1,0.707854,1337.250000,1108.500000,1566.000000,457.500000,0.835855,142.169166,129.457697,154.880636,25.422939,0.802326,1.201550,1.069767,1.333333,0.263566,0.987001,0.825768,0.820365,0.831170,0.010804,0.980589,0.990294,0.980589,1.000000,0.019411,0.750000,7.000000,6.000000,8.000000,2.000000,47.099210,1.292747,1.649123,0.490692,0.327912,0.310531,11.313708,34.180711,0.938169,21.475683,0.589450,7.253804,0.199097,60.879715,105.606450,109.838167,101.374732,8.463435,0.922946
left,507,533,522,0,-1,0.990077,1103.000000,1097.500000,1108.500000,11.000000,0.968242,127.402063,125.346430,129.457697,4.111267,0.970254,1.086166,1.069767,1.102564,0.032797,0.946890,0.854480,0.831170,0.877790,0.046620,1.000000,1.000000,1.000000,1.000000,0.000000,0.857143,6.500000,6.000000,7.000000,1.000000,36.787611,1.107682,1.233333,0.682417,0.067543,0.801746,26.627054,28.915357,0.870647,18.393793,0.553841,0.965186,0.029062,85.855572,154.424132,158.824261,150.024004,8.800257,0.944591
left,508,533,503,0,-1,0.796050,1250.500000,1108.500000,1392.500000,284.000000,0.902858,136.422117,129.457697,143.386537,13.928840,0.993207,1.066134,1.062500,1.069767,0.007267,0.976566,0.841143,0.831170,0.851115,0.019945,1.000000,1.000000,1.000000,1.000000,0.000000,1.000000,6.000000,6.000000,6.000000,0.000000,35.226019,0.997758,1.338983,0.643720,0.138944,0.734800,25.942244,27.967196,0.792156,17.327169,0.490783,4.086596,0.115751,75.552960,104.657194,113.241931,96.072456,17.169474,0.848382
left,509,532,520,0,-1,0.998423,950.250000,949.500000,951.000000,1.500000,0.997013,119.097327,118.919219,119.275435,0.356216,0.904762,1.176471,1.117647,1.235294,0.117647,0.995606,0.841871,0.840018,0.843725,0.003707,1.000000,1.000000,1.000000,1.000000,0.000000,0.857143,6.500000,6.000000,7.000000,1.000000,39.930475,1.295345,1.500000,0.522160,0.304130,0.394650,12.165525,30.760277,0.997864,17.607098,0.571175,0.999787,0.032433,54.631208,113.563394,121.300634,105.826154,15.474480,0.872429
left,510,532,507,0,-1,0.729823,1125.250000,949.500000,1301.000000,351.500000,0.852721,129.188900,118.919219,139.458581,20.539362,0.879850,1.193959,1.117647,1.270270,0.152623,0.996313,0.842169,0.840614,0.843725,0.003111,1.000000,1.000000,1.000000,1.000000,0.000000,0.857143,6.500000,6.000000,7.000000,1.000000,36.987203,1.106021,1.046875,0.575860,0.243724,0.549757,18.384776,30.313209,0.906450,17.578070,0.525634,2.812774,0.084110,63.848273,114.356540,137.067103,91.645977,45.421126,0.668621
left,511,532,502,0,-1,0.736332,1119.500000,949.500000,1289.500000,340.000000,0.870312,127.779507,118.919219,136.639794,17.720575,0.968627,1.135747,1.117647,1.153846,0.036199,0.972129,0.855819,0.843725,0.867914,0.024190,1.000000,1.000000,1.000000,1.000000,0.000000,1.000000,6.000000,6.000000,6.000000,0.000000,32.740867,0.981388,1.365385,0.751996,0.086423,0.931139,31.064449,27.198677,0.815264,16.123013,0.483278,3.716011,0.111385,81.219411,157.067788,159.665273,154.470302,5.194971,0.967463
left,512,531,527,0,-1,0.762147,952.000000,823.500000,1080.500000,257.000000,0.874557,121.019444,112.920974,129.117915,16.196941,0.822055,1.195724,1.078947,1.312500,0.233553,0.996466,0.813006,0.811567,0.814445,0.002878,1.000000,1.000000,1.000000,1.000000,0.000000,0.857143,6.500000,6.000000,7.000000,1.000000,30.610183,0.994359,1.215686,0.631649,0.129464,0.770097,23.706539,24.160685,0.784850,15.224945,0.494576,5.187408,0.168511,77.523527,109.559256,118.123735,100.994777,17.128958,0.854991
left,513,531,508,0,-1,0.680631,692.000000,560.500000,823.500000,263.000000,0.894269,106.951369,100.981764,112.920974,11.939210,0.759868,1.519886,1.312500,1.727273,0.414773,0.851090,0.751141,0.690716,0.811567,0.120851,1.000000,1.000000,1.000000,1.000000,0.000000,0.833333,5.500000,5.000000,6.000000,1.000000,32.249844,1.231578,1.815789,0.553961,0.104769,0.701051,18.357560,25.124783,0.959482,16.057298,0.613207,5.675212,0.216729,75.791952,124.659654,161.565051,87.754257,73.810794,0.543151
left,514,531,501,0,-1,0.935641,797.000000,770.500000,823.500000,53.000000,0.998702,112.994349,112.920974,113.067725,0.146751,0.963585,1.288603,1.264706,1.312500,0.047794,0.933213,0.784466,0.757365,0.811567,0.054202,1.000000,1.000000,1.000000,1.000000,0.000000,0.833333,5.500000,5.000000,6.000000,1.000000,36.615013,1.297150,1.926829,0.452624,0.310540,0.276691,7.810250,28.446649,1.007771,16.179764,0.573196,0.411207,0.014568,43.512015,94.575975,97.987131,91.164818,6.822313,0.930375
left,515,530,513,0,-1,0.888102,666.500000,627.000000,706.000000,79.000000,0.983205,105.512227,104.618700,106.405755,1.787055,0.963866,1.076959,1.057143,1.096774,0.039631,0.918702,0.751730,0.719878,0.783582,0.063704,1.000000,1.000000,1.000000,1.000000,0.000000,0.833333,5.500000,5.000000,6.000000,1.000000,38.905127,1.507640,1.103448,0.414517,0.481245,0.193759,5.000000,31.281509,1.212212,18.720546,0.725453,1.253288,0.048567,79.309152,114.232867,115.559965,112.905770,2.654196,0.977032
left,516,530,512,0,-1,0.553075,991.250000,706.000000,1276.500000,570.500000,0.761533,123.065710,106.405755,139.725665,33.319910,0.899696,1.116071,1.057143,1.175000,0.117857,0.953687,0.802608,0.783582,0.821634,0.038052,1.000000,1.000000,1.000000,1.000000,0.000000,0.857143,6.500000,6.000000,7.000000,1.000000,30.803832,0.988906,1.172414,0.595630,0.197982,0.668027,20.808652,24.868974,0.798377,15.392290,0.494144,6.785166,0.217827,76.488852,107.995899,132.310230,83.681569,48.628661,0.632465
left,517,530,509,0,-1,0.975921,697.500000,689.000000,706.000000,17.000000,0.989026,106.996089,106.405755,107.586423,1.180668,0.786081,1.200985,1.057143,1.344828,0.287685,0.954618,0.765802,0.748022,0.783582,0.035560,1.000000,1.000000,1.000000,1.000000,0.000000,1.000000,6.000000,6.000000,6.000000,0.000000,29.417122,1.113874,1.176471,0.597845,0.089606,0.809458,21.377558,23.746859,0.899171,14.185746,0.537141,0.188476,0.007137,72.041018,127.532483,161.885136,93.179830,68.705306,0.575592
left,518,529,517,0,-1,0.412320,1272.500000,743.000000,1802.000000,1059.000000,0.698812,135.612810,111.569542,159.656078,48.086536,0.996528,1.140873,1.138889,1.142857,0.003968,0.844333,0.819225,0.750080,0.888370,0.138290,1.000000,1.000000,1.000000,1.000000,0.000000,0.714286,6.000000,5.000000,7.000000,2.000000,30.247672,0.867839,1.098361,0.844100,0.032024,1.098536,38.288379,26.062784,0.747770,15.108769,0.433487,10.785993,0.309462,73.917979,162.464382,169.479216,155.449548,14.029668,0.917219
left,519,528,506,0,-1,0.784342,928.750000,816.500000,1041.000000,224.500000,0.894452,124.130579,117.214737,131.046421,13.831684,0.708473,1.267577,1.051282,1.483871,0.432589,0.980373,0.754271,0.746795,0.761746,0.014951,0.992705,0.996353,0.992705,1.000000,0.007295,0.857143,6.500000,6.000000,7.000000,1.000000,30.073304,0.988619,1.092593,0.652060,0.159085,0.970747,29.529646,23.877661,0.784946,14.168365,0.465766,0.239405,0.007870,56.537243,145.881814,171.085073,120.678556,50.406517,0.705372
left,520,528,505,0,-1,0.526774,1183.250000,816.500000,1550.000000,733.500000,0.783407,133.418230,117.214737,149.621723,32.406987,0.968829,1.068194,1.051282,1.085106,0.033824,0.858320,0.808431,0.746795,0.870066,0.123271,0.992705,0.996353,0.992705,1.000000,0.007295,1.000000,6.000000,6.000000,6.000000,0.000000,29.326874,0.863260,1.083333,0.807799,0.055779,1.103351,37.483330,25.302892,0.744811,14.655605,0.431399,7.620145,0.224305,82.007694,160.933055,164.939764,156.926346,8.013419,0.951416
left,521,527,526,0,-1,0.756131,948.750000,817.000000,1080.500000,263.500000,0.879627,121.346759,113.575603,129.117915,15.542312,0.899123,1.139474,1.078947,1.200000,0.121053,0.977238,0.805175,0.795906,0.814445,0.018539,1.000000,1.000000,1.000000,1.000000,0.000000,0.714286,6.000000,5.000000,7.000000,2.000000,27.895830,0.907858,1.763158,0.785548,0.021080,1.114147,34.234486,20.816297,0.677458,13.814305,0.449581,3.735667,0.121576,69.126646,165.127559,176.820170,153.434949,23.385221,0.867746
left,522,527,501,0,-1,0.713096,925.500000,770.500000,1080.500000,310.000000,0.875694,121.092820,113.067725,129.117915,16.050190,0.853121,1.171827,1.078947,1.264706,0.185759,0.929916,0.785905,0.757365,0.814445,0.057080,1.000000,1.000000,1.000000,1.000000,0.000000,0.714286,6.000000,5.000000,7.000000,2.000000,32.391647,1.068523,1.200000,0.602195,0.205024,0.752956,22.825424,25.436234,0.839080,15.843844,0.522650,1.675011,0.055255,89.763921,136.297365,167.840404,104.754327,63.086078,0.624131
left,523,527,497,0,-1,0.678390,906.750000,733.000000,1080.500000,347.500000,0.863169,120.284230,111.450545,129.117915,17.667370,0.952012,1.106140,1.078947,1.133333,0.054386,0.910517,0.778005,0.741565,0.814445,0.072879,0.995248,0.997624,0.995248,1.000000,0.004752,0.857143,6.500000,6.000000,7.000000,1.000000,40.624617,1.355398,1.109375,0.443944,0.481941,0.233548,7.000000,30.510299,1.017944,18.603245,0.620678,5.832644,0.194600,56.938004,100.605554,107.681100,93.530007,14.151094,0.868583
left,524,527,492,0,-1,0.932901,1044.250000,1008.000000,1080.500000,72.500000,0.966407,126.949197,124.780479,129.117915,4.337436,0.833732,1.186533,1.078947,1.294118,0.215170,0.998885,0.813991,0.813537,0.814445,0.000908,1.000000,1.000000,1.000000,1.000000,0.000000,0.857143,6.500000,6.000000,7.000000,1.000000,39.003712,1.207172,1.902439,0.519442,0.258559,0.450641,14.560220,31.715410,0.981598,19.061081,0.589944,2.818188,0.087223,78.041415,88.187683,88.264295,88.111071,0.153224,0.998264
left,525,526,523,0,-1,0.959483,834.250000,817.000000,851.500000,34.500000,0.965496,115.605060,113.575603,117.634518,4.058915,0.856481,1.113889,1.027778,1.200000,0.172222,0.971546,0.784583,0.773259,0.795906,0.022647,1.000000,1.000000,1.000000,1.000000,0.000000,0.833333,5.500000,5.000000,6.000000,1.000000,25.352069,0.877786,1.475000,0.716675,0.060833,1.041596,30.083218,19.525923,0.676062,12.579444,0.435549,0.295239,0.010222,88.429706,149.087676,152.318938,145.856413,6.462525,0.957572
left,526,526,497,0,-1,0.897185,775.000000,733.000000,817.000000,84.000000,0.981289,112.513074,111.450545,113.575603,2.125058,0.944444,1.166667,1.133333,1.200000,0.066667,0.931725,0.768736,0.741565,0.795906,0.054341,0.995248,0.997624,0.995248,1.000000,0.004752,0.833333,5.500000,5.000000,6.000000,1.000000,33.116431,1.190015,2.090909,0.545447,0.131290,0.647814,18.027756,25.496291,0.916190,16.232312,0.583296,2.795689,0.100461,82.677683,94.415879,105.541595,83.290163,22.251432,0.789169
left,527,525,521,0,-1,0.903418,960.750000,912.000000,1009.500000,97.500000,0.972698,125.729369,123.989287,127.469451,3.480164,0.731818,1.656522,1.400000,1.913043,0.513043,0.954844,0.763108,0.745481,0.780736,0.035255,1.000000,1.000000,1.000000,1.000000,0.000000,0.833333,5.500000,5.000000,6.000000,1.000000,39.375559,1.270754,2.866667,0.561031,0.077544,0.709998,22.000000,29.580219,0.954632,19.684016,0.635255,0.260300,0.008401,89.275710,138.170096,159.775141,116.565051,43.210089,0.729557
left,528,525,511,0,-1,0.819079,829.500000,747.000000,912.000000,165.000000,0.889867,117.161625,110.333962,123.989287,13.655325,0.553476,1.485934,1.058824,1.913043,0.854220,0.966773,0.758292,0.745481,0.771102,0.025622,1.000000,1.000000,1.000000,1.000000,0.000000,1.000000,5.000000,5.000000,5.000000,0.000000,33.913614,1.178976,2.000000,0.540605,0.199216,0.659602,18.973666,27.051251,0.940412,16.787152,0.583590,5.133285,0.178454,78.120160,127.017280,151.939803,102.094757,49.845046,0.671942
left,529,525,495,0,-1,0.639327,1169.250000,912.000000,1426.500000,514.500000,0.862976,133.832871,123.989287,143.676455,19.687167,0.682449,1.609300,1.305556,1.913043,0.607488,0.858472,0.806931,0.745481,0.868381,0.122901,0.998600,0.999300,0.998600,1.000000,0.001400,0.625000,6.500000,5.000000,8.000000,3.000000,28.168842,0.828881,1.180000,0.799942,0.052170,1.118167,38.000000,23.422578,0.689220,14.038994,0.413104,5.821467,0.171299,82.209087,151.452621,153.434949,149.470294,3.964655,0.974161
left,530,524,504,0,-1,0.336207,1046.250000,526.500000,1566.000000,1039.500000,0.616616,125.191246,95.501856,154.880636,59.378780,0.846774,1.231183,1.129032,1.333333,0.204301,0.884254,0.772889,0.725412,0.820365,0.094954,0.980589,0.990294,0.980589,1.000000,0.019411,0.500000,6.000000,4.000000,8.000000,4.000000,35.234978,1.127189,1.145161,0.581512,0.220789,0.603598,18.867962,32.548632,1.041251,17.108049,0.547297,10.868621,0.347694,79.010055,133.935729,156.861134,111.010324,45.850810,0.707698
left,531,524,503,0,-1,0.889208,1479.250000,1392.500000,1566.000000,173.500000,0.925787,149.133586,143.386537,154.880636,11.494099,0.796875,1.197917,1.062500,1.333333,0.270833,0.963871,0.835740,0.820365,0.851115,0.030750,0.980589,0.990294,0.980589,1.000000,0.019411,0.750000,7.000000,6.000000,8.000000,2.000000,40.148247,1.044318,1.343750,0.694168,0.048504,0.869346,33.421550,29.371485,0.763998,19.840497,0.516082,2.799262,0.072813,80.226057,143.926210,162.552812,125.299608,37.253204,0.770824
left,532,524,499,0,-1,0.458812,1142.250000,718.500000,1566.000000,847.500000,0.703854,131.947009,109.013381,154.880636,45.867255,0.882353,1.254902,1.176471,1.333333,0.156863,0.926125,0.790063,0.759761,0.820365,0.060604,0.980589,0.990294,0.980589,1.000000,0.019411,0.625000,6.500000,5.000000,8.000000,3.000000,34.071168,1.026587,1.224138,0.569089,0.194353,0.591974,19.646883,30.093115,0.906725,17.022682,0.512905,8.253437,0.248681,86.674431,103.383954,120.516411,86.251496,34.264915,0.715683
left,533,523,519,0,-1,0.963235,867.750000,851.500000,884.000000,32.500000,0.979204,118.883640,117.634518,120.132762,2.498244,0.946637,1.056746,1.027778,1.085714,0.057937,0.995438,0.771495,0.769731,0.773259,0.003528,1.000000,1.000000,1.000000,1.000000,0.000000,1.000000,6.000000,6.000000,6.000000,0.000000,23.399881,0.794393,1.375000,0.815585,0.030827,1.260220,37.121422,18.138921,0.615791,11.320838,0.384326,0.108616,0.003687,40.003457,160.639405,163.429049,157.849762,5.579287,0.965861
left,534,523,497,0,-1,0.860834,792.250000,733.000000,851.500000,118.500000,0.947431,114.542531,111.450545,117.634518,6.183973,0.906863,1.080556,1.027778,1.133333,0.105556,0.959013,0.757412,0.741565,0.773259,0.031694,0.995248,0.997624,0.995248,1.000000,0.004752,1.000000,6.000000,6.000000,6.000000,0.000000,41.657964,1.481055,1.048387,0.421202,0.379931,0.207306,5.830952,30.863194,1.097271,20.307434,0.721985,2.132323,0.075810,82.490292,108.786200,108.970408,108.601991,0.368416,0.996619
left,535,523,496,0,-1,0.882560,801.500000,751.500000,851.500000,100.000000,0.938488,114.016541,110.398564,117.634518,7.235954,0.888889,1.092014,1.027778,1.156250,0.128472,0.997960,0.774049,0.773259,0.774840,0.001581,1.000000,1.000000,1.000000,1.000000,0.000000,1.000000,6.000000,6.000000,6.000000,0.000000,34.797669,1.229731,1.404255,0.515031,0.162196,0.534783,15.132746,26.928079,0.951624,17.317311,0.611984,2.240009,0.079161,79.374404,93.444129,94.398705,92.489553,1.909152,0.979776
left,536,522,505,0,-1,0.708065,1323.750000,1097.500000,1550.000000,452.500000,0.837756,137.484077,125.346430,149.621723,24.275294,0.984166,1.093835,1.085106,1.102564,0.017458,0.991201,0.873928,0.870066,0.877790,0.007724,1.000000,1.000000,1.000000,1.000000,0.000000,0.857143,6.500000,6.000000,7.000000,1.000000,40.606695,1.120207,1.563636,0.639157,0.132200,0.645789,23.409400,30.262249,0.834837,20.296299,0.559909,5.272148,0.145441,84.962549,127.053727,141.340192,112.767263,28.572929,0.797843
left,537,522,503,0,-1,0.788151,1245.000000,1097.500000,1392.500000,295.000000,0.874185,134.366483,125.346430,143.386537,18.040107,0.963663,1.082532,1.062500,1.102564,0.040064,0.969612,0.864452,0.851115,0.877790,0.026675,1.000000,1.000000,1.000000,1.000000,0.000000,0.857143,6.500000,6.000000,7.000000,1.000000,42.852185,1.216618,1.500000,0.531406,0.293976,0.370174,13.038405,33.043040,0.938126,20.708799,0.587944,4.227979,0.120037,78.419683,105.562446,114.390826,96.734065,17.656760,0.845645
left,538,522,487,0,-1,0.831439,1208.750000,1097.500000,1320.000000,222.500000,0.876954,134.140124,125.346430,142.933819,17.587389,0.904103,1.161038,1.102564,1.219512,0.116948,0.924961,0.844855,0.811921,0.877790,0.065869,1.000000,1.000000,1.000000,1.000000,0.000000,1.000000,7.000000,7.000000,7.000000,0.000000,41.293177,1.188971,1.383333,0.563325,0.190900,0.519081,18.027756,33.494329,0.964416,20.552042,0.591763,6.244429,0.179798,86.575858,103.251107,103.697947,102.804266,0.893681,0.991382
left,539,522,475,0,-1,0.669616,1368.250000,1097.500000,1639.000000,541.500000,0.785188,142.492581,125.346430,159.638732,34.292302,0.779399,1.258599,1.102564,1.414634,0.312070,0.920708,0.842989,0.808188,0.877790,0.069602,0.982614,0.991307,0.982614,1.000000,0.017386,1.000000,7.000000,7.000000,7.000000,0.000000,48.181405,1.309044,1.763636,0.497213,0.311895,0.298860,11.000000,37.058489,1.006845,23.151748,0.629012,9.712650,0.263884,74.255165,102.656235,108.676702,96.635769,12.040933,0.889204
left,540,521,512,0,-1,0.790834,1143.000000,1009.500000,1276.500000,267.000000,0.912284,133.597558,127.469451,139.725665,12.256215,0.839286,1.287500,1.175000,1.400000,0.225000,0.950223,0.801185,0.780736,0.821634,0.040898,1.000000,1.000000,1.000000,1.000000,0.000000,0.857143,6.500000,6.000000,7.000000,1.000000,41.717970,1.236074,2.125000,0.560431,0.194226,0.604321,20.396078,32.898680,0.974765,20.064111,0.594485,1.278787,0.037890,75.743608,141.205061,172.499496,109.910626,62.588870,0.637165
left,541,521,500,0,-1,0.861348,1090.750000,1009.500000,1172.000000,162.500000,0.931194,132.178821,127.469451,136.888192,9.418741,0.924000,1.457576,1.400000,1.515152,0.115152,0.993341,0.783352,0.780736,0.785969,0.005234,1.000000,1.000000,1.000000,1.000000,0.000000,1.000000,6.000000,6.000000,6.000000,0.000000,26.968270,0.817132,1.018868,0.807009,0.041714,1.212748,40.024992,22.906170,0.694052,13.250005,0.401472,1.709572,0.051800,54.596862,161.229647,164.054604,158.404690,5.649915,0.965561
left,542,521,495,0,-1,0.707676,1218.000000,1009.500000,1426.500000,417.000000,0.887198,135.572953,127.469451,143.676455,16.207004,0.932540,1.352778,1.305556,1.400000,0.094444,0.899070,0.824558,0.780736,0.868381,0.087646,0.998600,0.999300,0.998600,1.000000,0.001400,0.750000,7.000000,6.000000,8.000000,2.000000,46.072722,1.325039,1.383333,0.460849,0.337644,0.192926,6.708204,34.930936,1.004605,22.711984,0.653191,4.929875,0.141782,82.303283,91.187481,92.374962,90.000000,2.374962,0.974290
left,543,520,516,0,-1,0.696635,806.750000,662.500000,951.000000,288.500000,0.889319,112.674661,106.073886,119.275435,13.201549,0.883117,1.163102,1.090909,1.235294,0.144385,0.880827,0.789964,0.739910,0.840018,0.100108,1.000000,1.000000,1.000000,1.000000,0.000000,0.714286,6.000000,5.000000,7.000000,2.000000,39.780590,1.406237,1.900000,0.456334,0.347381,0.257351,7.280110,29.277553,1.034956,19.753675,0.698289,3.630726,0.128346,86.615985,112.790340,124.695154,100.885527,23.809626,0.809057
left,544,520,502,0,-1,0.737495,1120.250000,951.000000,1289.500000,338.500000,0.872919,127.957615,119.275435,136.639794,17.364359,0.934066,1.194570,1.153846,1.235294,0.081448,0.967858,0.853966,0.840018,0.867914,0.027897,1.000000,1.000000,1.000000,1.000000,0.000000,0.857143,6.500000,6.000000,7.000000,1.000000,33.948080,1.017203,1.339623,0.656509,0.107342,0.731502,24.413111,25.790159,0.772763,16.912931,0.506770,4.937391,0.147941,83.037966,113.777357,143.325650,84.229064,59.096587,0.587676
left,545,520,498,0,-1,0.906940,906.750000,862.500000,951.000000,88.500000,0.983790,120.258071,119.275435,121.240708,1.965272,0.870238,1.155147,1.075000,1.235294,0.160294,0.877776,0.788682,0.737347,0.840018,0.102670,1.000000,1.000000,1.000000,1.000000,0.000000,0.714286,6.000000,5.000000,7.000000,2.000000,38.772483,1.287980,1.203390,0.534038,0.187207,0.563744,16.970563,29.526101,0.980825,19.259962,0.639795,1.763900,0.058595,85.063915,114.566417,120.963757,108.169077,12.794679,0.894227
left,546,520,480,0,-1,0.655862,1200.500000,951.000000,1450.000000,499.000000,0.764052,137.692195,119.275435,156.108955,36.833520,0.908649,1.178872,1.122449,1.235294,0.112845,0.890090,0.793854,0.747691,0.840018,0.092326,1.000000,1.000000,1.000000,1.000000,0.000000,0.857143,6.500000,6.000000,7.000000,1.000000,44.299167,1.285577,1.535714,0.480265,0.249896,0.358962,12.369317,33.325456,0.967116,22.114514,0.641771,9.453906,0.274356,82.027655,97.859286,105.718573,90.000000,15.718573,0.851317
left,547,519,515,0,-1,0.872172,827.500000,771.000000,884.000000,113.000000,0.934316,116.187376,112.241991,120.132762,7.890771,0.857143,1.176190,1.085714,1.266667,0.180952,0.999112,0.769390,0.769048,0.769731,0.000683,1.000000,1.000000,1.000000,1.000000,0.000000,1.000000,6.000000,6.000000,6.000000,0.000000,24.297282,0.845137,1.395349,0.675318,0.107855,0.989336,28.442925,19.711270,0.685621,12.114803,0.421392,1.383754,0.048131,41.526692,119.407457,138.878525,99.936390,38.942135,0.719596
left,548,519,496,0,-1,0.850113,817.750000,751.500000,884.000000,132.500000,0.918971,115.265663,110.398564,120.132762,9.734198,0.938996,1.120982,1.085714,1.156250,0.070536,0.993407,0.772286,0.769731,0.774840,0.005109,1.000000,1.000000,1.000000,1.000000,0.000000,1.000000,6.000000,6.000000,6.000000,0.000000,42.107251,1.473682,1.015625,0.447078,0.327423,0.282165,8.062258,33.754246,1.181341,20.235083,0.708193,3.427697,0.119964,78.874989,115.420794,121.180902,109.660685,11.520217,0.904934
left,549,519,486,0,-1,0.663664,1108.000000,884.000000,1332.000000,448.000000,0.845591,131.101144,120.132762,142.069527,21.936765,0.962919,1.065584,1.045455,1.085714,0.040260,0.928169,0.799516,0.769731,0.829301,0.059570,1.000000,1.000000,1.000000,1.000000,0.000000,0.857143,6.500000,6.000000,7.000000,1.000000,36.326582,1.097004,1.717391,0.597896,0.134251,0.700446,23.194827,30.119076,0.909547,17.761724,0.536375,5.228623,0.157896,69.426595,104.780391,113.565396,95.995387,17.570009,0.845287
left,550,518,514,0,-1,0.988676,1141.500000,1135.000000,1148.000000,13.000000,0.994999,129.337295,129.013102,129.661488,0.648386,0.976190,1.060395,1.047619,1.073171,0.025552,0.978813,0.857549,0.848367,0.866731,0.018364,1.000000,1.000000,1.000000,1.000000,0.000000,0.857143,6.500000,6.000000,7.000000,1.000000,43.786417,1.295995,1.913043,0.487155,0.276391,0.236785,8.000000,33.429369,0.989446,21.684453,0.641819,0.628340,0.018598,77.269927,97.527944,100.805234,94.250655,6.554579,0.934978
left,551,518,511,0,-1,0.658150,941.000000,747.000000,1135.000000,388.000000,0.850939,119.997725,110.333962,129.661488,19.327526,0.989418,1.053221,1.047619,1.058824,0.011204,0.908926,0.809735,0.771102,0.848367,0.077265,1.000000,1.000000,1.000000,1.000000,0.000000,0.714286,6.000000,5.000000,7.000000,2.000000,33.881509,1.110486,1.510638,0.572320,0.230074,0.601679,18.357560,27.835439,0.912322,16.387368,0.537105,2.751311,0.090176,76.006862,113.002983,127.047834,98.958132,28.089702,0.778905
left,552,518,494,0,-1,0.948899,1106.000000,1077.000000,1135.000000,58.000000,0.967679,131.826894,129.661488,133.992300,4.330812,0.913880,1.096980,1.047619,1.146341,0.098722,0.888551,0.801092,0.753817,0.848367,0.094550,1.000000,1.000000,1.000000,1.000000,0.000000,0.857143,6.500000,6.000000,7.000000,1.000000,40.536410,1.219004,1.028571,0.521591,0.212251,0.493215,16.401219,31.892054,0.959052,19.807609,0.595651,3.347841,0.100676,79.649694,109.106070,128.959435,89.252706,39.706729,0.692099
left,553,518,491,0,-1,0.809847,1268.250000,1135.000000,1401.500000,266.500000,0.912831,135.852386,129.661488,142.043283,12.381795,0.980750,1.057900,1.047619,1.068182,0.020563,0.971901,0.860631,0.848367,0.872894,0.024527,1.000000,1.000000,1.000000,1.000000,0.000000,1.000000,7.000000,7.000000,7.000000,0.000000,37.955514,1.067270,1.177419,0.706928,0.054603,0.834617,29.681644,28.232605,0.793872,18.962831,0.533215,3.124105,0.087847,88.535022,139.610659,143.130102,136.091216,7.038886,0.950822
left,554,517,514,0,-1,0.637070,1475.000000,1148.000000,1802.000000,654.000000,0.808069,144.334590,129.013102,159.656078,30.642976,0.939024,1.108014,1.073171,1.142857,0.069686,0.975642,0.877550,0.866731,0.888370,0.021639,1.000000,1.000000,1.000000,1.000000,0.000000,0.857143,6.500000,6.000000,7.000000,1.000000,42.664048,1.117853,1.803922,0.624069,0.158305,0.588801,22.472205,32.844090,0.860558,20.611833,0.540057,6.750395,0.176869,72.157022,117.774524,117.834054,117.714995,0.119059,0.998990
left,555,517,490,0,-1,0.657880,1493.750000,1185.500000,1802.000000,616.500000,0.814181,144.822494,129.988910,159.656078,29.667168,0.875000,1.071429,1.000000,1.142857,0.142857,0.992442,0.885012,0.881655,0.888370,0.006714,1.000000,1.000000,1.000000,1.000000,0.000000,0.857143,6.500000,6.000000,7.000000,1.000000,43.491584,1.131399,1.038961,0.562237,0.225439,0.406355,15.620499,34.066303,0.886208,21.742854,0.565623,5.270341,0.137104,80.680334,99.969074,108.313173,91.624976,16.688196,0.845926
left,556,516,498,0,-1,0.768116,762.500000,662.500000,862.500000,200.000000,0.874903,113.657297,106.073886,121.240708,15.166822,0.985417,1.082955,1.075000,1.090909,0.015909,0.996537,0.738629,0.737347,0.739910,0.002563,1.000000,1.000000,1.000000,1.000000,0.000000,1.000000,5.000000,5.000000,5.000000,0.000000,20.340062,0.738197,1.083333,0.824803,0.019672,1.358920,37.443290,17.676959,0.641545,10.073445,0.365593,1.881607,0.068289,33.932176,163.891134,176.836872,150.945396,25.891476,0.853586
left,557,515,510,0,-1,0.979896,763.250000,755.500000,771.000000,15.500000,0.962121,114.451469,112.241991,116.660947,4.418956,0.950000,1.300000,1.266667,1.333333,0.066667,0.907068,0.733314,0.697579,0.769048,0.071469,0.996702,0.998351,0.996702,1.000000,0.003298,1.000000,6.000000,6.000000,6.000000,0.000000,19.971128,0.722894,1.170732,0.819364,0.021291,1.373578,37.947332,15.162007,0.548819,9.893367,0.358110,0.503154,0.018213,11.105081,159.975136,161.565051,158.385221,3.179830,0.980319
left,558,515,486,0,-1,0.578829,1051.500000,771.000000,1332.000000,561.000000,0.790050,127.155759,112.241991,142.069527,29.827536,0.825359,1.156061,1.045455,1.266667,0.221212,0.927345,0.799175,0.769048,0.829301,0.060253,1.000000,1.000000,1.000000,1.000000,0.000000,0.857143,6.500000,6.000000,7.000000,1.000000,43.275336,1.346810,1.156250,0.519856,0.196624,0.448846,14.422205,34.909000,1.086434,21.552107,0.670742,9.192690,0.286094,88.382835,114.387241,121.218403,107.556080,13.662323,0.887292
left,559,515,479,0,-1,0.809449,861.750000,771.000000,952.500000,181.500000,0.882644,119.703835,112.241991,127.165680,14.923689,0.943262,1.304762,1.266667,1.342857,0.076190,0.962457,0.754612,0.740176,0.769048,0.028872,1.000000,1.000000,1.000000,1.000000,0.000000,1.000000,6.000000,6.000000,6.000000,0.000000,43.379537,1.479786,2.236842,0.418804,0.271250,0.204675,6.000000,32.102929,1.095112,21.665557,0.739067,3.493086,0.119158,86.031649,91.235832,92.471665,90.000000,2.471665,0.973271
left,560,514,491,0,-1,0.819122,1274.750000,1148.000000,1401.500000,253.500000,0.908266,135.528192,129.013102,142.043283,13.030181,0.995351,1.070676,1.068182,1.073171,0.004989,0.992939,0.869812,0.866731,0.872894,0.006164,1.000000,1.000000,1.000000,1.000000,0.000000,0.857143,6.500000,6.000000,7.000000,1.000000,36.047000,1.010870,1.029412,0.655630,0.171406,0.701078,25.000000,28.507041,0.799426,17.693859,0.496191,2.239825,0.062812,72.598819,113.666756,122.619243,104.714268,17.904975,0.853979
left,561,514,490,0,-1,0.968368,1166.750000,1148.000000,1185.500000,37.500000,0.992493,129.501006,129.013102,129.988910,0.975808,0.931818,1.036585,1.000000,1.073171,0.073171,0.983072,0.874193,0.866731,0.881655,0.014925,1.000000,1.000000,1.000000,1.000000,0.000000,1.000000,6.000000,6.000000,6.000000,0.000000,33.126552,0.969843,1.250000,0.761510,0.094708,0.918847,31.384710,27.855633,0.815527,16.506887,0.483270,0.159400,0.004667,80.764638,150.777649,150.895268,150.660029,0.235239,0.998441
left,562,513,510,0,-1,0.829914,691.250000,627.000000,755.500000,128.500000,0.896776,110.639823,104.618700,116.660947,12.042247,0.822581,1.215054,1.096774,1.333333,0.236559,0.969024,0.708728,0.697579,0.719878,0.022299,0.996702,0.998351,0.996702,1.000000,0.003298,0.833333,5.500000,5.000000,6.000000,1.000000,19.978653,0.760710,1.325000,0.734344,0.049186,1.284470,33.734256,16.424005,0.625363,9.781603,0.372446,0.874477,0.033297,30.217528,124.940183,162.606678,87.273689,75.332989,0.536717
left,563,513,509,0,-1,0.910015,658.000000,627.000000,689.000000,62.000000,0.972415,106.102562,104.618700,107.586423,2.967723,0.815550,1.220801,1.096774,1.344828,0.248053,0.962376,0.733950,0.719878,0.748022,0.028144,1.000000,1.000000,1.000000,1.000000,0.000000,0.833333,5.500000,5.000000,6.000000,1.000000,21.048825,0.820797,1.444444,0.762131,0.024696,1.265383,32.449961,16.724856,0.652184,10.058032,0.392212,1.204906,0.046985,36.715336,162.138431,170.362462,153.914400,16.448062,0.903453
left,564,513,483,0,-1,0.494479,947.500000,627.000000,1268.000000,641.000000,0.759826,121.153242,104.618700,137.687785,33.069085,0.958522,1.074028,1.051282,1.096774,0.045492,0.856486,0.780189,0.719878,0.840501,0.120623,1.000000,1.000000,1.000000,1.000000,0.000000,0.714286,6.000000,5.000000,7.000000,2.000000,38.464492,1.268430,1.510204,0.509317,0.225858,0.429963,13.038405,29.844320,0.984166,18.704140,0.616800,7.368314,0.242982,74.196890,92.658463,114.970749,70.346176,44.624573,0.611862
left,565,512,509,0,-1,0.539757,982.750000,689.000000,1276.500000,587.500000,0.769983,123.656044,107.586423,139.725665,32.139242,0.873718,1.259914,1.175000,1.344828,0.169828,0.910408,0.784828,0.748022,0.821634,0.073612,1.000000,1.000000,1.000000,1.000000,0.000000,0.857143,6.500000,6.000000,7.000000,1.000000,39.883568,1.287045,1.952381,0.509808,0.225134,0.438920,13.601471,30.585054,0.986982,17.448588,0.563067,8.097454,0.261305,49.080754,112.869539,114.433295,111.305784,3.127511,0.972670
left,566,512,500,0,-1,0.918136,1224.250000,1172.000000,1276.500000,104.500000,0.979693,138.306929,136.888192,139.725665,2.837473,0.775500,1.345076,1.175000,1.515152,0.340152,0.956593,0.803801,0.785969,0.821634,0.035665,1.000000,1.000000,1.000000,1.000000,0.000000,0.857143,6.500000,6.000000,7.000000,1.000000,37.453997,1.070686,1.464286,0.551894,0.249541,0.578836,20.248457,29.484784,0.842872,18.716653,0.535047,0.066302,0.001895,87.799500,101.718707,111.752730,91.684684,20.068046,0.820425
left,567,512,493,0,-1,0.710928,1092.000000,907.500000,1276.500000,369.000000,0.855520,129.631896,119.538127,139.725665,20.187538,0.996960,1.173214,1.171429,1.175000,0.003571,0.971327,0.809854,0.798075,0.821634,0.023559,1.000000,1.000000,1.000000,1.000000,0.000000,0.714286,6.000000,5.000000,7.000000,2.000000,30.773203,0.934605,1.181818,0.742854,0.051282,1.018212,33.526109,25.449772,0.772928,15.262780,0.463542,5.324432,0.161707,76.724015,150.569486,158.442921,142.696052,15.746869,0.900615
left,568,511,495,0,-1,0.523659,1086.750000,747.000000,1426.500000,679.500000,0.767933,127.005208,110.333962,143.676455,33.342492,0.811014,1.182190,1.058824,1.305556,0.246732,0.887977,0.819742,0.771102,0.868381,0.097279,0.998600,0.999300,0.998600,1.000000,0.001400,0.625000,6.500000,5.000000,8.000000,3.000000,41.871029,1.286354,1.428571,0.537723,0.285944,0.439869,14.317821,33.306718,1.023243,19.771215,0.607407,9.355479,0.287417,69.902987,119.467033,130.499118,108.434949,22.064169,0.830925
left,569,511,494,0,-1,0.693593,912.000000,747.000000,1077.000000,330.000000,0.823435,122.163131,110.333962,133.992300,23.658338,0.923655,1.102582,1.058824,1.146341,0.087518,0.977583,0.762460,0.753817,0.771102,0.017285,1.000000,1.000000,1.000000,1.000000,0.000000,0.833333,5.500000,5.000000,6.000000,1.000000,23.341444,0.776121,1.212766,0.801141,0.042763,1.249893,37.589892,20.317415,0.675570,11.409663,0.379380,2.716084,0.090312,45.919380,163.902873,171.789162,156.016585,15.772577,0.908186
left,570,510,483,0,-1,0.595820,1011.750000,755.500000,1268.000000,512.500000,0.847286,127.174366,116.660947,137.687785,21.026838,0.788462,1.192308,1.051282,1.333333,0.282051,0.829956,0.769040,0.697579,0.840501,0.142922,0.996702,0.998351,0.996702,1.000000,0.003298,0.857143,6.500000,6.000000,7.000000,1.000000,37.607319,1.192079,1.813953,0.490590,0.267359,0.422905,13.341664,29.711071,0.941783,18.803140,0.596023,5.788556,0.183486,75.143100,90.847587,99.272602,82.422573,16.850029,0.830265
left,571,510,479,0,-1,0.793176,854.000000,755.500000,952.500000,197.000000,0.917393,121.913313,116.660947,127.165680,10.504733,0.992908,1.338095,1.333333,1.342857,0.009524,0.942450,0.718877,0.697579,0.740176,0.042597,0.996702,0.998351,0.996702,1.000000,0.003298,1.000000,6.000000,6.000000,6.000000,0.000000,45.183606,1.548737,1.500000,0.424522,0.215164,0.325176,9.486833,32.833563,1.125421,22.232025,0.762037,3.960315,0.135746,81.881299,110.295956,112.156964,108.434949,3.722015,0.966814
left,572,509,493,0,-1,0.759229,798.250000,689.000000,907.500000,218.500000,0.900018,113.562275,107.586423,119.538127,11.951704,0.871062,1.258128,1.171429,1.344828,0.173399,0.937283,0.773048,0.748022,0.798075,0.050053,1.000000,1.000000,1.000000,1.000000,0.000000,0.833333,5.500000,5.000000,6.000000,1.000000,31.782022,1.127551,1.307692,0.494057,0.337300,0.454335,12.806248,26.346340,0.934706,15.865668,0.562876,5.864171,0.208047,75.467056,98.021850,105.792404,90.251296,15.541108,0.853098
left,573,509,483,0,-1,0.543375,978.500000,689.000000,1268.000000,579.000000,0.781380,122.637104,107.586423,137.687785,30.101362,0.781723,1.198055,1.051282,1.344828,0.293546,0.889971,0.794261,0.748022,0.840501,0.092479,1.000000,1.000000,1.000000,1.000000,0.000000,0.857143,6.500000,6.000000,7.000000,1.000000,44.260087,1.431027,1.044776,0.469848,0.349259,0.266618,8.246211,31.362046,1.014005,20.352651,0.658046,7.912647,0.255833,61.014276,112.255697,119.291362,105.220032,14.071330,0.882042
left,574,509,482,0,-1,0.619604,900.500000,689.000000,1112.000000,423.000000,0.815943,119.720905,107.586423,131.855387,24.268963,0.871062,1.258128,1.171429,1.344828,0.173399,0.930669,0.775884,0.748022,0.803746,0.055725,1.000000,1.000000,1.000000,1.000000,0.000000,0.833333,5.500000,5.000000,6.000000,1.000000,33.824300,1.135130,1.743590,0.558895,0.214881,0.641155,19.104973,25.827277,0.866753,16.745424,0.561970,8.419443,0.282553,80.466684,107.182000,119.538782,94.825217,24.713565,0.793259
left,575,508,506,0,-1,0.538425,800.750000,560.500000,1041.000000,480.500000,0.770580,116.014092,100.981764,131.046421,30.064657,0.859083,1.605572,1.483871,1.727273,0.243402,0.906754,0.726231,0.690716,0.761746,0.071030,1.000000,1.000000,1.000000,1.000000,0.000000,0.714286,6.000000,5.000000,7.000000,2.000000,21.281203,0.760866,1.152174,0.826667,0.003746,1.358613,38.000000,18.207700,0.650979,10.606802,0.379225,5.399938,0.193064,37.133286,176.163794,178.667780,173.659808,5.007972,0.971970
left,576,508,501,0,-1,0.727450,665.500000,560.500000,770.500000,210.000000,0.893109,107.024744,100.981764,113.067725,12.085961,0.732198,1.495989,1.264706,1.727273,0.462567,0.911999,0.724041,0.690716,0.757365,0.066649,1.000000,1.000000,1.000000,1.000000,0.000000,1.000000,5.000000,5.000000,5.000000,0.000000,21.435495,0.833535,1.021277,0.616947,0.152893,0.960406,24.698178,18.396568,0.715364,10.693428,0.415822,2.532229,0.098468,51.785405,110.160011,119.872205,100.447818,19.424387,0.837958
left,577,508,489,0,-1,0.634768,721.750000,560.500000,883.000000,322.500000,0.877140,108.053993,100.981764,115.126222,14.144458,0.759868,1.519886,1.312500,1.727273,0.414773,0.825045,0.763951,0.690716,0.837186,0.146470,1.000000,1.000000,1.000000,1.000000,0.000000,0.714286,6.000000,5.000000,7.000000,2.000000,32.110589,1.202865,1.571429,0.508323,0.294770,0.509512,13.601471,25.553122,0.957221,15.530812,0.581785,3.075397,0.115205,83.496178,110.044696,111.654444,108.434949,3.219495,0.971166
left,578,507,502,0,-1,0.991161,1295.250000,1289.500000,1301.000000,11.500000,0.979788,138.049188,136.639794,139.458581,2.818787,0.908347,1.212058,1.153846,1.270270,0.116424,0.968545,0.854264,0.840614,0.867914,0.027300,1.000000,1.000000,1.000000,1.000000,0.000000,0.857143,6.500000,6.000000,7.000000,1.000000,36.396720,1.011315,1.500000,0.672203,0.140127,0.778501,28.017851,28.552630,0.793360,17.661717,0.490746,1.808171,0.050242,67.116937,127.499341,146.309932,108.688749,37.621183,0.742867
left,579,507,481,0,-1,0.810530,1177.750000,1054.500000,1301.000000,246.500000,0.905717,132.884327,126.310072,139.458581,13.148510,0.826596,1.160135,1.050000,1.270270,0.220270,0.988061,0.835596,0.830578,0.840614,0.010036,1.000000,1.000000,1.000000,1.000000,0.000000,0.714286,6.000000,5.000000,7.000000,2.000000,39.627817,1.156300,1.750000,0.572931,0.143918,0.561269,19.235384,30.705142,0.895945,19.749147,0.576260,2.737237,0.079870,87.729196,104.768301,124.695154,84.841448,39.853705,0.680391
left,580,507,474,0,-1,0.898540,1235.000000,1169.000000,1301.000000,132.000000,0.975094,137.721914,135.985246,139.458581,3.473335,0.925000,1.222635,1.175000,1.270270,0.095270,0.945027,0.817508,0.794403,0.840614,0.046211,1.000000,1.000000,1.000000,1.000000,0.000000,1.000000,7.000000,7.000000,7.000000,0.000000,48.188046,1.371706,1.415385,0.492231,0.280162,0.346300,12.165525,34.971409,0.995485,22.716902,0.646652,0.488760,0.013913,75.059709,114.933327,116.273154,113.593501,2.679653,0.976954
left,581,506,505,0,-1,0.671613,1295.500000,1041.000000,1550.000000,509.000000,0.875852,140.334072,131.046421,149.621723,18.575303,0.731267,1.284489,1.085106,1.483871,0.398765,0.875504,0.815906,0.761746,0.870066,0.108320,1.000000,1.000000,1.000000,1.000000,0.000000,0.857143,6.500000,6.000000,7.000000,1.000000,39.819400,1.111737,1.659574,0.539171,0.233887,0.487593,17.464249,31.495393,0.879335,19.579041,0.546637,9.355231,0.261193,77.552370,112.076651,149.771621,74.381680,75.389942,0.496634
left,582,506,489,0,-1,0.848223,962.000000,883.000000,1041.000000,158.000000,0.878515,123.086321,115.126222,131.046421,15.920199,0.884511,1.398185,1.312500,1.483871,0.171371,0.909889,0.799466,0.761746,0.837186,0.075440,1.000000,1.000000,1.000000,1.000000,0.000000,1.000000,7.000000,7.000000,7.000000,0.000000,37.850521,1.221382,1.142857,0.443357,0.343815,0.204084,6.324555,29.087803,0.938621,18.411185,0.594102,4.197852,0.135459,73.806861,77.224872,81.552473,72.897271,8.655202,0.893870
left,583,506,484,0,-1,0.783381,928.250000,815.500000,1041.000000,225.500000,0.880761,123.233524,115.420627,131.046421,15.625794,0.755599,1.302542,1.121212,1.483871,0.362659,0.990246,0.765498,0.761746,0.769249,0.007503,1.000000,1.000000,1.000000,1.000000,0.000000,0.714286,6.000000,5.000000,7.000000,2.000000,45.477410,1.495439,1.355932,0.419950,0.486130,0.177081,5.385165,32.697372,1.075191,21.883761,0.719606,3.600046,0.118381,77.592089,110.303247,111.667489,108.939004,2.728485,0.975566
left,584,506,476,0,-1,0.877041,977.000000,913.000000,1041.000000,128.000000,0.949342,127.727122,124.407824,131.046421,6.638597,0.852302,1.374288,1.264706,1.483871,0.219165,0.973139,0.751516,0.741285,0.761746,0.020461,1.000000,1.000000,1.000000,1.000000,0.000000,0.857143,6.500000,6.000000,7.000000,1.000000,40.493731,1.296205,2.200000,0.529207,0.081883,0.641000,20.024984,28.915621,0.925590,19.892572,0.636762,0.593693,0.019004,81.523017,104.872441,119.744881,90.000000,29.744881,0.751598
left,585,505,484,0,-1,0.526129,1182.750000,815.500000,1550.000000,734.500000,0.771416,132.521175,115.420627,149.621723,34.201097,0.967798,1.103159,1.085106,1.121212,0.036106,0.884127,0.819658,0.769249,0.870066,0.100817,1.000000,1.000000,1.000000,1.000000,0.000000,0.833333,5.500000,5.000000,6.000000,1.000000,34.336777,1.010991,1.538462,0.671155,0.124498,0.803648,27.294688,27.645773,0.813985,17.087229,0.503106,8.277635,0.243721,75.709721,112.417377,126.273864,98.560890,27.712975,0.780533
left,586,505,475,0,-1,0.945699,1594.500000,1550.000000,1639.000000,89.000000,0.937252,154.630228,149.621723,159.638732,10.017009,0.767058,1.249870,1.085106,1.414634,0.329528,0.928881,0.839127,0.808188,0.870066,0.061878,0.982614,0.991307,0.982614,1.000000,0.017386,0.857143,6.500000,6.000000,7.000000,1.000000,41.479076,1.038865,1.236111,0.601874,0.183130,0.641478,25.612497,32.764834,0.820612,20.726119,0.519096,1.501803,0.037613,70.905507,105.398010,109.983107,100.812913,9.170193,0.916622
left,587,504,499,0,-1,0.732777,622.500000,526.500000,718.500000,192.000000,0.876056,102.257619,95.501856,109.013381,13.511525,0.959677,1.152751,1.129032,1.176471,0.047438,0.954789,0.742586,0.725412,0.759761,0.034349,1.000000,1.000000,1.000000,1.000000,0.000000,0.800000,4.500000,4.000000,5.000000,1.000000,19.891566,0.799654,1.204545,0.766114,0.044177,1.238415,30.805844,19.129684,0.769026,9.800604,0.393991,2.669107,0.107300,48.069169,171.369090,180.000000,162.738180,17.261820,0.904101
left,588,503,499,0,-1,0.515978,1055.500000,718.500000,1392.500000,674.000000,0.760276,126.199959,109.013381,143.386537,34.373156,0.903125,1.119485,1.062500,1.176471,0.113971,0.892665,0.805438,0.759761,0.851115,0.091354,1.000000,1.000000,1.000000,1.000000,0.000000,0.833333,5.500000,5.000000,6.000000,1.000000,44.074768,1.374736,1.600000,0.479082,0.350782,0.266496,8.544004,36.011962,1.123249,22.001008,0.686233,9.126567,0.284667,85.324577,113.026280,114.183981,111.868579,2.315402,0.979722
left,589,503,488,0,-1,0.799641,1253.000000,1113.500000,1392.500000,279.000000,0.939871,139.075713,134.764889,143.386537,8.621647,0.791667,1.202303,1.062500,1.342105,0.279605,0.905229,0.810784,0.770454,0.851115,0.080661,1.000000,1.000000,1.000000,1.000000,0.000000,1.000000,6.000000,6.000000,6.000000,0.000000,37.957451,1.073983,1.041667,0.635641,0.101756,0.786157,27.784888,30.543185,0.864201,18.758335,0.530756,3.035089,0.085876,75.340697,121.744039,136.169139,107.318938,28.850201,0.788130
left,590,503,487,0,-1,0.947935,1356.250000,1320.000000,1392.500000,72.500000,0.996843,143.160178,142.933819,143.386537,0.452718,0.871250,1.141006,1.062500,1.219512,0.157012,0.953950,0.831518,0.811921,0.851115,0.039194,1.000000,1.000000,1.000000,1.000000,0.000000,0.857143,6.500000,6.000000,7.000000,1.000000,33.899971,0.920594,1.073529,0.723806,0.068018,0.941110,34.655447,25.324423,0.687715,16.934902,0.459888,1.567021,0.042554,69.634279,131.083832,141.911227,120.256437,21.654790,0.847406
left,591,502,480,0,-1,0.889310,1369.750000,1289.500000,1450.000000,160.500000,0.875285,146.374375,136.639794,156.108955,19.469161,0.972789,1.138148,1.122449,1.153846,0.031397,0.861480,0.807803,0.747691,0.867914,0.120223,1.000000,1.000000,1.000000,1.000000,0.000000,1.000000,6.000000,6.000000,6.000000,0.000000,49.447464,1.336626,1.180556,0.492731,0.247308,0.384186,14.212670,36.604139,0.989455,24.448160,0.660864,5.451715,0.147367,89.384352,105.771549,110.955777,100.587321,10.368455,0.906553
left,592,502,477,0,-1,0.746413,1126.000000,962.500000,1289.500000,327.000000,0.987850,135.809720,134.979647,136.639794,1.660148,0.947287,1.123435,1.093023,1.153846,0.060823,0.764887,0.765885,0.663856,0.867914,0.204058,1.000000,1.000000,1.000000,1.000000,0.000000,0.833333,5.500000,5.000000,6.000000,1.000000,41.920770,1.252604,1.088235,0.501204,0.248668,0.507965,17.000000,33.558064,1.002724,20.935770,0.625567,0.927167,0.027704,85.843117,117.356740,132.662694,102.050785,30.611909,0.769250
left,593,502,474,0,-1,0.906553,1229.250000,1169.000000,1289.500000,120.500000,0.995210,136.312520,135.985246,136.639794,0.654548,0.981997,1.164423,1.153846,1.175000,0.021154,0.915301,0.831159,0.794403,0.867914,0.073511,1.000000,1.000000,1.000000,1.000000,0.000000,0.857143,6.500000,6.000000,7.000000,1.000000,36.017606,1.027603,1.375000,0.590356,0.197885,0.625724,21.931712,28.223985,0.805246,17.917999,0.511211,1.639879,0.046787,81.791184,98.527226,99.637538,97.416914,2.220624,0.977713
left,594,501,492,0,-1,0.764385,889.250000,770.500000,1008.000000,237.500000,0.906133,118.924102,113.067725,124.780479,11.712754,0.977273,1.279412,1.264706,1.294118,0.029412,0.930954,0.785451,0.757365,0.813537,0.056172,1.000000,1.000000,1.000000,1.000000,0.000000,0.833333,5.500000,5.000000,6.000000,1.000000,23.748272,0.798169,1.122449,0.836891,0.030363,1.250799,37.215588,19.953700,0.670635,11.794172,0.396397,2.446977,0.082242,55.456838,166.924868,167.134602,166.715134,0.419469,0.997490
left,595,501,489,0,-1,0.872593,826.750000,770.500000,883.000000,112.500000,0.982120,114.096973,113.067725,115.126222,2.058497,0.963585,1.288603,1.264706,1.312500,0.047794,0.904655,0.797276,0.757365,0.837186,0.079821,1.000000,1.000000,1.000000,1.000000,0.000000,0.714286,6.000000,5.000000,7.000000,2.000000,31.959460,1.112152,1.070175,0.593199,0.195343,0.714012,20.518285,23.660991,0.823375,15.881688,0.552664,0.268675,0.009350,77.782601,122.041781,128.473351,115.610210,12.863141,0.899877
left,596,500,495,0,-1,0.821591,1299.250000,1172.000000,1426.500000,254.500000,0.952753,140.282323,136.888192,143.676455,6.788263,0.861667,1.410354,1.305556,1.515152,0.209596,0.905097,0.827175,0.785969,0.868381,0.082412,0.998600,0.999300,0.998600,1.000000,0.001400,0.750000,7.000000,6.000000,8.000000,2.000000,48.012892,1.333626,2.410256,0.530890,0.183375,0.452167,16.278821,35.915373,0.997600,23.800998,0.661107,1.314677,0.036517,84.609521,112.471720,121.373005,103.570434,17.802571,0.853323
left,597,500,493,0,-1,0.774317,1039.750000,907.500000,1172.000000,264.500000,0.873254,128.213159,119.538127,136.888192,17.350065,0.773143,1.343290,1.171429,1.515152,0.343723,0.984831,0.792022,0.785969,0.798075,0.012106,1.000000,1.000000,1.000000,1.000000,0.000000,0.833333,5.500000,5.000000,6.000000,1.000000,44.071470,1.369546,2.142857,0.492486,0.217119,0.405176,13.038405,33.891674,1.053203,21.976414,0.682930,3.958337,0.123008,89.149305,125.697671,145.844123,105.551218,40.292905,0.723726
left,598,500,478,0,-1,0.909585,1230.250000,1172.000000,1288.500000,116.500000,0.980535,138.246872,136.888192,139.605552,2.717360,0.833684,1.389155,1.263158,1.515152,0.251994,0.946055,0.808377,0.785969,0.830785,0.044816,1.000000,1.000000,1.000000,1.000000,0.000000,1.000000,6.000000,6.000000,6.000000,0.000000,29.121819,0.830508,1.032787,0.710689,0.115424,0.968367,33.955854,23.399760,0.667324,14.342470,0.409024,1.799562,0.051321,55.669227,112.442704,124.380345,100.505064,23.875281,0.808046
left,599,500,473,0,-1,0.955954,1199.000000,1172.000000,1226.000000,54.000000,0.979283,138.336152,136.888192,139.784112,2.895920,0.816316,1.375997,1.236842,1.515152,0.278309,0.996829,0.787219,0.785969,0.788469,0.002500,1.000000,1.000000,1.000000,1.000000,0.000000,1.000000,6.000000,6.000000,6.000000,0.000000,44.927479,1.297568,1.220588,0.482189,0.292118,0.385326,13.341664,33.731447,0.974211,19.677547,0.568315,1.815702,0.052440,49.823176,106.439551,106.762554,106.116548,0.646007,0.993949
left,600,499,488,0,-1,0.645263,916.000000,718.500000,1113.500000,395.000000,0.808915,121.889135,109.013381,134.764889,25.751508,0.876586,1.259288,1.176471,1.342105,0.165635,0.986122,0.765107,0.759761,0.770454,0.010693,1.000000,1.000000,1.000000,1.000000,0.000000,0.833333,5.500000,5.000000,6.000000,1.000000,24.514918,0.814801,1.254902,0.748576,0.066048,1.136879,34.205263,19.765716,0.656952,12.068483,0.401120,4.784466,0.159021,46.366102,141.971292,143.130102,140.812482,2.317620,0.983808
left,601,498,480,0,-1,0.594828,1156.250000,862.500000,1450.000000,587.500000,0.776642,138.674831,121.240708,156.108955,34.868248,0.957727,1.098724,1.075000,1.122449,0.047449,0.986166,0.742519,0.737347,0.747691,0.010344,1.000000,1.000000,1.000000,1.000000,0.000000,0.833333,5.500000,5.000000,6.000000,1.000000,25.046599,0.742702,1.046875,0.740095,0.082378,1.174192,39.597980,21.292593,0.631385,12.518571,0.371211,5.333394,0.158150,15.962711,135.774079,149.036243,122.511914,26.524329,0.822028
left,602,498,472,0,-1,0.861449,802.750000,743.000000,862.500000,119.500000,0.902457,115.327635,109.414563,121.240708,11.826145,0.779375,1.227155,1.075000,1.379310,0.304310,0.945417,0.758632,0.737347,0.779917,0.042570,1.000000,1.000000,1.000000,1.000000,0.000000,0.833333,5.500000,5.000000,6.000000,1.000000,37.128698,1.311357,1.490196,0.469730,0.350047,0.413401,11.704700,30.357511,1.072204,18.562806,0.655624,3.182134,0.112391,89.114503,110.079820,122.471192,97.688448,24.782745,0.797644
left,603,497,496,0,-1,0.975383,742.250000,733.000000,751.500000,18.500000,0.990561,110.924554,110.398564,111.450545,1.051981,0.980180,1.144792,1.133333,1.156250,0.022917,0.957056,0.758203,0.741565,0.774840,0.033275,0.995248,0.997624,0.995248,1.000000,0.004752,1.000000,6.000000,6.000000,6.000000,0.000000,22.415626,0.822781,1.485714,0.778813,0.025598,1.231146,33.541020,17.119960,0.628400,10.863848,0.398765,0.423314,0.015538,63.028476,157.055161,157.479434,156.630887,0.848548,0.994612
left,604,497,492,0,-1,0.727183,870.500000,733.000000,1008.000000,275.000000,0.893173,118.115512,111.450545,124.780479,13.329934,0.875758,1.213725,1.133333,1.294118,0.160784,0.911533,0.777551,0.741565,0.813537,0.071971,0.995248,0.997624,0.995248,1.000000,0.004752,1.000000,6.000000,6.000000,6.000000,0.000000,26.041297,0.885412,1.431818,0.755241,0.057438,1.122525,33.015148,21.828075,0.742161,12.798549,0.435155,3.101739,0.105460,54.580056,163.957681,164.054604,163.860757,0.193847,0.998818
left,605,497,467,0,-1,0.649823,930.500000,733.000000,1128.000000,395.000000,0.849181,121.347676,111.450545,131.244808,19.794263,0.904977,1.079487,1.025641,1.133333,0.107692,0.901145,0.782240,0.741565,0.822914,0.081349,0.995248,0.997624,0.995248,1.000000,0.004752,0.857143,6.500000,6.000000,7.000000,1.000000,37.651030,1.241386,1.520833,0.507691,0.251746,0.462768,14.035669,30.008681,0.989411,17.733885,0.584701,3.392275,0.111846,72.310640,95.179526,108.489155,81.869898,26.619257,0.754637
left,606,496,486,0,-1,0.564189,1041.750000,751.500000,1332.000000,580.500000,0.777074,126.234045,110.398564,142.069527,31.670963,0.904177,1.100852,1.045455,1.156250,0.110795,0.934329,0.802071,0.774840,0.829301,0.054461,1.000000,1.000000,1.000000,1.000000,0.000000,0.857143,6.500000,6.000000,7.000000,1.000000,28.785749,0.900820,1.531915,0.668907,0.119510,0.854732,27.313001,23.000666,0.719782,14.224409,0.445138,6.121574,0.191568,64.776109,122.446361,142.823711,102.069012,40.754699,0.714650
left,607,496,467,0,-1,0.666223,939.750000,751.500000,1128.000000,376.500000,0.841165,120.821686,110.398564,131.244808,20.846244,0.887041,1.090946,1.025641,1.156250,0.130609,0.941580,0.798877,0.774840,0.822914,0.048075,1.000000,1.000000,1.000000,1.000000,0.000000,0.857143,6.500000,6.000000,7.000000,1.000000,44.878147,1.471434,1.000000,0.450405,0.410482,0.207365,6.324555,33.461247,1.097104,21.215878,0.695612,5.489554,0.179988,68.490353,112.700866,120.650668,104.751063,15.899605,0.868218
left,608,496,463,0,-1,0.824013,831.750000,751.500000,912.000000,160.500000,0.894783,116.889432,110.398564,123.380300,12.981736,0.840909,1.265625,1.156250,1.375000,0.218750,0.971630,0.763849,0.752858,0.774840,0.021982,1.000000,1.000000,1.000000,1.000000,0.000000,0.833333,5.500000,5.000000,6.000000,1.000000,34.681590,1.203954,1.923077,0.556985,0.152991,0.695157,20.024984,27.432269,0.952297,16.950450,0.588426,4.096701,0.142215,72.528292,118.932690,141.319088,96.546291,44.772798,0.683179
left,609,495,494,0,-1,0.754995,1251.750000,1077.000000,1426.500000,349.500000,0.932597,138.834377,133.992300,143.676455,9.684154,0.878049,1.225949,1.146341,1.305556,0.159214,0.868071,0.811099,0.753817,0.868381,0.114564,0.998600,0.999300,0.998600,1.000000,0.001400,0.750000,7.000000,6.000000,8.000000,2.000000,42.244167,1.196944,2.195122,0.551517,0.163970,0.550146,19.416488,32.166469,0.911403,20.718175,0.587028,3.960432,0.112215,76.768441,114.153381,154.822465,73.484297,81.338167,0.474636
left,610,495,478,0,-1,0.903260,1357.500000,1288.500000,1426.500000,138.000000,0.971666,141.641003,139.605552,143.676455,4.070903,0.967525,1.284357,1.263158,1.305556,0.042398,0.956706,0.849583,0.830785,0.868381,0.037596,0.998600,0.999300,0.998600,1.000000,0.001400,0.750000,7.000000,6.000000,8.000000,2.000000,43.561357,1.182693,1.350000,0.574547,0.201105,0.537543,19.798990,31.861650,0.865045,21.348016,0.579599,0.519109,0.014094,73.611788,118.575947,122.905243,114.246650,8.658593,0.929551
left,611,495,470,0,-1,0.434981,1023.500000,620.500000,1426.500000,806.000000,0.733029,124.497742,105.319030,143.676455,38.357425,0.885638,1.230903,1.156250,1.305556,0.149306,0.809520,0.785677,0.702972,0.868381,0.165409,0.998600,0.999300,0.998600,1.000000,0.001400,0.625000,6.500000,5.000000,8.000000,3.000000,38.660448,1.233604,1.093750,0.499621,0.305813,0.352443,11.045361,29.079302,0.927882,17.205906,0.549018,7.826381,0.249729,48.517277,100.094603,102.094757,98.094448,4.000309,0.960818
left,612,495,459,0,-1,0.968104,1403.750000,1381.000000,1426.500000,45.500000,0.994696,143.295455,142.914455,143.676455,0.762000,0.954060,1.336988,1.305556,1.368421,0.062865,0.978455,0.859027,0.849672,0.868381,0.018709,0.998600,0.999300,0.998600,1.000000,0.001400,0.750000,7.000000,6.000000,8.000000,2.000000,43.028220,1.148478,1.829787,0.562817,0.164381,0.483400,18.110770,31.113262,0.830453,21.380304,0.570668,3.045307,0.081283,88.344529,92.597214,108.434949,76.759480,31.675469,0.707885
left,613,494,491,0,-1,0.768462,1239.250000,1077.000000,1401.500000,324.500000,0.943320,138.017792,133.992300,142.043283,8.050983,0.931818,1.107262,1.068182,1.146341,0.078160,0.863583,0.813356,0.753817,0.872894,0.119077,1.000000,1.000000,1.000000,1.000000,0.000000,0.857143,6.500000,6.000000,7.000000,1.000000,45.370964,1.291621,1.914894,0.468180,0.304418,0.257789,9.055385,36.104332,1.027819,22.658318,0.645037,3.039811,0.086537,83.783664,92.754157,94.949349,90.558965,4.390383,0.953761
left,614,494,485,0,-1,0.782730,960.000000,843.000000,1077.000000,234.000000,0.876210,125.698818,117.405336,133.992300,16.586964,0.866125,1.234935,1.146341,1.323529,0.177188,0.980853,0.761174,0.753817,0.768532,0.014715,1.000000,1.000000,1.000000,1.000000,0.000000,0.833333,5.500000,5.000000,6.000000,1.000000,23.018259,0.744300,1.000000,0.817948,0.046354,1.287736,39.824616,18.600921,0.601464,11.476618,0.371098,1.445003,0.046724,20.444809,149.794155,154.983107,144.605204,10.377902,0.933038
left,615,494,470,0,-1,0.576137,848.750000,620.500000,1077.000000,456.500000,0.786008,119.655665,105.319030,133.992300,28.673270,0.991430,1.151296,1.146341,1.156250,0.009909,0.932550,0.728394,0.702972,0.753817,0.050845,1.000000,1.000000,1.000000,1.000000,0.000000,0.833333,5.500000,5.000000,6.000000,1.000000,36.395120,1.260928,1.275862,0.457622,0.219440,0.405515,11.704700,30.438063,1.054543,18.042735,0.625100,9.886508,0.342523,69.378126,90.289363,107.083087,73.495639,33.587448,0.686342
left,616,493,482,0,-1,0.816097,1009.750000,907.500000,1112.000000,204.500000,0.906585,125.696757,119.538127,131.855387,12.317260,1.000000,1.171429,1.171429,1.171429,0.000000,0.992944,0.800910,0.798075,0.803746,0.005671,1.000000,1.000000,1.000000,1.000000,0.000000,1.000000,5.000000,5.000000,5.000000,0.000000,31.164870,0.982013,1.294118,0.650332,0.156970,0.848440,26.925824,26.044467,0.820668,15.439264,0.486495,1.271102,0.040053,86.661234,128.224865,134.668814,121.780915,12.887899,0.904299
left,617,493,473,0,-1,0.740212,1066.750000,907.500000,1226.000000,318.500000,0.855162,129.661120,119.538127,139.784112,20.245986,0.947112,1.204135,1.171429,1.236842,0.065414,0.987964,0.793272,0.788469,0.798075,0.009606,1.000000,1.000000,1.000000,1.000000,0.000000,0.833333,5.500000,5.000000,6.000000,1.000000,27.274341,0.837419,1.129630,0.720961,0.093977,1.020634,33.241540,22.522720,0.691528,13.610735,0.417898,2.107686,0.064713,56.663285,127.486129,147.578935,107.393322,40.185613,0.727701
left,618,492,489,0,-1,0.875992,945.500000,883.000000,1008.000000,125.000000,0.922630,119.953351,115.126222,124.780479,9.654257,0.985994,1.303309,1.294118,1.312500,0.018382,0.971751,0.825361,0.813537,0.837186,0.023650,1.000000,1.000000,1.000000,1.000000,0.000000,0.857143,6.500000,6.000000,7.000000,1.000000,39.590747,1.288251,1.440000,0.467378,0.290323,0.234643,7.211103,29.612012,0.963551,19.763457,0.643087,3.392344,0.110384,78.047026,94.231451,110.788246,77.674657,33.113589,0.701109
left,619,492,467,0,-1,0.893617,1068.000000,1008.000000,1128.000000,120.000000,0.950746,128.012644,124.780479,131.244808,6.464329,0.792541,1.159879,1.025641,1.294118,0.268477,0.988604,0.818226,0.813537,0.822914,0.009378,1.000000,1.000000,1.000000,1.000000,0.000000,0.857143,6.500000,6.000000,7.000000,1.000000,34.342347,1.051274,1.407407,0.577833,0.197566,0.619837,20.248457,26.282937,0.804563,17.065905,0.522415,0.524342,0.016051,85.855906,106.134777,124.619466,87.650088,36.969378,0.703342
left,620,492,462,0,-1,0.876522,1079.000000,1008.000000,1150.000000,142.000000,0.882886,133.056465,124.780479,141.332450,16.551971,0.789168,1.157697,1.021277,1.294118,0.272841,0.889297,0.768506,0.723476,0.813537,0.090061,0.978723,0.989362,0.978723,1.000000,0.021277,0.750000,7.000000,6.000000,8.000000,2.000000,45.664474,1.390923,1.307692,0.466698,0.212697,0.381658,12.529964,33.419068,1.017933,22.770377,0.693577,4.117513,0.125418,87.462138,100.563540,104.215853,96.911227,7.304626,0.929909
left,621,491,490,0,-1,0.845879,1293.500000,1185.500000,1401.500000,216.000000,0.915136,136.016096,129.988910,142.043283,12.054373,0.936170,1.034091,1.000000,1.068182,0.068182,0.990063,0.877275,0.872894,0.881655,0.008761,1.000000,1.000000,1.000000,1.000000,0.000000,0.857143,6.500000,6.000000,7.000000,1.000000,39.434297,1.097414,1.673469,0.627432,0.183610,0.617902,22.203603,31.557082,0.878199,19.304200,0.537215,1.203223,0.033484,75.972254,120.782604,137.174744,104.390463,32.784281,0.761004
left,622,491,485,0,-1,0.601498,1122.250000,843.000000,1401.500000,558.500000,0.826546,129.724310,117.405336,142.043283,24.637947,0.807071,1.195856,1.068182,1.323529,0.255348,0.880441,0.820713,0.768532,0.872894,0.104362,1.000000,1.000000,1.000000,1.000000,0.000000,0.714286,6.000000,5.000000,7.000000,2.000000,37.261742,1.121142,1.338983,0.592048,0.163956,0.619556,20.591260,29.845208,0.897991,18.628359,0.560495,5.426875,0.163285,82.826554,123.279717,124.835830,121.723603,3.112227,0.975069
left,623,491,469,0,-1,0.660007,1163.250000,925.000000,1401.500000,476.500000,0.843838,130.952426,119.861569,142.043283,22.181714,0.955742,1.092914,1.068182,1.117647,0.049465,0.926894,0.840987,0.809080,0.872894,0.063814,1.000000,1.000000,1.000000,1.000000,0.000000,0.714286,6.000000,5.000000,7.000000,2.000000,34.570512,1.019021,1.604167,0.642931,0.133032,0.717197,24.331050,26.586185,0.783670,17.243860,0.508290,5.206321,0.153465,89.074115,117.044844,124.330217,109.759471,14.570746,0.882806
left,624,491,468,0,-1,0.720300,1205.500000,1009.500000,1401.500000,392.000000,0.853090,131.609505,121.175726,142.043283,20.867557,0.986014,1.075758,1.068182,1.083333,0.015152,0.989745,0.868418,0.863943,0.872894,0.008951,1.000000,1.000000,1.000000,1.000000,0.000000,0.857143,6.500000,6.000000,7.000000,1.000000,42.848792,1.238239,1.114286,0.522256,0.238905,0.323088,11.180340,32.539047,0.940309,20.964353,0.605825,6.316637,0.182537,71.785740,102.861263,114.025371,91.697156,22.328215,0.804182
left,625,490,468,0,-1,0.851539,1097.500000,1009.500000,1185.500000,176.000000,0.932200,125.582318,121.175726,129.988910,8.813184,0.923077,1.041667,1.000000,1.083333,0.083333,0.979910,0.872799,0.863943,0.881655,0.017713,1.000000,1.000000,1.000000,1.000000,0.000000,1.000000,6.000000,6.000000,6.000000,0.000000,33.286371,1.005574,1.372549,0.681618,0.103645,0.755245,25.000000,25.829052,0.780290,16.549442,0.499955,2.624711,0.079292,75.462929,118.729847,128.659808,108.799885,19.859923,0.845640
left,626,489,476,0,-1,0.967141,898.000000,883.000000,913.000000,30.000000,0.925394,119.767023,115.126222,124.407824,9.281602,0.963585,1.288603,1.264706,1.312500,0.047794,0.885448,0.789236,0.741285,0.837186,0.095901,1.000000,1.000000,1.000000,1.000000,0.000000,0.857143,6.500000,6.000000,7.000000,1.000000,33.317518,1.111859,1.500000,0.571396,0.226336,0.680650,20.396078,26.009341,0.867973,14.954123,0.499043,2.462662,0.082183,48.742775,130.525922,158.702646,102.349198,56.353448,0.644912
left,627,489,471,0,-1,0.687429,745.000000,607.000000,883.000000,276.000000,0.888862,108.728778,102.331333,115.126222,12.794889,0.998358,1.311422,1.310345,1.312500,0.002155,0.870080,0.782803,0.728419,0.837186,0.108767,1.000000,1.000000,1.000000,1.000000,0.000000,0.571429,5.500000,4.000000,7.000000,3.000000,26.083954,0.959804,1.057692,0.729702,0.061074,1.053697,28.635642,23.475866,0.863835,12.467844,0.458776,2.936188,0.108042,68.397455,169.932355,172.998732,166.865978,6.132755,0.964550
left,628,489,462,0,-1,0.767826,1016.500000,883.000000,1150.000000,267.000000,0.814577,128.229336,115.126222,141.332450,26.206228,0.778116,1.166888,1.021277,1.312500,0.291223,0.864175,0.780331,0.723476,0.837186,0.113711,0.978723,0.989362,0.978723,1.000000,0.021277,0.875000,7.500000,7.000000,8.000000,1.000000,30.190892,0.948997,1.218182,0.529858,0.219380,0.579600,18.439089,27.214583,0.855442,14.927079,0.469206,0.362378,0.011391,63.135237,105.998923,152.300527,59.697319,92.603208,0.391971
left,629,488,487,0,-1,0.843561,1216.750000,1113.500000,1320.000000,206.500000,0.942848,138.849354,134.764889,142.933819,8.168929,0.908656,1.280809,1.219512,1.342105,0.122593,0.948927,0.791187,0.770454,0.811921,0.041467,1.000000,1.000000,1.000000,1.000000,0.000000,0.857143,6.500000,6.000000,7.000000,1.000000,47.593417,1.365646,1.840000,0.453421,0.386069,0.258246,9.000000,35.533007,1.019585,23.664362,0.679026,0.213342,0.006122,80.862855,109.239596,114.904769,103.574424,11.330345,0.901394
left,630,488,466,0,-1,0.994640,1116.500000,1113.500000,1119.500000,6.000000,0.991136,135.367508,134.764889,135.970127,1.205237,0.912745,1.283553,1.225000,1.342105,0.117105,0.987644,0.765694,0.760934,0.770454,0.009520,1.000000,1.000000,1.000000,1.000000,0.000000,1.000000,6.000000,6.000000,6.000000,0.000000,24.674411,0.738444,1.067797,0.834080,0.036050,1.306569,43.657760,19.296875,0.577508,12.330998,0.369036,0.202648,0.006065,41.095038,140.704359,146.408718,135.000000,11.408718,0.922076
left,631,487,475,0,-1,0.805369,1479.500000,1320.000000,1639.000000,319.000000,0.895358,151.286275,142.933819,159.638732,16.704913,0.862069,1.317073,1.219512,1.414634,0.195122,0.995402,0.810054,0.808188,0.811921,0.003733,0.982614,0.991307,0.982614,1.000000,0.017386,1.000000,7.000000,7.000000,7.000000,0.000000,32.383006,0.843128,1.125000,0.824781,0.041568,1.174803,45.122057,25.895396,0.674216,16.171924,0.421054,3.168026,0.082483,77.600477,164.933046,169.306127,160.559965,8.746162,0.948341
left,632,487,466,0,-1,0.848106,1219.750000,1119.500000,1320.000000,200.500000,0.951280,139.451973,135.970127,142.933819,6.963692,0.995520,1.222256,1.219512,1.225000,0.005488,0.937202,0.786427,0.760934,0.811921,0.050987,1.000000,1.000000,1.000000,1.000000,0.000000,0.857143,6.500000,6.000000,7.000000,1.000000,48.747750,1.396969,1.108108,0.466759,0.347612,0.324218,11.313708,35.140736,1.007032,24.053072,0.689291,0.909041,0.026050,88.087807,103.565104,110.095231,97.034976,13.060255,0.881373
left,633,487,460,0,-1,0.728030,1140.500000,961.000000,1320.000000,359.000000,0.885916,134.780556,126.627294,142.933819,16.306525,0.948509,1.252613,1.219512,1.285714,0.066202,0.927609,0.782533,0.753145,0.811921,0.058776,1.000000,1.000000,1.000000,1.000000,0.000000,0.714286,6.000000,5.000000,7.000000,2.000000,45.034407,1.337686,1.500000,0.472746,0.243095,0.346401,11.661904,32.164710,0.955409,22.274826,0.661644,2.288979,0.067991,77.680966,91.384547,97.001268,85.767826,11.233441,0.884193
left,634,487,456,0,-1,0.630303,1076.000000,832.000000,1320.000000,488.000000,0.840863,131.560815,120.187811,142.933819,22.746008,0.993939,1.215817,1.212121,1.219512,0.007391,0.891453,0.767855,0.723790,0.811921,0.088131,1.000000,1.000000,1.000000,1.000000,0.000000,0.714286,6.000000,5.000000,7.000000,2.000000,41.689396,1.279283,1.833333,0.482204,0.348978,0.403612,13.152946,31.415934,0.964031,19.838910,0.608778,7.413777,0.227499,80.721241,106.542768,116.449768,96.635769,19.813999,0.829849
left,635,486,479,0,-1,0.715090,1142.250000,952.500000,1332.000000,379.500000,0.895095,134.617603,127.165680,142.069527,14.903847,0.778530,1.194156,1.045455,1.342857,0.297403,0.892530,0.784739,0.740176,0.829301,0.089125,1.000000,1.000000,1.000000,1.000000,0.000000,0.857143,6.500000,6.000000,7.000000,1.000000,26.831883,0.796681,1.109091,0.778264,0.079230,1.145726,38.587563,19.722485,0.585592,13.201531,0.391974,3.612350,0.107256,50.645096,129.055671,146.309932,111.801409,34.508523,0.764141
left,636,486,463,0,-1,0.684685,1122.000000,912.000000,1332.000000,420.000000,0.868450,132.724913,123.380300,142.069527,18.689227,0.760331,1.210227,1.045455,1.375000,0.329545,0.907822,0.791080,0.752858,0.829301,0.076443,1.000000,1.000000,1.000000,1.000000,0.000000,0.714286,6.000000,5.000000,7.000000,2.000000,42.832386,1.284408,1.027778,0.513230,0.230169,0.465521,15.524175,31.974217,0.958806,19.618266,0.588290,5.953674,0.178532,55.419392,117.629758,118.647616,116.611900,2.035717,0.982842
left,637,486,453,0,-1,0.729354,1151.750000,971.500000,1332.000000,360.500000,0.868873,132.754941,123.440355,142.069527,18.629171,0.920996,1.090295,1.045455,1.135135,0.089681,0.966109,0.815248,0.801195,0.829301,0.028106,1.000000,1.000000,1.000000,1.000000,0.000000,0.857143,6.500000,6.000000,7.000000,1.000000,43.293455,1.279632,1.693878,0.443387,0.364880,0.147786,5.000000,34.178827,1.010230,20.760672,0.613627,2.298256,0.067930,56.162444,83.450290,90.110290,76.790290,13.320000,0.852181
left,638,486,449,0,-1,0.692192,1127.000000,922.000000,1332.000000,410.000000,0.871760,132.960059,123.850592,142.069527,18.218935,0.855372,1.133838,1.045455,1.222222,0.176768,0.910820,0.792322,0.755344,0.829301,0.073957,1.000000,1.000000,1.000000,1.000000,0.000000,0.857143,6.500000,6.000000,7.000000,1.000000,45.883808,1.372513,1.450000,0.536068,0.170807,0.539261,18.027756,33.495679,1.001949,21.817597,0.652625,4.774285,0.142812,71.255590,138.250287,143.259438,133.241136,10.018302,0.930069
left,639,485,470,0,-1,0.736062,731.750000,620.500000,843.000000,222.500000,0.897055,111.362183,105.319030,117.405336,12.086306,0.873611,1.239890,1.156250,1.323529,0.167279,0.914695,0.735752,0.702972,0.768532,0.065560,1.000000,1.000000,1.000000,1.000000,0.000000,1.000000,5.000000,5.000000,5.000000,0.000000,33.855936,1.255218,1.288462,0.486442,0.359071,0.524324,14.142136,26.807746,0.993905,15.445782,0.572657,4.955626,0.183731,65.711597,124.568922,131.521255,117.616589,13.904666,0.894278
left,640,485,469,0,-1,0.911351,884.000000,843.000000,925.000000,82.000000,0.979508,118.633453,117.405336,119.861569,2.456233,0.844444,1.220588,1.117647,1.323529,0.205882,0.949883,0.788806,0.768532,0.809080,0.040549,1.000000,1.000000,1.000000,1.000000,0.000000,1.000000,5.000000,5.000000,5.000000,0.000000,29.580762,0.995176,1.326923,0.585806,0.214932,0.715253,21.260292,25.330616,0.852190,14.635926,0.492392,0.499820,0.016815,63.698878,119.124808,128.516926,109.732689,18.784237,0.853838
left,641,485,446,0,-1,0.476137,1306.750000,843.000000,1770.500000,927.500000,0.706625,141.777417,117.405336,166.149497,48.744161,0.878912,1.243397,1.163265,1.323529,0.160264,0.953573,0.787240,0.768532,0.805949,0.037418,0.999436,0.999718,0.999436,1.000000,0.000564,0.625000,6.500000,5.000000,8.000000,3.000000,41.232855,1.159663,1.130435,0.568372,0.195523,0.607130,21.587033,33.399818,0.939361,20.209612,0.568390,13.724523,0.385999,67.177495,113.232398,132.473883,93.990913,38.482970,0.709505
left,642,484,476,0,-1,0.893209,864.250000,815.500000,913.000000,97.500000,0.927760,119.914225,115.420627,124.407824,8.987197,0.886540,1.192959,1.121212,1.264706,0.143494,0.963648,0.755267,0.741285,0.769249,0.027964,1.000000,1.000000,1.000000,1.000000,0.000000,0.833333,5.500000,5.000000,6.000000,1.000000,22.948748,0.780930,1.177778,0.803313,0.017645,1.282774,37.696154,19.383172,0.659596,11.427582,0.388873,0.340433,0.011585,22.712026,168.331145,175.601295,161.060996,14.540299,0.917197
left,643,484,475,0,-1,0.497559,1227.250000,815.500000,1639.000000,823.500000,0.723011,137.529680,115.420627,159.638732,44.218105,0.792581,1.267923,1.121212,1.414634,0.293422,0.951820,0.788718,0.769249,0.808188,0.038939,0.982614,0.991307,0.982614,1.000000,0.017386,0.714286,6.000000,5.000000,7.000000,2.000000,33.037018,0.957019,1.258621,0.598485,0.204115,0.695837,24.020824,28.343698,0.821062,16.504521,0.478104,7.877321,0.228191,63.270883,113.310825,132.913223,93.708428,39.204795,0.705035
left,644,484,442,0,-1,0.528859,1178.750000,815.500000,1542.000000,726.500000,0.749677,134.690535,115.420627,153.960443,38.539816,0.865497,1.208333,1.121212,1.295455,0.174242,0.941003,0.793363,0.769249,0.817478,0.048229,1.000000,1.000000,1.000000,1.000000,0.000000,0.714286,6.000000,5.000000,7.000000,2.000000,39.741556,1.171881,1.931818,0.573238,0.174761,0.619940,21.023796,33.888434,0.999286,19.093932,0.563033,8.075654,0.238131,80.723291,125.637406,153.331340,97.943472,55.387868,0.638770
left,645,483,482,0,-1,0.876972,1190.000000,1112.000000,1268.000000,156.000000,0.957640,134.771586,131.855387,137.687785,5.832398,0.897436,1.111355,1.051282,1.171429,0.120147,0.956270,0.822124,0.803746,0.840501,0.036755,1.000000,1.000000,1.000000,1.000000,0.000000,0.714286,6.000000,5.000000,7.000000,2.000000,30.929077,0.897072,1.619048,0.789962,0.028782,1.087172,37.483330,23.989239,0.695787,15.439145,0.447799,1.836964,0.053280,79.878293,165.807387,171.660024,159.954751,11.705273,0.931811
left,646,483,479,0,-1,0.751183,1110.250000,952.500000,1268.000000,315.500000,0.923580,132.426732,127.165680,137.687785,10.522105,0.782870,1.197070,1.051282,1.342857,0.291575,0.880637,0.790339,0.740176,0.840501,0.100325,1.000000,1.000000,1.000000,1.000000,0.000000,0.857143,6.500000,6.000000,7.000000,1.000000,30.007967,0.902881,1.468085,0.683492,0.097275,0.944784,31.400637,22.073424,0.664146,14.507676,0.436508,4.838900,0.145593,40.807512,124.218121,148.570434,99.865807,48.704627,0.672178
left,647,483,452,0,-1,0.869684,1363.000000,1268.000000,1458.000000,190.000000,0.888936,146.289196,137.687785,154.890606,17.202821,0.668998,1.311355,1.051282,1.571429,0.520147,0.908613,0.802096,0.763690,0.840501,0.076811,1.000000,1.000000,1.000000,1.000000,0.000000,1.000000,7.000000,7.000000,7.000000,0.000000,41.975334,1.137655,1.071429,0.475185,0.358034,0.326363,12.041595,36.101506,0.978457,19.561527,0.530175,0.819315,0.022206,66.565163,91.396138,98.426969,84.365308,14.061661,0.857136
left,648,483,448,0,-1,0.917192,1215.500000,1163.000000,1268.000000,105.000000,0.993769,137.258830,136.829875,137.687785,0.857910,0.934473,1.088141,1.051282,1.125000,0.073718,0.928730,0.810550,0.780599,0.840501,0.059903,1.000000,1.000000,1.000000,1.000000,0.000000,0.857143,6.500000,6.000000,7.000000,1.000000,41.978759,1.204352,1.362069,0.576251,0.153435,0.635070,22.135944,33.524020,0.961789,20.899371,0.599594,0.404943,0.011618,87.578050,132.816606,160.861591,104.771621,56.089970,0.651315
left,649,482,473,0,-1,0.907015,1169.000000,1112.000000,1226.000000,114.000000,0.943279,135.819749,131.855387,139.784112,7.928726,0.947112,1.204135,1.171429,1.236842,0.065414,0.980993,0.796108,0.788469,0.803746,0.015277,1.000000,1.000000,1.000000,1.000000,0.000000,0.833333,5.500000,5.000000,6.000000,1.000000,39.642895,1.159811,1.549020,0.513998,0.267536,0.476261,16.278821,32.882603,0.962029,19.792734,0.579066,3.068800,0.089782,89.179258,105.390768,120.141386,90.640150,29.501236,0.754446
left,650,482,452,0,-1,0.762689,1285.000000,1112.000000,1458.000000,346.000000,0.851281,143.372996,131.855387,154.890606,23.035220,0.745455,1.371429,1.171429,1.571429,0.400000,0.950163,0.783718,0.763690,0.803746,0.040056,1.000000,1.000000,1.000000,1.000000,0.000000,0.714286,6.000000,5.000000,7.000000,2.000000,34.446305,0.963123,1.345455,0.651644,0.106615,0.896470,32.062439,26.590634,0.743478,16.804596,0.469859,1.140176,0.031879,77.756662,123.394981,142.815294,103.974668,38.840625,0.728036
left,651,481,474,0,-1,0.902053,1111.750000,1054.500000,1169.000000,114.500000,0.928851,131.147659,126.310072,135.985246,9.675174,0.893617,1.112500,1.050000,1.175000,0.125000,0.956446,0.812490,0.794403,0.830578,0.036175,1.000000,1.000000,1.000000,1.000000,0.000000,0.714286,6.000000,5.000000,7.000000,2.000000,33.672869,1.010231,1.583333,0.605839,0.158759,0.713124,23.769729,26.966644,0.809035,15.834279,0.475049,1.042058,0.031263,57.892886,121.242691,161.565051,80.920331,80.644720,0.500853
left,652,481,465,0,-1,0.577999,832.000000,609.500000,1054.500000,445.000000,0.764469,111.435082,96.560092,126.310072,29.749979,0.952381,1.025000,1.000000,1.050000,0.050000,0.989026,0.826021,0.821463,0.830578,0.009115,1.000000,1.000000,1.000000,1.000000,0.000000,1.000000,5.000000,5.000000,5.000000,0.000000,27.233350,0.952863,1.137255,0.731972,0.095553,0.942103,26.925824,25.174733,0.880834,13.615314,0.476384,5.329568,0.186475,71.979064,159.573796,172.371850,146.775742,25.596109,0.851506
left,653,481,461,0,-1,0.875296,988.750000,923.000000,1054.500000,131.500000,0.956076,123.536067,120.762063,126.310072,5.548009,0.886667,1.117105,1.050000,1.184211,0.134211,0.957569,0.812957,0.795336,0.830578,0.035242,1.000000,1.000000,1.000000,1.000000,0.000000,0.833333,5.500000,5.000000,6.000000,1.000000,32.404641,1.031109,1.210526,0.591173,0.192668,0.668973,21.023796,26.487437,0.842824,16.200417,0.515494,4.198638,0.133600,84.217380,118.846763,147.794399,89.899127,57.895272,0.608272
left,654,480,477,0,-1,0.663793,1206.250000,962.500000,1450.000000,487.500000,0.864650,145.544301,134.979647,156.108955,21.129309,0.973784,1.107736,1.093023,1.122449,0.029426,0.887875,0.705774,0.663856,0.747691,0.083835,1.000000,1.000000,1.000000,1.000000,0.000000,0.833333,5.500000,5.000000,6.000000,1.000000,23.589335,0.682729,1.122807,0.851954,0.028187,1.482568,51.224994,18.865421,0.546008,11.553133,0.334374,3.845068,0.111285,5.497686,157.734110,158.106327,157.361894,0.744433,0.995292
left,655,480,472,0,-1,0.512414,1096.500000,743.000000,1450.000000,707.000000,0.700886,132.761759,109.414563,156.108955,46.694392,0.813776,1.250880,1.122449,1.379310,0.256861,0.958680,0.763804,0.747691,0.779917,0.032226,1.000000,1.000000,1.000000,1.000000,0.000000,1.000000,6.000000,6.000000,6.000000,0.000000,34.566553,1.058102,1.125000,0.623673,0.134063,0.846647,27.658633,27.361174,0.837541,16.609467,0.508425,10.918759,0.334230,54.593247,134.301910,153.586927,115.016893,38.570033,0.748872
left,656,480,447,0,-1,0.592759,1154.750000,859.500000,1450.000000,590.500000,0.729139,134.967051,113.825147,156.108955,42.283808,0.965152,1.102891,1.083333,1.122449,0.039116,0.896898,0.790666,0.747691,0.833641,0.085950,1.000000,1.000000,1.000000,1.000000,0.000000,1.000000,6.000000,6.000000,6.000000,0.000000,43.863706,1.301669,1.607143,0.472469,0.330808,0.327775,11.045361,34.708773,1.029994,21.619229,0.641557,11.332662,0.336300,67.314611,88.559065,109.078695,68.039436,41.039259,0.623765
left,657,479,453,0,-1,0.980443,962.000000,952.500000,971.500000,19.000000,0.970705,125.303018,123.440355,127.165680,3.725325,0.845313,1.238996,1.135135,1.342857,0.207722,0.923840,0.770686,0.740176,0.801195,0.061019,1.000000,1.000000,1.000000,1.000000,0.000000,1.000000,6.000000,6.000000,6.000000,0.000000,36.473456,1.175966,1.530612,0.624548,0.029106,0.868134,26.925824,31.247302,1.007466,18.161376,0.585553,0.659695,0.021270,81.280393,166.493068,174.897835,158.088300,16.809534,0.903889
left,658,479,448,0,-1,0.819003,1057.750000,952.500000,1163.000000,210.500000,0.929371,131.997777,127.165680,136.829875,9.664195,0.837766,1.233929,1.125000,1.342857,0.217857,0.948216,0.760387,0.740176,0.780599,0.040422,1.000000,1.000000,1.000000,1.000000,0.000000,1.000000,6.000000,6.000000,6.000000,0.000000,37.782271,1.163151,1.549020,0.483575,0.354053,0.454544,14.764823,31.116018,0.957926,15.036181,0.462898,1.368578,0.042133,32.802394,98.701352,99.272602,98.130102,1.142499,0.988491
left,659,478,473,0,-1,0.951494,1257.250000,1226.000000,1288.500000,62.500000,0.998723,139.694832,139.605552,139.784112,0.178561,0.979167,1.250000,1.236842,1.263158,0.026316,0.949065,0.809627,0.788469,0.830785,0.042316,1.000000,1.000000,1.000000,1.000000,0.000000,1.000000,6.000000,6.000000,6.000000,0.000000,44.056373,1.242600,2.186047,0.580310,0.106980,0.649323,23.021729,34.353232,0.968925,21.781773,0.614350,0.073622,0.002076,76.539243,128.404709,153.378388,103.431029,49.947359,0.674352
left,660,478,459,0,-1,0.933020,1334.750000,1288.500000,1381.000000,92.500000,0.976847,141.260003,139.605552,142.914455,3.308903,0.923077,1.315789,1.263158,1.368421,0.105263,0.977772,0.840229,0.830785,0.849672,0.018886,1.000000,1.000000,1.000000,1.000000,0.000000,1.000000,6.000000,6.000000,6.000000,0.000000,40.911310,1.119976,1.218750,0.550998,0.241993,0.489711,17.888544,33.829530,0.926107,20.452394,0.559899,0.046768,0.001280,89.973181,108.311239,128.659808,87.962669,40.697139,0.683684
left,661,478,455,0,-1,0.903764,1226.500000,1164.500000,1288.500000,124.000000,0.993483,139.150661,138.695770,139.605552,0.909781,0.810328,1.410991,1.263158,1.558824,0.295666,0.915660,0.795751,0.760717,0.830785,0.070069,1.000000,1.000000,1.000000,1.000000,0.000000,0.857143,6.500000,6.000000,7.000000,1.000000,48.259211,1.378432,1.430769,0.448455,0.328373,0.230283,8.062258,37.765379,1.078696,23.841749,0.680994,2.371644,0.067741,87.888227,99.401703,108.803405,90.000000,18.803405,0.827180
left,662,478,454,0,-1,0.770664,1140.750000,993.000000,1288.500000,295.500000,0.884723,131.558871,123.512190,139.605552,16.093362,0.927381,1.217293,1.171429,1.263158,0.091729,0.984579,0.824380,0.817974,0.830785,0.012812,1.000000,1.000000,1.000000,1.000000,0.000000,0.833333,5.500000,5.000000,6.000000,1.000000,28.741081,0.852755,1.354167,0.799553,0.074512,1.094185,36.878178,23.448918,0.695735,14.320859,0.424903,2.349858,0.069721,83.068381,152.863699,162.783926,142.943472,19.840455,0.878118
left,663,477,474,0,-1,0.823353,1065.750000,962.500000,1169.000000,206.500000,0.992605,135.482446,134.979647,135.985246,1.005599,0.930233,1.134012,1.093023,1.175000,0.081977,0.835667,0.729130,0.663856,0.794403,0.130547,1.000000,1.000000,1.000000,1.000000,0.000000,0.714286,6.000000,5.000000,7.000000,2.000000,32.958668,1.010772,1.680851,0.551565,0.212996,0.775843,25.298221,27.162038,0.833002,15.320628,0.469851,2.011183,0.061679,45.245760,124.679461,127.699768,121.659153,6.040614,0.952697
left,664,477,457,0,-1,0.880519,905.000000,847.500000,962.500000,115.000000,0.870165,126.217098,117.454549,134.979647,17.525098,0.962901,1.114079,1.093023,1.135135,0.042112,0.859932,0.717922,0.663856,0.771987,0.108131,1.000000,1.000000,1.000000,1.000000,0.000000,1.000000,5.000000,5.000000,5.000000,0.000000,25.816231,0.858594,1.326923,0.627402,0.156630,1.031532,31.016125,22.362176,0.743720,12.481316,0.415103,1.097276,0.036493,46.752823,115.288225,121.442807,109.133643,12.309164,0.898642
left,665,477,447,0,-1,0.892987,911.000000,859.500000,962.500000,103.000000,0.843276,124.402397,113.825147,134.979647,21.154500,0.991135,1.088178,1.083333,1.093023,0.009690,0.796333,0.748749,0.663856,0.833641,0.169785,1.000000,1.000000,1.000000,1.000000,0.000000,0.833333,5.500000,5.000000,6.000000,1.000000,43.683057,1.447863,1.070423,0.440735,0.330132,0.346041,10.440307,31.784476,1.053488,20.707746,0.686353,5.156018,0.170895,65.171824,114.941465,133.854237,96.028692,37.825545,0.717412
left,666,476,471,0,-1,0.664841,760.000000,607.000000,913.000000,306.000000,0.822547,113.369578,102.331333,124.407824,22.076490,0.965170,1.287525,1.264706,1.310345,0.045639,0.982644,0.734852,0.728419,0.741285,0.012866,1.000000,1.000000,1.000000,1.000000,0.000000,0.666667,5.000000,4.000000,6.000000,2.000000,23.793516,0.867533,1.160000,0.600109,0.205921,0.881118,24.166092,20.224331,0.737398,11.677159,0.425760,1.989539,0.072540,33.389317,124.202345,157.619865,90.784825,66.835040,0.575973
left,667,476,442,0,-1,0.592088,1227.500000,913.000000,1542.000000,629.000000,0.808051,139.184133,124.407824,153.960443,29.552620,0.976264,1.280080,1.264706,1.295455,0.030749,0.906795,0.779381,0.741285,0.817478,0.076193,1.000000,1.000000,1.000000,1.000000,0.000000,0.857143,6.500000,6.000000,7.000000,1.000000,43.273449,1.245562,1.296875,0.509296,0.209980,0.464120,16.124515,33.537887,0.965339,21.220535,0.610802,5.577319,0.160535,87.290239,101.510142,116.565051,86.455234,30.109818,0.741691
left,668,476,438,0,-1,0.661355,1146.750000,913.000000,1380.500000,467.500000,0.837238,136.500492,124.407824,148.593160,24.185336,0.822971,1.152761,1.040816,1.264706,0.223890,0.943489,0.763485,0.741285,0.785685,0.044400,1.000000,1.000000,1.000000,1.000000,0.000000,0.857143,6.500000,6.000000,7.000000,1.000000,46.025469,1.366329,1.803922,0.423082,0.387835,0.178118,6.000000,35.332544,1.048895,23.007093,0.682997,5.507303,0.163492,81.644344,90.558005,93.179830,87.936180,5.243650,0.943725
left,669,475,456,0,-1,0.507627,1235.500000,832.000000,1639.000000,807.000000,0.752874,139.913272,120.187811,159.638732,39.450921,0.856844,1.313378,1.212121,1.414634,0.202513,0.895571,0.765989,0.723790,0.808188,0.084398,0.982614,0.991307,0.982614,1.000000,0.017386,0.714286,6.000000,5.000000,7.000000,2.000000,40.698590,1.174072,1.438596,0.522539,0.236342,0.520064,18.027756,33.118105,0.955390,19.385460,0.559231,9.016673,0.260113,88.542917,92.227992,94.058104,90.397881,3.660223,0.961086
left,670,475,450,0,-1,0.424344,1167.250000,695.500000,1639.000000,943.500000,0.677536,133.899858,108.160985,159.638732,51.477747,0.771160,1.252772,1.090909,1.414634,0.323725,0.924386,0.777633,0.747078,0.808188,0.061110,0.982614,0.991307,0.982614,1.000000,0.017386,0.714286,6.000000,5.000000,7.000000,2.000000,42.117300,1.259924,1.954545,0.521092,0.183337,0.456627,15.264338,34.692182,1.037804,19.880631,0.594722,9.506740,0.284391,65.054852,115.553179,153.671707,77.434652,76.237055,0.503897
left,671,475,442,0,-1,0.940818,1590.500000,1542.000000,1639.000000,97.000000,0.964430,156.799588,153.960443,159.638732,5.678289,0.915752,1.355044,1.295455,1.414634,0.119180,0.988636,0.812833,0.808188,0.817478,0.009290,0.982614,0.991307,0.982614,1.000000,0.017386,1.000000,7.000000,7.000000,7.000000,0.000000,47.423597,1.189264,1.328767,0.538649,0.233417,0.516377,20.591260,33.010502,0.827820,21.190389,0.531401,1.251883,0.031394,52.606025,115.920712,118.881191,112.960232,5.920959,0.950194
left,672,474,465,0,-1,0.521386,889.250000,609.500000,1169.000000,559.500000,0.710078,116.272669,96.560092,135.985246,39.425154,0.851064,1.087500,1.000000,1.175000,0.175000,0.967058,0.807933,0.794403,0.821463,0.027061,1.000000,1.000000,1.000000,1.000000,0.000000,0.714286,6.000000,5.000000,7.000000,2.000000,28.289185,0.960931,1.000000,0.652969,0.192578,0.807414,23.769729,22.959092,0.779878,12.958910,0.440190,4.847296,0.164654,37.410894,130.071384,153.434949,106.707819,46.727130,0.695460
left,673,474,457,0,-1,0.724979,1008.250000,847.500000,1169.000000,321.500000,0.863730,126.719897,117.454549,135.985246,18.530697,0.966072,1.155068,1.135135,1.175000,0.039865,0.971783,0.783195,0.771987,0.794403,0.022416,1.000000,1.000000,1.000000,1.000000,0.000000,0.714286,6.000000,5.000000,7.000000,2.000000,40.854290,1.290764,1.014493,0.520535,0.257873,0.518186,16.401219,33.136518,1.046926,20.109475,0.635345,3.947720,0.124726,84.809813,122.886127,129.207204,116.565051,12.642152,0.902156
left,674,474,443,0,-1,0.961933,1146.750000,1124.500000,1169.000000,44.500000,0.973677,134.195463,132.405680,135.985246,3.579566,0.972644,1.158929,1.142857,1.175000,0.032143,0.985564,0.800221,0.794403,0.806039,0.011636,1.000000,1.000000,1.000000,1.000000,0.000000,0.857143,6.500000,6.000000,7.000000,1.000000,43.526092,1.285392,1.574074,0.487713,0.245476,0.373548,12.649111,33.241046,0.981659,21.689083,0.640512,0.679771,0.020075,88.047210,97.659784,112.750976,82.568592,30.182384,0.732309
left,675,473,455,0,-1,0.949837,1195.250000,1164.500000,1226.000000,61.500000,0.992214,139.239941,138.695770,139.784112,1.088342,0.793446,1.397833,1.236842,1.558824,0.321981,0.964802,0.774593,0.760717,0.788469,0.027753,1.000000,1.000000,1.000000,1.000000,0.000000,0.857143,6.500000,6.000000,7.000000,1.000000,26.157539,0.756665,1.111111,0.806129,0.055428,1.235771,42.720019,20.363216,0.589051,13.062695,0.377867,0.610845,0.017670,36.768915,141.382783,147.765566,135.000000,12.765566,0.913609
left,676,473,452,0,-1,0.840878,1342.000000,1226.000000,1458.000000,232.000000,0.902470,147.337359,139.784112,154.890606,15.106494,0.787081,1.404135,1.236842,1.571429,0.334586,0.968573,0.776080,0.763690,0.788469,0.024779,1.000000,1.000000,1.000000,1.000000,0.000000,0.857143,6.500000,6.000000,7.000000,1.000000,53.653021,1.465969,1.590164,0.454833,0.222429,0.305482,11.180340,38.806571,1.060317,26.825941,0.732969,3.392980,0.092707,89.135502,110.896061,124.748801,97.043321,27.705480,0.777910
left,677,472,464,0,-1,0.626212,964.750000,743.000000,1186.500000,443.500000,0.831428,120.506495,109.414563,131.598427,22.183864,0.742683,1.201850,1.024390,1.379310,0.354920,0.905883,0.820432,0.779917,0.860947,0.081030,1.000000,1.000000,1.000000,1.000000,0.000000,1.000000,6.000000,6.000000,6.000000,0.000000,25.676735,0.832260,1.255319,0.862807,0.024100,1.189164,36.687873,21.100041,0.683916,12.836344,0.416064,5.650531,0.183151,77.619739,165.793669,166.842457,164.744881,2.097576,0.987428
left,678,472,447,0,-1,0.864456,801.250000,743.000000,859.500000,116.500000,0.961251,111.619855,109.414563,113.825147,4.410584,0.785417,1.231322,1.083333,1.379310,0.295977,0.935555,0.806779,0.779917,0.833641,0.053724,1.000000,1.000000,1.000000,1.000000,0.000000,1.000000,6.000000,6.000000,6.000000,0.000000,34.454275,1.217998,1.200000,0.542244,0.207800,0.539612,15.264338,25.496187,0.901319,17.057103,0.602988,0.679841,0.024033,87.511065,105.579320,113.824261,97.334379,16.489882,0.855129
left,679,472,439,0,-1,0.702268,900.500000,743.000000,1058.000000,315.000000,0.877156,117.076183,109.414563,124.737803,15.323241,0.799359,1.240937,1.102564,1.379310,0.276746,0.912744,0.817196,0.779917,0.854475,0.074558,1.000000,1.000000,1.000000,1.000000,0.000000,0.857143,6.500000,6.000000,7.000000,1.000000,41.685556,1.394517,2.102564,0.451237,0.297057,0.170579,5.099020,31.733787,1.061598,20.480891,0.685152,4.046787,0.135378,82.132209,92.795586,99.117863,86.473309,12.644554,0.872429
left,680,471,462,0,-1,0.527826,878.500000,607.000000,1150.000000,543.000000,0.724047,121.831892,102.331333,141.332450,39.001117,0.779395,1.165811,1.021277,1.310345,0.289068,0.993214,0.725947,0.723476,0.728419,0.004943,0.978723,0.989362,0.978723,1.000000,0.021277,0.500000,6.000000,4.000000,8.000000,4.000000,26.284642,0.897868,1.382979,0.671167,0.171030,1.063889,31.144823,21.442300,0.732456,11.043339,0.377234,4.109299,0.140371,33.194056,137.855728,148.407508,127.303948,21.103560,0.857800
left,681,471,438,0,-1,0.439696,993.750000,607.000000,1380.500000,773.500000,0.688668,125.462247,102.331333,148.593160,46.261826,0.794307,1.175581,1.040816,1.310345,0.269529,0.927113,0.757052,0.728419,0.785685,0.057266,1.000000,1.000000,1.000000,1.000000,0.000000,0.571429,5.500000,4.000000,7.000000,3.000000,37.072505,1.199904,1.109375,0.544579,0.137610,0.595049,18.384776,31.229642,1.010792,18.385845,0.595084,11.304230,0.365877,83.039312,108.009572,114.443955,101.575189,12.868766,0.887554
left,682,470,459,0,-1,0.449312,1000.750000,620.500000,1381.000000,760.500000,0.736938,124.116742,105.319030,142.914455,37.595425,0.844952,1.262336,1.156250,1.368421,0.212171,0.827345,0.776322,0.702972,0.849672,0.146700,1.000000,1.000000,1.000000,1.000000,0.000000,0.833333,5.500000,5.000000,6.000000,1.000000,25.775500,0.830508,1.094340,0.846836,0.000000,1.222695,37.947332,22.971789,0.740170,12.731783,0.410229,7.738324,0.249335,54.912141,179.338699,179.823162,178.854237,0.968925,0.994612
left,683,470,446,0,-1,0.350466,1195.500000,620.500000,1770.500000,1150.000000,0.633881,135.734263,105.319030,166.149497,60.830467,0.993969,1.159758,1.156250,1.163265,0.007015,0.872228,0.754461,0.702972,0.805949,0.102977,0.999436,0.999718,0.999436,1.000000,0.000564,0.625000,6.500000,5.000000,8.000000,3.000000,29.786143,0.889309,1.105263,0.678025,0.179005,0.910010,30.479501,26.929617,0.804023,14.020700,0.418609,8.573460,0.255973,66.994887,134.385812,148.392498,120.379126,28.013372,0.811221
left,684,469,468,0,-1,0.916295,967.250000,925.000000,1009.500000,84.500000,0.989155,120.518648,119.861569,121.175726,1.314157,0.969298,1.100490,1.083333,1.117647,0.034314,0.936498,0.836512,0.809080,0.863943,0.054862,1.000000,1.000000,1.000000,1.000000,0.000000,0.833333,5.500000,5.000000,6.000000,1.000000,34.713065,1.116419,2.055556,0.628751,0.136728,0.714098,22.203603,27.236611,0.875966,17.190549,0.552871,0.528312,0.016991,81.204378,132.672816,143.972627,121.373005,22.599621,0.843028
left,685,469,451,0,-1,0.924324,890.000000,855.000000,925.000000,70.000000,0.986354,119.043753,118.225937,119.861569,1.635632,0.642053,1.429194,1.117647,1.740741,0.623094,0.950077,0.788885,0.768689,0.809080,0.040392,1.000000,1.000000,1.000000,1.000000,0.000000,0.714286,6.000000,5.000000,7.000000,2.000000,24.093971,0.807788,1.127660,0.772386,0.083427,1.138423,33.955854,19.817051,0.664398,12.046985,0.403894,1.429453,0.047925,79.550275,141.229847,155.224859,127.234834,27.990025,0.819681
left,686,469,446,0,-1,0.522451,1347.750000,925.000000,1770.500000,845.500000,0.721408,143.005533,119.861569,166.149497,46.287928,0.960784,1.140456,1.117647,1.163265,0.045618,0.996130,0.807515,0.805949,0.809080,0.003131,0.999436,0.999718,0.999436,1.000000,0.000564,0.625000,6.500000,5.000000,8.000000,3.000000,47.236158,1.303226,1.550000,0.542876,0.173623,0.499669,18.110770,35.505017,0.979569,22.126761,0.610468,10.517324,0.290169,64.386481,119.927686,122.061944,117.793427,4.268516,0.965030
left,687,468,458,0,-1,0.608717,812.000000,614.500000,1009.500000,395.000000,0.821256,110.346022,99.516317,121.175726,21.659409,0.804762,1.214744,1.083333,1.346154,0.262821,0.902523,0.821835,0.779728,0.863943,0.084215,1.000000,1.000000,1.000000,1.000000,0.000000,0.833333,5.500000,5.000000,6.000000,1.000000,23.731564,0.839138,1.159091,0.830199,0.048030,1.129848,31.953091,20.523424,0.725700,11.853493,0.419135,5.183084,0.183272,71.714848,154.091325,163.720327,144.462322,19.258005,0.882373
left,688,468,451,0,-1,0.846954,932.250000,855.000000,1009.500000,154.500000,0.975657,119.700832,118.225937,121.175726,2.949789,0.622340,1.412037,1.083333,1.740741,0.657407,0.889745,0.816316,0.768689,0.863943,0.095254,1.000000,1.000000,1.000000,1.000000,0.000000,0.857143,6.500000,6.000000,7.000000,1.000000,37.364019,1.224789,1.388889,0.511876,0.290695,0.417220,12.727922,29.454709,0.965522,18.579780,0.609043,2.727168,0.089396,79.393808,106.033071,111.392161,100.673981,10.718180,0.903780
left,689,467,463,0,-1,0.808511,1020.000000,912.000000,1128.000000,216.000000,0.940078,127.312554,123.380300,131.244808,7.864508,0.745921,1.200321,1.025641,1.375000,0.349359,0.914868,0.787886,0.752858,0.822914,0.070056,1.000000,1.000000,1.000000,1.000000,0.000000,0.714286,6.000000,5.000000,7.000000,2.000000,26.502571,0.830996,1.400000,0.818642,0.021078,1.217620,38.832976,20.418177,0.640218,13.179521,0.413248,3.374234,0.105800,74.547436,159.524411,160.346176,158.702646,1.643530,0.989750
left,690,467,462,0,-1,0.980870,1139.000000,1128.000000,1150.000000,22.000000,0.928625,136.288629,131.244808,141.332450,10.087643,0.995745,1.023459,1.021277,1.025641,0.004364,0.879163,0.773195,0.723476,0.822914,0.099439,0.978723,0.989362,0.978723,1.000000,0.021277,0.875000,7.500000,7.000000,8.000000,1.000000,40.842736,1.210202,1.734694,0.521158,0.273486,0.566095,19.104973,30.973693,0.917775,20.349864,0.602983,1.666359,0.049376,69.527243,125.666357,131.164681,120.168033,10.996648,0.916162
left,691,467,441,0,-1,0.947899,1159.000000,1128.000000,1190.000000,62.000000,0.982392,132.420981,131.244808,133.597154,2.352346,0.785597,1.165598,1.025641,1.305556,0.279915,0.982183,0.830379,0.822914,0.837843,0.014928,1.000000,1.000000,1.000000,1.000000,0.000000,0.857143,6.500000,6.000000,7.000000,1.000000,36.042299,1.058789,1.423077,0.627550,0.123598,0.725541,24.698178,29.961628,0.880162,17.968451,0.527847,1.564723,0.045966,76.878402,109.995700,112.063481,107.927920,4.135561,0.963096
left,692,467,437,0,-1,0.811613,1021.750000,915.500000,1128.000000,212.500000,0.914938,125.662858,120.080908,131.244808,11.163900,0.900563,1.082265,1.025641,1.138889,0.113248,0.969540,0.810381,0.797848,0.822914,0.025066,1.000000,1.000000,1.000000,1.000000,0.000000,0.857143,6.500000,6.000000,7.000000,1.000000,42.064340,1.317744,1.687500,0.463709,0.370932,0.250615,8.000000,32.733744,1.025446,20.584653,0.644853,3.314656,0.103838,82.305294,100.798363,103.831560,97.765166,6.066394,0.941575
left,693,466,460,0,-1,0.858419,1040.250000,961.000000,1119.500000,158.500000,0.931288,131.298710,126.627294,135.970127,9.342833,0.952778,1.255357,1.225000,1.285714,0.060714,0.989764,0.757039,0.753145,0.760934,0.007789,1.000000,1.000000,1.000000,1.000000,0.000000,0.833333,5.500000,5.000000,6.000000,1.000000,25.905805,0.803793,1.113208,0.794677,0.037731,1.259961,40.607881,21.040439,0.652832,12.842219,0.398462,1.383902,0.042939,40.398544,157.660266,165.963757,149.356776,16.606981,0.899936
left,694,465,461,0,-1,0.660347,766.250000,609.500000,923.000000,313.500000,0.799590,108.661078,96.560092,120.762063,24.201970,0.844444,1.092105,1.000000,1.184211,0.184211,0.968194,0.808400,0.795336,0.821463,0.026128,1.000000,1.000000,1.000000,1.000000,0.000000,0.833333,5.500000,5.000000,6.000000,1.000000,28.702124,1.042406,1.534884,0.627883,0.192822,0.766131,21.095023,23.436065,0.851153,13.471745,0.489268,3.571885,0.129724,57.583355,134.965773,146.606415,123.325131,23.281284,0.841199
left,695,465,443,0,-1,0.542019,867.000000,609.500000,1124.500000,515.000000,0.729275,114.482886,96.560092,132.405680,35.845588,0.875000,1.071429,1.000000,1.142857,0.142857,0.981223,0.813751,0.806039,0.821463,0.015424,1.000000,1.000000,1.000000,1.000000,0.000000,0.833333,5.500000,5.000000,6.000000,1.000000,37.198811,1.277835,1.183333,0.526124,0.178489,0.437223,12.727922,28.730693,0.986942,18.381329,0.631426,10.141450,0.348374,88.442138,108.142634,122.471192,93.814075,28.657117,0.766009
left,696,465,428,0,-1,0.391584,1083.000000,609.500000,1556.500000,947.000000,0.645739,123.047140,96.560092,149.534188,52.974096,0.961538,1.020000,1.000000,1.040000,0.040000,0.939097,0.848101,0.821463,0.874738,0.053275,1.000000,1.000000,1.000000,1.000000,0.000000,0.714286,6.000000,5.000000,7.000000,2.000000,37.698323,1.175491,1.660000,0.552229,0.202678,0.375475,12.041595,30.304023,0.944925,18.760527,0.584982,13.110010,0.408790,80.511594,97.246413,97.765166,96.727661,1.037505,0.989388
left,697,464,439,0,-1,0.891698,1122.250000,1058.000000,1186.500000,128.500000,0.947867,128.168115,124.737803,131.598427,6.860623,0.929098,1.063477,1.024390,1.102564,0.078174,0.992483,0.857711,0.854475,0.860947,0.006472,1.000000,1.000000,1.000000,1.000000,0.000000,0.857143,6.500000,6.000000,7.000000,1.000000,41.899040,1.251231,1.184615,0.556985,0.175095,0.467430,15.652476,30.115003,0.899324,20.734924,0.619207,2.027920,0.060560,77.134866,101.905942,107.674628,96.137256,11.537372,0.892850
left,698,463,449,0,-1,0.989154,917.000000,912.000000,922.000000,10.000000,0.996203,123.615446,123.380300,123.850592,0.470292,0.888889,1.298611,1.222222,1.375000,0.152778,0.996709,0.754101,0.752858,0.755344,0.002486,1.000000,1.000000,1.000000,1.000000,0.000000,0.833333,5.500000,5.000000,6.000000,1.000000,23.223306,0.766904,1.180000,0.719556,0.095147,1.127145,34.132096,18.610892,0.614588,11.370252,0.375480,0.026785,0.000885,37.219993,120.481831,132.852415,108.111247,24.741167,0.813770
left,699,463,437,0,-1,0.996177,913.750000,912.000000,915.500000,3.500000,0.973258,121.730604,120.080908,123.380300,3.299392,0.828283,1.256944,1.138889,1.375000,0.236111,0.943611,0.775353,0.752858,0.797848,0.044990,1.000000,1.000000,1.000000,1.000000,0.000000,0.833333,5.500000,5.000000,6.000000,1.000000,41.780974,1.382181,1.568627,0.502736,0.141450,0.491793,14.866069,30.326614,1.003253,20.836671,0.689310,2.146535,0.071011,88.888524,113.431310,124.973963,101.888658,23.085305,0.815279
left,700,462,444,0,-1,0.349565,776.000000,402.000000,1150.000000,748.000000,0.625199,114.846671,88.360892,141.332450,52.971558,0.711799,1.228030,1.021277,1.434783,0.413506,0.894318,0.685246,0.647017,0.723476,0.076459,0.978723,0.989362,0.978723,1.000000,0.021277,0.625000,6.500000,5.000000,8.000000,3.000000,25.873167,0.958948,1.375000,0.596187,0.176869,0.904833,24.413111,21.266270,0.788200,10.888905,0.403580,5.784629,0.214398,38.477346,124.862834,136.847610,112.878058,23.969552,0.824845
left,701,462,441,0,-1,0.966387,1170.000000,1150.000000,1190.000000,40.000000,0.945269,137.464802,133.597154,141.332450,7.735296,0.782254,1.163416,1.021277,1.305556,0.284279,0.863498,0.780659,0.723476,0.837843,0.114367,0.978723,0.989362,0.978723,1.000000,0.021277,0.750000,7.000000,6.000000,8.000000,2.000000,33.870885,0.990261,1.043478,0.506577,0.245085,0.497018,17.000000,30.496137,0.891595,16.368144,0.478545,5.290959,0.154688,78.501309,93.985447,127.768486,60.202409,67.566077,0.471184
left,702,462,438,0,-1,0.833032,1265.250000,1150.000000,1380.500000,230.500000,0.951137,144.962805,141.332450,148.593160,7.260709,0.981227,1.031046,1.021277,1.040816,0.019540,0.920821,0.754580,0.723476,0.785685,0.062210,0.978723,0.989362,0.978723,1.000000,0.021277,0.875000,7.500000,7.000000,8.000000,1.000000,52.302152,1.471917,1.181818,0.460703,0.282948,0.382780,13.601471,36.509964,1.027484,26.091478,0.734281,1.000968,0.028170,86.890710,116.853685,123.690068,110.017303,13.672765,0.889459
left,703,462,424,0,-1,0.876957,1079.250000,1008.500000,1150.000000,141.500000,0.948987,137.727575,134.122700,141.332450,7.209750,0.854538,1.108199,1.021277,1.195122,0.173845,0.973772,0.713988,0.704500,0.723476,0.018975,0.978723,0.989362,0.978723,1.000000,0.021277,0.750000,7.000000,6.000000,8.000000,2.000000,54.859460,1.670799,1.338028,0.385503,0.394255,0.155296,5.099020,37.370773,1.138164,26.808551,0.816481,0.819808,0.024968,70.437233,94.213485,98.972627,89.454342,9.518284,0.903829
left,704,461,445,0,-1,0.856446,856.750000,790.500000,923.000000,132.500000,0.939478,117.107688,113.453313,120.762063,7.308750,0.982028,1.195046,1.184211,1.205882,0.021672,0.970347,0.783544,0.771751,0.795336,0.023584,1.000000,1.000000,1.000000,1.000000,0.000000,1.000000,6.000000,6.000000,6.000000,0.000000,21.554145,0.736935,1.100000,0.860481,0.044062,1.299667,38.013156,18.470789,0.631515,10.769297,0.368202,1.507329,0.051535,31.171159,159.790990,168.804889,150.777092,18.027797,0.893203
left,705,461,428,0,-1,0.592997,1239.750000,923.000000,1556.500000,633.500000,0.807588,135.148126,120.762063,149.534188,28.772126,0.878222,1.112105,1.040000,1.184211,0.144211,0.909227,0.835037,0.795336,0.874738,0.079402,1.000000,1.000000,1.000000,1.000000,0.000000,0.857143,6.500000,6.000000,7.000000,1.000000,42.340278,1.212608,1.026316,0.565711,0.142972,0.509913,17.804494,32.142350,0.920544,21.148831,0.605694,5.971233,0.171014,88.661891,109.704260,116.665924,102.742597,13.923327,0.880656
left,706,460,456,0,-1,0.865765,896.500000,832.000000,961.000000,129.000000,0.949146,123.407552,120.187811,126.627294,6.439483,0.942761,1.248918,1.212121,1.285714,0.073593,0.961023,0.738467,0.723790,0.753145,0.029355,1.000000,1.000000,1.000000,1.000000,0.000000,1.000000,5.000000,5.000000,5.000000,0.000000,23.885269,0.798246,1.413043,0.774356,0.027607,1.273911,38.118237,19.224889,0.642496,11.886755,0.397255,1.249300,0.041752,32.136914,162.475313,167.168221,157.782406,9.385815,0.943854
left,707,460,431,0,-1,0.753430,1118.250000,961.000000,1275.500000,314.500000,0.931092,131.312998,126.627294,135.998703,9.371409,0.861862,1.196911,1.108108,1.285714,0.177606,0.869076,0.809875,0.753145,0.866604,0.113459,1.000000,1.000000,1.000000,1.000000,0.000000,0.714286,6.000000,5.000000,7.000000,2.000000,38.936502,1.167264,1.588235,0.510847,0.270512,0.420770,14.035669,29.017220,0.869897,19.207790,0.575824,2.285013,0.068502,88.033207,97.434352,100.636529,94.232174,6.404356,0.936362
left,708,459,454,0,-1,0.719044,1187.000000,993.000000,1381.000000,388.000000,0.864239,133.213323,123.512190,142.914455,19.402264,0.856044,1.269925,1.171429,1.368421,0.196992,0.962694,0.833823,0.817974,0.849672,0.031698,1.000000,1.000000,1.000000,1.000000,0.000000,0.833333,5.500000,5.000000,6.000000,1.000000,33.751061,0.982940,1.396226,0.666860,0.163437,0.799696,27.459060,27.827092,0.810415,16.785785,0.488856,2.356289,0.068623,71.958006,131.151974,133.210089,129.093859,4.116231,0.969100
left,709,459,446,0,-1,0.780006,1575.750000,1381.000000,1770.500000,389.500000,0.860156,154.531976,142.914455,166.149497,23.235042,0.850078,1.265843,1.163265,1.368421,0.205156,0.948542,0.827811,0.805949,0.849672,0.043723,0.999436,0.999718,0.999436,1.000000,0.000564,0.750000,7.000000,6.000000,8.000000,2.000000,40.039690,1.010604,1.306452,0.557431,0.198318,0.536611,21.260292,34.687328,0.875510,19.847561,0.500954,0.608864,0.015368,70.303143,102.330458,145.216880,59.444036,85.772844,0.409347
left,710,459,432,0,-1,0.778783,1228.250000,1075.500000,1381.000000,305.500000,0.867777,133.466165,124.017876,142.914455,18.896579,0.807692,1.236842,1.105263,1.368421,0.263158,0.966940,0.864197,0.849672,0.878722,0.029051,1.000000,1.000000,1.000000,1.000000,0.000000,1.000000,6.000000,6.000000,6.000000,0.000000,38.763282,1.108209,1.693878,0.602057,0.147364,0.578886,20.248457,29.578360,0.845620,19.301218,0.551805,5.651745,0.161579,74.630298,104.947814,106.073574,103.822055,2.251520,0.978774
left,711,458,451,0,-1,0.718713,734.750000,614.500000,855.000000,240.500000,0.841747,108.871127,99.516317,118.225937,18.709620,0.773322,1.543447,1.346154,1.740741,0.394587,0.985842,0.774208,0.768689,0.779728,0.011039,1.000000,1.000000,1.000000,1.000000,0.000000,0.714286,6.000000,5.000000,7.000000,2.000000,38.245706,1.415734,2.758621,0.493647,0.195985,0.450329,12.165525,30.492883,1.128750,18.979477,0.702560,4.290726,0.158829,88.018982,133.361048,151.858399,114.863697,36.994702,0.756387
left,712,458,429,0,-1,0.329667,1239.250000,614.500000,1864.000000,1249.500000,0.611012,131.193843,99.516317,162.871369,63.355052,0.996516,1.343809,1.341463,1.346154,0.004690,0.883033,0.831370,0.779728,0.883011,0.103283,1.000000,1.000000,1.000000,1.000000,0.000000,0.714286,6.000000,5.000000,7.000000,2.000000,30.983505,0.911773,1.163636,0.719517,0.091588,0.799437,27.166155,25.831020,0.760148,15.344858,0.451564,12.656065,0.372439,59.958302,113.855466,125.371844,102.339087,23.032757,0.816284
left,713,457,447,0,-1,0.986038,853.500000,847.500000,859.500000,12.000000,0.969100,115.639848,113.825147,117.454549,3.629402,0.954365,1.109234,1.083333,1.135135,0.051802,0.926042,0.802814,0.771987,0.833641,0.061655,1.000000,1.000000,1.000000,1.000000,0.000000,0.833333,5.500000,5.000000,6.000000,1.000000,32.754063,1.121156,1.727273,0.581975,0.154071,0.672504,19.646883,24.938300,0.853626,16.354374,0.559803,0.493153,0.016880,88.765456,126.272230,142.528501,110.015960,32.512541,0.771887
left,714,457,443,0,-1,0.753668,986.000000,847.500000,1124.500000,277.000000,0.887081,124.930114,117.454549,132.405680,14.951131,0.993243,1.138996,1.135135,1.142857,0.007722,0.957754,0.789013,0.771987,0.806039,0.034052,1.000000,1.000000,1.000000,1.000000,0.000000,0.833333,5.500000,5.000000,6.000000,1.000000,24.785955,0.791309,1.211538,0.823293,0.037525,1.219044,38.183766,20.160101,0.643626,12.260514,0.391426,2.567625,0.081973,32.581280,159.774222,160.866357,158.682088,2.184269,0.986422
left,715,457,425,0,-1,0.509468,1255.500000,847.500000,1663.500000,816.000000,0.767238,135.271059,117.454549,153.087570,35.633021,0.898931,1.077772,1.020408,1.135135,0.114727,0.865480,0.831981,0.771987,0.891975,0.119988,1.000000,1.000000,1.000000,1.000000,0.000000,0.714286,6.000000,5.000000,7.000000,2.000000,44.233642,1.265665,1.179104,0.520872,0.258065,0.349268,12.206556,34.158600,0.977386,21.699642,0.620896,9.864654,0.282259,85.461532,105.779195,110.248457,101.309932,8.938525,0.918924
left,716,456,450,0,-1,0.835938,763.750000,695.500000,832.000000,136.500000,0.899933,114.174398,108.160985,120.187811,12.026826,0.900000,1.151515,1.090909,1.212121,0.121212,0.968828,0.735434,0.723790,0.747078,0.023288,1.000000,1.000000,1.000000,1.000000,0.000000,1.000000,5.000000,5.000000,5.000000,0.000000,21.167021,0.766688,1.045455,0.821310,0.013093,1.366829,37.735925,18.075040,0.654694,10.527040,0.381299,1.672414,0.060576,64.832125,161.444314,167.832533,155.056095,12.776438,0.923874
left,717,456,431,0,-1,0.652293,1053.750000,832.000000,1275.500000,443.500000,0.883742,128.093257,120.187811,135.998703,15.810892,0.914189,1.160115,1.108108,1.212121,0.104013,0.835202,0.795197,0.723790,0.866604,0.142815,1.000000,1.000000,1.000000,1.000000,0.000000,0.714286,6.000000,5.000000,7.000000,2.000000,41.060358,1.272035,1.363636,0.501156,0.247212,0.407473,13.152946,30.016730,0.929907,20.051223,0.621179,3.180400,0.098528,78.930131,95.142145,98.599605,91.684684,6.914921,0.929869
left,718,455,454,0,-1,0.852726,1078.750000,993.000000,1164.500000,171.500000,0.890526,131.103980,123.512190,138.695770,15.183580,0.751482,1.365126,1.171429,1.558824,0.387395,0.930001,0.789345,0.760717,0.817974,0.057257,1.000000,1.000000,1.000000,1.000000,0.000000,0.714286,6.000000,5.000000,7.000000,2.000000,41.627875,1.268433,2.571429,0.533978,0.140904,0.561853,18.439089,32.470811,0.989411,20.479763,0.624034,2.905134,0.088522,80.451593,116.526863,125.837653,107.216074,18.621579,0.852019
left,719,455,452,0,-1,0.798697,1311.250000,1164.500000,1458.000000,293.500000,0.895443,146.793188,138.695770,154.890606,16.194836,0.991979,1.565126,1.558824,1.571429,0.012605,0.996106,0.762203,0.760717,0.763690,0.002974,1.000000,1.000000,1.000000,1.000000,0.000000,1.000000,7.000000,7.000000,7.000000,0.000000,54.266757,1.500978,2.971429,0.457849,0.266349,0.349865,12.649111,37.916715,1.048748,26.059046,0.720774,3.171542,0.087722,67.938657,122.935427,145.619655,100.251199,45.368457,0.688446
left,720,455,440,0,-1,0.725633,1004.750000,845.000000,1164.500000,319.500000,0.872714,129.868772,121.041773,138.695770,17.653997,0.961827,1.589757,1.558824,1.620690,0.061866,0.952737,0.742740,0.724763,0.760717,0.035954,1.000000,1.000000,1.000000,1.000000,0.000000,0.714286,6.000000,5.000000,7.000000,2.000000,44.780037,1.417232,1.660377,0.459449,0.205524,0.400329,12.649111,32.297075,1.022162,18.757832,0.593662,1.692817,0.053576,42.054943,109.369876,124.380345,94.359408,30.020937,0.758636
left,721,455,436,0,-1,0.904251,1108.750000,1053.000000,1164.500000,111.500000,0.901219,131.845532,124.995294,138.695770,13.700476,0.659329,1.293301,1.027778,1.558824,0.531046,0.898198,0.803827,0.760717,0.846937,0.086220,1.000000,1.000000,1.000000,1.000000,0.000000,0.857143,6.500000,6.000000,7.000000,1.000000,37.225631,1.118311,1.229508,0.532747,0.314092,0.525510,17.492856,30.300123,0.910259,18.012228,0.541113,1.198350,0.036000,63.790919,115.421556,125.727398,105.115713,20.611685,0.836061
left,722,455,418,0,-1,0.678811,1440.000000,1164.500000,1715.500000,551.000000,0.854660,150.488831,138.695770,162.281892,23.586122,0.769811,1.379412,1.200000,1.558824,0.358824,0.929314,0.789648,0.760717,0.818579,0.057862,0.980566,0.990283,0.980566,1.000000,0.019434,0.875000,7.500000,7.000000,8.000000,1.000000,40.246217,1.065513,1.389831,0.590286,0.187847,0.706437,26.683328,32.363185,0.856811,20.116206,0.532574,10.329583,0.273474,76.806016,104.961792,118.842660,91.080924,27.761736,0.766399
left,723,454,436,0,-1,0.943020,1023.000000,993.000000,1053.000000,60.000000,0.988135,124.253742,123.512190,124.995294,1.483104,0.877371,1.099603,1.027778,1.171429,0.143651,0.965803,0.832455,0.817974,0.846937,0.028963,1.000000,1.000000,1.000000,1.000000,0.000000,0.833333,5.500000,5.000000,6.000000,1.000000,31.507042,0.985182,1.192308,0.625064,0.158847,0.714404,22.847319,25.083368,0.784323,15.686962,0.490510,1.188989,0.037178,86.452950,111.136845,113.838740,108.434949,5.403791,0.952531
left,724,454,432,0,-1,0.923291,1034.250000,993.000000,1075.500000,82.500000,0.995922,123.765033,123.512190,124.017876,0.505685,0.943517,1.138346,1.105263,1.171429,0.066165,0.930867,0.848348,0.817974,0.878722,0.060748,1.000000,1.000000,1.000000,1.000000,0.000000,0.833333,5.500000,5.000000,6.000000,1.000000,35.751828,1.111916,1.030769,0.579704,0.219966,0.556351,17.888544,28.207568,0.877282,17.477984,0.543582,0.915543,0.028474,64.013257,118.320619,120.716336,115.924902,4.791435,0.960308
left,725,453,449,0,-1,0.949048,946.750000,922.000000,971.500000,49.500000,0.996688,123.645473,123.440355,123.850592,0.410236,0.928747,1.178679,1.135135,1.222222,0.087087,0.942771,0.778269,0.755344,0.801195,0.045852,1.000000,1.000000,1.000000,1.000000,0.000000,1.000000,6.000000,6.000000,6.000000,0.000000,25.589686,0.831734,1.369565,0.764584,0.081331,1.151899,35.440090,18.794622,0.610876,12.212042,0.396924,1.181512,0.038402,31.562621,131.112958,139.950272,122.275644,17.674628,0.873708
left,726,453,448,0,-1,0.835340,1067.250000,971.500000,1163.000000,191.500000,0.902145,130.135115,123.440355,136.829875,13.389519,0.991071,1.130068,1.125000,1.135135,0.010135,0.974293,0.790897,0.780599,0.801195,0.020597,1.000000,1.000000,1.000000,1.000000,0.000000,1.000000,6.000000,6.000000,6.000000,0.000000,29.147554,0.893115,1.413043,0.674993,0.099086,0.933424,30.463092,23.923287,0.733037,13.875810,0.425171,0.922282,0.028260,79.299604,131.104211,175.236358,86.972063,88.264295,0.496313
left,727,453,430,0,-1,0.730314,840.500000,709.500000,971.500000,262.000000,0.924704,118.793075,114.145794,123.440355,9.294561,0.936486,1.173628,1.135135,1.212121,0.076986,0.854091,0.742744,0.684294,0.801195,0.116902,1.000000,1.000000,1.000000,1.000000,0.000000,1.000000,6.000000,6.000000,6.000000,0.000000,44.057922,1.524355,1.262295,0.442005,0.279001,0.328234,9.486833,33.729862,1.167016,21.216980,0.734084,1.465132,0.050692,80.459343,124.639745,145.678947,103.600543,42.078405,0.711157
left,728,453,423,0,-1,0.765563,1120.250000,971.500000,1269.000000,297.500000,0.853188,134.060799,123.440355,144.681243,21.240888,0.996139,1.137335,1.135135,1.139535,0.004400,0.950843,0.781503,0.761811,0.801195,0.039385,1.000000,1.000000,1.000000,1.000000,0.000000,0.857143,6.500000,6.000000,7.000000,1.000000,37.508429,1.123143,1.693878,0.506058,0.213122,0.482828,16.124515,31.256563,0.935938,18.604584,0.557091,2.736708,0.081947,88.576839,83.199729,87.709390,78.690068,9.019322,0.897168
left,729,452,448,0,-1,0.797668,1310.500000,1163.000000,1458.000000,295.000000,0.883397,145.860240,136.829875,154.890606,18.060732,0.715909,1.348214,1.125000,1.571429,0.446429,0.978339,0.772144,0.763690,0.780599,0.016908,1.000000,1.000000,1.000000,1.000000,0.000000,0.857143,6.500000,6.000000,7.000000,1.000000,38.097425,1.054067,1.977778,0.664285,0.053415,0.955236,34.525353,29.811712,0.824820,18.541119,0.512989,5.795961,0.160361,70.987660,162.723163,168.644917,156.801409,11.843508,0.929773
left,730,452,440,0,-1,0.579561,1151.500000,845.000000,1458.000000,613.000000,0.781466,137.966190,121.041773,154.890606,33.848833,0.969605,1.596059,1.571429,1.620690,0.049261,0.949027,0.744227,0.724763,0.763690,0.038927,1.000000,1.000000,1.000000,1.000000,0.000000,0.714286,6.000000,5.000000,7.000000,2.000000,25.782585,0.766738,1.188679,0.701375,0.102692,1.082502,36.400549,21.488434,0.639036,12.315871,0.366257,5.347758,0.159035,34.423811,100.884921,111.769842,90.000000,21.769842,0.805226
left,731,452,417,0,-1,0.952008,1494.750000,1458.000000,1531.500000,73.500000,0.978927,153.258584,151.626562,154.890606,3.264044,0.723140,1.353896,1.136364,1.571429,0.435065,0.912307,0.800394,0.763690,0.837098,0.073408,1.000000,1.000000,1.000000,1.000000,0.000000,0.777778,8.000000,7.000000,9.000000,2.000000,45.535943,1.177885,1.200000,0.498732,0.292189,0.414682,16.031220,34.396448,0.889738,21.238097,0.549369,2.967453,0.076760,52.995569,97.769308,114.939397,80.599220,34.340177,0.701232
left,732,451,446,0,-1,0.482914,1312.750000,855.000000,1770.500000,915.500000,0.711564,142.187717,118.225937,166.149497,47.923560,0.668259,1.452003,1.163265,1.740741,0.577475,0.953768,0.787319,0.768689,0.805949,0.037261,0.999436,0.999718,0.999436,1.000000,0.000564,0.875000,7.500000,7.000000,8.000000,1.000000,47.848999,1.341855,2.061224,0.468397,0.248334,0.266044,9.486833,35.706728,1.001343,23.078181,0.647194,7.887728,0.221200,66.532002,99.473531,116.233865,82.713197,33.520669,0.711610
left,733,451,435,0,-1,0.774854,758.750000,662.500000,855.000000,192.500000,0.884131,111.376605,104.527274,118.225937,13.698663,0.574468,1.370370,1.000000,1.740741,0.740741,0.991257,0.765328,0.761968,0.768689,0.006721,1.000000,1.000000,1.000000,1.000000,0.000000,0.571429,5.500000,4.000000,7.000000,3.000000,26.363942,0.959047,1.127660,0.563741,0.270511,0.706318,19.416488,22.148928,0.805716,13.168306,0.479026,0.124025,0.004512,46.272081,105.101500,116.200115,94.002886,22.197229,0.808974
left,734,451,434,0,-1,0.861988,796.000000,737.000000,855.000000,118.000000,0.907951,112.784672,107.343408,118.225937,10.882530,0.625156,1.414488,1.088235,1.740741,0.652505,0.956365,0.786224,0.768689,0.803760,0.035072,1.000000,1.000000,1.000000,1.000000,0.000000,0.714286,6.000000,5.000000,7.000000,2.000000,35.990363,1.276523,1.259259,0.515837,0.291457,0.507831,14.317821,28.279652,1.003036,16.762177,0.594529,1.242624,0.044074,55.983407,123.154770,147.425943,98.883597,48.542346,0.670734
left,735,451,429,0,-1,0.458691,1359.500000,855.000000,1864.000000,1009.000000,0.725885,140.548653,118.225937,162.871369,44.645432,0.770628,1.541102,1.341463,1.740741,0.399277,0.870531,0.825850,0.768689,0.883011,0.114323,1.000000,1.000000,1.000000,1.000000,0.000000,1.000000,7.000000,7.000000,7.000000,0.000000,41.743620,1.152909,1.370968,0.552034,0.237955,0.446195,16.155494,30.437247,0.840640,18.897093,0.521915,11.327791,0.312860,49.749082,101.646233,105.802514,97.489953,8.312561,0.921433
left,736,450,442,0,-1,0.451038,1118.750000,695.500000,1542.000000,846.500000,0.702525,131.060714,108.160985,153.960443,45.799459,0.842105,1.193182,1.090909,1.295455,0.204545,0.913881,0.782278,0.747078,0.817478,0.070400,1.000000,1.000000,1.000000,1.000000,0.000000,0.714286,6.000000,5.000000,7.000000,2.000000,32.295308,0.984003,1.333333,0.580545,0.196201,0.640573,21.023796,27.528691,0.838770,16.020905,0.488140,8.733107,0.266088,64.706615,104.613112,121.779122,87.447102,34.332020,0.718080
left,737,450,431,0,-1,0.545276,985.500000,695.500000,1275.500000,580.000000,0.795309,122.079844,108.160985,135.998703,27.837718,0.984479,1.099509,1.090909,1.108108,0.017199,0.862075,0.806841,0.747078,0.866604,0.119527,1.000000,1.000000,1.000000,1.000000,0.000000,0.714286,6.000000,5.000000,7.000000,2.000000,44.546496,1.434982,1.014925,0.469281,0.407661,0.232292,7.211103,32.651650,1.051812,21.580565,0.695178,7.170717,0.230991,75.902166,114.640886,116.022551,113.259221,2.763330,0.976183
left,738,450,420,0,-1,0.427737,1160.750000,695.500000,1626.000000,930.500000,0.705052,130.784774,108.160985,153.408563,45.247578,0.954861,1.066288,1.041667,1.090909,0.049242,0.860468,0.807650,0.747078,0.868223,0.121145,1.000000,1.000000,1.000000,1.000000,0.000000,0.714286,6.000000,5.000000,7.000000,2.000000,33.977341,1.018872,1.645833,0.676131,0.120827,0.807419,26.925824,30.789856,0.923289,16.731379,0.501720,11.362051,0.340711,68.950516,121.581042,130.426079,112.736005,17.690074,0.864367
left,739,449,437,0,-1,0.992950,918.750000,915.500000,922.000000,6.500000,0.969563,121.965750,120.080908,123.850592,3.769684,0.931818,1.180556,1.138889,1.222222,0.083333,0.946726,0.776596,0.755344,0.797848,0.042505,1.000000,1.000000,1.000000,1.000000,0.000000,1.000000,6.000000,6.000000,6.000000,0.000000,40.358171,1.331476,1.061538,0.441474,0.318912,0.251256,7.615773,28.801958,0.950220,19.857429,0.655126,0.133450,0.004403,67.012069,94.431341,102.173623,86.689058,15.484564,0.848449
left,740,449,433,0,-1,0.507592,695.000000,468.000000,922.000000,454.000000,0.748548,108.279349,92.708106,123.850592,31.142486,0.931034,1.180077,1.137931,1.222222,0.084291,0.905890,0.719801,0.684259,0.755344,0.071085,1.000000,1.000000,1.000000,1.000000,0.000000,0.666667,5.000000,4.000000,6.000000,2.000000,36.799007,1.415407,1.380000,0.495713,0.130935,0.554724,14.422205,28.332113,1.089744,18.298547,0.703821,8.579629,0.330000,81.479742,141.593061,156.763838,126.422283,30.341555,0.806451
left,741,449,430,0,-1,0.769523,815.750000,709.500000,922.000000,212.500000,0.921641,118.998193,114.145794,123.850592,9.704798,0.991736,1.217172,1.212121,1.222222,0.010101,0.905937,0.719819,0.684294,0.755344,0.071050,1.000000,1.000000,1.000000,1.000000,0.000000,1.000000,6.000000,6.000000,6.000000,0.000000,35.629103,1.250124,2.083333,0.466804,0.259271,0.498682,14.212670,26.098911,0.915737,14.556787,0.510756,3.617558,0.126930,38.867260,94.130522,96.215636,92.045408,4.170227,0.956657
left,742,448,423,0,-1,0.916470,1216.000000,1163.000000,1269.000000,106.000000,0.945733,140.755559,136.829875,144.681243,7.851368,0.987245,1.132267,1.125000,1.139535,0.014535,0.975931,0.771205,0.761811,0.780599,0.018788,1.000000,1.000000,1.000000,1.000000,0.000000,0.857143,6.500000,6.000000,7.000000,1.000000,45.237503,1.297583,1.171429,0.518934,0.179071,0.556938,19.416488,32.017714,0.918389,20.123037,0.577205,0.080427,0.002307,68.689649,105.502496,106.073574,104.931417,1.142157,0.989232
left,743,448,417,0,-1,0.759386,1347.250000,1163.000000,1531.500000,368.500000,0.902414,144.228218,136.829875,151.626562,14.796687,0.990000,1.130682,1.125000,1.136364,0.011364,0.932506,0.808848,0.780599,0.837098,0.056499,1.000000,1.000000,1.000000,1.000000,0.000000,0.666667,7.500000,6.000000,9.000000,3.000000,42.225326,1.153112,1.428571,0.511027,0.237706,0.423943,15.524175,31.015476,0.846987,20.825090,0.568703,4.476691,0.122252,89.529499,89.152172,101.888658,76.415686,25.472972,0.749992
left,744,447,439,0,-1,0.812382,958.750000,859.500000,1058.000000,198.500000,0.912515,119.281475,113.825147,124.737803,10.912656,0.982558,1.092949,1.083333,1.102564,0.019231,0.975618,0.844058,0.833641,0.854475,0.020834,1.000000,1.000000,1.000000,1.000000,0.000000,0.857143,6.500000,6.000000,7.000000,1.000000,27.314586,0.883336,1.134615,0.809473,0.053977,1.067689,33.015148,21.952552,0.709931,13.653029,0.441530,1.609633,0.052055,81.404317,158.349917,159.702430,156.997403,2.705027,0.983062
left,745,447,425,0,-1,0.516682,1261.500000,859.500000,1663.500000,804.000000,0.743530,133.456358,113.825147,153.087570,39.262423,0.941915,1.051871,1.020408,1.083333,0.062925,0.934602,0.862808,0.833641,0.891975,0.058334,1.000000,1.000000,1.000000,1.000000,0.000000,0.857143,6.500000,6.000000,7.000000,1.000000,36.663019,1.045972,1.203390,0.666607,0.151407,0.696490,24.413111,28.074976,0.800961,17.916751,0.511153,7.935315,0.226389,76.376823,126.298003,139.735583,112.860424,26.875159,0.807671
left,746,446,434,0,-1,0.416267,1253.750000,737.000000,1770.500000,1033.500000,0.646065,136.746452,107.343408,166.149497,58.806090,0.935501,1.125750,1.088235,1.163265,0.075030,0.997284,0.804855,0.803760,0.805949,0.002189,0.999436,0.999718,0.999436,1.000000,0.000564,0.625000,6.500000,5.000000,8.000000,3.000000,30.146450,0.870969,1.029851,0.654269,0.160917,0.780599,27.018512,25.832388,0.746331,15.073155,0.435483,9.180712,0.265242,50.505379,107.575493,118.810794,96.340192,22.470602,0.810871
left,747,446,432,0,-1,0.607456,1423.000000,1075.500000,1770.500000,695.000000,0.746423,145.083686,124.017876,166.149497,42.131622,0.950139,1.134264,1.105263,1.163265,0.058002,0.917183,0.842336,0.805949,0.878722,0.072773,0.999436,0.999718,0.999436,1.000000,0.000564,0.750000,7.000000,6.000000,8.000000,2.000000,52.907015,1.413263,1.314286,0.506389,0.283732,0.326064,12.206556,39.266967,1.048907,26.138246,0.698210,13.038060,0.348275,83.475336,119.976030,128.990994,110.961066,18.029928,0.860223
left,748,446,416,0,-1,0.951144,1727.250000,1684.000000,1770.500000,86.500000,0.934896,160.741032,155.332567,166.149497,10.816930,0.883220,1.240169,1.163265,1.317073,0.153808,0.918927,0.841502,0.805949,0.877055,0.071106,0.999436,0.999718,0.999436,1.000000,0.000564,0.875000,7.500000,7.000000,8.000000,1.000000,44.559835,1.072260,1.343284,0.597772,0.147199,0.625648,26.000000,32.899076,0.791663,21.239170,0.511086,1.357891,0.032675,63.106394,103.098593,106.016986,100.180200,5.836785,0.944945
left,749,445,428,0,-1,0.507870,1173.500000,790.500000,1556.500000,766.000000,0.758712,131.493751,113.453313,149.534188,36.080875,0.862439,1.122941,1.040000,1.205882,0.165882,0.882266,0.823245,0.771751,0.874738,0.102987,1.000000,1.000000,1.000000,1.000000,0.000000,0.857143,6.500000,6.000000,7.000000,1.000000,43.429522,1.285499,1.387097,0.525136,0.274180,0.384796,13.000000,33.605549,0.994713,21.695369,0.642176,8.119159,0.240324,88.675614,118.855101,131.229891,106.480312,24.749579,0.811403
left,750,445,422,0,-1,0.969939,802.750000,790.500000,815.000000,24.500000,0.968487,115.299124,113.453313,117.144936,3.691623,0.981532,1.217227,1.205882,1.228571,0.022689,0.967037,0.759032,0.746312,0.771751,0.025439,1.000000,1.000000,1.000000,1.000000,0.000000,0.833333,5.500000,5.000000,6.000000,1.000000,32.273682,1.139124,1.236364,0.555661,0.171598,0.706797,20.024984,24.298195,0.857623,14.361326,0.506894,0.706846,0.024949,45.610825,116.813248,119.012650,114.613845,4.398804,0.963039
left,751,444,441,0,-1,0.337815,796.000000,402.000000,1190.000000,788.000000,0.661398,110.979023,88.360892,133.597154,45.236262,0.909933,1.370169,1.305556,1.434783,0.129227,0.772242,0.742430,0.647017,0.837843,0.190825,1.000000,1.000000,1.000000,1.000000,0.000000,0.833333,5.500000,5.000000,6.000000,1.000000,22.550680,0.826845,1.191489,0.825381,0.005653,1.214971,33.136083,19.177634,0.703169,11.272105,0.413304,9.349209,0.342799,72.097335,166.820216,173.080467,160.559965,12.520502,0.927661
left,752,444,424,0,-1,0.398612,705.250000,402.000000,1008.500000,606.500000,0.658806,111.241796,88.360892,134.122700,45.761808,0.832964,1.314952,1.195122,1.434783,0.239661,0.918406,0.675759,0.647017,0.704500,0.057483,1.000000,1.000000,1.000000,1.000000,0.000000,0.833333,5.500000,5.000000,6.000000,1.000000,35.755541,1.380341,1.050847,0.420624,0.357320,0.332092,8.602325,30.136319,1.163411,18.039527,0.696415,15.812000,0.610421,75.571651,104.370443,133.698047,75.042838,58.655210,0.561286
left,753,444,419,0,-1,0.492044,609.500000,402.000000,817.000000,415.000000,0.722595,105.321828,88.360892,122.282764,33.921872,0.971534,1.414361,1.393939,1.434783,0.040843,0.942354,0.666807,0.647017,0.686596,0.039579,1.000000,1.000000,1.000000,1.000000,0.000000,0.800000,4.500000,4.000000,5.000000,1.000000,30.813989,1.267201,1.861111,0.516442,0.177605,0.789970,19.209373,23.280914,0.957409,14.382614,0.591474,10.408637,0.428047,63.432862,114.343798,120.759676,107.927920,12.831756,0.893741
left,754,444,414,0,-1,0.404427,698.000000,402.000000,994.000000,592.000000,0.711796,106.249447,88.360892,124.138001,35.777109,0.944282,1.394811,1.354839,1.434783,0.079944,0.798232,0.728790,0.647017,0.810563,0.163546,1.000000,1.000000,1.000000,1.000000,0.000000,0.833333,5.500000,5.000000,6.000000,1.000000,40.642151,1.575958,1.875000,0.411396,0.496777,0.116329,3.000000,31.288732,1.213266,19.999236,0.775499,11.342646,0.439827,71.685902,112.683176,114.634464,110.731888,3.902575,0.965956
left,755,443,428,0,-1,0.722454,1340.500000,1124.500000,1556.500000,432.000000,0.885454,140.969934,132.405680,149.534188,17.128508,0.910000,1.091429,1.040000,1.142857,0.102857,0.921463,0.840389,0.806039,0.874738,0.068699,1.000000,1.000000,1.000000,1.000000,0.000000,0.857143,6.500000,6.000000,7.000000,1.000000,34.341285,0.941037,1.215385,0.701567,0.130548,0.860456,31.400637,26.783598,0.733937,16.909762,0.463370,5.682909,0.155726,84.729199,128.524321,139.763642,117.285000,22.478642,0.839167
left,756,443,425,0,-1,0.675984,1394.000000,1124.500000,1663.500000,539.000000,0.864902,142.746625,132.405680,153.087570,20.681890,0.892857,1.081633,1.020408,1.142857,0.122449,0.903656,0.849007,0.806039,0.891975,0.085936,1.000000,1.000000,1.000000,1.000000,0.000000,0.857143,6.500000,6.000000,7.000000,1.000000,45.670962,1.229042,1.275362,0.563091,0.167862,0.485141,18.027756,34.999854,0.941874,22.834537,0.614496,4.305177,0.115856,86.423440,110.165793,120.323607,100.007980,20.315627,0.831158
left,757,443,415,0,-1,0.767053,1295.250000,1124.500000,1466.000000,341.500000,0.919138,138.229902,132.405680,144.054124,11.648444,0.994318,1.139610,1.136364,1.142857,0.006494,0.907954,0.846896,0.806039,0.887754,0.081715,1.000000,1.000000,1.000000,1.000000,0.000000,0.857143,6.500000,6.000000,7.000000,1.000000,39.955593,1.112629,1.607843,0.576504,0.283343,0.540684,19.416488,33.878823,0.943411,19.605352,0.545943,5.079342,0.141443,69.289603,115.733246,127.874984,103.591508,24.283476,0.810100
left,758,442,438,0,-1,0.895266,1461.250000,1380.500000,1542.000000,161.500000,0.965139,151.276802,148.593160,153.960443,5.367284,0.803437,1.168135,1.040816,1.295455,0.254638,0.961109,0.801582,0.785685,0.817478,0.031792,1.000000,1.000000,1.000000,1.000000,0.000000,1.000000,7.000000,7.000000,7.000000,0.000000,32.303026,0.845370,1.136364,0.808636,0.018648,1.170358,44.721360,23.181620,0.606663,16.140257,0.422390,2.195899,0.057467,75.588759,161.255204,172.255289,150.255119,22.000171,0.872282
left,759,442,420,0,-1,0.948339,1584.000000,1542.000000,1626.000000,84.000000,0.996415,153.684503,153.408563,153.960443,0.551881,0.804094,1.168561,1.041667,1.295455,0.253788,0.941553,0.842850,0.817478,0.868223,0.050745,1.000000,1.000000,1.000000,1.000000,0.000000,1.000000,7.000000,7.000000,7.000000,0.000000,46.620118,1.171478,1.171053,0.573344,0.171244,0.551103,21.931712,36.930759,0.928002,23.241579,0.584018,2.269067,0.057017,74.643520,103.491818,107.794799,99.188836,8.605963,0.920163
left,760,442,412,0,-1,0.611868,1242.750000,943.500000,1542.000000,598.500000,0.826127,140.575627,127.190811,153.960443,26.769632,0.847240,1.196508,1.097561,1.295455,0.197894,0.896529,0.775185,0.732893,0.817478,0.084585,1.000000,1.000000,1.000000,1.000000,0.000000,0.714286,6.000000,5.000000,7.000000,2.000000,48.942880,1.398673,2.062500,0.447927,0.312613,0.244168,8.544004,38.083374,1.088333,23.721301,0.677899,8.262447,0.236121,73.077358,97.571607,103.407508,91.735705,11.671804,0.887128
left,761,441,437,0,-1,0.769328,1052.750000,915.500000,1190.000000,274.500000,0.898828,126.839031,120.080908,133.597154,13.516246,0.872340,1.222222,1.138889,1.305556,0.166667,0.952265,0.817845,0.797848,0.837843,0.039994,1.000000,1.000000,1.000000,1.000000,0.000000,1.000000,6.000000,6.000000,6.000000,0.000000,27.593516,0.852262,1.129630,0.796950,0.041795,1.103727,35.735137,20.822779,0.643139,13.794507,0.426061,3.377586,0.104321,87.554541,154.007830,159.775141,148.240520,11.534621,0.927807
left,762,441,414,0,-1,0.835294,1092.000000,994.000000,1190.000000,196.000000,0.929196,128.867578,124.138001,133.597154,9.459153,0.963624,1.330197,1.305556,1.354839,0.049283,0.967441,0.824203,0.810563,0.837843,0.027280,1.000000,1.000000,1.000000,1.000000,0.000000,1.000000,6.000000,6.000000,6.000000,0.000000,41.325518,1.251831,1.765957,0.558484,0.191392,0.546096,18.027756,29.017582,0.878999,20.563069,0.622895,2.432532,0.073686,76.578293,87.402786,90.000000,84.805571,5.194429,0.942284
left,763,441,411,0,-1,0.977011,1204.000000,1190.000000,1218.000000,28.000000,0.971869,135.530655,133.597154,137.464155,3.867001,0.844517,1.204060,1.102564,1.305556,0.202991,0.966754,0.823915,0.809987,0.837843,0.027855,0.985437,0.992718,0.985437,1.000000,0.014563,0.750000,7.000000,6.000000,8.000000,2.000000,48.930082,1.410165,1.365079,0.443998,0.399709,0.144100,5.000000,36.116063,1.040865,23.994504,0.691522,1.375969,0.039655,61.361082,100.868487,109.440035,92.296940,17.143095,0.843356
left,764,440,427,0,-1,0.610059,680.250000,515.500000,845.000000,329.500000,0.802141,109.067166,97.092558,121.041773,23.949215,0.727204,1.399631,1.178571,1.620690,0.442118,0.948136,0.705968,0.687174,0.724763,0.037589,1.000000,1.000000,1.000000,1.000000,0.000000,0.800000,4.500000,4.000000,5.000000,1.000000,20.280514,0.783432,1.021277,0.762652,0.021683,1.321342,34.205263,19.608197,0.757461,9.853517,0.380639,3.251389,0.125601,39.722510,171.017249,172.449256,169.585241,2.864015,0.983392
left,765,440,418,0,-1,0.492568,1280.250000,845.000000,1715.500000,870.500000,0.745874,141.661833,121.041773,162.281892,41.240119,0.740426,1.410345,1.200000,1.620690,0.420690,0.885392,0.771671,0.724763,0.818579,0.093816,0.980566,0.990283,0.980566,1.000000,0.019434,0.625000,6.500000,5.000000,8.000000,3.000000,35.642588,1.011317,1.275862,0.515654,0.168717,0.475632,16.763055,33.253813,0.943538,18.359946,0.520942,4.025650,0.114223,60.399729,112.199890,174.559668,49.840112,124.719555,0.285519
left,766,440,417,0,-1,0.551747,1188.250000,845.000000,1531.500000,686.500000,0.798289,136.334168,121.041773,151.626562,30.584789,0.701161,1.378527,1.136364,1.620690,0.484326,0.865804,0.780930,0.724763,0.837098,0.112335,1.000000,1.000000,1.000000,1.000000,0.000000,0.555556,7.000000,5.000000,9.000000,4.000000,39.557878,1.159999,1.300000,0.561502,0.138018,0.616504,21.023796,33.298892,0.976460,19.744221,0.578982,5.383181,0.157857,88.200673,128.977320,167.630938,90.323702,77.307237,0.538825
left,767,439,425,0,-1,0.636008,1360.750000,1058.000000,1663.500000,605.500000,0.814813,138.912687,124.737803,153.087570,28.349766,0.925486,1.061486,1.020408,1.102564,0.082156,0.957958,0.873225,0.854475,0.891975,0.037500,1.000000,1.000000,1.000000,1.000000,0.000000,1.000000,7.000000,7.000000,7.000000,0.000000,41.361711,1.128360,1.274194,0.593297,0.192541,0.514724,18.867962,32.111826,0.876021,20.595448,0.561850,4.740727,0.129329,88.557567,115.612781,141.083390,90.142173,50.941217,0.638928
left,768,439,421,0,-1,0.782544,1205.000000,1058.000000,1352.000000,294.000000,0.872439,133.856867,124.737803,142.975930,18.238126,0.832124,1.213782,1.102564,1.325000,0.222436,0.972661,0.842795,0.831114,0.854475,0.023361,1.000000,1.000000,1.000000,1.000000,0.000000,0.857143,6.500000,6.000000,7.000000,1.000000,40.114089,1.157753,1.166667,0.576020,0.207884,0.554411,19.209373,31.425470,0.906986,19.582313,0.565175,7.127550,0.205712,82.097674,110.372778,110.998719,109.746837,1.251882,0.988722
left,769,439,409,0,-1,0.872218,1135.500000,1058.000000,1213.000000,155.000000,0.929781,129.448009,124.737803,134.158215,9.420412,0.964744,1.122711,1.102564,1.142857,0.040293,0.991144,0.850691,0.846908,0.854475,0.007567,1.000000,1.000000,1.000000,1.000000,0.000000,0.857143,6.500000,6.000000,7.000000,1.000000,38.809958,1.152399,1.666667,0.543419,0.254513,0.441424,14.866069,31.014440,0.920924,18.460434,0.548153,3.087467,0.091677,68.163022,102.912099,116.565051,89.259148,27.305904,0.765745
left,770,438,424,0,-1,0.730532,1194.500000,1008.500000,1380.500000,372.000000,0.902617,141.357930,134.122700,148.593160,14.470460,0.870887,1.117969,1.040816,1.195122,0.154306,0.896670,0.745093,0.704500,0.785685,0.081185,1.000000,1.000000,1.000000,1.000000,0.000000,0.857143,6.500000,6.000000,7.000000,1.000000,25.947019,0.753048,1.098361,0.789228,0.053997,1.272366,43.840620,19.729697,0.572606,12.935555,0.375423,3.574505,0.103741,38.685362,140.578843,143.820380,137.337306,6.483074,0.954922
left,771,438,412,0,-1,0.683448,1162.000000,943.500000,1380.500000,437.000000,0.855967,137.891985,127.190811,148.593160,21.402349,0.948299,1.069189,1.040816,1.097561,0.056745,0.932807,0.759289,0.732893,0.785685,0.052793,1.000000,1.000000,1.000000,1.000000,0.000000,0.714286,6.000000,5.000000,7.000000,2.000000,47.864465,1.410443,1.037975,0.481591,0.183090,0.435082,14.764823,36.088957,1.063449,23.241017,0.684853,7.069526,0.208321,82.515025,99.904246,103.799485,96.009006,7.790479,0.924947
left,772,438,405,0,-1,0.859471,1283.500000,1186.500000,1380.500000,194.000000,0.898804,141.074661,133.556162,148.593160,15.036997,0.870887,1.117969,1.040816,1.195122,0.154306,0.939937,0.810788,0.785685,0.835891,0.050206,1.000000,1.000000,1.000000,1.000000,0.000000,1.000000,7.000000,7.000000,7.000000,0.000000,50.447668,1.409139,1.655172,0.450504,0.309116,0.203353,7.280110,40.038600,1.118386,25.174128,0.703181,2.231266,0.062325,88.698979,92.840445,97.125016,88.555874,8.569142,0.911772
left,773,437,433,0,-1,0.511196,691.750000,468.000000,915.500000,447.500000,0.772047,106.394507,92.708106,120.080908,27.372802,0.999159,1.138410,1.137931,1.138889,0.000958,0.857630,0.741053,0.684259,0.797848,0.113590,1.000000,1.000000,1.000000,1.000000,0.000000,0.666667,5.000000,4.000000,6.000000,2.000000,19.540430,0.753140,1.066667,0.820572,0.021684,1.295630,33.615473,17.755524,0.684345,9.766493,0.376427,5.578640,0.215016,44.266513,160.350021,173.811384,146.888658,26.922726,0.845104
left,774,437,411,0,-1,0.751642,1066.750000,915.500000,1218.000000,302.500000,0.873543,128.772532,120.080908,137.464155,17.383247,0.968105,1.120726,1.102564,1.138889,0.036325,0.985013,0.803918,0.797848,0.809987,0.012139,0.985437,0.992718,0.985437,1.000000,0.014563,0.750000,7.000000,6.000000,8.000000,2.000000,35.428962,1.087494,1.697674,0.569102,0.189126,0.621527,20.248457,28.916847,0.887604,17.301555,0.531072,0.119599,0.003671,78.051528,90.792519,107.927920,73.657117,34.270802,0.682466
left,775,436,432,0,-1,0.979079,1064.250000,1053.000000,1075.500000,22.500000,0.992180,124.506585,124.017876,124.995294,0.977419,0.929894,1.066520,1.027778,1.105263,0.077485,0.963827,0.862830,0.846937,0.878722,0.031786,1.000000,1.000000,1.000000,1.000000,0.000000,1.000000,6.000000,6.000000,6.000000,0.000000,37.361049,1.145258,2.000000,0.624435,0.171952,0.644459,21.023796,28.229635,0.865345,18.654005,0.571816,0.121365,0.003720,85.712748,136.490534,142.744711,130.236358,12.508352,0.912373
left,776,436,418,0,-1,0.613815,1384.250000,1053.000000,1715.500000,662.500000,0.770236,143.638593,124.995294,162.281892,37.286598,0.856481,1.113889,1.027778,1.200000,0.172222,0.966517,0.832758,0.818579,0.846937,0.028358,0.980566,0.990283,0.980566,1.000000,0.019434,0.750000,7.000000,6.000000,8.000000,2.000000,38.855529,1.052018,1.421053,0.639511,0.186744,0.731529,27.018512,32.251295,0.873208,18.551923,0.502296,5.648205,0.152926,64.703623,130.134773,136.041627,124.227920,11.813707,0.913161
left,777,436,408,0,-1,0.843074,1151.000000,1053.000000,1249.000000,196.000000,0.915635,130.753709,124.995294,136.512123,11.516829,0.845062,1.121997,1.027778,1.216216,0.188438,0.994441,0.844582,0.842228,0.846937,0.004708,1.000000,1.000000,1.000000,1.000000,0.000000,0.857143,6.500000,6.000000,7.000000,1.000000,40.413717,1.192301,1.229508,0.499605,0.325804,0.308014,10.440307,33.447438,0.986779,19.571178,0.577396,4.798771,0.141575,73.115800,96.150853,113.282356,79.019350,34.263006,0.697543
left,778,436,407,0,-1,0.924090,1096.250000,1053.000000,1139.500000,86.500000,0.944131,128.693585,124.995294,132.391875,7.396581,0.864268,1.108483,1.027778,1.189189,0.161411,0.964607,0.831949,0.816961,0.846937,0.029975,1.000000,1.000000,1.000000,1.000000,0.000000,0.833333,5.500000,5.000000,6.000000,1.000000,35.475191,1.071654,1.638298,0.655335,0.159407,0.790633,26.172505,28.702763,0.867069,16.900278,0.510533,2.624650,0.079287,78.256398,130.665439,150.232928,111.097950,39.134979,0.739505
left,779,435,434,0,-1,0.898915,699.750000,662.500000,737.000000,74.500000,0.973765,105.935341,104.527274,107.343408,2.816134,0.918919,1.044118,1.000000,1.088235,0.088235,0.948003,0.782864,0.761968,0.803760,0.041793,1.000000,1.000000,1.000000,1.000000,0.000000,0.800000,4.500000,4.000000,5.000000,1.000000,22.679439,0.857659,1.432432,0.783315,0.046445,1.172925,31.016125,20.064628,0.758776,11.153663,0.421794,0.479868,0.018147,55.653106,167.802893,168.492269,167.113517,1.378752,0.991817
left,780,435,429,0,-1,0.355418,1263.250000,662.500000,1864.000000,1201.500000,0.641778,133.699321,104.527274,162.871369,58.344095,0.745455,1.170732,1.000000,1.341463,0.341463,0.862919,0.822489,0.761968,0.883011,0.121044,1.000000,1.000000,1.000000,1.000000,0.000000,0.571429,5.500000,4.000000,7.000000,3.000000,37.302488,1.082594,2.024390,0.685272,0.077776,0.756802,26.076810,30.856760,0.895526,18.651242,0.541297,15.308032,0.444270,88.280558,135.180362,146.309932,124.050792,22.259141,0.847863
left,781,435,406,0,-1,0.426869,1107.250000,662.500000,1552.000000,889.500000,0.699343,126.996067,104.527274,149.464861,44.937587,0.875000,1.071429,1.000000,1.142857,0.142857,0.872797,0.817493,0.761968,0.873018,0.111051,1.000000,1.000000,1.000000,1.000000,0.000000,0.571429,5.500000,4.000000,7.000000,3.000000,31.898867,0.979477,1.479167,0.710144,0.106570,0.860307,28.017851,25.473095,0.782169,15.690369,0.481784,8.910910,0.273616,83.499698,131.915244,143.595911,120.234577,23.361335,0.837312
left,782,434,416,0,-1,0.437648,1210.500000,737.000000,1684.000000,947.000000,0.691055,131.337987,107.343408,155.332567,47.989159,0.826253,1.202654,1.088235,1.317073,0.228838,0.916431,0.840408,0.803760,0.877055,0.073295,1.000000,1.000000,1.000000,1.000000,0.000000,0.714286,6.000000,5.000000,7.000000,2.000000,37.517369,1.100469,1.327586,0.645929,0.129698,0.669521,22.825424,31.114557,0.912660,18.751397,0.550021,11.455709,0.336022,87.030177,125.545492,141.009006,110.081977,30.927028,0.780673
left,783,434,406,0,-1,0.474871,1144.500000,737.000000,1552.000000,815.000000,0.718185,128.404134,107.343408,149.464861,42.121453,0.952206,1.115546,1.088235,1.142857,0.054622,0.920668,0.838389,0.803760,0.873018,0.069258,1.000000,1.000000,1.000000,1.000000,0.000000,0.714286,6.000000,5.000000,7.000000,2.000000,38.486521,1.156738,1.375000,0.532224,0.234382,0.365643,12.165525,31.985894,0.961358,19.204385,0.577201,8.035632,0.241516,79.807061,105.921352,140.569551,71.273154,69.296397,0.507031
left,784,433,430,0,-1,0.659619,588.750000,468.000000,709.500000,241.500000,0.812190,103.426950,92.708106,114.145794,21.437688,0.938793,1.175026,1.137931,1.212121,0.074190,0.999949,0.684276,0.684259,0.684294,0.000035,1.000000,1.000000,1.000000,1.000000,0.000000,0.666667,5.000000,4.000000,6.000000,2.000000,17.636022,0.730728,1.225000,0.653296,0.118896,1.167522,28.178006,15.390225,0.637676,8.407950,0.348373,2.314158,0.095884,3.685963,118.810910,130.601295,107.020526,23.580769,0.819445
left,785,433,411,0,-1,0.384236,843.000000,468.000000,1218.000000,750.000000,0.674417,115.086131,92.708106,137.464155,44.756049,0.968920,1.120248,1.102564,1.137931,0.035367,0.844777,0.747123,0.684259,0.809987,0.125729,0.985437,0.992718,0.985437,1.000000,0.014563,0.500000,6.000000,4.000000,8.000000,4.000000,32.725872,1.157758,1.150943,0.544890,0.276690,0.583460,16.492423,26.568683,0.939933,14.737212,0.521365,6.404561,0.226577,68.023288,113.057392,125.960517,100.154267,25.806251,0.795124
left,786,432,416,0,-1,0.638658,1379.750000,1075.500000,1684.000000,608.500000,0.798402,139.675221,124.017876,155.332567,31.314691,0.839181,1.211168,1.105263,1.317073,0.211810,0.998103,0.877889,0.877055,0.878722,0.001667,1.000000,1.000000,1.000000,1.000000,0.000000,0.857143,6.500000,6.000000,7.000000,1.000000,39.064601,1.058211,1.362069,0.683071,0.098025,0.731898,27.018512,30.009847,0.812929,19.258747,0.521695,6.477756,0.175474,77.016222,117.774033,124.992020,110.556045,14.435975,0.884505
left,787,432,408,0,-1,0.861089,1162.250000,1075.500000,1249.000000,173.500000,0.908475,130.264999,124.017876,136.512123,12.494248,0.908772,1.160740,1.105263,1.216216,0.110953,0.958469,0.860475,0.842228,0.878722,0.036494,1.000000,1.000000,1.000000,1.000000,0.000000,0.857143,6.500000,6.000000,7.000000,1.000000,35.956234,1.055425,1.370370,0.667025,0.082383,0.752378,25.632011,28.468513,0.835638,17.955065,0.527036,2.871213,0.084279,86.796518,122.490970,141.009006,103.972933,37.036073,0.737350
left,788,431,420,0,-1,0.784440,1450.750000,1275.500000,1626.000000,350.500000,0.886513,144.703633,135.998703,153.408563,17.409860,0.940041,1.074887,1.041667,1.108108,0.066441,0.998136,0.867414,0.866604,0.868223,0.001619,1.000000,1.000000,1.000000,1.000000,0.000000,1.000000,7.000000,7.000000,7.000000,0.000000,37.153536,0.977238,1.660000,0.712246,0.092538,0.830516,31.575307,26.883612,0.707111,18.543194,0.487736,2.866838,0.075406,88.761718,129.558214,131.241444,127.874984,3.366461,0.974349
left,789,431,403,0,-1,0.948648,1242.750000,1210.000000,1275.500000,65.500000,0.991696,135.434063,134.869423,135.998703,1.129279,0.872340,1.189189,1.108108,1.270270,0.162162,0.964600,0.851265,0.835927,0.866604,0.030677,1.000000,1.000000,1.000000,1.000000,0.000000,0.857143,6.500000,6.000000,7.000000,1.000000,34.653277,0.983083,1.574468,0.729855,0.100785,0.907812,32.000000,30.157265,0.855535,17.233770,0.488907,1.255147,0.035607,78.237624,142.547799,153.924644,131.170954,22.753691,0.852176
left,790,430,423,0,-1,0.559102,989.250000,709.500000,1269.000000,559.500000,0.788947,129.413518,114.145794,144.681243,30.535449,0.940116,1.175828,1.139535,1.212121,0.072586,0.898246,0.723052,0.684294,0.761811,0.077517,1.000000,1.000000,1.000000,1.000000,0.000000,0.857143,6.500000,6.000000,7.000000,1.000000,25.429782,0.816897,1.478261,0.769868,0.031842,1.270813,39.560081,20.314567,0.652578,12.128839,0.389622,6.781026,0.217831,38.874381,157.500000,168.690068,146.309932,22.380135,0.867330
left,791,430,411,0,-1,0.582512,963.750000,709.500000,1218.000000,508.500000,0.830368,125.804975,114.145794,137.464155,23.318361,0.909615,1.157343,1.102564,1.212121,0.109557,0.844820,0.747140,0.684294,0.809987,0.125694,0.985437,0.992718,0.985437,1.000000,0.014563,0.750000,7.000000,6.000000,8.000000,2.000000,44.441770,1.444408,1.177419,0.426918,0.462516,0.218024,6.708204,33.726851,1.096161,22.380529,0.727393,7.748454,0.251834,78.923279,114.487933,125.537678,103.438188,22.099490,0.823961
left,792,430,396,0,-1,0.531063,1022.750000,709.500000,1336.000000,626.500000,0.844529,124.652484,114.145794,135.159173,21.013380,0.885366,1.142646,1.073171,1.212121,0.138950,0.744590,0.801657,0.684294,0.919021,0.234727,1.000000,1.000000,1.000000,1.000000,0.000000,0.857143,6.500000,6.000000,7.000000,1.000000,39.268959,1.242929,1.800000,0.544340,0.209484,0.506427,16.000000,29.677338,0.939338,19.458913,0.615908,7.106168,0.224922,78.511821,110.430890,117.897271,102.964509,14.932762,0.873341
left,793,429,406,0,-1,0.832618,1708.000000,1552.000000,1864.000000,312.000000,0.917687,156.168115,149.464861,162.871369,13.406509,0.851948,1.242160,1.142857,1.341463,0.198606,0.988683,0.878015,0.873018,0.883011,0.009993,1.000000,1.000000,1.000000,1.000000,0.000000,1.000000,7.000000,7.000000,7.000000,0.000000,52.331877,1.267584,1.342466,0.498431,0.310744,0.228510,9.433981,39.615346,0.959564,26.163969,0.633744,3.881291,0.094013,87.120775,95.540394,98.727491,92.353297,6.374194,0.935436
left,794,429,402,0,-1,0.697961,1582.500000,1301.000000,1864.000000,563.000000,0.869086,152.210336,141.549303,162.871369,21.322067,0.952525,1.309621,1.277778,1.341463,0.063686,0.924071,0.849488,0.815965,0.883011,0.067046,1.000000,1.000000,1.000000,1.000000,0.000000,0.857143,6.500000,6.000000,7.000000,1.000000,35.314631,0.891295,1.381818,0.804134,0.044234,1.035094,41.012193,29.031244,0.732710,17.611305,0.444486,4.639951,0.117106,89.739143,152.476066,167.082187,137.869945,29.212242,0.825162
left,795,428,422,0,-1,0.523611,1185.750000,815.000000,1556.500000,741.500000,0.783399,133.339562,117.144936,149.534188,32.389253,0.846512,1.134286,1.040000,1.228571,0.188571,0.853183,0.810525,0.746312,0.874738,0.128426,1.000000,1.000000,1.000000,1.000000,0.000000,0.714286,6.000000,5.000000,7.000000,2.000000,31.049322,0.913206,1.275862,0.705970,0.111322,0.900298,30.610456,24.515949,0.721050,15.255717,0.448693,8.547915,0.251407,86.066080,118.370183,126.982907,109.757460,17.225447,0.864348
left,796,428,415,0,-1,0.941857,1511.250000,1466.000000,1556.500000,90.500000,0.963352,146.794156,144.054124,149.534188,5.480064,0.915200,1.088182,1.040000,1.136364,0.096364,0.985339,0.881246,0.874738,0.887754,0.013016,1.000000,1.000000,1.000000,1.000000,0.000000,1.000000,7.000000,7.000000,7.000000,0.000000,38.543949,0.991601,1.130435,0.757432,0.079735,0.896006,34.828150,31.776603,0.817500,19.271842,0.495797,1.516048,0.039003,82.207495,147.000182,154.876872,139.123492,15.753380,0.898284
left,797,428,400,0,-1,0.623514,1263.500000,970.500000,1556.500000,586.000000,0.800434,134.613225,119.692262,149.534188,29.841926,0.921818,1.084103,1.040000,1.128205,0.088205,0.973185,0.863010,0.851282,0.874738,0.023456,1.000000,1.000000,1.000000,1.000000,0.000000,1.000000,7.000000,7.000000,7.000000,0.000000,42.521036,1.204471,1.641509,0.510004,0.285714,0.278983,9.848858,33.502671,0.949012,20.547991,0.582052,8.286971,0.234741,69.738680,90.299539,99.911959,80.687119,19.224840,0.807582
left,798,427,418,0,-1,0.300495,1115.500000,515.500000,1715.500000,1200.000000,0.598296,129.687225,97.092558,162.281892,65.189334,0.982143,1.189286,1.178571,1.200000,0.021429,0.839472,0.752876,0.687174,0.818579,0.131405,0.980566,0.990283,0.980566,1.000000,0.019434,0.500000,6.000000,4.000000,8.000000,4.000000,29.530674,0.921060,1.203704,0.717778,0.125280,0.962856,30.870698,23.671272,0.738306,13.141691,0.409889,10.323536,0.321991,52.801632,133.225479,143.841815,122.609143,21.232671,0.852389
left,799,427,417,0,-1,0.336598,1023.500000,515.500000,1531.500000,1016.000000,0.640340,124.359560,97.092558,151.626562,54.534004,0.964187,1.157468,1.136364,1.178571,0.042208,0.820900,0.762136,0.687174,0.837098,0.149924,1.000000,1.000000,1.000000,1.000000,0.000000,0.444444,6.500000,4.000000,9.000000,5.000000,35.271728,1.140760,1.460000,0.542910,0.267709,0.502084,15.524175,33.183342,1.073217,16.892288,0.546331,11.506850,0.372155,77.218816,120.094228,140.097400,100.091057,40.006342,0.714439
left,800,427,404,0,-1,0.443441,839.000000,515.500000,1162.500000,647.000000,0.673392,120.638413,97.092558,144.184268,47.091710,0.778699,1.346042,1.178571,1.513514,0.334942,0.977912,0.694935,0.687174,0.702695,0.015521,1.000000,1.000000,1.000000,1.000000,0.000000,0.571429,5.500000,4.000000,7.000000,3.000000,35.138449,1.237268,1.049180,0.486023,0.231526,0.580718,16.492423,30.382875,1.069818,16.454013,0.579366,9.909536,0.348927,58.112589,108.112300,115.289660,100.934940,14.354720,0.875490
left,801,426,423,0,-1,0.286840,816.500000,364.000000,1269.000000,905.000000,0.653273,119.598772,94.516301,144.681243,50.164942,0.997093,1.141196,1.139535,1.142857,0.003322,0.672126,0.636922,0.512033,0.761811,0.249778,1.000000,1.000000,1.000000,1.000000,0.000000,0.428571,5.000000,3.000000,7.000000,4.000000,20.427799,0.746878,1.232558,0.801581,0.008573,1.447776,39.597980,19.013698,0.695176,9.757962,0.356769,9.037515,0.330428,10.364351,174.268910,178.842667,169.695154,9.147513,0.948852
left,802,426,417,0,-1,0.237675,947.750000,364.000000,1531.500000,1167.500000,0.623349,123.071431,94.516301,151.626562,57.110261,0.994318,1.139610,1.136364,1.142857,0.006494,0.611676,0.674565,0.512033,0.837098,0.325065,1.000000,1.000000,1.000000,1.000000,0.000000,0.333333,6.000000,3.000000,9.000000,6.000000,28.914079,0.993386,1.440000,0.587113,0.195727,0.768234,22.360680,24.438888,0.839634,14.452966,0.496553,12.502634,0.429547,70.406564,117.468195,135.000000,99.936390,35.063610,0.740270
left,803,426,398,0,-1,0.356339,692.750000,364.000000,1021.500000,657.500000,0.694815,115.273549,94.516301,136.030797,41.514497,0.972644,1.158929,1.142857,1.175000,0.032143,0.738115,0.602868,0.512033,0.693703,0.181670,0.996099,0.998050,0.996099,1.000000,0.003901,0.500000,4.500000,3.000000,6.000000,3.000000,24.945125,0.977479,1.319149,0.636178,0.113316,1.275777,32.557641,20.666744,0.809830,9.890267,0.387552,7.130324,0.279403,39.755932,157.105562,169.748801,144.462322,25.286479,0.851036
left,804,425,415,0,-1,0.881274,1564.750000,1466.000000,1663.500000,197.500000,0.940992,148.570847,144.054124,153.087570,9.033446,0.897959,1.078386,1.020408,1.136364,0.115955,0.995267,0.889864,0.887754,0.891975,0.004222,1.000000,1.000000,1.000000,1.000000,0.000000,1.000000,7.000000,7.000000,7.000000,0.000000,40.903132,1.034548,1.467742,0.681497,0.114715,0.719841,28.460499,30.124130,0.761919,20.439250,0.516962,1.777036,0.044946,75.901351,122.155928,132.510447,111.801409,20.709038,0.843718
left,805,425,409,0,-1,0.729185,1438.250000,1213.000000,1663.500000,450.500000,0.876350,143.622892,134.158215,153.087570,18.929354,0.892857,1.081633,1.020408,1.142857,0.122449,0.949475,0.869442,0.846908,0.891975,0.045067,1.000000,1.000000,1.000000,1.000000,0.000000,0.857143,6.500000,6.000000,7.000000,1.000000,42.582607,1.126313,1.298507,0.601928,0.168955,0.557965,21.095023,33.819773,0.894535,21.258639,0.562292,5.850483,0.154746,84.604250,111.359026,120.366492,102.351559,18.014933,0.850333
left,806,425,393,0,-1,0.826871,1519.500000,1375.500000,1663.500000,288.000000,0.934301,148.058749,143.029928,153.087570,10.057642,0.871599,1.095570,1.020408,1.170732,0.150324,0.947248,0.868449,0.844922,0.891975,0.047053,1.000000,1.000000,1.000000,1.000000,0.000000,1.000000,7.000000,7.000000,7.000000,0.000000,40.152545,1.031221,1.745098,0.685183,0.106943,0.770906,30.016662,32.541194,0.835742,19.958482,0.512586,3.173609,0.081507,76.695111,118.629273,120.963757,116.294790,4.668966,0.961402
left,807,424,419,0,-1,0.810114,912.750000,817.000000,1008.500000,191.500000,0.911723,128.202732,122.282764,134.122700,11.839936,0.857370,1.294531,1.195122,1.393939,0.198817,0.974586,0.695548,0.686596,0.704500,0.017904,1.000000,1.000000,1.000000,1.000000,0.000000,0.666667,5.000000,4.000000,6.000000,2.000000,20.576366,0.682013,1.037037,0.824013,0.024651,1.484161,44.777226,16.569478,0.549203,10.283201,0.340841,1.546675,0.051265,3.619975,165.696610,167.195734,164.197486,2.998248,0.982067
left,808,424,405,0,-1,0.849979,1097.500000,1008.500000,1186.500000,178.000000,0.995776,133.839431,133.556162,134.122700,0.566538,1.000000,1.195122,1.195122,1.195122,0.000000,0.842813,0.770196,0.704500,0.835891,0.131391,1.000000,1.000000,1.000000,1.000000,0.000000,0.857143,6.500000,6.000000,7.000000,1.000000,40.317062,1.217992,1.147059,0.559316,0.114806,0.688902,22.803509,33.297608,1.005932,19.882031,0.600643,1.106944,0.033441,73.065625,116.402049,119.054604,113.749494,5.305110,0.955440
left,809,424,397,0,-1,0.816269,1122.000000,1008.500000,1235.500000,227.000000,0.960507,136.880073,134.122700,139.637445,5.514745,0.717073,1.430894,1.195122,1.666667,0.471545,0.884774,0.750375,0.704500,0.796249,0.091749,1.000000,1.000000,1.000000,1.000000,0.000000,0.857143,6.500000,6.000000,7.000000,1.000000,40.655022,1.215277,1.413793,0.431089,0.469251,0.269032,9.000000,36.153228,1.080708,20.520325,0.613402,1.480986,0.044270,86.322174,98.738571,118.375522,79.101620,39.273902,0.668226
left,810,423,417,0,-1,0.828599,1400.250000,1269.000000,1531.500000,262.500000,0.954195,148.153902,144.681243,151.626562,6.945319,0.997217,1.137949,1.136364,1.139535,0.003171,0.910061,0.799454,0.761811,0.837098,0.075287,1.000000,1.000000,1.000000,1.000000,0.000000,0.777778,8.000000,7.000000,9.000000,2.000000,46.530518,1.244840,1.823529,0.441570,0.313873,0.187272,7.000000,35.711643,0.955401,25.022374,0.669429,0.701363,0.018764,88.940385,104.242386,153.179925,55.304846,97.875078,0.361045
left,811,423,398,0,-1,0.804965,1145.250000,1021.500000,1269.000000,247.500000,0.940210,140.356020,136.030797,144.681243,8.650446,0.969817,1.157267,1.139535,1.175000,0.035465,0.910598,0.727757,0.693703,0.761811,0.068107,0.996099,0.998050,0.996099,1.000000,0.003901,0.857143,6.500000,6.000000,7.000000,1.000000,32.489107,0.961445,1.339286,0.437894,0.216983,0.360012,12.165525,33.501736,0.991411,17.456542,0.516588,5.789385,0.171324,65.481297,83.968110,133.555874,34.380345,99.175530,0.257423
left,812,423,396,0,-1,0.949850,1302.500000,1269.000000,1336.000000,67.000000,0.934186,139.920208,135.159173,144.681243,9.522070,0.941762,1.106353,1.073171,1.139535,0.066364,0.828937,0.840416,0.761811,0.919021,0.157210,1.000000,1.000000,1.000000,1.000000,0.000000,1.000000,7.000000,7.000000,7.000000,0.000000,48.395764,1.341079,1.025641,0.491000,0.259501,0.299737,10.816654,35.872537,0.994052,24.083541,0.667371,2.050829,0.056830,86.571329,100.161037,110.725559,89.596515,21.129044,0.809176
left,813,422,413,0,-1,0.930061,786.500000,758.000000,815.000000,57.000000,0.934388,113.301907,109.458878,117.144936,7.686058,0.835952,1.127799,1.027027,1.228571,0.201544,0.938736,0.770665,0.746312,0.795018,0.048706,1.000000,1.000000,1.000000,1.000000,0.000000,0.833333,5.500000,5.000000,6.000000,1.000000,21.225567,0.756974,1.170213,0.828472,0.033058,1.286354,36.069378,16.920474,0.603441,10.584440,0.377476,0.289293,0.010317,46.651619,156.832057,157.714412,155.949701,1.764711,0.988811
left,814,422,400,0,-1,0.839773,892.750000,815.000000,970.500000,155.500000,0.978718,118.418599,117.144936,119.692262,2.547327,0.918306,1.178388,1.128205,1.228571,0.100366,0.876692,0.798797,0.746312,0.851282,0.104970,1.000000,1.000000,1.000000,1.000000,0.000000,0.714286,6.000000,5.000000,7.000000,2.000000,35.661170,1.194658,1.015625,0.586124,0.103332,0.689812,20.591260,27.562629,0.923355,17.572018,0.588667,0.310634,0.010406,79.509665,124.896734,152.329974,97.463494,54.866480,0.639818
left,815,421,409,0,-1,0.897189,1282.500000,1213.000000,1352.000000,139.000000,0.938327,138.567073,134.158215,142.975930,8.817714,0.862534,1.233929,1.142857,1.325000,0.182143,0.981351,0.839011,0.831114,0.846908,0.015794,1.000000,1.000000,1.000000,1.000000,0.000000,1.000000,6.000000,6.000000,6.000000,0.000000,33.551111,0.937212,1.444444,0.769514,0.053606,1.012193,36.235342,26.274246,0.733941,16.172665,0.451765,0.750733,0.020971,65.085303,152.360076,160.994016,143.726136,17.267880,0.892742
left,816,421,401,0,-1,0.871696,1451.500000,1352.000000,1551.000000,199.000000,0.951137,146.648507,142.975930,150.321085,7.345155,0.836751,1.216848,1.108696,1.325000,0.216304,0.963560,0.846830,0.831114,0.862545,0.031431,0.996787,0.998393,0.996787,1.000000,0.003213,0.857143,6.500000,6.000000,7.000000,1.000000,49.358620,1.296313,1.462687,0.528073,0.190320,0.400029,15.231546,37.077738,0.973779,24.545118,0.644632,1.555474,0.040852,75.391465,113.966111,115.792646,112.139576,3.653070,0.968452
left,817,421,390,0,-1,0.958525,1381.250000,1352.000000,1410.500000,58.500000,0.989812,143.711780,142.975930,144.447630,1.471700,0.840480,1.219318,1.113636,1.325000,0.211364,0.978360,0.840306,0.831114,0.849498,0.018383,1.000000,1.000000,1.000000,1.000000,0.000000,1.000000,6.000000,6.000000,6.000000,0.000000,39.784389,1.070535,1.338710,0.605800,0.152398,0.646362,24.020824,31.507925,0.847828,19.515291,0.525126,0.921872,0.024806,75.746455,108.940983,128.622819,89.259148,39.363672,0.693960
left,818,420,412,0,-1,0.580258,1284.750000,943.500000,1626.000000,682.500000,0.829099,140.299687,127.190811,153.408563,26.217752,0.949074,1.069614,1.041667,1.097561,0.055894,0.844130,0.800558,0.732893,0.868223,0.135330,1.000000,1.000000,1.000000,1.000000,0.000000,0.714286,6.000000,5.000000,7.000000,2.000000,29.312311,0.825232,1.150000,0.807420,0.053123,1.134888,40.311289,21.630155,0.608956,14.611605,0.411362,6.904930,0.194395,62.311537,155.970155,157.403655,154.536655,2.867001,0.981786
left,819,420,403,0,-1,0.744157,1418.000000,1210.000000,1626.000000,416.000000,0.879152,144.138993,134.869423,153.408563,18.539139,0.820035,1.155968,1.041667,1.270270,0.228604,0.962802,0.852075,0.835927,0.868223,0.032296,1.000000,1.000000,1.000000,1.000000,0.000000,0.857143,6.500000,6.000000,7.000000,1.000000,50.104953,1.334198,1.173333,0.505674,0.288611,0.303607,11.401754,36.858657,0.981474,25.042133,0.666823,4.148934,0.110478,84.837638,110.173372,119.392681,100.954063,18.438618,0.845563
left,820,420,392,0,-1,0.523678,1238.750000,851.500000,1626.000000,774.500000,0.798146,137.925528,122.442494,153.408563,30.966069,0.992063,1.045833,1.041667,1.050000,0.008333,0.822051,0.790973,0.713724,0.868223,0.154499,1.000000,1.000000,1.000000,1.000000,0.000000,0.714286,6.000000,5.000000,7.000000,2.000000,46.179191,1.328818,1.390625,0.534585,0.166498,0.496738,17.262677,33.379686,0.960509,22.512363,0.647799,8.987498,0.258618,80.162255,109.333326,115.942295,102.724356,13.217940,0.885996
left,821,420,386,0,-1,0.824108,1483.000000,1340.000000,1626.000000,286.000000,0.933052,148.273358,143.138154,153.408563,10.270409,0.980426,1.031472,1.021277,1.041667,0.020390,0.946613,0.845047,0.821871,0.868223,0.046351,1.000000,1.000000,1.000000,1.000000,0.000000,1.000000,7.000000,7.000000,7.000000,0.000000,50.141182,1.303558,1.849057,0.447660,0.350809,0.103991,4.000000,37.060539,0.963491,24.873786,0.646663,2.748033,0.071443,84.815126,79.892074,85.718464,74.065684,11.652779,0.864058
left,822,419,414,0,-1,0.821932,905.500000,817.000000,994.000000,177.000000,0.985055,123.210383,122.282764,124.138001,1.855237,0.971950,1.374389,1.354839,1.393939,0.039101,0.847061,0.748580,0.686596,0.810563,0.123967,1.000000,1.000000,1.000000,1.000000,0.000000,0.666667,5.000000,4.000000,6.000000,2.000000,23.851247,0.793574,1.018868,0.743529,0.067090,1.188972,35.735137,18.709509,0.622499,11.881540,0.395320,2.506941,0.083410,33.079667,151.268478,161.196764,141.340192,19.856572,0.876818
left,823,419,397,0,-1,0.661271,1026.250000,817.000000,1235.500000,418.500000,0.875716,130.960105,122.282764,139.637445,17.354681,0.836364,1.530303,1.393939,1.666667,0.272727,0.862289,0.741423,0.686596,0.796249,0.109653,1.000000,1.000000,1.000000,1.000000,0.000000,0.571429,5.500000,4.000000,7.000000,3.000000,34.286752,1.075952,1.345455,0.548759,0.219001,0.707987,22.561028,27.301792,0.856757,17.018223,0.534048,1.170235,0.036723,80.674586,108.691114,113.702646,103.679582,10.023063,0.911848
left,824,418,407,0,-1,0.664238,1427.500000,1139.500000,1715.500000,576.000000,0.815814,147.336884,132.391875,162.281892,29.890017,0.990991,1.194595,1.189189,1.200000,0.010811,0.998024,0.817770,0.816961,0.818579,0.001617,0.980566,0.990283,0.980566,1.000000,0.019434,0.625000,6.500000,5.000000,8.000000,3.000000,37.009781,0.984629,1.042254,0.586821,0.216112,0.630702,23.706539,31.052376,0.826135,18.294052,0.486705,4.936014,0.131321,65.127884,111.125091,136.711029,85.539152,51.171878,0.625693
left,825,418,404,0,-1,0.677645,1439.000000,1162.500000,1715.500000,553.000000,0.888480,153.233080,144.184268,162.281892,18.097625,0.792857,1.356757,1.200000,1.513514,0.313514,0.858433,0.760637,0.702695,0.818579,0.115883,0.980566,0.990283,0.980566,1.000000,0.019434,0.875000,7.500000,7.000000,8.000000,1.000000,58.568031,1.551182,1.246753,0.427539,0.406011,0.206856,7.810250,39.012089,1.033241,29.119024,0.771221,5.618215,0.148799,87.006842,113.783182,126.697839,100.868525,25.829313,0.796135
left,826,418,391,0,-1,0.603906,1375.750000,1036.000000,1715.500000,679.500000,0.781581,144.559136,126.836379,162.281892,35.445513,0.833333,1.100000,1.000000,1.200000,0.200000,0.988602,0.813914,0.809249,0.818579,0.009330,0.980566,0.990283,0.980566,1.000000,0.019434,0.625000,6.500000,5.000000,8.000000,3.000000,43.560707,1.183626,1.735849,0.539912,0.232055,0.489848,18.027756,32.018098,0.869991,21.287304,0.578416,8.507174,0.231156,76.812719,104.996164,108.822825,101.169502,7.653323,0.929672
left,827,418,377,0,-1,0.882833,1615.000000,1514.500000,1715.500000,201.000000,0.956796,158.776271,155.270650,162.281892,7.011242,0.786207,1.363158,1.200000,1.526316,0.326316,0.964362,0.803992,0.789406,0.818579,0.029173,0.980566,0.990283,0.980566,1.000000,0.019434,0.875000,7.500000,7.000000,8.000000,1.000000,57.705313,1.436614,1.611940,0.467205,0.201858,0.283855,11.401754,39.390522,0.980654,28.110416,0.699828,0.696831,0.017348,83.115348,89.573629,90.905787,88.241471,2.664315,0.970691
left,828,417,404,0,-1,0.759060,1347.000000,1162.500000,1531.500000,369.000000,0.950917,147.905415,144.184268,151.626562,7.442294,0.750812,1.324939,1.136364,1.513514,0.377150,0.839442,0.769897,0.702695,0.837098,0.134403,1.000000,1.000000,1.000000,1.000000,0.000000,0.777778,8.000000,7.000000,9.000000,2.000000,32.309618,0.882417,1.092308,0.684060,0.118040,1.001620,36.674242,25.883298,0.706906,16.154464,0.441199,6.449968,0.176157,89.408792,133.196802,147.425943,118.967661,28.458282,0.806966
left,829,417,398,0,-1,0.666993,1276.500000,1021.500000,1531.500000,510.000000,0.897144,143.828680,136.030797,151.626562,15.595765,0.967118,1.155682,1.136364,1.175000,0.038636,0.828700,0.765401,0.693703,0.837098,0.143395,0.996099,0.998050,0.996099,1.000000,0.003901,0.666667,7.500000,6.000000,9.000000,3.000000,48.558194,1.366003,1.135135,0.438231,0.366627,0.240354,8.544004,35.306396,0.993213,23.763103,0.668486,0.417743,0.011752,70.755261,81.807782,90.314809,73.300756,17.014053,0.811614
left,830,417,395,0,-1,0.420829,1088.000000,644.500000,1531.500000,887.000000,0.751964,132.822163,114.017764,151.626562,37.608798,0.903784,1.081695,1.027027,1.136364,0.109337,0.744237,0.730049,0.623000,0.837098,0.214098,1.000000,1.000000,1.000000,1.000000,0.000000,0.555556,7.000000,5.000000,9.000000,4.000000,47.232432,1.464086,1.112676,0.445473,0.458180,0.277250,8.944272,35.055090,1.086619,21.749134,0.674168,8.634141,0.267637,55.216699,117.291806,121.875363,112.708250,9.167113,0.924783
left,831,416,408,0,-1,0.741686,1466.500000,1249.000000,1684.000000,435.000000,0.878838,145.922345,136.512123,155.332567,18.820444,0.923423,1.266645,1.216216,1.317073,0.100857,0.960291,0.859642,0.842228,0.877055,0.034827,1.000000,1.000000,1.000000,1.000000,0.000000,1.000000,7.000000,7.000000,7.000000,0.000000,50.284490,1.316731,1.596491,0.498747,0.271224,0.261856,10.000000,37.864091,0.991495,24.305925,0.636466,7.534152,0.197287,70.132013,105.128219,108.434949,101.821488,6.613460,0.939010
left,832,416,406,0,-1,0.921615,1618.000000,1552.000000,1684.000000,132.000000,0.962225,152.398714,149.464861,155.332567,5.867706,0.867725,1.229965,1.142857,1.317073,0.174216,0.995397,0.875037,0.873018,0.877055,0.004037,1.000000,1.000000,1.000000,1.000000,0.000000,1.000000,7.000000,7.000000,7.000000,0.000000,50.508917,1.255941,1.650000,0.548675,0.233622,0.404785,16.278821,36.594757,0.909955,24.999342,0.621627,1.377361,0.034249,84.566496,112.161730,114.974988,109.348472,5.626516,0.951063
left,833,416,394,0,-1,0.603919,1350.500000,1017.000000,1684.000000,667.000000,0.798730,139.700648,124.068729,155.332567,31.263838,0.856600,1.222639,1.128205,1.317073,0.188868,0.946628,0.853650,0.830245,0.877055,0.046810,1.000000,1.000000,1.000000,1.000000,0.000000,0.714286,6.000000,5.000000,7.000000,2.000000,35.773157,0.981067,1.029412,0.726442,0.086449,0.867245,31.622777,27.772582,0.761654,17.201988,0.471759,5.983078,0.164084,72.595176,136.288048,149.743563,122.832533,26.911030,0.820286
left,834,416,388,0,-1,0.779394,1498.250000,1312.500000,1684.000000,371.500000,0.891505,146.906174,138.479780,155.332567,16.852787,0.759259,1.158537,1.000000,1.317073,0.317073,0.980640,0.868565,0.860075,0.877055,0.016980,1.000000,1.000000,1.000000,1.000000,0.000000,0.857143,6.500000,6.000000,7.000000,1.000000,42.521549,1.100668,1.171429,0.599417,0.157851,0.558779,21.587033,33.594877,0.869601,20.650785,0.534544,2.371104,0.061376,70.437520,110.003887,131.012859,88.994914,42.017945,0.679284
left,835,415,400,0,-1,0.662005,1218.250000,970.500000,1466.000000,495.500000,0.830884,131.873193,119.692262,144.054124,24.361862,0.992821,1.132284,1.128205,1.136364,0.008159,0.958917,0.869518,0.851282,0.887754,0.036472,1.000000,1.000000,1.000000,1.000000,0.000000,1.000000,7.000000,7.000000,7.000000,0.000000,39.441380,1.135964,1.306452,0.609952,0.153704,0.571690,19.849433,28.899789,0.832352,19.151106,0.551577,7.026876,0.202383,73.537675,114.636039,124.060909,105.211169,18.849740,0.848061
left,836,415,393,0,-1,0.938267,1420.750000,1375.500000,1466.000000,90.500000,0.992890,143.542026,143.029928,144.054124,1.024196,0.970644,1.153548,1.136364,1.170732,0.034368,0.951753,0.866338,0.844922,0.887754,0.042832,1.000000,1.000000,1.000000,1.000000,0.000000,1.000000,7.000000,7.000000,7.000000,0.000000,50.845653,1.349118,1.295775,0.494766,0.318142,0.244628,9.219544,38.081198,1.010431,24.996490,0.663247,1.475907,0.039161,84.476186,104.799858,106.525796,103.073919,3.451878,0.967596
left,837,415,389,0,-1,0.617667,1185.750000,905.500000,1466.000000,560.500000,0.858518,133.863605,123.673087,144.054124,20.381037,0.972632,1.120813,1.105263,1.136364,0.031100,0.838022,0.815855,0.743957,0.887754,0.143796,1.000000,1.000000,1.000000,1.000000,0.000000,0.714286,6.000000,5.000000,7.000000,2.000000,41.874705,1.224766,1.194030,0.537725,0.235716,0.472522,16.155494,31.849884,0.931557,20.828595,0.609202,4.039399,0.118146,88.526499,108.586252,112.649127,104.523377,8.125750,0.927867
left,838,415,381,0,-1,0.788199,1310.750000,1155.500000,1466.000000,310.500000,0.922157,138.447335,132.840546,144.054124,11.213577,0.988142,1.143182,1.136364,1.150000,0.013636,0.926885,0.855300,0.822846,0.887754,0.064908,1.000000,1.000000,1.000000,1.000000,0.000000,0.857143,6.500000,6.000000,7.000000,1.000000,41.297772,1.142700,1.725490,0.550408,0.235552,0.446162,16.124515,32.211589,0.891288,20.639096,0.571079,1.807245,0.050006,89.056709,97.088495,97.899692,96.277298,1.622393,0.983428
left,839,414,411,0,-1,0.816092,1106.000000,994.000000,1218.000000,224.000000,0.903057,130.801078,124.138001,137.464155,13.326154,0.813797,1.228701,1.102564,1.354839,0.252275,0.999290,0.810275,0.809987,0.810563,0.000576,0.985437,0.992718,0.985437,1.000000,0.014563,0.750000,7.000000,6.000000,8.000000,2.000000,31.381459,0.944832,1.644444,0.741608,0.039783,1.023671,34.000000,23.948375,0.721037,15.566925,0.468688,3.777125,0.113722,74.503463,153.827361,160.559965,147.094757,13.465208,0.916136
left,840,414,397,0,-1,0.804533,1114.750000,994.000000,1235.500000,241.500000,0.889002,131.887723,124.138001,139.637445,15.499444,0.812903,1.510753,1.354839,1.666667,0.311828,0.982341,0.803406,0.796249,0.810563,0.014314,1.000000,1.000000,1.000000,1.000000,0.000000,0.857143,6.500000,6.000000,7.000000,1.000000,40.685699,1.220374,1.177419,0.514975,0.287957,0.457856,15.264338,31.650168,0.949352,19.345008,0.580256,1.539970,0.046192,73.105602,109.882301,124.640948,95.123654,29.517294,0.763181
left,841,414,382,0,-1,0.853585,1079.250000,994.000000,1164.500000,170.500000,0.931850,128.677334,124.138001,133.216668,9.078667,0.948980,1.320276,1.285714,1.354839,0.069124,0.983002,0.817571,0.810563,0.824579,0.014016,1.000000,1.000000,1.000000,1.000000,0.000000,1.000000,6.000000,6.000000,6.000000,0.000000,39.254608,1.195829,2.073171,0.554695,0.130878,0.551716,18.110770,30.725550,0.936005,19.610051,0.597389,2.256372,0.068737,89.599956,104.935899,116.565051,93.306746,23.258305,0.800469
left,842,413,400,0,-1,0.781041,864.250000,758.000000,970.500000,212.500000,0.914503,114.575570,109.458878,119.692262,10.233384,0.910319,1.077616,1.027027,1.128205,0.101178,0.933907,0.823150,0.795018,0.851282,0.056263,1.000000,1.000000,1.000000,1.000000,0.000000,0.857143,6.500000,6.000000,7.000000,1.000000,41.223863,1.404928,1.400000,0.464073,0.375181,0.218221,6.403124,31.769370,1.082715,19.885964,0.677723,2.508102,0.085477,78.466252,107.378756,109.935420,104.822093,5.113326,0.953488
left,843,413,399,0,-1,0.785899,861.250000,758.000000,964.500000,206.500000,0.902225,115.389994,109.458878,121.321109,11.862231,0.950000,1.054054,1.027027,1.081081,0.054054,0.965468,0.809236,0.795018,0.823454,0.028436,1.000000,1.000000,1.000000,1.000000,0.000000,1.000000,6.000000,6.000000,6.000000,0.000000,26.126305,0.891862,1.127273,0.662321,0.128302,0.853414,25.000000,21.022704,0.717643,13.049991,0.445482,2.635143,0.089955,84.745563,112.443928,117.960342,106.927513,11.032829,0.906470
left,844,413,387,0,-1,0.632457,978.250000,758.000000,1198.500000,440.500000,0.837177,120.103235,109.458878,130.747592,21.288713,0.979258,1.037904,1.027027,1.048780,0.021753,0.902395,0.838014,0.795018,0.881009,0.085991,1.000000,1.000000,1.000000,1.000000,0.000000,1.000000,6.000000,6.000000,6.000000,0.000000,36.938563,1.188669,1.370370,0.605055,0.126757,0.621491,19.313208,28.719821,0.924193,18.441659,0.593445,6.680717,0.214983,85.141116,118.287266,136.420266,100.154267,36.265999,0.734160
left,845,412,405,0,-1,0.795196,1065.000000,943.500000,1186.500000,243.000000,0.952340,130.373487,127.190811,133.556162,6.365351,0.918367,1.146341,1.097561,1.195122,0.097561,0.876780,0.784392,0.732893,0.835891,0.102999,1.000000,1.000000,1.000000,1.000000,0.000000,0.714286,6.000000,5.000000,7.000000,2.000000,25.727646,0.789651,1.050847,0.824982,0.025587,1.237263,40.311289,20.013584,0.614271,12.848185,0.394346,2.707218,0.083092,45.786785,158.399026,167.644640,149.153413,18.491228,0.889700
left,846,412,386,0,-1,0.704104,1141.750000,943.500000,1340.000000,396.500000,0.888588,135.164482,127.190811,143.138154,15.947343,0.930496,1.059419,1.021277,1.097561,0.076284,0.891736,0.777382,0.732893,0.821871,0.088979,1.000000,1.000000,1.000000,1.000000,0.000000,0.714286,6.000000,5.000000,7.000000,2.000000,41.947967,1.246181,1.317460,0.572864,0.087585,0.690985,23.259407,32.900072,0.977388,20.957766,0.622608,4.314144,0.128164,89.654065,118.154966,119.744881,116.565051,3.179830,0.973445
left,847,411,396,0,-1,0.911677,1277.000000,1218.000000,1336.000000,118.000000,0.983232,136.311664,135.159173,137.464155,2.304982,0.973341,1.087867,1.073171,1.102564,0.029393,0.881359,0.864504,0.809987,0.919021,0.109033,0.985437,0.992718,0.985437,1.000000,0.014563,0.875000,7.500000,7.000000,8.000000,1.000000,37.692343,1.055051,1.241379,0.657067,0.101018,0.722367,25.806976,27.404988,0.767097,18.644982,0.521894,0.950524,0.026606,85.584638,117.830433,119.095814,116.565051,2.530763,0.978750
left,848,411,382,0,-1,0.956076,1191.250000,1164.500000,1218.000000,53.500000,0.969101,135.340411,133.216668,137.464155,4.247488,0.857550,1.194139,1.102564,1.285714,0.183150,0.982304,0.817283,0.809987,0.824579,0.014592,0.985437,0.992718,0.985437,1.000000,0.014563,0.750000,7.000000,6.000000,8.000000,2.000000,42.998802,1.245897,1.161765,0.485533,0.296747,0.323952,11.180340,33.645596,0.974887,21.219274,0.614832,0.633107,0.018344,87.002712,100.556099,104.772006,96.340192,8.431814,0.919522
left,849,411,380,0,-1,0.989038,1224.750000,1218.000000,1231.500000,13.500000,0.986528,136.538231,135.612306,137.464155,1.851849,0.974359,1.117072,1.102564,1.131579,0.029015,0.962570,0.825736,0.809987,0.841484,0.031497,0.985437,0.992718,0.985437,1.000000,0.014563,0.750000,7.000000,6.000000,8.000000,2.000000,40.380757,1.153858,1.883721,0.547916,0.204736,0.515133,18.027756,32.311160,0.923274,20.185959,0.576803,2.157239,0.061642,87.313743,108.579777,112.186678,104.972876,7.213802,0.935698
left,850,410,401,0,-1,0.726804,1842.500000,1551.000000,2134.000000,583.000000,0.798115,169.333101,150.321085,188.345118,38.024033,0.764101,1.279838,1.108696,1.450980,0.342285,0.876423,0.809250,0.755954,0.862545,0.106591,0.992987,0.993291,0.989796,0.996787,0.006991,0.857143,6.500000,6.000000,7.000000,1.000000,45.630943,1.066418,1.584615,0.679775,0.088738,0.907546,38.832976,35.169826,0.821936,22.472399,0.525191,8.460946,0.197737,83.485357,163.204672,164.664683,161.744661,2.920022,0.982267
left,851,409,393,0,-1,0.881861,1294.250000,1213.000000,1375.500000,162.500000,0.937973,138.594072,134.158215,143.029928,8.871712,0.976190,1.156794,1.142857,1.170732,0.027875,0.997655,0.845915,0.844922,0.846908,0.001986,1.000000,1.000000,1.000000,1.000000,0.000000,0.857143,6.500000,6.000000,7.000000,1.000000,37.383035,1.039632,1.312500,0.603073,0.190651,0.624958,22.472205,29.320006,0.815397,18.690240,0.519781,0.679986,0.018911,86.988862,117.897829,123.338718,112.456939,10.881779,0.911773
left,852,409,390,0,-1,0.859979,1311.750000,1213.000000,1410.500000,197.500000,0.928767,139.302923,134.158215,144.447630,10.289415,0.974432,1.128247,1.113636,1.142857,0.029221,0.996951,0.848203,0.846908,0.849498,0.002590,1.000000,1.000000,1.000000,1.000000,0.000000,1.000000,6.000000,6.000000,6.000000,0.000000,47.168836,1.303281,1.225352,0.515078,0.325329,0.353838,12.806248,37.460848,1.035048,22.432313,0.619808,3.530404,0.097545,78.433745,114.963304,127.014717,102.911891,24.102825,0.810236
left,853,409,384,0,-1,0.957758,1239.750000,1213.000000,1266.500000,53.500000,0.972410,136.061449,134.158215,137.964682,3.806467,0.958333,1.119048,1.095238,1.142857,0.047619,0.987286,0.841524,0.836140,0.846908,0.010767,1.000000,1.000000,1.000000,1.000000,0.000000,1.000000,6.000000,6.000000,6.000000,0.000000,36.447869,1.035215,1.418182,0.651108,0.153055,0.757876,26.683328,30.948744,0.879025,18.220557,0.517511,1.848104,0.052491,84.482934,120.507667,138.262033,102.753300,35.508733,0.743178
left,854,408,407,0,-1,0.912330,1194.250000,1139.500000,1249.000000,109.500000,0.969818,134.451999,132.391875,136.512123,4.120248,0.977778,1.202703,1.189189,1.216216,0.027027,0.970000,0.829595,0.816961,0.842228,0.025267,1.000000,1.000000,1.000000,1.000000,0.000000,0.714286,6.000000,5.000000,7.000000,2.000000,29.916305,0.865914,1.510638,0.825570,0.033075,1.132172,39.115214,24.104120,0.697683,14.830442,0.429260,1.057160,0.030599,72.235709,159.226567,169.882700,148.570434,21.312266,0.874547
left,855,408,394,0,-1,0.814251,1133.000000,1017.000000,1249.000000,232.000000,0.908848,130.290426,124.068729,136.512123,12.443395,0.927635,1.172211,1.128205,1.216216,0.088011,0.985772,0.836237,0.830245,0.842228,0.011984,1.000000,1.000000,1.000000,1.000000,0.000000,0.714286,6.000000,5.000000,7.000000,2.000000,32.263150,0.959761,1.155172,0.677509,0.125552,0.826542,27.784888,25.277329,0.751948,16.128679,0.479794,1.368042,0.040696,83.884104,120.127559,131.820170,108.434949,23.385221,0.822598
left,856,408,375,0,-1,0.853483,1157.500000,1066.000000,1249.000000,183.000000,0.943857,132.679994,128.847866,136.512123,7.664258,0.936420,1.177553,1.138889,1.216216,0.077327,0.958038,0.824558,0.806887,0.842228,0.035342,1.000000,1.000000,1.000000,1.000000,0.000000,0.857143,6.500000,6.000000,7.000000,1.000000,45.968341,1.352192,1.383333,0.510671,0.223758,0.392455,13.341664,33.562975,0.987279,22.140934,0.651292,2.650590,0.077969,75.811417,113.734059,114.634464,112.833654,1.800810,0.984291
left,857,408,366,0,-1,0.878340,1335.500000,1249.000000,1422.000000,173.000000,0.953136,139.868144,136.512123,143.224166,6.712042,0.958940,1.242254,1.216216,1.268293,0.052076,0.966836,0.856673,0.842228,0.871118,0.028889,1.000000,1.000000,1.000000,1.000000,0.000000,1.000000,7.000000,7.000000,7.000000,0.000000,47.421510,1.298319,2.111111,0.499050,0.241670,0.279205,10.198039,36.181743,0.990594,23.687440,0.648521,3.630315,0.099392,87.697033,93.141773,96.613460,89.670086,6.943375,0.928132
left,858,407,391,0,-1,0.909171,1087.750000,1036.000000,1139.500000,103.500000,0.958037,129.614127,126.836379,132.391875,5.555496,0.840909,1.094595,1.000000,1.189189,0.189189,0.990559,0.813105,0.809249,0.816961,0.007713,1.000000,1.000000,1.000000,1.000000,0.000000,1.000000,5.000000,5.000000,5.000000,0.000000,31.207340,0.946488,1.087719,0.656555,0.143415,0.836663,27.586228,25.551680,0.774958,15.601438,0.473176,2.469855,0.074908,73.655499,122.075800,129.685454,114.466145,15.219309,0.882644
left,859,407,375,0,-1,0.935498,1102.750000,1066.000000,1139.500000,73.500000,0.973231,130.619870,128.847866,132.391875,3.544009,0.957702,1.164039,1.138889,1.189189,0.050300,0.987668,0.811924,0.806887,0.816961,0.010075,1.000000,1.000000,1.000000,1.000000,0.000000,0.833333,5.500000,5.000000,6.000000,1.000000,39.543187,1.190950,1.702128,0.525665,0.272954,0.476203,15.811388,30.561132,0.920431,19.626610,0.591108,2.397003,0.072192,77.646545,106.907103,115.218295,98.595911,16.622384,0.855731
left,860,406,402,0,-1,0.838273,1426.500000,1301.000000,1552.000000,251.000000,0.947041,145.507082,141.549303,149.464861,7.915558,0.894410,1.210317,1.142857,1.277778,0.134921,0.934649,0.844492,0.815965,0.873018,0.057053,1.000000,1.000000,1.000000,1.000000,0.000000,0.857143,6.500000,6.000000,7.000000,1.000000,41.204906,1.092030,1.977778,0.654039,0.106905,0.753806,28.442925,32.391801,0.858461,20.601589,0.545992,2.206422,0.058476,82.540469,135.539115,147.675666,123.402564,24.273102,0.835632
left,861,406,388,0,-1,0.845683,1432.250000,1312.500000,1552.000000,239.500000,0.926504,143.972320,138.479780,149.464861,10.985080,0.875000,1.071429,1.000000,1.142857,0.142857,0.985174,0.866547,0.860075,0.873018,0.012943,1.000000,1.000000,1.000000,1.000000,0.000000,0.857143,6.500000,6.000000,7.000000,1.000000,35.685779,0.943770,1.171875,0.700269,0.131960,0.809545,30.610456,28.791517,0.761440,17.839285,0.471790,2.798030,0.073999,83.818059,120.004094,125.996034,114.012153,11.983881,0.904887
left,862,406,371,0,-1,0.770941,1374.250000,1196.500000,1552.000000,355.500000,0.915367,143.140048,136.815236,149.464861,12.649625,0.956268,1.168990,1.142857,1.195122,0.052265,0.920090,0.838137,0.803255,0.873018,0.069763,1.000000,1.000000,1.000000,1.000000,0.000000,0.857143,6.500000,6.000000,7.000000,1.000000,37.734250,1.020039,1.322034,0.613614,0.195379,0.662702,24.515301,32.544509,0.879749,18.867125,0.510020,5.204154,0.140680,87.094996,108.918071,117.404769,100.431374,16.973396,0.855428
left,863,405,397,0,-1,0.960340,1211.000000,1186.500000,1235.500000,49.000000,0.956449,136.596804,133.556162,139.637445,6.081283,0.717073,1.430894,1.195122,1.666667,0.471545,0.952575,0.816070,0.796249,0.835891,0.039642,1.000000,1.000000,1.000000,1.000000,0.000000,1.000000,7.000000,7.000000,7.000000,0.000000,36.303940,1.043287,1.603774,0.637107,0.118704,0.784909,27.313001,26.719981,0.767868,18.005429,0.517432,2.796621,0.080368,78.042055,127.920004,127.965024,127.874984,0.090040,0.999296
left,864,405,386,0,-1,0.885448,1263.250000,1186.500000,1340.000000,153.500000,0.933058,138.347158,133.556162,143.138154,9.581992,0.854538,1.108199,1.021277,1.195122,0.173845,0.983228,0.828881,0.821871,0.835891,0.014020,1.000000,1.000000,1.000000,1.000000,0.000000,1.000000,7.000000,7.000000,7.000000,0.000000,47.317168,1.331910,1.150685,0.461557,0.358401,0.202982,7.211103,35.509907,0.999552,23.594702,0.664157,2.446532,0.068866,80.871653,96.177650,98.073764,94.281536,3.792228,0.961333
left,865,405,379,0,-1,0.588285,942.250000,698.000000,1186.500000,488.500000,0.831732,122.319565,111.082968,133.556162,22.473194,0.836735,1.097561,1.000000,1.195122,0.195122,0.850395,0.773364,0.710838,0.835891,0.125054,1.000000,1.000000,1.000000,1.000000,0.000000,0.714286,6.000000,5.000000,7.000000,2.000000,38.866469,1.277131,1.362069,0.552335,0.097108,0.617373,18.788294,29.522536,0.970094,19.390062,0.637147,6.390844,0.210000,89.485741,126.781292,140.527540,113.035044,27.492496,0.804362
left,866,405,378,0,-1,0.638011,971.750000,757.000000,1186.500000,429.500000,0.776201,118.611287,103.666411,133.556162,29.889751,0.861345,1.112267,1.029412,1.195122,0.165710,0.944322,0.860534,0.835891,0.885176,0.049285,1.000000,1.000000,1.000000,1.000000,0.000000,0.857143,6.500000,6.000000,7.000000,1.000000,37.071005,1.196626,1.702128,0.516151,0.216877,0.317914,9.848858,28.675930,0.925638,18.337509,0.591922,6.455028,0.208364,75.598178,91.479532,94.322992,88.636072,5.686920,0.939708
left,867,404,395,0,-1,0.554409,903.500000,644.500000,1162.500000,518.000000,0.790778,129.101016,114.017764,144.184268,30.166504,0.678571,1.270270,1.027027,1.513514,0.486486,0.886586,0.662847,0.623000,0.702695,0.079696,1.000000,1.000000,1.000000,1.000000,0.000000,0.714286,6.000000,5.000000,7.000000,2.000000,40.073954,1.347421,2.044444,0.469196,0.134477,0.642373,19.104973,32.463004,1.091515,18.555082,0.623884,10.068249,0.338528,59.033475,120.181578,149.664461,90.698694,58.965767,0.606014
left,868,404,385,0,-1,0.465806,852.000000,541.500000,1162.500000,621.000000,0.674628,120.727518,97.270768,144.184268,46.913499,0.947981,1.474148,1.434783,1.513514,0.078731,0.977065,0.710943,0.702695,0.719190,0.016495,1.000000,1.000000,1.000000,1.000000,0.000000,0.571429,5.500000,4.000000,7.000000,3.000000,27.871228,0.971705,1.089286,0.580512,0.269660,0.861080,24.698178,24.793043,0.864387,12.278286,0.428071,4.357197,0.151910,33.736706,122.865262,134.958270,110.772255,24.186015,0.820789
left,869,404,377,0,-1,0.767580,1338.500000,1162.500000,1514.500000,352.000000,0.928600,149.727459,144.184268,155.270650,11.086382,0.991612,1.519915,1.513514,1.526316,0.012802,0.890157,0.746051,0.702695,0.789406,0.086711,1.000000,1.000000,1.000000,1.000000,0.000000,1.000000,7.000000,7.000000,7.000000,0.000000,31.556604,0.864422,1.014925,0.578989,0.182294,0.800037,29.206164,27.885426,0.763858,15.586394,0.426954,4.955394,0.135742,42.618435,103.389420,145.060690,61.718151,83.342539,0.425464
left,870,404,370,0,-1,0.847303,1267.250000,1162.500000,1372.000000,209.500000,0.983338,142.983099,141.781930,144.184268,2.402338,0.796245,1.359321,1.205128,1.513514,0.308385,0.819304,0.780185,0.702695,0.857674,0.154979,1.000000,1.000000,1.000000,1.000000,0.000000,1.000000,7.000000,7.000000,7.000000,0.000000,49.894776,1.402800,1.202703,0.451589,0.330243,0.286720,10.198039,37.158706,1.044723,23.016432,0.647111,1.606496,0.045167,51.157706,108.471456,115.034612,101.908300,13.126312,0.885893
left,871,403,392,0,-1,0.703719,1030.750000,851.500000,1210.000000,358.500000,0.907860,128.655959,122.442494,134.869423,12.426929,0.826596,1.160135,1.050000,1.270270,0.220270,0.853811,0.774825,0.713724,0.835927,0.122203,1.000000,1.000000,1.000000,1.000000,0.000000,0.833333,5.500000,5.000000,6.000000,1.000000,25.947479,0.811296,1.254902,0.758220,0.069367,1.132965,36.235342,21.007043,0.656824,12.796692,0.400112,4.292710,0.134219,26.076073,137.428949,137.882963,136.974934,0.908029,0.993414
left,872,402,371,0,-1,0.919677,1248.750000,1196.500000,1301.000000,104.500000,0.966555,139.182269,136.815236,141.549303,4.734067,0.935313,1.236450,1.195122,1.277778,0.082656,0.984423,0.809610,0.803255,0.815965,0.012710,1.000000,1.000000,1.000000,1.000000,0.000000,1.000000,6.000000,6.000000,6.000000,0.000000,44.599845,1.262382,1.144928,0.526338,0.258659,0.483670,17.088007,33.819509,0.957248,19.979254,0.565505,0.370665,0.010492,62.775880,115.360401,118.827841,111.892961,6.934880,0.941639
left,873,402,358,0,-1,0.799140,1464.500000,1301.000000,1628.000000,327.000000,0.897419,149.639281,141.549303,157.729259,16.179956,0.910382,1.220522,1.163265,1.277778,0.114512,0.992275,0.819142,0.815965,0.822318,0.006353,1.000000,1.000000,1.000000,1.000000,0.000000,0.857143,6.500000,6.000000,7.000000,1.000000,44.706069,1.170042,1.654545,0.523954,0.179413,0.447991,17.117243,34.085397,0.892079,22.352860,0.585017,6.737390,0.176330,85.646118,97.876928,120.735488,75.018367,45.717120,0.621345
left,874,401,390,0,-1,0.909413,1480.750000,1410.500000,1551.000000,140.500000,0.960927,147.384358,144.447630,150.321085,5.873455,0.995563,1.111166,1.108696,1.113636,0.004941,0.984873,0.856021,0.849498,0.862545,0.013048,0.996787,0.998393,0.996787,1.000000,0.003213,0.857143,6.500000,6.000000,7.000000,1.000000,36.796498,0.956506,1.370968,0.695983,0.106365,0.825709,31.764760,26.645846,0.692645,18.334298,0.476591,0.995803,0.025885,61.733175,131.236596,146.888658,115.584535,31.304123,0.786885
left,875,401,367,0,-1,0.688266,1309.250000,1067.500000,1551.000000,483.500000,0.893763,142.336232,134.351379,150.321085,15.969706,0.945959,1.078738,1.048780,1.108696,0.059915,0.861612,0.802862,0.743179,0.862545,0.119366,0.996787,0.998393,0.996787,1.000000,0.003213,0.714286,6.000000,5.000000,7.000000,2.000000,47.406277,1.315829,1.294118,0.469726,0.194768,0.277564,10.000000,34.372325,0.954053,22.027765,0.611412,4.125963,0.114522,55.573706,84.052800,99.585690,68.519909,31.065781,0.688050
left,876,401,364,0,-1,0.745970,1354.000000,1157.000000,1551.000000,394.000000,0.918938,144.228391,138.135698,150.321085,12.185388,0.947011,1.139714,1.108696,1.170732,0.062036,0.883384,0.812252,0.761959,0.862545,0.100587,0.996787,0.998393,0.996787,1.000000,0.003213,0.714286,6.000000,5.000000,7.000000,2.000000,44.734573,1.218968,1.722222,0.486880,0.324778,0.328120,12.041595,33.937300,0.924754,21.979758,0.598924,2.556731,0.069668,87.635767,87.673531,99.696394,75.650668,24.045726,0.758810
left,877,400,387,0,-1,0.809762,1084.500000,970.500000,1198.500000,228.000000,0.915445,125.219927,119.692262,130.747592,11.055329,0.929601,1.088493,1.048780,1.128205,0.079425,0.966257,0.866145,0.851282,0.881009,0.029728,1.000000,1.000000,1.000000,1.000000,0.000000,0.857143,6.500000,6.000000,7.000000,1.000000,30.437113,0.925531,1.103448,0.782297,0.044952,0.969724,31.890437,23.355426,0.710191,15.212980,0.462596,2.282575,0.069408,88.115677,146.970693,149.910314,144.031072,5.879242,0.960782
left,878,400,381,0,-1,0.839896,1063.000000,970.500000,1155.500000,185.000000,0.901022,126.266404,119.692262,132.840546,13.148284,0.981048,1.139103,1.128205,1.150000,0.021795,0.966597,0.837064,0.822846,0.851282,0.028436,1.000000,1.000000,1.000000,1.000000,0.000000,0.857143,6.500000,6.000000,7.000000,1.000000,36.692260,1.126471,1.076923,0.605737,0.131703,0.652702,21.260292,29.715312,0.912275,18.325572,0.562604,3.313165,0.101716,83.202591,118.212177,138.039400,98.384955,39.654445,0.712731
left,879,400,373,0,-1,0.889232,916.750000,863.000000,970.500000,107.500000,0.959365,117.260424,114.828586,119.692262,4.863677,0.960227,1.105769,1.083333,1.128205,0.044872,0.966156,0.836876,0.822471,0.851282,0.028811,1.000000,1.000000,1.000000,1.000000,0.000000,0.857143,6.500000,6.000000,7.000000,1.000000,38.317699,1.266079,1.448980,0.499262,0.378238,0.325422,9.848858,31.258561,1.032834,18.570628,0.613604,0.694157,0.022936,78.543096,107.606062,108.745492,106.466631,2.278861,0.979044
left,880,399,387,0,-1,0.804756,1081.500000,964.500000,1198.500000,234.000000,0.927903,126.034350,121.321109,130.747592,9.426483,0.970122,1.064931,1.048780,1.081081,0.032301,0.934671,0.852232,0.823454,0.881009,0.057555,1.000000,1.000000,1.000000,1.000000,0.000000,1.000000,6.000000,6.000000,6.000000,0.000000,39.314245,1.197222,1.410714,0.572815,0.205039,0.521265,17.117243,30.343933,0.924053,18.587906,0.566051,2.096102,0.063832,61.777793,120.444827,135.270261,105.619392,29.650869,0.780803
left,881,399,383,0,-1,0.579057,761.500000,558.500000,964.500000,406.000000,0.800313,109.208001,97.094893,121.321109,24.226216,0.739687,1.271310,1.081081,1.461538,0.380457,0.904068,0.783956,0.744458,0.823454,0.078996,1.000000,1.000000,1.000000,1.000000,0.000000,0.833333,5.500000,5.000000,6.000000,1.000000,29.834141,1.091047,1.129630,0.532554,0.315824,0.527426,14.422205,27.163354,0.993375,14.676306,0.536719,4.615551,0.168793,89.841992,123.978534,161.489363,86.467705,75.021658,0.535439
left,882,399,372,0,-1,0.843094,1054.250000,964.500000,1144.000000,179.500000,0.935848,125.479385,121.321109,129.637662,8.316553,0.955374,1.106330,1.081081,1.131579,0.050498,0.962644,0.839431,0.823454,0.855408,0.031954,1.000000,1.000000,1.000000,1.000000,0.000000,1.000000,6.000000,6.000000,6.000000,0.000000,32.869672,1.013253,1.380000,0.678647,0.152241,0.822551,26.683328,26.767034,0.825131,15.305911,0.471826,2.653897,0.081810,68.363831,127.621132,141.014519,114.227745,26.786774,0.810042
left,883,398,396,0,-1,0.764596,1178.750000,1021.500000,1336.000000,314.500000,0.993592,135.594985,135.159173,136.030797,0.871624,0.913337,1.124085,1.073171,1.175000,0.101829,0.754829,0.806362,0.693703,0.919021,0.225317,0.996099,0.998050,0.996099,1.000000,0.003901,0.857143,6.500000,6.000000,7.000000,1.000000,37.834113,1.104448,2.023256,0.587802,0.127466,0.681491,23.345235,27.328253,0.797763,18.912859,0.552102,2.561369,0.074771,83.443749,114.569110,136.847610,92.290610,44.557000,0.674404
left,884,398,395,0,-1,0.630935,833.000000,644.500000,1021.500000,377.000000,0.838176,125.024281,114.017764,136.030797,22.013033,0.874066,1.101014,1.027027,1.175000,0.147973,0.898078,0.658351,0.623000,0.693703,0.070704,0.996099,0.998050,0.996099,1.000000,0.003901,0.833333,5.500000,5.000000,6.000000,1.000000,19.384875,0.676045,1.133333,0.852955,0.004802,1.628323,46.690470,16.709425,0.582739,9.608027,0.335078,4.098531,0.142936,15.839803,172.264336,173.990994,170.537678,3.453316,0.980152
left,885,398,376,0,-1,0.659814,847.750000,674.000000,1021.500000,347.500000,0.768379,120.277000,104.523203,136.030797,31.507594,0.896711,1.242672,1.175000,1.310345,0.135345,0.894807,0.734479,0.693703,0.775255,0.081551,0.990687,0.991461,0.986823,0.996099,0.009277,1.000000,6.000000,6.000000,6.000000,0.000000,37.175443,1.283629,1.232143,0.460505,0.272781,0.439482,12.727922,28.231366,0.974799,17.744901,0.612713,7.670020,0.264838,79.594531,100.822778,122.843583,78.801973,44.041610,0.641482
left,886,397,382,0,-1,0.942533,1200.000000,1164.500000,1235.500000,71.000000,0.954018,136.427056,133.216668,139.637445,6.420777,0.771429,1.476190,1.285714,1.666667,0.380952,0.965643,0.810414,0.796249,0.824579,0.028330,1.000000,1.000000,1.000000,1.000000,0.000000,0.857143,6.500000,6.000000,7.000000,1.000000,42.558212,1.228684,1.482143,0.509389,0.261458,0.426270,14.764823,32.900888,0.949871,21.183521,0.611583,3.300059,0.095275,83.924627,118.387709,142.052306,94.723112,47.329194,0.666819
left,887,397,378,0,-1,0.612707,996.250000,757.000000,1235.500000,478.500000,0.742397,121.651928,103.666411,139.637445,35.971034,0.617647,1.348039,1.029412,1.666667,0.637255,0.899537,0.840712,0.796249,0.885176,0.088927,1.000000,1.000000,1.000000,1.000000,0.000000,0.857143,6.500000,6.000000,7.000000,1.000000,35.554195,1.134769,1.200000,0.571549,0.186198,0.542582,17.000000,28.656140,0.914607,17.113983,0.546220,6.828519,0.217943,67.801299,116.281550,137.711983,94.851116,42.860867,0.688764
left,888,397,369,0,-1,0.911472,1295.500000,1235.500000,1355.500000,120.000000,0.981946,140.921138,139.637445,142.204832,2.567387,0.600000,1.333333,1.000000,1.666667,0.666667,0.945297,0.819288,0.796249,0.842327,0.046078,1.000000,1.000000,1.000000,1.000000,0.000000,0.857143,6.500000,6.000000,7.000000,1.000000,33.213577,0.923025,1.192982,0.708490,0.140872,0.937495,33.734256,26.909999,0.747845,16.530688,0.459398,3.430512,0.095336,77.485421,130.098752,135.000000,125.197503,9.802497,0.927389
left,889,396,380,0,-1,0.921781,1283.750000,1231.500000,1336.000000,104.500000,0.996659,135.385740,135.159173,135.612306,0.453132,0.948383,1.102375,1.073171,1.131579,0.058408,0.915632,0.880253,0.841484,0.919021,0.077536,1.000000,1.000000,1.000000,1.000000,0.000000,0.857143,6.500000,6.000000,7.000000,1.000000,38.198392,1.066338,1.093750,0.632657,0.153262,0.627329,22.472205,30.915816,0.863039,19.030649,0.531255,1.658362,0.046294,77.656950,115.479920,128.717508,102.242331,26.475177,0.794316
left,890,396,376,0,-1,0.504491,1005.000000,674.000000,1336.000000,662.000000,0.773334,119.841188,104.523203,135.159173,30.635970,0.818999,1.191758,1.073171,1.310345,0.237174,0.843566,0.847138,0.775255,0.919021,0.143766,0.986823,0.993411,0.986823,1.000000,0.013177,0.857143,6.500000,6.000000,7.000000,1.000000,33.865146,1.083462,1.116667,0.605166,0.204726,0.566021,17.691806,26.586097,0.850580,16.832829,0.538540,8.917091,0.285288,76.157189,120.040596,144.865807,95.215386,49.650421,0.657266
left,891,396,360,0,-1,0.706213,1139.750000,943.500000,1336.000000,392.500000,0.947116,131.585277,128.011381,135.159173,7.147792,0.569438,1.478893,1.073171,1.884615,0.811445,0.787280,0.821274,0.723527,0.919021,0.195494,1.000000,1.000000,1.000000,1.000000,0.000000,0.857143,6.500000,6.000000,7.000000,1.000000,41.589570,1.236538,2.022727,0.565235,0.189954,0.565688,19.026298,33.519207,0.996590,20.794067,0.618247,2.748573,0.081720,88.181660,131.488014,132.469237,130.506792,1.962445,0.985186
left,892,395,376,0,-1,0.956231,659.250000,644.500000,674.000000,29.500000,0.916727,109.270484,104.523203,114.017764,9.494560,0.783784,1.168686,1.027027,1.310345,0.283318,0.803606,0.699127,0.623000,0.775255,0.152255,0.986823,0.993411,0.986823,1.000000,0.013177,0.833333,5.500000,5.000000,6.000000,1.000000,38.347760,1.493627,1.016667,0.408739,0.342055,0.335056,8.602325,28.902184,1.125726,18.022647,0.701973,3.844548,0.149743,74.325015,109.598130,127.460555,91.735705,35.724850,0.719718
left,893,395,370,0,-1,0.469752,1008.250000,644.500000,1372.000000,727.500000,0.804177,127.899847,114.017764,141.781930,27.764166,0.852214,1.116078,1.027027,1.205128,0.178101,0.726383,0.740337,0.623000,0.857674,0.234674,1.000000,1.000000,1.000000,1.000000,0.000000,0.714286,6.000000,5.000000,7.000000,2.000000,26.440974,0.847093,1.320000,0.670193,0.073890,0.982763,30.675723,21.133794,0.677067,13.097019,0.419591,7.970457,0.255351,47.332414,101.201828,107.102729,95.300927,11.801802,0.889809
left,894,394,388,0,-1,0.774857,1164.750000,1017.000000,1312.500000,295.500000,0.895934,131.274254,124.068729,138.479780,14.411052,0.886364,1.064103,1.000000,1.128205,0.128205,0.965316,0.845160,0.830245,0.860075,0.029830,1.000000,1.000000,1.000000,1.000000,0.000000,0.833333,5.500000,5.000000,6.000000,1.000000,40.442879,1.187421,1.647059,0.570641,0.239536,0.529303,18.027756,33.738708,0.990583,20.043763,0.588494,4.767973,0.139990,87.082082,126.424473,148.172553,104.676393,43.496160,0.706449
left,895,394,374,0,-1,0.917404,975.000000,933.000000,1017.000000,84.000000,0.986762,123.247543,122.426357,124.068729,1.642372,0.927635,1.172211,1.128205,1.216216,0.088011,0.942184,0.806244,0.782243,0.830245,0.048002,1.000000,1.000000,1.000000,1.000000,0.000000,1.000000,5.000000,5.000000,5.000000,0.000000,33.570217,1.075357,1.015625,0.593301,0.213590,0.692981,21.633308,28.049902,0.898524,16.779846,0.537510,0.454783,0.014568,83.433440,123.904782,135.616060,112.193505,23.422555,0.827288
left,896,394,366,0,-1,0.715190,1219.500000,1017.000000,1422.000000,405.000000,0.866256,133.646447,124.068729,143.224166,19.155437,0.889546,1.198249,1.128205,1.268293,0.140088,0.953080,0.850681,0.830245,0.871118,0.040873,1.000000,1.000000,1.000000,1.000000,0.000000,0.714286,6.000000,5.000000,7.000000,2.000000,37.528241,1.078400,1.206349,0.649128,0.096351,0.718392,25.000000,28.522456,0.819613,18.739251,0.538485,4.645428,0.133490,77.727831,123.255137,131.566370,114.943905,16.622464,0.873657
left,897,393,389,0,-1,0.658306,1140.500000,905.500000,1375.500000,470.000000,0.864666,133.351507,123.673087,143.029928,19.356841,0.944079,1.137997,1.105263,1.170732,0.065469,0.880504,0.794440,0.743957,0.844922,0.100965,1.000000,1.000000,1.000000,1.000000,0.000000,0.714286,6.000000,5.000000,7.000000,2.000000,27.181665,0.809228,1.260000,0.826271,0.037922,1.197523,40.224371,21.718973,0.646598,13.401633,0.398981,4.792066,0.142665,72.732581,152.918826,153.434949,152.402704,1.032245,0.993272
left,898,393,384,0,-1,0.920756,1321.000000,1266.500000,1375.500000,109.000000,0.964586,140.497305,137.964682,143.029928,5.065246,0.935516,1.132985,1.095238,1.170732,0.075494,0.989607,0.840531,0.836140,0.844922,0.008782,1.000000,1.000000,1.000000,1.000000,0.000000,0.857143,6.500000,6.000000,7.000000,1.000000,43.659272,1.201483,1.654545,0.555382,0.188872,0.502184,18.248288,32.426481,0.892362,21.376378,0.588268,0.731893,0.020141,67.099455,113.014566,116.748104,109.281028,7.467077,0.936041
left,899,393,365,0,-1,0.516176,1042.750000,710.000000,1375.500000,665.500000,0.756465,125.613519,108.197110,143.029928,34.832818,0.930582,1.214398,1.170732,1.258065,0.087333,0.902029,0.803533,0.762144,0.844922,0.082778,1.000000,1.000000,1.000000,1.000000,0.000000,0.714286,6.000000,5.000000,7.000000,2.000000,44.731054,1.403689,1.134328,0.488887,0.227284,0.309063,9.848858,33.983268,1.066417,22.121608,0.694190,8.904139,0.279418,84.349994,112.326782,119.827085,104.826480,15.000605,0.874815
left,900,393,362,0,-1,0.814976,1248.250000,1121.000000,1375.500000,254.500000,0.908083,136.456471,129.883014,143.029928,13.146914,0.921601,1.124840,1.078947,1.170732,0.091784,0.988312,0.839984,0.835047,0.844922,0.009875,1.000000,1.000000,1.000000,1.000000,0.000000,0.857143,6.500000,6.000000,7.000000,1.000000,42.603259,1.207420,1.708333,0.514581,0.233927,0.368433,13.000000,32.773232,0.928827,21.301599,0.603709,2.865946,0.081224,83.684496,90.412866,99.136009,81.689723,17.446286,0.824017
left,901,392,386,0,-1,0.635448,1095.750000,851.500000,1340.000000,488.500000,0.855415,132.790324,122.442494,143.138154,20.695660,0.972644,1.035638,1.021277,1.050000,0.028723,0.868413,0.767798,0.713724,0.821871,0.108148,1.000000,1.000000,1.000000,1.000000,0.000000,0.714286,6.000000,5.000000,7.000000,2.000000,25.915584,0.787870,1.352941,0.819749,0.025097,1.250898,41.146081,19.789030,0.601614,12.758775,0.387884,5.352021,0.162709,25.556745,149.254473,169.992020,128.516926,41.475094,0.756017
left,902,392,356,0,-1,0.686694,1045.750000,851.500000,1240.000000,388.500000,0.902649,129.045222,122.442494,135.647950,13.205456,0.996678,1.048256,1.046512,1.050000,0.003488,0.842801,0.780286,0.713724,0.846847,0.133123,1.000000,1.000000,1.000000,1.000000,0.000000,0.714286,6.000000,5.000000,7.000000,2.000000,43.917428,1.364020,1.808511,0.443161,0.333732,0.226111,7.280110,34.654992,1.076340,20.857470,0.647807,4.672426,0.145120,61.554579,96.192045,99.595382,92.788708,6.806675,0.931657
left,903,391,377,0,-1,0.684054,1275.250000,1036.000000,1514.500000,478.500000,0.816873,141.053515,126.836379,155.270650,28.434271,0.655172,1.263158,1.000000,1.526316,0.526316,0.975480,0.799327,0.789406,0.809249,0.019843,1.000000,1.000000,1.000000,1.000000,0.000000,0.714286,6.000000,5.000000,7.000000,2.000000,35.432645,0.996649,1.293103,0.627705,0.201725,0.789591,28.071338,30.086859,0.846283,16.995051,0.478037,2.958491,0.083216,48.228694,133.627530,167.924711,99.330348,68.594363,0.591517
left,904,391,375,0,-1,0.971857,1051.000000,1036.000000,1066.000000,30.000000,0.984389,127.842122,126.836379,128.847866,2.011487,0.878049,1.069444,1.000000,1.138889,0.138889,0.997082,0.808068,0.806887,0.809249,0.002362,1.000000,1.000000,1.000000,1.000000,0.000000,0.833333,5.500000,5.000000,6.000000,1.000000,35.550287,1.096612,1.175439,0.560650,0.225262,0.595750,19.313208,27.644192,0.852734,17.579794,0.542280,2.563588,0.079078,75.951272,109.990521,115.096250,104.884791,10.211459,0.911279
left,905,391,368,0,-1,0.966869,1053.750000,1036.000000,1071.500000,35.500000,0.982019,127.997580,126.836379,129.158781,2.322402,0.804348,1.121622,1.000000,1.243243,0.243243,0.997407,0.808199,0.807150,0.809249,0.002099,1.000000,1.000000,1.000000,1.000000,0.000000,1.000000,5.000000,5.000000,5.000000,0.000000,28.980422,0.892794,1.226415,0.746770,0.099644,1.042436,33.837849,25.299814,0.779406,14.451888,0.445216,0.312142,0.009616,62.161401,159.309986,162.835111,155.784861,7.050250,0.956703
left,906,390,384,0,-1,0.897909,1338.500000,1266.500000,1410.500000,144.000000,0.955119,141.206156,137.964682,144.447630,6.482948,0.983479,1.104437,1.095238,1.113636,0.018398,0.984276,0.842819,0.836140,0.849498,0.013357,1.000000,1.000000,1.000000,1.000000,0.000000,1.000000,6.000000,6.000000,6.000000,0.000000,32.766896,0.895949,1.529412,0.803676,0.039597,1.063925,38.910153,24.600214,0.672647,16.241268,0.444087,1.486623,0.040649,83.977795,155.750577,157.166346,154.334809,2.831537,0.981984
left,907,390,364,0,-1,0.820276,1283.750000,1157.000000,1410.500000,253.500000,0.956303,141.291664,138.135698,144.447630,6.311933,0.951231,1.142184,1.113636,1.170732,0.057095,0.896952,0.805728,0.761959,0.849498,0.087539,1.000000,1.000000,1.000000,1.000000,0.000000,0.833333,5.500000,5.000000,6.000000,1.000000,41.751335,1.166706,1.041667,0.574527,0.167283,0.637225,22.803509,33.711344,0.942035,20.744665,0.579692,2.433137,0.067992,87.996219,115.080087,116.745226,113.414948,3.330278,0.971474
left,908,390,357,0,-1,0.801489,1270.500000,1130.500000,1410.500000,280.000000,0.957418,141.372168,138.296706,144.447630,6.150924,0.995164,1.116342,1.113636,1.119048,0.005411,0.874369,0.796136,0.742774,0.849498,0.106723,1.000000,1.000000,1.000000,1.000000,0.000000,1.000000,6.000000,6.000000,6.000000,0.000000,44.066138,1.238169,1.555556,0.493146,0.269185,0.397365,14.142136,35.958359,1.010357,22.028124,0.618945,2.685021,0.075444,80.530997,94.028452,95.057249,92.999655,2.057593,0.978354
left,909,389,381,0,-1,0.783643,1030.500000,905.500000,1155.500000,250.000000,0.930989,128.256817,123.673087,132.840546,9.167460,0.961098,1.127632,1.105263,1.150000,0.044737,0.904127,0.783402,0.743957,0.822846,0.078889,1.000000,1.000000,1.000000,1.000000,0.000000,0.833333,5.500000,5.000000,6.000000,1.000000,26.075293,0.813783,1.360000,0.783718,0.042698,1.166063,37.363083,20.002000,0.624241,12.930495,0.403547,2.658016,0.082954,19.910219,154.636082,158.198591,151.073574,7.125016,0.954962
left,910,389,362,0,-1,0.807761,1013.250000,905.500000,1121.000000,215.500000,0.952188,126.778050,123.673087,129.883014,6.209927,0.976190,1.092105,1.078947,1.105263,0.026316,0.890917,0.789502,0.743957,0.835047,0.091090,1.000000,1.000000,1.000000,1.000000,0.000000,0.833333,5.500000,5.000000,6.000000,1.000000,39.591801,1.245557,1.233333,0.536938,0.206267,0.562773,17.888544,31.865213,1.002478,19.368038,0.609318,2.711934,0.085317,85.873973,114.273318,124.875328,103.671307,21.204021,0.830198
left,911,389,355,0,-1,0.771397,802.000000,698.500000,905.500000,207.000000,0.904497,117.767501,111.861915,123.673087,11.811172,0.911842,1.158692,1.105263,1.212121,0.106858,0.942896,0.722716,0.701474,0.743957,0.042483,1.000000,1.000000,1.000000,1.000000,0.000000,1.000000,5.000000,5.000000,5.000000,0.000000,36.307685,1.284758,2.131579,0.450808,0.319825,0.426095,12.041595,30.405917,1.075922,18.126348,0.641406,2.950470,0.104403,83.699404,99.585521,101.040940,98.130102,2.910838,0.971192
left,912,388,374,0,-1,0.710857,1122.750000,933.000000,1312.500000,379.500000,0.884074,130.453069,122.426357,138.479780,16.053423,0.822222,1.108108,1.000000,1.216216,0.216216,0.909505,0.821159,0.782243,0.860075,0.077832,1.000000,1.000000,1.000000,1.000000,0.000000,0.833333,5.500000,5.000000,6.000000,1.000000,27.890249,0.835369,1.084746,0.792828,0.076598,1.082010,36.124784,22.717446,0.680433,13.892564,0.416110,3.899852,0.116808,58.198137,141.004313,143.130102,138.878525,4.251578,0.970296
left,913,388,371,0,-1,0.911619,1254.500000,1196.500000,1312.500000,116.000000,0.987980,137.647508,136.815236,138.479780,1.664544,0.836735,1.097561,1.000000,1.195122,0.195122,0.933936,0.831665,0.803255,0.860075,0.056820,1.000000,1.000000,1.000000,1.000000,0.000000,1.000000,6.000000,6.000000,6.000000,0.000000,39.239542,1.108166,1.433333,0.588661,0.178756,0.619375,21.931712,30.305776,0.855867,19.615573,0.553964,2.502926,0.070685,85.952483,120.144632,123.690068,116.599196,7.090871,0.942672
left,914,388,351,0,-1,0.882667,1235.500000,1158.500000,1312.500000,154.000000,0.951232,135.103057,131.726334,138.479780,6.753446,0.729167,1.185714,1.000000,1.371429,0.371429,0.975493,0.849536,0.838998,0.860075,0.021078,1.000000,1.000000,1.000000,1.000000,0.000000,1.000000,6.000000,6.000000,6.000000,0.000000,46.136231,1.313203,1.769231,0.497580,0.296439,0.290273,10.198039,34.485857,0.981592,23.067854,0.656594,2.340325,0.066614,86.619548,102.418601,110.772255,94.064947,16.707307,0.849174
left,915,387,373,0,-1,0.720067,1030.750000,863.000000,1198.500000,335.500000,0.878246,122.788089,114.828586,130.747592,15.919006,0.968105,1.066057,1.048780,1.083333,0.034553,0.933555,0.851740,0.822471,0.881009,0.058538,1.000000,1.000000,1.000000,1.000000,0.000000,1.000000,6.000000,6.000000,6.000000,0.000000,35.095150,1.096788,1.232143,0.636976,0.129517,0.686119,21.954498,28.356477,0.886192,17.541893,0.548217,4.956329,0.154894,79.266156,118.729897,130.236358,107.223436,23.012922,0.823299
left,916,387,372,0,-1,0.954526,1171.250000,1144.000000,1198.500000,54.500000,0.991511,130.192627,129.637662,130.747592,1.109930,0.926829,1.090180,1.048780,1.131579,0.082798,0.970941,0.868209,0.855408,0.881009,0.025601,1.000000,1.000000,1.000000,1.000000,0.000000,1.000000,6.000000,6.000000,6.000000,0.000000,34.330097,1.003182,1.285714,0.634210,0.143010,0.656675,22.472205,27.396156,0.800561,17.086497,0.499295,0.105858,0.003093,84.504579,111.556963,139.398705,83.715220,55.683485,0.600545
left,917,387,350,0,-1,0.873861,1285.000000,1198.500000,1371.500000,173.000000,0.928156,135.807869,130.747592,140.868146,10.120554,0.959523,1.070902,1.048780,1.093023,0.044243,0.985824,0.874765,0.868521,0.881009,0.012489,1.000000,1.000000,1.000000,1.000000,0.000000,0.857143,6.500000,6.000000,7.000000,1.000000,40.905539,1.141766,2.093023,0.581747,0.148249,0.502421,18.000000,31.570407,0.881201,20.451611,0.570850,1.744877,0.048703,86.645082,104.010355,109.695059,98.325650,11.369409,0.896354
left,918,386,379,0,-1,0.520896,1019.000000,698.000000,1340.000000,642.000000,0.776054,127.110561,111.082968,143.138154,32.055186,0.979167,1.010638,1.000000,1.021277,0.021277,0.864901,0.766354,0.710838,0.821871,0.111034,1.000000,1.000000,1.000000,1.000000,0.000000,0.714286,6.000000,5.000000,7.000000,2.000000,24.767532,0.785950,1.185185,0.811304,0.032139,1.214594,38.275318,20.269553,0.643215,12.272833,0.389455,6.949964,0.220544,51.364428,152.522187,156.153182,148.891191,7.261991,0.953494
left,919,386,363,0,-1,0.347015,902.500000,465.000000,1340.000000,875.000000,0.636736,117.139684,91.141214,143.138154,51.996940,0.889499,1.084712,1.021277,1.148148,0.126872,0.855912,0.762661,0.703450,0.821871,0.118421,1.000000,1.000000,1.000000,1.000000,0.000000,0.714286,6.000000,5.000000,7.000000,2.000000,34.704267,1.193204,1.574468,0.513378,0.259280,0.414015,12.041595,31.322765,1.076941,17.351813,0.596591,14.264208,0.490433,85.715124,97.184444,109.033316,85.335572,23.697745,0.782656
left,920,386,356,0,-1,0.925373,1290.000000,1240.000000,1340.000000,100.000000,0.947672,139.393052,135.647950,143.138154,7.490204,0.975887,1.033894,1.021277,1.046512,0.025235,0.970507,0.834359,0.821871,0.846847,0.024976,1.000000,1.000000,1.000000,1.000000,0.000000,1.000000,7.000000,7.000000,7.000000,0.000000,47.249819,1.315791,1.078947,0.542887,0.147868,0.479107,17.204651,35.138129,0.978510,23.572388,0.656433,0.947118,0.026375,87.157647,116.814206,131.887691,101.740720,30.146972,0.771419
left,921,385,377,0,-1,0.357544,1028.000000,541.500000,1514.500000,973.000000,0.626459,126.270709,97.270768,155.270650,57.999882,0.940030,1.480549,1.434783,1.526316,0.091533,0.911052,0.754298,0.719190,0.789406,0.070216,1.000000,1.000000,1.000000,1.000000,0.000000,0.571429,5.500000,4.000000,7.000000,3.000000,27.110068,0.871892,1.017544,0.746337,0.075875,1.069088,33.241540,24.859712,0.799518,12.736186,0.409611,9.863636,0.317226,40.237045,157.511412,163.323580,151.699244,11.624336,0.928826
left,922,385,370,0,-1,0.394679,956.750000,541.500000,1372.000000,830.500000,0.686059,119.526349,97.270768,141.781930,44.511162,0.839938,1.319955,1.205128,1.434783,0.229654,0.838535,0.788432,0.719190,0.857674,0.138484,1.000000,1.000000,1.000000,1.000000,0.000000,0.571429,5.500000,4.000000,7.000000,3.000000,31.475069,1.043765,1.434783,0.663357,0.086491,0.806857,24.331050,28.026650,0.929409,15.585126,0.516828,12.039630,0.399254,82.334148,134.463474,147.319445,121.607502,25.711943,0.825468
left,923,385,348,0,-1,0.433373,895.500000,541.500000,1249.500000,708.000000,0.713645,116.786058,97.270768,136.301347,39.030579,0.851852,1.328502,1.222222,1.434783,0.212560,0.850938,0.782182,0.719190,0.845173,0.125983,1.000000,1.000000,1.000000,1.000000,0.000000,0.666667,5.000000,4.000000,6.000000,2.000000,36.746482,1.253752,2.138889,0.543086,0.195701,0.511785,15.000000,29.175907,0.995452,18.349016,0.626049,10.259073,0.350029,86.297193,125.159852,138.930176,111.389529,27.540647,0.801766
left,924,384,365,0,-1,0.560600,988.250000,710.000000,1266.500000,556.500000,0.784238,123.080896,108.197110,137.964682,29.767572,0.870574,1.176651,1.095238,1.258065,0.162826,0.911502,0.799142,0.762144,0.836140,0.073997,1.000000,1.000000,1.000000,1.000000,0.000000,0.833333,5.500000,5.000000,6.000000,1.000000,27.633036,0.888040,1.145455,0.693034,0.127245,0.913503,28.425341,22.455515,0.721651,13.807780,0.443739,5.866944,0.188545,66.470186,122.578202,123.424811,121.731592,1.693219,0.986281
left,925,384,357,0,-1,0.892617,1198.500000,1130.500000,1266.500000,136.000000,0.997599,138.130694,137.964682,138.296706,0.332024,0.978723,1.107143,1.095238,1.119048,0.023810,0.888337,0.789457,0.742774,0.836140,0.093366,1.000000,1.000000,1.000000,1.000000,0.000000,1.000000,6.000000,6.000000,6.000000,0.000000,50.629132,1.463041,1.106667,0.470816,0.225907,0.336997,11.661904,37.176629,1.074301,24.146412,0.697764,0.902854,0.026090,75.414057,113.883992,119.991579,107.776406,12.215173,0.898200
left,926,384,344,0,-1,0.890021,1344.750000,1266.500000,1423.000000,156.500000,0.947890,141.756930,137.964682,145.549177,7.584495,0.932065,1.058036,1.020833,1.095238,0.074405,0.990567,0.840122,0.836140,0.844103,0.007962,1.000000,1.000000,1.000000,1.000000,0.000000,1.000000,6.000000,6.000000,6.000000,0.000000,45.623708,1.244669,1.525424,0.517959,0.211563,0.382910,14.035669,35.214534,0.960694,22.414711,0.611500,3.547147,0.096770,75.826027,94.264996,101.643431,86.886561,14.756870,0.854817
left,927,383,372,0,-1,0.488199,851.250000,558.500000,1144.000000,585.500000,0.748971,113.366277,97.094893,129.637662,32.542769,0.774238,1.296559,1.131579,1.461538,0.329960,0.870296,0.799933,0.744458,0.855408,0.110950,1.000000,1.000000,1.000000,1.000000,0.000000,0.833333,5.500000,5.000000,6.000000,1.000000,28.030839,0.975738,1.391304,0.777282,0.039941,1.058688,30.413813,23.648269,0.823183,13.589801,0.473053,8.526393,0.296799,65.320061,167.547782,175.791015,159.304549,16.486466,0.906216
left,928,383,359,0,-1,0.677791,691.250000,558.500000,824.000000,265.500000,0.864717,104.690059,97.094893,112.285226,15.190333,0.825077,1.333710,1.205882,1.461538,0.255656,0.906460,0.782870,0.744458,0.821281,0.076823,0.989790,0.994895,0.989790,1.000000,0.010210,0.714286,6.000000,5.000000,7.000000,2.000000,31.093704,1.188188,2.000000,0.565204,0.219168,0.650746,17.029386,22.344501,0.853854,12.341737,0.471617,2.881627,0.110116,49.622572,113.507299,116.565051,110.449548,6.115504,0.947536
left,929,382,380,0,-1,0.945595,1198.000000,1164.500000,1231.500000,67.000000,0.982335,134.414487,133.216668,135.612306,2.395638,0.880117,1.208647,1.131579,1.285714,0.154135,0.979910,0.833032,0.824579,0.841484,0.016906,1.000000,1.000000,1.000000,1.000000,0.000000,1.000000,6.000000,6.000000,6.000000,0.000000,28.761432,0.831045,1.382979,0.841070,0.034432,1.150347,39.812058,22.937409,0.662763,14.379407,0.415485,1.005091,0.029042,69.024888,155.910085,161.565051,150.255119,11.309932,0.929998
left,930,382,369,0,-1,0.859093,1260.000000,1164.500000,1355.500000,191.000000,0.936794,137.710750,133.216668,142.204832,8.988164,0.777778,1.142857,1.000000,1.285714,0.285714,0.978930,0.833453,0.824579,0.842327,0.017748,1.000000,1.000000,1.000000,1.000000,0.000000,1.000000,6.000000,6.000000,6.000000,0.000000,33.556321,0.946023,1.192982,0.699440,0.113690,0.883002,31.320920,27.064896,0.763016,16.437142,0.463397,2.624976,0.074004,63.860775,123.950337,130.276888,117.623785,12.653103,0.902875
left,931,382,346,0,-1,0.980632,1176.000000,1164.500000,1187.500000,23.000000,0.982218,134.422538,133.216668,135.628409,2.411742,0.978261,1.300000,1.285714,1.314286,0.028571,0.983807,0.817903,0.811227,0.824579,0.013352,1.000000,1.000000,1.000000,1.000000,0.000000,0.857143,6.500000,6.000000,7.000000,1.000000,43.712258,1.274691,2.368421,0.545406,0.177509,0.525706,18.027756,34.047505,0.992857,21.850142,0.637171,1.157945,0.033767,86.950875,116.259872,138.856801,93.662943,45.193858,0.674529
left,932,381,373,0,-1,0.746863,1009.250000,863.000000,1155.500000,292.500000,0.864409,123.834566,114.828586,132.840546,18.011961,0.942029,1.116667,1.083333,1.150000,0.066667,0.999544,0.822658,0.822471,0.822846,0.000375,1.000000,1.000000,1.000000,1.000000,0.000000,1.000000,6.000000,6.000000,6.000000,0.000000,26.801171,0.845870,1.153846,0.812870,0.034927,1.120746,35.510562,20.296440,0.640574,13.395821,0.422784,2.981370,0.094095,70.484724,152.701766,155.148414,150.255119,4.893295,0.968461
left,933,381,355,0,-1,0.604500,927.000000,698.500000,1155.500000,457.000000,0.842077,122.351231,111.861915,132.840546,20.978631,0.948750,1.181061,1.150000,1.212121,0.062121,0.852498,0.762160,0.701474,0.822846,0.121372,1.000000,1.000000,1.000000,1.000000,0.000000,0.833333,5.500000,5.000000,6.000000,1.000000,42.210651,1.397199,1.222222,0.471278,0.237055,0.370076,11.180340,32.284746,1.068646,20.572502,0.680963,6.969159,0.230684,86.367044,103.603390,106.446311,100.760469,5.685842,0.946585
left,934,381,352,0,-1,0.751190,1011.750000,868.000000,1155.500000,287.500000,0.907299,126.683324,120.526101,132.840546,12.314446,0.938215,1.114474,1.078947,1.150000,0.071053,0.912534,0.786860,0.750875,0.822846,0.071971,1.000000,1.000000,1.000000,1.000000,0.000000,1.000000,6.000000,6.000000,6.000000,0.000000,43.862800,1.382496,1.647059,0.478336,0.184087,0.359368,11.401754,33.056439,1.041894,21.923352,0.690995,3.476938,0.109588,89.958472,93.758089,102.652557,84.863622,17.788935,0.826707
left,935,380,360,0,-1,0.766139,1087.500000,943.500000,1231.500000,288.000000,0.943951,131.811844,128.011381,135.612306,7.600924,0.600430,1.508097,1.131579,1.884615,0.753036,0.859822,0.782506,0.723527,0.841484,0.117958,1.000000,1.000000,1.000000,1.000000,0.000000,1.000000,6.000000,6.000000,6.000000,0.000000,33.469983,1.017183,1.172414,0.575029,0.255862,0.693019,22.803509,27.699288,0.841806,15.897255,0.483132,3.718511,0.113009,51.919355,119.451352,125.288432,113.614272,11.674160,0.906822
left,936,380,346,0,-1,0.964271,1209.500000,1187.500000,1231.500000,44.000000,0.999881,135.620357,135.612306,135.628409,0.016103,0.860984,1.222932,1.131579,1.314286,0.182707,0.964042,0.826355,0.811227,0.841484,0.030258,1.000000,1.000000,1.000000,1.000000,0.000000,0.857143,6.500000,6.000000,7.000000,1.000000,46.765308,1.344742,1.387097,0.492507,0.325134,0.327859,11.401754,35.548018,1.022187,22.113903,0.635888,0.082932,0.002385,78.014563,107.902574,111.033143,104.772006,6.261137,0.943610
left,937,380,341,0,-1,0.690690,1507.250000,1231.500000,1783.000000,551.500000,0.840496,148.480159,135.612306,161.348013,25.735707,0.975775,1.117873,1.104167,1.131579,0.027412,0.977715,0.851075,0.841484,0.860665,0.019180,1.000000,1.000000,1.000000,1.000000,0.000000,1.000000,6.000000,6.000000,6.000000,0.000000,46.236310,1.195999,1.958333,0.583617,0.166031,0.545667,21.095023,36.785449,0.951533,23.115609,0.597934,7.843920,0.202899,86.411060,112.676292,135.690277,89.662308,46.027969,0.660787
left,938,379,378,0,-1,0.922061,727.500000,698.000000,757.000000,59.000000,0.933234,107.374689,103.666411,111.082968,7.416557,0.971429,1.014706,1.000000,1.029412,0.029412,0.803047,0.798007,0.710838,0.885176,0.174338,1.000000,1.000000,1.000000,1.000000,0.000000,0.833333,5.500000,5.000000,6.000000,1.000000,28.863693,1.070347,1.641026,0.570823,0.242268,0.663358,17.888544,23.544494,0.873096,13.274131,0.492242,2.176644,0.080716,56.510379,118.791069,130.836387,106.745751,24.090637,0.815872
left,939,379,363,0,-1,0.666189,581.500000,465.000000,698.000000,233.000000,0.820479,101.112091,91.141214,111.082968,19.941754,0.870968,1.074074,1.000000,1.148148,0.148148,0.989607,0.707144,0.703450,0.710838,0.007388,1.000000,1.000000,1.000000,1.000000,0.000000,1.000000,5.000000,5.000000,5.000000,0.000000,34.591776,1.441818,1.000000,0.465626,0.217971,0.522261,12.529964,26.966454,1.123987,16.478228,0.686828,7.377900,0.307518,76.578566,140.882748,163.254249,118.511246,44.743003,0.725931
left,940,379,353,0,-1,0.620169,911.750000,698.000000,1125.500000,427.500000,0.825219,122.846661,111.082968,134.610355,23.527387,0.937500,1.033333,1.000000,1.066667,0.066667,0.910693,0.745692,0.710838,0.780546,0.069708,1.000000,1.000000,1.000000,1.000000,0.000000,0.833333,5.500000,5.000000,6.000000,1.000000,27.045304,0.901989,1.380000,0.581609,0.171648,0.787113,23.600847,22.187459,0.739975,12.198868,0.406845,4.889959,0.163085,38.381190,91.022704,100.304846,81.740562,18.564284,0.814921
left,941,378,369,0,-1,0.558466,1056.250000,757.000000,1355.500000,598.500000,0.728994,122.935621,103.666411,142.204832,38.538421,0.971429,1.014706,1.000000,1.029412,0.029412,0.951593,0.863751,0.842327,0.885176,0.042849,1.000000,1.000000,1.000000,1.000000,0.000000,1.000000,6.000000,6.000000,6.000000,0.000000,35.384366,1.100076,1.720930,0.581720,0.165917,0.501300,16.124515,28.250148,0.878278,16.920589,0.526050,6.899247,0.214493,62.464278,104.659861,139.951381,69.368342,70.583039,0.495660
left,942,378,361,0,-1,0.745046,660.500000,564.000000,757.000000,193.000000,0.920903,99.566540,95.466670,103.666411,8.199741,0.878028,1.100913,1.029412,1.172414,0.143002,0.878528,0.831414,0.777652,0.885176,0.107524,1.000000,1.000000,1.000000,1.000000,0.000000,1.000000,6.000000,6.000000,6.000000,0.000000,27.687711,1.080236,1.450000,0.620796,0.163891,0.694643,17.804494,22.803895,0.889694,13.149510,0.513028,4.106863,0.160229,70.653665,129.799724,169.599448,90.000000,79.599448,0.530662
left,943,378,353,0,-1,0.672590,941.250000,757.000000,1125.500000,368.500000,0.770122,119.138383,103.666411,134.610355,30.943944,0.965074,1.048039,1.029412,1.066667,0.037255,0.881797,0.832861,0.780546,0.885176,0.104630,1.000000,1.000000,1.000000,1.000000,0.000000,1.000000,6.000000,6.000000,6.000000,0.000000,34.358044,1.125348,1.048387,0.667347,0.069323,0.818838,25.000000,26.862979,0.879858,17.057309,0.558687,6.979814,0.228614,83.385529,158.988264,165.027124,152.949403,12.077721,0.926814
left,944,377,368,0,-1,0.707494,1293.000000,1071.500000,1514.500000,443.000000,0.831830,142.214715,129.158781,155.270650,26.111870,0.814539,1.384780,1.243243,1.526316,0.283073,0.978017,0.798278,0.789406,0.807150,0.017744,1.000000,1.000000,1.000000,1.000000,0.000000,0.714286,6.000000,5.000000,7.000000,2.000000,34.045211,0.950315,1.000000,0.639802,0.203016,0.824271,29.529646,29.225528,0.815782,16.829644,0.469771,1.465173,0.040898,59.896492,130.054825,155.224859,104.884791,50.340068,0.675696
left,945,377,348,0,-1,0.825025,1382.000000,1249.500000,1514.500000,265.000000,0.877831,145.785999,136.301347,155.270650,18.969303,0.800766,1.374269,1.222222,1.526316,0.304094,0.934017,0.817290,0.789406,0.845173,0.055767,1.000000,1.000000,1.000000,1.000000,0.000000,0.857143,6.500000,6.000000,7.000000,1.000000,49.364212,1.329410,1.557377,0.505830,0.172576,0.397626,14.764823,35.638418,0.959766,24.673884,0.664484,5.763175,0.155206,88.370291,101.982271,107.053315,96.911227,10.142088,0.905261
left,946,377,342,0,-1,0.912624,1587.000000,1514.500000,1659.500000,145.000000,0.994258,155.718991,155.270650,156.167333,0.896682,0.668822,1.273575,1.020833,1.526316,0.505482,0.923195,0.822243,0.789406,0.855080,0.065674,1.000000,1.000000,1.000000,1.000000,0.000000,1.000000,7.000000,7.000000,7.000000,0.000000,52.079644,1.307654,1.909091,0.463567,0.338374,0.227369,9.055385,40.484819,1.016523,26.131944,0.656140,0.451839,0.011345,83.730603,93.860913,107.587633,80.134193,27.453440,0.744827
left,947,376,370,0,-1,0.491254,1023.000000,674.000000,1372.000000,698.000000,0.737211,123.152567,104.523203,141.781930,37.258727,0.919703,1.257737,1.205128,1.310345,0.105217,0.903904,0.816464,0.775255,0.857674,0.082419,0.986823,0.993411,0.986823,1.000000,0.013177,0.857143,6.500000,6.000000,7.000000,1.000000,37.792525,1.199724,1.674419,0.526385,0.260264,0.401546,12.649111,28.322772,0.899107,18.583666,0.589939,10.743501,0.341053,79.627503,99.588256,125.436716,73.739795,51.696921,0.587865
left,948,376,360,0,-1,0.714361,808.750000,674.000000,943.500000,269.500000,0.816515,116.267292,104.523203,128.011381,23.488178,0.695285,1.597480,1.310345,1.884615,0.574271,0.933276,0.749391,0.723527,0.775255,0.051728,0.986823,0.993411,0.986823,1.000000,0.013177,1.000000,6.000000,6.000000,6.000000,0.000000,26.794463,0.945499,1.111111,0.623905,0.224730,0.918143,26.019224,22.983182,0.811010,11.600528,0.409349,1.362996,0.048096,35.149529,129.486488,134.277823,124.695154,9.582669,0.928636
left,949,376,354,0,-1,0.873623,722.750000,674.000000,771.500000,97.500000,0.938219,107.964561,104.523203,111.405919,6.882716,0.974359,1.327586,1.310345,1.344828,0.034483,0.992465,0.778198,0.775255,0.781141,0.005886,0.986823,0.993411,0.986823,1.000000,0.013177,1.000000,6.000000,6.000000,6.000000,0.000000,28.268014,1.052080,2.096774,0.689900,0.063992,0.998664,26.832816,21.954379,0.817099,12.781745,0.475711,1.616889,0.060177,57.666147,160.463752,169.667299,151.260205,18.407095,0.891511
left,950,375,368,0,-1,0.994867,1068.750000,1066.000000,1071.500000,5.500000,0.997593,129.003323,128.847866,129.158781,0.310915,0.916063,1.191066,1.138889,1.243243,0.104354,0.999674,0.807018,0.806887,0.807150,0.000263,1.000000,1.000000,1.000000,1.000000,0.000000,0.833333,5.500000,5.000000,6.000000,1.000000,39.649822,1.212840,1.653061,0.508048,0.260819,0.429334,14.035669,30.652338,0.937618,18.908837,0.578398,2.198881,0.067261,58.835077,109.426564,126.573031,92.280098,34.292933,0.729066
left,951,375,366,0,-1,0.749648,1244.000000,1066.000000,1422.000000,356.000000,0.899624,136.036016,128.847866,143.224166,14.376300,0.897970,1.203591,1.138889,1.268293,0.129404,0.926266,0.839002,0.806887,0.871118,0.064231,1.000000,1.000000,1.000000,1.000000,0.000000,0.857143,6.500000,6.000000,7.000000,1.000000,29.938437,0.851019,1.283019,0.830985,0.062701,1.110056,39.051248,25.282281,0.718664,14.967829,0.425470,3.433467,0.097598,82.258921,154.452413,155.695451,153.209376,2.486075,0.984032
left,952,375,340,0,-1,0.531803,1535.250000,1066.000000,2004.500000,938.500000,0.762087,148.960129,128.847866,169.072393,40.224527,0.984463,1.147876,1.138889,1.156863,0.017974,0.915677,0.844039,0.806887,0.881192,0.074305,1.000000,1.000000,1.000000,1.000000,0.000000,0.857143,6.500000,6.000000,7.000000,1.000000,39.890083,1.030468,1.491525,0.651665,0.156652,0.705095,27.294688,30.948395,0.799480,19.862213,0.513094,7.096050,0.183310,83.849342,125.489339,139.085617,111.893062,27.192555,0.804491
left,953,374,366,0,-1,0.656118,1177.500000,933.000000,1422.000000,489.000000,0.854788,132.825261,122.426357,143.224166,20.797809,0.958940,1.242254,1.216216,1.268293,0.052076,0.897976,0.826680,0.782243,0.871118,0.088875,1.000000,1.000000,1.000000,1.000000,0.000000,0.714286,6.000000,5.000000,7.000000,2.000000,40.425139,1.184542,1.615385,0.516599,0.307006,0.385409,13.152946,31.795525,0.931676,20.174511,0.591156,4.477492,0.131200,80.576013,106.181086,109.440035,102.922136,6.517898,0.940443
left,954,374,351,0,-1,0.805352,1045.750000,933.000000,1158.500000,225.500000,0.929399,127.076346,122.426357,131.726334,9.299977,0.886824,1.293822,1.216216,1.371429,0.155212,0.932354,0.810620,0.782243,0.838998,0.056755,1.000000,1.000000,1.000000,1.000000,0.000000,0.833333,5.500000,5.000000,6.000000,1.000000,39.105454,1.211036,1.000000,0.536423,0.288310,0.507921,16.401219,31.318853,0.969897,19.496508,0.603777,0.017637,0.000546,88.812256,119.542522,127.056528,112.028515,15.028013,0.881722
left,955,374,345,0,-1,0.685022,1147.500000,933.000000,1362.000000,429.000000,0.832265,134.763311,122.426357,147.100264,24.673907,0.931852,1.174775,1.133333,1.216216,0.082883,0.988967,0.786607,0.782243,0.790970,0.008727,1.000000,1.000000,1.000000,1.000000,0.000000,1.000000,5.000000,5.000000,5.000000,0.000000,29.357701,0.870498,1.407407,0.726081,0.102397,1.041184,35.114100,24.597935,0.729364,14.414774,0.427419,5.272876,0.156348,45.014718,139.367297,140.385999,138.348595,2.037405,0.985487
left,956,373,352,0,-1,0.994240,865.500000,863.000000,868.000000,5.000000,0.952728,117.677343,114.828586,120.526101,5.697515,0.995951,1.081140,1.078947,1.083333,0.004386,0.912949,0.786673,0.750875,0.822471,0.071597,1.000000,1.000000,1.000000,1.000000,0.000000,1.000000,6.000000,6.000000,6.000000,0.000000,42.795536,1.454673,1.044118,0.456105,0.315136,0.288425,8.485281,33.431018,1.136362,21.325599,0.724883,0.960306,0.032642,86.632691,111.828688,116.565051,107.092325,9.472726,0.918734
left,957,373,350,0,-1,0.629238,1117.250000,863.000000,1371.500000,508.500000,0.815149,127.848366,114.828586,140.868146,26.039560,0.991135,1.088178,1.083333,1.093023,0.009690,0.946979,0.845496,0.822471,0.868521,0.046049,1.000000,1.000000,1.000000,1.000000,0.000000,0.857143,6.500000,6.000000,7.000000,1.000000,37.116583,1.117790,1.014286,0.571613,0.188409,0.512851,17.029386,28.818472,0.867887,18.535817,0.558218,7.249474,0.218323,79.681634,112.052413,120.068583,104.036243,16.032339,0.866473
left,958,373,339,0,-1,0.656773,1088.500000,863.000000,1314.000000,451.000000,0.799237,129.250636,114.828586,143.672687,28.844101,0.892157,1.148810,1.083333,1.214286,0.130952,0.972604,0.811205,0.799939,0.822471,0.022532,1.000000,1.000000,1.000000,1.000000,0.000000,1.000000,6.000000,6.000000,6.000000,0.000000,38.273119,1.166401,1.775510,0.594578,0.118512,0.670466,22.000000,30.272802,0.922586,18.623014,0.567550,7.748737,0.236148,73.315185,117.081174,125.727398,108.434949,17.292449,0.862461
left,959,372,359,0,-1,0.720280,984.000000,824.000000,1144.000000,320.000000,0.866147,120.961444,112.285226,129.637662,17.352436,0.938383,1.168731,1.131579,1.205882,0.074303,0.960104,0.838345,0.821281,0.855408,0.034127,0.989790,0.994895,0.989790,1.000000,0.010210,0.857143,6.500000,6.000000,7.000000,1.000000,33.535899,1.072660,1.100000,0.536402,0.188516,0.435049,13.601471,26.220588,0.838677,15.974123,0.510939,5.738223,0.183540,69.411977,90.151533,121.077101,59.225964,61.851137,0.489159
left,960,372,350,0,-1,0.834123,1257.750000,1144.000000,1371.500000,227.500000,0.920277,135.252904,129.637662,140.868146,11.230484,0.965928,1.112301,1.093023,1.131579,0.038556,0.984903,0.861964,0.855408,0.868521,0.013112,1.000000,1.000000,1.000000,1.000000,0.000000,0.857143,6.500000,6.000000,7.000000,1.000000,40.157147,1.133473,1.000000,0.579143,0.222222,0.520460,18.439089,30.993090,0.874809,19.766818,0.557937,2.621390,0.073991,86.117851,114.010229,122.275644,105.744814,16.530830,0.864807
left,961,372,347,0,-1,0.816871,1039.250000,934.500000,1144.000000,209.500000,0.938599,125.657707,121.677753,129.637662,7.959909,0.883721,1.065789,1.000000,1.131579,0.131579,0.927242,0.824290,0.793171,0.855408,0.062237,1.000000,1.000000,1.000000,1.000000,0.000000,0.833333,5.500000,5.000000,6.000000,1.000000,35.452754,1.101143,1.767442,0.563681,0.214818,0.559932,18.027756,28.083529,0.872259,17.720120,0.550377,1.188271,0.036907,87.478106,104.903376,111.676650,98.130102,13.546548,0.878698
left,962,371,358,0,-1,0.734951,1412.250000,1196.500000,1628.000000,431.500000,0.867406,147.272248,136.815236,157.729259,20.914023,0.973344,1.179194,1.163265,1.195122,0.031857,0.976819,0.812787,0.803255,0.822318,0.019063,1.000000,1.000000,1.000000,1.000000,0.000000,0.857143,6.500000,6.000000,7.000000,1.000000,31.365078,0.837084,1.158730,0.816302,0.043016,1.147911,43.011626,26.326327,0.702607,15.517814,0.414146,3.763798,0.100450,82.732177,155.573103,166.153792,144.992415,21.161377,0.872640
left,963,371,351,0,-1,0.968241,1177.500000,1158.500000,1196.500000,38.000000,0.962805,134.270785,131.726334,136.815236,5.088902,0.871443,1.283275,1.195122,1.371429,0.176307,0.957399,0.821126,0.803255,0.838998,0.035742,1.000000,1.000000,1.000000,1.000000,0.000000,1.000000,6.000000,6.000000,6.000000,0.000000,40.490056,1.180000,1.057971,0.578817,0.104883,0.618216,21.213203,29.421294,0.857424,20.223375,0.589369,0.628940,0.018329,81.906048,116.820720,125.537678,108.103763,17.433915,0.861126
left,964,371,338,0,-1,0.754652,1391.000000,1196.500000,1585.500000,389.000000,0.899963,144.419193,136.815236,152.023151,15.207915,0.887963,1.128173,1.061224,1.195122,0.133897,0.931745,0.832677,0.803255,0.862098,0.058843,1.000000,1.000000,1.000000,1.000000,0.000000,0.857143,6.500000,6.000000,7.000000,1.000000,48.243218,1.296707,1.877551,0.476982,0.385514,0.243396,9.055385,38.755992,1.041705,23.958808,0.643978,5.044747,0.135595,78.498719,103.183072,110.556045,95.810099,14.745946,0.866620
left,965,370,354,0,-1,0.562318,1071.750000,771.500000,1372.000000,600.500000,0.785755,126.593925,111.405919,141.781930,30.376011,0.896121,1.274978,1.205128,1.344828,0.139699,0.910767,0.819407,0.781141,0.857674,0.076533,1.000000,1.000000,1.000000,1.000000,0.000000,0.857143,6.500000,6.000000,7.000000,1.000000,43.384315,1.338683,1.213115,0.505545,0.307441,0.344985,11.180340,34.003238,1.049217,20.999782,0.647977,10.300163,0.317826,65.242426,114.912608,135.000000,94.825217,40.174783,0.702409
left,966,370,348,0,-1,0.910714,1310.750000,1249.500000,1372.000000,122.500000,0.961345,139.041639,136.301347,141.781930,5.480583,0.986014,1.213675,1.205128,1.222222,0.017094,0.985425,0.851424,0.845173,0.857674,0.012501,1.000000,1.000000,1.000000,1.000000,0.000000,0.857143,6.500000,6.000000,7.000000,1.000000,41.973800,1.159677,1.071429,0.537549,0.307648,0.421732,15.264338,32.866757,0.908062,20.734283,0.572859,2.181149,0.060262,87.891184,104.991641,110.520959,99.462322,11.058637,0.899941
left,967,370,343,0,-1,0.852704,1490.500000,1372.000000,1609.000000,237.000000,0.922520,147.735851,141.781930,153.689771,11.907841,0.942940,1.170746,1.136364,1.205128,0.068765,0.998053,0.856839,0.856004,0.857674,0.001670,1.000000,1.000000,1.000000,1.000000,0.000000,0.857143,6.500000,6.000000,7.000000,1.000000,35.248423,0.913730,1.480769,0.770433,0.075646,0.971664,37.483330,28.685961,0.743614,17.618111,0.456707,2.616150,0.067817,88.123658,146.370738,155.658910,137.082565,18.576345,0.880660
left,968,369,361,0,-1,0.416083,959.750000,564.000000,1355.500000,791.500000,0.671332,118.835751,95.466670,142.204832,46.738162,0.852941,1.086207,1.000000,1.172414,0.172414,0.923219,0.809990,0.777652,0.842327,0.064675,1.000000,1.000000,1.000000,1.000000,0.000000,1.000000,6.000000,6.000000,6.000000,0.000000,32.173507,1.062432,1.105263,0.616382,0.201875,0.657957,19.924859,25.491937,0.841793,15.079862,0.497966,9.554378,0.315504,70.435862,115.721047,121.032210,110.409883,10.622327,0.912236
left,969,369,349,0,-1,0.575433,1067.750000,780.000000,1355.500000,575.500000,0.758749,125.051316,107.897800,142.204832,34.307032,0.882353,1.066667,1.000000,1.133333,0.133333,0.999536,0.842132,0.841936,0.842327,0.000391,1.000000,1.000000,1.000000,1.000000,0.000000,0.833333,5.500000,5.000000,6.000000,1.000000,32.154112,0.993245,1.690476,0.727443,0.079841,0.896346,29.017236,25.297178,0.781433,16.070041,0.496406,7.641056,0.236033,78.430671,151.042540,158.045598,144.039483,14.006115,0.911379
left,970,369,346,0,-1,0.876060,1271.500000,1187.500000,1355.500000,168.000000,0.953754,138.916620,135.628409,142.204832,6.576423,0.760870,1.157143,1.000000,1.314286,0.314286,0.963078,0.826777,0.811227,0.842327,0.031100,1.000000,1.000000,1.000000,1.000000,0.000000,0.857143,6.500000,6.000000,7.000000,1.000000,41.604246,1.167392,1.056338,0.496624,0.285686,0.339044,12.083046,32.584900,0.914314,19.896032,0.558272,3.789109,0.106320,69.125650,94.527464,103.519414,85.535513,17.983901,0.826275
left,971,368,342,0,-1,0.645676,1365.500000,1071.500000,1659.500000,588.000000,0.827054,142.663057,129.158781,156.167333,27.008552,0.821105,1.132038,1.020833,1.243243,0.222410,0.943947,0.831115,0.807150,0.855080,0.047930,1.000000,1.000000,1.000000,1.000000,0.000000,0.714286,6.000000,5.000000,7.000000,2.000000,35.693006,0.971625,1.193548,0.737235,0.064445,0.946909,34.785054,28.416469,0.773545,17.462724,0.475365,6.800074,0.185110,78.700027,135.867852,147.094757,124.640948,22.453810,0.847351
left,972,368,340,0,-1,0.534547,1538.000000,1071.500000,2004.500000,933.000000,0.763926,149.115587,129.158781,169.072393,39.913612,0.930520,1.200053,1.156863,1.243243,0.086380,0.915975,0.844171,0.807150,0.881192,0.074042,1.000000,1.000000,1.000000,1.000000,0.000000,0.714286,6.000000,5.000000,7.000000,2.000000,46.542162,1.201004,1.171053,0.553394,0.142555,0.437919,16.970563,35.395489,0.913368,23.154238,0.597487,11.424165,0.294797,80.582676,95.340772,96.340192,94.341352,1.998840,0.979252
left,973,367,364,0,-1,0.922645,1112.250000,1067.500000,1157.000000,89.500000,0.972604,136.243538,134.351379,138.135698,3.784319,0.895833,1.109756,1.048780,1.170732,0.121951,0.975354,0.752569,0.743179,0.761959,0.018779,1.000000,1.000000,1.000000,1.000000,0.000000,1.000000,5.000000,5.000000,5.000000,0.000000,27.103569,0.812855,1.479167,0.828210,0.000000,1.331128,44.384682,22.694153,0.680614,13.397758,0.401808,0.232616,0.006976,55.803940,174.479530,175.236358,173.722702,1.513657,0.991362
left,974,366,345,0,-1,0.957806,1392.000000,1362.000000,1422.000000,60.000000,0.973650,145.162215,143.224166,147.100264,3.876099,0.893590,1.200813,1.133333,1.268293,0.134959,0.907994,0.831044,0.790970,0.871118,0.080148,1.000000,1.000000,1.000000,1.000000,0.000000,0.714286,6.000000,5.000000,7.000000,2.000000,43.688255,1.171036,1.053333,0.560530,0.196839,0.542747,20.248457,33.406454,0.895439,21.823533,0.584966,2.689091,0.072079,77.163942,111.846404,118.729269,104.963540,13.765729,0.884058
left,975,366,340,0,-1,0.709404,1713.250000,1422.000000,2004.500000,582.500000,0.847117,156.148279,143.224166,169.072393,25.848227,0.912142,1.212578,1.156863,1.268293,0.111430,0.988568,0.876155,0.871118,0.881192,0.010074,1.000000,1.000000,1.000000,1.000000,0.000000,1.000000,7.000000,7.000000,7.000000,0.000000,45.824436,1.111151,1.048193,0.587693,0.200496,0.504568,20.808652,35.525847,0.861430,22.682137,0.549996,3.641507,0.088299,82.360362,111.532062,128.166563,94.897562,33.269000,0.740424
left,976,366,327,0,-1,0.823155,1574.750000,1422.000000,1727.500000,305.500000,0.874823,153.470985,143.224166,163.717803,20.493638,0.981554,1.256595,1.244898,1.268293,0.023395,0.929735,0.840513,0.809909,0.871118,0.061209,1.000000,1.000000,1.000000,1.000000,0.000000,1.000000,7.000000,7.000000,7.000000,0.000000,52.473691,1.323879,1.709677,0.514280,0.242578,0.372508,14.764823,39.937520,1.007599,25.866108,0.652586,6.988620,0.176319,79.984925,109.591124,115.351786,103.830462,11.521324,0.900120
left,977,365,362,0,-1,0.633363,915.500000,710.000000,1121.000000,411.000000,0.833035,119.040062,108.197110,129.883014,21.685904,0.857625,1.168506,1.078947,1.258065,0.179117,0.912696,0.798595,0.762144,0.835047,0.072903,1.000000,1.000000,1.000000,1.000000,0.000000,0.833333,5.500000,5.000000,6.000000,1.000000,24.403597,0.811733,1.333333,0.817777,0.038230,1.169888,35.171011,18.755982,0.623877,12.180754,0.405166,4.959622,0.164971,7.470721,149.185945,156.037511,142.334379,13.703132,0.912181
left,978,365,344,0,-1,0.498946,1066.500000,710.000000,1423.000000,713.000000,0.743371,126.873143,108.197110,145.549177,37.352068,0.811432,1.139449,1.020833,1.258065,0.237231,0.902904,0.803123,0.762144,0.844103,0.081959,1.000000,1.000000,1.000000,1.000000,0.000000,0.833333,5.500000,5.000000,6.000000,1.000000,35.976125,1.117818,1.030303,0.629597,0.129395,0.736588,23.706539,30.183773,0.937843,17.698895,0.549924,9.787694,0.304114,68.757186,133.476799,136.624976,130.328622,6.296354,0.953915
left,979,365,337,0,-1,0.676835,879.500000,710.000000,1049.000000,339.000000,0.851327,117.644728,108.197110,127.092346,18.895236,0.814259,1.141227,1.024390,1.258065,0.233674,0.933878,0.789125,0.762144,0.816106,0.053962,1.000000,1.000000,1.000000,1.000000,0.000000,0.833333,5.500000,5.000000,6.000000,1.000000,39.112955,1.325097,1.951220,0.486302,0.322058,0.374203,11.045361,31.745801,1.075507,19.284377,0.653330,4.338870,0.146995,71.675955,112.432272,117.219832,107.644712,9.575119,0.918315
left,980,364,357,0,-1,0.977096,1143.750000,1130.500000,1157.000000,26.500000,0.998836,138.216202,138.135698,138.296706,0.161009,0.955853,1.144890,1.119048,1.170732,0.051684,0.974822,0.752366,0.742774,0.761959,0.019184,1.000000,1.000000,1.000000,1.000000,0.000000,0.833333,5.500000,5.000000,6.000000,1.000000,25.866767,0.764863,1.140351,0.748396,0.068197,1.189408,40.224371,21.167068,0.625896,12.913742,0.381851,0.895737,0.026486,34.967264,134.154019,150.255119,118.052919,32.202200,0.785683
left,981,363,356,0,-1,0.375000,852.500000,465.000000,1240.000000,775.000000,0.671895,113.394582,91.141214,135.647950,44.506736,0.911478,1.097330,1.046512,1.148148,0.101637,0.830669,0.775149,0.703450,0.846847,0.143397,1.000000,1.000000,1.000000,1.000000,0.000000,0.714286,6.000000,5.000000,7.000000,2.000000,27.361066,0.963800,1.466667,0.737302,0.048680,0.991951,28.160256,21.452346,0.755664,12.809740,0.451226,9.065726,0.319342,47.758968,157.759501,166.293039,149.225964,17.067075,0.897367
left,982,363,353,0,-1,0.413150,795.250000,465.000000,1125.500000,660.500000,0.677074,112.875785,91.141214,134.610355,43.469141,0.929032,1.107407,1.066667,1.148148,0.081481,0.901228,0.741998,0.703450,0.780546,0.077096,1.000000,1.000000,1.000000,1.000000,0.000000,0.833333,5.500000,5.000000,6.000000,1.000000,30.203232,1.096061,1.555556,0.521595,0.277900,0.544343,15.000000,24.963204,0.905903,12.892023,0.467845,7.927193,0.287674,50.640482,105.184129,115.005189,95.363069,19.642119,0.829207
left,983,363,336,0,-1,0.388796,830.500000,465.000000,1196.000000,731.000000,0.696443,111.003991,91.141214,130.866768,39.725554,0.979839,1.136574,1.125000,1.148148,0.023148,0.801587,0.790510,0.703450,0.877571,0.174121,1.000000,1.000000,1.000000,1.000000,0.000000,0.714286,6.000000,5.000000,7.000000,2.000000,29.208205,1.040417,1.600000,0.680088,0.142685,0.833860,23.409400,23.702574,0.844303,13.304166,0.473904,10.051767,0.358051,66.827083,128.989178,140.194429,117.783926,22.410502,0.840147
left,984,362,355,0,-1,0.623104,909.750000,698.500000,1121.000000,422.500000,0.861251,120.872464,111.861915,129.883014,18.021099,0.890132,1.145534,1.078947,1.212121,0.133174,0.840042,0.768261,0.701474,0.835047,0.133572,1.000000,1.000000,1.000000,1.000000,0.000000,0.833333,5.500000,5.000000,6.000000,1.000000,24.214924,0.808370,1.250000,0.771299,0.052762,1.161234,34.785054,20.080054,0.670335,12.046067,0.402136,5.313478,0.177381,42.468833,153.971077,158.198591,149.743563,8.455028,0.946554
left,985,362,337,0,-1,0.935772,1085.000000,1049.000000,1121.000000,72.000000,0.978514,128.487680,127.092346,129.883014,2.790668,0.949435,1.051669,1.024390,1.078947,0.054557,0.977318,0.825576,0.816106,0.835047,0.018941,1.000000,1.000000,1.000000,1.000000,0.000000,1.000000,6.000000,6.000000,6.000000,0.000000,43.472434,1.319954,1.117647,0.511478,0.241935,0.395885,13.038405,33.343719,1.012416,21.626598,0.656649,0.293980,0.008926,88.824600,110.198672,110.376435,110.020909,0.355526,0.996779
left,986,362,330,0,-1,0.796165,1264.500000,1121.000000,1408.000000,287.000000,0.897594,137.292132,129.883014,144.701250,14.818236,0.967126,1.061213,1.043478,1.078947,0.035469,0.988195,0.840034,0.835047,0.845022,0.009975,1.000000,1.000000,1.000000,1.000000,0.000000,0.857143,6.500000,6.000000,7.000000,1.000000,42.269467,1.190611,1.812500,0.540049,0.241597,0.450675,16.000000,32.634826,0.919230,21.102415,0.594395,3.104389,0.087442,88.942692,101.958123,102.094757,101.821488,0.273269,0.997323
left,987,361,353,0,-1,0.501111,844.750000,564.000000,1125.500000,561.500000,0.709207,115.038512,95.466670,134.610355,39.143685,0.909804,1.119540,1.066667,1.172414,0.105747,0.996293,0.779099,0.777652,0.780546,0.002894,1.000000,1.000000,1.000000,1.000000,0.000000,1.000000,6.000000,6.000000,6.000000,0.000000,33.195822,1.158725,1.511111,0.530363,0.332347,0.523586,15.000000,26.030125,0.908601,14.107589,0.492436,7.271343,0.253812,47.250191,108.067068,111.161260,104.972876,6.188384,0.944330
left,988,361,349,0,-1,0.723077,672.000000,564.000000,780.000000,216.000000,0.884788,101.682235,95.466670,107.897800,12.431130,0.966667,1.152874,1.133333,1.172414,0.039080,0.923647,0.809794,0.777652,0.841936,0.064284,1.000000,1.000000,1.000000,1.000000,0.000000,0.833333,5.500000,5.000000,6.000000,1.000000,28.389704,1.098733,1.208333,0.572608,0.264509,0.611929,15.811388,23.653281,0.915425,14.075460,0.544746,4.607537,0.178320,83.430220,127.741026,149.931417,105.550634,44.380783,0.703993
left,989,361,335,0,-1,0.484744,863.750000,564.000000,1163.500000,599.500000,0.708703,115.086419,95.466670,134.706168,39.239499,0.852941,1.086207,1.000000,1.172414,0.172414,0.965126,0.791702,0.777652,0.805752,0.028100,1.000000,1.000000,1.000000,1.000000,0.000000,1.000000,6.000000,6.000000,6.000000,0.000000,39.565931,1.367672,1.046875,0.504823,0.155716,0.394123,11.401754,29.788150,1.029684,19.544208,0.675583,12.880627,0.445243,83.509457,121.843267,157.833654,85.852881,71.980773,0.543945
left,990,361,331,0,-1,0.554300,790.750000,564.000000,1017.500000,453.500000,0.766432,110.013256,95.466670,124.559842,29.093172,0.859770,1.268025,1.172414,1.363636,0.191223,0.943620,0.800884,0.777652,0.824116,0.046463,1.000000,1.000000,1.000000,1.000000,0.000000,1.000000,6.000000,6.000000,6.000000,0.000000,33.994961,1.221808,1.973684,0.556488,0.157129,0.557952,15.524175,25.106091,0.902335,15.900142,0.571465,7.762260,0.278982,67.654217,116.827868,117.090686,116.565051,0.525635,0.995511
left,991,360,354,0,-1,0.817700,857.500000,771.500000,943.500000,172.000000,0.870281,119.708650,111.405919,128.011381,16.605462,0.713582,1.614721,1.344828,1.884615,0.539788,0.926244,0.752334,0.723527,0.781141,0.057614,1.000000,1.000000,1.000000,1.000000,0.000000,1.000000,6.000000,6.000000,6.000000,0.000000,27.177573,0.929270,1.038462,0.555369,0.203207,0.725333,21.213203,23.016481,0.786991,12.744585,0.435769,0.534927,0.018291,40.115236,106.868695,148.099843,65.637547,82.462296,0.443198
left,992,360,341,0,-1,0.529164,1363.250000,943.500000,1783.000000,839.500000,0.793387,144.679697,128.011381,161.348013,33.336631,0.585884,1.494391,1.104167,1.884615,0.780449,0.840660,0.792096,0.723527,0.860665,0.137138,1.000000,1.000000,1.000000,1.000000,0.000000,1.000000,6.000000,6.000000,6.000000,0.000000,36.747389,1.007578,1.271186,0.661494,0.114066,0.846889,30.886890,28.346920,0.777245,17.297345,0.474276,9.766158,0.267779,54.258995,117.686639,124.677828,110.695451,13.982377,0.887852
left,993,360,328,0,-1,0.838898,867.500000,791.500000,943.500000,152.000000,0.931336,123.616505,119.221628,128.011381,8.789753,0.739641,1.639277,1.393939,1.884615,0.490676,0.967155,0.711645,0.699763,0.723527,0.023764,1.000000,1.000000,1.000000,1.000000,0.000000,1.000000,6.000000,6.000000,6.000000,0.000000,45.709611,1.553426,2.611111,0.408204,0.343804,0.273993,8.062258,34.566256,1.174723,22.814773,0.775353,5.886860,0.200063,83.531775,115.018811,123.392584,106.645038,16.747546,0.864274
left,994,359,347,0,-1,0.881755,879.250000,824.000000,934.500000,110.500000,0.922808,116.981489,112.285226,121.677753,9.392527,0.829268,1.102941,1.000000,1.205882,0.205882,0.965773,0.807226,0.793171,0.821281,0.028110,0.989790,0.994895,0.989790,1.000000,0.010210,0.714286,6.000000,5.000000,7.000000,2.000000,33.721989,1.137815,1.122807,0.578220,0.232585,0.649022,19.235384,26.739570,0.902221,16.860263,0.568883,2.382730,0.080396,82.387568,130.585961,140.792796,120.379126,20.413670,0.855009
left,995,359,318,0,-1,0.451136,1325.250000,824.000000,1826.500000,1002.500000,0.690169,137.488843,112.285226,162.692460,50.407234,0.995122,1.202941,1.200000,1.205882,0.005882,0.947103,0.844216,0.821281,0.867151,0.045870,0.989790,0.994895,0.989790,1.000000,0.010210,1.000000,7.000000,7.000000,7.000000,0.000000,43.825384,1.226863,1.920000,0.562416,0.209772,0.442630,15.811388,33.879668,0.948439,21.651937,0.606132,12.738453,0.356605,82.591105,117.218672,131.148690,103.288654,27.860036,0.787569
left,996,358,338,0,-1,0.973894,1606.750000,1585.500000,1628.000000,42.500000,0.963823,154.876205,152.023151,157.729259,5.706108,0.912281,1.112245,1.061224,1.163265,0.102041,0.953857,0.842208,0.822318,0.862098,0.039780,1.000000,1.000000,1.000000,1.000000,0.000000,1.000000,7.000000,7.000000,7.000000,0.000000,42.415135,1.058172,1.178082,0.683035,0.068461,0.830809,33.301652,31.407262,0.783548,21.148794,0.527620,2.692445,0.067171,85.481981,129.081070,138.964655,119.197486,19.767169,0.857754
left,997,357,344,0,-1,0.794448,1276.750000,1130.500000,1423.000000,292.500000,0.950172,141.922942,138.296706,145.549177,7.252471,0.912234,1.069940,1.020833,1.119048,0.098214,0.879957,0.793438,0.742774,0.844103,0.101329,1.000000,1.000000,1.000000,1.000000,0.000000,1.000000,6.000000,6.000000,6.000000,0.000000,28.770463,0.806510,1.263158,0.788362,0.061876,1.150702,41.048752,22.426402,0.628670,14.085724,0.394859,3.250202,0.091112,28.779676,145.305707,153.121860,137.489553,15.632307,0.897909
left,998,357,334,0,-1,0.746572,987.250000,844.000000,1130.500000,286.500000,0.818856,125.770929,113.245151,138.296706,25.051555,0.923214,1.165584,1.119048,1.212121,0.093074,0.898139,0.784894,0.742774,0.827014,0.084240,1.000000,1.000000,1.000000,1.000000,0.000000,0.833333,5.500000,5.000000,6.000000,1.000000,34.448958,1.099296,1.470588,0.576044,0.189668,0.702039,22.000000,28.804908,0.919189,16.910106,0.539616,5.616527,0.179228,70.400131,123.232205,148.031157,98.433252,49.597906,0.664950
left,999,356,336,0,-1,0.964516,1218.000000,1196.000000,1240.000000,44.000000,0.964753,133.257359,130.866768,135.647950,4.781183,0.930233,1.085756,1.046512,1.125000,0.078488,0.964990,0.862209,0.846847,0.877571,0.030724,1.000000,1.000000,1.000000,1.000000,0.000000,1.000000,7.000000,7.000000,7.000000,0.000000,36.981305,1.059684,1.121212,0.510476,0.179803,0.309947,10.816654,30.678307,0.879074,18.332205,0.525302,0.030285,0.000868,82.798261,73.904959,94.297387,53.512532,40.784855,0.567487
left,1000,356,333,0,-1,0.591129,986.500000,733.000000,1240.000000,507.000000,0.791383,121.498722,107.349493,135.647950,28.298457,0.933375,1.083862,1.046512,1.121212,0.074700,0.943863,0.823077,0.799307,0.846847,0.047540,1.000000,1.000000,1.000000,1.000000,0.000000,0.714286,6.000000,5.000000,7.000000,2.000000,35.249947,1.131845,1.702128,0.602851,0.107197,0.645385,20.099751,27.149082,0.871733,16.642235,0.534367,6.923141,0.222296,66.780705,114.621026,115.559965,113.682088,1.877877,0.983750
left,1001,355,352,0,-1,0.804724,783.250000,698.500000,868.000000,169.500000,0.928114,116.194008,111.861915,120.526101,8.664185,0.890132,1.145534,1.078947,1.212121,0.133174,0.934210,0.726174,0.701474,0.750875,0.049400,1.000000,1.000000,1.000000,1.000000,0.000000,0.833333,5.500000,5.000000,6.000000,1.000000,19.257050,0.689093,1.063830,0.846859,0.019151,1.430015,39.962482,15.690149,0.561455,9.628376,0.344541,1.679759,0.060108,16.299374,166.973252,168.690068,165.256437,3.433630,0.979645
left,1002,355,330,0,-1,0.496094,1053.250000,698.500000,1408.000000,709.500000,0.773054,128.281583,111.861915,144.701250,32.839335,0.860870,1.127800,1.043478,1.212121,0.168643,0.830126,0.773248,0.701474,0.845022,0.143548,1.000000,1.000000,1.000000,1.000000,0.000000,0.714286,6.000000,5.000000,7.000000,2.000000,42.598149,1.332181,1.274194,0.505757,0.216710,0.434461,13.892444,34.102966,1.066510,21.298835,0.666083,7.847649,0.245421,86.787929,105.866760,108.434949,103.298570,5.136378,0.952632
left,1003,354,343,0,-1,0.479490,1190.250000,771.500000,1609.000000,837.500000,0.724875,132.547845,111.405919,153.689771,42.283852,0.844988,1.240596,1.136364,1.344828,0.208464,0.912543,0.818573,0.781141,0.856004,0.074864,1.000000,1.000000,1.000000,1.000000,0.000000,1.000000,6.000000,6.000000,6.000000,0.000000,34.207003,1.007745,1.309091,0.695628,0.099769,0.850272,28.861739,25.625563,0.754934,16.997828,0.500759,11.923743,0.351276,76.411198,120.350899,131.185925,109.515873,21.670052,0.834814
left,1004,354,328,0,-1,0.974732,781.500000,771.500000,791.500000,20.000000,0.934444,115.313774,111.405919,119.221628,7.815708,0.964768,1.369383,1.344828,1.393939,0.049112,0.895821,0.740452,0.699763,0.781141,0.081378,1.000000,1.000000,1.000000,1.000000,0.000000,1.000000,6.000000,6.000000,6.000000,0.000000,37.607539,1.345301,1.612245,0.481394,0.171465,0.512178,14.317821,29.133798,1.042177,18.622911,0.666181,1.729870,0.061881,84.874569,112.032956,118.810794,105.255119,13.555675,0.885905
left,1005,354,316,0,-1,0.608438,1019.750000,771.500000,1268.000000,496.500000,0.773460,127.720873,111.405919,144.035826,32.629906,0.964216,1.369782,1.344828,1.394737,0.049909,0.983238,0.774594,0.768047,0.781141,0.013093,1.000000,1.000000,1.000000,1.000000,0.000000,1.000000,6.000000,6.000000,6.000000,0.000000,45.899014,1.448264,2.421053,0.454590,0.234126,0.283979,9.000000,33.689710,1.063020,22.912882,0.722976,10.579472,0.333817,78.473181,105.371089,124.777831,85.964347,38.813485,0.688939
left,1006,353,336,0,-1,0.941054,1160.750000,1125.500000,1196.000000,70.500000,0.972189,132.738561,130.866768,134.610355,3.743587,0.948148,1.095833,1.066667,1.125000,0.058333,0.889439,0.829058,0.780546,0.877571,0.097025,1.000000,1.000000,1.000000,1.000000,0.000000,0.857143,6.500000,6.000000,7.000000,1.000000,41.763500,1.225964,1.112676,0.584383,0.164118,0.617152,21.023796,31.416403,0.922226,20.264601,0.594866,1.266389,0.037175,76.276052,140.926502,146.853004,135.000000,11.853004,0.919287
left,1007,353,335,0,-1,0.967340,1144.500000,1125.500000,1163.500000,38.000000,0.999289,134.658262,134.610355,134.706168,0.095814,0.937500,1.033333,1.000000,1.066667,0.066667,0.968717,0.793149,0.780546,0.805752,0.025206,1.000000,1.000000,1.000000,1.000000,0.000000,1.000000,6.000000,6.000000,6.000000,0.000000,28.609699,0.845708,1.479167,0.723843,0.097422,1.034184,34.985711,22.473635,0.664325,13.240631,0.391395,0.451411,0.013344,49.896469,115.811333,140.617581,91.005086,49.612495,0.647181
left,1008,352,339,0,-1,0.660578,1091.000000,868.000000,1314.000000,446.000000,0.838894,132.099394,120.526101,143.672687,23.146586,0.888545,1.146617,1.078947,1.214286,0.135338,0.938665,0.775407,0.750875,0.799939,0.049064,1.000000,1.000000,1.000000,1.000000,0.000000,1.000000,6.000000,6.000000,6.000000,0.000000,25.684705,0.781748,1.066667,0.738841,0.083639,1.088923,35.777088,20.275679,0.617117,12.799380,0.389566,4.669133,0.142111,4.118014,131.284296,135.000000,127.568592,7.431408,0.944953
left,1009,352,330,0,-1,0.616477,1138.000000,868.000000,1408.000000,540.000000,0.832931,132.613675,120.526101,144.701250,24.175150,0.967126,1.061213,1.043478,1.078947,0.035469,0.888586,0.797948,0.750875,0.845022,0.094147,1.000000,1.000000,1.000000,1.000000,0.000000,0.857143,6.500000,6.000000,7.000000,1.000000,46.318683,1.382953,1.082192,0.474824,0.322276,0.295573,9.899495,35.695089,1.065761,22.900654,0.683753,5.934084,0.177176,89.691007,107.976758,124.508523,91.444993,33.063530,0.734448
left,1010,352,320,0,-1,0.792332,981.750000,868.000000,1095.500000,227.500000,0.902949,127.003332,120.526101,133.480564,12.954463,0.987122,1.085985,1.078947,1.093023,0.014076,0.971810,0.761765,0.750875,0.772656,0.021781,1.000000,1.000000,1.000000,1.000000,0.000000,1.000000,6.000000,6.000000,6.000000,0.000000,40.698525,1.301100,1.584906,0.491721,0.230710,0.479538,15.000000,33.069786,1.057215,19.586210,0.626156,2.798914,0.089479,65.545281,108.178917,115.866357,100.491477,15.374880,0.867305
left,1011,351,345,0,-1,0.850587,1260.250000,1158.500000,1362.000000,203.500000,0.895487,139.413299,131.726334,147.100264,15.373930,0.826389,1.252381,1.133333,1.371429,0.238095,0.942756,0.814984,0.790970,0.838998,0.048027,1.000000,1.000000,1.000000,1.000000,0.000000,0.833333,5.500000,5.000000,6.000000,1.000000,33.863891,0.954692,1.462963,0.638119,0.178338,0.789880,28.017851,27.474244,0.774555,16.911617,0.476773,3.231390,0.091099,84.726308,116.302782,125.020079,107.585486,17.434593,0.860546
left,1012,351,338,0,-1,0.730684,1372.000000,1158.500000,1585.500000,427.000000,0.866489,141.874742,131.726334,152.023151,20.296817,0.773810,1.216327,1.061224,1.371429,0.310204,0.973204,0.850548,0.838998,0.862098,0.023100,1.000000,1.000000,1.000000,1.000000,0.000000,0.857143,6.500000,6.000000,7.000000,1.000000,34.774576,0.941698,1.029851,0.772673,0.046465,0.981629,36.249138,27.627665,0.748159,17.248745,0.467097,5.583846,0.151211,69.897991,146.905033,152.469874,141.340192,11.129682,0.927004
left,1013,351,314,0,-1,0.697471,1409.750000,1158.500000,1661.000000,502.500000,0.857038,142.712957,131.726334,153.699580,21.973246,0.758929,1.206122,1.040816,1.371429,0.330612,0.949569,0.861277,0.838998,0.883556,0.044559,1.000000,1.000000,1.000000,1.000000,0.000000,0.857143,6.500000,6.000000,7.000000,1.000000,45.065642,1.205091,1.773585,0.584851,0.157475,0.525373,19.646883,34.988724,0.935626,22.484569,0.601255,4.010470,0.107243,82.821558,118.010342,128.190950,107.829734,20.361216,0.841165
left,1014,350,347,0,-1,0.681371,1153.000000,934.500000,1371.500000,437.000000,0.863771,131.272949,121.677753,140.868146,19.190393,0.914894,1.046512,1.000000,1.093023,0.093023,0.913244,0.830846,0.793171,0.868521,0.075350,1.000000,1.000000,1.000000,1.000000,0.000000,0.714286,6.000000,5.000000,7.000000,2.000000,29.864113,0.883510,1.372549,0.815145,0.049870,1.094620,37.000000,24.529682,0.725694,14.931606,0.441742,5.247500,0.155244,79.130185,153.823559,165.068583,142.578535,22.490047,0.863753
left,1015,350,339,0,-1,0.958075,1342.750000,1314.000000,1371.500000,57.500000,0.980480,142.270416,140.868146,143.672687,2.804541,0.900137,1.153654,1.093023,1.214286,0.121262,0.921036,0.834230,0.799939,0.868521,0.068582,1.000000,1.000000,1.000000,1.000000,0.000000,0.857143,6.500000,6.000000,7.000000,1.000000,41.009485,1.119210,1.265625,0.533293,0.279464,0.450103,16.492423,33.510652,0.914556,20.373492,0.556023,0.825205,0.022521,64.401480,105.200720,130.236358,80.165083,50.071276,0.615535
left,1016,350,329,0,-1,0.838498,1260.750000,1150.000000,1371.500000,221.500000,0.957769,137.893636,134.919127,140.868146,5.949019,0.936877,1.129845,1.093023,1.166667,0.073643,0.914072,0.831206,0.793891,0.868521,0.074630,1.000000,1.000000,1.000000,1.000000,0.000000,0.714286,6.000000,5.000000,7.000000,2.000000,39.263416,1.106863,1.278689,0.643087,0.140591,0.758534,26.907248,30.598173,0.862583,18.957687,0.534430,0.585271,0.016499,64.560491,124.058005,133.811461,114.304549,19.506912,0.854221
left,1017,350,322,0,-1,0.723296,1181.750000,992.000000,1371.500000,379.500000,0.868439,131.601766,122.335386,140.868146,18.532760,0.914894,1.046512,1.000000,1.093023,0.093023,0.959041,0.850734,0.832947,0.868521,0.035574,1.000000,1.000000,1.000000,1.000000,0.000000,1.000000,7.000000,7.000000,7.000000,0.000000,45.956034,1.341199,1.740000,0.478252,0.352232,0.204291,7.000000,35.300397,1.030220,22.649534,0.661013,7.212185,0.210483,81.091624,96.844718,107.682663,86.006773,21.675890,0.798706
left,1018,349,346,0,-1,0.656842,983.750000,780.000000,1187.500000,407.500000,0.795540,121.763105,107.897800,135.628409,27.730609,0.862319,1.223810,1.133333,1.314286,0.180952,0.963525,0.826581,0.811227,0.841936,0.030710,1.000000,1.000000,1.000000,1.000000,0.000000,0.714286,6.000000,5.000000,7.000000,2.000000,31.104568,0.997123,1.478261,0.633966,0.151715,0.738011,23.021729,24.692897,0.791584,15.289735,0.490145,3.254749,0.104338,74.617403,119.312719,122.206549,116.418889,5.787660,0.952640
left,1019,349,331,0,-1,0.766585,898.750000,780.000000,1017.500000,237.500000,0.866233,116.228821,107.897800,124.559842,16.662042,0.831111,1.248485,1.133333,1.363636,0.230303,0.978834,0.833026,0.824116,0.841936,0.017821,1.000000,1.000000,1.000000,1.000000,0.000000,0.833333,5.500000,5.000000,6.000000,1.000000,30.733231,1.027408,1.075472,0.607290,0.179416,0.661877,19.798990,24.932774,0.833499,15.365109,0.513653,2.621573,0.087639,78.133229,111.081670,128.659808,93.503532,35.156277,0.726750
left,1020,349,324,0,-1,0.809549,871.750000,780.000000,963.500000,183.500000,0.860790,116.622573,107.897800,125.347346,17.449546,0.992647,1.129167,1.125000,1.133333,0.008333,0.915276,0.806270,0.770604,0.841936,0.071332,1.000000,1.000000,1.000000,1.000000,0.000000,1.000000,5.000000,5.000000,5.000000,0.000000,30.391635,1.030770,1.478261,0.589727,0.217092,0.686752,20.248457,25.552371,0.866641,15.014870,0.509248,2.389789,0.081053,76.350438,120.822045,125.079039,116.565051,8.513988,0.931931
left,1021,348,343,0,-1,0.776569,1429.250000,1249.500000,1609.000000,359.500000,0.886860,144.995559,136.301347,153.689771,17.388424,0.929752,1.179293,1.136364,1.222222,0.085859,0.987347,0.850589,0.845173,0.856004,0.010831,1.000000,1.000000,1.000000,1.000000,0.000000,1.000000,6.000000,6.000000,6.000000,0.000000,37.432592,0.992109,1.568627,0.686159,0.127340,0.810863,30.594117,30.661470,0.812648,18.715557,0.496035,5.271969,0.139728,78.047194,130.917218,149.437960,112.396476,37.041484,0.752128
left,1022,348,342,0,-1,0.752938,1454.500000,1249.500000,1659.500000,410.000000,0.872790,146.234340,136.301347,156.167333,19.865985,0.835227,1.121528,1.020833,1.222222,0.201389,0.988414,0.850127,0.845173,0.855080,0.009907,1.000000,1.000000,1.000000,1.000000,0.000000,0.857143,6.500000,6.000000,7.000000,1.000000,34.736760,0.913101,1.444444,0.775193,0.043142,0.989846,37.656341,26.404788,0.694084,17.339373,0.455788,4.550270,0.119610,74.468719,143.107533,145.359052,140.856014,4.503039,0.969021
left,1023,348,325,0,-1,0.920368,1199.750000,1150.000000,1249.500000,99.500000,0.957741,133.421394,130.541441,136.301347,5.759906,0.936170,1.263889,1.222222,1.305556,0.083333,0.996632,0.846601,0.845173,0.848029,0.002856,1.000000,1.000000,1.000000,1.000000,0.000000,0.857143,6.500000,6.000000,7.000000,1.000000,37.928811,1.095260,1.680851,0.618493,0.184830,0.664792,23.021729,30.508378,0.880982,18.873697,0.545011,4.045705,0.116827,82.957487,113.841485,120.920416,106.762554,14.157862,0.882916
left,1024,347,322,0,-1,0.942036,963.250000,934.500000,992.000000,57.500000,0.994624,122.006569,121.677753,122.335386,0.657633,1.000000,1.000000,1.000000,1.000000,0.000000,0.952247,0.813059,0.793171,0.832947,0.039776,1.000000,1.000000,1.000000,1.000000,0.000000,0.714286,6.000000,5.000000,7.000000,2.000000,40.478532,1.304378,1.250000,0.533781,0.160135,0.500250,15.524175,30.601054,0.986087,19.603056,0.631688,0.384231,0.012381,77.633613,110.837810,112.750976,108.924644,3.826332,0.966064
left,1025,347,318,0,-1,0.511634,1380.500000,934.500000,1826.500000,892.000000,0.747900,142.185106,121.677753,162.692460,41.014707,0.833333,1.100000,1.000000,1.200000,0.200000,0.914686,0.830161,0.793171,0.867151,0.073980,1.000000,1.000000,1.000000,1.000000,0.000000,0.714286,6.000000,5.000000,7.000000,2.000000,35.791623,0.976484,1.200000,0.713029,0.091090,0.870050,31.890437,29.014493,0.791587,17.885688,0.487966,10.913373,0.297744,77.075674,129.849293,136.332220,123.366366,12.965854,0.904895
left,1026,346,341,0,-1,0.666012,1485.250000,1187.500000,1783.000000,595.500000,0.840595,148.488211,135.628409,161.348013,25.719604,0.840127,1.209226,1.104167,1.314286,0.210119,0.942558,0.835946,0.811227,0.860665,0.049438,1.000000,1.000000,1.000000,1.000000,0.000000,0.857143,6.500000,6.000000,7.000000,1.000000,31.526996,0.822239,1.314815,0.865380,0.025922,1.164312,44.643029,24.163567,0.630197,15.759600,0.411018,5.447177,0.142065,72.827248,154.493885,159.304549,149.683220,9.621330,0.939604
left,1027,346,324,0,-1,0.811368,1075.500000,963.500000,1187.500000,224.000000,0.924197,130.487878,125.347346,135.628409,10.281063,0.855978,1.219643,1.125000,1.314286,0.189286,0.949925,0.790915,0.770604,0.811227,0.040622,1.000000,1.000000,1.000000,1.000000,0.000000,0.714286,6.000000,5.000000,7.000000,2.000000,42.209365,1.288827,1.290323,0.519183,0.203626,0.500797,16.401219,32.712190,0.998839,21.096675,0.644169,1.990342,0.060773,80.472534,116.805447,120.896482,112.714412,8.182069,0.932322
left,1028,346,308,0,-1,0.861444,1283.000000,1187.500000,1378.500000,191.000000,0.936346,140.238498,135.628409,144.848586,9.220177,0.793247,1.178419,1.042553,1.314286,0.271733,0.982549,0.818431,0.811227,0.825635,0.014408,1.000000,1.000000,1.000000,1.000000,0.000000,1.000000,7.000000,7.000000,7.000000,0.000000,48.801835,1.363403,1.958333,0.475620,0.299688,0.280769,10.049876,36.884450,1.030461,24.378941,0.681088,1.968501,0.054995,89.711572,100.698040,110.434562,90.961517,19.473045,0.823669
left,1029,345,327,0,-1,0.788423,1544.750000,1362.000000,1727.500000,365.500000,0.898499,155.409034,147.100264,163.717803,16.617539,0.910383,1.189116,1.133333,1.244898,0.111565,0.976616,0.800439,0.790970,0.809909,0.018939,1.000000,1.000000,1.000000,1.000000,0.000000,0.714286,6.000000,5.000000,7.000000,2.000000,30.832339,0.785853,1.258065,0.821165,0.056805,1.190044,46.690470,25.861153,0.659147,15.222504,0.387990,2.753163,0.070172,39.132274,148.693876,151.205999,146.181754,5.024244,0.966772
left,1030,345,314,0,-1,0.819988,1511.500000,1362.000000,1661.000000,299.000000,0.957064,150.399922,147.100264,153.699580,6.599316,0.918367,1.087075,1.040816,1.133333,0.092517,0.895212,0.837263,0.790970,0.883556,0.092586,1.000000,1.000000,1.000000,1.000000,0.000000,0.714286,6.000000,5.000000,7.000000,2.000000,48.417294,1.246894,1.213333,0.533910,0.259014,0.438559,17.029386,36.898438,0.950248,23.914337,0.615868,1.085331,0.027951,81.343158,113.789640,120.790309,106.788971,14.001337,0.884086
left,1031,344,337,0,-1,0.737175,1236.000000,1049.000000,1423.000000,374.000000,0.873192,136.320762,127.092346,145.549177,18.456831,0.996528,1.022612,1.020833,1.024390,0.003557,0.966833,0.830104,0.816106,0.844103,0.027997,1.000000,1.000000,1.000000,1.000000,0.000000,1.000000,6.000000,6.000000,6.000000,0.000000,30.492393,0.869833,1.111111,0.727697,0.086772,0.941797,33.015148,22.996006,0.655989,15.240870,0.434764,4.093468,0.116771,61.077197,128.662803,144.874059,112.451546,32.422513,0.776202
left,1032,344,334,0,-1,0.593113,1133.500000,844.000000,1423.000000,579.000000,0.778054,129.397164,113.245151,145.549177,32.304026,0.842187,1.116477,1.020833,1.212121,0.191288,0.979756,0.835559,0.827014,0.844103,0.017088,1.000000,1.000000,1.000000,1.000000,0.000000,0.833333,5.500000,5.000000,6.000000,1.000000,40.281755,1.206504,1.134328,0.556590,0.258933,0.487577,16.278821,32.981637,0.987853,19.633253,0.588048,9.106160,0.272744,85.562992,115.707951,124.077195,107.338707,16.738488,0.865096
left,1033,344,309,0,-1,0.903373,1354.250000,1285.500000,1423.000000,137.500000,0.987448,144.635740,143.722302,145.549177,1.826875,0.940768,1.052970,1.020833,1.085106,0.064273,0.926485,0.813076,0.782048,0.844103,0.062054,1.000000,1.000000,1.000000,1.000000,0.000000,0.750000,7.000000,6.000000,8.000000,2.000000,45.949836,1.249035,1.655172,0.526137,0.198449,0.474723,17.464249,34.826277,0.946668,22.967568,0.624318,0.802138,0.021804,82.523622,102.581744,103.232268,101.931220,1.301047,0.987397
left,1034,343,325,0,-1,0.714730,1379.500000,1150.000000,1609.000000,459.000000,0.849383,142.115606,130.541441,153.689771,23.148330,0.870406,1.220960,1.136364,1.305556,0.169192,0.990683,0.852017,0.848029,0.856004,0.007975,1.000000,1.000000,1.000000,1.000000,0.000000,0.857143,6.500000,6.000000,7.000000,1.000000,43.273339,1.169171,1.138889,0.553705,0.237042,0.459311,17.000000,30.793465,0.831986,20.548176,0.555176,6.902071,0.186482,65.909084,108.042537,112.285588,103.799485,8.486102,0.924424
left,1035,343,316,0,-1,0.788067,1438.500000,1268.000000,1609.000000,341.000000,0.937186,148.862799,144.035826,153.689771,9.653946,0.814751,1.265550,1.136364,1.394737,0.258373,0.897247,0.812026,0.768047,0.856004,0.087957,1.000000,1.000000,1.000000,1.000000,0.000000,1.000000,6.000000,6.000000,6.000000,0.000000,48.558458,1.282557,1.000000,0.473008,0.282934,0.280770,10.630146,37.463113,0.989500,24.424080,0.645104,1.487518,0.039289,78.297292,93.310807,104.036243,82.585370,21.450874,0.793813
left,1036,343,315,0,-1,0.663145,1338.000000,1067.000000,1609.000000,542.000000,0.844533,141.742891,129.796011,153.689771,23.893760,0.883838,1.211039,1.136364,1.285714,0.149351,0.929770,0.825946,0.795887,0.856004,0.060117,1.000000,1.000000,1.000000,1.000000,0.000000,1.000000,6.000000,6.000000,6.000000,0.000000,37.067736,1.018662,1.620000,0.662805,0.108931,0.800262,29.120440,28.608062,0.786181,18.497848,0.508341,3.673368,0.100948,75.095020,121.007802,130.283309,111.732295,18.551014,0.857610
left,1037,342,340,0,-1,0.827887,1832.000000,1659.500000,2004.500000,345.000000,0.923671,162.619863,156.167333,169.072393,12.905060,0.882415,1.088848,1.020833,1.156863,0.136029,0.970367,0.868136,0.855080,0.881192,0.026112,1.000000,1.000000,1.000000,1.000000,0.000000,1.000000,7.000000,7.000000,7.000000,0.000000,54.084667,1.265011,2.058824,0.523373,0.243313,0.334886,14.317821,40.996346,0.958882,26.440398,0.618427,5.514861,0.128990,80.086323,104.537208,116.565051,92.509365,24.055686,0.793629
left,1038,342,332,0,-1,0.714372,1422.500000,1185.500000,1659.500000,474.000000,0.894673,147.943012,139.718691,156.167333,16.448641,0.731918,1.207785,1.020833,1.394737,0.373904,0.892474,0.809108,0.763137,0.855080,0.091943,1.000000,1.000000,1.000000,1.000000,0.000000,0.714286,6.000000,5.000000,7.000000,2.000000,37.929563,1.009194,1.285714,0.633959,0.135325,0.777090,29.206164,30.232445,0.804396,18.963699,0.504568,3.472373,0.092390,89.056182,109.878387,113.442921,106.313852,7.129068,0.937157
left,1039,342,325,0,-1,0.692980,1404.750000,1150.000000,1659.500000,509.500000,0.835907,143.354387,130.541441,156.167333,25.625891,0.781915,1.163194,1.020833,1.305556,0.284722,0.991754,0.851555,0.848029,0.855080,0.007051,1.000000,1.000000,1.000000,1.000000,0.000000,1.000000,7.000000,7.000000,7.000000,0.000000,48.713801,1.305150,1.191781,0.511876,0.305214,0.322621,12.041595,37.432834,1.002908,23.925165,0.641008,6.040072,0.161827,79.157197,110.694111,123.164652,98.223570,24.941082,0.797498
left,1040,342,311,0,-1,0.610425,1336.250000,1013.000000,1659.500000,646.500000,0.801007,140.629223,125.091113,156.167333,31.076219,0.949612,1.047917,1.020833,1.075000,0.054167,0.951392,0.834298,0.813517,0.855080,0.041563,1.000000,1.000000,1.000000,1.000000,0.000000,0.857143,6.500000,6.000000,7.000000,1.000000,42.907966,1.182614,1.387097,0.568515,0.168195,0.526564,19.104973,32.123134,0.885366,21.094861,0.581409,7.524610,0.207391,83.269415,112.053996,131.648111,92.459881,39.188230,0.702326
left,1041,341,328,0,-1,0.443915,1287.250000,791.500000,1783.000000,991.500000,0.738910,140.284820,119.221628,161.348013,42.126385,0.792120,1.249053,1.104167,1.393939,0.289773,0.813049,0.780214,0.699763,0.860665,0.160902,1.000000,1.000000,1.000000,1.000000,0.000000,1.000000,6.000000,6.000000,6.000000,0.000000,32.604088,0.926790,1.043478,0.618624,0.186250,0.737423,25.942244,26.341940,0.748785,16.215331,0.460930,11.358470,0.322871,52.399455,107.655837,111.929588,103.382086,8.547502,0.923635
left,1042,341,312,0,-1,0.526080,1360.500000,938.000000,1783.000000,845.000000,0.729311,139.510430,117.672848,161.348013,43.675165,0.981132,1.093750,1.083333,1.104167,0.020833,0.989068,0.855960,0.851256,0.860665,0.009409,1.000000,1.000000,1.000000,1.000000,0.000000,0.833333,5.500000,5.000000,6.000000,1.000000,39.671343,1.089089,1.854167,0.653958,0.123852,0.691243,25.179357,31.559744,0.866403,19.726576,0.541549,9.972826,0.273782,82.997837,124.191948,132.222329,116.161566,16.060763,0.878532
left,1043,341,308,0,-1,0.773135,1580.750000,1378.500000,1783.000000,404.500000,0.897740,153.098300,144.848586,161.348013,16.499426,0.944199,1.073360,1.042553,1.104167,0.061613,0.959299,0.843150,0.825635,0.860665,0.035030,1.000000,1.000000,1.000000,1.000000,0.000000,0.857143,6.500000,6.000000,7.000000,1.000000,52.785591,1.330387,1.107143,0.510404,0.226158,0.342806,13.601471,38.582942,0.972429,26.353171,0.664195,4.819906,0.121479,87.191430,103.295399,106.708580,99.882218,6.826363,0.936028
left,1044,340,332,0,-1,0.591419,1595.000000,1185.500000,2004.500000,819.000000,0.826384,154.395542,139.718691,169.072393,29.353702,0.829449,1.275800,1.156863,1.394737,0.237874,0.866028,0.822164,0.763137,0.881192,0.118055,1.000000,1.000000,1.000000,1.000000,0.000000,0.714286,6.000000,5.000000,7.000000,2.000000,35.002412,0.883869,1.203125,0.807785,0.043103,1.086115,43.011626,29.661450,0.749001,17.296603,0.436768,7.001205,0.176792,71.875992,161.066284,168.084853,154.047715,14.037138,0.916488
left,1045,340,327,0,-1,0.861811,1866.000000,1727.500000,2004.500000,277.000000,0.968330,166.395098,163.717803,169.072393,5.354590,0.929283,1.200880,1.156863,1.244898,0.088035,0.919106,0.845550,0.809909,0.881192,0.071283,1.000000,1.000000,1.000000,1.000000,0.000000,1.000000,7.000000,7.000000,7.000000,0.000000,50.945364,1.180181,1.485714,0.572950,0.159834,0.540807,23.345235,38.395861,0.889464,25.165776,0.582981,3.460092,0.080155,69.367615,108.351910,116.481651,100.222169,16.259483,0.860412
left,1046,340,313,0,-1,0.657271,1661.000000,1317.500000,2004.500000,687.000000,0.841504,155.673785,142.275177,169.072393,26.797216,0.882798,1.089070,1.021277,1.156863,0.135586,0.928179,0.849548,0.817904,0.881192,0.063288,1.000000,1.000000,1.000000,1.000000,0.000000,0.857143,6.500000,6.000000,7.000000,1.000000,42.571032,1.050242,1.246377,0.595802,0.208158,0.575406,23.323808,35.463579,0.874898,20.789200,0.512877,9.449992,0.233134,79.665289,103.682425,128.948268,78.416581,50.531686,0.608124
left,1047,339,329,0,-1,0.875190,1232.000000,1150.000000,1314.000000,164.000000,0.939073,139.295907,134.919127,143.672687,8.753560,0.960784,1.190476,1.166667,1.214286,0.047619,0.992439,0.796915,0.793891,0.799939,0.006048,1.000000,1.000000,1.000000,1.000000,0.000000,0.833333,5.500000,5.000000,6.000000,1.000000,28.861597,0.822727,1.048387,0.806733,0.057224,1.178438,41.340053,23.429883,0.667891,14.084486,0.401492,0.870820,0.024824,48.525893,158.946677,171.869898,146.023456,25.846442,0.849616
left,1048,339,320,0,-1,0.833714,1204.750000,1095.500000,1314.000000,218.500000,0.929060,138.576625,133.480564,143.672687,10.192123,0.900137,1.153654,1.093023,1.214286,0.121262,0.965894,0.786297,0.772656,0.799939,0.027283,1.000000,1.000000,1.000000,1.000000,0.000000,1.000000,6.000000,6.000000,6.000000,0.000000,45.744810,1.319293,1.053333,0.507118,0.196721,0.473016,16.401219,36.643015,1.056794,22.845955,0.658884,1.931054,0.055692,80.418420,109.313180,116.565051,102.061309,14.503742,0.875574
left,1049,339,310,0,-1,0.907154,1253.000000,1192.000000,1314.000000,122.000000,0.971333,141.613321,139.553956,143.672687,4.118731,0.899471,1.282143,1.214286,1.350000,0.135714,0.961491,0.784536,0.769134,0.799939,0.030805,1.000000,1.000000,1.000000,1.000000,0.000000,1.000000,6.000000,6.000000,6.000000,0.000000,46.644273,1.318110,1.416667,0.466196,0.301277,0.329551,11.661904,36.619424,1.034820,22.552214,0.637298,3.698260,0.104508,79.576643,98.173953,99.406342,96.941564,2.464778,0.975205
left,1050,338,314,0,-1,0.954545,1623.250000,1585.500000,1661.000000,75.500000,0.989093,152.861366,152.023151,153.699580,1.676430,0.980769,1.051020,1.040816,1.061224,0.020408,0.975714,0.872827,0.862098,0.883556,0.021458,1.000000,1.000000,1.000000,1.000000,0.000000,1.000000,7.000000,7.000000,7.000000,0.000000,46.183202,1.146359,1.101266,0.535595,0.259202,0.369005,14.866069,36.044045,0.894685,22.453398,0.557338,1.600011,0.039715,84.228293,94.499781,99.700392,89.299169,10.401223,0.895675
left,1051,338,301,0,-1,0.785872,1415.750000,1246.000000,1585.500000,339.500000,0.915824,145.624835,139.226520,152.023151,12.796631,0.740855,1.246828,1.061224,1.432432,0.371208,0.936974,0.834931,0.807763,0.862098,0.054335,1.000000,1.000000,1.000000,1.000000,0.000000,0.857143,6.500000,6.000000,7.000000,1.000000,42.543628,1.132729,1.882353,0.617811,0.132262,0.682455,25.632011,32.919611,0.876488,20.904703,0.556590,1.673312,0.044552,71.381413,130.567189,148.715903,112.418475,36.297428,0.755928
left,1052,337,330,0,-1,0.745028,1228.500000,1049.000000,1408.000000,359.000000,0.878309,135.896798,127.092346,144.701250,17.608904,0.981707,1.033934,1.024390,1.043478,0.019088,0.965781,0.830564,0.816106,0.845022,0.028916,1.000000,1.000000,1.000000,1.000000,0.000000,0.857143,6.500000,6.000000,7.000000,1.000000,30.326279,0.867561,1.433962,0.794601,0.043142,1.068101,37.336309,23.632062,0.676056,15.106047,0.432147,3.867764,0.110647,70.449155,153.937492,160.346176,147.528808,12.817368,0.920064
left,1053,337,317,0,-1,0.686368,884.500000,720.000000,1049.000000,329.000000,0.846706,117.351108,107.609871,127.092346,19.482475,0.731707,1.212195,1.024390,1.400000,0.375610,0.957396,0.798721,0.781337,0.816106,0.034769,1.000000,1.000000,1.000000,1.000000,0.000000,0.833333,5.500000,5.000000,6.000000,1.000000,30.841431,1.041569,1.558140,0.593889,0.214245,0.696223,20.615528,26.933346,0.909586,15.265566,0.515545,6.617013,0.223468,86.017921,106.312744,109.311857,103.313632,5.998224,0.945127
left,1054,337,309,0,-1,0.816025,1167.250000,1049.000000,1285.500000,236.500000,0.884291,135.407324,127.092346,143.722302,16.629956,0.944046,1.054748,1.024390,1.085106,0.060716,0.958268,0.799077,0.782048,0.816106,0.034058,1.000000,1.000000,1.000000,1.000000,0.000000,0.750000,7.000000,6.000000,8.000000,2.000000,46.174719,1.353261,1.066667,0.481898,0.275220,0.352908,12.041595,36.402974,1.066877,23.000196,0.674076,4.413861,0.129359,87.730587,108.456017,111.893673,105.018361,6.875313,0.938555
left,1055,336,335,0,-1,0.972826,1179.750000,1163.500000,1196.000000,32.500000,0.971498,132.786468,130.866768,134.706168,3.839401,0.888889,1.062500,1.000000,1.125000,0.125000,0.918161,0.841661,0.805752,0.877571,0.071819,1.000000,1.000000,1.000000,1.000000,0.000000,0.857143,6.500000,6.000000,7.000000,1.000000,36.697627,1.068448,1.755556,0.589127,0.191990,0.600219,20.615528,30.043912,0.874725,17.999818,0.524063,0.261843,0.007624,75.404012,107.946547,131.510675,84.382419,47.128256,0.641639
left,1056,336,333,0,-1,0.612876,964.500000,733.000000,1196.000000,463.000000,0.820296,119.108130,107.349493,130.866768,23.517274,0.996633,1.123106,1.121212,1.125000,0.003788,0.910818,0.838439,0.799307,0.877571,0.078264,1.000000,1.000000,1.000000,1.000000,0.000000,0.714286,6.000000,5.000000,7.000000,2.000000,34.046372,1.104376,1.372549,0.584250,0.213064,0.559956,17.262677,27.469576,0.891042,17.012824,0.551852,6.496970,0.210745,87.607422,124.104571,152.020526,96.188616,55.831910,0.632734
left,1057,336,305,0,-1,0.732843,1414.000000,1196.000000,1632.000000,436.000000,0.835612,143.739328,130.866768,156.611888,25.745121,0.979592,1.113520,1.102041,1.125000,0.022959,0.952792,0.856857,0.836143,0.877571,0.041428,1.000000,1.000000,1.000000,1.000000,0.000000,1.000000,7.000000,7.000000,7.000000,0.000000,42.708850,1.139187,1.328125,0.641731,0.140382,0.695555,26.076810,30.740479,0.819951,21.247269,0.566736,7.338478,0.195742,79.636191,133.519766,135.707319,131.332212,4.375107,0.967761
left,1058,336,303,0,-1,0.789178,1355.750000,1196.000000,1515.500000,319.500000,0.878197,139.942129,130.866768,149.017491,18.150723,0.925926,1.083333,1.041667,1.125000,0.083333,0.977258,0.867592,0.857613,0.877571,0.019958,1.000000,1.000000,1.000000,1.000000,0.000000,1.000000,7.000000,7.000000,7.000000,0.000000,47.028932,1.279479,1.242857,0.517655,0.219805,0.317276,11.661904,34.825089,0.947458,23.513198,0.639705,4.760027,0.129502,82.749908,100.608477,107.727629,93.489325,14.238305,0.867831
left,1059,335,331,0,-1,0.874517,1090.500000,1017.500000,1163.500000,146.000000,0.924678,129.633005,124.559842,134.706168,10.146327,0.733333,1.181818,1.000000,1.363636,0.363636,0.977717,0.814934,0.805752,0.824116,0.018364,1.000000,1.000000,1.000000,1.000000,0.000000,1.000000,6.000000,6.000000,6.000000,0.000000,33.037020,1.000995,1.403846,0.584664,0.160706,0.647722,21.377558,27.571722,0.835401,16.516219,0.500428,2.393393,0.072518,80.800762,114.093717,157.056434,71.131001,85.925433,0.452901
left,1060,335,326,0,-1,0.422862,827.750000,492.000000,1163.500000,671.500000,0.667818,112.332719,89.959270,134.706168,44.746898,0.906250,1.051724,1.000000,1.103448,0.103448,0.948160,0.784867,0.763982,0.805752,0.041770,1.000000,1.000000,1.000000,1.000000,0.000000,0.666667,5.000000,4.000000,6.000000,2.000000,25.179988,0.894633,1.250000,0.704319,0.146179,0.938007,26.400758,24.010232,0.853072,12.440949,0.442021,6.978363,0.247938,43.882999,149.746123,150.780753,148.711494,2.069260,0.986276
left,1061,335,303,0,-1,0.767733,1339.500000,1163.500000,1515.500000,352.000000,0.903962,141.861830,134.706168,149.017491,14.311323,0.960000,1.020833,1.000000,1.041667,0.041667,0.939529,0.831682,0.805752,0.857613,0.051861,1.000000,1.000000,1.000000,1.000000,0.000000,0.857143,6.500000,6.000000,7.000000,1.000000,40.102604,1.098107,1.457627,0.566046,0.187383,0.545591,19.924859,31.026723,0.849587,20.051292,0.549053,1.524041,0.041732,87.398451,110.559012,135.000000,86.118023,48.881977,0.637911
left,1062,334,323,0,-1,0.997636,845.000000,844.000000,846.000000,2.000000,0.994795,112.950407,112.655663,113.245151,0.589489,0.975610,1.227273,1.212121,1.242424,0.030303,0.987277,0.832343,0.827014,0.837672,0.010658,1.000000,1.000000,1.000000,1.000000,0.000000,1.000000,5.000000,5.000000,5.000000,0.000000,26.091601,0.897579,1.080000,0.798034,0.043195,1.079667,31.384710,23.881688,0.821555,13.032625,0.448336,0.055084,0.001895,88.840093,169.373051,178.778527,159.967575,18.810952,0.894781
left,1063,334,309,0,-1,0.656554,1064.750000,844.000000,1285.500000,441.500000,0.787944,128.483727,113.245151,143.722302,30.477151,0.895213,1.148614,1.085106,1.212121,0.127015,0.945628,0.804531,0.782048,0.827014,0.044966,1.000000,1.000000,1.000000,1.000000,0.000000,0.625000,6.500000,5.000000,8.000000,3.000000,30.462645,0.938676,1.048387,0.631458,0.167880,0.787417,25.553865,24.956864,0.769021,14.745310,0.454362,1.979080,0.060983,72.990849,121.011494,150.730073,91.292914,59.437158,0.605672
left,1064,333,321,0,-1,0.811289,818.250000,733.000000,903.500000,170.500000,0.932802,111.216169,107.349493,115.082844,7.733351,0.938834,1.086922,1.052632,1.121212,0.068581,0.932389,0.828288,0.799307,0.857268,0.057961,1.000000,1.000000,1.000000,1.000000,0.000000,0.833333,5.500000,5.000000,6.000000,1.000000,27.048147,0.946861,1.038462,0.783917,0.018332,1.058332,30.232433,22.856672,0.800132,13.392623,0.468829,1.853114,0.064871,76.115315,172.532611,177.594029,167.471192,10.122837,0.943000
left,1065,333,305,0,-1,0.449142,1182.500000,733.000000,1632.000000,899.000000,0.685449,131.980691,107.349493,156.611888,49.262395,0.982901,1.111626,1.102041,1.121212,0.019171,0.955946,0.817725,0.799307,0.836143,0.036836,1.000000,1.000000,1.000000,1.000000,0.000000,0.714286,6.000000,5.000000,7.000000,2.000000,34.109608,1.011075,1.290909,0.656686,0.182241,0.759204,25.612497,28.350776,0.840372,15.204391,0.450687,8.094930,0.239949,58.413588,121.004816,132.479172,109.530460,22.948712,0.826775
left,1066,332,313,0,-1,0.899810,1251.500000,1185.500000,1317.500000,132.000000,0.982031,140.996934,139.718691,142.275177,2.556485,0.732236,1.208007,1.021277,1.394737,0.373460,0.933040,0.790520,0.763137,0.817904,0.054767,1.000000,1.000000,1.000000,1.000000,0.000000,0.833333,5.500000,5.000000,6.000000,1.000000,40.971341,1.158553,1.450000,0.529250,0.326808,0.540234,19.104973,33.244003,0.940046,18.540096,0.524261,2.004479,0.056681,54.068545,113.183993,113.498566,112.869419,0.629146,0.994457
left,1067,332,311,0,-1,0.854492,1099.250000,1013.000000,1185.500000,172.500000,0.895307,132.404902,125.091113,139.718691,14.627578,0.770755,1.234868,1.075000,1.394737,0.319737,0.938072,0.788327,0.763137,0.813517,0.050380,1.000000,1.000000,1.000000,1.000000,0.000000,0.833333,5.500000,5.000000,6.000000,1.000000,45.303572,1.367474,1.540984,0.469997,0.321810,0.337475,11.180340,33.955818,1.024946,22.192117,0.669862,3.415375,0.103092,79.531324,117.612808,122.038037,113.187578,8.850458,0.927478
left,1068,332,302,0,-1,0.916151,1239.750000,1185.500000,1294.000000,108.500000,0.982294,140.977939,139.718691,142.237186,2.518495,0.932075,1.347368,1.300000,1.394737,0.094737,0.949477,0.783440,0.763137,0.803744,0.040607,1.000000,1.000000,1.000000,1.000000,0.000000,1.000000,5.000000,5.000000,5.000000,0.000000,28.933837,0.821945,1.233333,0.723493,0.098609,1.057211,37.215588,23.669998,0.672412,14.466654,0.410965,1.257981,0.035736,36.835503,128.258530,140.337400,116.179659,24.157741,0.827860
left,1069,331,326,0,-1,0.483538,754.750000,492.000000,1017.500000,525.500000,0.722217,107.259556,89.959270,124.559842,34.600571,0.809195,1.233542,1.103448,1.363636,0.260188,0.927032,0.794049,0.763982,0.824116,0.060134,1.000000,1.000000,1.000000,1.000000,0.000000,0.666667,5.000000,4.000000,6.000000,2.000000,25.518868,0.943756,1.018868,0.705935,0.155018,0.935596,25.298221,23.062093,0.852898,12.084621,0.446922,5.965801,0.220631,42.486383,150.011870,161.935493,138.088246,23.847247,0.852736
left,1070,331,324,0,-1,0.946929,990.500000,963.500000,1017.500000,54.000000,0.993717,124.953594,124.559842,125.347346,0.787504,0.825000,1.244318,1.125000,1.363636,0.238636,0.935068,0.797360,0.770604,0.824116,0.053512,1.000000,1.000000,1.000000,1.000000,0.000000,0.833333,5.500000,5.000000,6.000000,1.000000,29.250371,0.929489,1.160714,0.626661,0.169359,0.803902,25.298221,24.819913,0.788703,14.617901,0.464513,1.196270,0.038014,78.614283,119.883580,124.992020,114.775141,10.216880,0.918260
left,1071,331,297,0,-1,0.691471,1244.500000,1017.500000,1471.500000,454.000000,0.856829,134.966460,124.559842,145.373077,20.813235,0.907937,1.300866,1.238095,1.363636,0.125541,0.941859,0.849552,0.824116,0.874988,0.050872,0.995265,0.997633,0.995265,1.000000,0.004735,0.750000,7.000000,6.000000,8.000000,2.000000,40.143338,1.142734,1.615385,0.564409,0.218763,0.491405,17.262677,30.820409,0.877344,19.973577,0.568575,2.939106,0.083666,88.592977,108.101295,116.565051,99.637538,16.927513,0.854781
left,1072,330,320,0,-1,0.778054,1251.750000,1095.500000,1408.000000,312.500000,0.922456,139.090907,133.480564,144.701250,11.220686,0.954672,1.068251,1.043478,1.093023,0.049545,0.914362,0.808839,0.772656,0.845022,0.072366,1.000000,1.000000,1.000000,1.000000,0.000000,0.857143,6.500000,6.000000,7.000000,1.000000,29.388324,0.832275,1.280702,0.782456,0.047933,1.099747,38.832976,20.393966,0.577556,14.481554,0.410116,3.679240,0.104196,54.477705,141.047379,147.094757,135.000000,12.094757,0.917776
left,1073,330,317,0,-1,0.511364,1064.000000,720.000000,1408.000000,688.000000,0.743669,126.155560,107.609871,144.701250,37.091379,0.745342,1.221739,1.043478,1.400000,0.356522,0.924635,0.813179,0.781337,0.845022,0.063685,1.000000,1.000000,1.000000,1.000000,0.000000,0.714286,6.000000,5.000000,7.000000,2.000000,39.523463,1.228273,1.300000,0.535495,0.246945,0.448200,14.422205,33.206093,1.031948,18.544528,0.576309,11.160170,0.346825,74.512886,108.754865,121.169538,96.340192,24.829347,0.795086
left,1074,330,290,0,-1,0.870028,1316.500000,1225.000000,1408.000000,183.000000,0.982669,143.447344,142.193439,144.701250,2.507811,0.918261,1.089921,1.043478,1.136364,0.092885,0.900988,0.803188,0.761354,0.845022,0.083668,1.000000,1.000000,1.000000,1.000000,0.000000,1.000000,7.000000,7.000000,7.000000,0.000000,48.686603,1.342647,1.500000,0.496078,0.139765,0.394847,14.317821,35.894804,0.989883,24.208080,0.667594,0.451698,0.012457,80.685358,90.458625,100.491477,80.425772,20.065705,0.800324
left,1075,329,322,0,-1,0.862609,1071.000000,992.000000,1150.000000,158.000000,0.906731,128.627256,122.335386,134.919127,12.583741,0.857143,1.083333,1.000000,1.166667,0.166667,0.953111,0.813419,0.793891,0.832947,0.039056,1.000000,1.000000,1.000000,1.000000,0.000000,0.714286,6.000000,5.000000,7.000000,2.000000,28.040693,0.857413,1.172414,0.751747,0.081933,1.040083,34.014703,20.213948,0.618091,14.001100,0.428118,1.760807,0.053841,69.701035,144.543181,151.073574,138.012788,13.060787,0.913547
left,1076,329,310,0,-1,0.964765,1171.000000,1150.000000,1192.000000,42.000000,0.966788,137.236541,134.919127,139.553956,4.634829,0.864198,1.258333,1.166667,1.350000,0.183333,0.968816,0.781512,0.769134,0.793891,0.024757,1.000000,1.000000,1.000000,1.000000,0.000000,0.833333,5.500000,5.000000,6.000000,1.000000,41.346572,1.208310,1.159420,0.540982,0.150299,0.602467,20.615528,31.463186,0.919479,20.016796,0.584970,0.251242,0.007342,82.875380,111.530737,131.872935,91.188539,40.684397,0.691488
left,1077,329,298,0,-1,0.716522,987.000000,824.000000,1150.000000,326.000000,0.832878,123.645119,112.371110,134.919127,22.548016,0.928571,1.125000,1.083333,1.166667,0.083333,0.968128,0.806958,0.793891,0.820026,0.026136,1.000000,1.000000,1.000000,1.000000,0.000000,0.833333,5.500000,5.000000,6.000000,1.000000,38.121313,1.217602,1.909091,0.497899,0.220111,0.384611,12.041595,29.555801,0.944018,19.037364,0.608057,5.693993,0.181867,83.712810,90.921400,99.385518,82.457282,16.928236,0.829671
left,1078,328,316,0,-1,0.624211,1029.750000,791.500000,1268.000000,476.500000,0.827722,131.628727,119.221628,144.035826,24.814198,0.999428,1.394338,1.393939,1.394737,0.000797,0.911093,0.733905,0.699763,0.768047,0.068285,1.000000,1.000000,1.000000,1.000000,0.000000,1.000000,6.000000,6.000000,6.000000,0.000000,22.615182,0.709578,1.204082,0.875262,0.016994,1.432350,45.650849,17.094783,0.536369,11.134985,0.349373,4.336857,0.136074,25.059735,162.402074,169.579288,155.224859,14.354428,0.915353
left,1079,328,312,0,-1,0.843817,864.750000,791.500000,938.000000,146.500000,0.987009,118.447238,117.672848,119.221628,1.548780,0.777174,1.238636,1.083333,1.393939,0.310606,0.822035,0.775509,0.699763,0.851256,0.151493,1.000000,1.000000,1.000000,1.000000,0.000000,0.833333,5.500000,5.000000,6.000000,1.000000,34.339678,1.168803,1.016129,0.563454,0.196300,0.689187,20.248457,27.062436,0.921111,16.240036,0.552754,2.299386,0.078263,57.505990,111.262844,124.395585,98.130102,26.265483,0.788855
left,1080,328,296,0,-1,0.843817,864.750000,791.500000,938.000000,146.500000,0.975439,117.757532,116.293436,119.221628,2.928192,0.777174,1.238636,1.083333,1.393939,0.310606,0.802876,0.785666,0.699763,0.871570,0.171808,1.000000,1.000000,1.000000,1.000000,0.000000,0.857143,6.500000,6.000000,7.000000,1.000000,45.792003,1.558601,1.782609,0.427346,0.423822,0.170183,5.000000,33.963814,1.156010,21.900077,0.745403,1.212740,0.041277,59.973189,111.627478,114.775141,108.479816,6.295324,0.945151
left,1081,327,314,0,-1,0.961505,1694.250000,1661.000000,1727.500000,66.500000,0.938808,158.708692,153.699580,163.717803,10.018223,0.836066,1.142857,1.040816,1.244898,0.204082,0.916647,0.846732,0.809909,0.883556,0.073647,1.000000,1.000000,1.000000,1.000000,0.000000,1.000000,7.000000,7.000000,7.000000,0.000000,47.136670,1.145226,1.243243,0.568265,0.193596,0.530629,21.840330,35.203487,0.855299,23.473457,0.570308,2.106837,0.051187,75.871951,101.233986,109.440035,93.027937,16.412098,0.850036
left,1082,327,313,0,-1,0.762663,1522.500000,1317.500000,1727.500000,410.000000,0.869027,152.996490,142.275177,163.717803,21.442627,0.820370,1.133087,1.021277,1.244898,0.223621,0.990225,0.813906,0.809909,0.817904,0.007995,1.000000,1.000000,1.000000,1.000000,0.000000,0.857143,6.500000,6.000000,7.000000,1.000000,42.155137,1.082836,1.077922,0.551222,0.255337,0.546112,21.260292,33.891405,0.870566,20.940291,0.537892,0.753576,0.019357,89.970789,110.266348,130.829563,89.703133,41.126430,0.685649
left,1083,327,307,0,-1,0.574530,1360.000000,992.500000,1727.500000,735.000000,0.764118,144.408755,125.099706,163.717803,38.618097,0.842463,1.146839,1.048780,1.244898,0.196117,0.983992,0.803426,0.796944,0.809909,0.012965,1.000000,1.000000,1.000000,1.000000,0.000000,0.714286,6.000000,5.000000,7.000000,2.000000,39.315431,1.076145,1.500000,0.599303,0.179596,0.684302,25.000000,31.863149,0.872160,18.269967,0.500087,4.706826,0.128836,51.992228,126.248081,150.255119,102.241044,48.014075,0.680450
left,1084,327,286,0,-1,0.949059,1683.500000,1639.500000,1727.500000,88.000000,0.948114,159.470455,155.223107,163.717803,8.494696,0.977904,1.231145,1.217391,1.244898,0.027507,0.947169,0.832496,0.809909,0.855084,0.045175,1.000000,1.000000,1.000000,1.000000,0.000000,0.857143,6.500000,6.000000,7.000000,1.000000,57.067153,1.390967,1.656716,0.478675,0.265667,0.263647,10.816654,41.977534,1.023169,28.021145,0.682993,3.670489,0.089465,79.972271,105.614674,110.924502,100.304846,10.619655,0.904262
left,1085,326,303,0,-1,0.324645,1003.750000,492.000000,1515.500000,1023.500000,0.603683,119.488381,89.959270,149.017491,59.058221,0.944010,1.072557,1.041667,1.103448,0.061782,0.890824,0.810797,0.763982,0.857613,0.093631,1.000000,1.000000,1.000000,1.000000,0.000000,0.571429,5.500000,4.000000,7.000000,3.000000,28.948848,0.947426,1.086207,0.653633,0.174595,0.695798,21.260292,25.408659,0.831564,14.355548,0.469823,10.516431,0.344178,42.398593,118.266567,125.170483,111.362650,13.807833,0.889688
left,1086,326,297,0,-1,0.334353,981.750000,492.000000,1471.500000,979.500000,0.618817,117.666174,89.959270,145.373077,55.413807,0.891247,1.170772,1.103448,1.238095,0.134647,0.873134,0.819485,0.763982,0.874988,0.111006,0.995265,0.997633,0.995265,1.000000,0.004735,0.500000,6.000000,4.000000,8.000000,4.000000,33.948455,1.121499,1.047619,0.608715,0.166030,0.561601,17.000000,29.706964,0.981380,16.366011,0.540657,12.280896,0.405704,64.143966,121.975440,145.523912,98.426969,47.096943,0.676363
left,1087,325,319,0,-1,0.217391,700.000000,250.000000,1150.000000,900.000000,0.541504,100.615055,70.688669,130.541441,59.852772,0.957447,1.277778,1.250000,1.305556,0.055556,0.741377,0.738370,0.628710,0.848029,0.219320,1.000000,1.000000,1.000000,1.000000,0.000000,0.571429,5.500000,4.000000,7.000000,3.000000,28.339625,1.139899,1.428571,0.616567,0.117500,0.649819,16.155494,23.959867,0.963733,13.735373,0.552475,14.478842,0.582380,70.000049,122.922332,144.410982,101.433681,42.977301,0.702396
left,1088,325,315,0,-1,0.927826,1108.500000,1067.000000,1150.000000,83.000000,0.994290,130.168726,129.796011,130.541441,0.745430,0.984802,1.295635,1.285714,1.305556,0.019841,0.938514,0.821958,0.795887,0.848029,0.052142,1.000000,1.000000,1.000000,1.000000,0.000000,0.857143,6.500000,6.000000,7.000000,1.000000,39.746253,1.194000,1.800000,0.474823,0.235002,0.272029,9.055385,31.452337,0.944846,19.991420,0.600554,1.329520,0.039940,69.684395,93.516176,135.982117,51.050236,84.931881,0.375419
left,1089,325,311,0,-1,0.880870,1081.500000,1013.000000,1150.000000,137.000000,0.958248,127.816277,125.091113,130.541441,5.450328,0.823404,1.190278,1.075000,1.305556,0.230556,0.959302,0.830773,0.813517,0.848029,0.034513,1.000000,1.000000,1.000000,1.000000,0.000000,0.857143,6.500000,6.000000,7.000000,1.000000,29.413321,0.894847,1.387755,0.785871,0.068423,1.059584,34.828150,24.693544,0.751257,14.200152,0.432014,2.152557,0.065488,65.334501,150.533311,156.691155,144.375467,12.315688,0.921402
left,1090,325,292,0,-1,0.979565,1138.250000,1126.500000,1150.000000,23.500000,0.987149,129.702645,128.863848,130.541441,1.677593,0.804255,1.177778,1.050000,1.305556,0.255556,0.994791,0.850249,0.848029,0.852470,0.004440,1.000000,1.000000,1.000000,1.000000,0.000000,1.000000,7.000000,7.000000,7.000000,0.000000,36.687542,1.087441,1.574468,0.577712,0.199429,0.546546,18.439089,28.184143,0.835395,17.860565,0.529398,1.172392,0.034750,73.562778,110.450048,134.236102,86.663995,47.572107,0.645609
left,1091,324,308,0,-1,0.698948,1171.000000,963.500000,1378.500000,415.000000,0.865368,135.097966,125.347346,144.848586,19.501240,0.926714,1.083777,1.042553,1.125000,0.082447,0.933347,0.798120,0.770604,0.825635,0.055031,1.000000,1.000000,1.000000,1.000000,0.000000,0.714286,6.000000,5.000000,7.000000,2.000000,26.397894,0.774490,1.033898,0.878857,0.018574,1.279198,43.600459,20.965846,0.615119,13.179532,0.386675,4.041001,0.118559,86.253868,161.473786,174.805571,148.142001,26.663570,0.847467
left,1092,324,297,0,-1,0.654774,1217.500000,963.500000,1471.500000,508.000000,0.862246,135.360212,125.347346,145.373077,20.025731,0.908654,1.181548,1.125000,1.238095,0.113095,0.880702,0.822796,0.770604,0.874988,0.104384,0.995265,0.997633,0.995265,1.000000,0.004735,0.625000,6.500000,5.000000,8.000000,3.000000,40.332516,1.162313,1.013889,0.572828,0.190760,0.570573,19.798990,30.312710,0.873560,20.027904,0.577169,3.635042,0.104756,80.819668,105.820712,118.442929,93.198496,25.244432,0.786864
left,1093,323,309,0,-1,0.658110,1065.750000,846.000000,1285.500000,439.500000,0.783843,128.188982,112.655663,143.722302,31.066639,0.873378,1.163765,1.085106,1.242424,0.157318,0.933597,0.809860,0.782048,0.837672,0.055624,1.000000,1.000000,1.000000,1.000000,0.000000,0.625000,6.500000,5.000000,8.000000,3.000000,35.803246,1.102657,1.549020,0.555114,0.257331,0.565370,18.357560,26.886632,0.828046,15.995074,0.492611,1.442561,0.044428,50.284750,111.162998,132.397438,89.928559,42.468879,0.679232
left,1094,323,299,0,-1,0.686170,713.250000,580.500000,846.000000,265.500000,0.860454,104.795356,96.935048,112.655663,15.720614,0.986631,1.250842,1.242424,1.259259,0.016835,0.926779,0.807005,0.776337,0.837672,0.061335,1.000000,1.000000,1.000000,1.000000,0.000000,0.833333,5.500000,5.000000,6.000000,1.000000,25.789207,0.969890,1.439024,0.654106,0.122678,0.828239,22.022716,19.198151,0.722011,12.663792,0.476265,3.664545,0.137818,71.326944,107.488527,109.334809,105.642246,3.692562,0.966227
left,1095,322,318,0,-1,0.543115,1409.250000,992.000000,1826.500000,834.500000,0.751943,142.513923,122.335386,162.692460,40.357074,0.833333,1.100000,1.000000,1.200000,0.200000,0.960556,0.850049,0.832947,0.867151,0.034204,1.000000,1.000000,1.000000,1.000000,0.000000,1.000000,7.000000,7.000000,7.000000,0.000000,43.151041,1.162574,1.433333,0.525031,0.296789,0.340792,12.649111,34.677880,0.934291,21.432413,0.577432,7.721485,0.208032,82.627540,103.351061,123.882658,82.819465,41.063193,0.668532
left,1096,322,306,0,-1,0.974939,1004.750000,992.000000,1017.500000,25.500000,0.972095,124.091287,122.335386,125.847188,3.511802,0.933333,1.035714,1.000000,1.071429,0.071429,0.969259,0.820144,0.807341,0.832947,0.025606,1.000000,1.000000,1.000000,1.000000,0.000000,0.714286,6.000000,5.000000,7.000000,2.000000,29.854223,0.941858,1.103448,0.742622,0.069171,1.006098,31.890437,23.918325,0.754589,14.917685,0.470632,2.022226,0.063798,75.324350,155.237794,156.801409,153.674178,3.127231,0.980056
left,1097,322,298,0,-1,0.830645,908.000000,824.000000,992.000000,168.000000,0.918550,117.353248,112.371110,122.335386,9.964275,0.923077,1.041667,1.000000,1.083333,0.083333,0.984488,0.826487,0.820026,0.832947,0.012921,1.000000,1.000000,1.000000,1.000000,0.000000,0.857143,6.500000,6.000000,7.000000,1.000000,41.629029,1.382991,1.060606,0.502653,0.215308,0.359349,10.816654,30.879731,1.025880,20.131189,0.668794,2.792134,0.092760,82.958444,107.730453,109.540908,105.919999,3.620909,0.966945
left,1098,322,294,0,-1,0.834677,910.000000,828.000000,992.000000,164.000000,0.930284,118.071009,113.806632,122.335386,8.528754,0.853659,1.085714,1.000000,1.171429,0.171429,0.964468,0.818149,0.803350,0.832947,0.029596,1.000000,1.000000,1.000000,1.000000,0.000000,0.857143,6.500000,6.000000,7.000000,1.000000,36.677136,1.217074,1.531915,0.493570,0.267857,0.346445,10.440307,30.050205,0.997169,18.157040,0.602513,3.862663,0.128176,83.184029,91.454983,91.839141,91.070824,0.768316,0.991634
left,1099,321,305,0,-1,0.553615,1267.750000,903.500000,1632.000000,728.500000,0.734828,135.847366,115.082844,156.611888,41.529044,0.955166,1.077336,1.052632,1.102041,0.049409,0.975357,0.846706,0.836143,0.857268,0.021125,1.000000,1.000000,1.000000,1.000000,0.000000,0.857143,6.500000,6.000000,7.000000,1.000000,36.479522,1.035522,1.288136,0.579449,0.200355,0.528017,18.601075,31.215002,0.886081,17.595722,0.499479,5.067914,0.143860,80.156380,108.724869,144.574228,72.875510,71.698717,0.504070
left,1100,321,304,0,-1,0.725703,1074.250000,903.500000,1245.000000,341.500000,0.854986,124.842456,115.082844,134.602068,19.519225,0.921053,1.097744,1.052632,1.142857,0.090226,0.992753,0.860398,0.857268,0.863527,0.006258,1.000000,1.000000,1.000000,1.000000,0.000000,1.000000,6.000000,6.000000,6.000000,0.000000,35.596844,1.089541,1.216667,0.585400,0.261345,0.534542,17.464249,28.474369,0.871538,17.788145,0.544456,4.740769,0.145104,78.801595,113.555878,117.652815,109.458941,8.193874,0.930355
left,1101,321,283,0,-1,0.499862,1355.500000,903.500000,1807.500000,904.000000,0.724031,137.015143,115.082844,158.947443,43.864599,0.968269,1.035931,1.019231,1.052632,0.033401,0.953533,0.878156,0.857268,0.899044,0.041776,1.000000,1.000000,1.000000,1.000000,0.000000,0.857143,6.500000,6.000000,7.000000,1.000000,39.854705,1.098335,1.622642,0.631476,0.164884,0.575438,20.880613,31.188532,0.859508,19.616410,0.540598,10.736287,0.295876,70.025838,113.041808,120.212437,105.871179,14.341258,0.880701
left,1102,320,310,0,-1,0.919044,1143.750000,1095.500000,1192.000000,96.500000,0.956480,136.517260,133.480564,139.553956,6.073392,0.809647,1.221512,1.093023,1.350000,0.256977,0.995441,0.770895,0.769134,0.772656,0.003522,1.000000,1.000000,1.000000,1.000000,0.000000,1.000000,6.000000,6.000000,6.000000,0.000000,26.867878,0.794629,1.377358,0.788279,0.046995,1.213674,41.036569,21.067253,0.623073,13.289432,0.393041,1.505741,0.044533,44.749254,154.270631,158.532349,150.008914,8.523435,0.946235
left,1103,320,290,0,-1,0.894286,1160.250000,1095.500000,1225.000000,129.500000,0.938725,137.837001,133.480564,142.193439,8.712875,0.961860,1.114693,1.093023,1.136364,0.043340,0.985373,0.767005,0.761354,0.772656,0.011302,1.000000,1.000000,1.000000,1.000000,0.000000,0.857143,6.500000,6.000000,7.000000,1.000000,53.893256,1.582807,1.101266,0.417253,0.281405,0.166138,5.656854,39.417037,1.157650,26.866440,0.789048,3.296632,0.096820,89.285962,101.713232,112.413766,91.012699,21.401067,0.809622
left,1104,320,288,0,-1,0.876312,1027.750000,960.000000,1095.500000,135.500000,0.984883,132.471678,131.462792,133.480564,2.017772,0.978723,1.081395,1.069767,1.093023,0.023256,0.903419,0.735344,0.698032,0.772656,0.074624,1.000000,1.000000,1.000000,1.000000,0.000000,1.000000,6.000000,6.000000,6.000000,0.000000,43.270471,1.350468,1.281250,0.480574,0.181464,0.516616,16.552945,32.487804,1.013942,21.634095,0.675198,2.420902,0.075556,87.978461,105.476661,108.970408,101.982914,6.987494,0.935877
left,1105,319,315,0,-1,0.234302,658.500000,250.000000,1067.000000,817.000000,0.544614,100.242340,70.688669,129.796011,59.107342,0.972222,1.267857,1.250000,1.285714,0.035714,0.789948,0.712299,0.628710,0.795887,0.167177,1.000000,1.000000,1.000000,1.000000,0.000000,0.666667,5.000000,4.000000,6.000000,2.000000,19.322862,0.797208,1.097561,0.807310,0.030752,1.182147,28.653098,16.084944,0.663620,9.647106,0.398013,10.186312,0.420259,10.178410,160.775033,164.538782,157.011283,7.527499,0.954251
left,1106,319,295,0,-1,0.381971,452.250000,250.000000,654.500000,404.500000,0.697640,86.007044,70.688669,101.325419,30.636750,0.885714,1.178571,1.107143,1.250000,0.142857,0.784815,0.714901,0.628710,0.801093,0.172383,1.000000,1.000000,1.000000,1.000000,0.000000,0.800000,4.500000,4.000000,5.000000,1.000000,23.726669,1.146366,1.964286,0.580313,0.144831,0.774556,16.031220,19.298925,0.932437,11.492395,0.555261,7.942180,0.383730,74.121450,144.177828,145.813878,142.541778,3.272100,0.977560
left,1107,319,292,0,-1,0.221926,688.250000,250.000000,1126.500000,876.500000,0.548553,99.776259,70.688669,128.863848,58.175179,0.840000,1.150000,1.050000,1.250000,0.200000,0.737516,0.740590,0.628710,0.852470,0.223760,1.000000,1.000000,1.000000,1.000000,0.000000,0.571429,5.500000,4.000000,7.000000,3.000000,30.777431,1.246687,1.017857,0.534739,0.247730,0.398943,9.848858,28.108774,1.138589,14.843087,0.601242,16.620734,0.673248,64.683006,112.124808,124.330217,99.919399,24.410818,0.803661
left,1108,318,306,0,-1,0.557076,1422.000000,1017.500000,1826.500000,809.000000,0.773528,144.269824,125.847188,162.692460,36.845272,0.892857,1.135714,1.071429,1.200000,0.128571,0.931028,0.837246,0.807341,0.867151,0.059809,1.000000,1.000000,1.000000,1.000000,0.000000,0.714286,6.000000,5.000000,7.000000,2.000000,34.852094,0.933924,1.119403,0.763952,0.076125,0.968028,36.124784,28.179607,0.755123,17.053053,0.456967,7.614634,0.204048,64.512629,138.929280,157.479434,120.379126,37.100308,0.764412
left,1109,318,304,0,-1,0.681632,1535.750000,1245.000000,1826.500000,581.500000,0.827341,148.647264,134.602068,162.692460,28.090391,0.952381,1.171429,1.142857,1.200000,0.057143,0.995820,0.865339,0.863527,0.867151,0.003624,1.000000,1.000000,1.000000,1.000000,0.000000,0.857143,6.500000,6.000000,7.000000,1.000000,39.748077,1.018892,1.038961,0.669968,0.116718,0.734039,28.635642,30.825063,0.790162,19.517349,0.500303,5.787823,0.148364,65.340434,114.774643,129.244439,100.304846,28.939592,0.776086
left,1110,318,287,0,-1,0.425130,1301.500000,776.500000,1826.500000,1050.000000,0.679490,136.620153,110.547846,162.692460,52.144613,1.000000,1.200000,1.200000,1.200000,0.000000,0.920780,0.832803,0.798456,0.867151,0.068695,1.000000,1.000000,1.000000,1.000000,0.000000,0.857143,6.500000,6.000000,7.000000,1.000000,46.624333,1.320741,1.940000,0.519701,0.240300,0.316709,11.180340,36.001681,1.019830,22.188698,0.628545,15.738379,0.445825,68.425671,107.903520,118.354962,97.452077,20.902884,0.823388
left,1111,317,309,0,-1,0.560093,1002.750000,720.000000,1285.500000,565.500000,0.748735,125.666086,107.609871,143.722302,36.112431,0.775076,1.242553,1.085106,1.400000,0.314894,0.999090,0.781692,0.781337,0.782048,0.000712,1.000000,1.000000,1.000000,1.000000,0.000000,0.625000,6.500000,5.000000,8.000000,3.000000,34.015754,1.085262,1.549020,0.570657,0.224383,0.656958,20.591260,28.378907,0.905421,15.569619,0.496744,3.868362,0.123419,48.871718,127.947321,145.669783,110.224859,35.444923,0.756676
left,1112,317,300,0,-1,0.774194,825.000000,720.000000,930.000000,210.000000,0.901024,113.520248,107.609871,119.430626,11.820756,0.995671,1.396970,1.393939,1.400000,0.006061,0.953623,0.800336,0.781337,0.819335,0.037998,1.000000,1.000000,1.000000,1.000000,0.000000,0.833333,5.500000,5.000000,6.000000,1.000000,27.172616,0.947958,1.215686,0.719409,0.093939,0.998998,28.635642,25.250067,0.880887,13.228355,0.461491,3.136559,0.109424,74.004005,163.677680,164.054604,163.300756,0.753848,0.995405
left,1113,317,290,0,-1,0.587755,972.500000,720.000000,1225.000000,505.000000,0.756785,124.901655,107.609871,142.193439,34.583568,0.811688,1.268182,1.136364,1.400000,0.263636,0.974426,0.771345,0.761354,0.781337,0.019982,1.000000,1.000000,1.000000,1.000000,0.000000,0.714286,6.000000,5.000000,7.000000,2.000000,29.269909,0.946744,1.050000,0.592454,0.184062,0.755108,23.345235,24.816138,0.802685,14.384355,0.465266,3.356085,0.108554,58.691690,123.307389,158.404690,88.210089,70.194600,0.556865
left,1114,316,315,0,-1,0.841483,1167.500000,1067.000000,1268.000000,201.000000,0.901137,136.915918,129.796011,144.035826,14.239814,0.921833,1.340226,1.285714,1.394737,0.109023,0.965020,0.781967,0.768047,0.795887,0.027840,1.000000,1.000000,1.000000,1.000000,0.000000,1.000000,6.000000,6.000000,6.000000,0.000000,26.933515,0.788984,1.264151,0.788254,0.073448,1.184859,40.447497,22.365065,0.655157,13.440238,0.393715,1.213046,0.035535,4.625172,147.330064,147.528808,147.131321,0.397487,0.997306
left,1115,316,296,0,-1,0.739748,1103.000000,938.000000,1268.000000,330.000000,0.807392,130.164631,116.293436,144.035826,27.742389,0.776730,1.239035,1.083333,1.394737,0.311404,0.881223,0.819809,0.768047,0.871570,0.103523,1.000000,1.000000,1.000000,1.000000,0.000000,0.857143,6.500000,6.000000,7.000000,1.000000,39.915786,1.205264,1.225806,0.547848,0.182684,0.534207,17.691806,30.681796,0.926442,19.753443,0.596458,7.100546,0.214402,69.233980,92.988570,104.036243,81.940896,22.095347,0.787619
left,1116,316,275,0,-1,0.877812,1356.250000,1268.000000,1444.500000,176.500000,0.962450,146.845641,144.035826,149.655457,5.619631,0.981481,1.407895,1.394737,1.421053,0.026316,0.947645,0.789264,0.768047,0.810480,0.042433,1.000000,1.000000,1.000000,1.000000,0.000000,0.857143,6.500000,6.000000,7.000000,1.000000,44.995894,1.222456,2.040000,0.534803,0.155945,0.560086,20.615528,36.612453,0.994693,22.497924,0.611227,1.894162,0.051461,83.221597,118.597397,137.290610,99.904183,37.386427,0.727684
left,1117,315,295,0,-1,0.613402,860.750000,654.500000,1067.000000,412.500000,0.780651,115.560715,101.325419,129.796011,28.470592,0.861111,1.196429,1.107143,1.285714,0.178571,0.993502,0.798490,0.795887,0.801093,0.005205,1.000000,1.000000,1.000000,1.000000,0.000000,0.833333,5.500000,5.000000,6.000000,1.000000,35.687209,1.225351,1.674419,0.456436,0.259367,0.230332,6.708204,28.745465,0.987000,17.963627,0.616796,6.367804,0.218644,76.326758,85.974990,114.775141,57.174839,57.600301,0.498147
left,1118,315,275,0,-1,0.738664,1255.750000,1067.000000,1444.500000,377.500000,0.867299,139.725734,129.796011,149.655457,19.859446,0.904762,1.353383,1.285714,1.421053,0.135338,0.981995,0.803184,0.795887,0.810480,0.014593,1.000000,1.000000,1.000000,1.000000,0.000000,0.857143,6.500000,6.000000,7.000000,1.000000,44.258297,1.252507,1.709091,0.513854,0.256022,0.447461,15.811388,33.078882,0.936130,22.107054,0.625628,3.447510,0.097564,84.018446,111.395934,112.567009,110.224859,2.342150,0.979193
left,1119,314,301,0,-1,0.750151,1453.500000,1246.000000,1661.000000,415.000000,0.905835,146.463050,139.226520,153.699580,14.473060,0.726608,1.236624,1.040816,1.432432,0.391616,0.914218,0.845660,0.807763,0.883556,0.075793,1.000000,1.000000,1.000000,1.000000,0.000000,0.857143,6.500000,6.000000,7.000000,1.000000,34.744586,0.913681,1.073529,0.780259,0.055900,1.006529,38.275318,28.406394,0.747005,17.225849,0.452989,4.707879,0.123803,67.108327,151.340731,158.282356,144.399105,13.883251,0.912288
left,1120,314,286,0,-1,0.987056,1650.250000,1639.500000,1661.000000,21.500000,0.990185,154.461344,153.699580,155.223107,1.523526,0.854956,1.129104,1.040816,1.217391,0.176575,0.967775,0.869320,0.855084,0.883556,0.028473,1.000000,1.000000,1.000000,1.000000,0.000000,0.857143,6.500000,6.000000,7.000000,1.000000,43.235502,1.064309,1.239437,0.669361,0.092259,0.738497,30.000000,32.756830,0.806361,21.565947,0.530880,0.782397,0.019260,76.202468,121.420481,139.635463,103.205498,36.429965,0.739107
left,1121,314,284,0,-1,0.735099,1441.000000,1221.000000,1661.000000,440.000000,0.885077,144.867787,136.035994,153.699580,17.663586,0.969852,1.056994,1.040816,1.073171,0.032354,0.938391,0.856338,0.829121,0.883556,0.054435,1.000000,1.000000,1.000000,1.000000,0.000000,0.857143,6.500000,6.000000,7.000000,1.000000,48.267728,1.275268,1.625000,0.513188,0.354788,0.318148,12.041595,38.430398,1.015359,23.235468,0.613898,5.532485,0.146172,70.636913,109.705040,110.509322,108.900758,1.608564,0.985444
left,1122,313,307,0,-1,0.753321,1155.000000,992.500000,1317.500000,325.000000,0.879280,133.687441,125.099706,142.275177,17.175471,0.973775,1.035029,1.021277,1.048780,0.027504,0.974374,0.807424,0.796944,0.817904,0.020960,1.000000,1.000000,1.000000,1.000000,0.000000,0.833333,5.500000,5.000000,6.000000,1.000000,28.207562,0.832065,1.192982,0.802639,0.048268,1.138636,38.600518,24.356150,0.718456,14.004534,0.413105,2.730702,0.080550,83.407751,159.536404,168.055823,151.016986,17.038837,0.898612
left,1123,313,302,0,-1,0.982163,1305.750000,1294.000000,1317.500000,23.500000,0.999733,142.256182,142.237186,142.275177,0.037990,0.785597,1.160638,1.021277,1.300000,0.278723,0.982688,0.810824,0.803744,0.817904,0.014160,1.000000,1.000000,1.000000,1.000000,0.000000,0.833333,5.500000,5.000000,6.000000,1.000000,43.420116,1.201615,1.540984,0.556900,0.250239,0.577853,20.880613,33.867702,0.937260,21.704200,0.600645,0.686494,0.018998,86.876659,130.838810,130.950921,130.726699,0.224223,0.998288
left,1124,313,280,0,-1,0.929126,1367.750000,1317.500000,1418.000000,100.500000,0.969964,144.478029,142.275177,146.680881,4.405705,0.813239,1.138545,1.021277,1.255814,0.234537,0.987559,0.823056,0.817904,0.828207,0.010304,1.000000,1.000000,1.000000,1.000000,0.000000,0.857143,6.500000,6.000000,7.000000,1.000000,43.669028,1.180983,1.313433,0.546737,0.192287,0.516674,19.104973,33.062452,0.894139,21.187151,0.572984,0.060494,0.001636,69.810158,102.492020,116.565051,88.418989,28.146062,0.758538
left,1125,312,308,0,-1,0.680450,1158.250000,938.000000,1378.500000,440.500000,0.812385,131.260717,117.672848,144.848586,27.175739,0.962357,1.062943,1.042553,1.083333,0.040780,0.969902,0.838446,0.825635,0.851256,0.025621,1.000000,1.000000,1.000000,1.000000,0.000000,0.714286,6.000000,5.000000,7.000000,2.000000,33.937289,1.001766,1.612245,0.624906,0.151090,0.689108,23.345235,27.517874,0.812276,16.598474,0.489956,4.352604,0.128481,59.872082,114.729830,137.129853,92.329807,44.800046,0.673302
left,1126,312,296,0,-1,1.000000,938.000000,938.000000,938.000000,0.000000,0.988278,116.983142,116.293436,117.672848,1.379412,1.000000,1.083333,1.083333,1.083333,0.000000,0.976693,0.861413,0.851256,0.871570,0.020314,1.000000,1.000000,1.000000,1.000000,0.000000,0.714286,6.000000,5.000000,7.000000,2.000000,30.250019,0.987698,1.115385,0.749112,0.082889,0.923514,28.284271,24.167063,0.789083,15.044740,0.491228,0.580461,0.018953,83.123410,155.284480,163.474204,147.094757,16.379447,0.899804
left,1127,312,289,0,-1,0.834520,1031.000000,938.000000,1124.000000,186.000000,0.906074,123.771985,117.672848,129.871121,12.198274,0.944544,1.053295,1.023256,1.083333,0.060078,0.983764,0.844345,0.837435,0.851256,0.013821,1.000000,1.000000,1.000000,1.000000,0.000000,0.833333,5.500000,5.000000,6.000000,1.000000,34.588328,1.078309,1.352941,0.608759,0.222357,0.642700,20.615528,28.572983,0.890778,16.260277,0.506923,0.267483,0.008339,58.805223,124.530898,148.442141,100.619655,47.822486,0.677838
left,1128,311,302,0,-1,0.782844,1153.500000,1013.000000,1294.000000,281.000000,0.879454,133.664150,125.091113,142.237186,17.146073,0.826923,1.187500,1.075000,1.300000,0.225000,0.987987,0.808630,0.803744,0.813517,0.009772,1.000000,1.000000,1.000000,1.000000,0.000000,0.833333,5.500000,5.000000,6.000000,1.000000,40.149797,1.184362,1.622642,0.545116,0.253143,0.541522,18.357560,31.178835,0.919731,19.559671,0.576983,7.662550,0.226034,78.226497,108.763755,111.052488,106.475022,4.577466,0.958781
left,1129,311,292,0,-1,0.899245,1069.750000,1013.000000,1126.500000,113.500000,0.970723,126.977481,125.091113,128.863848,3.772735,0.976744,1.062500,1.050000,1.075000,0.025000,0.954306,0.832993,0.813517,0.852470,0.038953,1.000000,1.000000,1.000000,1.000000,0.000000,0.857143,6.500000,6.000000,7.000000,1.000000,36.131810,1.105100,1.000000,0.612289,0.183921,0.679102,22.203603,28.829800,0.881766,17.728881,0.542242,1.523628,0.046601,79.061181,122.619495,128.594140,116.644850,11.949290,0.907077
left,1130,311,285,0,-1,0.691940,1238.500000,1013.000000,1464.000000,451.000000,0.846641,136.420518,125.091113,147.749922,22.658809,0.971635,1.090691,1.075000,1.106383,0.031383,0.965317,0.828131,0.813517,0.842745,0.029229,1.000000,1.000000,1.000000,1.000000,0.000000,1.000000,6.000000,6.000000,6.000000,0.000000,38.061303,1.086071,1.101449,0.568426,0.251716,0.554045,19.416488,30.188968,0.861435,18.832983,0.537395,7.882202,0.224917,78.304962,108.416636,121.752036,95.081236,26.670800,0.780942
left,1131,310,298,0,-1,0.691275,1008.000000,824.000000,1192.000000,368.000000,0.805216,125.962533,112.371110,139.553956,27.182845,0.802469,1.216667,1.083333,1.350000,0.266667,0.937938,0.794580,0.769134,0.820026,0.050893,1.000000,1.000000,1.000000,1.000000,0.000000,1.000000,6.000000,6.000000,6.000000,0.000000,31.176465,0.986117,1.363636,0.618369,0.188244,0.783126,24.758837,25.027467,0.791623,14.501824,0.458695,4.513216,0.142754,54.812259,127.787505,145.669783,109.905227,35.764556,0.754482
left,1132,310,288,0,-1,0.805369,1076.000000,960.000000,1192.000000,232.000000,0.942021,135.508374,131.462792,139.553956,8.091164,0.792420,1.209884,1.069767,1.350000,0.280233,0.907556,0.733583,0.698032,0.769134,0.071102,1.000000,1.000000,1.000000,1.000000,0.000000,1.000000,6.000000,6.000000,6.000000,0.000000,47.224362,1.441762,1.304348,0.444686,0.285316,0.372667,12.206556,36.188931,1.104850,23.529848,0.718368,5.157392,0.157455,86.483328,120.426753,132.845334,108.008173,24.837161,0.813037
left,1133,310,281,0,-1,0.953982,1220.750000,1192.000000,1249.500000,57.500000,0.960801,136.818798,134.083640,139.553956,5.470316,0.831075,1.235976,1.121951,1.350000,0.228049,0.880658,0.821248,0.769134,0.873363,0.104229,1.000000,1.000000,1.000000,1.000000,0.000000,0.857143,6.500000,6.000000,7.000000,1.000000,32.565516,0.932126,1.425926,0.663181,0.133524,0.837929,29.274562,27.007085,0.773027,15.951378,0.456578,1.546207,0.044257,77.976066,107.810421,110.015960,105.604882,4.411077,0.959905
left,1134,309,300,0,-1,0.723454,1107.750000,930.000000,1285.500000,355.500000,0.830982,131.576464,119.430626,143.722302,24.291676,0.778446,1.239523,1.085106,1.393939,0.308833,0.954492,0.800692,0.782048,0.819335,0.037286,1.000000,1.000000,1.000000,1.000000,0.000000,0.750000,7.000000,6.000000,8.000000,2.000000,29.943051,0.902582,1.015873,0.652359,0.141503,0.852581,28.284271,24.764202,0.746474,14.742539,0.444389,1.888863,0.056937,65.499273,126.287834,166.855132,85.720536,81.134596,0.513742
left,1135,309,299,0,-1,0.451575,933.000000,580.500000,1285.500000,705.000000,0.674461,120.328675,96.935048,143.722302,46.787254,0.861702,1.172183,1.085106,1.259259,0.174153,0.992697,0.779193,0.776337,0.782048,0.005711,1.000000,1.000000,1.000000,1.000000,0.000000,0.750000,7.000000,6.000000,8.000000,2.000000,47.168780,1.573671,1.215385,0.424604,0.360129,0.094364,2.828427,34.251434,1.142716,23.335196,0.778522,11.931132,0.398053,83.459602,103.335117,121.960316,84.709919,37.250397,0.694570
left,1136,309,291,0,-1,0.526643,981.250000,677.000000,1285.500000,608.500000,0.714739,123.223101,102.723900,143.722302,40.998402,0.947899,1.056839,1.028571,1.085106,0.056535,0.970014,0.794136,0.782048,0.806224,0.024175,1.000000,1.000000,1.000000,1.000000,0.000000,0.750000,7.000000,6.000000,8.000000,2.000000,39.281591,1.269747,1.250000,0.563266,0.091210,0.601265,18.601075,28.879976,0.933523,19.474685,0.629504,11.922421,0.385383,84.186984,99.217474,104.036243,94.398705,9.637538,0.907364
left,1137,308,297,0,-1,0.936799,1425.000000,1378.500000,1471.500000,93.000000,0.996392,145.110832,144.848586,145.373077,0.524491,0.842062,1.140324,1.042553,1.238095,0.195542,0.943596,0.850312,0.825635,0.874988,0.049353,0.995265,0.997633,0.995265,1.000000,0.004735,0.875000,7.500000,7.000000,8.000000,1.000000,50.012094,1.325029,1.476190,0.474952,0.302281,0.206926,7.810250,37.442497,0.992008,23.613555,0.625622,2.397097,0.063509,65.909165,90.343372,99.079669,81.607075,17.472594,0.823651
left,1138,308,289,0,-1,0.815379,1251.250000,1124.000000,1378.500000,254.500000,0.896599,137.359854,129.871121,144.848586,14.977465,0.981490,1.032905,1.023256,1.042553,0.019297,0.985910,0.831535,0.825635,0.837435,0.011800,1.000000,1.000000,1.000000,1.000000,0.000000,0.857143,6.500000,6.000000,7.000000,1.000000,38.666200,1.094518,1.041667,0.597704,0.221379,0.641761,22.671568,30.693924,0.868848,18.845011,0.533443,0.505397,0.014306,69.003058,127.487821,135.747589,119.228052,16.519537,0.878307
left,1139,308,278,0,-1,0.949053,1415.500000,1378.500000,1452.500000,74.000000,0.992431,144.300438,143.752291,144.848586,1.096296,0.978723,1.053885,1.042553,1.065217,0.022664,0.934742,0.854456,0.825635,0.883276,0.057641,1.000000,1.000000,1.000000,1.000000,0.000000,0.857143,6.500000,6.000000,7.000000,1.000000,42.558757,1.131283,1.618182,0.612201,0.135641,0.631839,23.769729,33.545772,0.891702,21.134739,0.561797,0.148445,0.003946,82.461722,106.777323,115.077769,98.476878,16.600890,0.855742
left,1140,307,286,0,-1,0.605367,1316.000000,992.500000,1639.500000,647.000000,0.805935,140.161406,125.099706,155.223107,30.123401,0.861498,1.133086,1.048780,1.217391,0.168611,0.932007,0.826014,0.796944,0.855084,0.058140,1.000000,1.000000,1.000000,1.000000,0.000000,0.833333,5.500000,5.000000,6.000000,1.000000,34.288705,0.952534,1.169231,0.669987,0.132029,0.807528,29.068884,27.605273,0.766870,17.144335,0.476267,6.582694,0.182866,72.907366,121.641007,133.841979,109.440035,24.401944,0.817681
left,1141,307,280,0,-1,0.699929,1205.250000,992.500000,1418.000000,425.500000,0.852870,135.890294,125.099706,146.680881,21.581175,0.835140,1.152297,1.048780,1.255814,0.207033,0.962252,0.812576,0.796944,0.828207,0.031263,1.000000,1.000000,1.000000,1.000000,0.000000,0.714286,6.000000,5.000000,7.000000,2.000000,47.794743,1.382144,1.208333,0.495030,0.285833,0.352993,12.206556,37.077691,1.072225,22.495352,0.650528,6.635988,0.191902,72.754288,116.867345,120.564025,113.170664,7.393361,0.938677
left,1142,307,259,0,-1,0.476248,1538.250000,992.500000,2084.000000,1091.500000,0.729515,148.291499,125.099706,171.483292,46.383586,0.970216,1.033162,1.017544,1.048780,0.031237,0.894878,0.843753,0.796944,0.890562,0.093618,1.000000,1.000000,1.000000,1.000000,0.000000,0.714286,6.000000,5.000000,7.000000,2.000000,43.739843,1.133820,1.637931,0.589288,0.201690,0.524238,20.223748,36.328881,0.941714,21.834115,0.565982,12.662275,0.328230,88.968560,105.707163,118.123735,93.290591,24.833145,0.789770
left,1143,306,294,0,-1,0.813759,922.750000,828.000000,1017.500000,189.500000,0.904324,119.826910,113.806632,125.847188,12.040556,0.914634,1.121429,1.071429,1.171429,0.100000,0.995057,0.805346,0.803350,0.807341,0.003991,1.000000,1.000000,1.000000,1.000000,0.000000,0.833333,5.500000,5.000000,6.000000,1.000000,31.514849,1.038838,1.267857,0.587882,0.175833,0.676353,20.518285,24.618030,0.811495,15.080897,0.497118,2.375174,0.078294,68.009936,110.150383,114.486681,105.814084,8.672597,0.924248
left,1144,306,287,0,-1,0.763145,897.000000,776.500000,1017.500000,241.000000,0.878429,118.197517,110.547846,125.847188,15.299342,0.892857,1.135714,1.071429,1.200000,0.128571,0.988994,0.802899,0.798456,0.807341,0.008886,1.000000,1.000000,1.000000,1.000000,0.000000,0.833333,5.500000,5.000000,6.000000,1.000000,32.683290,1.093745,1.046875,0.582694,0.187848,0.664260,19.849433,24.215226,0.810361,16.213957,0.542599,5.111671,0.171062,77.811200,122.589453,140.110418,105.068488,35.041929,0.749898
left,1145,306,272,0,-1,0.918736,1062.500000,1017.500000,1107.500000,90.000000,0.981016,127.064873,125.847188,128.282558,2.435370,0.838509,1.174603,1.071429,1.277778,0.206349,0.954638,0.826523,0.807341,0.845704,0.038363,1.000000,1.000000,1.000000,1.000000,0.000000,0.833333,5.500000,5.000000,6.000000,1.000000,36.946312,1.133715,1.866667,0.555754,0.164941,0.535899,17.464249,28.661519,0.879493,18.045206,0.553726,2.882339,0.088446,70.651308,103.093091,103.970462,102.215719,1.754743,0.983123
left,1146,305,303,0,-1,0.928615,1573.750000,1515.500000,1632.000000,116.500000,0.951508,152.814690,149.017491,156.611888,7.594397,0.945216,1.071854,1.041667,1.102041,0.060374,0.974966,0.846878,0.836143,0.857613,0.021470,1.000000,1.000000,1.000000,1.000000,0.000000,1.000000,7.000000,7.000000,7.000000,0.000000,43.865300,1.105930,1.678571,0.557593,0.189515,0.495336,19.646883,34.353672,0.866123,21.450400,0.540807,2.268204,0.057186,83.914649,97.843223,116.565051,79.121395,37.443656,0.678775
left,1147,305,293,0,-1,0.525735,1245.000000,858.000000,1632.000000,774.000000,0.757989,137.661005,118.710123,156.611888,37.901766,0.897010,1.165306,1.102041,1.228571,0.126531,0.915042,0.800625,0.765106,0.836143,0.071037,1.000000,1.000000,1.000000,1.000000,0.000000,0.714286,6.000000,5.000000,7.000000,2.000000,37.886519,1.087292,1.147059,0.593420,0.208635,0.655688,22.847319,31.700008,0.909748,18.144730,0.520730,5.514940,0.158271,66.847265,125.437009,141.540386,109.333632,32.206753,0.772455
left,1148,305,283,0,-1,0.902905,1719.750000,1632.000000,1807.500000,175.500000,0.985306,157.779666,156.611888,158.947443,2.335554,0.924858,1.060636,1.019231,1.102041,0.082810,0.930035,0.867594,0.836143,0.899044,0.062901,1.000000,1.000000,1.000000,1.000000,0.000000,1.000000,7.000000,7.000000,7.000000,0.000000,47.004433,1.133829,1.086420,0.593104,0.204681,0.550061,22.803509,32.799340,0.791177,23.464263,0.565999,0.692581,0.016706,82.404230,111.696667,113.838740,109.554594,4.284147,0.962367
left,1149,305,270,0,-1,0.650429,1346.750000,1061.500000,1632.000000,570.500000,0.827383,143.094969,129.578050,156.611888,27.033838,0.929012,1.062925,1.023810,1.102041,0.078231,0.950137,0.815297,0.794451,0.836143,0.041692,1.000000,1.000000,1.000000,1.000000,0.000000,0.857143,6.500000,6.000000,7.000000,1.000000,42.067012,1.152857,1.882353,0.567859,0.185632,0.576163,21.023796,31.917323,0.874703,20.699212,0.567267,7.886597,0.216134,78.978670,111.773650,115.559965,107.987335,7.572631,0.934470
left,1150,304,287,0,-1,0.623695,1010.750000,776.500000,1245.000000,468.500000,0.821294,122.574957,110.547846,134.602068,24.054222,0.952381,1.171429,1.142857,1.200000,0.057143,0.924645,0.830991,0.798456,0.863527,0.065071,1.000000,1.000000,1.000000,1.000000,0.000000,1.000000,6.000000,6.000000,6.000000,0.000000,34.608872,1.096079,1.046154,0.603588,0.163492,0.633409,20.000000,27.533238,0.871991,17.243626,0.546114,5.398516,0.170974,74.794761,117.954122,141.340192,94.568052,46.772140,0.669081
left,1151,304,283,0,-1,0.688797,1526.250000,1245.000000,1807.500000,562.500000,0.846834,146.774756,134.602068,158.947443,24.345374,0.891827,1.081044,1.019231,1.142857,0.123626,0.960494,0.881285,0.863527,0.899044,0.035518,1.000000,1.000000,1.000000,1.000000,0.000000,0.857143,6.500000,6.000000,7.000000,1.000000,38.893213,0.999835,1.027027,0.730544,0.076822,0.827835,32.202484,30.774789,0.791133,19.314813,0.496529,6.079720,0.156292,80.650657,139.093954,147.859286,130.328622,17.530664,0.881437
left,1152,304,274,0,-1,0.848193,1150.500000,1056.000000,1245.000000,189.000000,0.932402,130.052661,125.503254,134.602068,9.098815,0.918750,1.096429,1.050000,1.142857,0.092857,0.975637,0.853007,0.842488,0.863527,0.021038,1.000000,1.000000,1.000000,1.000000,0.000000,1.000000,6.000000,6.000000,6.000000,0.000000,43.215320,1.275151,1.744681,0.523387,0.309213,0.369721,12.529964,33.630370,0.992329,20.071254,0.592241,2.898756,0.085533,62.773430,112.272289,114.592988,109.951591,4.641398,0.959497
left,1153,303,297,0,-1,0.970967,1493.500000,1471.500000,1515.500000,44.000000,0.975544,147.195284,145.373077,149.017491,3.644414,0.841346,1.139881,1.041667,1.238095,0.196429,0.980142,0.866301,0.857613,0.874988,0.017375,0.995265,0.997633,0.995265,1.000000,0.004735,0.875000,7.500000,7.000000,8.000000,1.000000,48.178554,1.246703,1.886792,0.554596,0.198360,0.442938,17.117243,35.016392,0.906109,23.072995,0.597053,0.503783,0.013036,66.248955,112.139898,121.166357,103.113438,18.052919,0.851007
left,1154,303,293,0,-1,0.566150,1186.750000,858.000000,1515.500000,657.500000,0.796619,133.863807,118.710123,149.017491,30.307368,0.847868,1.135119,1.041667,1.228571,0.186905,0.892134,0.811359,0.765106,0.857613,0.092507,1.000000,1.000000,1.000000,1.000000,0.000000,0.714286,6.000000,5.000000,7.000000,2.000000,26.798649,0.785642,1.016949,0.865570,0.039604,1.203404,41.048752,23.920157,0.701254,13.398409,0.392794,6.195378,0.181627,41.128954,159.756593,171.544972,147.968213,23.576759,0.862562
left,1155,303,271,0,-1,0.900033,1439.750000,1364.000000,1515.500000,151.500000,0.948590,145.186972,141.356453,149.017491,7.661038,0.976563,1.054167,1.041667,1.066667,0.025000,0.999766,0.857713,0.857613,0.857814,0.000201,1.000000,1.000000,1.000000,1.000000,0.000000,1.000000,7.000000,7.000000,7.000000,0.000000,46.675165,1.230532,1.191781,0.562376,0.165480,0.483974,18.357560,34.682504,0.914360,23.268349,0.613441,3.537553,0.093263,86.076536,110.826231,126.185726,95.466736,30.718990,0.756557
left,1156,302,285,0,-1,0.883880,1379.000000,1294.000000,1464.000000,170.000000,0.962689,144.993554,142.237186,147.749922,5.512736,0.851064,1.203191,1.106383,1.300000,0.193617,0.953721,0.823245,0.803744,0.842745,0.039001,1.000000,1.000000,1.000000,1.000000,0.000000,0.833333,5.500000,5.000000,6.000000,1.000000,31.499867,0.848659,1.095238,0.823811,0.045323,1.143355,42.438190,25.898447,0.697747,15.551953,0.418995,1.780258,0.047963,63.644061,159.369037,164.871798,153.866277,11.005521,0.933248
left,1157,302,280,0,-1,0.912553,1356.000000,1294.000000,1418.000000,124.000000,0.969705,144.459034,142.237186,146.680881,4.443695,0.966011,1.277907,1.255814,1.300000,0.044186,0.970463,0.815976,0.803744,0.828207,0.024463,1.000000,1.000000,1.000000,1.000000,0.000000,0.714286,6.000000,5.000000,7.000000,2.000000,38.160213,1.036560,1.208955,0.580834,0.195428,0.634135,23.345235,29.416749,0.799058,19.079601,0.518266,1.563836,0.042479,82.188503,102.769869,112.708250,92.831487,19.876763,0.823644
left,1158,301,284,0,-1,0.979936,1233.500000,1221.000000,1246.000000,25.000000,0.977084,137.631257,136.035994,139.226520,3.190526,0.749195,1.252802,1.073171,1.432432,0.359262,0.974240,0.818442,0.807763,0.829121,0.021358,1.000000,1.000000,1.000000,1.000000,0.000000,1.000000,6.000000,6.000000,6.000000,0.000000,38.142400,1.086035,1.245902,0.624720,0.104378,0.747387,26.248809,26.641875,0.758579,18.971431,0.540177,1.784290,0.050804,83.306998,127.207146,149.322720,105.091573,44.231147,0.703788
left,1159,300,291,0,-1,0.727957,803.500000,677.000000,930.000000,253.000000,0.860114,111.077263,102.723900,119.430626,16.706727,0.737888,1.211255,1.028571,1.393939,0.365368,0.983998,0.812779,0.806224,0.819335,0.013111,1.000000,1.000000,1.000000,1.000000,0.000000,1.000000,6.000000,6.000000,6.000000,0.000000,37.412062,1.323966,1.727273,0.486606,0.322029,0.326268,9.219544,28.744178,1.017221,17.262269,0.610890,5.107236,0.180739,67.615543,108.523459,118.300756,98.746162,19.554594,0.834704
left,1160,300,290,0,-1,0.759184,1077.500000,930.000000,1225.000000,295.000000,0.839917,130.812033,119.430626,142.193439,22.762813,0.815217,1.265152,1.136364,1.393939,0.257576,0.929235,0.790345,0.761354,0.819335,0.057980,1.000000,1.000000,1.000000,1.000000,0.000000,0.857143,6.500000,6.000000,7.000000,1.000000,34.038202,1.039399,1.600000,0.575609,0.200464,0.682812,22.360680,26.773788,0.817571,15.686248,0.478999,0.475575,0.014522,47.674359,116.292066,124.094978,108.489155,15.605823,0.874243
left,1161,300,267,0,-1,0.926756,966.750000,930.000000,1003.500000,73.500000,0.922097,124.475634,119.430626,129.520643,10.090016,0.846154,1.286713,1.179487,1.393939,0.214452,0.917462,0.785521,0.751708,0.819335,0.067627,1.000000,1.000000,1.000000,1.000000,0.000000,0.833333,5.500000,5.000000,6.000000,1.000000,36.274879,1.166883,1.237288,0.566000,0.154642,0.671683,20.880613,26.958650,0.867201,17.429008,0.560653,4.261778,0.137092,72.837023,110.004100,125.609495,94.398705,31.210790,0.751525
left,1162,300,250,0,-1,0.622907,1211.500000,930.000000,1493.000000,563.000000,0.780022,136.271237,119.430626,153.111848,33.681222,0.950961,1.359760,1.325581,1.393939,0.068358,0.976766,0.809817,0.800299,0.819335,0.019036,1.000000,1.000000,1.000000,1.000000,0.000000,0.857143,6.500000,6.000000,7.000000,1.000000,43.419738,1.256081,1.934783,0.477791,0.320883,0.290731,10.049876,35.629162,1.030709,21.743696,0.629019,11.450532,0.331250,83.988172,95.214860,113.629378,76.800342,36.829035,0.675885
left,1163,299,291,0,-1,0.857459,628.750000,580.500000,677.000000,96.500000,0.943647,99.829474,96.935048,102.723900,5.788851,0.816807,1.143915,1.028571,1.259259,0.230688,0.962930,0.791280,0.776337,0.806224,0.029886,1.000000,1.000000,1.000000,1.000000,0.000000,1.000000,6.000000,6.000000,6.000000,0.000000,22.326736,0.891059,1.486486,0.790915,0.022664,1.163566,29.154759,17.265876,0.689081,11.050138,0.441011,1.655524,0.066072,71.899772,161.889703,171.253838,152.525568,18.728269,0.890640
left,1164,299,277,0,-1,0.928800,602.750000,580.500000,625.000000,44.500000,0.985149,97.665690,96.935048,98.396331,1.461282,0.794118,1.129630,1.000000,1.259259,0.259259,0.957014,0.793772,0.776337,0.811208,0.034870,1.000000,1.000000,1.000000,1.000000,0.000000,1.000000,6.000000,6.000000,6.000000,0.000000,27.427937,1.117374,1.200000,0.626641,0.080465,0.811710,19.924859,22.051785,0.898357,13.548839,0.551960,0.740137,0.030152,75.565569,131.958305,159.880367,104.036243,55.844123,0.650713
left,1165,298,294,0,-1,0.995169,826.000000,824.000000,828.000000,4.000000,0.987386,113.088871,112.371110,113.806632,1.435522,0.924797,1.127381,1.083333,1.171429,0.088095,0.979664,0.811688,0.803350,0.820026,0.016676,1.000000,1.000000,1.000000,1.000000,0.000000,1.000000,6.000000,6.000000,6.000000,0.000000,27.083419,0.942353,1.523810,0.746024,0.085048,1.032757,29.681644,20.486801,0.712828,13.141346,0.457246,1.352016,0.047043,82.162053,153.735749,163.009177,144.462322,18.546854,0.886222
left,1166,298,281,0,-1,0.659464,1036.750000,824.000000,1249.500000,425.500000,0.838067,123.227375,112.371110,134.083640,21.712529,0.965580,1.102642,1.083333,1.121951,0.038618,0.938930,0.846694,0.820026,0.873363,0.053336,1.000000,1.000000,1.000000,1.000000,0.000000,0.857143,6.500000,6.000000,7.000000,1.000000,35.941662,1.122236,1.293103,0.629115,0.136243,0.670404,21.470911,27.407478,0.855766,17.911719,0.559272,4.758528,0.148579,78.142994,132.814431,144.489890,121.138972,23.350918,0.838391
left,1167,298,276,0,-1,0.733010,714.000000,604.000000,824.000000,220.000000,0.870762,105.109782,97.848454,112.371110,14.522656,0.987745,1.090054,1.083333,1.096774,0.013441,0.966743,0.806390,0.792755,0.820026,0.027271,1.000000,1.000000,1.000000,1.000000,0.000000,0.833333,5.500000,5.000000,6.000000,1.000000,28.712186,1.077748,1.536585,0.535744,0.253151,0.510548,13.601471,25.226791,0.946919,14.164381,0.531678,3.959973,0.148643,67.535906,107.010461,138.205216,75.815706,62.389510,0.548573
left,1168,297,278,0,-1,0.987088,1462.000000,1452.500000,1471.500000,19.000000,0.988851,144.562684,143.752291,145.373077,1.620787,0.860368,1.151656,1.065217,1.238095,0.172878,0.990617,0.879132,0.874988,0.883276,0.008288,0.995265,0.997633,0.995265,1.000000,0.004735,0.750000,7.000000,6.000000,8.000000,2.000000,42.868659,1.121162,1.235294,0.663805,0.142271,0.704203,26.925824,31.412716,0.821550,21.412772,0.560017,0.692424,0.018109,83.996633,143.411899,162.443453,124.380345,38.063108,0.765684
left,1169,297,271,0,-1,0.926945,1417.750000,1364.000000,1471.500000,107.500000,0.972370,143.364765,141.356453,145.373077,4.016624,0.861538,1.152381,1.066667,1.238095,0.171429,0.980372,0.866401,0.857814,0.874988,0.017174,0.995265,0.997633,0.995265,1.000000,0.004735,0.875000,7.500000,7.000000,8.000000,1.000000,37.141722,0.986598,1.055556,0.651352,0.135779,0.701788,26.419690,29.434949,0.781883,18.474098,0.490729,0.054915,0.001459,83.635317,106.334992,112.647917,100.022068,12.625849,0.887918
left,1170,297,260,0,-1,0.720693,1266.000000,1060.500000,1471.500000,411.000000,0.871933,136.064333,126.755589,145.373077,18.617488,0.982328,1.227156,1.216216,1.238095,0.021879,0.947947,0.852215,0.829443,0.874988,0.045546,0.995265,0.997633,0.995265,1.000000,0.004735,0.750000,7.000000,6.000000,8.000000,2.000000,44.093164,1.243366,1.622642,0.525558,0.324842,0.367665,13.038405,35.411662,0.998560,21.309557,0.600900,2.359205,0.066526,75.522432,111.872392,118.689668,105.055116,13.634552,0.885124
left,1171,296,289,0,-1,0.834520,1031.000000,938.000000,1124.000000,186.000000,0.895453,123.082279,116.293436,129.871121,13.577685,0.944544,1.053295,1.023256,1.083333,0.060078,0.960835,0.854502,0.837435,0.871570,0.034135,1.000000,1.000000,1.000000,1.000000,0.000000,0.857143,6.500000,6.000000,7.000000,1.000000,31.797571,0.991306,1.340000,0.647013,0.177983,0.717714,23.021729,25.325713,0.789542,15.156255,0.472504,0.921538,0.028729,77.848914,116.697847,137.489553,95.906141,41.583412,0.697552
left,1172,296,275,0,-1,0.649360,1191.250000,938.000000,1444.500000,506.500000,0.777074,132.974447,116.293436,149.655457,33.362021,0.762346,1.252193,1.083333,1.421053,0.337719,0.929908,0.841025,0.810480,0.871570,0.061090,1.000000,1.000000,1.000000,1.000000,0.000000,1.000000,7.000000,7.000000,7.000000,0.000000,38.291345,1.115823,1.138462,0.566213,0.218258,0.524526,18.000000,28.286472,0.824278,18.073999,0.526683,6.113396,0.178146,50.880811,108.746763,118.673146,98.820380,19.852767,0.832711
left,1173,296,264,0,-1,0.895522,889.000000,840.000000,938.000000,98.000000,0.964492,118.434113,116.293436,120.574790,4.281354,0.722222,1.291667,1.083333,1.500000,0.416667,0.833055,0.798818,0.726066,0.871570,0.145504,1.000000,1.000000,1.000000,1.000000,0.000000,0.714286,6.000000,5.000000,7.000000,2.000000,39.813899,1.335823,1.385965,0.477662,0.335208,0.345436,10.295630,31.257941,1.048756,19.884355,0.667153,0.535027,0.017951,76.518572,116.062508,142.125016,90.000000,52.125016,0.633245
left,1174,296,257,0,-1,0.973348,925.500000,913.000000,938.000000,25.000000,0.961510,118.621087,116.293436,120.948737,4.655301,0.625926,1.407051,1.083333,1.730769,0.647436,0.899861,0.827931,0.784292,0.871570,0.087278,1.000000,1.000000,1.000000,1.000000,0.000000,0.857143,6.500000,6.000000,7.000000,1.000000,38.285110,1.258495,2.333333,0.531273,0.197461,0.460203,14.000000,30.197521,0.992643,19.027600,0.625469,1.666487,0.054780,84.885640,108.592353,119.054604,98.130102,20.924502,0.824244
left,1175,295,292,0,-1,0.581003,890.500000,654.500000,1126.500000,472.000000,0.786298,115.094634,101.325419,128.863848,27.538429,0.948387,1.078571,1.050000,1.107143,0.057143,0.939732,0.826781,0.801093,0.852470,0.051377,1.000000,1.000000,1.000000,1.000000,0.000000,0.714286,6.000000,5.000000,7.000000,2.000000,28.014588,0.947294,1.476190,0.700305,0.108928,0.869363,25.709920,22.248545,0.752319,13.910193,0.470363,5.448725,0.184245,68.160755,119.521545,121.504267,117.538823,3.965443,0.967364
left,1176,295,275,0,-1,0.453098,1049.500000,654.500000,1444.500000,790.000000,0.677058,125.490438,101.325419,149.655457,48.330038,0.779101,1.264098,1.107143,1.421053,0.313910,0.988417,0.805786,0.801093,0.810480,0.009387,1.000000,1.000000,1.000000,1.000000,0.000000,0.714286,6.000000,5.000000,7.000000,2.000000,28.776689,0.905073,1.166667,0.682089,0.151501,0.854419,27.166155,23.751160,0.747012,14.206722,0.446824,7.756819,0.243964,52.924080,128.072929,135.000000,121.145858,13.854142,0.897377
left,1177,295,262,0,-1,0.434163,1081.000000,654.500000,1507.500000,853.000000,0.704234,122.602865,101.325419,143.880311,42.554892,0.991815,1.111711,1.107143,1.116279,0.009136,0.875424,0.858092,0.801093,0.915091,0.113999,1.000000,1.000000,1.000000,1.000000,0.000000,0.714286,6.000000,5.000000,7.000000,2.000000,33.597958,1.043257,1.416667,0.723471,0.096901,0.798324,25.709920,28.158279,0.874349,16.790985,0.521380,10.093440,0.313413,88.538215,152.252709,156.009684,148.495733,7.513951,0.951837
left,1178,294,276,0,-1,0.729469,716.000000,604.000000,828.000000,224.000000,0.859778,105.827543,97.848454,113.806632,15.958178,0.936271,1.134101,1.096774,1.171429,0.074654,0.986811,0.798053,0.792755,0.803350,0.010596,1.000000,1.000000,1.000000,1.000000,0.000000,0.833333,5.500000,5.000000,6.000000,1.000000,29.485563,1.105334,1.017857,0.596368,0.228352,0.711272,18.973666,23.388403,0.876768,12.845358,0.481538,2.335419,0.087549,63.538064,123.417473,139.721972,107.112973,32.608999,0.766615
left,1179,294,272,0,-1,0.747630,967.750000,828.000000,1107.500000,279.500000,0.887156,121.044595,113.806632,128.282558,14.475926,0.916770,1.224603,1.171429,1.277778,0.106349,0.949919,0.824527,0.803350,0.845704,0.042354,1.000000,1.000000,1.000000,1.000000,0.000000,1.000000,6.000000,6.000000,6.000000,0.000000,34.037370,1.097022,1.063492,0.602579,0.245415,0.663655,20.591260,26.220873,0.845097,16.794575,0.541288,2.770026,0.089278,70.366908,137.568536,150.215454,124.921618,25.293836,0.831616
left,1180,294,263,0,-1,0.817374,920.500000,828.000000,1013.000000,185.000000,0.925438,118.391291,113.806632,122.975950,9.169318,0.875547,1.098535,1.025641,1.171429,0.145788,0.954391,0.822546,0.803350,0.841742,0.038391,1.000000,1.000000,1.000000,1.000000,0.000000,1.000000,6.000000,6.000000,6.000000,0.000000,34.647802,1.143442,1.731707,0.526703,0.269962,0.448874,13.601471,29.027274,0.957954,16.581251,0.547212,5.058950,0.166955,72.025915,103.672877,133.126507,74.219247,58.907260,0.557509
left,1181,293,271,0,-1,0.629032,1111.000000,858.000000,1364.000000,506.000000,0.839793,130.033288,118.710123,141.356453,22.646331,0.868217,1.147619,1.066667,1.228571,0.161905,0.891926,0.811460,0.765106,0.857814,0.092708,1.000000,1.000000,1.000000,1.000000,0.000000,0.714286,6.000000,5.000000,7.000000,2.000000,43.891773,1.325555,1.322581,0.505584,0.261026,0.378412,12.529964,31.438072,0.949446,21.799110,0.658345,5.469134,0.165171,85.953906,117.401248,118.237446,116.565051,1.672394,0.985856
left,1182,293,270,0,-1,0.808290,959.750000,858.000000,1061.500000,203.500000,0.916128,124.144087,118.710123,129.578050,10.867928,0.833333,1.126190,1.023810,1.228571,0.204762,0.963063,0.779778,0.765106,0.794451,0.029345,1.000000,1.000000,1.000000,1.000000,0.000000,0.833333,5.500000,5.000000,6.000000,1.000000,29.305603,0.947293,1.095238,0.569697,0.241209,0.687231,21.260292,25.394501,0.820868,14.312508,0.462647,2.368032,0.076546,35.479613,110.063052,110.472280,109.653824,0.818455,0.992591
left,1183,293,265,0,-1,0.872960,803.500000,749.000000,858.000000,109.000000,0.900931,112.829892,106.949662,118.710123,11.760461,0.837893,1.128992,1.029412,1.228571,0.199160,0.929798,0.793990,0.765106,0.822873,0.057767,1.000000,1.000000,1.000000,1.000000,0.000000,1.000000,5.000000,5.000000,5.000000,0.000000,28.865847,1.018923,1.604651,0.598994,0.184194,0.742110,21.023796,23.262755,0.821142,14.305851,0.504976,0.816619,0.028825,65.195401,117.342098,120.425784,114.258412,6.167372,0.948787
left,1184,292,285,0,-1,0.769467,1295.250000,1126.500000,1464.000000,337.500000,0.872175,138.306885,128.863848,147.749922,18.886074,0.949038,1.078191,1.050000,1.106383,0.056383,0.988593,0.847607,0.842745,0.852470,0.009724,1.000000,1.000000,1.000000,1.000000,0.000000,0.857143,6.500000,6.000000,7.000000,1.000000,44.244929,1.232010,1.716981,0.526978,0.239915,0.390826,14.035669,34.208877,0.952554,21.892938,0.609614,3.953732,0.110093,73.719179,106.799285,109.653824,103.944746,5.709078,0.947935
left,1185,292,279,0,-1,0.707945,962.000000,797.500000,1126.500000,329.000000,0.877612,120.978131,113.092414,128.863848,15.771434,0.725000,1.249138,1.050000,1.448276,0.398276,0.919168,0.818016,0.783562,0.852470,0.068907,1.000000,1.000000,1.000000,1.000000,0.000000,0.857143,6.500000,6.000000,7.000000,1.000000,31.565865,1.021493,1.071429,0.688968,0.088358,0.883867,27.313001,26.748397,0.865596,15.683350,0.507524,4.622284,0.149580,75.909106,148.591316,158.962489,138.220143,20.742346,0.869514
left,1186,292,262,0,-1,0.747264,1317.000000,1126.500000,1507.500000,381.000000,0.895632,136.372080,128.863848,143.880311,15.016463,0.940625,1.083140,1.050000,1.116279,0.066279,0.931568,0.883780,0.852470,0.915091,0.062622,1.000000,1.000000,1.000000,1.000000,0.000000,1.000000,7.000000,7.000000,7.000000,0.000000,41.834675,1.155815,1.166667,0.529103,0.236522,0.312577,11.313708,32.489543,0.897626,20.217367,0.558569,4.536418,0.125333,67.101754,89.893503,90.000000,89.787006,0.212994,0.997633
left,1187,291,277,0,-1,0.923191,651.000000,625.000000,677.000000,52.000000,0.957872,100.560115,98.396331,102.723900,4.327569,0.972222,1.014286,1.000000,1.028571,0.028571,0.993856,0.808716,0.806224,0.811208,0.004984,1.000000,1.000000,1.000000,1.000000,0.000000,1.000000,6.000000,6.000000,6.000000,0.000000,36.445981,1.428716,1.269231,0.440911,0.415515,0.166315,4.242641,28.835182,1.130365,17.642578,0.691605,0.323140,0.012667,78.052962,104.088148,104.738108,103.438188,1.299919,0.987589
left,1188,291,273,0,-1,0.986880,681.500000,677.000000,686.000000,9.000000,0.994968,102.983660,102.723900,103.243420,0.519520,0.911020,1.078802,1.028571,1.129032,0.100461,0.996888,0.807482,0.806224,0.808741,0.002517,1.000000,1.000000,1.000000,1.000000,0.000000,0.833333,5.500000,5.000000,6.000000,1.000000,29.623487,1.134764,1.134615,0.585486,0.159574,0.668990,17.464249,23.751900,0.909846,14.779527,0.566148,0.554702,0.021249,85.173843,118.671554,140.710593,96.632515,44.078079,0.686747
left,1189,291,267,0,-1,0.674639,840.250000,677.000000,1003.500000,326.500000,0.793108,116.122271,102.723900,129.520643,26.796743,0.872050,1.104029,1.028571,1.179487,0.150916,0.932382,0.778966,0.751708,0.806224,0.054516,1.000000,1.000000,1.000000,1.000000,0.000000,0.833333,5.500000,5.000000,6.000000,1.000000,26.375874,0.914285,1.142857,0.622661,0.168997,0.833371,24.041631,21.273531,0.737419,13.105376,0.454280,3.154665,0.109352,55.679276,127.609662,147.300539,107.918785,39.381754,0.732644
left,1190,290,288,0,-1,0.783673,1092.500000,960.000000,1225.000000,265.000000,0.924535,136.828115,131.462792,142.193439,10.730647,0.941395,1.103066,1.069767,1.136364,0.066596,0.916829,0.729693,0.698032,0.761354,0.063322,1.000000,1.000000,1.000000,1.000000,0.000000,0.857143,6.500000,6.000000,7.000000,1.000000,23.690128,0.718058,1.245283,0.867108,0.013959,1.450474,47.853944,18.876339,0.572150,11.507868,0.348809,2.055795,0.062312,25.539887,163.858177,167.699461,160.016893,7.682568,0.954188
left,1191,290,258,0,-1,0.913878,1172.250000,1119.500000,1225.000000,105.500000,0.924460,136.822823,131.452206,142.193439,10.741232,0.951374,1.165404,1.136364,1.194444,0.058081,0.935166,0.787746,0.761354,0.814138,0.052784,1.000000,1.000000,1.000000,1.000000,0.000000,0.857143,6.500000,6.000000,7.000000,1.000000,43.619746,1.274333,1.847826,0.480693,0.376626,0.380912,13.038405,34.643999,1.012110,21.717658,0.634473,4.014601,0.117285,88.688051,104.930270,129.190888,80.669652,48.521236,0.624422
left,1192,290,250,0,-1,0.820496,1359.000000,1225.000000,1493.000000,268.000000,0.928690,147.652644,142.193439,153.111848,10.918410,0.857257,1.230973,1.136364,1.325581,0.189218,0.951338,0.780826,0.761354,0.800299,0.038944,1.000000,1.000000,1.000000,1.000000,0.000000,1.000000,7.000000,7.000000,7.000000,0.000000,51.219260,1.391084,1.220779,0.489824,0.123068,0.424243,15.620499,38.394818,1.042780,24.912212,0.676600,3.110374,0.084476,71.580581,109.440240,122.275644,96.604835,25.670809,0.790058
left,1193,289,278,0,-1,0.773838,1288.250000,1124.000000,1452.500000,328.500000,0.903437,136.811706,129.871121,143.752291,13.881169,0.960607,1.044237,1.023256,1.065217,0.041962,0.948101,0.860355,0.837435,0.883276,0.045841,1.000000,1.000000,1.000000,1.000000,0.000000,1.000000,6.000000,6.000000,6.000000,0.000000,35.296185,0.985407,1.403509,0.648375,0.170386,0.700186,25.079872,28.428583,0.793676,17.487439,0.488218,3.503270,0.097805,85.750984,116.161930,123.149217,109.174642,13.974575,0.886523
left,1194,289,257,0,-1,0.812278,1018.500000,913.000000,1124.000000,211.000000,0.931298,125.409929,120.948737,129.871121,8.922384,0.591214,1.377013,1.023256,1.730769,0.707513,0.936541,0.810864,0.784292,0.837435,0.053142,1.000000,1.000000,1.000000,1.000000,0.000000,1.000000,6.000000,6.000000,6.000000,0.000000,39.016272,1.224194,1.327586,0.537333,0.212813,0.510772,16.278821,30.856329,0.968163,19.507985,0.612092,4.049206,0.127050,78.001833,117.570064,124.380345,110.759783,13.620562,0.890493
left,1195,289,255,0,-1,0.973582,1139.250000,1124.000000,1154.500000,30.500000,0.994022,129.482931,129.094740,129.871121,0.776381,0.977273,1.011628,1.000000,1.023256,0.023256,0.961976,0.853985,0.837435,0.870536,0.033101,1.000000,1.000000,1.000000,1.000000,0.000000,1.000000,6.000000,6.000000,6.000000,0.000000,35.488841,1.051458,1.723404,0.621966,0.181479,0.657845,22.203603,29.035743,0.860267,17.730594,0.525319,0.746485,0.022117,86.860867,117.551441,119.515830,115.587051,3.928779,0.967128
left,1196,288,281,0,-1,0.768307,1104.750000,960.000000,1249.500000,289.500000,0.980454,132.773216,131.462792,134.083640,2.620848,0.953488,1.095859,1.069767,1.121951,0.052184,0.799247,0.785697,0.698032,0.873363,0.175330,1.000000,1.000000,1.000000,1.000000,0.000000,0.857143,6.500000,6.000000,7.000000,1.000000,39.670433,1.196115,1.518519,0.477518,0.353474,0.368044,12.206556,33.523729,1.010784,18.791738,0.566595,6.890360,0.207753,71.216720,103.754688,117.138707,90.370670,26.768037,0.771484
left,1197,288,269,0,-1,0.843215,1049.250000,960.000000,1138.500000,178.500000,0.994055,131.072025,130.681257,131.462792,0.781534,1.000000,1.069767,1.069767,1.069767,0.000000,0.833219,0.767893,0.698032,0.837754,0.139721,1.000000,1.000000,1.000000,1.000000,0.000000,0.833333,5.500000,5.000000,6.000000,1.000000,29.668398,0.916745,1.250000,0.674425,0.133429,0.995047,32.202484,24.214347,0.748216,14.428727,0.445843,4.142722,0.128009,59.000133,123.468924,138.458724,108.479124,29.979600,0.783476
left,1198,288,258,0,-1,0.857526,1039.750000,960.000000,1119.500000,159.500000,0.999919,131.457499,131.452206,131.462792,0.010586,0.895619,1.132106,1.069767,1.194444,0.124677,0.857388,0.756085,0.698032,0.814138,0.116106,1.000000,1.000000,1.000000,1.000000,0.000000,1.000000,6.000000,6.000000,6.000000,0.000000,44.481285,1.380489,1.238095,0.446082,0.366194,0.324018,10.440307,35.042195,1.087544,21.868204,0.678686,1.970226,0.061147,77.501946,103.014796,111.630887,94.398705,17.232181,0.845632
left,1199,287,274,0,-1,0.735322,916.250000,776.500000,1056.000000,279.500000,0.880836,118.025550,110.547846,125.503254,14.955407,0.875000,1.125000,1.050000,1.200000,0.150000,0.947735,0.820472,0.798456,0.842488,0.044033,1.000000,1.000000,1.000000,1.000000,0.000000,1.000000,6.000000,6.000000,6.000000,0.000000,29.146816,0.965735,1.071429,0.761279,0.030014,1.029273,31.064449,23.899207,0.791864,14.350445,0.475480,4.211904,0.139555,75.160876,167.047220,178.614082,155.480357,23.133725,0.870482
left,1200,287,272,0,-1,0.701129,942.000000,776.500000,1107.500000,331.000000,0.861753,119.415202,110.547846,128.282558,17.734712,0.939130,1.238889,1.200000,1.277778,0.077778,0.944131,0.822080,0.798456,0.845704,0.047248,1.000000,1.000000,1.000000,1.000000,0.000000,1.000000,6.000000,6.000000,6.000000,0.000000,33.507085,1.095990,1.000000,0.542879,0.195860,0.490638,15.000000,26.791333,0.876323,16.733969,0.547355,5.115428,0.167322,74.930000,91.903309,117.673863,66.132754,51.541109,0.562000
left,1201,287,268,0,-1,0.811333,703.250000,630.000000,776.500000,146.500000,0.926199,106.468555,102.389264,110.547846,8.158583,0.833333,1.100000,1.000000,1.200000,0.200000,0.945782,0.776810,0.755165,0.798456,0.043291,1.000000,1.000000,1.000000,1.000000,0.000000,1.000000,6.000000,6.000000,6.000000,0.000000,33.646466,1.270504,1.692308,0.510722,0.343761,0.508014,13.453624,25.776653,0.973337,13.759536,0.519565,3.047585,0.115078,49.938643,112.602377,118.984560,106.220194,12.764367,0.892722
left,1202,286,284,0,-1,0.744739,1430.250000,1221.000000,1639.500000,418.500000,0.876390,145.629551,136.035994,155.223107,19.187113,0.881533,1.145281,1.073171,1.217391,0.144221,0.969637,0.842102,0.829121,0.855084,0.025963,1.000000,1.000000,1.000000,1.000000,0.000000,1.000000,6.000000,6.000000,6.000000,0.000000,34.575530,0.916715,1.322034,0.788861,0.051040,1.031300,38.897301,29.807806,0.790306,17.286467,0.458323,3.438715,0.091172,79.268737,158.701134,169.508523,147.893744,21.614779,0.872486
left,1203,286,259,0,-1,0.786708,1861.750000,1639.500000,2084.000000,444.500000,0.905179,163.353199,155.223107,171.483292,16.260185,0.835840,1.117468,1.017544,1.217391,0.199847,0.960162,0.872823,0.855084,0.890562,0.035478,1.000000,1.000000,1.000000,1.000000,0.000000,0.857143,6.500000,6.000000,7.000000,1.000000,44.751040,1.039011,1.011628,0.652027,0.122331,0.682850,29.410882,34.334727,0.797170,22.324788,0.518328,4.299746,0.099830,73.095605,113.208820,118.383354,108.034286,10.349069,0.912580
left,1204,285,280,0,-1,0.968579,1441.000000,1418.000000,1464.000000,46.000000,0.992765,147.215402,146.680881,147.749922,1.069041,0.881009,1.181098,1.106383,1.255814,0.149431,0.982749,0.835476,0.828207,0.842745,0.014538,1.000000,1.000000,1.000000,1.000000,0.000000,0.857143,6.500000,6.000000,7.000000,1.000000,48.286765,1.272067,1.921569,0.520018,0.273421,0.402124,15.264338,36.381274,0.958429,22.167754,0.583987,3.206054,0.084460,63.233636,112.202493,122.108271,102.296715,19.811556,0.837754
left,1205,285,279,0,-1,0.544740,1130.750000,797.500000,1464.000000,666.500000,0.765431,130.421168,113.092414,147.749922,34.657508,0.763931,1.277329,1.106383,1.448276,0.341893,0.929774,0.813154,0.783562,0.842745,0.059183,1.000000,1.000000,1.000000,1.000000,0.000000,1.000000,6.000000,6.000000,6.000000,0.000000,32.644237,0.981748,1.425926,0.674679,0.098828,0.836148,27.802878,24.297345,0.730722,16.269536,0.489292,7.401098,0.222582,70.319446,114.079124,117.835111,110.323137,7.511974,0.936250
left,1206,285,253,0,-1,0.671790,1223.750000,983.500000,1464.000000,480.500000,0.845689,136.350197,124.950472,147.749922,22.799450,0.971635,1.090691,1.075000,1.106383,0.031383,0.939317,0.817175,0.791605,0.842745,0.051141,1.000000,1.000000,1.000000,1.000000,0.000000,1.000000,6.000000,6.000000,6.000000,0.000000,34.810374,0.999967,1.403509,0.664643,0.078856,0.827093,28.792360,27.475576,0.789267,17.385859,0.499428,5.422472,0.155767,79.155741,119.133425,142.305760,95.961090,46.344670,0.674330
left,1207,283,274,0,-1,0.584232,1431.750000,1056.000000,1807.500000,751.500000,0.789590,142.225348,125.503254,158.947443,33.444189,0.970696,1.034615,1.019231,1.050000,0.030769,0.937093,0.870766,0.842488,0.899044,0.056556,1.000000,1.000000,1.000000,1.000000,0.000000,0.857143,6.500000,6.000000,7.000000,1.000000,37.023755,0.987157,1.350000,0.697433,0.103894,0.763972,28.653098,30.042303,0.801012,18.490768,0.493016,8.782195,0.234158,86.399487,109.255741,120.963757,97.547726,23.416031,0.806421
left,1208,283,270,0,-1,0.587275,1434.500000,1061.500000,1807.500000,746.000000,0.815226,144.262747,129.578050,158.947443,29.369392,0.995528,1.021520,1.019231,1.023810,0.004579,0.883661,0.846748,0.794451,0.899044,0.104594,1.000000,1.000000,1.000000,1.000000,0.000000,0.857143,6.500000,6.000000,7.000000,1.000000,46.653419,1.242511,1.343284,0.508908,0.270826,0.297764,11.180340,35.745364,0.951999,23.244995,0.619079,5.435305,0.144757,86.096557,102.864177,130.601295,75.127060,55.474235,0.575240
left,1209,283,261,0,-1,0.458921,1318.500000,829.500000,1807.500000,978.000000,0.744445,138.637502,118.327562,158.947443,40.619881,0.994371,1.022115,1.019231,1.025000,0.005769,0.828082,0.821763,0.744482,0.899044,0.154562,1.000000,1.000000,1.000000,1.000000,0.000000,0.714286,6.000000,5.000000,7.000000,2.000000,40.651945,1.140055,1.000000,0.611084,0.144482,0.622684,22.203603,31.008370,0.869608,19.880295,0.557529,9.172375,0.257233,71.270296,118.114803,122.084065,114.145542,7.938523,0.934975
left,1210,283,249,0,-1,0.448963,1309.500000,811.500000,1807.500000,996.000000,0.690592,134.357621,109.767800,158.947443,49.179643,0.981132,1.009615,1.000000,1.019231,0.019231,0.941385,0.872696,0.846347,0.899044,0.052697,1.000000,1.000000,1.000000,1.000000,0.000000,0.857143,6.500000,6.000000,7.000000,1.000000,38.995573,1.098443,1.641509,0.640570,0.148148,0.592207,21.023796,29.699714,0.836593,19.495304,0.549152,12.431497,0.350175,87.759470,115.932850,117.061106,114.804594,2.256513,0.980724
left,1211,282,266,0,-1,0.699885,737.750000,607.500000,868.000000,260.500000,0.876676,108.039396,100.939719,115.139074,14.199355,0.966216,1.399038,1.375000,1.423077,0.048077,0.910642,0.786020,0.749259,0.822781,0.073522,1.000000,1.000000,1.000000,1.000000,0.000000,0.833333,5.500000,5.000000,6.000000,1.000000,30.914172,1.142655,1.413043,0.598047,0.201288,0.739244,20.000000,24.724609,0.913876,13.591715,0.502379,3.676110,0.135877,52.810674,141.983895,160.277722,123.690068,36.587655,0.771723
left,1212,282,247,0,-1,0.500824,910.250000,607.500000,1213.000000,605.500000,0.748829,117.868207,100.939719,134.796696,33.856978,0.788398,1.272514,1.121951,1.423077,0.301126,0.893141,0.794081,0.749259,0.838904,0.089645,1.000000,1.000000,1.000000,1.000000,0.000000,0.833333,5.500000,5.000000,6.000000,1.000000,29.877120,1.004684,1.240741,0.609506,0.146114,0.706171,21.000000,25.381523,0.853510,14.370397,0.483236,8.191156,0.275446,82.700142,109.949574,126.719318,93.179830,33.539488,0.735325
left,1213,281,276,0,-1,0.483393,926.750000,604.000000,1249.500000,645.500000,0.729757,115.966047,97.848454,134.083640,36.235185,0.977560,1.109363,1.096774,1.121951,0.025177,0.907704,0.833059,0.792755,0.873363,0.080608,1.000000,1.000000,1.000000,1.000000,0.000000,0.714286,6.000000,5.000000,7.000000,2.000000,35.369814,1.180476,1.673913,0.542563,0.245212,0.412829,12.369317,26.476037,0.883644,17.682028,0.590142,9.394379,0.313540,85.517031,105.088771,109.521730,100.655812,8.865919,0.919049
left,1214,281,269,0,-1,0.911164,1194.000000,1138.500000,1249.500000,111.000000,0.974625,132.382448,130.681257,134.083640,3.402382,0.953488,1.095859,1.069767,1.121951,0.052184,0.959228,0.855558,0.837754,0.873363,0.035609,1.000000,1.000000,1.000000,1.000000,0.000000,0.714286,6.000000,5.000000,7.000000,2.000000,32.992846,0.955070,1.263158,0.768829,0.067002,0.972663,33.600595,26.473847,0.766359,16.484730,0.477196,1.042431,0.030176,82.415398,156.978210,161.150206,152.806214,8.343992,0.948222
left,1215,281,254,0,-1,0.597039,997.750000,746.000000,1249.500000,503.500000,0.808264,121.229312,108.374985,134.083640,25.708655,0.834271,1.233389,1.121951,1.344828,0.222876,0.913894,0.835762,0.798161,0.873363,0.075201,1.000000,1.000000,1.000000,1.000000,0.000000,0.857143,6.500000,6.000000,7.000000,1.000000,38.740226,1.236497,1.111111,0.509419,0.221248,0.328612,10.295630,29.325639,0.936005,19.297966,0.615946,5.170254,0.165022,80.177286,95.550029,117.387422,73.712637,43.674786,0.627943
left,1216,281,248,0,-1,0.676271,1047.250000,845.000000,1249.500000,404.500000,0.851317,124.115662,114.147684,134.083640,19.935955,0.869512,1.206137,1.121951,1.290323,0.168371,0.933121,0.844158,0.814953,0.873363,0.058410,1.000000,1.000000,1.000000,1.000000,0.000000,0.857143,6.500000,6.000000,7.000000,1.000000,38.695710,1.201410,1.652174,0.551303,0.256386,0.461556,14.866069,29.014168,0.900821,18.038130,0.560041,4.891418,0.151867,73.004322,108.003449,115.688143,100.318755,15.369389,0.867148
left,1217,280,259,0,-1,0.680422,1751.000000,1418.000000,2084.000000,666.000000,0.855365,159.082086,146.680881,171.483292,24.802410,0.810266,1.136679,1.017544,1.255814,0.238270,0.929983,0.859384,0.828207,0.890562,0.062354,1.000000,1.000000,1.000000,1.000000,0.000000,1.000000,7.000000,7.000000,7.000000,0.000000,39.079836,0.938210,1.378788,0.775353,0.038549,0.959401,39.962482,29.897300,0.717760,19.407075,0.465916,6.479506,0.155557,81.357367,141.951641,153.538745,130.364537,23.174209,0.849066
left,1218,280,253,0,-1,0.693583,1200.750000,983.500000,1418.000000,434.500000,0.851852,135.815677,124.950472,146.680881,21.730409,0.856019,1.165407,1.075000,1.255814,0.180814,0.955805,0.809906,0.791605,0.828207,0.036603,1.000000,1.000000,1.000000,1.000000,0.000000,0.857143,6.500000,6.000000,7.000000,1.000000,43.930945,1.273044,1.125000,0.529077,0.244014,0.475280,16.401219,34.397008,0.996767,21.308661,0.617489,5.604913,0.162421,80.952083,124.615583,141.930639,107.300527,34.630112,0.756007
left,1219,280,246,0,-1,0.766925,1252.750000,1087.500000,1418.000000,330.500000,0.883752,138.155168,129.629455,146.680881,17.051427,0.814815,1.139535,1.023256,1.255814,0.232558,0.981957,0.820736,0.813264,0.828207,0.014943,1.000000,1.000000,1.000000,1.000000,0.000000,0.857143,6.500000,6.000000,7.000000,1.000000,40.632231,1.150507,1.406780,0.567617,0.193175,0.577518,20.396078,31.684495,0.897151,20.277903,0.574172,3.012150,0.085289,83.243502,109.101049,119.243966,98.958132,20.285834,0.829880
left,1220,279,262,0,-1,0.529022,1152.500000,797.500000,1507.500000,710.000000,0.786017,128.486363,113.092414,143.880311,30.787897,0.770764,1.282277,1.116279,1.448276,0.331997,0.856267,0.849327,0.783562,0.915091,0.131529,1.000000,1.000000,1.000000,1.000000,0.000000,0.857143,6.500000,6.000000,7.000000,1.000000,37.924127,1.130940,1.782609,0.611862,0.168980,0.587408,19.697716,29.307245,0.873975,18.651387,0.556205,7.800524,0.232620,72.351198,117.077874,122.905243,111.250506,11.654737,0.905173
left,1221,279,253,0,-1,0.810880,890.500000,797.500000,983.500000,186.000000,0.905098,119.021443,113.092414,124.950472,11.858058,0.742262,1.261638,1.075000,1.448276,0.373276,0.989840,0.787584,0.783562,0.791605,0.008042,1.000000,1.000000,1.000000,1.000000,0.000000,1.000000,6.000000,6.000000,6.000000,0.000000,43.359060,1.454981,1.490909,0.422918,0.469680,0.134226,4.000000,32.213773,1.080984,21.109281,0.708355,1.392850,0.046739,71.153945,107.903026,108.434949,107.371104,1.063845,0.990189
left,1222,279,242,0,-1,0.993103,794.750000,792.000000,797.500000,5.500000,0.961562,115.352804,113.092414,117.613193,4.520779,0.976744,1.465517,1.448276,1.482759,0.034483,0.918226,0.751525,0.719487,0.783562,0.064075,1.000000,1.000000,1.000000,1.000000,0.000000,0.833333,5.500000,5.000000,6.000000,1.000000,31.129814,1.104236,1.600000,0.526882,0.316766,0.638496,18.000000,26.098463,0.925764,15.129826,0.536685,2.952081,0.104716,84.028418,115.192219,123.132268,107.252170,15.880098,0.871032
left,1223,279,230,0,-1,0.623534,1038.250000,797.500000,1279.000000,481.500000,0.789629,128.157354,113.092414,143.222293,30.129879,0.947962,1.488027,1.448276,1.527778,0.079502,0.999967,0.783549,0.783536,0.783562,0.000026,1.000000,1.000000,1.000000,1.000000,0.000000,0.833333,5.500000,5.000000,6.000000,1.000000,39.303693,1.228180,1.421053,0.521181,0.227306,0.508688,16.278821,29.946214,0.935773,19.265506,0.602017,10.652584,0.332877,75.502415,117.156441,150.945396,83.367485,67.577911,0.552302
left,1224,278,260,0,-1,0.730120,1256.500000,1060.500000,1452.500000,392.000000,0.881764,135.253940,126.755589,143.752291,16.996701,0.875845,1.140717,1.065217,1.216216,0.150999,0.939052,0.856359,0.829443,0.883276,0.053834,1.000000,1.000000,1.000000,1.000000,0.000000,1.000000,6.000000,6.000000,6.000000,0.000000,33.591383,0.950561,1.014925,0.712858,0.120374,0.849404,30.016662,27.719454,0.784398,16.722871,0.473220,4.291449,0.121438,65.533500,127.451859,137.973731,116.929988,21.043744,0.847480
left,1225,278,255,0,-1,0.794836,1303.500000,1154.500000,1452.500000,298.000000,0.898036,136.423515,129.094740,143.752291,14.657550,0.938776,1.032609,1.000000,1.065217,0.065217,0.985576,0.876906,0.870536,0.883276,0.012740,1.000000,1.000000,1.000000,1.000000,0.000000,1.000000,6.000000,6.000000,6.000000,0.000000,39.958458,1.108577,1.013699,0.602680,0.174147,0.550688,19.849433,29.901885,0.829575,19.977205,0.554233,3.987171,0.110617,80.006310,111.679244,121.263732,102.094757,19.168975,0.841923
left,1226,278,243,0,-1,0.680551,1220.500000,988.500000,1452.500000,464.000000,0.854091,133.264931,122.777571,143.752291,20.974720,0.985714,1.057609,1.050000,1.065217,0.015217,0.932936,0.853658,0.824040,0.883276,0.059236,1.000000,1.000000,1.000000,1.000000,0.000000,1.000000,6.000000,6.000000,6.000000,0.000000,40.264043,1.157810,1.893617,0.578307,0.206882,0.520783,18.110770,32.150091,0.924489,19.732944,0.567429,6.340501,0.182324,78.755468,114.517745,120.650668,108.384821,12.265847,0.898336
left,1227,277,273,0,-1,0.911079,655.500000,625.000000,686.000000,61.000000,0.953052,100.819875,98.396331,103.243420,4.847089,0.885714,1.064516,1.000000,1.129032,0.129032,0.996959,0.809974,0.808741,0.811208,0.002467,1.000000,1.000000,1.000000,1.000000,0.000000,0.833333,5.500000,5.000000,6.000000,1.000000,21.787546,0.851216,1.225000,0.835530,0.012967,1.195917,30.610456,17.138520,0.669583,10.731693,0.419276,1.086934,0.042465,76.254805,168.254141,177.878904,158.629378,19.249526,0.891783
left,1228,277,266,0,-1,0.720046,746.500000,625.000000,868.000000,243.000000,0.854587,106.767702,98.396331,115.139074,16.742743,0.727273,1.187500,1.000000,1.375000,0.375000,0.985934,0.816994,0.811208,0.822781,0.011573,1.000000,1.000000,1.000000,1.000000,0.000000,1.000000,6.000000,6.000000,6.000000,0.000000,36.151420,1.327587,1.574468,0.505487,0.270261,0.383399,10.440307,29.289366,1.075592,18.010136,0.661386,6.100641,0.224034,80.798170,115.291585,115.996377,114.586792,1.409585,0.987848
left,1229,277,252,0,-1,0.662076,784.500000,625.000000,944.000000,319.000000,0.794335,111.134442,98.396331,123.872553,25.476222,0.645833,1.274194,1.000000,1.548387,0.548387,0.953015,0.792150,0.773093,0.811208,0.038115,1.000000,1.000000,1.000000,1.000000,0.000000,1.000000,6.000000,6.000000,6.000000,0.000000,31.289445,1.123003,1.113208,0.502402,0.253983,0.433670,12.083046,25.707000,0.922645,15.588885,0.559498,2.642633,0.094846,83.060601,95.528995,112.860424,78.197566,34.662858,0.692870
left,1230,276,263,0,-1,0.596249,808.500000,604.000000,1013.000000,409.000000,0.795671,110.412202,97.848454,122.975950,25.127496,0.935143,1.061208,1.025641,1.096774,0.071133,0.941803,0.817248,0.792755,0.841742,0.048987,1.000000,1.000000,1.000000,1.000000,0.000000,0.833333,5.500000,5.000000,6.000000,1.000000,26.307229,0.932813,1.217391,0.790188,0.035250,1.071995,30.232433,23.097312,0.818994,13.153567,0.466405,5.259662,0.186499,88.698695,164.263197,178.667780,149.858614,28.809166,0.838756
left,1231,276,254,0,-1,0.809651,675.000000,604.000000,746.000000,142.000000,0.902869,103.111720,97.848454,108.374985,10.526530,0.815550,1.220801,1.096774,1.344828,0.248053,0.993226,0.795458,0.792755,0.798161,0.005406,1.000000,1.000000,1.000000,1.000000,0.000000,0.833333,5.500000,5.000000,6.000000,1.000000,26.102298,1.006074,1.279070,0.655447,0.118889,0.873842,22.671568,19.836019,0.764550,12.724917,0.490463,1.530649,0.058997,61.140582,130.220098,133.090848,127.349349,5.741499,0.956860
left,1232,275,264,0,-1,0.581516,1142.250000,840.000000,1444.500000,604.500000,0.805683,135.115124,120.574790,149.655457,29.080667,0.947368,1.460526,1.421053,1.500000,0.078947,0.895847,0.768273,0.726066,0.810480,0.084414,1.000000,1.000000,1.000000,1.000000,0.000000,0.714286,6.000000,5.000000,7.000000,2.000000,29.532989,0.881722,1.446809,0.704813,0.091048,1.021215,34.205263,24.305456,0.725652,14.365916,0.428902,5.155907,0.153932,53.767184,119.131100,119.207596,119.054604,0.152992,0.998717
left,1233,275,262,0,-1,0.958209,1476.000000,1444.500000,1507.500000,63.000000,0.961410,146.767884,143.880311,149.655457,5.775146,0.785530,1.268666,1.116279,1.421053,0.304774,0.885682,0.862786,0.810480,0.915091,0.104611,1.000000,1.000000,1.000000,1.000000,0.000000,1.000000,7.000000,7.000000,7.000000,0.000000,42.793467,1.113933,1.144928,0.606261,0.133638,0.600959,23.086793,32.181273,0.837693,20.387544,0.530697,1.337853,0.034825,65.041876,116.401547,149.958636,82.844458,67.114178,0.552449
left,1234,275,228,0,-1,0.969789,1467.000000,1444.500000,1489.500000,45.000000,0.980422,151.149667,149.655457,152.643878,2.988421,0.938272,1.377193,1.333333,1.421053,0.087719,0.991173,0.806903,0.803326,0.810480,0.007154,1.000000,1.000000,1.000000,1.000000,0.000000,0.857143,6.500000,6.000000,7.000000,1.000000,53.801164,1.404719,2.523810,0.467739,0.215406,0.281207,10.770330,39.106201,1.021041,25.291096,0.660337,0.210358,0.005492,59.929182,107.654330,124.192649,91.116010,33.076639,0.733667
left,1235,274,268,0,-1,0.596591,843.000000,630.000000,1056.000000,426.000000,0.815830,113.946259,102.389264,125.503254,23.113990,0.952381,1.025000,1.000000,1.050000,0.050000,0.896350,0.798826,0.755165,0.842488,0.087324,1.000000,1.000000,1.000000,1.000000,0.000000,1.000000,6.000000,6.000000,6.000000,0.000000,30.079531,1.044502,1.280000,0.580678,0.190985,0.640291,18.439089,25.644841,0.890508,14.554117,0.505387,6.762758,0.234834,88.094099,107.680077,140.194429,75.165724,65.028705,0.536153
left,1236,274,249,0,-1,0.768466,933.750000,811.500000,1056.000000,244.500000,0.874621,117.635527,109.767800,125.503254,15.735454,0.952381,1.025000,1.000000,1.050000,0.050000,0.995441,0.844418,0.842488,0.846347,0.003859,1.000000,1.000000,1.000000,1.000000,0.000000,1.000000,6.000000,6.000000,6.000000,0.000000,39.004963,1.279208,1.074627,0.514179,0.291031,0.354743,10.816654,28.768226,0.943484,19.496258,0.639400,4.524458,0.148384,79.621922,115.205043,121.975137,108.434949,13.540189,0.888992
left,1237,274,245,0,-1,0.900095,1003.250000,950.500000,1056.000000,105.500000,0.942290,121.881835,118.260417,125.503254,7.242837,0.945000,1.080556,1.050000,1.111111,0.061111,0.986463,0.848269,0.842488,0.854050,0.011562,1.000000,1.000000,1.000000,1.000000,0.000000,1.000000,6.000000,6.000000,6.000000,0.000000,31.354647,0.990256,1.809524,0.657938,0.098679,0.757979,24.000000,24.599989,0.776928,15.665935,0.494768,1.586427,0.050103,87.273468,108.539630,127.874984,89.204276,38.670707,0.697590
left,1238,273,267,0,-1,0.683607,844.750000,686.000000,1003.500000,317.500000,0.797119,116.382031,103.243420,129.520643,26.277223,0.957223,1.154260,1.129032,1.179487,0.050455,0.929480,0.780224,0.751708,0.808741,0.057032,1.000000,1.000000,1.000000,1.000000,0.000000,1.000000,5.000000,5.000000,5.000000,0.000000,30.618580,1.058191,1.565217,0.572553,0.185262,0.694656,20.099751,25.169421,0.869866,14.686230,0.507562,3.464157,0.119723,57.662917,125.062105,138.753588,111.370622,27.382966,0.802650
left,1239,273,252,0,-1,0.726695,815.000000,686.000000,944.000000,258.000000,0.833465,113.557986,103.243420,123.872553,20.629133,0.729167,1.338710,1.129032,1.548387,0.419355,0.955922,0.790917,0.773093,0.808741,0.035648,1.000000,1.000000,1.000000,1.000000,0.000000,0.833333,5.500000,5.000000,6.000000,1.000000,35.263226,1.239128,1.380000,0.534224,0.186810,0.550018,15.652476,26.127572,0.918107,15.339233,0.539011,2.426705,0.085273,58.402209,110.878792,117.834054,103.923531,13.910523,0.881948
left,1240,273,237,0,-1,0.558405,957.250000,686.000000,1228.500000,542.500000,0.775327,118.202261,103.243420,133.161102,29.917683,0.974286,1.114516,1.100000,1.129032,0.029032,0.928921,0.839682,0.808741,0.870623,0.061883,1.000000,1.000000,1.000000,1.000000,0.000000,0.714286,6.000000,5.000000,7.000000,2.000000,30.780973,1.005231,1.264151,0.616334,0.203447,0.634095,19.416488,23.972753,0.782892,15.318522,0.500266,7.227073,0.236019,89.561257,107.133408,113.647160,100.619655,13.027505,0.885369
left,1241,272,268,0,-1,0.568849,868.750000,630.000000,1107.500000,477.500000,0.798154,115.335911,102.389264,128.282558,25.893294,0.782609,1.138889,1.000000,1.277778,0.277778,0.892942,0.800434,0.755165,0.845704,0.090539,1.000000,1.000000,1.000000,1.000000,0.000000,1.000000,6.000000,6.000000,6.000000,0.000000,26.231940,0.898678,1.140000,0.781854,0.026763,1.088766,31.780497,20.382811,0.698293,12.953001,0.443756,5.178326,0.177404,61.910710,160.526094,174.882685,146.169502,28.713183,0.835815
left,1242,272,263,0,-1,0.914673,1060.250000,1013.000000,1107.500000,94.500000,0.958633,125.629254,122.975950,128.282558,5.306607,0.802676,1.151709,1.025641,1.277778,0.252137,0.995315,0.843723,0.841742,0.845704,0.003962,1.000000,1.000000,1.000000,1.000000,0.000000,1.000000,6.000000,6.000000,6.000000,0.000000,30.041236,0.922830,1.222222,0.719568,0.089366,0.903466,29.410882,24.253688,0.745043,14.838424,0.455818,0.816000,0.025067,63.654383,118.611709,135.271542,101.951875,33.319667,0.753683
left,1243,272,241,0,-1,0.664108,921.500000,735.500000,1107.500000,372.000000,0.819552,116.708377,105.134195,128.282558,23.148362,0.971514,1.259579,1.241379,1.277778,0.036398,0.988749,0.840947,0.836189,0.845704,0.009515,1.000000,1.000000,1.000000,1.000000,0.000000,0.857143,6.500000,6.000000,7.000000,1.000000,38.856422,1.286653,2.250000,0.549244,0.154910,0.464763,14.035669,28.140489,0.931816,19.339197,0.640379,7.523529,0.249127,84.487756,108.297263,120.995186,95.599339,25.395847,0.790109
left,1244,271,265,0,-1,0.549120,1056.500000,749.000000,1364.000000,615.000000,0.756596,124.153058,106.949662,141.356453,34.406792,0.965074,1.048039,1.029412,1.066667,0.037255,0.959268,0.840343,0.822873,0.857814,0.034941,1.000000,1.000000,1.000000,1.000000,0.000000,0.714286,6.000000,5.000000,7.000000,2.000000,37.485190,1.165943,1.327273,0.524581,0.282537,0.362733,11.661904,29.007805,0.902261,18.443065,0.573655,5.791993,0.180155,82.257593,102.728559,121.336771,84.120348,37.216423,0.693280
left,1245,271,260,0,-1,0.777493,1212.250000,1060.500000,1364.000000,303.500000,0.896709,134.056021,126.755589,141.356453,14.600864,0.877037,1.141441,1.066667,1.216216,0.149550,0.966926,0.843628,0.829443,0.857814,0.028371,1.000000,1.000000,1.000000,1.000000,0.000000,0.857143,6.500000,6.000000,7.000000,1.000000,32.385757,0.931995,1.258621,0.794424,0.042895,1.039995,36.138622,26.211906,0.754325,15.980178,0.459877,4.109941,0.118276,70.906148,155.956973,156.991130,154.922816,2.068314,0.986825
left,1246,271,251,0,-1,0.540689,1050.750000,737.500000,1364.000000,626.500000,0.759869,124.384388,107.412322,141.356453,33.944131,0.989583,1.061111,1.055556,1.066667,0.011111,0.936420,0.830544,0.803274,0.857814,0.054540,1.000000,1.000000,1.000000,1.000000,0.000000,0.714286,6.000000,5.000000,7.000000,2.000000,32.355496,1.009700,1.192982,0.656247,0.147990,0.751551,24.083189,25.818988,0.805719,15.992109,0.499057,5.737646,0.179052,70.183520,113.145613,113.282356,113.008870,0.273486,0.997586
left,1247,271,236,0,-1,0.624633,1108.000000,852.000000,1364.000000,512.000000,0.808938,127.852502,114.348550,141.356453,27.007903,0.988176,1.060360,1.054054,1.066667,0.012613,0.954542,0.838317,0.818819,0.857814,0.038994,1.000000,1.000000,1.000000,1.000000,0.000000,0.857143,6.500000,6.000000,7.000000,1.000000,41.557281,1.256999,1.808511,0.520176,0.283394,0.367975,12.165525,32.723000,0.989785,20.327085,0.614841,7.083005,0.214242,71.874554,103.606383,108.050419,99.162347,8.888072,0.917741
left,1248,270,265,0,-1,0.705605,905.250000,749.000000,1061.500000,312.500000,0.825369,118.263856,106.949662,129.578050,22.628389,0.994558,1.026611,1.023810,1.029412,0.005602,0.965460,0.808662,0.794451,0.822873,0.028422,1.000000,1.000000,1.000000,1.000000,0.000000,0.833333,5.500000,5.000000,6.000000,1.000000,30.782399,1.026961,1.408163,0.640681,0.132008,0.802076,24.041631,25.878035,0.863342,15.353903,0.512236,5.105883,0.170342,77.477065,124.786929,136.087764,113.486094,22.601670,0.833918
left,1249,270,261,0,-1,0.781441,945.500000,829.500000,1061.500000,232.000000,0.913176,123.952806,118.327562,129.578050,11.250489,0.998839,1.024405,1.023810,1.025000,0.001190,0.937103,0.769467,0.744482,0.794451,0.049968,1.000000,1.000000,1.000000,1.000000,0.000000,0.833333,5.500000,5.000000,6.000000,1.000000,22.688701,0.739266,1.078431,0.898467,0.015600,1.389274,42.638011,19.129086,0.623283,11.332964,0.369262,2.341604,0.076296,19.558161,170.549621,170.727398,170.371844,0.355554,0.997917
left,1250,270,239,0,-1,0.845502,979.500000,897.500000,1061.500000,164.000000,0.873085,121.355365,113.132680,129.578050,16.445370,0.945055,1.053571,1.023810,1.083333,0.059524,0.901569,0.837819,0.794451,0.881187,0.086736,1.000000,1.000000,1.000000,1.000000,0.000000,0.857143,6.500000,6.000000,7.000000,1.000000,41.257391,1.319414,1.425926,0.491313,0.314957,0.301699,9.433981,30.359907,0.970912,19.988993,0.639249,5.264142,0.168348,83.395521,99.962571,107.581010,92.344132,15.236877,0.858368
left,1251,269,258,0,-1,0.983311,1129.000000,1119.500000,1138.500000,19.000000,0.994135,131.066732,130.681257,131.452206,0.770949,0.895619,1.132106,1.069767,1.194444,0.124677,0.971811,0.825946,0.814138,0.837754,0.023615,1.000000,1.000000,1.000000,1.000000,0.000000,0.833333,5.500000,5.000000,6.000000,1.000000,35.463330,1.055447,1.490196,0.626971,0.167183,0.735058,24.698178,25.808141,0.768093,17.251135,0.513422,0.282624,0.008411,68.615558,130.713205,134.283840,127.142570,7.141270,0.946820
left,1252,269,248,0,-1,0.742205,991.750000,845.000000,1138.500000,293.500000,0.873482,122.414471,114.147684,130.681257,16.533573,0.829070,1.180045,1.069767,1.290323,0.220555,0.972783,0.826353,0.814953,0.837754,0.022801,1.000000,1.000000,1.000000,1.000000,0.000000,0.833333,5.500000,5.000000,6.000000,1.000000,32.372874,1.030810,1.000000,0.617162,0.176456,0.698345,21.931712,25.620438,0.815800,16.126445,0.513495,5.259491,0.167472,83.976360,111.720041,116.565051,106.875031,9.690020,0.916870
left,1253,269,225,0,-1,0.963198,1160.250000,1138.500000,1182.000000,43.500000,0.989511,131.373892,130.681257,132.066527,1.385269,0.842157,1.170019,1.069767,1.270270,0.200503,0.983727,0.844683,0.837754,0.851612,0.013859,1.000000,1.000000,1.000000,1.000000,0.000000,0.714286,6.000000,5.000000,7.000000,2.000000,38.382837,1.126887,1.812500,0.569652,0.154493,0.535754,18.248288,30.164347,0.885599,19.174418,0.562944,1.576202,0.046276,88.226025,107.119619,119.744881,94.494358,25.250524,0.789131
left,1254,268,245,0,-1,0.662809,790.250000,630.000000,950.500000,320.500000,0.865795,110.324840,102.389264,118.260417,15.871153,0.900000,1.055556,1.000000,1.111111,0.111111,0.884216,0.804607,0.755165,0.854050,0.098885,1.000000,1.000000,1.000000,1.000000,0.000000,1.000000,6.000000,6.000000,6.000000,0.000000,31.574712,1.129080,1.033333,0.553611,0.283138,0.558573,15.620499,24.551624,0.877941,15.241011,0.545003,4.391882,0.157049,81.134794,123.624512,130.601295,116.647729,13.953566,0.893159
left,1255,268,241,0,-1,0.856560,682.750000,630.000000,735.500000,105.500000,0.973891,103.761730,102.389264,105.134195,2.744932,0.805556,1.120690,1.000000,1.241379,0.241379,0.903102,0.795677,0.755165,0.836189,0.081025,1.000000,1.000000,1.000000,1.000000,0.000000,0.857143,6.500000,6.000000,7.000000,1.000000,33.528076,1.284111,1.160714,0.468406,0.371293,0.308781,8.062258,25.955088,0.994069,16.367284,0.626860,2.419987,0.092684,83.630634,107.685573,118.231159,97.139988,21.091171,0.821611
left,1256,268,240,0,-1,0.966258,641.000000,630.000000,652.000000,22.000000,0.983468,101.542890,100.696517,102.389264,1.692747,0.906250,1.051724,1.000000,1.103448,0.103448,0.934573,0.781598,0.755165,0.808032,0.052867,1.000000,1.000000,1.000000,1.000000,0.000000,0.833333,5.500000,5.000000,6.000000,1.000000,28.744743,1.135391,1.911765,0.538157,0.214119,0.593801,15.033296,23.496702,0.928098,14.371002,0.567641,1.796290,0.070952,89.344030,107.881368,108.790819,106.971917,1.818902,0.983281
left,1257,267,250,0,-1,0.672137,1248.250000,1003.500000,1493.000000,489.500000,0.845922,141.316246,129.520643,153.111848,23.591206,0.889789,1.252534,1.179487,1.325581,0.146094,0.939285,0.776003,0.751708,0.800299,0.048590,1.000000,1.000000,1.000000,1.000000,0.000000,0.714286,6.000000,5.000000,7.000000,2.000000,26.308979,0.748292,1.050847,0.865833,0.024835,1.312366,46.141088,21.329990,0.606677,13.153140,0.374108,4.345186,0.123588,37.804525,157.803862,158.017562,157.590163,0.427399,0.997295
left,1258,267,237,0,-1,0.816850,1116.000000,1003.500000,1228.500000,225.000000,0.972661,131.340872,129.520643,133.161102,3.640460,0.932609,1.139744,1.100000,1.179487,0.079487,0.863414,0.811166,0.751708,0.870623,0.118915,1.000000,1.000000,1.000000,1.000000,0.000000,0.714286,6.000000,5.000000,7.000000,2.000000,40.789103,1.222548,1.222222,0.549307,0.144937,0.550220,18.357560,29.613229,0.887580,20.388376,0.611089,0.465587,0.013955,87.472827,109.520271,111.441290,107.599251,3.842039,0.965524
left,1259,266,252,0,-1,0.919492,906.000000,868.000000,944.000000,76.000000,0.929496,119.505813,115.139074,123.872553,8.733479,0.888021,1.461694,1.375000,1.548387,0.173387,0.939610,0.797937,0.773093,0.822781,0.049688,1.000000,1.000000,1.000000,1.000000,0.000000,1.000000,6.000000,6.000000,6.000000,0.000000,28.218797,0.937713,1.568182,0.707922,0.086921,0.991349,29.832868,21.151206,0.702856,13.599083,0.451899,1.004989,0.033396,56.888444,139.657876,148.172553,131.143199,17.029354,0.885071
left,1260,266,247,0,-1,0.715581,1040.500000,868.000000,1213.000000,345.000000,0.854168,124.967885,115.139074,134.796696,19.657623,0.815965,1.248476,1.121951,1.375000,0.253049,0.980781,0.830842,0.822781,0.838904,0.016123,1.000000,1.000000,1.000000,1.000000,0.000000,1.000000,6.000000,6.000000,6.000000,0.000000,39.554076,1.230489,1.547170,0.534981,0.183806,0.448661,14.422205,30.727674,0.955909,19.470394,0.605705,5.332292,0.165883,84.362396,115.950863,143.130102,88.771624,54.358479,0.620216
left,1261,266,238,0,-1,0.957373,849.500000,831.000000,868.000000,37.000000,0.988588,114.482116,113.825159,115.139074,1.313914,0.747475,1.201389,1.027778,1.375000,0.347222,0.979603,0.814390,0.805999,0.822781,0.016782,1.000000,1.000000,1.000000,1.000000,0.000000,1.000000,6.000000,6.000000,6.000000,0.000000,32.987527,1.131863,1.150943,0.542206,0.300765,0.523748,15.264338,26.480866,0.908607,16.132124,0.553523,0.203272,0.006975,77.969424,109.462712,115.930806,102.994617,12.936190,0.888415
left,1262,265,251,0,-1,0.984646,743.250000,737.500000,749.000000,11.500000,0.995693,107.180992,106.949662,107.412322,0.462661,0.975232,1.042484,1.029412,1.055556,0.026144,0.976182,0.813074,0.803274,0.822873,0.019599,1.000000,1.000000,1.000000,1.000000,0.000000,1.000000,5.000000,5.000000,5.000000,0.000000,23.492285,0.861710,1.083333,0.800591,0.044063,1.129975,30.805844,18.914287,0.693786,11.709789,0.429521,0.125416,0.004600,73.603504,159.034788,162.597296,155.472280,7.125016,0.956180
left,1263,265,239,0,-1,0.834540,823.250000,749.000000,897.500000,148.500000,0.945347,110.041171,106.949662,113.132680,6.183018,0.950226,1.056373,1.029412,1.083333,0.053922,0.933823,0.852030,0.822873,0.881187,0.058314,1.000000,1.000000,1.000000,1.000000,0.000000,0.714286,6.000000,5.000000,7.000000,2.000000,32.704144,1.140985,1.235294,0.629823,0.135439,0.677404,19.416488,23.942140,0.835295,16.299579,0.568661,1.200623,0.041887,84.471451,126.107626,138.932896,113.282356,25.650540,0.815375
left,1264,264,257,0,-1,0.920044,876.500000,840.000000,913.000000,73.000000,0.996908,120.761764,120.574790,120.948737,0.373947,0.866667,1.615385,1.500000,1.730769,0.230769,0.925759,0.755179,0.726066,0.784292,0.058226,1.000000,1.000000,1.000000,1.000000,0.000000,0.833333,5.500000,5.000000,6.000000,1.000000,21.973294,0.742358,1.120000,0.844346,0.029949,1.351382,40.000000,17.210853,0.581461,10.922547,0.369013,0.520251,0.017576,4.508242,155.360268,159.775141,150.945396,8.829745,0.944736
left,1265,264,228,0,-1,0.563948,1164.750000,840.000000,1489.500000,649.500000,0.789909,136.609334,120.574790,152.643878,32.069088,0.888889,1.416667,1.333333,1.500000,0.166667,0.903825,0.764696,0.726066,0.803326,0.077260,1.000000,1.000000,1.000000,1.000000,0.000000,0.833333,5.500000,5.000000,6.000000,1.000000,38.011066,1.124974,1.627451,0.609346,0.120412,0.799639,27.018512,30.964964,0.916438,18.985273,0.561887,9.576567,0.283428,80.574182,132.471852,149.676393,115.267311,34.409083,0.770110
left,1266,264,216,0,-1,0.618557,1099.000000,840.000000,1358.000000,518.000000,0.831805,132.765215,120.574790,144.955639,24.380849,0.759690,1.319767,1.139535,1.500000,0.360465,0.893998,0.769111,0.726066,0.812156,0.086090,1.000000,1.000000,1.000000,1.000000,0.000000,0.714286,6.000000,5.000000,7.000000,2.000000,46.506706,1.412852,2.162791,0.451200,0.370109,0.275098,9.055385,36.050042,1.095183,23.158945,0.703558,8.271772,0.251293,88.213808,106.974271,116.565051,97.383492,19.181559,0.835443
left,1267,263,254,0,-1,0.736426,879.500000,746.000000,1013.000000,267.000000,0.881270,115.675468,108.374985,122.975950,14.600966,0.762656,1.185234,1.025641,1.344828,0.319187,0.948226,0.819952,0.798161,0.841742,0.043581,1.000000,1.000000,1.000000,1.000000,0.000000,1.000000,6.000000,6.000000,6.000000,0.000000,35.142776,1.188447,1.326531,0.490072,0.328880,0.320823,9.486833,28.509896,0.964139,17.500167,0.591815,5.422974,0.183392,89.609118,103.051334,123.310631,82.792037,40.518594,0.671410
left,1268,263,244,0,-1,0.632774,827.000000,641.000000,1013.000000,372.000000,0.846236,113.521312,104.066673,122.975950,18.909277,0.762656,1.185234,1.025641,1.344828,0.319187,0.883620,0.792761,0.743780,0.841742,0.097962,1.000000,1.000000,1.000000,1.000000,0.000000,0.833333,5.500000,5.000000,6.000000,1.000000,26.298123,0.920390,1.369565,0.738053,0.046554,1.036446,29.614186,19.959989,0.698566,12.968182,0.453864,5.288862,0.185101,82.997391,132.420724,148.276397,116.565051,31.711346,0.786134
left,1269,263,241,0,-1,0.726061,874.250000,735.500000,1013.000000,277.500000,0.854917,114.055073,105.134195,122.975950,17.841755,0.826211,1.133510,1.025641,1.241379,0.215738,0.993403,0.838966,0.836189,0.841742,0.005553,1.000000,1.000000,1.000000,1.000000,0.000000,0.857143,6.500000,6.000000,7.000000,1.000000,36.204544,1.228360,1.116667,0.513529,0.317415,0.360663,10.630146,26.459580,0.897730,18.074135,0.613225,5.476357,0.185804,78.524003,97.980160,103.733272,92.227047,11.506225,0.889079
left,1270,262,242,0,-1,0.525373,1149.750000,792.000000,1507.500000,715.500000,0.817438,130.746752,117.613193,143.880311,26.267118,0.752839,1.299519,1.116279,1.482759,0.366480,0.786246,0.817289,0.719487,0.915091,0.195604,1.000000,1.000000,1.000000,1.000000,0.000000,0.714286,6.000000,5.000000,7.000000,2.000000,36.464510,1.088996,1.045455,0.591660,0.200913,0.604711,20.248457,29.906834,0.893154,18.208144,0.543778,9.435338,0.281782,77.513842,120.578554,127.194618,113.962489,13.232129,0.895969
left,1271,262,228,0,-1,0.988060,1498.500000,1489.500000,1507.500000,18.000000,0.942588,148.262095,143.880311,152.643878,8.763567,0.837209,1.224806,1.116279,1.333333,0.217054,0.877864,0.859208,0.803326,0.915091,0.111766,1.000000,1.000000,1.000000,1.000000,0.000000,0.857143,6.500000,6.000000,7.000000,1.000000,41.706016,1.077388,1.012658,0.553220,0.212880,0.459942,17.804494,33.145026,0.856233,20.779896,0.536805,1.370857,0.035413,72.419910,89.204879,92.561044,85.848715,6.712329,0.927482
left,1272,262,215,0,-1,0.936982,1460.000000,1412.500000,1507.500000,95.000000,0.989894,144.614767,143.880311,145.349222,1.468911,1.000000,1.116279,1.116279,1.116279,0.000000,0.918139,0.877636,0.840181,0.915091,0.074910,1.000000,1.000000,1.000000,1.000000,0.000000,0.714286,6.000000,5.000000,7.000000,2.000000,40.850450,1.069247,1.764706,0.652223,0.153425,0.681044,26.019224,32.503495,0.850768,20.308659,0.531572,0.056838,0.001488,82.953932,124.590934,137.079132,112.102737,24.976395,0.817796
left,1273,261,249,0,-1,0.978300,820.500000,811.500000,829.500000,18.000000,0.927660,114.047681,109.767800,118.327562,8.559762,0.975610,1.012500,1.000000,1.025000,0.025000,0.879642,0.795415,0.744482,0.846347,0.101865,1.000000,1.000000,1.000000,1.000000,0.000000,0.833333,5.500000,5.000000,6.000000,1.000000,29.846393,1.041979,1.264151,0.563021,0.291286,0.640888,18.357560,26.237377,0.915984,14.589312,0.509333,0.798153,0.027865,59.532591,121.661811,123.111342,120.212281,2.899061,0.976452
left,1274,261,239,0,-1,0.924234,863.500000,829.500000,897.500000,68.000000,0.956097,115.730121,113.132680,118.327562,5.194881,0.946154,1.054167,1.025000,1.083333,0.058333,0.844863,0.812835,0.744482,0.881187,0.136705,1.000000,1.000000,1.000000,1.000000,0.000000,0.714286,6.000000,5.000000,7.000000,2.000000,38.032046,1.294502,1.000000,0.504639,0.248697,0.409861,12.041595,27.618357,0.940050,18.789328,0.639535,2.050843,0.069805,75.455925,106.953387,116.622751,97.284024,19.338727,0.834177
left,1275,261,233,0,-1,0.672749,1031.250000,829.500000,1233.000000,403.500000,0.892495,125.454133,118.327562,132.580705,14.253144,0.869022,1.102244,1.025000,1.179487,0.154487,0.844583,0.812981,0.744482,0.881480,0.136997,1.000000,1.000000,1.000000,1.000000,0.000000,0.833333,5.500000,5.000000,6.000000,1.000000,31.801737,0.995124,1.403846,0.618331,0.170182,0.722420,23.086793,26.549982,0.830788,15.840525,0.495674,5.737751,0.179543,73.312863,112.720377,122.660913,102.779841,19.881071,0.837918
left,1276,260,243,0,-1,0.932107,1024.500000,988.500000,1060.500000,72.000000,0.968617,124.766580,122.777571,126.755589,3.978019,0.863333,1.133108,1.050000,1.216216,0.166216,0.993487,0.826741,0.824040,0.829443,0.005402,1.000000,1.000000,1.000000,1.000000,0.000000,1.000000,6.000000,6.000000,6.000000,0.000000,31.562023,0.986225,1.098361,0.635004,0.183016,0.752532,24.083189,24.768801,0.773956,15.779885,0.493077,2.031007,0.063463,71.259582,125.204637,136.767827,113.641448,23.126379,0.830908
left,1277,260,236,0,-1,0.803395,956.250000,852.000000,1060.500000,208.500000,0.902118,120.552070,114.348550,126.755589,12.407039,0.866667,1.135135,1.054054,1.216216,0.162162,0.987192,0.824131,0.818819,0.829443,0.010623,1.000000,1.000000,1.000000,1.000000,0.000000,1.000000,6.000000,6.000000,6.000000,0.000000,38.670947,1.252412,1.142857,0.519785,0.207843,0.422267,13.038405,29.521298,0.956088,19.024491,0.616134,2.426477,0.078585,89.887216,100.303325,105.648199,94.958451,10.689748,0.898818
left,1278,260,222,0,-1,0.971711,1045.500000,1030.500000,1060.500000,30.000000,0.977574,125.334273,123.912957,126.755589,2.842632,0.904444,1.158108,1.100000,1.216216,0.116216,0.983472,0.836412,0.829443,0.843382,0.013940,1.000000,1.000000,1.000000,1.000000,0.000000,1.000000,6.000000,6.000000,6.000000,0.000000,42.207622,1.305389,1.911111,0.497633,0.230751,0.322896,10.440307,32.613003,1.008649,20.774614,0.642513,0.534095,0.016518,79.072052,99.210813,108.297878,90.123749,18.174129,0.832184
left,1279,259,246,0,-1,0.521833,1585.750000,1087.500000,2084.000000,996.500000,0.755931,150.556373,129.629455,171.483292,41.853837,0.994418,1.020400,1.017544,1.023256,0.005712,0.913204,0.851913,0.813264,0.890562,0.077297,1.000000,1.000000,1.000000,1.000000,0.000000,0.857143,6.500000,6.000000,7.000000,1.000000,51.149445,1.301047,1.297297,0.506457,0.301908,0.261882,10.295630,39.855312,1.013767,25.547556,0.649833,11.092479,0.282150,83.943482,103.567042,110.391497,96.742587,13.648911,0.876359
left,1280,259,235,0,-1,0.485125,1547.500000,1011.000000,2084.000000,1073.000000,0.723968,147.815837,124.148383,171.483292,47.334909,0.946552,1.046272,1.017544,1.075000,0.057456,0.925582,0.857425,0.824288,0.890562,0.066274,1.000000,1.000000,1.000000,1.000000,0.000000,0.714286,6.000000,5.000000,7.000000,2.000000,37.622178,0.971558,1.257576,0.738939,0.072375,0.854929,33.105891,29.816320,0.769979,18.800328,0.485501,11.401820,0.294442,79.568604,129.731661,140.277406,119.185916,21.091490,0.849644
left,1281,258,250,0,-1,0.749833,1306.250000,1119.500000,1493.000000,373.500000,0.858537,142.282027,131.452206,153.111848,21.659642,0.901072,1.260013,1.194444,1.325581,0.131137,0.983001,0.807218,0.800299,0.814138,0.013840,1.000000,1.000000,1.000000,1.000000,0.000000,0.857143,6.500000,6.000000,7.000000,1.000000,31.662994,0.878329,1.385965,0.735892,0.087847,1.017340,36.674242,24.876588,0.690074,15.732723,0.436424,1.870524,0.051888,58.802285,134.602138,135.000000,134.204276,0.795724,0.994106
left,1282,258,227,0,-1,0.780706,996.750000,874.000000,1119.500000,245.500000,0.870599,122.947179,114.442152,131.452206,17.010055,0.911081,1.141340,1.088235,1.194444,0.106209,0.970843,0.826364,0.814138,0.838589,0.024451,1.000000,1.000000,1.000000,1.000000,0.000000,1.000000,6.000000,6.000000,6.000000,0.000000,31.443638,0.997856,1.346154,0.694707,0.118134,0.888573,28.000000,26.058531,0.826961,14.992267,0.475776,3.165036,0.100442,76.278343,136.128689,146.003541,126.253838,19.749703,0.864731
left,1283,258,225,0,-1,0.947124,1150.750000,1119.500000,1182.000000,62.500000,0.995348,131.759367,131.452206,132.066527,0.614321,0.940307,1.232357,1.194444,1.270270,0.075826,0.955997,0.832875,0.814138,0.851612,0.037474,1.000000,1.000000,1.000000,1.000000,0.000000,0.857143,6.500000,6.000000,7.000000,1.000000,36.862516,1.086762,1.107692,0.564661,0.253096,0.548388,18.601075,29.327538,0.864620,18.248920,0.538006,0.614765,0.018124,86.147320,110.610901,131.221802,90.000000,41.221802,0.685862
left,1284,257,255,0,-1,0.790819,1033.750000,913.000000,1154.500000,241.500000,0.936899,125.021739,120.948737,129.094740,8.146003,0.577778,1.365385,1.000000,1.730769,0.730769,0.900930,0.827414,0.784292,0.870536,0.086244,1.000000,1.000000,1.000000,1.000000,0.000000,1.000000,6.000000,6.000000,6.000000,0.000000,30.349965,0.945573,1.244898,0.671659,0.152358,0.831336,26.683328,25.366682,0.790315,15.173838,0.472751,4.556246,0.141953,71.428924,124.292572,129.724387,118.860757,10.863630,0.916256
left,1285,257,223,0,-1,0.690359,1117.750000,913.000000,1322.500000,409.500000,0.865811,130.321486,120.948737,139.694234,18.745497,0.632804,1.413004,1.095238,1.730769,0.635531,0.920936,0.817959,0.784292,0.851625,0.067333,1.000000,1.000000,1.000000,1.000000,0.000000,1.000000,6.000000,6.000000,6.000000,0.000000,43.156495,1.296340,1.627451,0.508553,0.228361,0.384676,12.806248,33.179824,0.996659,21.257417,0.638533,6.844994,0.205611,73.749625,106.518541,113.552264,99.484818,14.067446,0.876115
left,1286,257,216,0,-1,0.672312,1135.500000,913.000000,1358.000000,445.000000,0.834384,132.952188,120.948737,144.955639,24.006902,0.658398,1.435152,1.139535,1.730769,0.591234,0.965692,0.798224,0.784292,0.812156,0.027864,1.000000,1.000000,1.000000,1.000000,0.000000,0.857143,6.500000,6.000000,7.000000,1.000000,48.195836,1.437246,1.491525,0.481142,0.251431,0.333408,11.180340,33.732399,1.005932,24.071049,0.717822,6.835909,0.203853,83.631055,107.666202,131.672596,83.659808,48.012788,0.635362
left,1287,256,234,0,-1,0.868230,1095.250000,1018.000000,1172.500000,154.500000,0.919603,130.262210,124.806555,135.717864,10.911309,0.827122,1.128517,1.021739,1.235294,0.213555,0.974015,0.810594,0.799924,0.821264,0.021340,1.000000,1.000000,1.000000,1.000000,0.000000,0.833333,5.500000,5.000000,6.000000,1.000000,34.623357,1.046847,1.206897,0.673858,0.083314,0.883056,29.206164,27.932301,0.844541,17.250879,0.521585,3.680679,0.111286,87.072727,152.024884,170.897378,133.152390,37.744988,0.779137
left,1288,256,213,0,-1,0.741983,1195.000000,1018.000000,1372.000000,354.000000,0.885339,132.888457,124.806555,140.970358,16.163803,0.881481,1.162092,1.088889,1.235294,0.146405,0.946617,0.844421,0.821264,0.867578,0.046314,1.000000,1.000000,1.000000,1.000000,0.000000,0.833333,5.500000,5.000000,6.000000,1.000000,36.570029,1.060821,1.519231,0.599760,0.218619,0.609167,21.000000,30.594633,0.887487,18.163802,0.526895,3.886262,0.112732,82.886252,116.795603,134.790638,98.800568,35.990070,0.732993
left,1289,255,243,0,-1,0.856215,1071.500000,988.500000,1154.500000,166.000000,0.951066,125.936155,122.777571,129.094740,6.317170,0.952381,1.025000,1.000000,1.050000,0.050000,0.946590,0.847288,0.824040,0.870536,0.046496,1.000000,1.000000,1.000000,1.000000,0.000000,1.000000,6.000000,6.000000,6.000000,0.000000,37.036381,1.132293,1.315789,0.588449,0.158656,0.580072,18.973666,28.653537,0.876009,18.463823,0.564484,0.884297,0.027035,71.972521,110.146806,137.254575,83.039037,54.215538,0.605000
left,1290,255,231,0,-1,0.556518,898.500000,642.500000,1154.500000,512.000000,0.805357,116.531053,103.967367,129.094740,25.127374,0.885714,1.064516,1.000000,1.129032,0.129032,0.858029,0.808741,0.746945,0.870536,0.123590,1.000000,1.000000,1.000000,1.000000,0.000000,0.833333,5.500000,5.000000,6.000000,1.000000,39.362549,1.327002,1.133333,0.497446,0.376461,0.337123,10.000000,31.193764,1.051614,18.399311,0.620283,6.595697,0.222356,61.284573,116.055871,116.715829,115.395912,1.319917,0.988691
left,1291,255,223,0,-1,0.872968,1238.500000,1154.500000,1322.500000,168.000000,0.924124,134.394487,129.094740,139.694234,10.599494,0.913043,1.047619,1.000000,1.095238,0.095238,0.978277,0.861081,0.851625,0.870536,0.018911,1.000000,1.000000,1.000000,1.000000,0.000000,1.000000,6.000000,6.000000,6.000000,0.000000,33.520707,0.953049,1.442308,0.733363,0.106581,0.892319,31.384710,25.911993,0.736721,16.695324,0.474676,1.075462,0.030577,79.957308,140.274066,141.654425,138.893708,2.760717,0.980511
left,1292,254,248,0,-1,0.882840,795.500000,746.000000,845.000000,99.000000,0.949428,111.261335,108.374985,114.147684,5.772700,0.959471,1.317575,1.290323,1.344828,0.054505,0.979396,0.806557,0.798161,0.814953,0.016791,1.000000,1.000000,1.000000,1.000000,0.000000,1.000000,6.000000,6.000000,6.000000,0.000000,24.355697,0.863955,1.288889,0.838603,0.024199,1.208146,34.058773,20.478742,0.726430,11.902675,0.422216,1.411408,0.050066,69.927343,168.012502,170.599220,165.425784,5.173436,0.969675
left,1293,254,244,0,-1,0.859249,693.500000,641.000000,746.000000,105.000000,0.960246,106.220829,104.066673,108.374985,4.308312,1.000000,1.344828,1.344828,1.344828,0.000000,0.931867,0.770971,0.743780,0.798161,0.054381,1.000000,1.000000,1.000000,1.000000,0.000000,0.833333,5.500000,5.000000,6.000000,1.000000,29.668992,1.127435,1.094340,0.513935,0.303172,0.537407,14.142136,24.848170,0.944241,14.545354,0.552730,1.317180,0.050053,77.960401,110.746659,120.124318,101.369000,18.755318,0.843867
left,1294,254,217,0,-1,0.645050,951.250000,746.000000,1156.500000,410.500000,0.846558,118.196685,108.374985,128.018386,19.643401,0.819855,1.223696,1.102564,1.344828,0.242263,0.900077,0.842465,0.798161,0.886770,0.088608,1.000000,1.000000,1.000000,1.000000,0.000000,0.857143,6.500000,6.000000,7.000000,1.000000,35.430718,1.155594,1.974359,0.592031,0.183968,0.577950,17.720045,26.175690,0.853736,16.728988,0.545626,4.961297,0.161816,76.003210,112.419378,117.597296,107.241459,10.355836,0.911938
left,1295,253,246,0,-1,0.904368,1035.500000,983.500000,1087.500000,104.000000,0.963905,127.289963,124.950472,129.629455,4.678983,0.951866,1.049128,1.023256,1.075000,0.051744,0.973367,0.802435,0.791605,0.813264,0.021660,1.000000,1.000000,1.000000,1.000000,0.000000,1.000000,6.000000,6.000000,6.000000,0.000000,26.870397,0.835288,1.203704,0.808620,0.046113,1.168512,37.589892,23.454478,0.729101,13.426356,0.417369,0.662234,0.020586,81.461983,158.390747,163.040153,153.741340,9.298813,0.942966
left,1296,253,230,0,-1,0.768960,1131.250000,983.500000,1279.000000,295.500000,0.872423,134.086383,124.950472,143.222293,18.271821,0.703636,1.301389,1.075000,1.527778,0.452778,0.989807,0.787571,0.783536,0.791605,0.008068,1.000000,1.000000,1.000000,1.000000,0.000000,0.833333,5.500000,5.000000,6.000000,1.000000,32.962698,0.982145,1.131148,0.667396,0.066298,0.920295,30.886890,24.282174,0.723503,16.122245,0.480373,3.446959,0.102704,59.536944,105.105969,109.592282,100.619655,8.972627,0.918127
left,1297,253,220,0,-1,0.845294,1073.500000,983.500000,1163.500000,180.000000,0.942267,128.778339,124.950472,132.606205,7.655733,0.846277,1.172635,1.075000,1.270270,0.195270,0.952050,0.811539,0.791605,0.831474,0.039869,1.000000,1.000000,1.000000,1.000000,0.000000,0.857143,6.500000,6.000000,7.000000,1.000000,43.351717,1.324304,1.659574,0.456922,0.439450,0.222392,7.280110,34.355990,1.049504,21.041769,0.642782,0.327610,0.010008,71.261468,104.851251,115.407718,94.294783,21.112935,0.817058
left,1298,252,238,0,-1,0.880297,887.500000,831.000000,944.000000,113.000000,0.918889,118.848856,113.825159,123.872553,10.047394,0.663773,1.288082,1.027778,1.548387,0.520609,0.959174,0.789546,0.773093,0.805999,0.032906,1.000000,1.000000,1.000000,1.000000,0.000000,1.000000,6.000000,6.000000,6.000000,0.000000,37.285392,1.252203,1.625000,0.501649,0.299155,0.450581,13.416408,30.685991,1.030567,18.616955,0.625237,5.132626,0.172376,88.249416,108.168334,108.832830,107.503837,1.328992,0.987789
left,1299,252,237,0,-1,0.768417,1086.250000,944.000000,1228.500000,284.500000,0.930246,128.516828,123.872553,133.161102,9.288549,0.710417,1.324194,1.100000,1.548387,0.448387,0.887976,0.821858,0.773093,0.870623,0.097530,1.000000,1.000000,1.000000,1.000000,0.000000,0.857143,6.500000,6.000000,7.000000,1.000000,40.206196,1.222546,1.812500,0.525570,0.203913,0.442731,14.560220,30.128791,0.916123,20.099157,0.611153,1.348104,0.040992,82.852324,110.118179,141.546291,78.690068,62.856223,0.555932
left,1300,252,226,0,-1,0.946366,970.750000,944.000000,997.500000,53.500000,0.995244,124.168507,123.872553,124.464461,0.591908,0.778799,1.377135,1.205882,1.548387,0.342505,0.955432,0.791124,0.773093,0.809156,0.036063,1.000000,1.000000,1.000000,1.000000,0.000000,1.000000,6.000000,6.000000,6.000000,0.000000,24.746530,0.794332,1.250000,0.827748,0.047386,1.230264,38.327536,21.090943,0.676992,12.257315,0.393444,1.233650,0.039599,66.357322,155.647824,167.868679,143.426969,24.441710,0.854400
left,1301,251,239,0,-1,0.821727,817.500000,737.500000,897.500000,160.000000,0.949437,110.272501,107.412322,113.132680,5.720358,0.974359,1.069444,1.055556,1.083333,0.027778,0.911582,0.842231,0.803274,0.881187,0.077913,1.000000,1.000000,1.000000,1.000000,0.000000,0.714286,6.000000,5.000000,7.000000,2.000000,36.680725,1.284446,1.301887,0.470892,0.350765,0.204182,5.830952,28.492370,0.997715,18.081953,0.633174,1.822081,0.063804,85.491374,94.870201,98.495039,91.245364,7.249674,0.926396
left,1302,251,236,0,-1,0.865610,794.750000,737.500000,852.000000,114.500000,0.939341,110.880436,107.412322,114.348550,6.936228,0.998578,1.054805,1.054054,1.055556,0.001502,0.981015,0.811047,0.803274,0.818819,0.015545,1.000000,1.000000,1.000000,1.000000,0.000000,0.833333,5.500000,5.000000,6.000000,1.000000,25.380086,0.900866,1.072727,0.694355,0.107266,0.925596,26.076810,20.468125,0.726516,12.684262,0.450228,0.793214,0.028155,83.583994,137.958778,147.828783,128.088773,19.740010,0.866467
left,1303,251,224,0,-1,0.861062,797.000000,737.500000,856.500000,119.000000,0.968024,109.186377,107.412322,110.960431,3.548109,0.973684,1.041667,1.027778,1.055556,0.027778,0.918888,0.838727,0.803274,0.874180,0.070906,1.000000,1.000000,1.000000,1.000000,0.000000,0.833333,5.500000,5.000000,6.000000,1.000000,30.787964,1.091327,1.425532,0.638347,0.112610,0.730749,20.615528,23.667671,0.838937,15.363071,0.544568,1.622808,0.057523,84.525100,124.990620,132.273689,117.707551,14.566138,0.889879
left,1304,250,237,0,-1,0.822840,1360.750000,1228.500000,1493.000000,264.500000,0.869698,143.136475,133.161102,153.111848,19.950746,0.829825,1.212791,1.100000,1.325581,0.225581,0.919225,0.835461,0.800299,0.870623,0.070325,1.000000,1.000000,1.000000,1.000000,0.000000,1.000000,7.000000,7.000000,7.000000,0.000000,49.185238,1.334935,1.152778,0.457309,0.377365,0.173787,6.403124,37.893711,1.028472,24.281901,0.659034,4.424895,0.120096,87.097727,93.294343,96.047537,90.541148,5.506389,0.942670
left,1305,250,227,0,-1,0.585399,1183.500000,874.000000,1493.000000,619.000000,0.747442,133.777000,114.442152,153.111848,38.669697,0.820949,1.206908,1.088235,1.325581,0.237346,0.954339,0.819444,0.800299,0.838589,0.038291,1.000000,1.000000,1.000000,1.000000,0.000000,0.857143,6.500000,6.000000,7.000000,1.000000,39.318327,1.152982,1.281250,0.507487,0.279256,0.373237,12.727922,33.278090,0.975856,19.577898,0.574108,7.537294,0.221026,62.547258,108.468280,137.940100,78.996459,58.943641,0.572687
left,1306,250,221,0,-1,0.770596,1321.750000,1150.500000,1493.000000,342.500000,0.848011,141.476226,129.840604,153.111848,23.271245,0.826232,1.210410,1.095238,1.325581,0.230343,0.933204,0.828940,0.800299,0.857582,0.057283,1.000000,1.000000,1.000000,1.000000,0.000000,0.857143,6.500000,6.000000,7.000000,1.000000,40.899187,1.127346,1.600000,0.617383,0.096463,0.702747,25.495098,31.699553,0.873767,20.283420,0.559092,6.185165,0.170488,82.429300,111.176277,112.619865,109.732689,2.887175,0.974364
left,1307,249,245,0,-1,0.853761,881.000000,811.500000,950.500000,139.000000,0.928187,114.014108,109.767800,118.260417,8.492617,0.900000,1.055556,1.000000,1.111111,0.111111,0.990981,0.850198,0.846347,0.854050,0.007703,1.000000,1.000000,1.000000,1.000000,0.000000,1.000000,6.000000,6.000000,6.000000,0.000000,34.263547,1.155269,1.600000,0.538741,0.217083,0.426492,12.649111,27.252489,0.918876,17.101454,0.576612,4.181134,0.140976,87.154818,99.155695,123.690068,74.621323,49.068744,0.603293
left,1308,249,233,0,-1,0.658151,1022.250000,811.500000,1233.000000,421.500000,0.827932,121.174253,109.767800,132.580705,22.812905,0.847826,1.089744,1.000000,1.179487,0.179487,0.960144,0.863913,0.846347,0.881480,0.035133,1.000000,1.000000,1.000000,1.000000,0.000000,1.000000,6.000000,6.000000,6.000000,0.000000,30.930069,0.972629,1.089286,0.744954,0.096356,0.890540,28.319605,25.829265,0.812229,15.455566,0.486017,4.458826,0.140213,83.998092,147.842729,158.677579,137.007878,21.669702,0.863436
left,1309,249,229,0,-1,0.864449,756.500000,701.500000,811.500000,110.000000,0.960462,107.597779,105.427758,109.767800,4.340042,0.894737,1.058824,1.000000,1.117647,0.117647,0.937085,0.819723,0.793099,0.846347,0.053248,1.000000,1.000000,1.000000,1.000000,0.000000,0.833333,5.500000,5.000000,6.000000,1.000000,30.355296,1.104377,1.156863,0.600124,0.236286,0.676739,18.601075,23.339270,0.849122,13.538451,0.492552,1.504016,0.054719,50.104008,120.201872,123.197566,117.206178,5.991388,0.951368
left,1310,248,225,0,-1,0.714890,1013.500000,845.000000,1182.000000,337.000000,0.864320,123.107106,114.147684,132.066527,17.918843,0.984459,1.280296,1.270270,1.290323,0.020052,0.956953,0.833282,0.814953,0.851612,0.036659,1.000000,1.000000,1.000000,1.000000,0.000000,0.857143,6.500000,6.000000,7.000000,1.000000,37.662410,1.187169,1.015625,0.531044,0.248643,0.428736,13.601471,29.836111,0.940474,18.507227,0.583372,4.849787,0.152872,66.496190,112.195709,123.690068,100.701351,22.988717,0.814143
left,1311,248,219,0,-1,0.970414,832.500000,820.000000,845.000000,25.000000,0.998837,114.214167,114.147684,114.280649,0.132965,0.775000,1.145161,1.000000,1.290323,0.290323,0.968157,0.801978,0.789002,0.814953,0.025950,1.000000,1.000000,1.000000,1.000000,0.000000,0.833333,5.500000,5.000000,6.000000,1.000000,33.784533,1.170949,1.555556,0.565375,0.175375,0.624830,18.027756,27.304731,0.946364,16.892077,0.585468,0.327795,0.011361,89.949512,125.558540,132.755885,118.361194,14.394691,0.891570
left,1312,248,217,0,-1,0.730653,1000.750000,845.000000,1156.500000,311.500000,0.891651,121.083035,114.147684,128.018386,13.870702,0.854487,1.196443,1.102564,1.290323,0.187758,0.919013,0.850861,0.814953,0.886770,0.071817,1.000000,1.000000,1.000000,1.000000,0.000000,0.857143,6.500000,6.000000,7.000000,1.000000,36.111694,1.145017,1.200000,0.525174,0.238821,0.369772,11.661904,28.618011,0.907410,17.956644,0.569363,3.199379,0.101445,86.756124,94.509759,112.042597,76.976920,35.065677,0.687033
left,1313,247,238,0,-1,0.685078,1022.000000,831.000000,1213.000000,382.000000,0.844421,124.310928,113.825159,134.796696,20.971537,0.916063,1.074864,1.027778,1.121951,0.094173,0.960776,0.822451,0.805999,0.838904,0.032905,1.000000,1.000000,1.000000,1.000000,0.000000,1.000000,6.000000,6.000000,6.000000,0.000000,29.447597,0.925222,1.326531,0.780656,0.037182,1.056173,33.615473,23.244370,0.730321,14.722317,0.462564,4.149147,0.130363,81.164112,156.748080,158.198591,155.297570,2.901021,0.981662
left,1314,247,234,0,-1,0.966612,1192.750000,1172.500000,1213.000000,40.500000,0.993213,135.257280,134.796696,135.717864,0.921168,0.910681,1.071845,1.021739,1.121951,0.100212,0.953535,0.819414,0.799924,0.838904,0.038980,1.000000,1.000000,1.000000,1.000000,0.000000,1.000000,6.000000,6.000000,6.000000,0.000000,30.486205,0.882763,1.377358,0.753238,0.063718,1.028249,35.510562,24.006533,0.695137,15.141274,0.438433,1.699373,0.049207,86.608176,120.865110,123.690068,118.040153,5.649915,0.954322
left,1315,247,211,0,-1,0.700742,1031.500000,850.000000,1213.000000,363.000000,0.828167,123.215428,111.634159,134.796696,23.162538,0.945323,1.091279,1.060606,1.121951,0.061345,0.978763,0.848005,0.838904,0.857106,0.018202,1.000000,1.000000,1.000000,1.000000,0.000000,1.000000,6.000000,6.000000,6.000000,0.000000,40.105857,1.253643,1.652174,0.505636,0.248667,0.312583,10.000000,31.421914,0.982197,20.001478,0.625213,6.735983,0.210556,87.846198,97.692386,113.962489,81.422283,32.540205,0.714466
left,1316,246,235,0,-1,0.929655,1049.250000,1011.000000,1087.500000,76.500000,0.957717,126.888919,124.148383,129.629455,5.481072,0.951866,1.049128,1.023256,1.075000,0.051744,0.986627,0.818776,0.813264,0.824288,0.011023,1.000000,1.000000,1.000000,1.000000,0.000000,0.833333,5.500000,5.000000,6.000000,1.000000,33.248304,1.026602,1.377358,0.631300,0.170836,0.762601,24.698178,27.218836,0.840431,16.326104,0.504098,1.943585,0.060012,85.283423,125.684356,144.071498,107.297215,36.774283,0.744750
left,1317,246,220,0,-1,0.934680,1125.500000,1087.500000,1163.500000,76.000000,0.977552,131.117830,129.629455,132.606205,2.976751,0.805542,1.146763,1.023256,1.270270,0.247014,0.978100,0.822369,0.813264,0.831474,0.018209,1.000000,1.000000,1.000000,1.000000,0.000000,0.857143,6.500000,6.000000,7.000000,1.000000,39.961670,1.191332,1.029412,0.575310,0.140604,0.603644,20.248457,30.194450,0.900153,19.890921,0.592985,1.266065,0.037744,84.397953,109.807000,116.948937,102.665064,14.283873,0.877862
left,1318,246,214,0,-1,0.905747,1036.250000,985.000000,1087.500000,102.500000,0.936688,125.525907,121.422359,129.629455,8.207095,0.977273,1.011628,1.000000,1.023256,0.023256,0.968686,0.826409,0.813264,0.839554,0.026290,1.000000,1.000000,1.000000,1.000000,0.000000,1.000000,6.000000,6.000000,6.000000,0.000000,36.746224,1.141861,1.298246,0.546762,0.254041,0.509656,16.401219,30.525874,0.948569,17.935691,0.557338,1.773785,0.055119,73.651273,113.449806,133.524898,93.374713,40.150185,0.699306
left,1319,245,240,0,-1,0.685955,801.250000,652.000000,950.500000,298.500000,0.851481,109.478467,100.696517,118.260417,17.563900,0.993103,1.107280,1.103448,1.111111,0.007663,0.946118,0.831041,0.808032,0.854050,0.046018,1.000000,1.000000,1.000000,1.000000,0.000000,0.833333,5.500000,5.000000,6.000000,1.000000,29.323289,1.040488,1.487805,0.637539,0.129797,0.731508,20.615528,24.000358,0.851613,14.654985,0.520008,4.564240,0.161955,78.635659,123.739152,136.380354,111.097950,25.282404,0.814618
left,1320,245,229,0,-1,0.738033,826.000000,701.500000,950.500000,249.000000,0.891488,111.844087,105.427758,118.260417,12.832659,0.994152,1.114379,1.111111,1.117647,0.006536,0.928634,0.823575,0.793099,0.854050,0.060950,1.000000,1.000000,1.000000,1.000000,0.000000,0.833333,5.500000,5.000000,6.000000,1.000000,26.576434,0.927365,1.100000,0.786481,0.038741,1.068129,30.610456,22.934054,0.800267,13.240873,0.462030,2.668270,0.093107,85.306284,166.303442,170.425772,162.181111,8.244661,0.951623
left,1321,245,205,0,-1,0.659611,1195.750000,950.500000,1441.000000,490.500000,0.814920,131.689718,118.260417,145.119019,26.858602,0.978261,1.099034,1.086957,1.111111,0.024155,0.993249,0.856952,0.854050,0.859855,0.005805,1.000000,1.000000,1.000000,1.000000,0.000000,0.750000,7.000000,6.000000,8.000000,2.000000,39.561682,1.150205,1.717391,0.549549,0.233535,0.429268,14.764823,30.889139,0.898062,18.363210,0.533887,3.410910,0.099168,57.710401,98.637569,107.767640,89.507498,18.260142,0.830560
left,1322,244,241,0,-1,0.871516,688.250000,641.000000,735.500000,94.500000,0.989846,104.600434,104.066673,105.134195,1.067522,0.923077,1.293103,1.241379,1.344828,0.103448,0.889488,0.789985,0.743780,0.836189,0.092409,1.000000,1.000000,1.000000,1.000000,0.000000,0.714286,6.000000,5.000000,7.000000,2.000000,35.396427,1.350028,1.861111,0.445551,0.396295,0.231998,6.082763,27.190191,1.037040,17.694802,0.674884,1.106225,0.042192,83.583265,104.996152,119.496556,90.495748,29.000808,0.757308
left,1323,244,232,0,-1,0.937820,662.250000,641.000000,683.500000,42.500000,0.965249,105.939965,104.066673,107.813256,3.746583,0.918419,1.404557,1.344828,1.464286,0.119458,0.993481,0.741356,0.738931,0.743780,0.004849,1.000000,1.000000,1.000000,1.000000,0.000000,0.833333,5.500000,5.000000,6.000000,1.000000,20.544271,0.798428,1.275000,0.776923,0.060778,1.273048,32.756679,18.436089,0.716496,10.211029,0.396839,0.444043,0.017257,68.409510,151.164795,163.551392,138.778198,24.773194,0.848530
left,1324,244,217,0,-1,0.554259,898.750000,641.000000,1156.500000,515.500000,0.812904,116.042530,104.066673,128.018386,23.951713,0.819855,1.223696,1.102564,1.344828,0.242263,0.838752,0.815275,0.743780,0.886770,0.142990,1.000000,1.000000,1.000000,1.000000,0.000000,0.714286,6.000000,5.000000,7.000000,2.000000,32.519659,1.096316,1.245283,0.631389,0.120723,0.723836,21.470911,26.237960,0.884545,16.107033,0.543007,6.088565,0.205260,86.004618,130.671670,151.389540,109.953799,41.435741,0.726297
left,1325,243,231,0,-1,0.649975,815.500000,642.500000,988.500000,346.000000,0.846794,113.372469,103.967367,122.777571,18.810204,0.930000,1.089516,1.050000,1.129032,0.079032,0.906443,0.785493,0.746945,0.824040,0.077095,1.000000,1.000000,1.000000,1.000000,0.000000,0.833333,5.500000,5.000000,6.000000,1.000000,23.777308,0.837406,1.152174,0.826926,0.018394,1.220520,34.655447,19.035631,0.670410,11.764436,0.414328,3.865704,0.136145,62.698310,170.116416,178.667780,161.565051,17.102729,0.904276
left,1326,243,222,0,-1,0.959243,1009.500000,988.500000,1030.500000,42.000000,0.990837,123.345264,122.777571,123.912957,1.135386,0.954545,1.075000,1.050000,1.100000,0.050000,0.977066,0.833711,0.824040,0.843382,0.019342,1.000000,1.000000,1.000000,1.000000,0.000000,1.000000,6.000000,6.000000,6.000000,0.000000,35.679732,1.123031,1.131148,0.617006,0.090144,0.691025,21.954498,27.078541,0.852306,17.726033,0.557933,0.017138,0.000539,73.375756,102.045885,114.934295,89.157476,25.776819,0.775726
left,1327,243,212,0,-1,0.767830,873.750000,759.000000,988.500000,229.500000,0.885847,115.769856,108.762141,122.777571,14.015430,0.981241,1.040152,1.030303,1.050000,0.019697,0.978470,0.815170,0.806299,0.824040,0.017741,0.998684,0.999342,0.998684,1.000000,0.001316,1.000000,6.000000,6.000000,6.000000,0.000000,40.175502,1.362104,1.600000,0.447429,0.367668,0.169519,5.000000,31.072524,1.053478,19.313925,0.654816,6.024397,0.204250,67.698420,96.636291,113.904044,79.368538,34.535505,0.696802
left,1328,242,230,0,-1,0.619234,1035.500000,792.000000,1279.000000,487.000000,0.821193,130.417743,117.613193,143.222293,25.609100,0.970533,1.505268,1.482759,1.527778,0.045019,0.918256,0.751512,0.719487,0.783536,0.064049,1.000000,1.000000,1.000000,1.000000,0.000000,1.000000,5.000000,5.000000,5.000000,0.000000,24.068185,0.753242,1.090909,0.857066,0.013037,1.354802,43.289722,20.591490,0.644435,11.949184,0.373964,4.400869,0.137730,36.753419,173.887171,178.393997,169.380345,9.013652,0.949473
left,1329,242,215,0,-1,0.560708,1102.250000,792.000000,1412.500000,620.500000,0.809177,131.481208,117.613193,145.349222,27.736029,0.752839,1.299519,1.116279,1.482759,0.366480,0.856348,0.779834,0.719487,0.840181,0.120694,1.000000,1.000000,1.000000,1.000000,0.000000,1.000000,5.000000,5.000000,5.000000,0.000000,33.052422,1.005768,1.103448,0.604143,0.195282,0.742878,24.413111,28.455562,0.865888,16.523970,0.502816,8.338093,0.253724,68.445083,110.082483,120.702645,99.462322,21.240323,0.824028
left,1330,242,207,0,-1,0.564505,1097.500000,792.000000,1403.000000,611.000000,0.813676,131.079324,117.613193,144.545454,26.932260,0.831260,1.357658,1.232558,1.482759,0.250200,0.852637,0.781662,0.719487,0.843837,0.124350,0.997866,0.998933,0.997866,1.000000,0.002134,0.714286,6.000000,5.000000,7.000000,2.000000,42.715943,1.302332,1.509434,0.483559,0.382688,0.355551,11.661904,32.443076,0.989131,18.801310,0.573218,5.213271,0.158943,52.527687,108.653570,112.725239,104.581901,8.143338,0.927759
left,1331,241,240,0,-1,0.886472,693.750000,652.000000,735.500000,83.500000,0.957790,102.915356,100.696517,105.134195,4.437679,0.888889,1.172414,1.103448,1.241379,0.137931,0.966327,0.822111,0.808032,0.836189,0.028157,1.000000,1.000000,1.000000,1.000000,0.000000,0.714286,6.000000,5.000000,7.000000,2.000000,21.799484,0.828021,1.444444,0.856478,0.028108,1.199342,31.575307,18.569008,0.705317,10.899673,0.414008,0.965871,0.036687,72.370406,162.272263,170.475332,154.069194,16.406138,0.903762
left,1332,241,232,0,-1,0.929300,709.500000,683.500000,735.500000,52.000000,0.975151,106.473726,105.134195,107.813256,2.679061,0.847771,1.352833,1.241379,1.464286,0.222906,0.883689,0.787560,0.738931,0.836189,0.097258,1.000000,1.000000,1.000000,1.000000,0.000000,0.857143,6.500000,6.000000,7.000000,1.000000,27.627411,1.037378,1.325581,0.666631,0.086681,0.927388,24.698178,21.114301,0.792818,13.802141,0.518255,1.016462,0.038167,77.863611,144.935798,159.145542,130.726054,28.419488,0.821425
left,1333,241,203,0,-1,0.769754,845.500000,735.500000,955.500000,220.000000,0.868608,113.085880,105.134195,121.037565,15.903369,0.895062,1.176245,1.111111,1.241379,0.130268,0.980157,0.827893,0.819597,0.836189,0.016592,1.000000,1.000000,1.000000,1.000000,0.000000,1.000000,7.000000,7.000000,7.000000,0.000000,36.944124,1.273249,1.744186,0.500398,0.198108,0.346361,10.049876,27.956133,0.963485,18.196155,0.627116,1.121138,0.038639,80.474528,83.832792,84.805571,82.860012,1.945559,0.977059
left,1334,240,205,0,-1,0.452464,1046.500000,652.000000,1441.000000,789.000000,0.693889,122.907768,100.696517,145.119019,44.422502,0.985054,1.095202,1.086957,1.103448,0.016492,0.939731,0.833943,0.808032,0.859855,0.051823,1.000000,1.000000,1.000000,1.000000,0.000000,0.625000,6.500000,5.000000,8.000000,3.000000,38.598049,1.215786,1.147541,0.602486,0.181558,0.580806,18.439089,30.299954,0.954407,19.297219,0.607836,13.863753,0.436689,86.279882,127.301154,141.134410,113.467899,27.666511,0.803970
left,1335,240,203,0,-1,0.682365,803.750000,652.000000,955.500000,303.500000,0.831944,110.867041,100.696517,121.037565,20.341048,0.993103,1.107280,1.103448,1.111111,0.007663,0.985890,0.813814,0.808032,0.819597,0.011565,1.000000,1.000000,1.000000,1.000000,0.000000,0.714286,6.000000,5.000000,7.000000,2.000000,33.352841,1.181772,1.577778,0.549875,0.218974,0.532666,15.033296,24.958542,0.884342,16.017828,0.567551,3.632255,0.128700,80.790555,108.806063,110.947471,106.664656,4.282815,0.961398
left,1336,239,233,0,-1,0.727899,1065.250000,897.500000,1233.000000,335.500000,0.853312,122.856693,113.132680,132.580705,19.448025,0.918478,1.131410,1.083333,1.179487,0.096154,0.999668,0.881333,0.881187,0.881480,0.000292,1.000000,1.000000,1.000000,1.000000,0.000000,0.857143,6.500000,6.000000,7.000000,1.000000,36.947320,1.135576,1.755556,0.623352,0.181413,0.591199,19.235384,28.414629,0.873323,18.465685,0.567543,5.676653,0.174472,81.034624,123.733805,126.751273,120.716336,6.034937,0.952388
left,1337,239,224,0,-1,0.954318,877.000000,856.500000,897.500000,41.000000,0.980799,112.046556,110.960431,113.132680,2.172249,0.948718,1.055556,1.027778,1.083333,0.055556,0.992048,0.877684,0.874180,0.881187,0.007007,1.000000,1.000000,1.000000,1.000000,0.000000,0.857143,6.500000,6.000000,7.000000,1.000000,28.888149,0.975550,1.094340,0.760517,0.066135,0.909283,26.925824,22.788421,0.769563,14.434438,0.487450,0.459298,0.015510,83.157872,148.004741,152.212072,143.797411,8.414661,0.944718
left,1338,239,208,0,-1,0.728786,1064.500000,897.500000,1231.500000,334.000000,0.847533,123.308684,113.132680,133.484688,20.352007,0.970486,1.099806,1.083333,1.116279,0.032946,0.985628,0.874855,0.868523,0.881187,0.012664,1.000000,1.000000,1.000000,1.000000,0.000000,1.000000,7.000000,7.000000,7.000000,0.000000,34.171610,1.050609,1.415094,0.629714,0.179897,0.622541,20.248457,27.918202,0.858348,17.067426,0.524740,3.101621,0.095360,83.833371,110.367668,114.051241,106.684095,7.367146,0.935405
left,1339,238,226,0,-1,0.833083,914.250000,831.000000,997.500000,166.500000,0.914519,119.144810,113.825159,124.464461,10.639302,0.852304,1.116830,1.027778,1.205882,0.178105,0.996099,0.807577,0.805999,0.809156,0.003157,1.000000,1.000000,1.000000,1.000000,0.000000,1.000000,6.000000,6.000000,6.000000,0.000000,35.422039,1.172715,1.510204,0.553412,0.237080,0.571514,17.262677,26.913855,0.891035,17.609705,0.583003,3.749978,0.124150,80.515289,130.859659,152.650124,109.069194,43.580931,0.714504
left,1340,238,211,0,-1,0.977647,840.500000,831.000000,850.000000,19.000000,0.980751,112.729659,111.634159,113.825159,2.191000,0.969048,1.044192,1.027778,1.060606,0.032828,0.940372,0.831552,0.805999,0.857106,0.051107,1.000000,1.000000,1.000000,1.000000,0.000000,1.000000,6.000000,6.000000,6.000000,0.000000,33.328812,1.149630,1.185185,0.566234,0.246877,0.557261,16.155494,25.688709,0.886095,15.635356,0.539319,0.944273,0.032571,74.853322,110.640197,120.379126,100.901268,19.477858,0.838196
left,1341,238,206,0,-1,0.893548,880.500000,831.000000,930.000000,99.000000,0.948959,116.886269,113.825159,119.947379,6.122220,0.972973,1.013889,1.000000,1.027778,0.027778,0.992254,0.809145,0.805999,0.812290,0.006292,1.000000,1.000000,1.000000,1.000000,0.000000,1.000000,6.000000,6.000000,6.000000,0.000000,32.122311,1.082964,1.644444,0.567036,0.203578,0.610582,18.110770,26.539876,0.894759,15.624208,0.526751,2.056173,0.069321,86.970633,104.121019,113.682088,94.559950,19.122138,0.831793
left,1342,237,226,0,-1,0.811966,1113.000000,997.500000,1228.500000,231.000000,0.934691,128.812782,124.464461,133.161102,8.696641,0.912195,1.152941,1.100000,1.205882,0.105882,0.929398,0.839889,0.809156,0.870623,0.061468,1.000000,1.000000,1.000000,1.000000,0.000000,0.857143,6.500000,6.000000,7.000000,1.000000,41.619078,1.249200,1.615385,0.540191,0.251797,0.451225,15.033296,31.972127,0.959646,19.047624,0.571716,2.199406,0.066015,61.472034,109.736796,113.441254,106.032339,7.408914,0.934689
left,1343,237,221,0,-1,0.936508,1189.500000,1150.500000,1228.500000,78.000000,0.975064,131.500853,129.840604,133.161102,3.320499,0.995671,1.097619,1.095238,1.100000,0.004762,0.985020,0.864102,0.857582,0.870623,0.013042,1.000000,1.000000,1.000000,1.000000,0.000000,0.857143,6.500000,6.000000,7.000000,1.000000,35.199723,1.020741,1.321429,0.733062,0.053174,0.885287,30.528675,26.628661,0.772192,17.566915,0.509415,0.472395,0.013699,86.471133,151.628008,154.219773,149.036243,5.183530,0.966389
left,1344,237,204,0,-1,0.969996,1247.500000,1228.500000,1266.500000,38.000000,0.971133,135.140211,133.161102,137.119319,3.958216,0.929293,1.061111,1.022222,1.100000,0.077778,0.972271,0.858553,0.846482,0.870623,0.024141,1.000000,1.000000,1.000000,1.000000,0.000000,1.000000,7.000000,7.000000,7.000000,0.000000,35.586919,1.007587,1.418182,0.693953,0.094589,0.817175,28.861739,28.875972,0.817577,17.793246,0.503788,0.009381,0.000266,89.773918,128.568995,153.745492,103.392498,50.352994,0.672491
left,1345,236,224,0,-1,0.994746,854.250000,852.000000,856.500000,4.500000,0.970370,112.654491,110.960431,114.348550,3.388119,0.975071,1.040916,1.027778,1.054054,0.026276,0.936671,0.846500,0.818819,0.874180,0.055361,1.000000,1.000000,1.000000,1.000000,0.000000,1.000000,6.000000,6.000000,6.000000,0.000000,34.461618,1.179081,1.372549,0.523542,0.249927,0.390103,11.401754,27.648751,0.945983,16.958747,0.580232,0.445511,0.015243,66.419831,97.200590,99.637538,94.763642,4.873896,0.951084
left,1346,236,222,0,-1,0.826783,941.250000,852.000000,1030.500000,178.500000,0.922814,119.130753,114.348550,123.912957,9.564407,0.958231,1.077027,1.054054,1.100000,0.045946,0.970876,0.831101,0.818819,0.843382,0.024563,1.000000,1.000000,1.000000,1.000000,0.000000,1.000000,6.000000,6.000000,6.000000,0.000000,25.347737,0.827135,1.094340,0.845790,0.032935,1.158763,35.510562,19.687934,0.642447,12.673861,0.413567,2.162974,0.070581,68.556491,158.831500,164.228052,153.434949,10.793103,0.934280
left,1347,236,209,0,-1,0.809859,771.000000,690.000000,852.000000,162.000000,0.899765,108.617683,102.886815,114.348550,11.461735,0.887624,1.120777,1.054054,1.187500,0.133446,0.999652,0.818962,0.818819,0.819105,0.000285,1.000000,1.000000,1.000000,1.000000,0.000000,1.000000,6.000000,6.000000,6.000000,0.000000,33.494586,1.207950,1.651163,0.566638,0.182879,0.582633,16.155494,26.629120,0.960354,16.643791,0.600243,3.827387,0.138031,86.901436,122.099424,138.179830,106.019017,32.160813,0.767254
left,1348,235,214,0,-1,0.974283,998.000000,985.000000,1011.000000,26.000000,0.978042,122.785371,121.422359,124.148383,2.726024,0.930233,1.037500,1.000000,1.075000,0.075000,0.981816,0.831921,0.824288,0.839554,0.015266,1.000000,1.000000,1.000000,1.000000,0.000000,0.833333,5.500000,5.000000,6.000000,1.000000,26.693876,0.844998,1.089286,0.778119,0.082415,1.045098,33.015148,22.002179,0.696482,13.344751,0.422430,0.832402,0.026350,69.703370,144.475683,159.328072,129.623295,29.704778,0.813562
left,1349,234,213,0,-1,0.854592,1272.250000,1172.500000,1372.000000,199.500000,0.962740,138.344111,135.717864,140.970358,5.252494,0.938332,1.055314,1.021739,1.088889,0.067150,0.922020,0.833751,0.799924,0.867578,0.067654,1.000000,1.000000,1.000000,1.000000,0.000000,1.000000,6.000000,6.000000,6.000000,0.000000,37.424168,1.050027,1.176471,0.589867,0.257418,0.615348,21.931712,31.326922,0.878954,18.028251,0.505827,3.703762,0.103918,80.558174,116.730162,128.047043,105.413281,22.633762,0.823239
left,1350,234,211,0,-1,0.724947,1011.250000,850.000000,1172.500000,322.500000,0.822546,123.676012,111.634159,135.717864,24.083706,0.963354,1.041173,1.021739,1.060606,0.038867,0.933285,0.828515,0.799924,0.857106,0.057182,1.000000,1.000000,1.000000,1.000000,0.000000,1.000000,6.000000,6.000000,6.000000,0.000000,40.460678,1.276432,1.014286,0.532311,0.251916,0.454984,14.422205,30.020866,0.947082,20.046100,0.632404,7.445256,0.234879,74.141990,122.459475,122.571506,122.347443,0.224062,0.998172
left,1351,234,202,0,-1,0.889943,1245.000000,1172.500000,1317.500000,145.000000,0.967507,137.996840,135.717864,140.275815,4.557951,0.915308,1.069009,1.021739,1.116279,0.094540,0.950723,0.820655,0.799924,0.841385,0.041461,1.000000,1.000000,1.000000,1.000000,0.000000,1.000000,6.000000,6.000000,6.000000,0.000000,36.647641,1.039072,1.607843,0.605685,0.197390,0.690442,24.351591,30.058388,0.852247,17.610442,0.499310,2.645850,0.075018,68.496036,117.586378,132.917435,102.255322,30.662113,0.769315
left,1352,233,229,0,-1,0.568938,967.250000,701.500000,1233.000000,531.500000,0.795197,119.004232,105.427758,132.580705,27.152947,0.947570,1.148567,1.117647,1.179487,0.061840,0.899736,0.837290,0.793099,0.881480,0.088380,1.000000,1.000000,1.000000,1.000000,0.000000,0.833333,5.500000,5.000000,6.000000,1.000000,35.597920,1.155778,1.809524,0.567552,0.201602,0.504032,15.524175,29.439201,0.955819,17.664426,0.573521,9.668243,0.313904,89.726045,112.373463,140.630683,84.116243,56.514440,0.598136
left,1353,233,208,0,-1,0.998783,1232.250000,1231.500000,1233.000000,1.500000,0.993228,133.032696,132.580705,133.484688,0.903982,0.946411,1.147883,1.116279,1.179487,0.063208,0.985301,0.875001,0.868523,0.881480,0.012957,1.000000,1.000000,1.000000,1.000000,0.000000,0.857143,6.500000,6.000000,7.000000,1.000000,36.587702,1.042283,1.072464,0.649532,0.138771,0.679527,23.853721,28.326704,0.806950,17.877078,0.509269,0.803025,0.022876,77.881691,119.552241,119.906995,119.197486,0.709509,0.994083
left,1354,233,200,0,-1,0.924980,1186.750000,1140.500000,1233.000000,92.500000,0.963188,130.140397,127.700089,132.580705,4.880617,0.890217,1.114744,1.050000,1.179487,0.129487,0.997035,0.880173,0.878866,0.881480,0.002613,1.000000,1.000000,1.000000,1.000000,0.000000,1.000000,6.000000,6.000000,6.000000,0.000000,35.394458,1.027633,1.275862,0.644290,0.123025,0.655031,22.561028,26.545773,0.770723,17.212561,0.499745,1.240857,0.036027,72.309730,103.777386,105.921139,101.633634,4.287505,0.959522
left,1355,232,217,0,-1,0.591007,920.000000,683.500000,1156.500000,473.000000,0.842170,117.915821,107.813256,128.018386,20.205130,0.752971,1.283425,1.102564,1.464286,0.361722,0.833284,0.812850,0.738931,0.886770,0.147838,1.000000,1.000000,1.000000,1.000000,0.000000,0.857143,6.500000,6.000000,7.000000,1.000000,39.036190,1.297936,1.813953,0.498188,0.277989,0.339080,10.198039,30.361147,1.009495,19.377534,0.644294,4.336121,0.144174,78.524493,114.969000,143.443191,86.494809,56.948382,0.602990
left,1356,232,203,0,-1,0.715332,819.500000,683.500000,955.500000,272.000000,0.890742,114.425411,107.813256,121.037565,13.224308,0.758808,1.287698,1.111111,1.464286,0.353175,0.901579,0.779264,0.738931,0.819597,0.080665,1.000000,1.000000,1.000000,1.000000,0.000000,0.857143,6.500000,6.000000,7.000000,1.000000,38.517767,1.350198,1.183333,0.443771,0.471934,0.235149,6.708204,28.597127,1.002441,18.170038,0.636931,5.982266,0.209702,48.148919,106.297589,116.048887,96.546291,19.502596,0.831945
left,1357,232,201,0,-1,0.935021,707.250000,683.500000,731.000000,47.500000,0.978508,108.997237,107.813256,110.181217,2.367961,0.702439,1.246429,1.028571,1.464286,0.435714,0.976544,0.747806,0.738931,0.756680,0.017748,1.000000,1.000000,1.000000,1.000000,0.000000,0.833333,5.500000,5.000000,6.000000,1.000000,34.664596,1.303650,1.016393,0.492785,0.341817,0.527847,14.035669,25.639565,0.964241,14.359364,0.540020,2.885291,0.108509,43.519902,117.715026,124.268793,111.161260,13.107533,0.894523
left,1358,232,187,0,-1,0.493146,1034.750000,683.500000,1386.000000,702.500000,0.749667,125.814021,107.813256,143.814785,36.001528,0.745011,1.277597,1.090909,1.464286,0.373377,0.877482,0.790518,0.738931,0.842105,0.103173,1.000000,1.000000,1.000000,1.000000,0.000000,1.000000,6.000000,6.000000,6.000000,0.000000,33.145321,1.046042,1.565217,0.574318,0.191109,0.612770,19.416488,27.946198,0.881961,16.509003,0.521012,11.982756,0.378167,84.805780,84.917792,98.130102,71.705482,26.424621,0.730719
left,1359,231,223,0,-1,0.485822,982.500000,642.500000,1322.500000,680.000000,0.744250,121.830800,103.967367,139.694234,35.726868,0.970068,1.112135,1.095238,1.129032,0.033794,0.877082,0.799285,0.746945,0.851625,0.104680,1.000000,1.000000,1.000000,1.000000,0.000000,0.833333,5.500000,5.000000,6.000000,1.000000,30.405033,0.985356,1.543478,0.687530,0.101018,0.877405,27.073973,25.749597,0.834485,15.072255,0.488457,9.259957,0.300094,67.180139,128.974050,153.557638,104.390463,49.167174,0.679813
left,1360,231,212,0,-1,0.846509,700.750000,642.500000,759.000000,116.500000,0.955915,106.364754,103.967367,108.762141,4.794774,0.912554,1.079668,1.030303,1.129032,0.098729,0.926388,0.776622,0.746945,0.806299,0.059354,0.998684,0.999342,0.998684,1.000000,0.001316,0.833333,5.500000,5.000000,6.000000,1.000000,29.366470,1.110315,1.058824,0.553862,0.152337,0.650490,17.204651,23.517412,0.889168,14.400900,0.544483,1.377982,0.052100,82.487925,94.425814,99.299242,89.552386,9.746856,0.901844
left,1361,231,199,0,-1,0.684968,790.250000,642.500000,938.000000,295.500000,0.851452,113.036689,103.967367,122.106012,18.138645,0.963808,1.150230,1.129032,1.171429,0.042396,0.944823,0.768756,0.746945,0.790567,0.043621,1.000000,1.000000,1.000000,1.000000,0.000000,0.714286,6.000000,5.000000,7.000000,2.000000,33.526547,1.197925,1.277778,0.516966,0.296742,0.537149,15.033296,25.791599,0.921550,15.299443,0.546659,3.736028,0.133491,67.414048,119.095630,122.171217,116.020042,6.151175,0.949651
left,1362,230,220,0,-1,0.909695,1221.250000,1163.500000,1279.000000,115.500000,0.925877,137.914249,132.606205,143.222293,10.616088,0.831450,1.399024,1.270270,1.527778,0.257508,0.942346,0.807505,0.783536,0.831474,0.047937,1.000000,1.000000,1.000000,1.000000,0.000000,0.714286,6.000000,5.000000,7.000000,2.000000,32.442121,0.928599,1.015873,0.716246,0.106039,0.984907,34.409301,24.862670,0.711651,16.118320,0.461359,1.179808,0.033770,72.727760,139.160121,143.320243,135.000000,8.320243,0.941946
left,1363,230,207,0,-1,0.911618,1341.000000,1279.000000,1403.000000,124.000000,0.990846,143.883874,143.222293,144.545454,1.323160,0.806765,1.380168,1.232558,1.527778,0.295220,0.928540,0.813687,0.783536,0.843837,0.060301,0.997866,0.998933,0.997866,1.000000,0.002134,0.714286,6.000000,5.000000,7.000000,2.000000,42.703385,1.166444,1.202899,0.534736,0.223341,0.501437,18.357560,32.145206,0.878047,21.351114,0.583206,2.238961,0.061157,82.110641,93.084296,120.499833,65.668758,54.831075,0.544970
left,1364,229,205,0,-1,0.486815,1071.250000,701.500000,1441.000000,739.500000,0.726492,125.273389,105.427758,145.119019,39.691261,0.972540,1.102302,1.086957,1.117647,0.030691,0.922364,0.826477,0.793099,0.859855,0.066756,1.000000,1.000000,1.000000,1.000000,0.000000,0.625000,6.500000,5.000000,8.000000,3.000000,30.076305,0.933375,1.098361,0.641030,0.176663,0.707674,22.803509,25.757342,0.799342,14.926988,0.463238,6.536283,0.202844,84.917431,106.809497,113.552264,100.066730,13.485534,0.881239
left,1365,229,200,0,-1,0.615081,921.000000,701.500000,1140.500000,439.000000,0.825589,116.563923,105.427758,127.700089,22.272331,0.939474,1.083824,1.050000,1.117647,0.067647,0.902412,0.835983,0.793099,0.878866,0.085767,1.000000,1.000000,1.000000,1.000000,0.000000,0.833333,5.500000,5.000000,6.000000,1.000000,33.260031,1.103937,1.166667,0.594322,0.219327,0.593740,17.888544,26.283770,0.872387,16.398889,0.544297,5.336012,0.177108,85.513055,124.311727,130.887771,117.735683,13.152088,0.899516
left,1366,228,216,0,-1,0.911715,1423.750000,1358.000000,1489.500000,131.500000,0.949633,148.799759,144.955639,152.643878,7.688239,0.854651,1.236434,1.139535,1.333333,0.193798,0.989127,0.807741,0.803326,0.812156,0.008830,1.000000,1.000000,1.000000,1.000000,0.000000,0.857143,6.500000,6.000000,7.000000,1.000000,29.487472,0.781694,1.081967,0.843106,0.049868,1.213943,45.793013,24.205970,0.641684,14.742063,0.390802,1.361457,0.036091,57.283778,149.703082,152.056966,147.349198,4.707768,0.969039
left,1367,228,215,0,-1,0.948305,1451.000000,1412.500000,1489.500000,77.000000,0.952211,148.996550,145.349222,152.643878,7.294656,0.837209,1.224806,1.116279,1.333333,0.217054,0.956134,0.821753,0.803326,0.840181,0.036856,1.000000,1.000000,1.000000,1.000000,0.000000,0.833333,5.500000,5.000000,6.000000,1.000000,35.527158,0.932749,1.242424,0.715610,0.098725,0.948440,36.124784,27.640380,0.725686,17.113239,0.449300,0.131827,0.003461,50.363468,135.900712,141.441600,130.359825,11.081775,0.921651
left,1368,228,195,0,-1,0.952061,1527.000000,1489.500000,1564.500000,75.000000,0.994091,153.097576,152.643878,153.551274,0.907396,0.903955,1.404167,1.333333,1.475000,0.141667,0.963414,0.818579,0.803326,0.833832,0.030506,1.000000,1.000000,1.000000,1.000000,0.000000,0.857143,6.500000,6.000000,7.000000,1.000000,48.900386,1.251485,1.362319,0.504060,0.300426,0.387285,15.132746,37.844379,0.968533,24.140744,0.617823,3.765570,0.096370,78.069487,105.065145,116.200115,93.930176,22.269939,0.808348
left,1369,227,225,0,-1,0.739425,1028.000000,874.000000,1182.000000,308.000000,0.866549,123.254339,114.442152,132.066527,17.624375,0.856696,1.179253,1.088235,1.270270,0.182035,0.984708,0.845101,0.838589,0.851612,0.013023,1.000000,1.000000,1.000000,1.000000,0.000000,0.857143,6.500000,6.000000,7.000000,1.000000,35.406428,1.107425,1.574468,0.541123,0.225438,0.437885,14.000000,29.616732,0.926338,17.610894,0.550825,2.366569,0.074020,81.816047,106.689675,143.746162,69.633188,74.112974,0.484418
left,1370,227,221,0,-1,0.759670,1012.250000,874.000000,1150.500000,276.500000,0.881405,122.141378,114.442152,129.840604,15.398452,0.993606,1.091737,1.088235,1.095238,0.007003,0.977854,0.848085,0.838589,0.857582,0.018992,1.000000,1.000000,1.000000,1.000000,0.000000,1.000000,6.000000,6.000000,6.000000,0.000000,35.469561,1.117459,1.809524,0.590794,0.168437,0.579208,18.384776,28.243532,0.889805,17.339490,0.546276,3.809607,0.120021,82.933161,109.682808,109.925581,109.440035,0.485546,0.995583
left,1371,227,218,0,-1,0.467391,641.250000,408.500000,874.000000,465.500000,0.728249,98.892263,83.342374,114.442152,31.099778,0.951737,1.061975,1.035714,1.088235,0.052521,0.881294,0.788817,0.739044,0.838589,0.099545,1.000000,1.000000,1.000000,1.000000,0.000000,0.666667,5.000000,4.000000,6.000000,2.000000,22.364433,0.898623,1.142857,0.777541,0.060039,1.081158,26.907248,21.114282,0.848391,11.130056,0.447216,6.420120,0.257966,87.466505,165.135730,177.917435,152.354025,25.563410,0.856319
left,1372,227,194,0,-1,0.643594,1116.000000,874.000000,1358.000000,484.000000,0.819772,127.022243,114.442152,139.602334,25.160183,0.939339,1.055229,1.022222,1.088235,0.066013,0.957690,0.857113,0.838589,0.875637,0.037048,0.997063,0.998532,0.997063,1.000000,0.002937,0.857143,6.500000,6.000000,7.000000,1.000000,36.434886,1.097196,1.440000,0.553053,0.207213,0.434309,14.422205,27.850249,0.838679,17.112585,0.515326,3.806108,0.114617,64.547183,91.812253,104.004217,79.620290,24.383927,0.765549
left,1373,226,206,0,-1,0.932331,963.750000,930.000000,997.500000,67.500000,0.963708,122.205920,119.947379,124.464461,4.517083,0.829268,1.102941,1.000000,1.205882,0.205882,0.996141,0.810723,0.809156,0.812290,0.003135,1.000000,1.000000,1.000000,1.000000,0.000000,1.000000,6.000000,6.000000,6.000000,0.000000,37.286454,1.201256,1.152542,0.521240,0.228534,0.464639,14.422205,29.508619,0.950678,17.508992,0.564086,0.076094,0.002452,71.606718,101.829490,109.991191,93.667788,16.323403,0.851594
left,1374,226,204,0,-1,0.787604,1132.000000,997.500000,1266.500000,269.000000,0.907709,130.791890,124.464461,137.119319,12.654857,0.847696,1.114052,1.022222,1.205882,0.183660,0.955904,0.827819,0.809156,0.846482,0.037326,1.000000,1.000000,1.000000,1.000000,0.000000,0.857143,6.500000,6.000000,7.000000,1.000000,36.248823,1.079297,1.250000,0.600441,0.174912,0.653688,21.954498,28.015687,0.834158,18.091686,0.538674,4.361327,0.129857,89.651134,117.966940,135.711712,100.222169,35.489544,0.738493
left,1375,226,192,0,-1,0.956835,1020.000000,997.500000,1042.500000,45.000000,0.994558,124.804977,124.464461,125.145493,0.681032,0.869720,1.127331,1.048780,1.205882,0.157102,0.967334,0.822818,0.809156,0.836480,0.027324,1.000000,1.000000,1.000000,1.000000,0.000000,1.000000,6.000000,6.000000,6.000000,0.000000,35.143736,1.100460,1.479167,0.556226,0.186765,0.546860,17.464249,27.861260,0.872423,17.543561,0.549344,2.091677,0.065497,86.399474,103.959291,117.460225,90.458356,27.001868,0.770119
left,1376,225,219,0,-1,0.693739,1001.000000,820.000000,1182.000000,362.000000,0.865326,123.173588,114.280649,132.066527,17.785877,0.787234,1.135135,1.000000,1.270270,0.270270,0.926481,0.820307,0.789002,0.851612,0.062610,1.000000,1.000000,1.000000,1.000000,0.000000,0.714286,6.000000,5.000000,7.000000,2.000000,26.170614,0.830604,1.057692,0.824745,0.056693,1.137710,35.846897,21.208104,0.673104,13.068500,0.414769,3.754957,0.119175,67.707423,143.551364,160.559965,126.542764,34.017201,0.788134
left,1377,225,218,0,-1,0.345601,795.250000,408.500000,1182.000000,773.500000,0.631064,107.704450,83.342374,132.066527,48.724153,0.815350,1.152992,1.035714,1.270270,0.234556,0.867817,0.795328,0.739044,0.851612,0.112568,1.000000,1.000000,1.000000,1.000000,0.000000,0.571429,5.500000,4.000000,7.000000,3.000000,28.443742,1.042055,1.037736,0.708185,0.101855,0.868505,23.706539,24.353767,0.892216,13.575879,0.497361,10.213180,0.374167,60.029251,143.629197,149.245606,138.012788,11.232818,0.924736
left,1378,225,193,0,-1,0.728426,1021.500000,861.000000,1182.000000,321.000000,0.851389,122.253286,112.440045,132.066527,19.626482,0.856696,1.179253,1.088235,1.270270,0.182035,0.995109,0.853705,0.851612,0.855797,0.004185,1.000000,1.000000,1.000000,1.000000,0.000000,1.000000,7.000000,7.000000,7.000000,0.000000,41.630718,1.306615,1.976190,0.492214,0.233725,0.253041,8.062258,30.303285,0.951094,20.795829,0.652694,8.003043,0.251182,86.779901,86.203534,86.423666,85.983402,0.440263,0.994906
left,1379,224,209,0,-1,0.805604,773.250000,690.000000,856.500000,166.500000,0.927239,106.923623,102.886815,110.960431,8.073616,0.865497,1.107639,1.027778,1.187500,0.159722,0.936998,0.846643,0.819105,0.874180,0.055075,1.000000,1.000000,1.000000,1.000000,0.000000,1.000000,6.000000,6.000000,6.000000,0.000000,28.260299,1.017768,1.035088,0.644867,0.126414,0.724769,20.124612,20.662391,0.744137,13.839537,0.498418,2.714224,0.097750,70.398647,121.057072,127.056528,115.057615,11.998913,0.905562
left,1380,224,208,0,-1,0.695493,1044.000000,856.500000,1231.500000,375.000000,0.831260,122.222559,110.960431,133.484688,22.524256,0.920718,1.072028,1.027778,1.116279,0.088501,0.993529,0.871352,0.868523,0.874180,0.005657,1.000000,1.000000,1.000000,1.000000,0.000000,0.857143,6.500000,6.000000,7.000000,1.000000,38.247153,1.188561,1.271186,0.554460,0.243534,0.418082,13.453624,30.354180,0.943281,18.374244,0.570994,5.058844,0.157208,78.527770,107.522130,113.940427,101.103833,12.836593,0.887339
left,1381,224,197,0,-1,0.970811,844.000000,831.500000,856.500000,25.000000,0.993126,111.344469,110.960431,111.728507,0.768076,0.972973,1.013889,1.000000,1.027778,0.027778,0.957510,0.855608,0.837036,0.874180,0.037144,1.000000,1.000000,1.000000,1.000000,0.000000,1.000000,6.000000,6.000000,6.000000,0.000000,32.553104,1.120555,1.590909,0.614385,0.146327,0.634717,18.439089,25.651740,0.882994,16.274889,0.560220,0.484003,0.016661,88.643821,121.224847,140.906141,101.543553,39.362588,0.720647
left,1382,223,216,0,-1,0.973859,1340.250000,1322.500000,1358.000000,35.500000,0.963703,142.324937,139.694234,144.955639,5.261405,0.961127,1.117386,1.095238,1.139535,0.044297,0.953654,0.831891,0.812156,0.851625,0.039469,1.000000,1.000000,1.000000,1.000000,0.000000,0.857143,6.500000,6.000000,7.000000,1.000000,39.511755,1.079302,1.647059,0.553923,0.192688,0.519722,19.026298,29.542363,0.806978,19.433038,0.530832,1.693674,0.046264,71.783450,96.641078,114.775141,78.507015,36.268126,0.684007
left,1383,223,210,0,-1,0.526276,1009.250000,696.000000,1322.500000,626.500000,0.757839,122.779966,105.865698,139.694234,33.828537,0.951128,1.123377,1.095238,1.151515,0.056277,0.916347,0.816005,0.780384,0.851625,0.071241,1.000000,1.000000,1.000000,1.000000,0.000000,0.833333,5.500000,5.000000,6.000000,1.000000,26.200732,0.835110,1.200000,0.832635,0.051523,1.131847,35.510562,23.064626,0.735151,13.071967,0.416650,6.434839,0.205101,60.976577,162.646835,163.135341,162.158329,0.977011,0.994011
left,1384,223,199,0,-1,0.709263,1130.250000,938.000000,1322.500000,384.500000,0.874095,130.900123,122.106012,139.694234,17.588223,0.934959,1.133333,1.095238,1.171429,0.076190,0.928304,0.821096,0.790567,0.851625,0.061058,1.000000,1.000000,1.000000,1.000000,0.000000,0.857143,6.500000,6.000000,7.000000,1.000000,37.338322,1.114694,1.258621,0.518711,0.242645,0.414743,13.892444,30.237424,0.902704,18.660132,0.557077,9.136761,0.272768,84.936625,84.945430,90.422320,79.468540,10.953780,0.878860
left,1385,222,212,0,-1,0.736536,894.750000,759.000000,1030.500000,271.500000,0.877730,116.337549,108.762141,123.912957,15.150816,0.936639,1.065152,1.030303,1.100000,0.069697,0.956030,0.824841,0.806299,0.843382,0.037083,0.998684,0.999342,0.998684,1.000000,0.001316,1.000000,6.000000,6.000000,6.000000,0.000000,27.856425,0.933975,1.054545,0.707602,0.102543,0.912064,27.202941,20.836665,0.698615,13.879589,0.465357,3.347435,0.112233,73.247981,137.298676,156.938480,117.658871,39.279609,0.749713
left,1386,222,209,0,-1,0.669578,860.250000,690.000000,1030.500000,340.500000,0.830315,113.399886,102.886815,123.912957,21.026142,0.926316,1.143750,1.100000,1.187500,0.087500,0.971214,0.831244,0.819105,0.843382,0.024277,1.000000,1.000000,1.000000,1.000000,0.000000,1.000000,6.000000,6.000000,6.000000,0.000000,35.665188,1.222054,1.032258,0.526121,0.299913,0.412601,12.041595,28.999330,0.993651,17.566031,0.601893,5.908706,0.202460,88.351596,107.100548,113.655062,100.546034,13.109028,0.884660
left,1387,222,191,0,-1,0.986900,1023.750000,1017.000000,1030.500000,13.500000,0.970466,122.083148,120.253339,123.912957,3.659618,0.933014,1.063158,1.026316,1.100000,0.073684,0.954307,0.863573,0.843382,0.883764,0.040382,1.000000,1.000000,1.000000,1.000000,0.000000,0.857143,6.500000,6.000000,7.000000,1.000000,38.589621,1.206079,1.500000,0.579898,0.167277,0.523912,16.763055,29.853152,0.933030,19.294414,0.603027,0.174158,0.005443,88.383925,115.512577,133.667780,97.357374,36.310406,0.728353
left,1388,221,204,0,-1,0.908409,1208.500000,1150.500000,1266.500000,116.000000,0.946917,133.479961,129.840604,137.119319,7.278715,0.933333,1.058730,1.022222,1.095238,0.073016,0.987057,0.852032,0.846482,0.857582,0.011099,1.000000,1.000000,1.000000,1.000000,0.000000,0.857143,6.500000,6.000000,7.000000,1.000000,43.686678,1.257045,1.328125,0.497195,0.335540,0.284849,9.899495,35.039817,1.008239,20.636333,0.593792,2.148333,0.061816,75.235177,101.742450,107.571259,95.913640,11.657619,0.891629
left,1389,221,196,0,-1,0.767492,1016.750000,883.000000,1150.500000,267.500000,0.907258,123.819756,117.798908,129.840604,12.041696,0.961098,1.073935,1.052632,1.095238,0.042607,0.932422,0.828605,0.799628,0.857582,0.057953,0.998304,0.999152,0.998304,1.000000,0.001696,1.000000,6.000000,6.000000,6.000000,0.000000,34.292935,1.077812,1.280702,0.615386,0.137694,0.689304,21.931712,27.324454,0.858796,17.145042,0.538861,1.803375,0.056679,85.627227,118.003304,131.147994,104.858614,26.289379,0.799544
left,1390,221,194,0,-1,0.847202,1254.250000,1150.500000,1358.000000,207.500000,0.930075,134.721469,129.840604,139.602334,9.761731,0.933333,1.058730,1.022222,1.095238,0.073016,0.979380,0.866609,0.857582,0.875637,0.018056,0.997063,0.998532,0.997063,1.000000,0.002937,0.857143,6.500000,6.000000,7.000000,1.000000,39.381524,1.112943,1.042254,0.638226,0.116404,0.666973,23.600847,28.065325,0.793141,19.586394,0.553522,2.853374,0.080638,79.649433,127.767153,146.070203,109.464104,36.606099,0.749394
left,1391,220,214,0,-1,0.846584,1074.250000,985.000000,1163.500000,178.500000,0.915661,127.014282,121.422359,132.606205,11.183846,0.787234,1.135135,1.000000,1.270270,0.270270,0.990375,0.835514,0.831474,0.839554,0.008080,1.000000,1.000000,1.000000,1.000000,0.000000,0.857143,6.500000,6.000000,7.000000,1.000000,40.151078,1.226084,1.953488,0.550442,0.228997,0.497102,16.278821,30.913019,0.943984,19.515441,0.595938,3.332009,0.101749,69.370579,119.237965,128.949764,109.526165,19.423599,0.849371
left,1392,220,207,0,-1,0.829294,1283.250000,1163.500000,1403.000000,239.500000,0.917401,138.575829,132.606205,144.545454,11.939248,0.970312,1.251414,1.232558,1.270270,0.037712,0.985349,0.837655,0.831474,0.843837,0.012363,0.997866,0.998933,0.997866,1.000000,0.002134,1.000000,7.000000,7.000000,7.000000,0.000000,47.854560,1.337340,1.714286,0.486578,0.307617,0.275236,9.848858,35.068682,0.980027,23.831577,0.665996,1.465747,0.040962,87.355611,108.124254,120.068583,96.179924,23.888659,0.801042
left,1393,220,186,0,-1,0.860577,1257.750000,1163.500000,1352.000000,188.500000,0.939600,136.868347,132.606205,141.130489,8.524283,0.860465,1.181647,1.093023,1.270270,0.177247,0.974773,0.842233,0.831474,0.852992,0.021518,1.000000,1.000000,1.000000,1.000000,0.000000,0.857143,6.500000,6.000000,7.000000,1.000000,38.399267,1.083506,1.027778,0.594165,0.231167,0.607809,21.540659,31.016061,0.875175,18.142846,0.511934,3.929303,0.110872,70.230609,117.144627,129.868482,104.420773,25.447708,0.804050
left,1394,220,183,0,-1,0.991901,1168.250000,1163.500000,1173.000000,9.500000,0.997815,132.461353,132.316501,132.606205,0.289705,0.867976,1.186417,1.102564,1.270270,0.167706,0.987572,0.836706,0.831474,0.841938,0.010464,1.000000,1.000000,1.000000,1.000000,0.000000,0.857143,6.500000,6.000000,7.000000,1.000000,35.301527,1.032824,1.407407,0.612624,0.202654,0.672916,23.000000,28.813489,0.843002,17.129888,0.501173,1.632713,0.047769,77.127484,111.674782,125.968928,97.380636,28.588292,0.773053
left,1395,219,217,0,-1,0.709036,988.250000,820.000000,1156.500000,336.500000,0.892689,121.149518,114.280649,128.018386,13.737736,0.906977,1.051282,1.000000,1.102564,0.102564,0.889749,0.837886,0.789002,0.886770,0.097767,1.000000,1.000000,1.000000,1.000000,0.000000,0.714286,6.000000,5.000000,7.000000,2.000000,33.245087,1.061414,1.720930,0.631923,0.173286,0.703118,22.022716,26.972640,0.861154,16.606773,0.530204,4.120258,0.131547,83.997578,130.244048,130.891888,129.596209,1.295679,0.990101
left,1396,219,193,0,-1,0.952381,840.500000,820.000000,861.000000,41.000000,0.983894,113.360347,112.440045,114.280649,1.840605,0.918919,1.044118,1.000000,1.088235,0.088235,0.921950,0.822400,0.789002,0.855797,0.066795,1.000000,1.000000,1.000000,1.000000,0.000000,0.714286,6.000000,5.000000,7.000000,2.000000,39.386418,1.358657,1.116667,0.505808,0.296252,0.385672,11.180340,27.097715,0.934751,18.484835,0.637645,0.619874,0.021383,73.293242,110.059549,113.016369,107.102729,5.913640,0.947674
left,1397,219,188,0,-1,0.607407,1085.000000,820.000000,1350.000000,530.000000,0.830302,125.959009,114.280649,137.637369,23.356719,0.891304,1.060976,1.000000,1.121951,0.121951,0.881064,0.842257,0.789002,0.895511,0.106509,1.000000,1.000000,1.000000,1.000000,0.000000,0.714286,6.000000,5.000000,7.000000,2.000000,31.371351,0.959692,1.232143,0.699008,0.124424,0.832174,27.202941,24.424576,0.747180,15.634647,0.478285,6.545748,0.200243,89.816453,120.586498,124.607945,116.565051,8.042894,0.935454
left,1398,218,194,0,-1,0.300810,883.250000,408.500000,1358.000000,949.500000,0.596998,111.472354,83.342374,139.602334,56.259960,0.986973,1.028968,1.022222,1.035714,0.013492,0.844007,0.807341,0.739044,0.875637,0.136594,0.997063,0.998532,0.997063,1.000000,0.002937,0.571429,5.500000,4.000000,7.000000,3.000000,30.199025,1.058456,1.051724,0.599572,0.199264,0.535005,15.264338,26.021629,0.912041,14.232650,0.498845,10.642907,0.373027,58.193513,105.963261,113.629378,98.297145,15.332233,0.865068
left,1399,218,193,0,-1,0.474448,634.750000,408.500000,861.000000,452.500000,0.741216,97.891209,83.342374,112.440045,29.097671,0.951737,1.061975,1.035714,1.088235,0.052521,0.863573,0.797421,0.739044,0.855797,0.116754,1.000000,1.000000,1.000000,1.000000,0.000000,0.571429,5.500000,4.000000,7.000000,3.000000,24.738635,0.998448,1.234043,0.616566,0.213470,0.704855,17.464249,20.241473,0.816943,12.232167,0.493689,6.642464,0.268089,58.308498,123.189247,124.770992,121.607502,3.163489,0.974646
left,1400,217,201,0,-1,0.632080,943.750000,731.000000,1156.500000,425.500000,0.860667,119.099802,110.181217,128.018386,17.837169,0.932890,1.065568,1.028571,1.102564,0.073993,0.853299,0.821725,0.756680,0.886770,0.130090,1.000000,1.000000,1.000000,1.000000,0.000000,0.714286,6.000000,5.000000,7.000000,2.000000,28.898120,0.946791,1.207547,0.685261,0.132450,0.854356,26.076810,23.694665,0.776310,14.437688,0.473023,6.311678,0.206790,85.806608,122.251831,139.108112,105.395549,33.712563,0.757652
left,1401,217,188,0,-1,0.856667,1253.250000,1156.500000,1350.000000,193.500000,0.930114,132.827877,128.018386,137.637369,9.618983,0.982720,1.112258,1.102564,1.121951,0.019387,0.990239,0.891140,0.886770,0.895511,0.008741,1.000000,1.000000,1.000000,1.000000,0.000000,1.000000,7.000000,7.000000,7.000000,0.000000,38.633419,1.092115,1.156250,0.606336,0.183922,0.533372,18.867962,29.901080,0.845264,19.307055,0.545785,1.726185,0.048797,87.941047,104.934315,105.368463,104.500167,0.868297,0.991759
left,1402,216,210,0,-1,0.512518,1027.000000,696.000000,1358.000000,662.000000,0.730332,125.410668,105.865698,144.955639,39.089941,0.989596,1.145525,1.139535,1.151515,0.011980,0.960880,0.796270,0.780384,0.812156,0.031772,1.000000,1.000000,1.000000,1.000000,0.000000,0.714286,6.000000,5.000000,7.000000,2.000000,31.751679,1.004278,1.241379,0.608969,0.194742,0.710776,22.472205,25.530514,0.807508,15.510193,0.490574,5.482509,0.173407,44.829881,122.901945,126.469234,119.334656,7.134578,0.943586
left,1403,216,195,0,-1,0.868009,1461.250000,1358.000000,1564.500000,206.500000,0.944021,149.253456,144.955639,153.551274,8.595635,0.772566,1.307267,1.139535,1.475000,0.335465,0.974004,0.822994,0.812156,0.833832,0.021676,1.000000,1.000000,1.000000,1.000000,0.000000,1.000000,7.000000,7.000000,7.000000,0.000000,49.778745,1.303026,1.142857,0.526545,0.217280,0.450355,17.204651,37.536210,0.982561,23.949949,0.626923,0.831229,0.021759,74.477078,113.643594,114.012859,113.274328,0.738530,0.993522
left,1404,216,190,0,-1,0.618189,1098.750000,839.500000,1358.000000,518.500000,0.769291,128.234330,111.513022,144.955639,33.442618,0.877551,1.069767,1.000000,1.139535,0.139535,0.957326,0.830257,0.812156,0.848358,0.036203,1.000000,1.000000,1.000000,1.000000,0.000000,0.857143,6.500000,6.000000,7.000000,1.000000,36.783719,1.117619,1.837209,0.591761,0.149716,0.614468,20.223748,29.411206,0.893616,18.212611,0.553363,7.245701,0.220150,68.174969,112.469828,114.145542,110.794115,3.351427,0.970639
left,1405,215,207,0,-1,0.993274,1407.750000,1403.000000,1412.500000,9.500000,0.994470,144.947338,144.545454,145.349222,0.803768,0.905660,1.174419,1.116279,1.232558,0.116279,0.995667,0.842009,0.840181,0.843837,0.003656,0.997866,0.998933,0.997866,1.000000,0.002134,0.714286,6.000000,5.000000,7.000000,2.000000,37.146444,0.990045,1.140625,0.737978,0.073877,0.945319,35.468296,28.639438,0.763312,18.565476,0.494816,0.350766,0.009349,85.748470,159.596611,163.237446,155.955777,7.281669,0.955392
left,1406,215,195,0,-1,0.902844,1488.500000,1412.500000,1564.500000,152.000000,0.946584,149.450248,145.349222,153.551274,8.202052,0.756799,1.295640,1.116279,1.475000,0.358721,0.992443,0.837007,0.833832,0.840181,0.006349,1.000000,1.000000,1.000000,1.000000,0.000000,0.714286,6.000000,5.000000,7.000000,2.000000,39.505195,1.024287,1.055556,0.587918,0.236648,0.604737,23.323808,30.659260,0.794930,19.742809,0.511889,1.277329,0.033118,85.852216,99.829259,102.358285,97.300232,5.058053,0.950585
left,1407,214,186,0,-1,0.728550,1168.500000,985.000000,1352.000000,367.000000,0.860355,131.276424,121.422359,141.130489,19.708129,0.914894,1.046512,1.000000,1.093023,0.093023,0.984247,0.846273,0.839554,0.852992,0.013438,1.000000,1.000000,1.000000,1.000000,0.000000,1.000000,6.000000,6.000000,6.000000,0.000000,30.831267,0.904749,1.210526,0.697134,0.100128,0.840831,28.653098,23.481974,0.689083,15.415510,0.452371,4.687972,0.137569,67.286250,106.171507,111.161260,101.181754,9.979506,0.910225
left,1408,213,202,0,-1,0.960277,1344.750000,1317.500000,1372.000000,54.500000,0.995073,140.623087,140.275815,140.970358,0.694543,0.975463,1.102584,1.088889,1.116279,0.027390,0.969810,0.854481,0.841385,0.867578,0.026192,1.000000,1.000000,1.000000,1.000000,0.000000,1.000000,6.000000,6.000000,6.000000,0.000000,36.619437,0.998650,1.305085,0.760640,0.050195,0.960699,35.227830,29.431773,0.802635,18.286488,0.498691,0.511276,0.013943,82.756250,162.963523,173.595647,152.331398,21.264250,0.877507
left,1409,213,189,0,-1,0.558673,1069.250000,766.500000,1372.000000,605.500000,0.761698,124.173596,107.376833,140.970358,33.593525,0.970845,1.073016,1.057143,1.088889,0.031746,0.962925,0.851495,0.835412,0.867578,0.032165,1.000000,1.000000,1.000000,1.000000,0.000000,0.857143,6.500000,6.000000,7.000000,1.000000,34.514061,1.066462,1.428571,0.615798,0.183306,0.609431,19.723083,26.762590,0.826947,16.033928,0.495438,8.222443,0.254068,56.809567,102.392186,112.506763,92.277609,20.229154,0.820196
left,1410,212,199,0,-1,0.809168,848.500000,759.000000,938.000000,179.000000,0.890719,115.434076,108.762141,122.106012,13.343871,0.879527,1.100866,1.030303,1.171429,0.141126,0.980488,0.798433,0.790567,0.806299,0.015732,0.998684,0.999342,0.998684,1.000000,0.001316,0.857143,6.500000,6.000000,7.000000,1.000000,35.689702,1.226941,1.541667,0.550554,0.176193,0.585436,17.029386,26.147692,0.898905,17.272229,0.593785,3.127366,0.107513,71.000578,123.392550,148.276397,98.508703,49.767694,0.664359
left,1411,212,191,0,-1,0.746313,888.000000,759.000000,1017.000000,258.000000,0.904442,114.507740,108.762141,120.253339,11.491199,0.996130,1.028309,1.026316,1.030303,0.003987,0.912346,0.845032,0.806299,0.883764,0.077465,0.998684,0.999342,0.998684,1.000000,0.001316,0.857143,6.500000,6.000000,7.000000,1.000000,37.706978,1.268732,1.250000,0.522591,0.283784,0.376187,11.180340,29.017283,0.976349,17.845963,0.600466,2.546222,0.085673,58.826461,109.472226,110.271103,108.673349,1.597754,0.985511
left,1412,212,180,0,-1,0.780062,866.000000,759.000000,973.000000,214.000000,0.907584,114.299574,108.762141,119.837007,11.074867,0.894737,1.090909,1.030303,1.151515,0.121212,0.947012,0.828857,0.806299,0.851414,0.045115,0.998684,0.999342,0.998684,1.000000,0.001316,1.000000,6.000000,6.000000,6.000000,0.000000,26.447303,0.900443,1.657895,0.786907,0.039550,1.060377,31.144823,21.762495,0.740940,13.169576,0.448380,2.600395,0.088535,84.510666,158.774443,162.597296,154.951591,7.645705,0.952978
left,1413,211,206,0,-1,0.913978,890.000000,850.000000,930.000000,80.000000,0.930693,115.790769,111.634159,119.947379,8.313220,0.942857,1.030303,1.000000,1.060606,0.060606,0.947713,0.834698,0.812290,0.857106,0.044816,1.000000,1.000000,1.000000,1.000000,0.000000,1.000000,6.000000,6.000000,6.000000,0.000000,27.214715,0.912470,1.400000,0.766278,0.061236,1.018076,30.364453,21.350476,0.715850,13.598571,0.455940,0.975530,0.032708,81.966357,160.401453,164.538782,156.264125,8.274658,0.949710
left,1414,211,202,0,-1,0.645161,1083.750000,850.000000,1317.500000,467.500000,0.795819,125.954987,111.634159,140.275815,28.641656,0.950126,1.088443,1.060606,1.116279,0.055673,0.981658,0.849246,0.841385,0.857106,0.015721,1.000000,1.000000,1.000000,1.000000,0.000000,1.000000,6.000000,6.000000,6.000000,0.000000,33.801350,1.032857,1.617021,0.625136,0.143483,0.659628,21.587033,27.015699,0.825510,16.869199,0.515467,6.249412,0.190961,76.251848,109.123467,113.735875,104.511060,9.224816,0.918893
left,1415,211,177,0,-1,0.909412,811.500000,773.000000,850.000000,77.000000,0.989767,111.062978,110.491797,111.634159,1.142362,0.948963,1.089127,1.060606,1.117647,0.057041,0.928314,0.826385,0.795663,0.857106,0.061443,1.000000,1.000000,1.000000,1.000000,0.000000,1.000000,6.000000,6.000000,6.000000,0.000000,32.445819,1.139297,1.972222,0.602961,0.146950,0.670849,19.104973,26.777605,0.940264,16.222842,0.569646,1.803007,0.063310,88.830244,119.683021,136.862621,102.503422,34.359199,0.748951
left,1416,210,199,0,-1,0.742004,817.000000,696.000000,938.000000,242.000000,0.866998,113.985855,105.865698,122.106012,16.240314,0.983001,1.161472,1.151515,1.171429,0.019913,0.987120,0.785476,0.780384,0.790567,0.010182,1.000000,1.000000,1.000000,1.000000,0.000000,0.714286,6.000000,5.000000,7.000000,2.000000,31.880857,1.118458,1.434783,0.570223,0.262240,0.670249,19.104973,24.619166,0.863700,14.452353,0.507024,0.848631,0.029772,51.601795,122.705890,128.015660,117.396119,10.619541,0.917045
left,1417,210,190,0,-1,0.829065,767.750000,696.000000,839.500000,143.500000,0.949357,108.689360,105.865698,111.513022,5.647324,0.868421,1.075758,1.000000,1.151515,0.151515,0.919876,0.814371,0.780384,0.848358,0.067974,1.000000,1.000000,1.000000,1.000000,0.000000,0.833333,5.500000,5.000000,6.000000,1.000000,32.636650,1.179156,1.166667,0.508744,0.277760,0.408762,11.313708,27.275917,0.985474,16.138586,0.583084,3.740382,0.135139,71.713502,106.944688,119.385224,94.504152,24.881072,0.791590
left,1418,210,169,0,-1,0.570726,957.750000,696.000000,1219.500000,523.500000,0.774758,121.254618,105.865698,136.643538,30.777840,0.790255,1.304329,1.151515,1.457143,0.305628,0.950813,0.800570,0.780384,0.820755,0.040370,1.000000,1.000000,1.000000,1.000000,0.000000,0.714286,6.000000,5.000000,7.000000,2.000000,36.107771,1.178007,2.105263,0.558622,0.183242,0.569767,17.464249,27.766953,0.905890,17.739981,0.578762,10.195484,0.332625,85.377881,114.800642,117.255328,112.345956,4.909373,0.958131
left,1419,209,197,0,-1,0.829826,760.750000,690.000000,831.500000,141.500000,0.920864,107.307661,102.886815,111.728507,8.841692,0.842105,1.093750,1.000000,1.187500,0.187500,0.978578,0.828070,0.819105,0.837036,0.017931,1.000000,1.000000,1.000000,1.000000,0.000000,1.000000,6.000000,6.000000,6.000000,0.000000,32.937935,1.195491,1.313725,0.496809,0.251397,0.334626,9.219544,26.413469,0.958684,16.062114,0.582979,3.611337,0.131074,61.519698,89.157658,104.036243,74.279072,29.757171,0.713973
left,1420,209,191,0,-1,0.678466,853.500000,690.000000,1017.000000,327.000000,0.855584,111.570077,102.886815,120.253339,17.366524,0.864266,1.106908,1.026316,1.187500,0.161184,0.926836,0.851435,0.819105,0.883764,0.064660,1.000000,1.000000,1.000000,1.000000,0.000000,0.857143,6.500000,6.000000,7.000000,1.000000,25.885583,0.890177,1.080000,0.815535,0.045401,1.048157,30.479501,21.515826,0.739906,12.924125,0.444447,3.801253,0.130721,78.579433,158.838816,168.690068,148.987564,19.702504,0.883203
left,1421,209,179,0,-1,0.989130,686.250000,682.500000,690.000000,7.500000,0.981252,103.869718,102.886815,104.852620,1.965805,0.965944,1.167279,1.147059,1.187500,0.040441,0.952389,0.799606,0.780107,0.819105,0.038998,1.000000,1.000000,1.000000,1.000000,0.000000,0.833333,5.500000,5.000000,6.000000,1.000000,31.765821,1.212608,1.466667,0.544310,0.251366,0.567488,14.866069,24.402380,0.931521,13.909278,0.530964,1.510536,0.057662,53.660179,121.746483,135.465809,108.027157,27.438653,0.797450
left,1422,208,200,0,-1,0.926106,1186.000000,1140.500000,1231.500000,91.000000,0.956665,130.592388,127.700089,133.484688,5.784599,0.940625,1.083140,1.050000,1.116279,0.066279,0.988231,0.873695,0.868523,0.878866,0.010343,1.000000,1.000000,1.000000,1.000000,0.000000,0.857143,6.500000,6.000000,7.000000,1.000000,42.077833,1.222056,1.791667,0.544453,0.246838,0.395024,13.601471,32.979870,0.957826,20.785333,0.603663,0.507325,0.014734,80.835925,112.997978,134.171866,91.824090,42.347777,0.684377
left,1423,208,197,0,-1,0.675193,1031.500000,831.500000,1231.500000,400.000000,0.837014,122.606597,111.728507,133.484688,21.756181,0.895833,1.058140,1.000000,1.116279,0.116279,0.963746,0.852780,0.837036,0.868523,0.031487,1.000000,1.000000,1.000000,1.000000,0.000000,0.857143,6.500000,6.000000,7.000000,1.000000,30.811529,0.963938,1.259259,0.733397,0.063984,0.894772,28.600699,23.509597,0.735497,15.280167,0.478039,5.555531,0.173805,86.382309,127.536033,144.516020,110.556045,33.959975,0.765009
left,1424,208,181,0,-1,0.699553,1046.500000,861.500000,1231.500000,370.000000,0.852461,123.637596,113.790504,133.484688,19.694184,0.942982,1.084455,1.052632,1.116279,0.063647,0.962657,0.852307,0.836090,0.868523,0.032433,1.000000,1.000000,1.000000,1.000000,0.000000,0.714286,6.000000,5.000000,7.000000,2.000000,32.397290,1.005439,1.015873,0.704358,0.100096,0.838511,27.018512,26.170888,0.812205,16.162443,0.501596,3.711107,0.115173,84.552374,136.168653,150.255119,122.082187,28.172932,0.812499
left,1425,208,167,0,-1,0.817702,1119.250000,1007.000000,1231.500000,224.500000,0.915046,127.814646,122.144605,133.484688,11.340083,0.843411,1.219904,1.116279,1.323529,0.207250,0.976583,0.858354,0.848185,0.868523,0.020338,1.000000,1.000000,1.000000,1.000000,0.000000,1.000000,7.000000,7.000000,7.000000,0.000000,43.889501,1.313546,1.770833,0.479482,0.290596,0.200766,6.708204,33.503359,1.002704,21.191954,0.634243,2.430723,0.072748,71.870237,95.855298,96.409669,95.300927,1.108743,0.988500
left,1426,207,195,0,-1,0.896772,1483.750000,1403.000000,1564.500000,161.500000,0.941350,149.048364,144.545454,153.551274,9.005820,0.835633,1.353779,1.232558,1.475000,0.242442,0.988143,0.838835,0.833832,0.843837,0.010005,0.997866,0.998933,0.997866,1.000000,0.002134,1.000000,7.000000,7.000000,7.000000,0.000000,49.502334,1.285601,1.854545,0.517786,0.264532,0.386079,14.866069,37.495164,0.973769,22.363950,0.580803,0.166274,0.004318,57.700115,108.993510,118.524697,99.462322,19.062375,0.839170
left,1427,207,183,0,-1,0.836066,1288.000000,1173.000000,1403.000000,230.000000,0.915397,138.430977,132.316501,144.545454,12.228953,0.894533,1.167561,1.102564,1.232558,0.129994,0.997749,0.842887,0.841938,0.843837,0.001900,0.997866,0.998933,0.997866,1.000000,0.002134,0.857143,6.500000,6.000000,7.000000,1.000000,41.378047,1.154107,1.349206,0.596512,0.130823,0.612350,21.954498,30.015030,0.837172,20.662692,0.576319,3.213058,0.089618,85.233544,121.903452,129.844416,113.962489,15.881927,0.877685
left,1428,207,163,0,-1,0.709841,1689.750000,1403.000000,1976.500000,573.500000,0.855220,156.780487,144.545454,169.015520,24.470066,0.890862,1.165299,1.098039,1.232558,0.134519,0.970521,0.856653,0.843837,0.869468,0.025631,0.997866,0.998933,0.997866,1.000000,0.002134,1.000000,7.000000,7.000000,7.000000,0.000000,40.593347,0.991115,1.459016,0.686145,0.091286,0.790782,32.388269,31.470950,0.768385,20.230118,0.493933,6.900268,0.168475,75.379048,109.644308,118.967661,100.320954,18.646706,0.843262
left,1429,206,192,0,-1,0.892086,986.250000,930.000000,1042.500000,112.500000,0.958463,122.546436,119.947379,125.145493,5.198114,0.953488,1.024390,1.000000,1.048780,0.048780,0.971082,0.824385,0.812290,0.836480,0.024190,1.000000,1.000000,1.000000,1.000000,0.000000,1.000000,6.000000,6.000000,6.000000,0.000000,27.083407,0.862753,1.235294,0.802455,0.034981,1.104423,34.669872,20.694873,0.659244,13.478037,0.429348,1.068116,0.034025,80.723966,161.569834,163.589215,159.550452,4.038763,0.975312
left,1430,206,177,0,-1,0.831183,851.500000,773.000000,930.000000,157.000000,0.921169,115.219588,110.491797,119.947379,9.455582,0.894737,1.058824,1.000000,1.117647,0.117647,0.979531,0.803977,0.795663,0.812290,0.016627,1.000000,1.000000,1.000000,1.000000,0.000000,1.000000,6.000000,6.000000,6.000000,0.000000,38.817687,1.331681,1.015385,0.465930,0.320904,0.276584,8.062258,30.445548,1.044466,18.439198,0.632576,2.017258,0.069204,79.549950,97.907533,101.232453,94.582613,6.649840,0.934311
left,1431,206,171,0,-1,0.886136,989.750000,930.000000,1049.500000,119.500000,0.949660,123.126522,119.947379,126.305666,6.358287,0.906977,1.051282,1.000000,1.102564,0.102564,0.982573,0.819494,0.812290,0.826698,0.014407,1.000000,1.000000,1.000000,1.000000,0.000000,1.000000,6.000000,6.000000,6.000000,0.000000,39.733633,1.263553,1.520000,0.525265,0.166961,0.455315,14.317821,29.877934,0.950136,19.470182,0.619164,2.311277,0.073500,79.897476,94.170671,97.954214,90.387128,7.567086,0.922749
left,1432,205,203,0,-1,0.663081,1198.250000,955.500000,1441.000000,485.500000,0.834057,133.078292,121.037565,145.119019,24.081454,0.978261,1.099034,1.086957,1.111111,0.024155,0.953180,0.839726,0.819597,0.859855,0.040258,1.000000,1.000000,1.000000,1.000000,0.000000,0.875000,7.500000,7.000000,8.000000,1.000000,36.985941,1.074054,1.509804,0.538769,0.230753,0.431703,14.866069,29.395989,0.853645,18.244910,0.529823,4.019659,0.116729,59.112957,100.770204,135.584631,65.955777,69.628854,0.486455
left,1433,205,200,0,-1,0.791464,1290.750000,1140.500000,1441.000000,300.500000,0.879968,136.409554,127.700089,145.119019,17.418930,0.966000,1.068478,1.050000,1.086957,0.036957,0.978368,0.869361,0.859855,0.878866,0.019011,1.000000,1.000000,1.000000,1.000000,0.000000,0.750000,7.000000,6.000000,8.000000,2.000000,41.194187,1.148561,1.641509,0.588586,0.190006,0.530484,19.026298,31.418577,0.876001,20.236212,0.564219,3.205207,0.089366,70.712898,114.721530,115.559965,113.883095,1.676870,0.985489
left,1434,205,198,0,-1,0.316794,948.750000,456.500000,1441.000000,984.500000,0.608252,116.693993,88.268967,145.119019,56.850052,0.985054,1.095202,1.086957,1.103448,0.016492,0.856267,0.798060,0.736266,0.859855,0.123589,1.000000,1.000000,1.000000,1.000000,0.000000,0.500000,6.000000,4.000000,8.000000,4.000000,27.156481,0.915494,1.035714,0.700016,0.147299,0.823010,24.413111,24.472371,0.825008,13.433143,0.452856,9.529750,0.321265,47.055885,128.531049,129.382419,127.679678,1.702741,0.986839
left,1435,205,175,0,-1,0.840042,1325.750000,1210.500000,1441.000000,230.500000,0.909215,138.531717,131.944415,145.119019,13.174605,0.940909,1.054842,1.022727,1.086957,0.064229,0.984085,0.866808,0.859855,0.873761,0.013906,1.000000,1.000000,1.000000,1.000000,0.000000,0.875000,7.500000,7.000000,8.000000,1.000000,47.326708,1.301029,1.090909,0.565882,0.125589,0.472962,17.204651,34.712004,0.954246,23.626897,0.649512,3.008314,0.082700,86.975600,123.320070,123.592014,123.048125,0.543890,0.995599
left,1436,205,164,0,-1,0.774462,1278.500000,1116.000000,1441.000000,325.000000,0.882929,136.624438,128.129857,145.119019,16.989162,0.815217,1.210145,1.086957,1.333333,0.246377,0.993455,0.857041,0.854227,0.859855,0.005628,1.000000,1.000000,1.000000,1.000000,0.000000,0.750000,7.000000,6.000000,8.000000,2.000000,42.931190,1.203109,2.043478,0.530772,0.208056,0.381169,13.601471,32.506074,0.910954,21.002951,0.588589,2.853353,0.079963,68.841337,99.908927,109.592282,90.225573,19.366709,0.823284
left,1437,204,196,0,-1,0.697197,1074.750000,883.000000,1266.500000,383.500000,0.859098,127.459113,117.798908,137.119319,19.320411,0.971111,1.037427,1.022222,1.052632,0.030409,0.944649,0.823055,0.799628,0.846482,0.046854,0.998304,0.999152,0.998304,1.000000,0.001696,0.857143,6.500000,6.000000,7.000000,1.000000,29.480709,0.902887,1.222222,0.804601,0.033264,1.097860,35.846897,22.843999,0.699628,14.723019,0.450912,4.882128,0.149522,87.464409,158.713168,159.227745,158.198591,1.029155,0.993537
left,1438,204,192,0,-1,0.823135,1154.500000,1042.500000,1266.500000,224.000000,0.912676,131.132406,125.145493,137.119319,11.973825,0.974677,1.035501,1.022222,1.048780,0.026558,0.988184,0.841481,0.836480,0.846482,0.010002,1.000000,1.000000,1.000000,1.000000,0.000000,0.857143,6.500000,6.000000,7.000000,1.000000,39.142314,1.153353,1.464286,0.520137,0.233434,0.384185,13.038405,31.495867,0.928046,19.243275,0.567015,0.479478,0.014128,88.582229,92.274141,106.828063,77.720220,29.107843,0.727526
left,1439,204,184,0,-1,0.369522,867.250000,468.000000,1266.500000,798.500000,0.668074,114.362581,91.605842,137.119319,45.513476,0.978261,1.011111,1.000000,1.022222,0.022222,0.827926,0.773653,0.700825,0.846482,0.145657,1.000000,1.000000,1.000000,1.000000,0.000000,0.571429,5.500000,4.000000,7.000000,3.000000,31.552119,1.102812,1.087719,0.618740,0.143845,0.717156,20.518285,26.771590,0.935722,15.361647,0.536921,9.156565,0.320041,72.816675,127.569707,142.305760,112.833654,29.472105,0.792896
left,1440,204,172,0,-1,0.748914,1107.500000,948.500000,1266.500000,318.000000,0.898194,130.139533,123.159748,137.119319,13.959571,0.813131,1.139683,1.022222,1.257143,0.234921,0.928307,0.816139,0.785796,0.846482,0.060686,1.000000,1.000000,1.000000,1.000000,0.000000,0.857143,6.500000,6.000000,7.000000,1.000000,41.404730,1.247400,1.702128,0.458911,0.327991,0.210889,7.000000,32.427355,0.976939,20.689494,0.623312,6.430173,0.193722,81.231996,83.164599,84.669174,81.660024,3.009151,0.964460
left,1441,203,198,0,-1,0.477760,706.000000,456.500000,955.500000,499.000000,0.729269,104.653266,88.268967,121.037565,32.768598,0.993103,1.107280,1.103448,1.111111,0.007663,0.898327,0.777931,0.736266,0.819597,0.083331,1.000000,1.000000,1.000000,1.000000,0.000000,0.571429,5.500000,4.000000,7.000000,3.000000,23.648867,0.904752,1.063830,0.778230,0.046034,1.115395,29.154759,22.278501,0.852325,11.544943,0.441683,6.859458,0.262427,65.240821,165.552305,166.442807,164.661804,1.781003,0.989300
left,1442,203,187,0,-1,0.689394,1170.750000,955.500000,1386.000000,430.500000,0.841621,132.426175,121.037565,143.814785,22.777220,0.981818,1.101010,1.090909,1.111111,0.020202,0.973272,0.830851,0.819597,0.842105,0.022508,1.000000,1.000000,1.000000,1.000000,0.000000,0.857143,6.500000,6.000000,7.000000,1.000000,31.630459,0.928394,1.326923,0.771576,0.038864,1.020985,34.785054,23.608029,0.692925,15.742426,0.462060,5.413124,0.158882,64.090303,144.194002,165.323607,123.064397,42.259209,0.744385
left,1443,203,160,0,-1,0.681283,1179.000000,955.500000,1402.500000,447.000000,0.858709,130.995230,121.037565,140.952896,19.915331,0.933333,1.150794,1.111111,1.190476,0.079365,0.923922,0.853340,0.819597,0.887084,0.067487,1.000000,1.000000,1.000000,1.000000,0.000000,0.875000,7.500000,7.000000,8.000000,1.000000,44.606026,1.305011,2.071429,0.509711,0.266539,0.305446,10.440307,33.866279,0.990805,21.493716,0.628829,3.975514,0.116309,68.432269,100.547045,111.801409,89.292681,22.508729,0.798672
left,1444,202,189,0,-1,0.581784,1042.000000,766.500000,1317.500000,551.000000,0.765469,123.826324,107.376833,140.275815,32.898982,0.947024,1.086711,1.057143,1.116279,0.059136,0.992901,0.838399,0.835412,0.841385,0.005973,1.000000,1.000000,1.000000,1.000000,0.000000,0.857143,6.500000,6.000000,7.000000,1.000000,39.330660,1.229407,1.425926,0.505315,0.325576,0.312582,10.000000,30.206987,0.944217,17.652199,0.551777,8.577655,0.268122,56.970654,95.157680,96.188616,94.126744,2.061872,0.978564
left,1445,202,178,0,-1,0.710057,1126.500000,935.500000,1317.500000,382.000000,0.889023,132.492114,124.708414,140.275815,15.567401,0.736269,1.316204,1.116279,1.516129,0.399850,0.898395,0.798641,0.755896,0.841385,0.085489,1.000000,1.000000,1.000000,1.000000,0.000000,0.833333,5.500000,5.000000,6.000000,1.000000,28.901608,0.864240,1.375000,0.714828,0.103418,0.986340,32.984845,23.595774,0.705580,14.258999,0.426384,4.658701,0.139308,72.321308,117.549374,128.453709,106.645038,21.808671,0.830222
left,1446,202,177,0,-1,0.586717,1045.250000,773.000000,1317.500000,544.500000,0.787675,125.383806,110.491797,140.275815,29.784018,0.998776,1.116963,1.116279,1.117647,0.001368,0.945659,0.818524,0.795663,0.841385,0.045722,1.000000,1.000000,1.000000,1.000000,0.000000,1.000000,6.000000,6.000000,6.000000,0.000000,36.709827,1.145388,1.104478,0.550153,0.246353,0.503103,16.124515,29.179472,0.910432,18.177603,0.567162,8.437912,0.263272,85.388797,117.619578,125.837653,109.401504,16.436149,0.869386
left,1447,201,188,0,-1,0.541481,1040.500000,731.000000,1350.000000,619.000000,0.800518,123.909293,110.181217,137.637369,27.456152,0.916770,1.075261,1.028571,1.121951,0.093380,0.844970,0.826095,0.756680,0.895511,0.138831,1.000000,1.000000,1.000000,1.000000,0.000000,0.714286,6.000000,5.000000,7.000000,2.000000,38.878324,1.219151,1.733333,0.537291,0.219125,0.426516,13.601471,31.778955,0.996528,19.373856,0.607527,8.691667,0.272554,88.305807,113.280468,115.523425,111.037511,4.485913,0.961169
left,1448,201,187,0,-1,0.527417,1058.500000,731.000000,1386.000000,655.000000,0.766133,126.998001,110.181217,143.814785,33.633568,0.942857,1.059740,1.028571,1.090909,0.062338,0.898558,0.799392,0.756680,0.842105,0.085425,1.000000,1.000000,1.000000,1.000000,0.000000,0.833333,5.500000,5.000000,6.000000,1.000000,27.230474,0.847430,1.375000,0.816928,0.043222,1.144292,36.769553,23.422404,0.728920,13.464582,0.419026,6.615096,0.205866,85.382470,159.987713,164.025725,155.949701,8.076024,0.950764
left,1449,201,174,0,-1,0.618705,956.250000,731.000000,1181.500000,450.500000,0.844912,120.293385,110.181217,130.405552,20.224335,0.914286,1.076786,1.028571,1.125000,0.096429,0.866684,0.814877,0.756680,0.873075,0.116395,1.000000,1.000000,1.000000,1.000000,0.000000,0.714286,6.000000,5.000000,7.000000,2.000000,33.152317,1.079705,1.340000,0.593735,0.196601,0.641515,19.697716,27.217841,0.886431,16.454975,0.535906,4.763969,0.155153,88.369014,116.764962,117.897271,115.632652,2.264619,0.980792
left,1450,200,181,0,-1,0.755370,1001.000000,861.500000,1140.500000,279.000000,0.891076,120.745296,113.790504,127.700089,13.909585,0.997500,1.051316,1.050000,1.052632,0.002632,0.951328,0.857478,0.836090,0.878866,0.042776,1.000000,1.000000,1.000000,1.000000,0.000000,0.833333,5.500000,5.000000,6.000000,1.000000,30.794605,0.975708,1.125000,0.748340,0.087912,0.921029,29.068884,25.867783,0.819604,15.395457,0.487795,3.472215,0.110015,84.228689,151.771424,157.449125,146.093723,11.355402,0.927879
left,1451,200,175,0,-1,0.942173,1175.500000,1140.500000,1210.500000,70.000000,0.967832,129.822252,127.700089,131.944415,4.244326,0.974026,1.036364,1.022727,1.050000,0.027273,0.994191,0.876314,0.873761,0.878866,0.005105,1.000000,1.000000,1.000000,1.000000,0.000000,0.857143,6.500000,6.000000,7.000000,1.000000,33.330262,0.972245,1.290909,0.679356,0.149298,0.745407,25.553865,26.661132,0.777706,16.363796,0.477332,0.564341,0.016462,70.275505,112.419954,122.524890,102.315018,20.209872,0.835055
left,1452,199,185,0,-1,0.558635,731.000000,524.000000,938.000000,414.000000,0.778029,108.554030,95.002049,122.106012,27.103962,0.816450,1.303106,1.171429,1.434783,0.263354,0.922862,0.760075,0.729584,0.790567,0.060983,1.000000,1.000000,1.000000,1.000000,0.000000,0.714286,6.000000,5.000000,7.000000,2.000000,20.788281,0.776873,1.170732,0.837119,0.017784,1.288613,34.481879,18.389320,0.687222,10.226399,0.382168,4.933366,0.184363,46.008978,170.585861,175.207966,165.963757,9.244209,0.947239
left,1453,199,180,0,-1,0.964029,955.500000,938.000000,973.000000,35.000000,0.981418,120.971509,119.837007,122.106012,2.269004,0.983001,1.161472,1.151515,1.171429,0.019913,0.928534,0.820990,0.790567,0.851414,0.060847,1.000000,1.000000,1.000000,1.000000,0.000000,0.857143,6.500000,6.000000,7.000000,1.000000,37.169429,1.202510,1.540000,0.472463,0.310570,0.266782,8.246211,29.345818,0.949400,18.414253,0.595740,0.615308,0.019907,83.832353,86.017801,98.894001,73.141601,25.752400,0.739596
left,1454,199,169,0,-1,0.769168,1078.750000,938.000000,1219.500000,281.500000,0.893610,129.374775,122.106012,136.643538,14.537526,0.803922,1.314286,1.171429,1.457143,0.285714,0.963219,0.805661,0.790567,0.820755,0.030188,1.000000,1.000000,1.000000,1.000000,0.000000,1.000000,7.000000,7.000000,7.000000,0.000000,41.344578,1.261503,1.045455,0.512006,0.238702,0.436864,14.317821,31.190370,0.951678,20.019543,0.610835,0.262970,0.008024,71.886891,103.256838,119.638384,86.875292,32.763091,0.726149
left,1455,198,164,0,-1,0.409050,786.250000,456.500000,1116.000000,659.500000,0.688902,108.199412,88.268967,128.129857,39.860890,0.827586,1.218391,1.103448,1.333333,0.229885,0.861909,0.795246,0.736266,0.854227,0.117961,1.000000,1.000000,1.000000,1.000000,0.000000,0.666667,5.000000,4.000000,6.000000,2.000000,28.949103,1.057068,1.416667,0.646859,0.148490,0.759822,20.808652,25.403922,0.927617,14.468625,0.528318,10.530214,0.384508,75.255093,138.709837,142.094749,135.324925,6.769824,0.952357
left,1456,198,160,0,-1,0.325490,929.500000,456.500000,1402.500000,946.000000,0.626230,114.610931,88.268967,140.952896,52.683929,0.926897,1.146962,1.103448,1.190476,0.087028,0.829984,0.811675,0.736266,0.887084,0.150818,1.000000,1.000000,1.000000,1.000000,0.000000,0.500000,6.000000,4.000000,8.000000,4.000000,33.058243,1.124127,1.384615,0.575719,0.223776,0.472405,13.892444,28.641470,0.973938,16.527813,0.562019,11.709758,0.398184,78.444408,107.206809,110.149105,104.264512,5.884593,0.946576
left,1457,197,179,0,-1,0.820806,757.000000,682.500000,831.500000,149.000000,0.938459,108.290563,104.852620,111.728507,6.875887,0.871795,1.073529,1.000000,1.147059,0.147059,0.931987,0.808571,0.780107,0.837036,0.056929,1.000000,1.000000,1.000000,1.000000,0.000000,0.833333,5.500000,5.000000,6.000000,1.000000,25.479413,0.927191,1.076923,0.743394,0.055152,1.029902,28.301943,19.602908,0.713346,12.648147,0.460264,0.806947,0.029365,73.445173,150.921229,151.587339,150.255119,1.332220,0.991212
left,1458,197,170,0,-1,0.811185,753.000000,674.500000,831.500000,157.000000,0.928727,107.746892,103.765277,111.728507,7.963230,0.967742,1.016667,1.000000,1.033333,0.033333,0.940467,0.812120,0.787205,0.837036,0.049831,1.000000,1.000000,1.000000,1.000000,0.000000,1.000000,6.000000,6.000000,6.000000,0.000000,35.645021,1.300750,1.534884,0.476122,0.390106,0.294206,8.062258,29.542959,1.078075,17.522294,0.639419,3.262803,0.119065,75.926037,111.298562,129.064829,93.532295,35.532534,0.724692
left,1459,197,167,0,-1,0.825720,919.250000,831.500000,1007.000000,175.500000,0.914723,116.936556,111.728507,122.144605,10.416098,0.755556,1.161765,1.000000,1.323529,0.323529,0.986855,0.842611,0.837036,0.848185,0.011149,1.000000,1.000000,1.000000,1.000000,0.000000,0.857143,6.500000,6.000000,7.000000,1.000000,34.793045,1.148873,1.192982,0.603470,0.142507,0.630850,19.104973,26.996854,0.891441,17.248664,0.569554,1.943013,0.064159,75.630094,119.861672,153.034286,86.689058,66.345227,0.566468
left,1460,196,194,0,-1,0.650221,1120.500000,883.000000,1358.000000,475.000000,0.843818,128.700621,117.798908,139.602334,21.803426,0.971111,1.037427,1.022222,1.052632,0.030409,0.913196,0.837633,0.799628,0.875637,0.076009,0.998757,0.997684,0.997063,0.998304,0.001241,0.857143,6.500000,6.000000,7.000000,1.000000,40.232105,1.208782,1.782609,0.517315,0.280232,0.361792,12.041595,32.199041,0.967427,19.927074,0.598713,7.696240,0.231235,78.599480,105.054737,119.387903,90.721571,28.666332,0.759889
left,1461,196,176,0,-1,0.943376,909.500000,883.000000,936.000000,53.000000,0.996095,118.029825,117.798908,118.260741,0.461833,0.975610,1.065789,1.052632,1.078947,0.026316,0.950788,0.820322,0.799628,0.841017,0.041388,0.998304,0.999152,0.998304,1.000000,0.001696,0.833333,5.500000,5.000000,6.000000,1.000000,30.645046,1.016260,1.067797,0.649187,0.171248,0.802774,24.207437,23.183865,0.768830,15.202024,0.504134,2.386026,0.079126,73.625668,134.846804,146.888658,122.804950,24.083708,0.836041
left,1462,196,172,0,-1,0.930944,915.750000,883.000000,948.500000,65.500000,0.956472,120.479328,117.798908,123.159748,5.360840,0.837321,1.154887,1.052632,1.257143,0.204511,0.982701,0.792712,0.785796,0.799628,0.013832,0.998304,0.999152,0.998304,1.000000,0.001696,1.000000,6.000000,6.000000,6.000000,0.000000,40.409285,1.335556,1.015152,0.528676,0.202020,0.533951,16.155494,27.954445,0.923915,18.375269,0.607316,1.554102,0.051364,65.893542,111.426259,120.141386,102.711133,17.430253,0.854919
left,1463,196,162,0,-1,0.977916,873.250000,863.500000,883.000000,19.500000,0.976792,116.431943,115.064978,117.798908,2.733930,1.000000,1.052632,1.052632,1.052632,0.000000,0.975668,0.809599,0.799628,0.819570,0.019942,0.998304,0.999152,0.998304,1.000000,0.001696,1.000000,6.000000,6.000000,6.000000,0.000000,38.180176,1.292038,1.704545,0.463374,0.303464,0.257722,7.615773,30.294861,1.025195,18.508573,0.626340,0.865515,0.029289,81.217003,91.955728,108.019769,75.891686,32.128083,0.702572
left,1464,195,190,0,-1,0.536593,1202.000000,839.500000,1564.500000,725.000000,0.726227,132.532148,111.513022,153.551274,42.038252,0.677966,1.237500,1.000000,1.475000,0.475000,0.982877,0.841095,0.833832,0.848358,0.014526,1.000000,1.000000,1.000000,1.000000,0.000000,0.857143,6.500000,6.000000,7.000000,1.000000,39.705966,1.158827,2.071429,0.592666,0.144135,0.573398,19.646883,30.835694,0.899946,19.730290,0.575832,11.692245,0.341240,77.400124,106.775400,135.931557,77.619243,58.312314,0.571017
left,1465,195,173,0,-1,0.669863,1306.250000,1048.000000,1564.500000,516.500000,0.842025,141.422647,129.294021,153.551274,24.257253,0.817547,1.340441,1.205882,1.475000,0.269118,0.944791,0.810814,0.787797,0.833832,0.046035,1.000000,1.000000,1.000000,1.000000,0.000000,0.857143,6.500000,6.000000,7.000000,1.000000,29.131995,0.810048,1.101695,0.829903,0.052057,1.167195,41.976184,25.030148,0.695992,14.542393,0.404368,4.075661,0.113328,74.468322,160.327673,165.256437,155.398909,9.857528,0.940350
left,1466,195,163,0,-1,0.791551,1770.500000,1564.500000,1976.500000,412.000000,0.908504,161.283397,153.551274,169.015520,15.464246,0.744433,1.286520,1.098039,1.475000,0.376961,0.959014,0.851650,0.833832,0.869468,0.035636,1.000000,1.000000,1.000000,1.000000,0.000000,1.000000,7.000000,7.000000,7.000000,0.000000,47.918077,1.140749,1.310811,0.568525,0.222536,0.509476,21.400935,36.890914,0.878234,23.952794,0.570226,0.670382,0.015959,86.482834,115.365420,141.154348,89.576491,51.577857,0.634600
left,1467,194,193,0,-1,0.634021,1109.500000,861.000000,1358.000000,497.000000,0.805431,126.021189,112.440045,139.602334,27.162290,0.939339,1.055229,1.022222,1.088235,0.066013,0.977342,0.865717,0.855797,0.875637,0.019840,0.997063,0.998532,0.997063,1.000000,0.002937,1.000000,7.000000,7.000000,7.000000,0.000000,36.732675,1.109852,1.717391,0.620186,0.175755,0.604286,20.000000,28.130041,0.849929,18.339542,0.554116,7.055731,0.213184,85.417215,118.599504,124.763120,112.435888,12.327232,0.901195
left,1468,194,176,0,-1,0.689249,1147.000000,936.000000,1358.000000,422.000000,0.847126,128.931538,118.260741,139.602334,21.341593,0.947425,1.050585,1.022222,1.078947,0.056725,0.960462,0.858327,0.841017,0.875637,0.034621,0.997063,0.998532,0.997063,1.000000,0.002937,0.714286,6.000000,5.000000,7.000000,2.000000,30.544230,0.905750,1.066667,0.779890,0.089582,0.972714,32.802439,26.426383,0.783640,15.272075,0.452874,4.273264,0.126718,82.610049,146.643312,146.813145,146.473478,0.339666,0.997686
left,1469,194,166,0,-1,0.937845,1403.000000,1358.000000,1448.000000,90.000000,0.939251,144.116952,139.602334,148.631569,9.029235,0.805983,1.145257,1.022222,1.268293,0.246070,0.940659,0.849657,0.823676,0.875637,0.051962,0.998120,0.996126,0.995189,0.997063,0.001874,1.000000,7.000000,7.000000,7.000000,0.000000,40.213492,1.073739,1.132353,0.586044,0.208125,0.573294,21.470911,30.594035,0.816890,20.106163,0.536854,0.556334,0.014855,84.449449,114.159780,129.805571,98.513988,31.291583,0.758935
left,1470,193,188,0,-1,0.637778,1105.500000,861.000000,1350.000000,489.000000,0.816930,125.038707,112.440045,137.637369,25.197324,0.969949,1.105093,1.088235,1.121951,0.033716,0.955653,0.875654,0.855797,0.895511,0.039713,1.000000,1.000000,1.000000,1.000000,0.000000,1.000000,7.000000,7.000000,7.000000,0.000000,40.566605,1.227707,1.951220,0.515861,0.223881,0.272376,9.000000,30.720239,0.929717,20.402418,0.617459,6.118498,0.185170,85.818309,100.657663,136.332220,64.983107,71.349113,0.476653
left,1471,193,182,0,-1,0.522648,655.500000,450.000000,861.000000,411.000000,0.789213,100.589571,88.739097,112.440045,23.700948,0.918919,1.044118,1.000000,1.088235,0.088235,0.839115,0.786955,0.718112,0.855797,0.137685,1.000000,1.000000,1.000000,1.000000,0.000000,0.571429,5.500000,4.000000,7.000000,3.000000,20.767583,0.821567,1.071429,0.853242,0.027460,1.230821,31.112698,18.500913,0.731898,10.319625,0.408245,5.289547,0.209255,59.124657,168.119348,176.221802,160.016893,16.204909,0.908043
left,1472,193,166,0,-1,0.594613,1154.500000,861.000000,1448.000000,587.000000,0.756502,130.535807,112.440045,148.631569,36.191525,0.858032,1.178264,1.088235,1.268293,0.180057,0.962466,0.839737,0.823676,0.855797,0.032122,0.995189,0.997595,0.995189,1.000000,0.004811,1.000000,7.000000,7.000000,7.000000,0.000000,38.349110,1.138034,1.079365,0.549311,0.206799,0.463548,15.620499,30.490550,0.904826,18.793815,0.557718,5.351727,0.158816,87.294818,99.392957,117.758541,81.027373,36.731167,0.688081
left,1473,192,184,0,-1,0.448921,755.250000,468.000000,1042.500000,574.500000,0.731995,108.375668,91.605842,125.145493,33.539651,0.953488,1.024390,1.000000,1.048780,0.048780,0.837826,0.768652,0.700825,0.836480,0.135655,1.000000,1.000000,1.000000,1.000000,0.000000,0.666667,5.000000,4.000000,6.000000,2.000000,22.066015,0.818456,1.212766,0.805529,0.033433,1.172928,31.622777,19.741014,0.732219,11.018620,0.408694,7.274893,0.269835,46.977388,167.435955,169.446126,165.425784,4.020342,0.976274
left,1474,192,171,0,-1,0.993330,1046.000000,1042.500000,1049.500000,7.000000,0.990815,125.725580,125.145493,126.305666,1.160173,0.951220,1.075672,1.048780,1.102564,0.053784,0.988305,0.831589,0.826698,0.836480,0.009782,1.000000,1.000000,1.000000,1.000000,0.000000,1.000000,6.000000,6.000000,6.000000,0.000000,42.169241,1.303859,1.121212,0.496130,0.248327,0.328681,10.630146,33.063989,1.022327,20.726631,0.640860,0.127018,0.003927,87.638165,96.419642,98.456570,94.382714,4.073856,0.958623
left,1475,192,161,0,-1,0.945150,1072.750000,1042.500000,1103.000000,60.500000,0.996868,125.342105,125.145493,125.538716,0.393223,0.977937,1.037211,1.025641,1.048780,0.023139,0.951098,0.857984,0.836480,0.879488,0.043008,1.000000,1.000000,1.000000,1.000000,0.000000,0.857143,6.500000,6.000000,7.000000,1.000000,37.012270,1.130159,1.652174,0.581937,0.191331,0.541077,17.720045,28.366660,0.866168,18.260954,0.557593,0.066617,0.002034,82.354137,98.341137,110.413670,86.268603,24.145067,0.781322
left,1476,191,180,0,-1,0.956735,995.000000,973.000000,1017.000000,44.000000,0.996538,120.045173,119.837007,120.253339,0.416332,0.891274,1.088915,1.026316,1.151515,0.125199,0.963395,0.867589,0.851414,0.883764,0.032350,1.000000,1.000000,1.000000,1.000000,0.000000,0.857143,6.500000,6.000000,7.000000,1.000000,33.919094,1.075373,1.543478,0.620226,0.162814,0.622886,19.646883,25.826109,0.818793,16.955304,0.537552,1.174510,0.037237,84.813991,113.765782,132.754257,94.777306,37.976951,0.713930
left,1477,191,179,0,-1,0.671091,849.750000,682.500000,1017.000000,334.500000,0.871931,112.552980,104.852620,120.253339,15.400719,0.894737,1.086687,1.026316,1.147059,0.120743,0.882709,0.831936,0.780107,0.883764,0.103658,1.000000,1.000000,1.000000,1.000000,0.000000,0.714286,6.000000,5.000000,7.000000,2.000000,30.974789,1.067817,1.235294,0.590846,0.195057,0.603045,17.492856,25.556699,0.881036,15.343657,0.528954,6.661653,0.229652,86.637378,106.759567,130.236358,83.282776,46.953582,0.639474
left,1478,191,156,0,-1,0.866765,949.250000,881.500000,1017.000000,135.500000,0.978157,118.939969,117.626598,120.253339,2.626741,0.708647,1.237296,1.026316,1.448276,0.421960,0.905909,0.842187,0.800610,0.883764,0.083154,1.000000,1.000000,1.000000,1.000000,0.000000,1.000000,7.000000,7.000000,7.000000,0.000000,39.562610,1.284907,1.739130,0.521937,0.222281,0.391085,12.041595,30.435286,0.988471,19.362491,0.628851,0.157131,0.005103,80.483512,106.235596,108.434949,104.036243,4.398705,0.959435
left,1479,191,151,0,-1,0.739636,1196.000000,1017.000000,1375.000000,358.000000,0.832520,132.349190,120.253339,144.445040,24.191701,0.643963,1.310033,1.026316,1.593750,0.567434,0.937067,0.855956,0.828147,0.883764,0.055618,1.000000,1.000000,1.000000,1.000000,0.000000,0.857143,6.500000,6.000000,7.000000,1.000000,42.945142,1.245302,1.622642,0.524472,0.248328,0.366793,12.649111,32.194413,0.933558,21.432415,0.621487,7.298732,0.211645,88.709678,99.415436,104.067231,94.763642,9.303589,0.910600
left,1480,190,173,0,-1,0.801050,943.750000,839.500000,1048.000000,208.500000,0.862476,120.403521,111.513022,129.294021,17.780999,0.829268,1.102941,1.000000,1.205882,0.205882,0.928613,0.818078,0.787797,0.848358,0.060562,1.000000,1.000000,1.000000,1.000000,0.000000,1.000000,6.000000,6.000000,6.000000,0.000000,41.593357,1.356004,1.321429,0.477792,0.341722,0.293413,9.000000,31.187673,1.016764,18.723521,0.610414,3.417572,0.111418,51.115572,105.157782,117.124320,93.191245,23.933075,0.795661
left,1481,190,169,0,-1,0.688397,1029.500000,839.500000,1219.500000,380.000000,0.816087,124.078280,111.513022,136.643538,25.130516,0.686275,1.228571,1.000000,1.457143,0.457143,0.967462,0.834557,0.820755,0.848358,0.027604,1.000000,1.000000,1.000000,1.000000,0.000000,0.857143,6.500000,6.000000,7.000000,1.000000,29.745149,0.931057,1.016949,0.675876,0.163915,0.821617,26.248809,24.850255,0.777841,14.272715,0.446752,3.239143,0.101389,63.639789,123.892091,148.240520,99.543662,48.696858,0.671501
left,1482,190,168,0,-1,0.842168,773.250000,707.000000,839.500000,132.500000,0.920985,107.107411,102.701801,111.513022,8.811220,0.966667,1.017241,1.000000,1.034483,0.034483,0.992873,0.845335,0.842312,0.848358,0.006046,1.000000,1.000000,1.000000,1.000000,0.000000,0.833333,5.500000,5.000000,6.000000,1.000000,28.593047,1.029201,1.666667,0.722072,0.084384,0.902745,25.079872,24.276229,0.873818,14.278900,0.513966,2.351272,0.084634,80.802238,164.760211,172.234834,157.285588,14.949246,0.913204
left,1483,189,178,0,-1,0.819348,851.000000,766.500000,935.500000,169.000000,0.861023,116.042623,107.376833,124.708414,17.331580,0.697264,1.286636,1.057143,1.516129,0.458986,0.904818,0.795654,0.755896,0.835412,0.079516,1.000000,1.000000,1.000000,1.000000,0.000000,0.714286,6.000000,5.000000,7.000000,2.000000,36.792483,1.262791,1.638298,0.582682,0.106345,0.694967,20.248457,25.988583,0.891980,18.384600,0.630996,4.211208,0.144537,87.861351,155.762670,157.166346,154.358994,2.807352,0.982138
left,1484,189,154,0,-1,0.812401,855.000000,766.500000,943.500000,177.000000,0.873261,115.168805,107.376833,122.960777,15.583944,0.880952,1.128571,1.057143,1.200000,0.142857,0.938680,0.809799,0.784185,0.835412,0.051227,1.000000,1.000000,1.000000,1.000000,0.000000,0.714286,6.000000,5.000000,7.000000,2.000000,40.266289,1.378931,1.400000,0.450764,0.347661,0.205472,6.000000,28.362732,0.971290,18.998696,0.650616,3.381189,0.115790,64.644956,100.882159,106.348172,95.416146,10.932025,0.897205
left,1485,188,182,0,-1,0.333333,900.000000,450.000000,1350.000000,900.000000,0.644731,113.188233,88.739097,137.637369,48.898272,0.891304,1.060976,1.000000,1.121951,0.121951,0.801902,0.806812,0.718112,0.895511,0.177399,1.000000,1.000000,1.000000,1.000000,0.000000,0.571429,5.500000,4.000000,7.000000,3.000000,30.823723,1.063702,1.446809,0.701576,0.110000,0.807840,23.409400,27.431014,0.946623,15.305596,0.528184,11.730236,0.404801,85.782957,143.227876,151.455753,135.000000,16.455753,0.891349
left,1486,188,174,0,-1,0.875185,1265.750000,1181.500000,1350.000000,168.500000,0.947457,134.021461,130.405552,137.637369,7.231817,0.997290,1.123476,1.121951,1.125000,0.003049,0.974946,0.884293,0.873075,0.895511,0.022436,1.000000,1.000000,1.000000,1.000000,0.000000,1.000000,7.000000,7.000000,7.000000,0.000000,36.657457,1.030930,1.158730,0.674750,0.114162,0.715903,25.455844,27.150592,0.763565,18.246188,0.513144,1.801961,0.050677,75.799583,121.015465,131.065218,110.965712,20.099506,0.846645
left,1487,188,157,0,-1,0.890370,1276.000000,1202.000000,1350.000000,148.000000,0.960264,134.902764,132.168158,137.637369,5.469211,0.934783,1.085366,1.048780,1.121951,0.073171,0.965583,0.880101,0.864690,0.895511,0.030821,1.000000,1.000000,1.000000,1.000000,0.000000,1.000000,7.000000,7.000000,7.000000,0.000000,38.731665,1.084735,1.379310,0.608309,0.163205,0.562922,20.099751,29.606312,0.829167,18.767131,0.525600,2.135015,0.059794,74.418346,106.297714,119.744881,92.850548,26.894334,0.775403
left,1488,187,174,0,-1,0.852453,1283.750000,1181.500000,1386.000000,204.500000,0.906760,137.110168,130.405552,143.814785,13.409233,0.969697,1.107955,1.090909,1.125000,0.034091,0.964527,0.857590,0.842105,0.873075,0.030970,1.000000,1.000000,1.000000,1.000000,0.000000,0.857143,6.500000,6.000000,7.000000,1.000000,44.054214,1.230531,1.142857,0.527504,0.195131,0.375789,13.453624,33.066611,0.923623,21.856946,0.610512,4.725078,0.131982,86.444113,98.734327,109.051009,88.417646,20.633363,0.810792
left,1489,187,165,0,-1,0.467893,1017.250000,648.500000,1386.000000,737.500000,0.696260,121.973622,100.132458,143.814785,43.682327,0.925620,1.134740,1.090909,1.178571,0.087662,0.965171,0.827440,0.812775,0.842105,0.029330,1.000000,1.000000,1.000000,1.000000,0.000000,0.833333,5.500000,5.000000,6.000000,1.000000,33.712014,1.075435,1.750000,0.644134,0.114770,0.713320,22.360680,25.941811,0.827560,16.389189,0.522825,9.169934,0.292527,74.516750,124.599069,129.266625,119.931512,9.335113,0.927784
left,1490,187,160,0,-1,0.988235,1394.250000,1386.000000,1402.500000,16.500000,0.980100,142.383840,140.952896,143.814785,2.861889,0.916364,1.140693,1.090909,1.190476,0.099567,0.949295,0.864594,0.842105,0.887084,0.044979,1.000000,1.000000,1.000000,1.000000,0.000000,0.750000,7.000000,6.000000,8.000000,2.000000,43.061913,1.153254,1.136986,0.557495,0.231307,0.456069,17.029386,32.037012,0.857993,21.514874,0.576196,2.007531,0.053764,84.225270,107.567097,125.134193,90.000000,35.134193,0.719228
left,1491,186,183,0,-1,0.867604,1262.500000,1173.000000,1352.000000,179.000000,0.937547,136.723495,132.316501,141.130489,8.813988,0.991347,1.097794,1.093023,1.102564,0.009541,0.987041,0.847465,0.841938,0.852992,0.011054,1.000000,1.000000,1.000000,1.000000,0.000000,1.000000,6.000000,6.000000,6.000000,0.000000,34.058949,0.959155,1.723404,0.784054,0.047129,1.017722,36.138622,28.871664,0.813073,16.948827,0.477306,2.330809,0.065639,80.048748,162.112245,166.025899,158.198591,7.827309,0.952855
left,1492,185,180,0,-1,0.538541,748.500000,524.000000,973.000000,449.000000,0.792761,107.419528,95.002049,119.837007,24.834958,0.802571,1.293149,1.151515,1.434783,0.283267,0.856908,0.790499,0.729584,0.851414,0.121830,1.000000,1.000000,1.000000,1.000000,0.000000,0.833333,5.500000,5.000000,6.000000,1.000000,31.852859,1.177903,2.151515,0.601555,0.127589,0.702611,19.000000,24.624300,0.910595,15.713816,0.581089,6.201403,0.229325,81.036062,131.238293,141.581945,120.894642,20.687302,0.853885
left,1493,185,169,0,-1,0.429684,871.750000,524.000000,1219.500000,695.500000,0.695255,115.822794,95.002049,136.643538,41.641488,0.984655,1.445963,1.434783,1.457143,0.022360,0.888918,0.775169,0.729584,0.820755,0.091171,1.000000,1.000000,1.000000,1.000000,0.000000,0.714286,6.000000,5.000000,7.000000,2.000000,34.760887,1.202541,1.254902,0.505265,0.323200,0.404920,11.704700,28.201434,0.975619,17.078276,0.590817,7.226734,0.250006,89.196667,111.292818,124.668895,97.916742,26.752153,0.785414
left,1494,185,155,0,-1,0.516002,769.750000,524.000000,1015.500000,491.500000,0.755028,110.413988,95.002049,125.825926,30.823876,0.961338,1.407046,1.379310,1.434783,0.055472,0.905161,0.767805,0.729584,0.806027,0.076443,1.000000,1.000000,1.000000,1.000000,0.000000,1.000000,5.000000,5.000000,5.000000,0.000000,32.445861,1.185065,1.156863,0.496379,0.313738,0.427507,11.704700,26.771677,0.977819,15.719582,0.574148,10.113330,0.369383,81.673733,104.837117,108.434949,101.239284,7.195665,0.933641
left,1495,185,153,0,-1,0.402612,912.750000,524.000000,1301.500000,777.500000,0.690999,116.243583,95.002049,137.485116,42.483067,0.730968,1.241782,1.048780,1.434783,0.386002,0.843204,0.797418,0.729584,0.865252,0.135668,1.000000,1.000000,1.000000,1.000000,0.000000,0.833333,5.500000,5.000000,6.000000,1.000000,32.999946,1.119262,1.306122,0.595529,0.194193,0.614264,18.110770,28.257512,0.958412,15.924969,0.540128,12.993122,0.440689,67.476872,112.045910,119.007807,105.084014,13.923793,0.883001
left,1496,184,172,0,-1,0.493411,708.250000,468.000000,948.500000,480.500000,0.743797,107.382795,91.605842,123.159748,31.553906,0.795455,1.128571,1.000000,1.257143,0.257143,0.891866,0.743310,0.700825,0.785796,0.084971,1.000000,1.000000,1.000000,1.000000,0.000000,0.666667,5.000000,4.000000,6.000000,2.000000,20.804065,0.793578,1.080000,0.702683,0.119308,1.060550,27.802878,17.372841,0.662693,10.346756,0.394681,5.623165,0.214498,22.212114,129.037220,133.025066,125.049373,7.975693,0.940044
left,1497,184,161,0,-1,0.424297,785.500000,468.000000,1103.000000,635.000000,0.729702,108.572279,91.605842,125.538716,33.932873,0.975000,1.012821,1.000000,1.025641,0.025641,0.796855,0.790156,0.700825,0.879488,0.178664,1.000000,1.000000,1.000000,1.000000,0.000000,0.571429,5.500000,4.000000,7.000000,3.000000,34.261370,1.249395,1.016667,0.525515,0.294080,0.425270,11.661904,27.764939,1.012492,16.762824,0.611283,7.781516,0.283765,85.124438,115.957118,123.608624,108.305613,15.303010,0.876198
left,1498,183,163,0,-1,0.593473,1574.750000,1173.000000,1976.500000,803.500000,0.782866,150.666010,132.316501,169.015520,36.699019,0.995896,1.100302,1.098039,1.102564,0.004525,0.968337,0.855703,0.841938,0.869468,0.027530,1.000000,1.000000,1.000000,1.000000,0.000000,0.857143,6.500000,6.000000,7.000000,1.000000,50.664266,1.287416,1.430769,0.512078,0.304652,0.296337,11.661904,40.879299,1.038772,25.142709,0.638894,12.129062,0.308208,85.895898,106.362235,111.187924,101.536546,9.651378,0.913198
left,1499,183,159,0,-1,0.872119,1259.000000,1173.000000,1345.000000,172.000000,0.904477,139.303529,132.316501,146.290557,13.974057,0.945055,1.134615,1.102564,1.166667,0.064103,0.938036,0.815853,0.789768,0.841938,0.052169,1.000000,1.000000,1.000000,1.000000,0.000000,0.833333,5.500000,5.000000,6.000000,1.000000,36.119438,1.018549,1.183333,0.636899,0.146545,0.785546,27.856777,29.408770,0.829312,18.058929,0.509252,3.759153,0.106006,88.975187,117.287698,118.113209,116.462186,1.651023,0.986022
left,1500,182,166,0,-1,0.310773,949.000000,450.000000,1448.000000,998.000000,0.597041,118.685333,88.739097,148.631569,59.892473,0.788462,1.134146,1.000000,1.268293,0.268293,0.871839,0.770894,0.718112,0.823676,0.105563,0.995189,0.997595,0.995189,1.000000,0.004811,0.571429,5.500000,4.000000,7.000000,3.000000,35.769633,1.207092,1.339623,0.539975,0.210485,0.458999,13.601471,29.611786,0.999288,16.509256,0.557126,11.409010,0.385012,63.812794,105.697272,116.200115,95.194429,21.005686,0.819228
left,1501,182,157,0,-1,0.374376,826.000000,450.000000,1202.000000,752.000000,0.671411,110.453628,88.739097,132.168158,43.429062,0.953488,1.024390,1.000000,1.048780,0.048780,0.830485,0.791401,0.718112,0.864690,0.146578,1.000000,1.000000,1.000000,1.000000,0.000000,0.571429,5.500000,4.000000,7.000000,3.000000,26.688050,0.955139,1.188679,0.643041,0.187349,0.737809,20.615528,24.098762,0.862471,13.159484,0.470965,9.553971,0.341927,76.851028,119.177306,122.660913,115.693700,6.967213,0.943199
left,1502,181,175,0,-1,0.711689,1036.000000,861.500000,1210.500000,349.000000,0.862412,122.867459,113.790504,131.944415,18.153911,0.971591,1.037679,1.022727,1.052632,0.029904,0.956887,0.854926,0.836090,0.873761,0.037671,1.000000,1.000000,1.000000,1.000000,0.000000,0.714286,6.000000,5.000000,7.000000,2.000000,35.903444,1.119471,1.433962,0.559447,0.246622,0.467701,15.000000,28.045661,0.874465,16.970878,0.529153,2.934492,0.091498,73.831628,103.979547,107.723237,100.235857,7.487380,0.930494
left,1503,181,167,0,-1,0.855511,934.250000,861.500000,1007.000000,145.500000,0.931605,117.967554,113.790504,122.144605,8.354101,0.795322,1.188080,1.052632,1.323529,0.270898,0.985740,0.842138,0.836090,0.848185,0.012095,1.000000,1.000000,1.000000,1.000000,0.000000,0.714286,6.000000,5.000000,7.000000,2.000000,30.505396,0.998792,1.016949,0.682676,0.090179,0.826358,25.238859,23.444734,0.767615,15.252678,0.499395,1.653389,0.054134,75.708086,125.687271,136.930587,114.443955,22.486633,0.835781
left,1504,181,158,0,-1,0.806732,778.250000,695.000000,861.500000,166.500000,0.903173,108.281509,102.772514,113.790504,11.017990,0.994152,1.055728,1.052632,1.058824,0.006192,0.988980,0.831483,0.826877,0.836090,0.009214,1.000000,1.000000,1.000000,1.000000,0.000000,1.000000,5.000000,5.000000,5.000000,0.000000,29.675153,1.065264,1.750000,0.592874,0.185994,0.626923,17.464249,23.534880,0.844844,14.744172,0.529279,2.527790,0.090741,82.868048,112.393105,112.619865,112.166346,0.453519,0.995973
left,1505,180,155,0,-1,0.958149,994.250000,973.000000,1015.500000,42.500000,0.952403,122.831467,119.837007,125.825926,5.988918,0.834848,1.265413,1.151515,1.379310,0.227795,0.946692,0.828720,0.806027,0.851414,0.045387,1.000000,1.000000,1.000000,1.000000,0.000000,0.833333,5.500000,5.000000,6.000000,1.000000,34.588919,1.097019,1.367347,0.579158,0.234096,0.601767,18.973666,26.810512,0.850319,17.254325,0.547236,1.444242,0.045805,86.038546,114.396950,118.810794,109.983107,8.827687,0.925700
left,1506,180,151,0,-1,0.707636,1174.000000,973.000000,1375.000000,402.000000,0.829637,132.141024,119.837007,144.445040,24.608033,0.722519,1.372633,1.151515,1.593750,0.442235,0.972672,0.839780,0.828147,0.851414,0.023267,1.000000,1.000000,1.000000,1.000000,0.000000,1.000000,6.000000,6.000000,6.000000,0.000000,36.153777,1.059080,1.460000,0.617282,0.174617,0.668642,22.825424,29.559116,0.865897,18.074817,0.529479,5.608852,0.164304,76.631625,115.806730,123.178512,108.434949,14.743563,0.880307
left,1507,179,170,0,-1,0.988278,678.500000,674.500000,682.500000,8.000000,0.989630,104.308948,103.765277,104.852620,1.087343,0.900855,1.090196,1.033333,1.147059,0.113725,0.990983,0.783656,0.780107,0.787205,0.007098,1.000000,1.000000,1.000000,1.000000,0.000000,0.833333,5.500000,5.000000,6.000000,1.000000,23.778596,0.912879,1.204545,0.691781,0.114591,0.990750,25.806976,20.289867,0.778944,11.888424,0.456406,0.726955,0.027908,73.534168,134.157658,153.434949,114.880367,38.554582,0.748724
left,1508,179,156,0,-1,0.774248,782.000000,682.500000,881.500000,199.000000,0.891402,111.239609,104.852620,117.626598,12.773978,0.792017,1.297667,1.147059,1.448276,0.301217,0.974390,0.790358,0.780107,0.800610,0.020504,1.000000,1.000000,1.000000,1.000000,0.000000,0.714286,6.000000,5.000000,7.000000,2.000000,30.955171,1.109211,1.478261,0.569872,0.177110,0.658778,18.384776,25.440318,0.911598,15.179799,0.543935,1.761588,0.063123,66.626411,116.415064,125.727398,107.102729,18.624669,0.851865
left,1509,178,177,0,-1,0.826296,854.250000,773.000000,935.500000,162.500000,0.886001,117.600105,110.491797,124.708414,14.216616,0.737171,1.316888,1.117647,1.516129,0.398482,0.950020,0.775780,0.755896,0.795663,0.039767,1.000000,1.000000,1.000000,1.000000,0.000000,0.833333,5.500000,5.000000,6.000000,1.000000,32.038386,1.097415,1.921053,0.581681,0.182616,0.737835,21.540659,26.314542,0.901355,15.757366,0.539739,3.637553,0.124598,79.696362,125.689210,145.669783,105.708638,39.961145,0.725673
left,1510,178,154,0,-1,0.991521,939.500000,935.500000,943.500000,8.000000,0.985986,123.834595,122.960777,124.708414,1.747636,0.791489,1.358065,1.200000,1.516129,0.316129,0.963926,0.770041,0.755896,0.784185,0.028289,1.000000,1.000000,1.000000,1.000000,0.000000,1.000000,5.000000,5.000000,5.000000,0.000000,27.429326,0.894886,1.070175,0.639140,0.199574,0.904723,27.730849,22.515778,0.734581,13.484279,0.439927,1.215414,0.039653,45.433475,111.460721,112.696583,110.224859,2.471724,0.978067
left,1511,178,148,0,-1,0.628696,1211.750000,935.500000,1488.000000,552.500000,0.859094,134.935529,124.708414,145.162644,20.454230,0.740010,1.319040,1.121951,1.516129,0.394178,0.851842,0.821631,0.755896,0.887367,0.131470,1.000000,1.000000,1.000000,1.000000,0.000000,0.714286,6.000000,5.000000,7.000000,2.000000,37.570409,1.086469,1.095238,0.599100,0.204250,0.642089,22.203603,28.447751,0.822658,17.611241,0.509286,6.911922,0.199880,54.031039,119.538025,138.366461,100.709589,37.656872,0.727847
left,1512,177,171,0,-1,0.736541,911.250000,773.000000,1049.500000,276.500000,0.874797,118.398732,110.491797,126.305666,15.813869,0.986505,1.110106,1.102564,1.117647,0.015083,0.962460,0.811180,0.795663,0.826698,0.031034,1.000000,1.000000,1.000000,1.000000,0.000000,1.000000,6.000000,6.000000,6.000000,0.000000,24.490984,0.813669,1.122449,0.858119,0.018107,1.219794,36.715120,18.777880,0.623862,12.213529,0.405773,2.868832,0.095312,88.176990,163.811342,175.030259,152.592425,22.437835,0.871806
left,1513,177,148,0,-1,0.519489,1130.500000,773.000000,1488.000000,715.000000,0.761159,127.827220,110.491797,145.162644,34.670846,0.996164,1.119799,1.117647,1.121951,0.004304,0.896657,0.841515,0.795663,0.887367,0.091703,1.000000,1.000000,1.000000,1.000000,0.000000,0.857143,6.500000,6.000000,7.000000,1.000000,41.787507,1.259087,1.339286,0.502587,0.215613,0.269497,8.944272,32.203524,0.970315,20.740292,0.624920,7.874599,0.237267,81.470030,95.289315,114.614873,75.963757,38.651117,0.662774
left,1514,176,166,0,-1,0.646409,1192.000000,936.000000,1448.000000,512.000000,0.795664,133.446155,118.260741,148.631569,30.370828,0.850709,1.173620,1.078947,1.268293,0.189345,0.979381,0.832346,0.823676,0.841017,0.017341,0.995189,0.997595,0.995189,1.000000,0.004811,0.714286,6.000000,5.000000,7.000000,2.000000,38.893869,1.133160,1.627451,0.588051,0.187919,0.599920,20.591260,30.661346,0.893308,19.038448,0.554679,5.427494,0.158128,68.962997,114.361583,114.672867,114.050299,0.622569,0.994571
left,1515,176,162,0,-1,0.922543,899.750000,863.500000,936.000000,72.500000,0.972977,116.662860,115.064978,118.260741,3.195763,0.975610,1.065789,1.052632,1.078947,0.026316,0.974499,0.830293,0.819570,0.841017,0.021447,1.000000,1.000000,1.000000,1.000000,0.000000,0.833333,5.500000,5.000000,6.000000,1.000000,31.512904,1.050789,1.277778,0.626014,0.143373,0.721357,21.633308,25.448310,0.848567,15.728867,0.524475,0.302010,0.010070,89.469256,116.751225,128.410878,105.091573,23.319305,0.818401
left,1516,176,150,0,-1,0.980235,926.750000,917.500000,936.000000,18.500000,0.985572,117.407617,116.554493,118.260741,1.706248,0.912955,1.130383,1.078947,1.181818,0.102871,0.990938,0.844862,0.841017,0.848707,0.007691,1.000000,1.000000,1.000000,1.000000,0.000000,0.833333,5.500000,5.000000,6.000000,1.000000,31.816571,1.045147,1.590909,0.601613,0.187213,0.624998,19.026298,24.942816,0.819350,15.893244,0.522080,0.372836,0.012247,82.447865,117.397076,129.907885,104.886267,25.021618,0.807390
left,1517,175,164,0,-1,0.921933,1163.250000,1116.000000,1210.500000,94.500000,0.971090,130.037136,128.129857,131.944415,3.814558,0.767045,1.178030,1.022727,1.333333,0.310606,0.977644,0.863994,0.854227,0.873761,0.019534,1.000000,1.000000,1.000000,1.000000,0.000000,0.857143,6.500000,6.000000,7.000000,1.000000,33.839213,0.992369,1.388889,0.624344,0.168064,0.640490,21.840330,27.481650,0.805927,16.826867,0.493465,1.349074,0.039563,72.640200,106.425317,127.359593,85.491040,41.868553,0.671257
left,1518,175,158,0,-1,0.574143,952.750000,695.000000,1210.500000,515.500000,0.778908,117.358464,102.772514,131.944415,29.171900,0.965909,1.040775,1.022727,1.058824,0.036096,0.946342,0.850319,0.826877,0.873761,0.046884,1.000000,1.000000,1.000000,1.000000,0.000000,0.714286,6.000000,5.000000,7.000000,2.000000,35.869990,1.173083,1.147541,0.600243,0.125951,0.572082,17.492856,27.254968,0.891339,17.934877,0.586537,8.243767,0.269602,89.836368,123.606573,140.110418,107.102729,33.007689,0.764417
left,1519,175,147,0,-1,0.698059,1027.750000,845.000000,1210.500000,365.500000,0.859471,122.673408,113.402401,131.944415,18.542013,0.779221,1.167614,1.022727,1.312500,0.289773,0.944995,0.849730,0.825700,0.873761,0.048061,1.000000,1.000000,1.000000,1.000000,0.000000,0.714286,6.000000,5.000000,7.000000,2.000000,33.539579,1.050391,1.377358,0.639729,0.180248,0.695372,22.203603,27.088820,0.848367,16.330691,0.511444,2.791452,0.087423,62.616059,126.844834,132.725911,120.963757,11.762155,0.911380
left,1520,175,139,0,-1,0.872367,1133.250000,1056.000000,1210.500000,154.500000,0.951113,128.719264,125.494113,131.944415,6.450302,0.818182,1.136364,1.022727,1.250000,0.227273,0.964349,0.858186,0.842611,0.873761,0.031150,1.000000,1.000000,1.000000,1.000000,0.000000,0.857143,6.500000,6.000000,7.000000,1.000000,43.680933,1.298320,1.574074,0.528524,0.217075,0.375967,12.649111,32.383481,0.962528,21.840453,0.649160,0.910315,0.027057,82.126342,113.403705,113.498566,113.308845,0.189720,0.998328
left,1521,174,165,0,-1,0.548879,915.000000,648.500000,1181.500000,533.000000,0.767854,115.269005,100.132458,130.405552,30.273094,0.954545,1.151786,1.125000,1.178571,0.053571,0.930934,0.842925,0.812775,0.873075,0.060300,1.000000,1.000000,1.000000,1.000000,0.000000,0.714286,6.000000,5.000000,7.000000,2.000000,35.293569,1.179625,1.510638,0.551332,0.264754,0.439614,13.152946,29.025275,0.970119,17.575447,0.587428,9.698451,0.324154,86.456720,106.890636,121.682366,92.098906,29.583460,0.756880
left,1522,174,157,0,-1,0.982945,1191.750000,1181.500000,1202.000000,20.500000,0.986664,131.286855,130.405552,132.168158,1.762606,0.932249,1.086890,1.048780,1.125000,0.076220,0.990397,0.868883,0.864690,0.873075,0.008384,1.000000,1.000000,1.000000,1.000000,0.000000,1.000000,7.000000,7.000000,7.000000,0.000000,43.508125,1.260323,1.491228,0.520996,0.236627,0.330281,11.401754,33.619633,0.973878,21.738035,0.629697,1.298200,0.037606,83.450105,97.960147,129.289407,66.630887,62.658520,0.515362
left,1523,174,152,0,-1,0.472281,869.750000,558.000000,1181.500000,623.500000,0.745866,113.835277,97.265002,130.405552,33.140550,0.900000,1.187500,1.125000,1.250000,0.125000,0.848945,0.807133,0.741192,0.873075,0.131883,1.000000,1.000000,1.000000,1.000000,0.000000,0.714286,6.000000,5.000000,7.000000,2.000000,36.217891,1.249001,1.049180,0.537874,0.279103,0.449639,13.038405,29.646354,1.022377,17.134534,0.590897,9.658615,0.333085,68.007241,115.064856,130.585187,99.544526,31.040661,0.762296
left,1524,174,146,0,-1,0.897588,1121.000000,1060.500000,1181.500000,121.000000,0.955374,127.495787,124.586023,130.405552,5.819529,0.888889,1.062500,1.000000,1.125000,0.125000,0.983401,0.865828,0.858582,0.873075,0.014493,1.000000,1.000000,1.000000,1.000000,0.000000,0.857143,6.500000,6.000000,7.000000,1.000000,30.348056,0.906747,1.437500,0.809302,0.047948,1.021994,34.205263,23.607126,0.705340,15.174015,0.453373,0.949194,0.028360,86.729405,153.569607,153.899813,153.239401,0.660412,0.995709
left,1525,173,168,0,-1,0.674618,877.500000,707.000000,1048.000000,341.000000,0.794328,115.997911,102.701801,129.294021,26.592219,0.857864,1.120183,1.034483,1.205882,0.171400,0.935279,0.815055,0.787797,0.842312,0.054515,1.000000,1.000000,1.000000,1.000000,0.000000,0.833333,5.500000,5.000000,6.000000,1.000000,31.436208,1.066316,1.789474,0.626721,0.102279,0.753146,22.203603,23.720631,0.804603,15.707845,0.532810,4.819320,0.163471,84.712417,116.111364,137.648806,94.573921,43.074884,0.687067
left,1526,173,163,0,-1,0.530230,1512.250000,1048.000000,1976.500000,928.500000,0.764983,149.154770,129.294021,169.015520,39.721500,0.910569,1.151961,1.098039,1.205882,0.107843,0.906068,0.828632,0.787797,0.869468,0.081671,1.000000,1.000000,1.000000,1.000000,0.000000,0.857143,6.500000,6.000000,7.000000,1.000000,43.338666,1.128161,1.803922,0.592897,0.172756,0.587292,22.561028,33.391576,0.869225,21.069871,0.548475,7.874345,0.204979,73.235030,115.521997,116.019394,115.024600,0.994794,0.991426
left,1527,173,149,0,-1,0.473282,772.000000,496.000000,1048.000000,552.000000,0.679136,108.551146,87.808272,129.294021,41.485749,0.924953,1.160633,1.115385,1.205882,0.090498,0.974526,0.798093,0.787797,0.808390,0.020593,1.000000,1.000000,1.000000,1.000000,0.000000,0.833333,5.500000,5.000000,6.000000,1.000000,29.986433,1.097522,1.200000,0.546246,0.272668,0.524041,14.317821,24.757778,0.906150,14.403530,0.527178,6.976681,0.255351,88.709214,112.229257,112.491271,111.967243,0.524028,0.995342
left,1528,173,143,0,-1,0.777195,931.250000,814.500000,1048.000000,233.500000,0.845516,119.307112,109.320204,129.294021,19.973816,0.984756,1.196691,1.187500,1.205882,0.018382,0.919844,0.822122,0.787797,0.856446,0.068649,1.000000,1.000000,1.000000,1.000000,0.000000,1.000000,6.000000,6.000000,6.000000,0.000000,31.946188,1.048924,1.604651,0.584283,0.157315,0.631577,19.235384,26.079352,0.856292,15.906087,0.522262,1.809171,0.059402,72.385472,110.651927,132.203714,89.100140,43.103573,0.673961
left,1529,172,162,0,-1,0.910385,906.000000,863.500000,948.500000,85.000000,0.934274,119.112363,115.064978,123.159748,8.094770,0.837321,1.154887,1.052632,1.257143,0.204511,0.958791,0.802683,0.785796,0.819570,0.033774,1.000000,1.000000,1.000000,1.000000,0.000000,1.000000,6.000000,6.000000,6.000000,0.000000,25.704312,0.854204,1.431818,0.820241,0.031457,1.189870,35.805028,20.200752,0.671310,12.524292,0.416206,0.823891,0.027379,70.095774,166.957823,178.602819,155.312826,23.289993,0.869599
left,1530,172,161,0,-1,0.859927,1025.750000,948.500000,1103.000000,154.500000,0.981050,124.349232,123.159748,125.538716,2.378968,0.815851,1.141392,1.025641,1.257143,0.231502,0.893469,0.832642,0.785796,0.879488,0.093693,1.000000,1.000000,1.000000,1.000000,0.000000,0.857143,6.500000,6.000000,7.000000,1.000000,38.970416,1.217651,1.782609,0.529619,0.246405,0.438552,14.035669,28.457899,0.889182,19.136311,0.597924,0.486927,0.015214,66.726791,109.554822,111.342003,107.767640,3.574363,0.967897
left,1531,172,144,0,-1,0.962572,930.750000,913.000000,948.500000,35.500000,0.941758,119.573227,115.986705,123.159748,7.173043,0.883838,1.184127,1.111111,1.257143,0.146032,0.921394,0.819315,0.785796,0.852833,0.067038,1.000000,1.000000,1.000000,1.000000,0.000000,1.000000,6.000000,6.000000,6.000000,0.000000,31.580593,1.035198,1.313725,0.618826,0.151491,0.732973,22.360680,26.679984,0.874558,15.754759,0.516434,1.575974,0.051660,81.560040,118.462097,147.841896,89.082297,58.759599,0.602551
left,1532,171,161,0,-1,0.951496,1076.250000,1049.500000,1103.000000,53.500000,0.993928,125.922191,125.538716,126.305666,0.766950,0.930233,1.064103,1.025641,1.102564,0.076923,0.939976,0.853093,0.826698,0.879488,0.052791,1.000000,1.000000,1.000000,1.000000,0.000000,0.857143,6.500000,6.000000,7.000000,1.000000,30.503580,0.929882,1.264151,0.750767,0.062950,0.945506,31.016125,23.876003,0.727844,15.251506,0.464932,1.538523,0.046901,84.137318,147.735656,155.203615,140.267697,14.935918,0.903766
left,1533,171,148,0,-1,0.705309,1268.750000,1049.500000,1488.000000,438.500000,0.870098,135.734155,126.305666,145.162644,18.856977,0.982720,1.112258,1.102564,1.121951,0.019387,0.931630,0.857032,0.826698,0.887367,0.060669,1.000000,1.000000,1.000000,1.000000,0.000000,0.857143,6.500000,6.000000,7.000000,1.000000,42.870623,1.208124,1.115942,0.534432,0.272118,0.383299,13.601471,32.537898,0.916940,21.430230,0.603919,4.074156,0.114813,80.335369,98.270317,103.747932,92.792702,10.955230,0.894405
left,1534,171,141,0,-1,0.814197,952.000000,854.500000,1049.500000,195.000000,0.911739,120.731750,115.157833,126.305666,11.147833,0.906977,1.051282,1.000000,1.102564,0.102564,0.979464,0.818209,0.809720,0.826698,0.016977,1.000000,1.000000,1.000000,1.000000,0.000000,1.000000,6.000000,6.000000,6.000000,0.000000,34.306588,1.113347,1.975000,0.589793,0.186450,0.649868,20.024984,29.559506,0.959291,17.109263,0.555245,3.444730,0.111791,78.714586,119.592371,133.087100,106.097643,26.989457,0.797205
left,1535,170,167,0,-1,0.669811,840.750000,674.500000,1007.000000,332.500000,0.849528,112.954941,103.765277,122.144605,18.379328,0.780741,1.178431,1.033333,1.323529,0.290196,0.928105,0.817695,0.787205,0.848185,0.060981,1.000000,1.000000,1.000000,1.000000,0.000000,0.857143,6.500000,6.000000,7.000000,1.000000,26.817164,0.929467,1.400000,0.768882,0.036277,1.042090,30.066593,20.904214,0.724528,13.166460,0.456342,3.378920,0.117111,64.653515,155.104935,165.963757,144.246113,21.717644,0.869142
left,1536,170,156,0,-1,0.765173,778.000000,674.500000,881.500000,207.000000,0.882158,110.695937,103.765277,117.626598,13.861321,0.713492,1.240805,1.033333,1.448276,0.414943,0.983256,0.793907,0.787205,0.800610,0.013405,1.000000,1.000000,1.000000,1.000000,0.000000,0.857143,6.500000,6.000000,7.000000,1.000000,31.930252,1.147307,1.244444,0.508502,0.296272,0.454504,12.649111,25.493515,0.916025,15.859990,0.569876,1.516444,0.054488,74.637615,113.761968,128.061614,99.462322,28.599292,0.776676
left,1537,170,138,0,-1,0.969607,664.250000,654.000000,674.500000,20.500000,0.954184,106.256497,103.765277,108.747716,4.982439,0.788596,1.171839,1.033333,1.310345,0.277011,0.882794,0.741072,0.694940,0.787205,0.092265,1.000000,1.000000,1.000000,1.000000,0.000000,0.833333,5.500000,5.000000,6.000000,1.000000,31.829233,1.235018,1.545455,0.512336,0.234099,0.620822,16.000000,24.103619,0.935254,14.404921,0.558931,1.323924,0.051370,73.208971,115.494409,123.138501,107.850318,15.288182,0.875846
left,1538,170,126,0,-1,0.449967,1086.750000,674.500000,1499.000000,824.500000,0.681051,128.062948,103.765277,152.360619,48.595342,0.830357,1.138889,1.033333,1.244444,0.211111,0.970112,0.799331,0.787205,0.811458,0.024253,1.000000,1.000000,1.000000,1.000000,0.000000,1.000000,6.000000,6.000000,6.000000,0.000000,39.523627,1.221976,1.866667,0.499816,0.204279,0.345669,11.180340,32.723376,1.011728,19.748949,0.610590,14.099159,0.435912,85.800352,90.182468,113.198591,67.166346,46.032245,0.593350
left,1539,169,168,0,-1,0.579746,963.250000,707.000000,1219.500000,512.500000,0.751604,119.672670,102.701801,136.643538,33.941736,0.709939,1.245813,1.034483,1.457143,0.422660,0.974407,0.831534,0.820755,0.842312,0.021557,1.000000,1.000000,1.000000,1.000000,0.000000,0.714286,6.000000,5.000000,7.000000,2.000000,30.647437,0.996489,1.211538,0.648771,0.193875,0.750658,23.086793,26.501322,0.861680,14.618437,0.475313,4.640054,0.150870,57.167246,128.823663,154.476575,103.170750,51.305825,0.667873
left,1540,169,153,0,-1,0.936996,1260.500000,1219.500000,1301.500000,82.000000,0.993879,137.064327,136.643538,137.485116,0.841578,0.719751,1.252962,1.048780,1.457143,0.408362,0.948573,0.843003,0.820755,0.865252,0.044497,1.000000,1.000000,1.000000,1.000000,0.000000,0.857143,6.500000,6.000000,7.000000,1.000000,33.507811,0.943913,1.267857,0.697159,0.116620,0.858606,30.479501,25.322225,0.713326,16.611126,0.467935,0.756349,0.021306,61.450223,119.936980,123.550662,116.323298,7.227364,0.941503
left,1541,169,128,0,-1,0.751155,1421.500000,1219.500000,1623.500000,404.000000,0.891493,144.959251,136.643538,153.274963,16.631426,0.842246,1.342208,1.227273,1.457143,0.229870,0.945135,0.844577,0.820755,0.868400,0.047645,1.000000,1.000000,1.000000,1.000000,0.000000,1.000000,7.000000,7.000000,7.000000,0.000000,49.617657,1.319373,1.758621,0.515583,0.187126,0.354765,13.341664,35.931389,0.955444,24.676489,0.656167,3.206386,0.085260,85.070614,107.996967,118.434868,97.559067,20.875801,0.823736
left,1542,168,149,0,-1,0.701556,601.500000,496.000000,707.000000,211.000000,0.854983,95.255036,87.808272,102.701801,14.893530,0.927467,1.074934,1.034483,1.115385,0.080902,0.959727,0.825351,0.808390,0.842312,0.033923,1.000000,1.000000,1.000000,1.000000,0.000000,1.000000,5.000000,5.000000,5.000000,0.000000,26.932076,1.102406,1.159091,0.570908,0.247298,0.568657,13.892444,22.456498,0.919208,13.324094,0.545393,3.409063,0.139543,83.252454,116.819618,123.779313,109.859923,13.919390,0.887547
left,1543,168,128,0,-1,0.435479,1165.250000,707.000000,1623.500000,916.500000,0.670049,127.988382,102.701801,153.274963,50.573162,0.842912,1.130878,1.034483,1.227273,0.192790,0.969959,0.855356,0.842312,0.868400,0.026087,1.000000,1.000000,1.000000,1.000000,0.000000,0.714286,6.000000,5.000000,7.000000,2.000000,37.315922,1.115871,1.612245,0.610070,0.119717,0.551390,18.439089,28.618242,0.855781,18.533210,0.554205,12.019759,0.359431,89.204379,103.485145,107.964358,99.005932,8.958426,0.917024
left,1544,167,158,0,-1,0.690169,851.000000,695.000000,1007.000000,312.000000,0.841400,112.458560,102.772514,122.144605,19.372091,0.800000,1.191176,1.058824,1.323529,0.264706,0.974877,0.837531,0.826877,0.848185,0.021309,1.000000,1.000000,1.000000,1.000000,0.000000,0.714286,6.000000,5.000000,7.000000,2.000000,31.546343,1.086005,1.071429,0.556333,0.270858,0.496495,14.422205,25.938812,0.892962,15.524985,0.534459,3.784042,0.130268,82.712358,107.311497,110.449548,104.173446,6.276102,0.943177
left,1545,167,142,0,-1,0.975670,994.750000,982.500000,1007.000000,24.500000,0.975517,120.649369,119.154133,122.144605,2.990472,0.885079,1.247479,1.171429,1.323529,0.152101,0.975364,0.858897,0.848185,0.869609,0.021424,1.000000,1.000000,1.000000,1.000000,0.000000,0.857143,6.500000,6.000000,7.000000,1.000000,36.708085,1.163893,1.711111,0.597327,0.149284,0.582058,18.357560,28.755853,0.911754,18.096794,0.573790,1.271052,0.040301,74.273549,108.653227,114.527720,102.778733,11.748987,0.897414
left,1546,167,138,0,-1,0.649454,830.500000,654.000000,1007.000000,353.000000,0.890319,115.446161,108.747716,122.144605,13.396889,0.990038,1.316937,1.310345,1.323529,0.013185,0.819326,0.771563,0.694940,0.848185,0.153245,1.000000,1.000000,1.000000,1.000000,0.000000,0.714286,6.000000,5.000000,7.000000,2.000000,37.718380,1.316369,1.687500,0.454078,0.335039,0.287792,8.246211,31.056216,1.083860,18.782788,0.655518,7.363777,0.256995,87.450445,97.526101,108.866277,86.185925,22.680351,0.791668
left,1547,166,157,0,-1,0.830110,1325.000000,1202.000000,1448.000000,246.000000,0.889233,140.399864,132.168158,148.631569,16.463411,0.826923,1.158537,1.048780,1.268293,0.219512,0.952567,0.844183,0.823676,0.864690,0.041015,0.995189,0.997595,0.995189,1.000000,0.004811,1.000000,7.000000,7.000000,7.000000,0.000000,45.751489,1.258249,1.843137,0.546982,0.277736,0.468339,17.029386,32.928143,0.905584,22.845767,0.628300,4.775345,0.131331,88.714232,125.716938,130.294903,121.138972,9.155931,0.929729
left,1548,166,150,0,-1,0.633633,1182.750000,917.500000,1448.000000,530.500000,0.784184,132.593031,116.554493,148.631569,32.077076,0.931818,1.225055,1.181818,1.268293,0.086475,0.970506,0.836192,0.823676,0.848707,0.025031,0.995189,0.997595,0.995189,1.000000,0.004811,0.857143,6.500000,6.000000,7.000000,1.000000,44.938981,1.315104,1.433333,0.527752,0.181780,0.407603,13.928388,34.536214,1.010675,22.364322,0.654474,8.924691,0.261174,85.110913,111.889036,116.041817,107.736254,8.305562,0.928426
left,1549,166,140,0,-1,0.918490,1512.250000,1448.000000,1576.500000,128.500000,0.950175,152.528485,148.631569,156.425401,7.793832,0.795370,1.431444,1.268293,1.594595,0.326302,0.982954,0.816655,0.809635,0.823676,0.014041,0.995189,0.997595,0.995189,1.000000,0.004811,0.857143,6.500000,6.000000,7.000000,1.000000,30.563747,0.786127,1.161290,0.843441,0.048272,1.193184,46.389654,23.856862,0.613620,15.244330,0.392098,0.635461,0.016345,77.131364,138.782435,148.657643,128.907228,19.750414,0.867142
left,1550,165,160,0,-1,0.462389,1025.500000,648.500000,1402.500000,754.000000,0.710397,120.542677,100.132458,140.952896,40.820438,0.990000,1.184524,1.178571,1.190476,0.011905,0.916232,0.849929,0.812775,0.887084,0.074309,1.000000,1.000000,1.000000,1.000000,0.000000,0.625000,6.500000,5.000000,8.000000,3.000000,31.010724,0.985788,1.320000,0.668424,0.176499,0.710815,22.360680,26.233444,0.833925,15.395689,0.489407,7.899320,0.251108,75.733951,125.956940,150.068488,101.845391,48.223097,0.678659
left,1551,165,146,0,-1,0.611504,854.500000,648.500000,1060.500000,412.000000,0.803721,112.359240,100.132458,124.586023,24.453564,0.848485,1.089286,1.000000,1.178571,0.178571,0.946647,0.835678,0.812775,0.858582,0.045808,1.000000,1.000000,1.000000,1.000000,0.000000,0.833333,5.500000,5.000000,6.000000,1.000000,33.548058,1.156212,1.109091,0.587504,0.217964,0.577728,16.763055,26.073530,0.898607,15.661379,0.539759,6.130595,0.211287,62.854659,116.687660,119.374040,114.001281,5.372759,0.954992
left,1552,165,145,0,-1,0.796194,731.500000,648.500000,814.500000,166.000000,0.912244,104.948701,100.132458,109.764943,9.632485,0.896970,1.117857,1.057143,1.178571,0.121429,0.956746,0.831147,0.812775,0.849520,0.036746,1.000000,1.000000,1.000000,1.000000,0.000000,1.000000,5.000000,5.000000,5.000000,0.000000,25.971146,0.961803,1.390244,0.728060,0.105605,0.944174,25.495098,22.402882,0.829658,12.900999,0.477770,2.026980,0.075066,88.577480,155.865695,158.831901,152.899490,5.932411,0.962650
left,1553,164,160,0,-1,0.795722,1259.250000,1116.000000,1402.500000,286.500000,0.909026,134.541376,128.129857,140.952896,12.823039,0.892857,1.261905,1.190476,1.333333,0.142857,0.962961,0.870656,0.854227,0.887084,0.032857,1.000000,1.000000,1.000000,1.000000,0.000000,0.750000,7.000000,6.000000,8.000000,2.000000,33.295078,0.939788,1.365385,0.683190,0.160611,0.760009,26.925824,25.832306,0.729144,16.494346,0.465570,3.262966,0.092101,84.248858,113.163690,114.525970,111.801409,2.724560,0.976210
left,1554,164,147,0,-1,0.757168,980.500000,845.000000,1116.000000,271.000000,0.885058,120.766129,113.402401,128.129857,14.727455,0.984375,1.322917,1.312500,1.333333,0.020833,0.966604,0.839963,0.825700,0.854227,0.028528,1.000000,1.000000,1.000000,1.000000,0.000000,0.833333,5.500000,5.000000,6.000000,1.000000,32.336803,1.035184,1.240741,0.699598,0.118562,0.861965,26.925824,26.347916,0.843464,15.233235,0.487655,3.375242,0.108050,56.394700,148.874380,155.965712,141.783049,14.182663,0.909066
left,1555,164,134,0,-1,0.880126,1192.000000,1116.000000,1268.000000,152.000000,0.928159,133.088552,128.129857,138.047247,9.917390,0.854651,1.236434,1.139535,1.333333,0.193798,0.978814,0.845178,0.836130,0.854227,0.018098,1.000000,1.000000,1.000000,1.000000,0.000000,1.000000,6.000000,6.000000,6.000000,0.000000,41.042225,1.189361,1.933333,0.565720,0.217072,0.522426,18.027756,31.892163,0.924202,18.747861,0.543294,0.471693,0.013669,59.966726,112.917849,116.395663,109.440035,6.955628,0.940242
left,1556,163,159,0,-1,0.680496,1660.750000,1345.000000,1976.500000,631.500000,0.865545,157.653039,146.290557,169.015520,22.724963,0.941176,1.132353,1.098039,1.166667,0.068627,0.908335,0.829618,0.789768,0.869468,0.079700,1.000000,1.000000,1.000000,1.000000,0.000000,0.714286,6.000000,5.000000,7.000000,2.000000,36.170271,0.891639,1.438596,0.789941,0.051483,1.053098,42.720019,28.865784,0.711575,17.749062,0.437535,5.237135,0.129101,69.303823,142.899339,143.797411,142.001268,1.796143,0.987509
left,1557,163,143,0,-1,0.412092,1395.500000,814.500000,1976.500000,1162.000000,0.646806,139.167862,109.320204,169.015520,59.695316,0.924665,1.142770,1.098039,1.187500,0.089461,0.985023,0.862957,0.856446,0.869468,0.013022,1.000000,1.000000,1.000000,1.000000,0.000000,0.857143,6.500000,6.000000,7.000000,1.000000,47.450151,1.300052,1.051948,0.543960,0.200824,0.334439,12.206556,35.671437,0.977336,23.567760,0.645716,15.563293,0.426407,75.695336,108.801523,111.776893,105.826154,5.950739,0.946762
left,1558,163,137,0,-1,0.477106,1459.750000,943.000000,1976.500000,1033.500000,0.708138,144.350956,119.686393,169.015520,49.329127,0.933333,1.137255,1.098039,1.176471,0.078431,0.951434,0.848354,0.827241,0.869468,0.042227,1.000000,1.000000,1.000000,1.000000,0.000000,0.857143,6.500000,6.000000,7.000000,1.000000,38.956620,1.036547,1.482143,0.655660,0.139921,0.693844,26.076810,29.820752,0.793462,19.470188,0.518057,12.561041,0.334221,88.942662,111.405179,124.783120,98.027238,26.755883,0.785581
left,1559,162,150,0,-1,0.941144,890.500000,863.500000,917.500000,54.000000,0.987220,115.809736,115.064978,116.554493,1.489515,0.890688,1.117225,1.052632,1.181818,0.129187,0.965668,0.834138,0.819570,0.848707,0.029138,1.000000,1.000000,1.000000,1.000000,0.000000,1.000000,6.000000,6.000000,6.000000,0.000000,28.848829,0.966855,1.185185,0.644998,0.168445,0.759827,22.671568,23.533442,0.788712,14.273907,0.478383,0.455875,0.015278,78.641936,120.825762,126.702855,114.948668,11.754187,0.907230
left,1560,162,144,0,-1,0.945783,888.250000,863.500000,913.000000,49.500000,0.992053,115.525842,115.064978,115.986705,0.921727,0.947368,1.081871,1.052632,1.111111,0.058480,0.960996,0.836202,0.819570,0.852833,0.033264,1.000000,1.000000,1.000000,1.000000,0.000000,1.000000,6.000000,6.000000,6.000000,0.000000,37.549076,1.260009,1.147541,0.522820,0.316634,0.409607,12.206556,29.818800,1.000610,17.468651,0.586184,0.412875,0.013855,77.141371,113.629530,115.604877,111.654183,3.950694,0.965826
left,1561,162,135,0,-1,0.953091,884.750000,863.500000,906.000000,42.500000,0.998325,115.161509,115.064978,115.258040,0.193062,0.941828,1.085139,1.052632,1.117647,0.065015,0.956291,0.838299,0.819570,0.857029,0.037459,1.000000,1.000000,1.000000,1.000000,0.000000,1.000000,6.000000,6.000000,6.000000,0.000000,34.902510,1.173485,1.681818,0.555585,0.228878,0.508790,15.132746,27.879182,0.937348,17.445399,0.586546,1.755417,0.059020,89.279941,108.482752,121.222310,95.743194,25.479116,0.789815
left,1562,161,144,0,-1,0.827743,1008.000000,913.000000,1103.000000,190.000000,0.923912,120.762711,115.986705,125.538716,9.552010,0.923077,1.068376,1.025641,1.111111,0.085470,0.969693,0.866161,0.852833,0.879488,0.026655,1.000000,1.000000,1.000000,1.000000,0.000000,0.857143,6.500000,6.000000,7.000000,1.000000,36.320469,1.145262,1.163934,0.588244,0.162698,0.536046,17.000000,26.624157,0.839517,18.046049,0.569031,1.754119,0.055311,77.529646,118.391911,132.393358,104.390463,28.002895,0.788487
left,1563,161,141,0,-1,0.774705,978.750000,854.500000,1103.000000,248.500000,0.917309,120.348274,115.157833,125.538716,10.380883,0.975000,1.012821,1.000000,1.025641,0.025641,0.920672,0.844604,0.809720,0.879488,0.069768,1.000000,1.000000,1.000000,1.000000,0.000000,0.857143,6.500000,6.000000,7.000000,1.000000,37.680851,1.206883,1.031250,0.554111,0.292465,0.480436,15.000000,31.332533,1.003552,18.261140,0.584887,2.579855,0.082630,84.815149,117.891440,122.148221,113.634660,8.513561,0.930301
left,1564,161,129,0,-1,0.744516,1292.250000,1103.000000,1481.500000,378.500000,0.852257,136.420071,125.538716,147.301425,21.762710,0.820513,1.137821,1.025641,1.250000,0.224359,0.975591,0.868754,0.858020,0.879488,0.021468,1.000000,1.000000,1.000000,1.000000,0.000000,1.000000,7.000000,7.000000,7.000000,0.000000,38.562383,1.075634,1.490909,0.589955,0.183014,0.532902,19.104973,30.698821,0.856293,19.270978,0.537532,4.518262,0.126029,84.979546,102.127916,115.543161,88.712671,26.830490,0.767788
left,1565,160,145,0,-1,0.580749,1108.500000,814.500000,1402.500000,588.000000,0.778735,125.358920,109.764943,140.952896,31.187953,0.888000,1.123810,1.057143,1.190476,0.133333,0.957655,0.868302,0.849520,0.887084,0.037564,1.000000,1.000000,1.000000,1.000000,0.000000,0.625000,6.500000,5.000000,8.000000,3.000000,34.711155,1.052022,1.096774,0.644466,0.172982,0.648617,21.400935,27.929986,0.846499,16.963072,0.514115,5.748888,0.174237,64.837303,124.763860,144.272602,105.255119,39.017483,0.729557
left,1566,160,134,0,-1,0.904100,1335.250000,1268.000000,1402.500000,134.500000,0.979386,139.500072,138.047247,140.952896,2.905649,0.957209,1.165006,1.139535,1.190476,0.050941,0.942560,0.861607,0.836130,0.887084,0.050954,1.000000,1.000000,1.000000,1.000000,0.000000,0.750000,7.000000,6.000000,8.000000,2.000000,44.661161,1.222606,1.231884,0.581802,0.149036,0.531529,19.416488,33.358781,0.913202,22.325065,0.611152,0.602892,0.016504,86.217285,114.604847,138.758556,90.451139,48.307417,0.651860
left,1567,160,127,0,-1,0.726203,1210.500000,1018.500000,1402.500000,384.000000,0.887543,133.027315,125.101735,140.952896,15.851161,0.905797,1.252381,1.190476,1.314286,0.123810,0.921891,0.852439,0.817795,0.887084,0.069289,1.000000,1.000000,1.000000,1.000000,0.000000,0.750000,7.000000,6.000000,8.000000,2.000000,47.564120,1.371437,2.214286,0.498340,0.277984,0.273538,9.486833,35.597423,1.026396,22.793363,0.657211,4.162686,0.120025,74.568265,106.189713,106.756990,105.622436,1.134555,0.989373
left,1568,159,137,0,-1,0.701115,1144.000000,943.000000,1345.000000,402.000000,0.818142,132.988475,119.686393,146.290557,26.604165,0.991667,1.171569,1.166667,1.176471,0.009804,0.954701,0.808504,0.789768,0.827241,0.037473,1.000000,1.000000,1.000000,1.000000,0.000000,0.833333,5.500000,5.000000,6.000000,1.000000,45.549879,1.351979,1.205882,0.469227,0.402972,0.273648,9.219544,33.979362,1.008551,22.042969,0.654263,8.827559,0.262013,78.591632,107.092179,118.175352,96.009006,22.166346,0.812428
left,1569,159,136,0,-1,0.808922,1216.500000,1088.000000,1345.000000,257.000000,0.902635,139.168783,132.047008,146.290557,14.243549,0.843972,1.274510,1.166667,1.382353,0.215686,0.992846,0.786943,0.784118,0.789768,0.005650,1.000000,1.000000,1.000000,1.000000,0.000000,0.833333,5.500000,5.000000,6.000000,1.000000,29.702831,0.852806,1.333333,0.749900,0.083436,1.097056,38.209946,23.488873,0.674395,14.824313,0.425625,3.040326,0.087292,74.579081,134.867983,139.134671,130.601295,8.533377,0.938668
left,1570,158,142,0,-1,0.707379,838.750000,695.000000,982.500000,287.500000,0.862517,110.963324,102.772514,119.154133,16.381619,0.903874,1.115126,1.058824,1.171429,0.112605,0.950860,0.848243,0.826877,0.869609,0.042733,1.000000,1.000000,1.000000,1.000000,0.000000,0.833333,5.500000,5.000000,6.000000,1.000000,27.482430,0.952470,1.140000,0.758087,0.092996,0.956067,27.586228,23.473519,0.813531,13.552065,0.469680,3.063924,0.106188,70.274517,153.759062,154.470302,153.047821,1.422481,0.990791
left,1571,158,139,0,-1,0.658144,875.500000,695.000000,1056.000000,361.000000,0.818943,114.133313,102.772514,125.494113,22.721599,0.847059,1.154412,1.058824,1.250000,0.191176,0.981327,0.834744,0.826877,0.842611,0.015734,1.000000,1.000000,1.000000,1.000000,0.000000,0.833333,5.500000,5.000000,6.000000,1.000000,28.386377,0.964555,1.153846,0.705108,0.150485,0.876908,25.806976,23.286938,0.791279,13.491231,0.458425,3.449432,0.117210,56.155830,132.929763,139.398705,126.460821,12.937884,0.907188
left,1572,157,152,0,-1,0.464226,880.000000,558.000000,1202.000000,644.000000,0.735919,114.716580,97.265002,132.168158,34.903156,0.839024,1.149390,1.048780,1.250000,0.201220,0.857176,0.802941,0.741192,0.864690,0.123498,1.000000,1.000000,1.000000,1.000000,0.000000,0.714286,6.000000,5.000000,7.000000,2.000000,25.241466,0.866037,1.083333,0.845267,0.016193,1.160980,33.837849,21.245913,0.728949,12.578374,0.431565,7.785705,0.267128,80.984529,169.629156,176.474385,162.783926,13.690458,0.922422
left,1573,157,140,0,-1,0.762448,1389.250000,1202.000000,1576.500000,374.500000,0.844928,144.296780,132.168158,156.425401,24.257242,0.657710,1.321688,1.048780,1.594595,0.545814,0.936329,0.837163,0.809635,0.864690,0.055055,1.000000,1.000000,1.000000,1.000000,0.000000,0.857143,6.500000,6.000000,7.000000,1.000000,46.634834,1.254045,1.467742,0.521057,0.219003,0.399760,14.866069,36.072034,0.970004,22.514937,0.605443,6.348989,0.170729,71.620320,97.538666,100.797869,94.279464,6.518405,0.935332
left,1574,157,130,0,-1,0.904742,1144.750000,1087.500000,1202.000000,114.500000,0.961157,129.601284,127.034409,132.168158,5.133750,0.976744,1.036585,1.024390,1.048780,0.024390,0.979345,0.855760,0.846830,0.864690,0.017860,1.000000,1.000000,1.000000,1.000000,0.000000,1.000000,7.000000,7.000000,7.000000,0.000000,39.006819,1.153244,1.638298,0.541198,0.222538,0.423309,14.317821,29.923966,0.884708,18.205068,0.538236,2.325701,0.068760,69.985000,93.680073,103.219085,84.141061,19.078024,0.815170
left,1575,156,151,0,-1,0.641091,1128.250000,881.500000,1375.000000,493.500000,0.814335,131.035819,117.626598,144.445040,26.818442,0.908722,1.521013,1.448276,1.593750,0.145474,0.966749,0.814378,0.800610,0.828147,0.027537,1.000000,1.000000,1.000000,1.000000,0.000000,0.857143,6.500000,6.000000,7.000000,1.000000,27.398474,0.820669,1.196078,0.836896,0.035010,1.168171,39.000000,20.815992,0.623503,13.665690,0.409330,5.179260,0.155135,50.001569,149.247819,156.801409,141.694229,15.107180,0.903654
left,1576,156,126,0,-1,0.588059,1190.250000,881.500000,1499.000000,617.500000,0.772028,134.993608,117.626598,152.360619,34.734021,0.859259,1.346360,1.244444,1.448276,0.203831,0.986632,0.806034,0.800610,0.811458,0.010848,1.000000,1.000000,1.000000,1.000000,0.000000,0.857143,6.500000,6.000000,7.000000,1.000000,39.210163,1.146379,1.446429,0.607958,0.113422,0.704115,24.083189,27.901045,0.815737,19.484139,0.569653,9.683360,0.283110,73.881309,112.921262,118.739795,107.102729,11.637066,0.901995
left,1577,156,125,0,-1,0.732143,1042.750000,881.500000,1204.000000,322.500000,0.869093,126.485367,117.626598,135.344137,17.717539,0.843915,1.335249,1.222222,1.448276,0.226054,0.969312,0.813284,0.800610,0.825957,0.025347,1.000000,1.000000,1.000000,1.000000,0.000000,0.857143,6.500000,6.000000,7.000000,1.000000,46.503672,1.444465,1.400000,0.446756,0.458164,0.167270,5.385165,33.937449,1.054142,23.138917,0.718725,4.507367,0.140005,89.534001,102.983342,106.504361,99.462322,7.042039,0.933880
left,1578,156,120,0,-1,0.825865,804.750000,728.000000,881.500000,153.500000,0.982289,118.687037,117.626598,119.747476,2.120878,0.801174,1.627984,1.448276,1.807692,0.359416,0.796870,0.719296,0.637982,0.800610,0.162628,1.000000,1.000000,1.000000,1.000000,0.000000,0.714286,6.000000,5.000000,7.000000,2.000000,46.949339,1.656893,2.838710,0.398778,0.383660,0.214667,6.082763,34.409842,1.214361,23.549118,0.831074,1.197132,0.042248,85.759322,108.434949,111.801409,105.068488,6.732921,0.939778
left,1579,155,153,0,-1,0.780254,1158.500000,1015.500000,1301.500000,286.000000,0.915197,131.655521,125.825926,137.485116,11.659190,0.760366,1.214045,1.048780,1.379310,0.330530,0.931551,0.835639,0.806027,0.865252,0.059225,1.000000,1.000000,1.000000,1.000000,0.000000,0.833333,5.500000,5.000000,6.000000,1.000000,30.629846,0.901631,1.488889,0.781226,0.056754,1.034050,35.128336,24.796185,0.729909,15.301399,0.450417,3.613726,0.106375,67.232952,153.349482,153.676702,153.022261,0.654440,0.995741
left,1580,155,151,0,-1,0.738545,1195.250000,1015.500000,1375.000000,359.500000,0.871099,135.135483,125.825926,144.445040,18.619115,0.865450,1.486530,1.379310,1.593750,0.214440,0.973290,0.817087,0.806027,0.828147,0.022120,1.000000,1.000000,1.000000,1.000000,0.000000,0.833333,5.500000,5.000000,6.000000,1.000000,30.088497,0.872789,1.196078,0.734229,0.098097,0.986252,34.000000,24.204986,0.702124,15.044224,0.436394,3.361988,0.097523,73.460176,132.381213,132.754257,132.008169,0.746088,0.994380
left,1581,155,124,0,-1,0.698899,1234.250000,1015.500000,1453.000000,437.500000,0.874005,134.895345,125.825926,143.964765,18.138840,0.741860,1.201283,1.023256,1.379310,0.356055,0.914927,0.843500,0.806027,0.880974,0.074947,1.000000,1.000000,1.000000,1.000000,0.000000,0.625000,6.500000,5.000000,8.000000,3.000000,37.751727,1.078850,1.863636,0.654211,0.130241,0.743564,26.019224,30.591279,0.874222,18.842564,0.538473,3.405375,0.097317,87.633408,125.035239,140.194429,109.876048,30.318381,0.783740
left,1582,154,148,0,-1,0.634073,1215.750000,943.500000,1488.000000,544.500000,0.847055,134.061710,122.960777,145.162644,22.201866,0.934959,1.160976,1.121951,1.200000,0.078049,0.883722,0.835776,0.784185,0.887367,0.103181,1.000000,1.000000,1.000000,1.000000,0.000000,0.714286,6.000000,5.000000,7.000000,2.000000,35.632201,1.028479,1.460000,0.719842,0.069710,0.896172,31.048349,30.315037,0.875006,17.791230,0.513522,6.238963,0.180080,80.894404,162.052138,177.510447,146.593828,30.916619,0.825832
left,1583,154,132,0,-1,0.635568,1214.000000,943.500000,1484.500000,541.000000,0.770957,141.225917,122.960777,159.491058,36.530281,0.981481,1.188889,1.177778,1.200000,0.022222,0.935188,0.758773,0.733360,0.784185,0.050825,0.991981,0.995991,0.991981,1.000000,0.008019,0.833333,5.500000,5.000000,6.000000,1.000000,31.749575,0.917013,1.358491,0.626528,0.161862,0.892096,30.886890,26.177895,0.756088,14.147270,0.408611,2.582562,0.074591,37.038719,117.526312,133.418989,101.633634,31.785355,0.761763
left,1584,153,128,0,-1,0.801663,1462.500000,1301.500000,1623.500000,322.000000,0.896984,145.380040,137.485116,153.274963,15.789847,0.854562,1.138027,1.048780,1.227273,0.178492,0.996375,0.866826,0.865252,0.868400,0.003148,1.000000,1.000000,1.000000,1.000000,0.000000,0.857143,6.500000,6.000000,7.000000,1.000000,44.082819,1.154469,1.067568,0.558311,0.255897,0.447512,17.088007,32.963046,0.863257,21.761013,0.569891,2.774655,0.072664,73.054378,109.909536,118.014470,101.804602,16.209868,0.862645
left,1585,153,124,0,-1,0.895733,1377.250000,1301.500000,1453.000000,151.500000,0.954991,140.724941,137.485116,143.964765,6.479649,0.975663,1.036018,1.023256,1.048780,0.025525,0.982154,0.873113,0.865252,0.880974,0.015722,1.000000,1.000000,1.000000,1.000000,0.000000,0.750000,7.000000,6.000000,8.000000,2.000000,42.971439,1.158345,1.111111,0.541564,0.293883,0.385953,14.317821,34.651130,0.934061,20.880886,0.562869,1.246872,0.033611,82.724269,103.011093,108.920495,97.101691,11.818804,0.891491
left,1586,153,117,0,-1,0.983749,1312.250000,1301.500000,1323.000000,21.500000,0.980209,138.873070,137.485116,140.261024,2.775908,0.856147,1.136890,1.048780,1.225000,0.176220,0.976682,0.855164,0.845076,0.865252,0.020176,1.000000,1.000000,1.000000,1.000000,0.000000,0.833333,5.500000,5.000000,6.000000,1.000000,41.513190,1.145992,1.833333,0.607368,0.163650,0.617277,22.360680,32.841943,0.906618,20.748050,0.572760,1.769111,0.048837,85.373106,121.746999,137.334506,106.159492,31.175014,0.772999
left,1587,152,146,0,-1,0.526167,809.250000,558.000000,1060.500000,502.500000,0.780706,110.925512,97.265002,124.586023,27.321020,0.800000,1.125000,1.000000,1.250000,0.250000,0.863275,0.799887,0.741192,0.858582,0.117390,1.000000,1.000000,1.000000,1.000000,0.000000,0.833333,5.500000,5.000000,6.000000,1.000000,29.798025,1.060667,1.600000,0.616374,0.198023,0.715455,20.099751,26.347724,0.937853,14.803642,0.526939,8.783511,0.312651,80.543153,124.028456,140.840838,107.216074,33.624764,0.761257
left,1588,152,133,0,-1,0.702771,676.000000,558.000000,794.000000,236.000000,0.873821,104.287482,97.265002,111.309961,14.044959,0.979730,1.262931,1.250000,1.275862,0.025862,0.920383,0.773250,0.741192,0.805309,0.064116,1.000000,1.000000,1.000000,1.000000,0.000000,1.000000,5.000000,5.000000,5.000000,0.000000,28.175191,1.087845,1.250000,0.539088,0.252219,0.599389,15.524175,23.631497,0.912412,13.732062,0.530195,3.171121,0.122437,84.012576,116.115044,119.938338,112.291750,7.646589,0.936246
left,1589,152,130,0,-1,0.513103,822.750000,558.000000,1087.500000,529.500000,0.765659,112.149706,97.265002,127.034409,29.769406,0.819512,1.137195,1.024390,1.250000,0.225610,0.875255,0.794011,0.741192,0.846830,0.105638,1.000000,1.000000,1.000000,1.000000,0.000000,0.714286,6.000000,5.000000,7.000000,2.000000,31.929459,1.128264,1.142857,0.545086,0.232148,0.521732,14.764823,26.138131,0.923620,15.394328,0.543976,6.199690,0.219073,82.901373,105.162489,110.940423,99.384554,11.555869,0.895837
left,1590,151,125,0,-1,0.875636,1289.500000,1204.000000,1375.000000,171.000000,0.936994,139.894589,135.344137,144.445040,9.100904,0.766885,1.407986,1.222222,1.593750,0.371528,0.997356,0.827052,0.825957,0.828147,0.002190,1.000000,1.000000,1.000000,1.000000,0.000000,1.000000,6.000000,6.000000,6.000000,0.000000,39.490741,1.100332,2.351351,0.648975,0.064754,0.784630,28.160256,30.217247,0.841944,19.524255,0.544005,2.940059,0.081919,73.830807,121.065016,130.328622,111.801409,18.527212,0.857842
left,1591,151,124,0,-1,0.946318,1414.000000,1375.000000,1453.000000,78.000000,0.996675,144.204903,143.964765,144.445040,0.480275,0.642043,1.308503,1.023256,1.593750,0.570494,0.940035,0.854560,0.828147,0.880974,0.052827,1.000000,1.000000,1.000000,1.000000,0.000000,0.750000,7.000000,6.000000,8.000000,2.000000,50.562230,1.344754,1.225352,0.477567,0.308699,0.207722,7.810250,37.633672,1.000906,25.224853,0.670881,0.898001,0.023883,74.906954,102.083785,116.370168,87.797402,28.572766,0.754467
left,1592,150,140,0,-1,0.581985,1247.000000,917.500000,1576.500000,659.000000,0.745112,136.489947,116.554493,156.425401,39.870907,0.741140,1.388206,1.181818,1.594595,0.412776,0.953963,0.829171,0.809635,0.848707,0.039072,1.000000,1.000000,1.000000,1.000000,0.000000,1.000000,6.000000,6.000000,6.000000,0.000000,47.291005,1.351260,2.133333,0.498974,0.244587,0.319459,11.180340,35.407796,1.011717,23.634953,0.675329,11.519856,0.329160,88.365359,105.787621,107.969140,103.606103,4.363037,0.959590
left,1593,150,135,0,-1,0.987466,911.750000,906.000000,917.500000,11.500000,0.988877,115.906267,115.258040,116.554493,1.296454,0.945701,1.149733,1.117647,1.181818,0.064171,0.990290,0.852868,0.848707,0.857029,0.008322,1.000000,1.000000,1.000000,1.000000,0.000000,1.000000,6.000000,6.000000,6.000000,0.000000,35.062955,1.161215,1.283019,0.582814,0.225117,0.555159,16.763055,28.037966,0.928562,16.944737,0.561176,2.543715,0.084243,69.933915,115.615863,123.829022,107.402704,16.426318,0.867347
left,1594,150,131,0,-1,0.889050,974.750000,917.500000,1032.000000,114.500000,0.949287,119.667813,116.554493,122.781132,6.226638,0.934461,1.223262,1.181818,1.264706,0.082888,0.986578,0.854480,0.848707,0.860253,0.011546,1.000000,1.000000,1.000000,1.000000,0.000000,1.000000,6.000000,6.000000,6.000000,0.000000,26.779837,0.858122,1.255319,0.815090,0.062324,1.056952,32.984845,22.129761,0.709117,13.377479,0.428662,1.268434,0.040645,89.014767,148.484643,159.279515,137.689770,21.589744,0.864454
left,1595,149,143,0,-1,0.608963,655.250000,496.000000,814.500000,318.500000,0.803221,98.564238,87.808272,109.320204,21.511933,0.939271,1.151442,1.115385,1.187500,0.072115,0.943888,0.832418,0.808390,0.856446,0.048057,1.000000,1.000000,1.000000,1.000000,0.000000,0.833333,5.500000,5.000000,6.000000,1.000000,22.490789,0.885281,1.368421,0.796819,0.059519,1.050308,26.683328,20.044788,0.789002,11.242328,0.442520,4.246031,0.167132,83.705882,162.535794,166.138972,158.932616,7.206356,0.956625
left,1596,149,128,0,-1,0.305513,1059.750000,496.000000,1623.500000,1127.500000,0.572881,120.541617,87.808272,153.274963,65.466692,0.908832,1.171329,1.115385,1.227273,0.111888,0.930896,0.838395,0.808390,0.868400,0.060010,1.000000,1.000000,1.000000,1.000000,0.000000,0.714286,6.000000,5.000000,7.000000,2.000000,32.326265,1.033387,1.105263,0.649798,0.155225,0.617393,19.313208,27.654652,0.884047,16.106459,0.514882,14.198631,0.453893,68.644601,119.045750,137.214755,100.876745,36.338010,0.735174
left,1597,149,122,0,-1,0.407560,856.500000,496.000000,1217.000000,721.000000,0.651714,111.271290,87.808272,134.734309,46.926038,0.984020,1.106473,1.097561,1.115385,0.017824,0.959570,0.825420,0.808390,0.842450,0.034060,1.000000,1.000000,1.000000,1.000000,0.000000,0.833333,5.500000,5.000000,6.000000,1.000000,34.004943,1.189887,1.466667,0.564139,0.284297,0.475937,13.601471,28.560417,0.999375,16.297244,0.570267,9.936857,0.347706,77.636801,119.369580,130.770020,107.969140,22.800880,0.825641
left,1598,148,141,0,-1,0.574261,1171.250000,854.500000,1488.000000,633.500000,0.793302,130.160238,115.157833,145.162644,30.004811,0.891304,1.060976,1.000000,1.121951,0.121951,0.912498,0.848543,0.809720,0.887367,0.077646,1.000000,1.000000,1.000000,1.000000,0.000000,0.857143,6.500000,6.000000,7.000000,1.000000,34.394154,1.014481,1.529412,0.684553,0.107791,0.780941,26.476405,25.439451,0.750355,17.171295,0.506480,8.035623,0.237017,79.174689,134.234907,145.304846,123.164968,22.139878,0.847632
left,1599,148,132,0,-1,0.997648,1486.250000,1484.500000,1488.000000,3.500000,0.910162,152.326851,145.162644,159.491058,14.328414,0.952600,1.149864,1.121951,1.177778,0.055827,0.826446,0.810363,0.733360,0.887367,0.154006,0.991981,0.995991,0.991981,1.000000,0.008019,0.857143,6.500000,6.000000,7.000000,1.000000,40.724403,1.056353,1.317460,0.516685,0.248949,0.464012,17.888544,34.437121,0.893266,17.737223,0.460087,3.799172,0.098547,46.468884,84.239688,92.602562,75.876813,16.725749,0.819381
left,1600,148,118,0,-1,0.824933,1357.750000,1227.500000,1488.000000,260.500000,0.934154,140.383441,135.604238,145.162644,9.558406,0.926829,1.166239,1.121951,1.210526,0.088575,0.945326,0.863109,0.838851,0.887367,0.048516,0.997967,0.998984,0.997967,1.000000,0.002033,0.875000,7.500000,7.000000,8.000000,1.000000,37.947451,1.031036,1.295082,0.640786,0.177684,0.679253,25.000000,28.550889,0.775731,18.264228,0.496241,2.944639,0.080006,72.154125,113.886058,113.962489,113.809626,0.152862,0.998659
left,1601,147,139,0,-1,0.800189,950.500000,845.000000,1056.000000,211.000000,0.903647,119.448257,113.402401,125.494113,12.091711,0.952381,1.281250,1.250000,1.312500,0.062500,0.979930,0.834155,0.825700,0.842611,0.016911,1.000000,1.000000,1.000000,1.000000,0.000000,0.833333,5.500000,5.000000,6.000000,1.000000,28.777671,0.934871,1.148148,0.708834,0.120989,0.898518,27.658633,23.939022,0.777682,14.218235,0.461893,2.952810,0.095925,62.241638,129.861156,133.994914,125.727398,8.267516,0.938300
left,1602,147,134,0,-1,0.666404,1056.500000,845.000000,1268.000000,423.000000,0.821475,125.724824,113.402401,138.047247,24.644846,0.868217,1.226017,1.139535,1.312500,0.172965,0.987526,0.830915,0.825700,0.836130,0.010430,1.000000,1.000000,1.000000,1.000000,0.000000,0.833333,5.500000,5.000000,6.000000,1.000000,31.324505,0.968631,1.016129,0.622655,0.163985,0.694896,22.472205,25.890642,0.800603,15.641945,0.483688,4.207926,0.130119,66.888636,113.596197,139.553768,87.638625,51.915143,0.627992
left,1603,147,121,0,-1,0.740578,993.000000,845.000000,1141.000000,296.000000,0.885040,120.767456,113.402401,128.132510,14.730109,0.942356,1.274671,1.236842,1.312500,0.075658,0.945465,0.849513,0.825700,0.873327,0.047627,1.000000,1.000000,1.000000,1.000000,0.000000,0.833333,5.500000,5.000000,6.000000,1.000000,36.533027,1.162591,1.659574,0.548793,0.266616,0.450046,14.142136,29.413739,0.936034,18.266269,0.581288,2.152581,0.068502,88.089721,110.823433,115.346176,106.300690,9.045486,0.921580
left,1604,146,145,0,-1,0.768034,937.500000,814.500000,1060.500000,246.000000,0.881037,117.175483,109.764943,124.586023,14.821079,0.945946,1.028571,1.000000,1.057143,0.057143,0.989445,0.854051,0.849520,0.858582,0.009062,1.000000,1.000000,1.000000,1.000000,0.000000,0.833333,5.500000,5.000000,6.000000,1.000000,34.976805,1.144814,1.850000,0.564600,0.193600,0.492050,15.033296,27.779849,0.909253,17.473957,0.571934,2.474986,0.081008,87.913775,108.110560,134.427061,81.794059,52.633002,0.608464
left,1605,146,133,0,-1,0.748703,927.250000,794.000000,1060.500000,266.500000,0.893439,117.947992,111.309961,124.586023,13.276061,0.783784,1.137931,1.000000,1.275862,0.275862,0.937952,0.831945,0.805309,0.858582,0.053274,1.000000,1.000000,1.000000,1.000000,0.000000,0.833333,5.500000,5.000000,6.000000,1.000000,29.627742,0.975506,1.094340,0.631956,0.158264,0.722111,21.931712,23.910184,0.787253,14.591314,0.480425,3.948767,0.130015,62.962620,111.384242,123.547659,99.220824,24.326835,0.803098
left,1606,146,123,0,-1,0.751328,1236.000000,1060.500000,1411.500000,351.000000,0.893217,132.033072,124.586023,139.480121,14.894098,0.931818,1.036585,1.000000,1.073171,0.073171,0.941707,0.885156,0.858582,0.911730,0.053148,1.000000,1.000000,1.000000,1.000000,0.000000,0.857143,6.500000,6.000000,7.000000,1.000000,39.026462,1.112891,1.142857,0.582350,0.226537,0.472029,16.552945,29.186906,0.832303,19.404691,0.553351,4.239408,0.120892,76.780404,106.219475,106.741970,105.696980,1.044991,0.990210
left,1607,145,127,0,-1,0.799705,916.500000,814.500000,1018.500000,204.000000,0.877405,117.433339,109.764943,125.101735,15.336792,0.804348,1.185714,1.057143,1.314286,0.257143,0.962655,0.833657,0.817795,0.849520,0.031725,1.000000,1.000000,1.000000,1.000000,0.000000,0.833333,5.500000,5.000000,6.000000,1.000000,31.200117,1.032204,1.016949,0.634990,0.152209,0.734569,22.203603,25.097775,0.830318,15.491223,0.512501,2.210035,0.073115,80.893852,113.325735,117.681062,108.970408,8.710654,0.925981
left,1608,145,123,0,-1,0.577046,1113.000000,814.500000,1411.500000,597.000000,0.786958,124.622532,109.764943,139.480121,29.715178,0.985065,1.065157,1.057143,1.073171,0.016028,0.931767,0.880625,0.849520,0.911730,0.062210,1.000000,1.000000,1.000000,1.000000,0.000000,0.714286,6.000000,5.000000,7.000000,2.000000,33.100369,1.001382,1.218182,0.713654,0.103774,0.775442,25.632011,26.334966,0.796709,16.468570,0.498222,6.983455,0.211270,83.253158,127.934150,137.037331,118.830968,18.206362,0.867143
left,1609,144,135,0,-1,0.992333,909.500000,906.000000,913.000000,7.000000,0.993718,115.622373,115.258040,115.986705,0.728666,0.994152,1.114379,1.111111,1.117647,0.006536,0.995104,0.854931,0.852833,0.857029,0.004196,1.000000,1.000000,1.000000,1.000000,0.000000,1.000000,6.000000,6.000000,6.000000,0.000000,29.361920,0.973607,1.224490,0.755529,0.056899,0.950104,28.653098,23.383766,0.775379,14.678359,0.486717,0.490276,0.016257,85.405036,152.329794,152.602623,152.056966,0.545658,0.996424
left,1610,144,129,0,-1,0.616267,1197.250000,913.000000,1481.500000,568.500000,0.787411,131.644065,115.986705,147.301425,31.314720,0.888889,1.180556,1.111111,1.250000,0.138889,0.993955,0.855427,0.852833,0.858020,0.005187,1.000000,1.000000,1.000000,1.000000,0.000000,0.857143,6.500000,6.000000,7.000000,1.000000,37.289972,1.085492,1.421053,0.644421,0.100021,0.687008,23.600847,29.989172,0.872969,18.476127,0.537830,8.282293,0.241093,86.114867,116.418759,120.774036,112.063481,8.710555,0.927877
left,1611,144,114,0,-1,0.849698,993.750000,913.000000,1074.500000,161.500000,0.928484,120.453585,115.986705,124.920465,8.933759,0.945000,1.080556,1.050000,1.111111,0.061111,0.985633,0.859049,0.852833,0.865265,0.012431,1.000000,1.000000,1.000000,1.000000,0.000000,1.000000,6.000000,6.000000,6.000000,0.000000,37.196057,1.180912,1.767442,0.532471,0.251069,0.386235,12.165525,28.903392,0.917634,17.985922,0.571023,1.583690,0.050279,68.697641,100.767910,103.379290,98.156530,5.222760,0.949480
left,1612,143,137,0,-1,0.863733,878.750000,814.500000,943.000000,128.500000,0.913389,114.503298,109.320204,119.686393,10.366188,0.990712,1.181985,1.176471,1.187500,0.011029,0.965899,0.841844,0.827241,0.856446,0.029205,1.000000,1.000000,1.000000,1.000000,0.000000,1.000000,6.000000,6.000000,6.000000,0.000000,32.202783,1.087055,1.477273,0.621495,0.197155,0.683518,20.248457,26.541210,0.895940,15.973279,0.539203,4.515076,0.152413,84.512127,121.479779,129.390726,113.568833,15.821893,0.877720
left,1613,143,122,0,-1,0.669269,1015.750000,814.500000,1217.000000,402.500000,0.811376,122.027257,109.320204,134.734309,25.414105,0.924262,1.142530,1.097561,1.187500,0.089939,0.983658,0.849448,0.842450,0.856446,0.013996,1.000000,1.000000,1.000000,1.000000,0.000000,1.000000,6.000000,6.000000,6.000000,0.000000,36.977436,1.166021,1.064516,0.584048,0.134630,0.551608,17.492856,28.851965,0.909798,18.379817,0.579577,4.314409,0.136048,85.902387,115.071937,144.251986,85.891888,58.360098,0.595429
left,1614,143,115,0,-1,0.465961,1281.250000,814.500000,1748.000000,933.500000,0.688355,134.066939,109.320204,158.813673,49.493469,0.989583,1.193750,1.187500,1.200000,0.012500,0.983387,0.863680,0.856446,0.870914,0.014468,1.000000,1.000000,1.000000,1.000000,0.000000,0.857143,6.500000,6.000000,7.000000,1.000000,42.158033,1.198548,1.156250,0.553380,0.223220,0.382485,13.453624,34.042515,0.967824,20.562784,0.584597,13.460175,0.382671,79.956410,101.459039,108.698983,94.219095,14.479887,0.866789
left,1615,142,139,0,-1,0.930398,1019.250000,982.500000,1056.000000,73.500000,0.949480,122.324123,119.154133,125.494113,6.339980,0.937143,1.210714,1.171429,1.250000,0.078571,0.968953,0.856110,0.842611,0.869609,0.026998,1.000000,1.000000,1.000000,1.000000,0.000000,1.000000,6.000000,6.000000,6.000000,0.000000,33.364610,1.045241,1.511111,0.580195,0.213147,0.540802,17.262677,27.139355,0.850217,16.500324,0.516919,0.237885,0.007452,84.813462,110.936488,142.804099,79.068877,63.735222,0.553688
left,1616,142,138,0,-1,0.665649,818.250000,654.000000,982.500000,328.500000,0.912664,113.950925,108.747716,119.154133,10.406417,0.893985,1.240887,1.171429,1.310345,0.138916,0.799140,0.782275,0.694940,0.869609,0.174669,1.000000,1.000000,1.000000,1.000000,0.000000,0.833333,5.500000,5.000000,6.000000,1.000000,24.831126,0.872518,1.311111,0.687251,0.121601,0.964859,27.459060,19.979591,0.702045,12.294313,0.431999,4.611374,0.162035,41.315012,130.436669,136.606003,124.267335,12.338668,0.909677
left,1617,142,111,0,-1,0.935269,1016.500000,982.500000,1050.500000,68.000000,0.930533,123.601722,119.154133,128.049311,8.895178,0.911111,1.228571,1.171429,1.285714,0.114286,0.925821,0.837356,0.805103,0.869609,0.064506,1.000000,1.000000,1.000000,1.000000,0.000000,1.000000,6.000000,6.000000,6.000000,0.000000,40.036355,1.255919,1.547170,0.537160,0.199213,0.456746,14.560220,30.470301,0.955837,19.638353,0.616045,1.651604,0.051810,83.463342,112.993499,124.744472,101.242526,23.501946,0.811599
left,1618,142,107,0,-1,0.619874,1283.750000,982.500000,1585.000000,602.500000,0.773580,136.591809,119.154133,154.029484,34.875351,0.997884,1.172671,1.171429,1.173913,0.002484,0.965400,0.854565,0.839521,0.869609,0.030089,1.000000,1.000000,1.000000,1.000000,0.000000,0.857143,6.500000,6.000000,7.000000,1.000000,43.126828,1.212161,1.698113,0.536081,0.261149,0.391484,13.928388,32.866637,0.923779,21.384513,0.601052,8.888639,0.249832,72.067381,103.221056,114.203677,92.238435,21.965242,0.807666
left,1619,141,129,0,-1,0.576780,1168.000000,854.500000,1481.500000,627.000000,0.781784,131.229629,115.157833,147.301425,32.143592,0.800000,1.125000,1.000000,1.250000,0.250000,0.943707,0.833870,0.809720,0.858020,0.048300,1.000000,1.000000,1.000000,1.000000,0.000000,0.857143,6.500000,6.000000,7.000000,1.000000,30.394814,0.897634,1.320755,0.802637,0.041096,1.051621,35.608988,21.449353,0.633452,15.010153,0.443287,6.909731,0.204061,74.814205,155.352080,161.565051,149.139108,12.425943,0.923090
left,1620,141,118,0,-1,0.696130,1041.000000,854.500000,1227.500000,373.000000,0.849220,125.381035,115.157833,135.604238,20.446405,0.826087,1.105263,1.000000,1.210526,0.210526,0.965273,0.824286,0.809720,0.838851,0.029131,0.997967,0.998984,0.997967,1.000000,0.002033,0.750000,7.000000,6.000000,8.000000,2.000000,36.441913,1.134069,1.031746,0.567753,0.216138,0.561635,18.047456,24.582112,0.764993,18.161758,0.565192,3.066083,0.095416,87.074949,98.864150,100.885527,96.842773,4.042754,0.959927
left,1621,140,131,0,-1,0.654615,1304.250000,1032.000000,1576.500000,544.500000,0.784918,139.603266,122.781132,156.425401,33.644269,0.793121,1.429650,1.264706,1.594595,0.329889,0.941159,0.834944,0.809635,0.860253,0.050618,1.000000,1.000000,1.000000,1.000000,0.000000,1.000000,6.000000,6.000000,6.000000,0.000000,44.048349,1.226462,1.803922,0.562176,0.166187,0.525351,18.867962,33.181677,0.923896,21.678803,0.603615,7.210505,0.200766,76.628352,111.203197,114.341090,108.065304,6.275786,0.945113
left,1622,140,130,0,-1,0.689819,1332.000000,1087.500000,1576.500000,489.000000,0.812109,141.729905,127.034409,156.425401,29.390992,0.642414,1.309492,1.024390,1.594595,0.570204,0.956077,0.828233,0.809635,0.846830,0.037195,1.000000,1.000000,1.000000,1.000000,0.000000,0.857143,6.500000,6.000000,7.000000,1.000000,39.578788,1.089088,1.634615,0.681189,0.074512,0.849914,30.886890,30.640973,0.843147,19.580036,0.538783,6.239776,0.171700,77.026874,155.668152,162.501452,148.834853,13.666598,0.915899
left,1623,140,116,0,-1,0.620044,1277.000000,977.500000,1576.500000,599.000000,0.813147,141.811119,127.196838,156.425401,29.228563,0.877966,1.497297,1.400000,1.594595,0.194595,0.937745,0.784433,0.759231,0.809635,0.050404,1.000000,1.000000,1.000000,1.000000,0.000000,0.833333,5.500000,5.000000,6.000000,1.000000,29.672013,0.836183,1.152542,0.693322,0.112373,0.964757,34.234486,24.769844,0.698035,14.814383,0.417482,5.995129,0.168948,15.548364,111.019928,123.219476,98.820380,24.399097,0.801987
left,1624,139,121,0,-1,0.925504,1098.500000,1056.000000,1141.000000,85.000000,0.979409,126.813312,125.494113,128.132510,2.638398,0.989474,1.243421,1.236842,1.250000,0.013158,0.964829,0.857969,0.842611,0.873327,0.030716,1.000000,1.000000,1.000000,1.000000,0.000000,1.000000,6.000000,6.000000,6.000000,0.000000,33.722282,1.017650,1.061538,0.638016,0.161584,0.688150,22.803509,26.325277,0.794427,16.845756,0.508360,0.999096,0.030150,81.847052,116.609674,122.560438,110.658910,11.901528,0.902893
left,1625,139,111,0,-1,0.994792,1053.250000,1050.500000,1056.000000,5.500000,0.980045,126.771712,125.494113,128.049311,2.555199,0.972222,1.267857,1.250000,1.285714,0.035714,0.955486,0.823857,0.805103,0.842611,0.037508,1.000000,1.000000,1.000000,1.000000,0.000000,1.000000,6.000000,6.000000,6.000000,0.000000,37.877532,1.167122,1.660000,0.573099,0.137669,0.595099,19.313208,29.589065,0.911729,18.924270,0.583114,1.062333,0.032734,87.430462,116.259213,116.565051,115.953376,0.611675,0.994752
left,1626,138,126,0,-1,0.436291,1076.500000,654.000000,1499.000000,845.000000,0.713752,130.554168,108.747716,152.360619,43.612903,0.949708,1.277395,1.244444,1.310345,0.065900,0.856409,0.753199,0.694940,0.811458,0.116518,1.000000,1.000000,1.000000,1.000000,0.000000,0.833333,5.500000,5.000000,6.000000,1.000000,24.203857,0.752955,1.035714,0.847747,0.022759,1.282652,41.231056,20.029397,0.623092,12.100214,0.376424,8.053046,0.250521,28.151602,167.097939,169.695154,164.500725,5.194429,0.969390
left,1627,138,107,0,-1,0.412618,1119.500000,654.000000,1585.000000,931.000000,0.706019,131.388600,108.747716,154.029484,45.281768,0.895881,1.242129,1.173913,1.310345,0.136432,0.827782,0.767230,0.694940,0.839521,0.144581,1.000000,1.000000,1.000000,1.000000,0.000000,0.714286,6.000000,5.000000,7.000000,2.000000,43.376340,1.326788,1.596154,0.526574,0.200536,0.483636,15.811388,34.824431,1.065204,20.950608,0.640834,11.680758,0.357289,73.634311,119.444881,121.528988,117.360775,4.168213,0.965702
left,1628,137,136,0,-1,0.866728,1015.500000,943.000000,1088.000000,145.000000,0.906392,125.866700,119.686393,132.047008,12.360615,0.851064,1.279412,1.176471,1.382353,0.205882,0.947872,0.805680,0.784118,0.827241,0.043123,1.000000,1.000000,1.000000,1.000000,0.000000,1.000000,6.000000,6.000000,6.000000,0.000000,42.817474,1.344492,2.289474,0.509868,0.209257,0.439608,14.000000,33.585850,1.054614,21.323296,0.669563,4.908912,0.154143,79.047378,115.130458,133.389699,96.871216,36.518483,0.726227
left,1629,137,119,0,-1,0.878026,1008.500000,943.000000,1074.000000,131.000000,0.925627,124.494719,119.686393,129.303046,9.616654,0.962567,1.199346,1.176471,1.222222,0.045752,0.975809,0.817235,0.807229,0.827241,0.020012,1.000000,1.000000,1.000000,1.000000,0.000000,0.833333,5.500000,5.000000,6.000000,1.000000,41.048882,1.293281,1.327586,0.517997,0.305404,0.437693,13.892444,31.109578,0.980134,20.115786,0.633765,2.402336,0.075688,80.128800,120.932710,128.480198,113.385221,15.094977,0.882511
left,1630,137,115,0,-1,0.539474,1345.500000,943.000000,1748.000000,805.000000,0.753628,139.250033,119.686393,158.813673,39.127280,0.980392,1.188235,1.176471,1.200000,0.023529,0.949853,0.849078,0.827241,0.870914,0.043674,1.000000,1.000000,1.000000,1.000000,0.000000,0.857143,6.500000,6.000000,7.000000,1.000000,31.472360,0.867995,1.163636,0.796859,0.068190,0.999736,36.249138,25.993509,0.716890,15.690631,0.432741,7.614061,0.209993,74.336764,143.959696,152.212072,135.707319,16.504753,0.891567
left,1631,136,119,0,-1,0.987132,1081.000000,1074.000000,1088.000000,14.000000,0.979220,130.675027,129.303046,132.047008,2.743962,0.884161,1.302288,1.222222,1.382353,0.160131,0.971371,0.795674,0.784118,0.807229,0.023110,1.000000,1.000000,1.000000,1.000000,0.000000,0.833333,5.500000,5.000000,6.000000,1.000000,26.378871,0.802316,1.000000,0.831797,0.034228,1.226072,40.311289,21.919226,0.666676,13.162250,0.400331,0.353008,0.010737,49.325352,160.806730,171.869898,149.743563,22.126335,0.871261
left,1632,135,131,0,-1,0.877907,969.000000,906.000000,1032.000000,126.000000,0.938728,119.019586,115.258040,122.781132,7.523092,0.883721,1.191176,1.117647,1.264706,0.147059,0.996252,0.858641,0.857029,0.860253,0.003224,1.000000,1.000000,1.000000,1.000000,0.000000,1.000000,6.000000,6.000000,6.000000,0.000000,35.835799,1.151821,1.727273,0.585311,0.196594,0.547352,17.029386,28.730857,0.923457,17.707807,0.569158,4.299797,0.138203,75.042184,120.224551,147.131321,93.317781,53.813540,0.634248
left,1633,135,114,0,-1,0.843183,990.250000,906.000000,1074.500000,168.500000,0.922651,120.089252,115.258040,124.920465,9.662425,0.939474,1.083824,1.050000,1.117647,0.067647,0.990482,0.861147,0.857029,0.865265,0.008236,1.000000,1.000000,1.000000,1.000000,0.000000,1.000000,6.000000,6.000000,6.000000,0.000000,32.275558,1.026586,1.140351,0.638842,0.148447,0.680698,21.400935,25.005087,0.795335,16.027648,0.509790,1.412339,0.044922,88.022391,111.823340,113.860175,109.786504,4.073671,0.964222
left,1634,135,113,0,-1,0.990618,901.750000,897.500000,906.000000,8.500000,0.983442,116.228324,115.258040,117.198608,1.940568,0.824930,1.236243,1.117647,1.354839,0.237192,0.958084,0.839068,0.821106,0.857029,0.035923,1.000000,1.000000,1.000000,1.000000,0.000000,1.000000,6.000000,6.000000,6.000000,0.000000,32.786959,1.091841,1.200000,0.567159,0.257832,0.542102,16.278821,25.996013,0.865695,15.978043,0.532086,1.698795,0.056572,79.695921,111.523700,114.164837,108.882563,5.282274,0.953731
left,1635,134,127,0,-1,0.803233,1143.250000,1018.500000,1268.000000,249.500000,0.906224,131.574491,125.101735,138.047247,12.945512,0.867037,1.226910,1.139535,1.314286,0.174751,0.978072,0.826962,0.817795,0.836130,0.018335,1.000000,1.000000,1.000000,1.000000,0.000000,1.000000,6.000000,6.000000,6.000000,0.000000,28.033124,0.830329,1.140351,0.859630,0.027553,1.189586,40.162171,23.028325,0.682089,13.964205,0.413614,2.516757,0.074545,75.820091,163.581936,163.926426,163.237446,0.688980,0.995797
left,1636,134,121,0,-1,0.899842,1204.500000,1141.000000,1268.000000,127.000000,0.928179,133.089879,128.132510,138.047247,9.914737,0.921326,1.188188,1.139535,1.236842,0.097307,0.957407,0.854728,0.836130,0.873327,0.037197,1.000000,1.000000,1.000000,1.000000,0.000000,1.000000,6.000000,6.000000,6.000000,0.000000,38.420895,1.107427,1.153846,0.620732,0.132835,0.653475,22.671568,29.632271,0.854108,18.995226,0.547510,1.774767,0.051155,83.421556,119.652205,125.158868,114.145542,11.013326,0.912005
left,1637,134,104,0,-1,0.800758,1425.750000,1268.000000,1583.500000,315.500000,0.919185,144.115859,138.047247,150.184471,12.137224,0.952236,1.112321,1.085106,1.139535,0.054429,0.947754,0.859176,0.836130,0.882222,0.046092,1.000000,1.000000,1.000000,1.000000,0.000000,0.857143,6.500000,6.000000,7.000000,1.000000,43.671240,1.158354,1.823529,0.539840,0.227950,0.405746,15.297059,33.578987,0.890663,21.593452,0.572754,1.568986,0.041616,87.074972,95.646967,99.186400,92.107534,7.078866,0.928631
left,1638,133,130,0,-1,0.730115,940.750000,794.000000,1087.500000,293.500000,0.876219,119.172185,111.309961,127.034409,15.724447,0.802900,1.150126,1.024390,1.275862,0.251472,0.950968,0.826069,0.805309,0.846830,0.041522,1.000000,1.000000,1.000000,1.000000,0.000000,0.714286,6.000000,5.000000,7.000000,2.000000,35.245455,1.152655,1.809524,0.590297,0.177518,0.624802,19.104973,26.349579,0.861727,17.597723,0.575510,2.865279,0.093705,85.882902,125.875934,136.767827,114.984040,21.783787,0.840724
left,1639,133,123,0,-1,0.562522,1102.750000,794.000000,1411.500000,617.500000,0.798035,125.395041,111.309961,139.480121,28.170159,0.841134,1.174516,1.073171,1.275862,0.202691,0.883276,0.858519,0.805309,0.911730,0.106421,1.000000,1.000000,1.000000,1.000000,0.000000,0.714286,6.000000,5.000000,7.000000,2.000000,37.843733,1.151176,1.813953,0.626416,0.155747,0.615190,20.223748,29.934708,0.910590,18.847001,0.573311,6.619095,0.201348,83.343218,125.900426,130.755361,121.045491,9.709870,0.925740
left,1640,133,106,0,-1,0.481504,1221.500000,794.000000,1649.000000,855.000000,0.735028,131.373162,111.309961,151.436363,40.126401,0.819410,1.160658,1.045455,1.275862,0.230408,0.891235,0.854448,0.805309,0.903587,0.098279,1.000000,1.000000,1.000000,1.000000,0.000000,0.625000,6.500000,5.000000,8.000000,3.000000,30.875628,0.897731,1.456522,0.818265,0.051576,1.003850,34.525353,26.482153,0.769988,15.396502,0.447665,9.329965,0.271276,71.110314,150.724355,151.016986,150.431723,0.585262,0.996125
left,1641,132,118,0,-1,0.826878,1356.000000,1227.500000,1484.500000,257.000000,0.850231,147.547648,135.604238,159.491058,23.886820,0.972947,1.194152,1.177778,1.210526,0.032749,0.874244,0.786106,0.733360,0.838851,0.105491,0.994002,0.994974,0.991981,0.997967,0.005986,0.750000,7.000000,6.000000,8.000000,2.000000,47.996948,1.304887,1.606557,0.540729,0.204830,0.598729,22.022716,35.719470,0.971101,22.998295,0.625252,6.339297,0.172346,72.998355,138.562508,153.434949,123.690068,29.744881,0.806140
left,1642,132,109,0,-1,0.932475,1538.250000,1484.500000,1592.000000,107.500000,0.975699,161.477203,159.491058,163.463349,3.972291,0.844074,1.286563,1.177778,1.395349,0.217571,0.979502,0.741034,0.733360,0.748707,0.015347,0.991981,0.995991,0.991981,1.000000,0.008019,1.000000,6.000000,6.000000,6.000000,0.000000,30.848432,0.786658,1.316667,0.735867,0.070047,1.195275,46.872167,24.366466,0.621363,14.872596,0.379262,0.102171,0.002605,34.451059,128.525346,154.777573,102.273120,52.504453,0.660775
left,1643,131,116,0,-1,0.947190,1004.750000,977.500000,1032.000000,54.500000,0.965284,124.988985,122.781132,127.196838,4.415706,0.903361,1.332353,1.264706,1.400000,0.135294,0.882567,0.809742,0.759231,0.860253,0.101022,1.000000,1.000000,1.000000,1.000000,0.000000,0.833333,5.500000,5.000000,6.000000,1.000000,41.193736,1.299697,1.686275,0.515429,0.242100,0.451739,14.317821,32.186074,1.015498,20.482046,0.646226,0.772809,0.024383,78.097073,124.466247,128.715220,120.217274,8.497946,0.933979
left,1644,131,113,0,-1,0.869671,964.750000,897.500000,1032.000000,134.500000,0.954533,119.989870,117.198608,122.781132,5.582524,0.933473,1.309772,1.264706,1.354839,0.090133,0.954494,0.840680,0.821106,0.860253,0.039147,1.000000,1.000000,1.000000,1.000000,0.000000,1.000000,6.000000,6.000000,6.000000,0.000000,31.433946,1.012642,1.125000,0.654731,0.113760,0.765740,23.769729,23.309632,0.750918,14.572166,0.469441,1.748129,0.056316,51.980732,110.941693,117.897271,103.986116,13.911155,0.882006
left,1645,131,102,0,-1,0.693548,1260.000000,1032.000000,1488.000000,456.000000,0.835049,134.907894,122.781132,147.034655,24.253524,0.790698,1.132353,1.000000,1.264706,0.264706,0.994610,0.862584,0.860253,0.864915,0.004662,1.000000,1.000000,1.000000,1.000000,0.000000,0.750000,7.000000,6.000000,8.000000,2.000000,42.272070,1.195826,1.134328,0.558152,0.228571,0.447285,15.811388,32.229921,0.911746,20.807044,0.588606,8.428118,0.238421,69.433337,104.679669,106.572637,102.786701,3.785935,0.964476
left,1646,130,116,0,-1,0.898851,1032.500000,977.500000,1087.500000,110.000000,0.998723,127.115623,127.034409,127.196838,0.162429,0.731707,1.212195,1.024390,1.400000,0.375610,0.896556,0.803031,0.759231,0.846830,0.087599,1.000000,1.000000,1.000000,1.000000,0.000000,0.714286,6.000000,5.000000,7.000000,2.000000,41.909356,1.304729,1.396552,0.484506,0.416949,0.354961,11.401754,33.282580,1.036158,18.820665,0.585928,0.626562,0.019506,56.821170,114.082880,115.820992,112.344767,3.476225,0.969986
left,1647,130,112,0,-1,0.991264,1082.750000,1078.000000,1087.500000,9.500000,0.972950,128.800295,127.034409,130.566180,3.531772,0.719253,1.224316,1.024390,1.424242,0.399852,0.938363,0.820732,0.794634,0.846830,0.052196,1.000000,1.000000,1.000000,1.000000,0.000000,0.857143,6.500000,6.000000,7.000000,1.000000,32.574824,0.989963,1.196429,0.623594,0.124221,0.740056,24.351591,26.795608,0.814330,16.286636,0.494958,0.343732,0.010446,87.356094,113.941482,145.007980,82.874984,62.132996,0.571520
left,1648,130,106,0,-1,0.659491,1368.250000,1087.500000,1649.000000,561.500000,0.838863,139.235386,127.034409,151.436363,24.401954,0.979852,1.034922,1.024390,1.045455,0.021064,0.937187,0.875209,0.846830,0.903587,0.056757,1.000000,1.000000,1.000000,1.000000,0.000000,0.875000,7.500000,7.000000,8.000000,1.000000,45.683585,1.241652,1.026316,0.532771,0.232596,0.331767,12.206556,34.587340,0.940063,22.465102,0.610588,7.513159,0.204203,76.710330,101.588991,109.179008,93.998974,15.180034,0.860962
left,1649,129,118,0,-1,0.828552,1354.500000,1227.500000,1481.500000,254.000000,0.920590,141.452831,135.604238,147.301425,11.697188,0.968421,1.230263,1.210526,1.250000,0.039474,0.977659,0.848436,0.838851,0.858020,0.019169,0.997967,0.998984,0.997967,1.000000,0.002033,0.875000,7.500000,7.000000,8.000000,1.000000,51.407012,1.398336,1.714286,0.471279,0.308047,0.192342,7.071068,33.818324,0.919902,24.204124,0.658383,3.871338,0.105305,64.037648,99.370881,101.592175,97.149586,4.442590,0.956270
left,1650,129,114,0,-1,0.725278,1278.000000,1074.500000,1481.500000,407.000000,0.848060,136.110945,124.920465,147.301425,22.380961,0.840000,1.150000,1.050000,1.250000,0.200000,0.991627,0.861643,0.858020,0.865265,0.007245,1.000000,1.000000,1.000000,1.000000,0.000000,0.857143,6.500000,6.000000,7.000000,1.000000,40.900545,1.147766,1.333333,0.566268,0.215767,0.477885,17.029386,32.220519,0.904184,19.994694,0.561098,3.588759,0.100709,72.880272,114.477352,135.846674,93.108031,42.738643,0.685391
left,1651,129,110,0,-1,0.620992,1200.750000,920.000000,1481.500000,561.500000,0.804463,132.899984,118.498543,147.301425,28.802882,0.820000,1.137500,1.025000,1.250000,0.225000,0.959564,0.840673,0.823326,0.858020,0.034695,1.000000,1.000000,1.000000,1.000000,0.000000,0.857143,6.500000,6.000000,7.000000,1.000000,40.340202,1.172310,1.027397,0.561935,0.141995,0.494884,17.029386,30.600328,0.889263,20.142508,0.585353,7.877876,0.228936,87.799061,93.670817,99.727579,87.614056,12.113523,0.878534
left,1652,129,108,0,-1,0.654742,1225.750000,970.000000,1481.500000,511.500000,0.826891,134.551852,121.802278,147.301425,25.499148,0.861538,1.163462,1.076923,1.250000,0.173077,0.957576,0.839820,0.821620,0.858020,0.036401,1.000000,1.000000,1.000000,1.000000,0.000000,0.714286,6.000000,5.000000,7.000000,2.000000,34.234300,0.983249,1.333333,0.676539,0.142770,0.800079,27.856777,26.934210,0.773582,17.072676,0.490347,3.830091,0.110005,85.250785,128.582195,141.546291,115.618100,25.928191,0.816822
left,1653,128,122,0,-1,0.749615,1420.250000,1217.000000,1623.500000,406.500000,0.879037,144.004636,134.734309,153.274963,18.540654,0.894309,1.162417,1.097561,1.227273,0.129712,0.970117,0.855425,0.842450,0.868400,0.025950,1.000000,1.000000,1.000000,1.000000,0.000000,0.857143,6.500000,6.000000,7.000000,1.000000,34.887988,0.928141,1.142857,0.768342,0.079563,0.963985,36.235342,27.199625,0.723604,17.327931,0.460983,3.787606,0.100763,75.489885,139.230390,150.107545,128.353234,21.754310,0.855075
left,1654,128,117,0,-1,0.814906,1473.250000,1323.000000,1623.500000,300.500000,0.915094,146.767994,140.261024,153.274963,13.013939,0.998148,1.226136,1.225000,1.227273,0.002273,0.973141,0.856738,0.845076,0.868400,0.023324,1.000000,1.000000,1.000000,1.000000,0.000000,0.714286,6.000000,5.000000,7.000000,2.000000,35.129444,0.916431,1.044118,0.734941,0.104700,0.901050,34.539832,27.897383,0.727767,17.287872,0.450993,2.463968,0.064278,56.425151,121.883067,122.905243,120.860892,2.044351,0.983366
left,1655,128,98,0,-1,0.825685,1482.000000,1340.500000,1623.500000,283.000000,0.897759,145.439477,137.603990,153.274963,15.670974,0.873016,1.149351,1.071429,1.227273,0.155844,0.976124,0.879020,0.868400,0.889641,0.021241,1.000000,1.000000,1.000000,1.000000,0.000000,1.000000,7.000000,7.000000,7.000000,0.000000,48.753750,1.267887,2.000000,0.541601,0.239372,0.372348,14.317821,36.801552,0.957059,24.122209,0.627321,5.982721,0.155586,75.061524,108.449145,112.890552,104.007738,8.882814,0.921315
left,1656,127,123,0,-1,0.721573,1215.000000,1018.500000,1411.500000,393.000000,0.896914,132.290928,125.101735,139.480121,14.378386,0.816543,1.193728,1.073171,1.314286,0.241115,0.896970,0.864762,0.817795,0.911730,0.093935,1.000000,1.000000,1.000000,1.000000,0.000000,0.857143,6.500000,6.000000,7.000000,1.000000,38.564994,1.110041,1.452830,0.565711,0.200617,0.464122,16.124515,30.681544,0.883127,19.186936,0.552270,6.077668,0.174937,76.704989,102.793227,105.281608,100.304846,4.976761,0.952729
left,1657,127,104,0,-1,0.643195,1301.000000,1018.500000,1583.500000,565.000000,0.832987,137.643103,125.101735,150.184471,25.082736,0.825624,1.199696,1.085106,1.314286,0.229179,0.926971,0.850008,0.817795,0.882222,0.064427,1.000000,1.000000,1.000000,1.000000,0.000000,0.857143,6.500000,6.000000,7.000000,1.000000,42.576272,1.187504,1.154930,0.561632,0.216756,0.474151,17.000000,32.987450,0.920060,20.775097,0.579443,5.247943,0.146372,76.681315,108.501806,119.427456,97.576155,21.851302,0.817033
left,1658,127,100,0,-1,0.841040,1114.750000,1018.500000,1211.000000,192.500000,0.941968,128.955308,125.101735,132.808881,7.707147,0.885131,1.399567,1.314286,1.484848,0.170563,0.947861,0.840287,0.817795,0.862779,0.044985,1.000000,1.000000,1.000000,1.000000,0.000000,0.857143,6.500000,6.000000,7.000000,1.000000,39.183982,1.174697,1.829787,0.591364,0.153846,0.603316,20.124612,29.840621,0.894592,19.315738,0.579066,3.595595,0.107792,69.752239,125.607584,136.005086,115.210082,20.795004,0.847101
left,1659,126,120,0,-1,0.485657,1113.500000,728.000000,1499.000000,771.000000,0.785948,136.054047,119.747476,152.360619,32.613143,0.688416,1.526068,1.244444,1.807692,0.563248,0.786217,0.724720,0.637982,0.811458,0.173476,1.000000,1.000000,1.000000,1.000000,0.000000,0.833333,5.500000,5.000000,6.000000,1.000000,24.364915,0.741720,1.235294,0.838721,0.033902,1.361414,44.721360,20.184408,0.614457,11.962862,0.364175,7.612739,0.231748,29.830195,150.787137,153.745492,147.828783,5.916709,0.961516
left,1660,126,107,0,-1,0.945741,1542.000000,1499.000000,1585.000000,86.000000,0.989165,153.195052,152.360619,154.029484,1.668865,0.943323,1.209179,1.173913,1.244444,0.070531,0.966573,0.825489,0.811458,0.839521,0.028063,1.000000,1.000000,1.000000,1.000000,0.000000,0.857143,6.500000,6.000000,7.000000,1.000000,48.141827,1.226091,1.049383,0.511903,0.235571,0.397828,15.620499,37.434103,0.953383,24.070366,0.613031,0.064780,0.001650,74.920777,93.448575,108.758650,78.138501,30.620150,0.718458
left,1661,126,94,0,-1,0.881921,1410.500000,1322.000000,1499.000000,177.000000,0.928825,146.938497,141.516375,152.360619,10.844244,0.875000,1.166667,1.088889,1.244444,0.155556,0.978224,0.820490,0.811458,0.829522,0.018064,1.000000,1.000000,1.000000,1.000000,0.000000,1.000000,6.000000,6.000000,6.000000,0.000000,49.252189,1.312058,1.771930,0.513177,0.212691,0.413558,15.524175,36.617422,0.975473,24.585436,0.654946,3.483077,0.092788,86.927455,105.562618,106.504361,104.620874,1.883487,0.982315
left,1662,125,124,0,-1,0.828630,1328.500000,1204.000000,1453.000000,249.000000,0.940120,139.654451,135.344137,143.964765,8.620629,0.837209,1.122739,1.023256,1.222222,0.198966,0.937550,0.853465,0.825957,0.880974,0.055017,1.000000,1.000000,1.000000,1.000000,0.000000,0.750000,7.000000,6.000000,8.000000,2.000000,39.247438,1.077975,1.727273,0.617040,0.173504,0.641203,23.345235,28.092845,0.771602,19.447120,0.534137,2.575553,0.070740,71.189688,116.950594,120.599979,113.301210,7.298769,0.939480
left,1663,125,120,0,-1,0.604651,966.000000,728.000000,1204.000000,476.000000,0.884763,127.545806,119.747476,135.344137,15.596661,0.676123,1.514957,1.222222,1.807692,0.585470,0.772416,0.731970,0.637982,0.825957,0.187975,1.000000,1.000000,1.000000,1.000000,0.000000,0.833333,5.500000,5.000000,6.000000,1.000000,25.847307,0.838107,1.291667,0.774143,0.034679,1.264588,39.000000,19.181138,0.621955,12.593715,0.408355,5.922705,0.192046,36.579987,144.525407,148.736268,140.314546,8.421723,0.943378
left,1664,125,105,0,-1,0.578073,950.000000,696.000000,1204.000000,508.000000,0.816627,122.934940,110.525744,135.344137,24.818393,0.991736,1.217172,1.212121,1.222222,0.010101,0.866832,0.770961,0.715966,0.825957,0.109991,1.000000,1.000000,1.000000,1.000000,0.000000,0.833333,5.500000,5.000000,6.000000,1.000000,29.706569,0.972702,1.690476,0.690611,0.077895,0.981218,29.966648,26.329078,0.862111,14.827244,0.485498,6.417766,0.210141,83.736807,136.123630,138.691386,133.555874,5.135512,0.962972
left,1665,125,84,0,-1,0.742751,1412.500000,1204.000000,1621.000000,417.000000,0.886904,143.973549,135.344137,152.602962,17.258825,0.938492,1.262274,1.222222,1.302326,0.080103,0.944258,0.850336,0.825957,0.874716,0.048759,1.000000,1.000000,1.000000,1.000000,0.000000,0.857143,6.500000,6.000000,7.000000,1.000000,48.453498,1.292777,1.732143,0.490693,0.271150,0.253116,9.486833,37.528057,1.001278,24.226137,0.646372,4.649257,0.124046,82.676889,98.352011,111.250506,85.453517,25.796989,0.768118
left,1666,124,117,0,-1,0.910530,1388.000000,1323.000000,1453.000000,130.000000,0.974273,142.112895,140.261024,143.964765,3.703741,0.835311,1.124128,1.023256,1.225000,0.201744,0.959252,0.863025,0.845076,0.880974,0.035898,1.000000,1.000000,1.000000,1.000000,0.000000,0.625000,6.500000,5.000000,8.000000,3.000000,35.963450,0.965574,1.549020,0.737599,0.075648,0.896122,33.376639,29.123014,0.781917,17.964500,0.482325,2.018777,0.054202,78.623626,139.466126,144.920013,134.012240,10.907773,0.924732
left,1667,124,105,0,-1,0.479009,1074.500000,696.000000,1453.000000,757.000000,0.767728,127.245254,110.525744,143.964765,33.439022,0.844186,1.117689,1.023256,1.212121,0.188865,0.812698,0.798470,0.715966,0.880974,0.165008,1.000000,1.000000,1.000000,1.000000,0.000000,0.625000,6.500000,5.000000,8.000000,3.000000,40.247157,1.247973,1.044776,0.468572,0.372499,0.223600,7.211103,32.333603,1.002592,19.870931,0.616152,6.459005,0.200279,85.227694,93.190912,105.844147,80.537678,25.306469,0.760908
left,1668,124,101,0,-1,0.511012,1097.750000,742.500000,1453.000000,710.500000,0.779840,128.117122,112.269479,143.964765,31.695286,0.674419,1.270249,1.023256,1.517241,0.493986,0.840272,0.810616,0.740258,0.880974,0.140716,1.000000,1.000000,1.000000,1.000000,0.000000,0.625000,6.500000,5.000000,8.000000,3.000000,38.405530,1.175072,1.695652,0.581799,0.183557,0.588534,19.235384,28.958755,0.886035,18.700561,0.572171,6.302985,0.192849,66.555102,113.247167,121.239215,105.255119,15.984096,0.868161
left,1669,124,99,0,-1,0.757054,1276.500000,1100.000000,1453.000000,353.000000,0.887162,135.842410,127.720055,143.964765,16.244711,0.998298,1.024128,1.023256,1.025000,0.001744,0.961881,0.864183,0.847392,0.880974,0.033582,1.000000,1.000000,1.000000,1.000000,0.000000,0.750000,7.000000,6.000000,8.000000,2.000000,44.312273,1.243252,1.253968,0.528478,0.269487,0.354891,12.649111,33.934753,0.952094,21.850429,0.613049,5.088546,0.142767,72.128439,107.015084,108.937163,105.093005,3.844158,0.964712
left,1670,123,106,0,-1,0.855973,1530.250000,1411.500000,1649.000000,237.500000,0.921048,145.458242,139.480121,151.436363,11.956242,0.974174,1.059313,1.045455,1.073171,0.027716,0.991069,0.907659,0.903587,0.911730,0.008142,1.000000,1.000000,1.000000,1.000000,0.000000,0.875000,7.500000,7.000000,8.000000,1.000000,45.472407,1.163307,1.307692,0.555768,0.215161,0.356326,13.928388,34.631033,0.885956,22.536034,0.576533,2.507212,0.064141,81.300607,92.265896,96.009006,88.522786,7.486220,0.922026
left,1671,123,103,0,-1,0.517535,1071.000000,730.500000,1411.500000,681.000000,0.747581,121.876397,104.272673,139.480121,35.207448,0.962879,1.053252,1.033333,1.073171,0.039837,0.926026,0.878007,0.844285,0.911730,0.067445,1.000000,1.000000,1.000000,1.000000,0.000000,0.714286,6.000000,5.000000,7.000000,2.000000,32.576722,1.008603,1.613636,0.747864,0.090570,0.836516,27.018512,26.981113,0.835358,16.224254,0.502317,7.979739,0.247060,88.973663,149.466115,150.832387,148.099843,2.732544,0.981884
left,1672,123,100,0,-1,0.857953,1311.250000,1211.000000,1411.500000,200.500000,0.952171,136.144501,132.808881,139.480121,6.671239,0.722748,1.279010,1.073171,1.484848,0.411678,0.946310,0.887255,0.862779,0.911730,0.048950,1.000000,1.000000,1.000000,1.000000,0.000000,1.000000,7.000000,7.000000,7.000000,0.000000,39.016985,1.078274,1.174603,0.610756,0.170257,0.552720,20.000000,31.194246,0.862084,19.152234,0.529291,2.599593,0.071842,79.660019,105.420712,123.690068,87.151356,36.538712,0.704595
left,1673,122,115,0,-1,0.696224,1482.500000,1217.000000,1748.000000,531.000000,0.848380,146.773991,134.734309,158.813673,24.079364,0.914634,1.148780,1.097561,1.200000,0.102439,0.967316,0.856682,0.842450,0.870914,0.028465,1.000000,1.000000,1.000000,1.000000,0.000000,0.857143,6.500000,6.000000,7.000000,1.000000,43.543176,1.135495,1.918367,0.613329,0.134064,0.613790,23.537205,33.275764,0.867747,21.749838,0.567180,6.433963,0.167781,84.844055,119.246425,131.443819,107.049031,24.394788,0.814409
left,1674,122,98,0,-1,0.907870,1278.750000,1217.000000,1340.500000,123.500000,0.979145,136.169150,134.734309,137.603990,2.869680,0.976190,1.084495,1.071429,1.097561,0.026132,0.946955,0.866045,0.842450,0.889641,0.047191,1.000000,1.000000,1.000000,1.000000,0.000000,0.857143,6.500000,6.000000,7.000000,1.000000,43.045040,1.204085,1.027027,0.533539,0.250440,0.376334,13.453624,32.907695,0.920516,21.406662,0.598801,0.439505,0.012294,88.383824,101.242317,105.884717,96.599917,9.284800,0.912312
left,1675,122,92,0,-1,0.825645,1345.500000,1217.000000,1474.000000,257.000000,0.909431,141.443329,134.734309,148.152349,13.418039,0.911111,1.048780,1.000000,1.097561,0.097561,0.998283,0.843174,0.842450,0.843899,0.001449,1.000000,1.000000,1.000000,1.000000,0.000000,1.000000,6.000000,6.000000,6.000000,0.000000,36.128535,0.986065,1.464286,0.685783,0.115942,0.830091,30.413813,29.777812,0.812733,17.879638,0.487993,3.255601,0.088856,79.807530,125.839351,134.849618,116.829085,18.020533,0.866366
left,1676,121,111,0,-1,0.920684,1095.750000,1050.500000,1141.000000,90.500000,0.999351,128.090911,128.049311,128.132510,0.083199,0.961988,1.261278,1.236842,1.285714,0.048872,0.921880,0.839215,0.805103,0.873327,0.068224,1.000000,1.000000,1.000000,1.000000,0.000000,1.000000,6.000000,6.000000,6.000000,0.000000,38.008158,1.148454,1.519231,0.541154,0.237509,0.462216,15.297059,29.971175,0.905609,18.986985,0.573711,2.728071,0.082431,77.872072,112.302671,120.874511,103.730832,17.143679,0.858170
left,1677,121,104,0,-1,0.720556,1362.250000,1141.000000,1583.500000,442.500000,0.853168,139.158491,128.132510,150.184471,22.051960,0.877320,1.160974,1.085106,1.236842,0.151736,0.989917,0.877774,0.873327,0.882222,0.008895,1.000000,1.000000,1.000000,1.000000,0.000000,0.857143,6.500000,6.000000,7.000000,1.000000,37.808622,1.027801,1.166667,0.687582,0.114883,0.749912,27.586228,27.581517,0.749784,18.649982,0.506987,4.251363,0.115570,73.395905,122.579770,142.733598,102.425943,40.307655,0.717602
left,1678,121,97,0,-1,0.838300,1048.750000,956.500000,1141.000000,184.500000,0.935891,124.025278,119.918045,128.132510,8.214465,0.870704,1.156883,1.076923,1.236842,0.159919,0.957081,0.854586,0.835845,0.873327,0.037482,1.000000,1.000000,1.000000,1.000000,0.000000,0.857143,6.500000,6.000000,7.000000,1.000000,33.363065,1.031220,1.203390,0.680646,0.133492,0.792260,25.632011,25.714224,0.794802,16.632483,0.514094,1.435100,0.044358,88.817813,138.032246,141.661302,134.403191,7.258111,0.948764
left,1679,120,94,0,-1,0.550681,1025.000000,728.000000,1322.000000,594.000000,0.846174,130.631926,119.747476,141.516375,21.768899,0.602364,1.448291,1.088889,1.807692,0.718803,0.769096,0.733752,0.637982,0.829522,0.191540,1.000000,1.000000,1.000000,1.000000,0.000000,0.833333,5.500000,5.000000,6.000000,1.000000,44.430065,1.402889,1.349206,0.447227,0.250244,0.335649,10.630146,34.745752,1.097105,22.215029,0.701445,7.834040,0.247362,81.628180,109.297366,116.961099,101.633634,15.327465,0.868952
left,1680,120,84,0,-1,0.449105,1174.500000,728.000000,1621.000000,893.000000,0.784700,136.175219,119.747476,152.602962,32.855486,0.720435,1.555009,1.302326,1.807692,0.505367,0.729359,0.756349,0.637982,0.874716,0.236734,1.000000,1.000000,1.000000,1.000000,0.000000,0.714286,6.000000,5.000000,7.000000,2.000000,41.174023,1.224632,1.959184,0.540364,0.190932,0.574429,19.313208,31.587882,0.939513,20.393847,0.606571,12.055550,0.358566,71.263100,116.955140,125.475332,108.434949,17.040383,0.864193
left,1681,119,115,0,-1,0.614416,1411.000000,1074.000000,1748.000000,674.000000,0.814181,144.058360,129.303046,158.813673,29.510627,0.981818,1.211111,1.200000,1.222222,0.022222,0.926875,0.839072,0.807229,0.870914,0.063686,1.000000,1.000000,1.000000,1.000000,0.000000,0.714286,6.000000,5.000000,7.000000,2.000000,41.512477,1.113218,2.044444,0.622705,0.118533,0.663403,24.738634,32.688052,0.876578,20.379462,0.546505,8.143794,0.218388,70.729407,117.605594,139.398705,95.812482,43.586223,0.687327
left,1682,119,77,0,-1,0.540106,1531.250000,1074.000000,1988.500000,914.500000,0.764961,149.167592,129.303046,169.032138,39.729091,0.951763,1.192744,1.163265,1.222222,0.058957,0.922996,0.840902,0.807229,0.874575,0.067346,1.000000,1.000000,1.000000,1.000000,0.000000,0.625000,6.500000,5.000000,8.000000,3.000000,40.917455,1.057783,1.897959,0.655319,0.115265,0.723846,28.000000,33.766245,0.872913,20.421021,0.527917,10.831837,0.280021,84.107819,122.778023,128.990994,116.565051,12.425943,0.903668
left,1683,118,110,0,-1,0.749491,1073.750000,920.000000,1227.500000,307.500000,0.873856,127.051390,118.498543,135.604238,17.105694,0.846739,1.117763,1.025000,1.210526,0.185526,0.981492,0.831088,0.823326,0.838851,0.015525,0.997967,0.998984,0.997967,1.000000,0.002033,0.750000,7.000000,6.000000,8.000000,2.000000,31.414745,0.961178,1.127273,0.778687,0.028172,1.039377,33.970576,21.558669,0.659617,15.429647,0.472091,3.480192,0.106481,75.113347,165.698809,175.236358,156.161260,19.075098,0.891146
left,1684,118,109,0,-1,0.771043,1409.750000,1227.500000,1592.000000,364.500000,0.829570,149.533793,135.604238,163.463349,27.859111,0.867544,1.302938,1.210526,1.395349,0.184823,0.892539,0.793779,0.748707,0.838851,0.090144,0.997967,0.998984,0.997967,1.000000,0.002033,0.750000,7.000000,6.000000,8.000000,2.000000,45.546152,1.215608,1.803571,0.475162,0.251463,0.346965,13.000000,38.034103,1.015115,22.732411,0.606719,6.161676,0.164453,76.123761,90.970035,100.407711,81.532360,18.875352,0.812013
left,1685,118,96,0,-1,0.619959,994.250000,761.000000,1227.500000,466.500000,0.797747,121.891044,108.177850,135.604238,27.426388,0.896894,1.148120,1.085714,1.210526,0.124812,0.974166,0.828016,0.817180,0.838851,0.021671,0.997967,0.998984,0.997967,1.000000,0.002033,0.750000,7.000000,6.000000,8.000000,2.000000,35.075944,1.120245,1.411765,0.562349,0.174252,0.526730,16.492423,28.669756,0.915646,17.529666,0.559857,6.421004,0.205072,82.843551,106.712610,132.936180,80.489040,52.447141,0.605471
left,1686,117,99,0,-1,0.831444,1211.500000,1100.000000,1323.000000,223.000000,0.910588,133.990540,127.720055,140.261024,12.540970,0.836735,1.125000,1.025000,1.225000,0.200000,0.997267,0.846234,0.845076,0.847392,0.002316,1.000000,1.000000,1.000000,1.000000,0.000000,0.833333,5.500000,5.000000,6.000000,1.000000,35.318078,1.015773,1.350877,0.652030,0.133719,0.746117,25.942244,27.156241,0.781033,17.629812,0.507046,4.108551,0.118165,68.792476,124.118261,131.185925,117.050597,14.135328,0.892250
left,1687,117,98,0,-1,0.986945,1331.750000,1323.000000,1340.500000,17.500000,0.981056,138.932507,137.603990,140.261024,2.657035,0.874636,1.148214,1.071429,1.225000,0.153571,0.949907,0.867358,0.845076,0.889641,0.044565,1.000000,1.000000,1.000000,1.000000,0.000000,0.714286,6.000000,5.000000,7.000000,2.000000,39.908962,1.093607,1.184615,0.633916,0.159377,0.658802,24.041631,30.669930,0.840434,19.917859,0.545800,0.384415,0.010534,86.500556,122.785546,124.204205,121.366886,2.837319,0.977156
left,1688,116,112,0,-1,0.906772,1027.750000,977.500000,1078.000000,100.500000,0.974194,128.881509,127.196838,130.566180,3.369342,0.982979,1.412121,1.400000,1.424242,0.024242,0.955447,0.776933,0.759231,0.794634,0.035403,1.000000,1.000000,1.000000,1.000000,0.000000,0.833333,5.500000,5.000000,6.000000,1.000000,32.318438,1.008409,1.636364,0.716416,0.031379,1.059040,33.941125,25.918429,0.808714,15.466792,0.482599,0.515839,0.016095,70.370752,166.228686,171.153348,161.304024,9.849324,0.942453
left,1689,116,102,0,-1,0.656922,1232.750000,977.500000,1488.000000,510.500000,0.865081,137.115747,127.196838,147.034655,19.837817,0.714286,1.200000,1.000000,1.400000,0.400000,0.877810,0.812073,0.759231,0.864915,0.105684,1.000000,1.000000,1.000000,1.000000,0.000000,0.625000,6.500000,5.000000,8.000000,3.000000,30.417218,0.871059,1.100000,0.718691,0.114378,0.953661,33.301652,24.348436,0.697267,15.185524,0.434869,3.961212,0.113437,82.937515,114.202259,133.210089,95.194429,38.015660,0.714619
left,1690,115,92,0,-1,0.843249,1611.000000,1474.000000,1748.000000,274.000000,0.932869,153.483011,148.152349,158.813673,10.661324,0.833333,1.100000,1.000000,1.200000,0.200000,0.968980,0.857407,0.843899,0.870914,0.027016,1.000000,1.000000,1.000000,1.000000,0.000000,0.857143,6.500000,6.000000,7.000000,1.000000,41.893635,1.044706,1.076923,0.573374,0.238516,0.514091,20.615528,33.688338,0.840089,20.587763,0.513399,2.718288,0.067786,70.677336,104.033644,111.727096,96.340192,15.386904,0.862281
left,1691,115,88,0,-1,0.588673,1388.500000,1029.000000,1748.000000,719.000000,0.808583,143.613820,128.413968,158.813673,30.399705,0.931373,1.158824,1.117647,1.200000,0.082353,0.900379,0.827534,0.784153,0.870914,0.086762,1.000000,1.000000,1.000000,1.000000,0.000000,0.714286,6.000000,5.000000,7.000000,2.000000,36.406913,0.985474,1.537037,0.687927,0.128376,0.839118,31.000000,30.084008,0.814323,18.076570,0.489302,6.043992,0.163601,71.666901,129.681984,136.610301,122.753667,13.856633,0.898568
left,1692,115,77,0,-1,0.879055,1868.250000,1748.000000,1988.500000,240.500000,0.939547,163.922905,158.813673,169.032138,10.218465,0.969388,1.181633,1.163265,1.200000,0.036735,0.995815,0.872745,0.870914,0.874575,0.003660,1.000000,1.000000,1.000000,1.000000,0.000000,0.875000,7.500000,7.000000,8.000000,1.000000,54.846480,1.269570,1.043478,0.490473,0.281948,0.213411,9.219544,43.006427,0.995500,27.416698,0.634633,0.831054,0.019237,85.346856,94.013619,104.036243,83.990994,20.045249,0.807324
left,1693,114,113,0,-1,0.835272,986.000000,897.500000,1074.500000,177.000000,0.938186,121.059536,117.198608,124.920465,7.721857,0.775000,1.202419,1.050000,1.354839,0.304839,0.948965,0.843186,0.821106,0.865265,0.044159,1.000000,1.000000,1.000000,1.000000,0.000000,1.000000,6.000000,6.000000,6.000000,0.000000,36.219572,1.154632,1.813953,0.577267,0.147566,0.556737,17.464249,28.184868,0.898496,18.095324,0.576855,2.030314,0.064724,86.187807,115.473807,131.974988,98.972627,33.002361,0.749935
left,1694,114,108,0,-1,0.902745,1022.250000,970.000000,1074.500000,104.500000,0.975039,123.361371,121.802278,124.920465,3.118187,0.975000,1.063462,1.050000,1.076923,0.026923,0.949558,0.843442,0.821620,0.865265,0.043645,1.000000,1.000000,1.000000,1.000000,0.000000,0.833333,5.500000,5.000000,6.000000,1.000000,29.508714,0.923238,1.200000,0.765821,0.092199,0.994315,31.780497,26.029563,0.814386,14.729743,0.460849,1.346393,0.042125,81.863677,156.929026,162.584182,151.273869,11.310313,0.930434
left,1695,114,93,0,-1,0.916418,1123.500000,1074.500000,1172.500000,98.000000,0.941020,128.835297,124.920465,132.750129,7.829664,0.933333,1.087500,1.050000,1.125000,0.075000,0.966282,0.850677,0.836090,0.865265,0.029175,1.000000,1.000000,1.000000,1.000000,0.000000,0.857143,6.500000,6.000000,7.000000,1.000000,34.036582,1.015694,1.600000,0.655739,0.170672,0.748414,25.079872,26.740100,0.797958,16.282880,0.485901,0.601224,0.017941,69.213807,120.528565,134.288288,106.768841,27.519447,0.795072
left,1696,113,102,0,-1,0.603159,1192.750000,897.500000,1488.000000,590.500000,0.797082,132.116631,117.198608,147.034655,29.836048,0.738095,1.177419,1.000000,1.354839,0.354839,0.949349,0.843011,0.821106,0.864915,0.043809,1.000000,1.000000,1.000000,1.000000,0.000000,0.750000,7.000000,6.000000,8.000000,2.000000,44.604889,1.301707,1.705882,0.520860,0.247956,0.355027,12.165525,35.808351,1.044997,22.224463,0.648578,6.091055,0.177756,78.172565,114.780179,139.316028,90.244330,49.071697,0.647767
left,1697,113,93,0,-1,0.765458,1035.000000,897.500000,1172.500000,275.000000,0.882851,124.974368,117.198608,132.750129,15.551521,0.830357,1.239919,1.125000,1.354839,0.229839,0.982079,0.828598,0.821106,0.836090,0.014983,1.000000,1.000000,1.000000,1.000000,0.000000,0.857143,6.500000,6.000000,7.000000,1.000000,41.558767,1.294664,1.333333,0.519016,0.284300,0.406180,13.038405,33.267818,1.036379,20.581093,0.641155,4.096976,0.127631,86.465445,119.180563,126.739086,111.622040,15.117045,0.880723
left,1698,113,87,0,-1,0.647781,1141.500000,897.500000,1385.500000,488.000000,0.826038,129.539476,117.198608,141.880345,24.681737,0.789590,1.212303,1.069767,1.354839,0.285071,0.949352,0.843009,0.821106,0.864912,0.043806,1.000000,1.000000,1.000000,1.000000,0.000000,1.000000,6.000000,6.000000,6.000000,0.000000,30.273473,0.901256,1.395833,0.793747,0.074025,1.026543,34.481879,25.997427,0.773956,15.107500,0.449758,6.351607,0.189090,89.812427,148.100057,153.434949,142.765166,10.669783,0.930461
left,1699,112,106,0,-1,0.653730,1363.500000,1078.000000,1649.000000,571.000000,0.862185,141.001272,130.566180,151.436363,20.870183,0.734043,1.234848,1.045455,1.424242,0.378788,0.879421,0.849111,0.794634,0.903587,0.108953,1.000000,1.000000,1.000000,1.000000,0.000000,0.750000,7.000000,6.000000,8.000000,2.000000,42.503359,1.157486,2.113636,0.604967,0.121746,0.599122,22.000000,32.201322,0.876933,21.235372,0.578299,5.538320,0.150824,84.292142,117.921636,130.030259,105.813012,24.217247,0.813757
left,1700,112,102,0,-1,0.724462,1283.000000,1078.000000,1488.000000,410.000000,0.887996,138.800418,130.566180,147.034655,16.468475,0.702128,1.212121,1.000000,1.424242,0.424242,0.918743,0.829775,0.794634,0.864915,0.070281,1.000000,1.000000,1.000000,1.000000,0.000000,0.750000,7.000000,6.000000,8.000000,2.000000,48.082314,1.346702,1.816327,0.469817,0.318005,0.218751,7.810250,35.518767,0.994819,22.662859,0.634747,0.242502,0.006792,57.012038,97.873490,102.094757,93.652223,8.442534,0.917307
left,1701,112,90,0,-1,0.523191,821.000000,564.000000,1078.000000,514.000000,0.771197,115.629207,100.692234,130.566180,29.873947,0.724069,1.227746,1.031250,1.424242,0.392992,0.879690,0.746833,0.699032,0.794634,0.095602,1.000000,1.000000,1.000000,1.000000,0.000000,0.666667,5.000000,4.000000,6.000000,2.000000,27.622501,0.976378,1.340426,0.659173,0.149817,0.960247,27.166155,22.020624,0.778367,12.772197,0.451461,4.893444,0.172969,59.920008,129.030716,136.301953,121.759480,14.542473,0.893307
left,1702,112,70,0,-1,0.564103,1494.500000,1078.000000,1911.000000,833.000000,0.790333,147.885101,130.566180,165.204021,34.637841,0.784731,1.270945,1.117647,1.424242,0.306595,0.903104,0.837263,0.794634,0.879892,0.085258,1.000000,1.000000,1.000000,1.000000,0.000000,0.857143,6.500000,6.000000,7.000000,1.000000,41.173303,1.075753,1.403226,0.534155,0.229006,0.399673,15.297059,35.411358,0.925208,20.632996,0.539087,11.224013,0.293255,86.356677,95.003990,128.659808,61.348172,67.311637,0.476825
left,1703,111,107,0,-1,0.662776,1317.750000,1050.500000,1585.000000,534.500000,0.831330,141.039398,128.049311,154.029484,25.980173,0.913043,1.229814,1.173913,1.285714,0.111801,0.959003,0.822312,0.805103,0.839521,0.034418,1.000000,1.000000,1.000000,1.000000,0.000000,0.857143,6.500000,6.000000,7.000000,1.000000,29.116751,0.806296,1.314815,0.847558,0.036426,1.168648,42.201896,22.425629,0.621007,14.554851,0.403050,4.590652,0.127124,81.188679,145.033939,147.050785,143.017093,4.033692,0.972569
left,1704,111,97,0,-1,0.910519,1003.500000,956.500000,1050.500000,94.000000,0.936499,123.983678,119.918045,128.049311,8.131266,0.837607,1.181319,1.076923,1.285714,0.208791,0.963220,0.820474,0.805103,0.835845,0.030742,1.000000,1.000000,1.000000,1.000000,0.000000,0.857143,6.500000,6.000000,7.000000,1.000000,31.182026,0.984611,1.084746,0.665221,0.137519,0.840782,26.627054,26.413359,0.834035,15.415659,0.486769,0.752373,0.023757,72.066524,124.843292,127.820606,121.865978,5.954628,0.953414
left,1705,111,89,0,-1,0.869586,982.000000,913.500000,1050.500000,137.000000,0.921879,123.047663,118.046014,128.049311,10.003297,0.978495,1.271889,1.258065,1.285714,0.027650,0.977317,0.814446,0.805103,0.823789,0.018686,1.000000,1.000000,1.000000,1.000000,0.000000,0.857143,6.500000,6.000000,7.000000,1.000000,40.993711,1.308959,1.923077,0.483227,0.307536,0.320900,10.049876,31.635522,1.010145,20.441664,0.652717,4.624449,0.147662,85.874426,108.567385,114.952847,102.181924,12.770924,0.888903
left,1706,110,108,0,-1,0.948454,945.000000,920.000000,970.000000,50.000000,0.972876,120.150411,118.498543,121.802278,3.303734,0.951786,1.050962,1.025000,1.076923,0.051923,0.997928,0.822473,0.821620,0.823326,0.001706,1.000000,1.000000,1.000000,1.000000,0.000000,0.833333,5.500000,5.000000,6.000000,1.000000,34.373111,1.118255,1.790698,0.540066,0.241799,0.497657,15.297059,28.334830,0.921813,16.787214,0.546136,0.898399,0.029227,71.263044,105.168216,118.726131,91.610301,27.115830,0.771610
left,1707,110,96,0,-1,0.827174,840.500000,761.000000,920.000000,159.000000,0.912904,113.338197,108.177850,118.498543,10.320693,0.944079,1.055357,1.025000,1.085714,0.060714,0.992536,0.820253,0.817180,0.823326,0.006146,1.000000,1.000000,1.000000,1.000000,0.000000,1.000000,6.000000,6.000000,6.000000,0.000000,36.187164,1.249606,1.175439,0.508228,0.350387,0.393722,11.401754,29.336868,1.013053,16.648358,0.574897,1.406041,0.048553,69.764140,109.490192,123.349701,95.630683,27.719018,0.775281
left,1708,110,95,0,-1,0.842935,847.750000,775.500000,920.000000,144.500000,0.927421,114.198280,109.898017,118.498543,8.600526,0.890132,1.088258,1.025000,1.151515,0.126515,0.980032,0.815106,0.806886,0.823326,0.016440,1.000000,1.000000,1.000000,1.000000,0.000000,1.000000,6.000000,6.000000,6.000000,0.000000,32.691137,1.123806,1.135593,0.580880,0.191389,0.633871,18.439089,26.126000,0.898120,16.217117,0.557487,1.985203,0.068244,84.883782,128.432989,140.300927,116.565051,23.735875,0.830822
left,1709,110,85,0,-1,1.000000,920.000000,920.000000,920.000000,0.000000,0.993350,118.104513,117.710482,118.498543,0.788062,0.998026,1.026014,1.025000,1.027027,0.002027,0.986743,0.828856,0.823326,0.834387,0.011061,1.000000,1.000000,1.000000,1.000000,0.000000,1.000000,6.000000,6.000000,6.000000,0.000000,31.445144,1.036716,1.387755,0.630589,0.150272,0.737210,22.360680,25.335306,0.835280,15.588432,0.513935,0.962927,0.031747,84.381277,117.538978,139.398705,95.679250,43.719456,0.686371
left,1710,109,96,0,-1,0.478015,1176.500000,761.000000,1592.000000,831.000000,0.661787,135.820600,108.177850,163.463349,55.285499,0.778095,1.240532,1.085714,1.395349,0.309635,0.916208,0.782944,0.748707,0.817180,0.068473,1.000000,1.000000,1.000000,1.000000,0.000000,1.000000,6.000000,6.000000,6.000000,0.000000,40.457769,1.198996,1.440678,0.592952,0.110497,0.716180,24.166092,31.954225,0.946987,20.178441,0.598003,14.094917,0.417713,89.078581,139.980123,153.304137,126.656108,26.648028,0.826175
left,1711,109,86,0,-1,0.798053,1431.250000,1270.500000,1592.000000,321.500000,0.918387,156.792962,150.122575,163.463349,13.340774,0.777660,1.240228,1.085106,1.395349,0.310242,0.946194,0.728565,0.708423,0.748707,0.040285,1.000000,1.000000,1.000000,1.000000,0.000000,0.833333,5.500000,5.000000,6.000000,1.000000,27.912049,0.738962,1.166667,0.790880,0.047162,1.327962,50.159745,23.053408,0.610331,13.519639,0.357928,2.416872,0.063986,15.088992,141.930908,168.111342,115.750474,52.360868,0.688535
left,1712,108,95,0,-1,0.799485,872.750000,775.500000,970.000000,194.500000,0.902266,115.850147,109.898017,121.802278,11.904261,0.935223,1.114219,1.076923,1.151515,0.074592,0.982067,0.814253,0.806886,0.821620,0.014734,1.000000,1.000000,1.000000,1.000000,0.000000,0.833333,5.500000,5.000000,6.000000,1.000000,26.638141,0.903101,1.208333,0.694919,0.112289,0.915996,27.018512,20.721290,0.702504,13.063569,0.442888,2.426206,0.082255,55.794497,111.732739,128.088773,95.376705,32.712067,0.744614
left,1713,108,93,0,-1,0.827292,1071.250000,970.000000,1172.500000,202.500000,0.917530,127.276203,121.802278,132.750129,10.947851,0.957265,1.100962,1.076923,1.125000,0.048077,0.982693,0.828855,0.821620,0.836090,0.014470,1.000000,1.000000,1.000000,1.000000,0.000000,0.714286,6.000000,5.000000,7.000000,2.000000,36.247659,1.108718,1.169492,0.583238,0.200467,0.607141,19.849433,27.989429,0.856121,17.493343,0.535074,0.013685,0.000419,69.564817,127.587824,164.528672,90.646976,73.881696,0.550949
left,1714,107,94,0,-1,0.834069,1453.500000,1322.000000,1585.000000,263.000000,0.918762,147.772930,141.516375,154.029484,12.513109,0.927572,1.131401,1.088889,1.173913,0.085024,0.988090,0.834521,0.829522,0.839521,0.009999,1.000000,1.000000,1.000000,1.000000,0.000000,0.857143,6.500000,6.000000,7.000000,1.000000,31.861836,0.836583,1.014493,0.781355,0.065531,1.041364,39.661064,24.577347,0.645317,15.928091,0.418217,2.458131,0.064542,80.568602,136.915424,144.736988,129.093859,15.643129,0.891920
left,1715,107,89,0,-1,0.576341,1249.250000,913.500000,1585.000000,671.500000,0.766386,136.037749,118.046014,154.029484,35.983470,0.933110,1.215989,1.173913,1.258065,0.084151,0.981261,0.831655,0.823789,0.839521,0.015732,1.000000,1.000000,1.000000,1.000000,0.000000,1.000000,7.000000,7.000000,7.000000,0.000000,45.554090,1.300872,1.013333,0.516875,0.209726,0.365704,12.806248,33.278893,0.950334,22.766844,0.650145,10.763436,0.307368,84.254667,97.353102,97.996368,96.709837,1.286531,0.986872
left,1716,107,74,0,-1,0.535016,1216.500000,848.000000,1585.000000,737.000000,0.750444,134.810009,115.590533,154.029484,38.438951,0.997826,1.175192,1.173913,1.176471,0.002558,0.950013,0.818538,0.797556,0.839521,0.041965,1.000000,1.000000,1.000000,1.000000,0.000000,0.857143,6.500000,6.000000,7.000000,1.000000,45.150494,1.309992,2.043478,0.523704,0.278668,0.406194,14.000000,35.170855,1.020443,22.525839,0.653562,10.512673,0.305014,85.669522,114.583023,121.949971,107.216074,14.733898,0.879181
left,1717,106,103,0,-1,0.442996,1189.750000,730.500000,1649.000000,918.500000,0.688558,127.854518,104.272673,151.436363,47.163690,0.988406,1.039394,1.033333,1.045455,0.012121,0.934370,0.873936,0.844285,0.903587,0.059302,1.000000,1.000000,1.000000,1.000000,0.000000,0.625000,6.500000,5.000000,8.000000,3.000000,37.333012,1.103945,1.460000,0.657332,0.136583,0.627279,21.213203,29.116272,0.860974,18.473939,0.546278,11.619334,0.343586,74.595582,121.747629,130.336651,113.158607,17.178043,0.868203
left,1718,106,83,0,-1,0.293511,1066.500000,484.000000,1649.000000,1165.000000,0.637638,123.998948,96.561534,151.436363,54.874829,0.696970,1.272727,1.045455,1.500000,0.454545,0.721899,0.777943,0.652299,0.903587,0.251288,1.000000,1.000000,1.000000,1.000000,0.000000,0.500000,6.000000,4.000000,8.000000,4.000000,38.007711,1.214151,1.652174,0.554173,0.239100,0.448367,14.035669,31.149006,0.995051,18.718944,0.597974,12.586244,0.402066,88.070250,113.511584,114.623565,112.399604,2.223961,0.980598
left,1719,106,81,0,-1,0.598545,1318.000000,987.000000,1649.000000,662.000000,0.804236,136.613453,121.790543,151.436363,29.645820,0.907895,1.098485,1.045455,1.151515,0.106061,0.925400,0.869884,0.836180,0.903587,0.067407,1.000000,1.000000,1.000000,1.000000,0.000000,0.750000,7.000000,6.000000,8.000000,2.000000,41.993031,1.166077,1.392857,0.553699,0.216806,0.397582,14.317821,31.660726,0.879166,20.558010,0.570862,6.244530,0.173400,77.784465,97.524013,119.438490,75.609537,43.828953,0.633042
left,1720,106,70,0,-1,0.862899,1780.000000,1649.000000,1911.000000,262.000000,0.916663,158.320192,151.436363,165.204021,13.767658,0.935407,1.081551,1.045455,1.117647,0.072193,0.973776,0.891740,0.879892,0.903587,0.023696,1.000000,1.000000,1.000000,1.000000,0.000000,0.875000,7.500000,7.000000,8.000000,1.000000,49.813780,1.181501,1.085366,0.577934,0.174298,0.455615,19.209373,35.253416,0.836153,24.900083,0.590589,5.242956,0.124354,88.190058,104.715896,108.121860,101.309932,6.811928,0.936998
left,1721,105,101,0,-1,0.937374,719.250000,696.000000,742.500000,46.500000,0.984468,111.397611,110.525744,112.269479,1.743736,0.798898,1.364681,1.212121,1.517241,0.305120,0.967184,0.728112,0.715966,0.740258,0.024292,1.000000,1.000000,1.000000,1.000000,0.000000,1.000000,5.000000,5.000000,5.000000,0.000000,19.904085,0.742265,1.041667,0.837670,0.009732,1.415136,37.947332,16.591085,0.618716,9.901245,0.369238,0.195613,0.007295,22.862168,173.830456,174.207204,173.453709,0.753494,0.995675
left,1722,105,84,0,-1,0.429365,1158.500000,696.000000,1621.000000,925.000000,0.724270,131.564353,110.525744,152.602962,42.077218,0.930736,1.257223,1.212121,1.302326,0.090204,0.818512,0.795341,0.715966,0.874716,0.158750,1.000000,1.000000,1.000000,1.000000,0.000000,0.714286,6.000000,5.000000,7.000000,2.000000,32.600979,0.978370,1.064516,0.675854,0.098187,0.833837,27.784888,27.454066,0.823909,16.259743,0.487962,10.094559,0.302942,73.016249,117.241977,135.855097,98.628856,37.226241,0.725986
left,1723,105,75,0,-1,0.618942,910.250000,696.000000,1124.500000,428.500000,0.861994,119.373363,110.525744,128.220983,17.695240,0.845625,1.118561,1.025000,1.212121,0.187121,0.832993,0.787738,0.715966,0.859510,0.143545,1.000000,1.000000,1.000000,1.000000,0.000000,0.714286,6.000000,5.000000,7.000000,2.000000,41.704981,1.392129,1.950000,0.457917,0.401538,0.254218,7.615773,32.076918,1.070741,19.639370,0.655570,4.865382,0.162408,72.155110,109.613024,117.916116,101.309932,16.606184,0.859170
left,1724,104,100,0,-1,0.764762,1397.250000,1211.000000,1583.500000,372.500000,0.884305,141.496676,132.808881,150.184471,17.375589,0.730786,1.284977,1.085106,1.484848,0.399742,0.977962,0.872501,0.862779,0.882222,0.019443,1.000000,1.000000,1.000000,1.000000,0.000000,1.000000,7.000000,7.000000,7.000000,0.000000,39.505822,1.059242,1.627451,0.594982,0.190553,0.536916,20.024984,30.693922,0.822975,19.686637,0.527844,6.930774,0.185830,82.258982,97.828767,125.362462,70.295071,55.067391,0.560735
left,1725,104,97,0,-1,0.604042,1270.000000,956.500000,1583.500000,627.000000,0.798472,135.051258,119.918045,150.184471,30.266426,0.992459,1.081015,1.076923,1.085106,0.008183,0.947432,0.859033,0.835845,0.882222,0.046377,1.000000,1.000000,1.000000,1.000000,0.000000,1.000000,7.000000,7.000000,7.000000,0.000000,44.870606,1.268955,1.711538,0.487190,0.278150,0.199972,7.071068,32.687664,0.924418,21.920417,0.619916,9.523318,0.269323,60.511498,91.533622,115.912755,67.154488,48.758267,0.579354
left,1726,104,91,0,-1,0.332807,1055.250000,527.000000,1583.500000,1056.500000,0.641438,123.259223,96.333976,150.184471,53.850495,0.981025,1.074811,1.064516,1.085106,0.020590,0.808879,0.797916,0.713611,0.882222,0.168611,1.000000,1.000000,1.000000,1.000000,0.000000,0.714286,6.000000,5.000000,7.000000,2.000000,26.859187,0.856074,1.192308,0.848964,0.030798,1.111895,34.885527,25.554430,0.814488,13.393346,0.426882,11.889094,0.378937,74.128276,170.547712,171.552473,169.542951,2.009521,0.988286
left,1727,104,79,0,-1,0.670982,1323.000000,1062.500000,1583.500000,521.000000,0.884646,141.522314,132.860156,150.184471,17.324314,0.787234,1.231742,1.085106,1.378378,0.293272,0.857376,0.819309,0.756396,0.882222,0.125826,0.999530,0.999765,0.999530,1.000000,0.000470,1.000000,7.000000,7.000000,7.000000,0.000000,37.038878,1.023326,1.305085,0.648673,0.125661,0.782426,28.319605,27.808870,0.768315,17.531995,0.484381,8.010867,0.221328,71.278714,123.361357,163.113209,83.609505,79.503704,0.512586
left,1728,103,100,0,-1,0.603220,970.750000,730.500000,1211.000000,480.500000,0.785133,118.540777,104.272673,132.808881,28.536208,0.695918,1.259091,1.033333,1.484848,0.451515,0.978564,0.853532,0.844285,0.862779,0.018494,1.000000,1.000000,1.000000,1.000000,0.000000,0.714286,6.000000,5.000000,7.000000,2.000000,30.466675,0.985543,1.244898,0.669421,0.190832,0.746817,23.086793,26.146028,0.845778,14.934125,0.483092,4.947589,0.160046,87.662181,127.134281,129.519761,124.748801,4.770960,0.963164
left,1729,103,81,0,-1,0.740122,858.750000,730.500000,987.000000,256.500000,0.856164,113.031608,104.272673,121.790543,17.517869,0.897368,1.092424,1.033333,1.151515,0.118182,0.990400,0.840233,0.836180,0.844285,0.008105,1.000000,1.000000,1.000000,1.000000,0.000000,0.833333,5.500000,5.000000,6.000000,1.000000,33.219507,1.136792,1.180000,0.577855,0.197089,0.561260,16.401219,27.525280,0.941932,16.569464,0.567017,4.150548,0.142034,78.243757,116.685928,123.146996,110.224859,12.922136,0.895067
left,1730,103,69,0,-1,0.486190,1116.500000,730.500000,1502.500000,772.000000,0.710441,125.522263,104.272673,146.771852,42.499179,0.898551,1.091667,1.033333,1.150000,0.116667,0.963275,0.860379,0.844285,0.876474,0.032189,1.000000,1.000000,1.000000,1.000000,0.000000,0.833333,5.500000,5.000000,6.000000,1.000000,37.612751,1.143421,1.428571,0.590786,0.203090,0.503207,16.552945,30.195697,0.917944,18.786232,0.571098,10.658764,0.324025,84.768611,114.966047,119.438490,110.493604,8.944885,0.925109
left,1731,102,90,0,-1,0.379032,1026.000000,564.000000,1488.000000,924.000000,0.684820,123.863445,100.692234,147.034655,46.342422,0.969697,1.015625,1.000000,1.031250,0.031250,0.808209,0.781973,0.699032,0.864915,0.165883,1.000000,1.000000,1.000000,1.000000,0.000000,0.500000,6.000000,4.000000,8.000000,4.000000,37.425086,1.200998,1.213115,0.552155,0.268519,0.507399,15.811388,31.018853,0.995418,18.604515,0.597033,14.753392,0.473447,75.489750,122.523260,136.145763,108.900758,27.245005,0.799884
left,1732,102,87,0,-1,0.931116,1436.750000,1385.500000,1488.000000,102.500000,0.964945,144.457500,141.880345,147.034655,5.154311,0.934783,1.034884,1.000000,1.069767,0.069767,0.999997,0.864913,0.864912,0.864915,0.000003,1.000000,1.000000,1.000000,1.000000,0.000000,0.750000,7.000000,6.000000,8.000000,2.000000,38.185203,1.007566,1.301587,0.656601,0.160084,0.717785,27.202941,30.131082,0.795048,18.995546,0.501222,0.161601,0.004264,85.779905,113.638249,116.320721,110.955777,5.364944,0.953878
left,1733,102,73,0,-1,0.546035,1150.250000,812.500000,1488.000000,675.500000,0.754913,129.016486,110.998316,147.034655,36.036339,0.815789,1.112903,1.000000,1.225806,0.225806,0.958136,0.846810,0.828706,0.864915,0.036209,1.000000,1.000000,1.000000,1.000000,0.000000,0.625000,6.500000,5.000000,8.000000,3.000000,37.921642,1.130656,1.528302,0.570796,0.236036,0.491731,16.492423,31.138924,0.928426,18.960669,0.565324,7.039490,0.209887,72.532988,114.293224,127.905251,100.681197,27.224053,0.787155
left,1734,102,72,0,-1,0.631720,1214.000000,940.000000,1488.000000,548.000000,0.804590,132.668598,118.302541,147.034655,28.732115,0.820513,1.109375,1.000000,1.218750,0.218750,0.975835,0.854464,0.844014,0.864915,0.020901,1.000000,1.000000,1.000000,1.000000,0.000000,0.750000,7.000000,6.000000,8.000000,2.000000,41.737083,1.205681,1.464286,0.584577,0.156919,0.532660,18.439089,31.229667,0.902148,20.465629,0.591201,5.838762,0.168667,71.712151,118.009670,130.135486,105.883854,24.251632,0.813643
left,1735,101,99,0,-1,0.675000,921.250000,742.500000,1100.000000,357.500000,0.879028,119.994767,112.269479,127.720055,15.450575,0.675568,1.271121,1.025000,1.517241,0.492241,0.873572,0.793825,0.740258,0.847392,0.107134,1.000000,1.000000,1.000000,1.000000,0.000000,0.833333,5.500000,5.000000,6.000000,1.000000,30.631833,1.014046,1.444444,0.609732,0.205699,0.746867,22.561028,26.525036,0.878093,15.124896,0.500699,7.222330,0.239090,88.415493,119.428119,133.667780,105.188457,28.479323,0.786940
left,1736,101,82,0,-1,0.728298,881.000000,742.500000,1019.500000,277.000000,0.898260,118.627461,112.269479,124.985443,12.715963,0.783784,1.353215,1.189189,1.517241,0.328052,0.902619,0.780190,0.740258,0.820122,0.079864,1.000000,1.000000,1.000000,1.000000,0.000000,0.833333,5.500000,5.000000,6.000000,1.000000,34.458379,1.164558,1.172414,0.529701,0.269580,0.554297,16.401219,28.652841,0.968354,16.710006,0.564733,6.789832,0.229470,72.632210,112.515672,125.455474,99.575869,25.879605,0.793715
left,1737,101,75,0,-1,0.660293,933.500000,742.500000,1124.500000,382.000000,0.875594,120.245231,112.269479,128.220983,15.951504,0.675568,1.271121,1.025000,1.517241,0.492241,0.861255,0.799884,0.740258,0.859510,0.119253,1.000000,1.000000,1.000000,1.000000,0.000000,0.714286,6.000000,5.000000,7.000000,2.000000,37.959460,1.249028,1.370370,0.541028,0.143814,0.530565,16.124515,26.678569,0.877838,18.970280,0.624203,3.662391,0.120508,82.454374,110.978587,136.720815,85.236358,51.484457,0.623434
left,1738,100,91,0,-1,0.435178,869.000000,527.000000,1211.000000,684.000000,0.725358,114.571429,96.333976,132.808881,36.474905,0.716919,1.274682,1.064516,1.484848,0.420332,0.827107,0.788195,0.713611,0.862779,0.149168,1.000000,1.000000,1.000000,1.000000,0.000000,0.714286,6.000000,5.000000,7.000000,2.000000,34.646371,1.199752,1.066667,0.552190,0.237917,0.524024,15.132746,26.272397,0.909774,15.511456,0.537138,6.520032,0.225779,48.996679,116.497816,120.161977,112.833654,7.328323,0.939013
left,1739,100,69,0,-1,0.805990,1356.750000,1211.000000,1502.500000,291.500000,0.904866,139.790367,132.808881,146.771852,13.962971,0.774490,1.317424,1.150000,1.484848,0.334848,0.984376,0.869626,0.862779,0.876474,0.013694,1.000000,1.000000,1.000000,1.000000,0.000000,0.857143,6.500000,6.000000,7.000000,1.000000,41.385508,1.125194,1.634615,0.627765,0.123641,0.632380,23.259407,30.840760,0.838503,20.668531,0.561939,3.175707,0.086342,83.951022,119.911087,119.986634,119.835539,0.151095,0.998741
left,1740,100,62,0,-1,0.670107,1011.250000,811.500000,1211.000000,399.500000,0.898186,126.047992,119.287102,132.808881,13.521779,0.787879,1.684732,1.484848,1.884615,0.399767,0.830638,0.789718,0.716657,0.862779,0.146122,1.000000,1.000000,1.000000,1.000000,0.000000,0.857143,6.500000,6.000000,7.000000,1.000000,43.131908,1.363073,2.066667,0.481552,0.297157,0.353326,11.180340,33.175245,1.048418,21.259252,0.671844,5.591478,0.176704,72.163723,117.599754,123.006651,112.192857,10.813794,0.912088
left,1741,99,98,0,-1,0.820589,1220.250000,1100.000000,1340.500000,240.500000,0.928171,132.662022,127.720055,137.603990,9.883935,0.956667,1.048214,1.025000,1.071429,0.046429,0.952510,0.868516,0.847392,0.889641,0.042249,1.000000,1.000000,1.000000,1.000000,0.000000,0.857143,6.500000,6.000000,7.000000,1.000000,41.034135,1.176116,1.822222,0.554118,0.228437,0.430883,15.033296,32.586752,0.933998,20.516058,0.588029,3.499414,0.100300,80.941176,102.123255,107.447188,96.799321,10.647867,0.900901
left,1742,99,82,0,-1,0.926818,1059.750000,1019.500000,1100.000000,80.500000,0.978589,126.352749,124.985443,127.720055,2.734612,0.861932,1.107095,1.025000,1.189189,0.164189,0.967818,0.833757,0.820122,0.847392,0.027270,1.000000,1.000000,1.000000,1.000000,0.000000,1.000000,6.000000,6.000000,6.000000,0.000000,26.880025,0.825860,1.235294,0.829717,0.054966,1.129705,36.769553,22.045878,0.677336,13.432425,0.412697,1.349025,0.041447,61.147997,155.666812,156.097950,155.235674,0.862276,0.994476
left,1743,99,80,0,-1,0.978213,1112.250000,1100.000000,1124.500000,24.500000,0.967809,129.844173,127.720055,131.968291,4.248236,0.950000,1.051974,1.025000,1.078947,0.053947,0.957515,0.829391,0.811391,0.847392,0.036001,1.000000,1.000000,1.000000,1.000000,0.000000,1.000000,6.000000,6.000000,6.000000,0.000000,42.959644,1.288149,1.138462,0.527700,0.210834,0.442725,14.764823,31.253850,0.937150,20.980886,0.629114,0.353521,0.010600,76.792005,111.648469,115.315509,107.981430,7.334079,0.936400
left,1744,98,92,0,-1,0.909430,1407.250000,1340.500000,1474.000000,133.500000,0.928801,142.878169,137.603990,148.152349,10.548359,0.933333,1.035714,1.000000,1.071429,0.071429,0.948584,0.866770,0.843899,0.889641,0.045742,1.000000,1.000000,1.000000,1.000000,0.000000,0.857143,6.500000,6.000000,7.000000,1.000000,43.278955,1.154020,1.641509,0.585839,0.174276,0.533960,20.024984,33.040944,0.881027,21.292168,0.567749,3.202833,0.085403,68.655031,108.843388,128.550465,89.136310,39.414155,0.693395
left,1745,98,80,0,-1,0.838866,1232.500000,1124.500000,1340.500000,216.000000,0.959044,134.786140,131.968291,137.603990,5.635699,0.993031,1.075188,1.071429,1.078947,0.007519,0.912043,0.850516,0.811391,0.889641,0.078250,1.000000,1.000000,1.000000,1.000000,0.000000,0.857143,6.500000,6.000000,7.000000,1.000000,31.460784,0.897003,1.428571,0.785077,0.064503,1.011265,35.468296,26.026361,0.742058,15.643034,0.446011,2.812622,0.080193,85.027452,148.138834,148.392498,147.885169,0.507328,0.996581
left,1746,98,71,0,-1,0.957852,1312.250000,1284.000000,1340.500000,56.500000,0.998130,137.475353,137.346716,137.603990,0.257273,0.954969,1.096690,1.071429,1.121951,0.050523,0.961443,0.872490,0.855339,0.889641,0.034302,1.000000,1.000000,1.000000,1.000000,0.000000,1.000000,7.000000,7.000000,7.000000,0.000000,45.702924,1.261714,1.040000,0.552047,0.282339,0.421400,15.264338,34.785984,0.960331,21.657370,0.597892,0.745887,0.020592,65.991748,118.417516,125.333598,111.501434,13.832163,0.889637
left,1747,97,89,0,-1,0.955044,935.000000,913.500000,956.500000,43.000000,0.984389,118.982030,118.046014,119.918045,1.872031,0.856016,1.167494,1.076923,1.258065,0.181141,0.985576,0.829817,0.823789,0.835845,0.012056,1.000000,1.000000,1.000000,1.000000,0.000000,1.000000,7.000000,7.000000,7.000000,0.000000,29.399089,0.961517,1.113208,0.703297,0.095187,0.902226,27.586228,23.223128,0.759528,14.695733,0.480634,1.826517,0.059737,75.629176,129.643438,129.997470,129.289407,0.708063,0.994553
left,1748,97,79,0,-1,0.900235,1009.500000,956.500000,1062.500000,106.000000,0.902588,126.389101,119.918045,132.860156,12.942111,0.781297,1.227651,1.076923,1.378378,0.301455,0.904948,0.796121,0.756396,0.835845,0.079449,0.999530,0.999765,0.999530,1.000000,0.000470,1.000000,7.000000,7.000000,7.000000,0.000000,36.187896,1.139357,1.000000,0.547849,0.140168,0.591562,18.789013,23.073723,0.726464,17.583736,0.553615,3.480509,0.109582,61.813621,97.006665,129.732303,64.281028,65.451275,0.495490
left,1749,97,78,0,-1,0.416100,677.250000,398.000000,956.500000,558.500000,0.704413,102.194936,84.471827,119.918045,35.446218,0.570136,1.482906,1.076923,1.888889,0.811966,0.838578,0.768383,0.700921,0.835845,0.134924,1.000000,1.000000,1.000000,1.000000,0.000000,0.714286,6.000000,5.000000,7.000000,2.000000,32.418505,1.274381,1.717949,0.549716,0.273164,0.558704,14.212670,21.710893,0.853461,14.464407,0.568600,8.000693,0.314510,48.008482,138.166658,139.864514,136.468801,3.395714,0.975721
left,1750,96,86,0,-1,0.598977,1015.750000,761.000000,1270.500000,509.500000,0.720597,129.150212,108.177850,150.122575,41.944725,0.999440,1.085410,1.085106,1.085714,0.000608,0.866911,0.762801,0.708423,0.817180,0.108757,1.000000,1.000000,1.000000,1.000000,0.000000,0.833333,5.500000,5.000000,6.000000,1.000000,40.832233,1.291540,1.653061,0.433470,0.412257,0.247041,7.810250,33.042365,1.045143,19.695310,0.622971,6.767047,0.214044,59.110210,92.757196,94.569003,90.945389,3.623614,0.961683
left,1751,96,85,0,-1,0.827174,840.500000,761.000000,920.000000,159.000000,0.919016,112.944166,108.177850,117.710482,9.532632,0.945946,1.056371,1.027027,1.085714,0.058687,0.979378,0.825783,0.817180,0.834387,0.017207,1.000000,1.000000,1.000000,1.000000,0.000000,1.000000,6.000000,6.000000,6.000000,0.000000,26.507842,0.915362,1.122449,0.804155,0.014872,1.101774,31.906112,21.756369,0.751285,13.253890,0.457680,2.340041,0.080806,86.524678,173.995687,179.301306,168.690068,10.611238,0.940819
left,1752,96,61,0,-1,0.629186,985.250000,761.000000,1209.500000,448.500000,0.774547,123.921864,108.177850,139.665879,31.488029,0.851541,1.180357,1.085714,1.275000,0.189286,0.953492,0.798178,0.779175,0.817180,0.038005,0.999174,0.999587,0.999174,1.000000,0.000826,0.857143,6.500000,6.000000,7.000000,1.000000,36.437088,1.168528,1.612245,0.535479,0.221264,0.525983,16.401219,27.852268,0.893215,16.379766,0.525295,4.444164,0.142523,55.307302,96.365499,98.056834,94.674164,3.382670,0.965503
left,1753,95,93,0,-1,0.661407,974.000000,775.500000,1172.500000,397.000000,0.827856,121.324073,109.898017,132.750129,22.852112,0.976974,1.138258,1.125000,1.151515,0.026515,0.965071,0.821488,0.806886,0.836090,0.029204,1.000000,1.000000,1.000000,1.000000,0.000000,0.857143,6.500000,6.000000,7.000000,1.000000,42.629737,1.373169,1.950000,0.481641,0.317762,0.277094,8.602325,30.564093,0.984516,19.617480,0.631909,7.206429,0.232130,60.088206,104.662648,109.230672,100.094623,9.136050,0.916360
left,1754,95,85,0,-1,0.842935,847.750000,775.500000,920.000000,144.500000,0.933630,113.804249,109.898017,117.710482,7.812465,0.891892,1.089271,1.027027,1.151515,0.124488,0.967040,0.820636,0.806886,0.834387,0.027501,1.000000,1.000000,1.000000,1.000000,0.000000,1.000000,6.000000,6.000000,6.000000,0.000000,32.707172,1.124358,1.785714,0.545628,0.212032,0.515647,15.000000,27.026328,0.929070,16.120288,0.554159,1.226580,0.042166,81.452222,102.603974,104.036243,101.171704,2.864539,0.972466
left,1755,95,66,0,-1,0.873630,726.500000,677.500000,775.500000,98.000000,0.963536,107.894366,105.890715,109.898017,4.007302,0.895623,1.218615,1.151515,1.285714,0.134199,0.941004,0.783084,0.759283,0.806886,0.047603,1.000000,1.000000,1.000000,1.000000,0.000000,1.000000,6.000000,6.000000,6.000000,0.000000,26.280613,0.975585,1.511628,0.638553,0.187887,0.866618,23.345235,22.914019,0.850611,13.135776,0.487624,0.376271,0.013968,76.659407,140.858078,158.962489,122.753667,36.208822,0.772218
left,1756,95,64,0,-1,0.849863,844.000000,775.500000,912.500000,137.000000,0.932986,113.844876,109.898017,117.791734,7.893717,0.732782,1.361472,1.151515,1.571429,0.419913,0.976335,0.816664,0.806886,0.826443,0.019558,1.000000,1.000000,1.000000,1.000000,0.000000,1.000000,6.000000,6.000000,6.000000,0.000000,32.953198,1.135233,1.360000,0.571216,0.229265,0.602626,17.492856,26.167412,0.901463,16.444859,0.566523,2.322444,0.080008,84.022299,131.709573,165.343249,98.075896,67.267353,0.593165
left,1757,94,84,0,-1,0.815546,1471.500000,1322.000000,1621.000000,299.000000,0.927350,147.059669,141.516375,152.602962,11.086587,0.836111,1.195607,1.088889,1.302326,0.213437,0.948333,0.852119,0.829522,0.874716,0.045194,1.000000,1.000000,1.000000,1.000000,0.000000,0.857143,6.500000,6.000000,7.000000,1.000000,39.377832,1.027861,1.433333,0.573597,0.219504,0.524654,20.099751,29.615388,0.773036,19.641260,0.512686,1.980365,0.051693,81.727966,98.985218,117.563569,80.406866,37.156704,0.683944
left,1758,94,76,0,-1,0.700832,1124.250000,926.500000,1322.000000,395.500000,0.839237,130.141110,118.765845,141.516375,22.750530,0.941915,1.057265,1.025641,1.088889,0.063248,0.995048,0.827468,0.825415,0.829522,0.004107,1.000000,1.000000,1.000000,1.000000,0.000000,0.833333,5.500000,5.000000,6.000000,1.000000,29.879064,0.894612,1.365385,0.780146,0.078719,1.047511,34.985711,25.367815,0.759541,14.556211,0.435829,3.845288,0.115132,58.882485,155.589475,158.260166,152.918785,5.341381,0.966249
left,1759,94,74,0,-1,0.641452,1085.000000,848.000000,1322.000000,474.000000,0.816800,128.553454,115.590533,141.516375,25.925842,0.925556,1.132680,1.088889,1.176471,0.087582,0.961465,0.813539,0.797556,0.829522,0.031966,1.000000,1.000000,1.000000,1.000000,0.000000,1.000000,6.000000,6.000000,6.000000,0.000000,36.689195,1.120627,1.196721,0.585142,0.237788,0.629676,20.615528,31.343757,0.957357,18.045428,0.551176,10.187104,0.311153,73.390357,113.649900,123.690068,103.609732,20.080336,0.837656
left,1760,93,87,0,-1,0.846265,1279.000000,1172.500000,1385.500000,213.000000,0.935648,137.315237,132.750129,141.880345,9.130216,0.950904,1.097384,1.069767,1.125000,0.055233,0.966676,0.850501,0.836090,0.864912,0.028822,1.000000,1.000000,1.000000,1.000000,0.000000,0.857143,6.500000,6.000000,7.000000,1.000000,38.697490,1.082991,1.829787,0.626775,0.160477,0.673994,24.083189,30.893051,0.864575,19.345716,0.541411,2.671129,0.074754,89.995208,122.684756,139.756719,105.612794,34.143926,0.755690
left,1761,93,64,0,-1,0.778252,1042.500000,912.500000,1172.500000,260.000000,0.887319,125.270932,117.791734,132.750129,14.958395,0.715909,1.348214,1.125000,1.571429,0.446429,0.988463,0.831266,0.826443,0.836090,0.009646,1.000000,1.000000,1.000000,1.000000,0.000000,0.857143,6.500000,6.000000,7.000000,1.000000,38.715471,1.201422,1.321429,0.544798,0.195683,0.484737,15.620499,28.297121,0.878119,19.347845,0.600404,2.775872,0.086141,82.715390,96.510721,107.595364,85.426079,22.169285,0.793957
left,1762,93,63,0,-1,0.970149,1155.000000,1137.500000,1172.500000,35.000000,0.992196,132.232144,131.714159,132.750129,1.035970,0.953930,1.099085,1.073171,1.125000,0.051829,0.985470,0.830016,0.823941,0.836090,0.012148,1.000000,1.000000,1.000000,1.000000,0.000000,0.857143,6.500000,6.000000,7.000000,1.000000,32.763071,0.964064,1.288136,0.648864,0.149567,0.779077,26.476405,26.892181,0.791312,16.232746,0.477654,0.382529,0.011256,81.356477,118.844923,123.095734,114.594112,8.501622,0.930935
left,1763,92,88,0,-1,0.698100,1251.500000,1029.000000,1474.000000,445.000000,0.866770,138.283158,128.413968,148.152349,19.738381,0.894737,1.058824,1.000000,1.117647,0.117647,0.929203,0.814026,0.784153,0.843899,0.059746,1.000000,1.000000,1.000000,1.000000,0.000000,0.833333,5.500000,5.000000,6.000000,1.000000,37.367068,1.060499,1.509804,0.636868,0.128845,0.770991,27.166155,28.399022,0.805981,18.514980,0.525466,5.502914,0.156176,70.980259,131.220467,140.906141,121.534792,19.371349,0.862523
left,1764,92,71,0,-1,0.871099,1379.000000,1284.000000,1474.000000,190.000000,0.927064,142.749533,137.346716,148.152349,10.805632,0.891304,1.060976,1.000000,1.121951,0.121951,0.986625,0.849619,0.843899,0.855339,0.011441,1.000000,1.000000,1.000000,1.000000,0.000000,0.857143,6.500000,6.000000,7.000000,1.000000,32.643476,0.879574,1.339623,0.806746,0.049855,1.053954,39.115214,26.255494,0.707451,16.180267,0.435975,1.114959,0.030042,69.670176,142.582778,145.530093,139.635463,5.894629,0.959495
left,1765,91,79,0,-1,0.496000,794.750000,527.000000,1062.500000,535.500000,0.725078,114.597066,96.333976,132.860156,36.526180,0.772296,1.221447,1.064516,1.378378,0.313862,0.943436,0.735004,0.713611,0.756396,0.042785,0.999530,0.999765,0.999530,1.000000,0.000470,0.714286,6.000000,5.000000,7.000000,2.000000,29.540372,1.063512,1.176471,0.535466,0.332494,0.649035,18.027756,25.568186,0.920505,13.994659,0.503836,3.763144,0.135481,59.806849,128.730160,152.622297,104.838023,47.784275,0.686912
left,1766,91,62,0,-1,0.649415,669.250000,527.000000,811.500000,284.500000,0.807581,107.810539,96.333976,119.287102,22.953126,0.564845,1.474566,1.064516,1.884615,0.820099,0.995750,0.715134,0.713611,0.716657,0.003046,1.000000,1.000000,1.000000,1.000000,0.000000,0.833333,5.500000,5.000000,6.000000,1.000000,27.066643,1.052290,1.422222,0.526466,0.197609,0.716870,18.439089,24.972138,0.970860,13.498574,0.524794,7.311348,0.284249,67.421070,105.461382,124.159695,86.763070,37.396625,0.698802
left,1767,91,57,0,-1,0.487737,803.750000,527.000000,1080.500000,553.500000,0.745585,112.769973,96.333976,129.205971,32.871995,0.745161,1.246544,1.064516,1.428571,0.364055,0.877389,0.763473,0.713611,0.813335,0.099724,1.000000,1.000000,1.000000,1.000000,0.000000,0.833333,5.500000,5.000000,6.000000,1.000000,37.633423,1.348205,2.200000,0.476751,0.316019,0.352832,9.848858,30.179001,1.081153,17.056690,0.611050,11.733486,0.420348,55.498355,108.762930,109.875736,107.650124,2.225612,0.979744
left,1768,90,72,0,-1,0.600000,752.000000,564.000000,940.000000,376.000000,0.851142,109.497387,100.692234,118.302541,17.610307,0.846154,1.125000,1.031250,1.218750,0.187500,0.828223,0.771523,0.699032,0.844014,0.144982,1.000000,1.000000,1.000000,1.000000,0.000000,0.666667,5.000000,4.000000,6.000000,2.000000,28.398304,1.043900,1.080000,0.604603,0.210771,0.775437,21.095023,22.893244,0.841538,13.225936,0.486175,3.844643,0.141326,50.234715,126.938490,132.913223,120.963757,11.949466,0.910096
left,1769,90,70,0,-1,0.295133,1237.500000,564.000000,1911.000000,1347.000000,0.609502,132.948128,100.692234,165.204021,64.511788,0.922697,1.074449,1.031250,1.117647,0.086397,0.794452,0.789462,0.699032,0.879892,0.180860,1.000000,1.000000,1.000000,1.000000,0.000000,0.571429,5.500000,4.000000,7.000000,3.000000,28.388125,0.841583,1.087719,0.837946,0.045657,1.085611,36.619667,26.074651,0.772998,14.188076,0.420614,12.506383,0.370759,84.271159,161.507534,162.349876,160.665191,1.684684,0.989623
left,1770,89,78,0,-1,0.435687,655.750000,398.000000,913.500000,515.500000,0.715584,101.258920,84.471827,118.046014,33.574187,0.666034,1.573477,1.258065,1.888889,0.630824,0.850851,0.762355,0.700921,0.823789,0.122867,1.000000,1.000000,1.000000,1.000000,0.000000,0.714286,6.000000,5.000000,7.000000,2.000000,31.093128,1.239409,1.266667,0.505752,0.334350,0.438473,11.000000,27.959400,1.114495,14.437879,0.575511,11.885246,0.473760,59.456561,100.911883,107.581973,94.241792,13.340181,0.876000
left,1771,89,74,0,-1,0.928298,880.750000,848.000000,913.500000,65.500000,0.979199,116.818274,115.590533,118.046014,2.455481,0.935143,1.217268,1.176471,1.258065,0.081594,0.968156,0.810672,0.797556,0.823789,0.026233,1.000000,1.000000,1.000000,1.000000,0.000000,0.857143,6.500000,6.000000,7.000000,1.000000,34.106174,1.149428,1.448980,0.556715,0.259722,0.576876,17.117243,24.782947,0.835222,16.742554,0.564249,1.160187,0.039100,73.171242,102.976143,141.340192,64.612094,76.728098,0.457139
left,1772,89,67,0,-1,0.840722,840.750000,768.000000,913.500000,145.500000,0.935077,114.214059,110.382103,118.046014,7.663911,0.838710,1.379032,1.258065,1.500000,0.241935,0.961519,0.807939,0.792089,0.823789,0.031700,1.000000,1.000000,1.000000,1.000000,0.000000,0.714286,6.000000,5.000000,7.000000,2.000000,24.432143,0.843404,1.302326,0.842168,0.021409,1.208702,35.014283,19.788083,0.683090,11.959231,0.412836,1.992376,0.068777,68.542726,163.897200,164.054604,163.739795,0.314809,0.998081
left,1773,89,65,0,-1,0.437329,656.500000,399.500000,913.500000,514.000000,0.710672,100.968988,83.891962,118.046014,34.154052,0.973985,1.274866,1.258065,1.291667,0.033602,0.865905,0.768556,0.713323,0.823789,0.110466,1.000000,1.000000,1.000000,1.000000,0.000000,0.714286,6.000000,5.000000,7.000000,2.000000,33.880041,1.349489,1.036364,0.442984,0.425743,0.178131,4.472136,28.188166,1.122774,17.043132,0.678852,9.176053,0.365495,59.145854,106.650849,135.243121,78.058576,57.184544,0.577172
left,1774,88,77,0,-1,0.517475,1508.750000,1029.000000,1988.500000,959.500000,0.759701,148.723053,128.413968,169.032138,40.618170,0.960784,1.140456,1.117647,1.163265,0.045618,0.896610,0.829364,0.784153,0.874575,0.090422,1.000000,1.000000,1.000000,1.000000,0.000000,0.625000,6.500000,5.000000,8.000000,3.000000,34.763289,0.906822,1.385965,0.776193,0.060149,0.996730,38.209946,28.723435,0.749268,17.371259,0.453140,8.282058,0.216043,86.634555,148.347193,157.295681,139.398705,17.896976,0.886221
left,1775,87,73,0,-1,0.586431,1099.000000,812.500000,1385.500000,573.000000,0.782338,126.439330,110.998316,141.880345,30.882028,0.872705,1.147787,1.069767,1.225806,0.156039,0.958139,0.846809,0.828706,0.864912,0.036206,1.000000,1.000000,1.000000,1.000000,0.000000,0.833333,5.500000,5.000000,6.000000,1.000000,33.871373,1.030673,1.066667,0.663367,0.143995,0.742868,24.413111,27.134658,0.825682,16.863267,0.513133,6.865111,0.208899,84.292465,133.748506,146.358040,121.138972,25.219067,0.827689
left,1776,87,63,0,-1,0.821003,1261.500000,1137.500000,1385.500000,248.000000,0.928347,136.797252,131.714159,141.880345,10.166186,0.996829,1.071469,1.069767,1.073171,0.003403,0.952630,0.844427,0.823941,0.864912,0.040971,1.000000,1.000000,1.000000,1.000000,0.000000,1.000000,6.000000,6.000000,6.000000,0.000000,40.076578,1.129727,1.056338,0.565031,0.213635,0.517485,18.357560,31.303614,0.882424,19.330210,0.544903,2.484844,0.070046,80.057510,104.609802,105.649169,103.570434,2.078734,0.980324
left,1777,87,58,0,-1,0.940816,1344.500000,1303.500000,1385.500000,82.000000,0.975475,140.140530,138.400715,141.880345,3.479630,1.000000,1.069767,1.069767,1.069767,0.000000,0.988718,0.860033,0.855154,0.864912,0.009758,1.000000,1.000000,1.000000,1.000000,0.000000,1.000000,6.000000,6.000000,6.000000,0.000000,43.374567,1.183056,1.869565,0.525424,0.232057,0.363898,13.341664,33.104374,0.902933,20.842058,0.568474,0.319185,0.008706,68.020675,97.218630,101.644557,92.792702,8.851854,0.912914
left,1778,86,61,0,-1,0.951987,1240.000000,1209.500000,1270.500000,61.000000,0.930346,144.894227,139.665879,150.122575,10.456696,0.851064,1.180053,1.085106,1.275000,0.189894,0.909196,0.743799,0.708423,0.779175,0.070752,0.999174,0.999587,0.999174,1.000000,0.000826,0.714286,6.000000,5.000000,7.000000,2.000000,43.072864,1.223280,1.069444,0.573315,0.042742,0.804284,28.319605,31.764299,0.902114,21.517307,0.611097,1.650458,0.046873,89.341719,165.844129,167.374163,164.314094,3.060069,0.981717
left,1779,86,60,0,-1,0.824197,1406.000000,1270.500000,1541.500000,271.000000,0.943747,154.596655,150.122575,159.070735,8.948160,0.972767,1.070331,1.055556,1.085106,0.029551,0.925379,0.736986,0.708423,0.765549,0.057126,1.000000,1.000000,1.000000,1.000000,0.000000,0.833333,5.500000,5.000000,6.000000,1.000000,30.792797,0.822172,1.301587,0.659205,0.131223,1.036845,38.832976,26.590119,0.709960,14.645664,0.391041,2.082681,0.055608,32.386764,118.727770,139.398705,98.056834,41.341871,0.703427
left,1780,85,66,0,-1,0.736413,798.750000,677.500000,920.000000,242.500000,0.899586,111.800598,105.890715,117.710482,11.819767,0.798799,1.156371,1.027027,1.285714,0.258687,0.909989,0.796835,0.759283,0.834387,0.075104,1.000000,1.000000,1.000000,1.000000,0.000000,1.000000,6.000000,6.000000,6.000000,0.000000,33.803419,1.199546,1.016667,0.523928,0.218153,0.494262,13.928388,26.378164,0.936054,16.264300,0.577154,2.721724,0.096583,64.046585,118.830735,137.795662,99.865807,37.929855,0.724738
left,1781,85,61,0,-1,0.760645,1064.750000,920.000000,1209.500000,289.500000,0.842801,128.688180,117.710482,139.665879,21.955397,0.805511,1.151014,1.027027,1.275000,0.247973,0.933830,0.806781,0.779175,0.834387,0.055212,0.999174,0.999587,0.999174,1.000000,0.000826,0.857143,6.500000,6.000000,7.000000,1.000000,36.376929,1.117410,1.014706,0.474911,0.308288,0.307175,10.000000,30.455048,0.935504,17.543282,0.538887,1.990546,0.061145,83.429012,81.429426,84.627142,78.231711,6.395431,0.924428
left,1782,85,59,0,-1,0.975093,931.750000,920.000000,943.500000,23.500000,0.961102,120.092504,117.710482,122.474526,4.764044,0.746929,1.201014,1.027027,1.375000,0.347973,0.947312,0.812405,0.790424,0.834387,0.043963,1.000000,1.000000,1.000000,1.000000,0.000000,0.833333,5.500000,5.000000,6.000000,1.000000,32.425421,1.062294,1.925000,0.640871,0.125570,0.803149,24.515301,24.632172,0.806978,15.851470,0.519312,1.175292,0.038504,79.341282,124.902507,126.869898,122.935116,3.934782,0.968986
left,1783,84,76,0,-1,0.571561,1273.750000,926.500000,1621.000000,694.500000,0.778267,135.684404,118.765845,152.602962,33.837117,0.787546,1.163983,1.025641,1.302326,0.276685,0.943638,0.850065,0.825415,0.874716,0.049301,1.000000,1.000000,1.000000,1.000000,0.000000,0.714286,6.000000,5.000000,7.000000,2.000000,36.758520,1.039843,1.089552,0.649720,0.182924,0.698674,24.698178,30.248401,0.855682,17.754232,0.502241,5.641569,0.159592,58.739660,119.691300,126.674350,112.708250,13.966099,0.889748
left,1784,84,75,0,-1,0.693708,1372.750000,1124.500000,1621.000000,496.500000,0.840226,140.411973,128.220983,152.602962,24.381979,0.787054,1.163663,1.025000,1.302326,0.277326,0.982617,0.867113,0.859510,0.874716,0.015205,1.000000,1.000000,1.000000,1.000000,0.000000,1.000000,7.000000,7.000000,7.000000,0.000000,35.906410,0.973137,1.046154,0.763606,0.083045,0.925049,34.132096,27.702812,0.750802,17.747084,0.480982,5.420113,0.146896,72.404903,149.505536,155.556045,143.455028,12.101018,0.922208
left,1785,84,47,0,-1,0.836214,1779.750000,1621.000000,1938.500000,317.500000,0.927699,158.549585,152.602962,164.496207,11.893245,0.955039,1.332981,1.302326,1.363636,0.061311,0.971635,0.887484,0.874716,0.900252,0.025536,1.000000,1.000000,1.000000,1.000000,0.000000,0.875000,7.500000,7.000000,8.000000,1.000000,54.102630,1.283725,2.200000,0.558807,0.160837,0.405457,17.088007,40.592663,0.963166,26.267328,0.623261,2.910569,0.069061,73.663663,109.268818,115.365082,103.172553,12.192529,0.894314
left,1786,83,81,0,-1,0.490375,735.500000,484.000000,987.000000,503.000000,0.792849,109.176038,96.561534,121.790543,25.229009,0.767677,1.325758,1.151515,1.500000,0.348485,0.780094,0.744240,0.652299,0.836180,0.183881,1.000000,1.000000,1.000000,1.000000,0.000000,0.666667,5.000000,4.000000,6.000000,2.000000,21.324039,0.798406,1.289474,0.807824,0.020394,1.255829,33.541020,18.144335,0.679352,10.522912,0.393994,6.813962,0.255125,21.296821,168.977308,171.990860,165.963757,6.027103,0.964957
left,1787,83,70,0,-1,0.253271,1197.500000,484.000000,1911.000000,1427.000000,0.584499,130.882777,96.561534,165.204021,68.642488,0.745098,1.308824,1.117647,1.500000,0.382353,0.741340,0.766096,0.652299,0.879892,0.227593,1.000000,1.000000,1.000000,1.000000,0.000000,0.571429,5.500000,4.000000,7.000000,3.000000,28.148681,0.856690,1.140351,0.785070,0.081628,1.003876,32.984845,26.347719,0.801879,13.610610,0.414232,14.451427,0.439821,38.454929,138.170096,139.085617,137.254575,1.831042,0.986835
left,1788,83,56,0,-1,0.528384,700.000000,484.000000,916.000000,432.000000,0.812999,107.666778,96.561534,118.772023,22.210490,0.722222,1.291667,1.083333,1.500000,0.416667,0.799411,0.734137,0.652299,0.815975,0.163676,1.000000,1.000000,1.000000,1.000000,0.000000,0.666667,5.000000,4.000000,6.000000,2.000000,32.447044,1.241624,1.769231,0.523424,0.232857,0.612259,16.000000,27.128791,1.038115,15.906047,0.608663,4.965714,0.190019,78.415276,119.341012,144.950627,93.731397,51.219230,0.646644
left,1789,82,80,0,-1,0.906625,1072.000000,1019.500000,1124.500000,105.000000,0.947087,128.476867,124.985443,131.968291,6.982848,0.907297,1.134068,1.078947,1.189189,0.110242,0.989354,0.815756,0.811391,0.820122,0.008731,1.000000,1.000000,1.000000,1.000000,0.000000,1.000000,6.000000,6.000000,6.000000,0.000000,42.069731,1.285295,2.153846,0.505445,0.212220,0.398343,13.038405,31.303408,0.956367,21.033849,0.642616,0.496870,0.015180,84.314191,101.212491,106.504361,95.920621,10.583741,0.900626
left,1790,82,75,0,-1,0.906625,1072.000000,1019.500000,1124.500000,105.000000,0.974766,126.603213,124.985443,128.220983,3.235541,0.861932,1.107095,1.025000,1.189189,0.164189,0.954173,0.839816,0.820122,0.859510,0.039389,1.000000,1.000000,1.000000,1.000000,0.000000,0.857143,6.500000,6.000000,7.000000,1.000000,39.470668,1.205889,1.930233,0.495821,0.221782,0.307039,10.049876,29.851121,0.911997,19.697746,0.601796,0.692318,0.021151,86.022545,86.134570,97.823711,74.445429,23.378282,0.761016
left,1791,82,68,0,-1,0.504169,766.750000,514.000000,1019.500000,505.500000,0.743206,108.937658,92.889873,124.985443,32.095570,0.972973,1.205706,1.189189,1.222222,0.033033,0.912763,0.784349,0.748577,0.820122,0.071545,1.000000,1.000000,1.000000,1.000000,0.000000,0.833333,5.500000,5.000000,6.000000,1.000000,21.441901,0.785401,1.086957,0.837783,0.033909,1.212644,33.105891,18.512645,0.678104,10.717334,0.392568,5.719909,0.209516,8.187990,166.100624,167.374163,164.827085,2.547078,0.984782
left,1792,82,40,0,-1,0.470032,1594.250000,1019.500000,2169.000000,1149.500000,0.700727,151.675363,124.985443,178.365283,53.379840,0.861731,1.284595,1.189189,1.380000,0.190811,0.957259,0.838431,0.820122,0.856739,0.036618,1.000000,1.000000,1.000000,1.000000,0.000000,0.750000,7.000000,6.000000,8.000000,2.000000,49.759933,1.267735,1.352113,0.541138,0.176258,0.397964,15.620499,37.856346,0.964467,24.596264,0.626639,13.249619,0.337561,84.610382,98.369832,119.291362,77.448301,41.843061,0.649236
left,1793,81,69,0,-1,0.656905,1244.750000,987.000000,1502.500000,515.500000,0.829795,134.281197,121.790543,146.771852,24.981309,0.998684,1.150758,1.150000,1.151515,0.001515,0.954028,0.856327,0.836180,0.876474,0.040293,1.000000,1.000000,1.000000,1.000000,0.000000,1.000000,6.000000,6.000000,6.000000,0.000000,33.447801,0.953219,1.408163,0.696106,0.100823,0.806065,28.284271,24.991965,0.712238,16.680314,0.475367,5.562791,0.158532,79.413023,121.720944,126.027373,117.414514,8.612859,0.931659
left,1794,81,56,0,-1,0.928065,951.500000,916.000000,987.000000,71.000000,0.975215,120.281283,118.772023,121.790543,3.018519,0.940789,1.117424,1.083333,1.151515,0.068182,0.975837,0.826078,0.815975,0.836180,0.020205,1.000000,1.000000,1.000000,1.000000,0.000000,1.000000,6.000000,6.000000,6.000000,0.000000,41.896156,1.358455,1.125000,0.476300,0.381240,0.267378,8.246211,31.939625,1.035621,19.445581,0.630510,1.159065,0.037582,70.858615,104.872441,109.440035,100.304846,9.135188,0.916528
left,1795,81,51,0,-1,0.764524,1139.000000,987.000000,1291.000000,304.000000,0.891014,129.239024,121.790543,136.687506,14.896963,0.931964,1.112343,1.073171,1.151515,0.078344,0.962989,0.852249,0.836180,0.868317,0.032137,1.000000,1.000000,1.000000,1.000000,0.000000,1.000000,6.000000,6.000000,6.000000,0.000000,38.328940,1.138252,2.000000,0.610852,0.123793,0.623635,21.000000,29.475275,0.875325,19.161121,0.569026,4.256512,0.126405,89.955436,110.219366,135.842524,84.596209,51.246316,0.622752
left,1796,80,71,0,-1,0.875779,1204.250000,1124.500000,1284.000000,159.500000,0.960841,134.657504,131.968291,137.346716,5.378425,0.961670,1.100449,1.078947,1.121951,0.043004,0.948619,0.833365,0.811391,0.855339,0.043948,1.000000,1.000000,1.000000,1.000000,0.000000,0.857143,6.500000,6.000000,7.000000,1.000000,37.862201,1.091656,1.782609,0.629245,0.132240,0.720809,25.000000,29.892317,0.861866,18.773973,0.541298,0.010588,0.000305,72.812767,117.414639,134.723211,100.106068,34.617143,0.743050
left,1797,80,55,0,-1,0.530013,860.250000,596.000000,1124.500000,528.500000,0.829787,120.736955,109.505619,131.968291,22.462672,0.908587,1.133224,1.078947,1.187500,0.108553,0.769756,0.717982,0.624573,0.811391,0.186818,1.000000,1.000000,1.000000,1.000000,0.000000,0.666667,5.000000,4.000000,6.000000,2.000000,28.921270,0.998203,1.636364,0.646129,0.117117,1.010397,29.274562,22.931027,0.791453,13.345641,0.460618,5.473004,0.188898,51.147427,144.826912,146.523722,143.130102,3.393619,0.976839
left,1798,80,40,0,-1,0.518442,1646.750000,1124.500000,2169.000000,1044.500000,0.739877,155.166787,131.968291,178.365283,46.396992,0.781846,1.229474,1.078947,1.380000,0.301053,0.947068,0.834065,0.811391,0.856739,0.045349,1.000000,1.000000,1.000000,1.000000,0.000000,0.750000,7.000000,6.000000,8.000000,2.000000,44.987680,1.123203,1.507937,0.522329,0.201609,0.360078,14.422205,35.906747,0.896480,22.658721,0.565718,12.903187,0.322152,60.948898,96.758654,134.204276,59.313033,74.891244,0.441961
left,1799,79,78,0,-1,0.374588,730.250000,398.000000,1062.500000,664.500000,0.635795,108.665992,84.471827,132.860156,48.388330,0.729730,1.633634,1.378378,1.888889,0.510511,0.926659,0.728659,0.700921,0.756396,0.055475,0.999530,0.999765,0.999530,1.000000,0.000470,0.714286,6.000000,5.000000,7.000000,2.000000,20.444713,0.778165,1.062500,0.738302,0.094488,1.135496,29.832868,17.447361,0.664080,10.171441,0.387145,7.684773,0.292497,3.020812,150.338261,155.854458,144.822065,11.032393,0.929213
left,1800,79,57,0,-1,0.983341,1071.500000,1062.500000,1080.500000,18.000000,0.972496,131.033064,129.205971,132.860156,3.654186,0.964865,1.403475,1.378378,1.428571,0.050193,0.929993,0.784866,0.756396,0.813335,0.056939,0.999530,0.999765,0.999530,1.000000,0.000470,0.857143,6.500000,6.000000,7.000000,1.000000,39.304627,1.200747,1.366667,0.538399,0.179188,0.586842,19.209373,30.678199,0.937211,19.306891,0.589821,1.199798,0.036654,70.577910,109.643967,119.560354,99.727579,19.832776,0.834119
left,1801,79,49,0,-1,0.536075,1522.250000,1062.500000,1982.000000,919.500000,0.793581,150.139287,132.860156,167.418418,34.558261,0.827059,1.259189,1.140000,1.378378,0.238378,0.851221,0.822499,0.756396,0.888602,0.132205,0.999530,0.999765,0.999530,1.000000,0.000470,0.875000,7.500000,7.000000,8.000000,1.000000,44.024926,1.141789,1.523810,0.553469,0.241583,0.484507,18.681542,33.565006,0.870511,22.001974,0.570623,9.400525,0.243803,79.395508,111.693669,127.303948,96.083390,31.220559,0.754756
left,1802,78,67,0,-1,0.518229,583.000000,398.000000,768.000000,370.000000,0.765267,97.426965,84.471827,110.382103,25.910277,0.794118,1.694444,1.500000,1.888889,0.388889,0.884902,0.746505,0.700921,0.792089,0.091167,1.000000,1.000000,1.000000,1.000000,0.000000,1.000000,5.000000,5.000000,5.000000,0.000000,27.277729,1.144614,1.177778,0.533443,0.278302,0.610969,14.560220,23.534255,0.987532,13.410779,0.562736,9.416542,0.395132,68.391690,128.974332,169.585241,88.363423,81.221818,0.521056
left,1803,78,49,0,-1,0.200807,1190.000000,398.000000,1982.000000,1584.000000,0.504555,125.945122,84.471827,167.418418,82.946591,0.603529,1.514444,1.140000,1.888889,0.748889,0.788791,0.794761,0.700921,0.888602,0.187680,1.000000,1.000000,1.000000,1.000000,0.000000,0.625000,6.500000,5.000000,8.000000,3.000000,35.822896,1.111311,1.385965,0.605986,0.202101,0.461181,14.866069,31.187823,0.967520,17.656905,0.547759,16.098991,0.499429,81.053276,111.608866,119.094545,104.123187,14.971358,0.874290
left,1804,76,74,0,-1,0.915273,887.250000,848.000000,926.500000,78.500000,0.973264,117.178189,115.590533,118.765845,3.175312,0.871795,1.101056,1.025641,1.176471,0.150830,0.966249,0.811485,0.797556,0.825415,0.027859,1.000000,1.000000,1.000000,1.000000,0.000000,0.833333,5.500000,5.000000,6.000000,1.000000,33.065377,1.110342,1.619048,0.552876,0.276698,0.562907,16.763055,26.942677,0.904741,15.721595,0.527934,3.233097,0.108568,61.278671,116.565051,135.000000,98.130102,36.869898,0.726890
left,1805,76,48,0,-1,0.611349,1221.000000,926.500000,1515.500000,589.000000,0.803315,133.305247,118.765845,147.844650,29.078805,0.900052,1.082588,1.025641,1.139535,0.113894,0.947366,0.848344,0.825415,0.871274,0.045859,1.000000,1.000000,1.000000,1.000000,0.000000,0.714286,6.000000,5.000000,7.000000,2.000000,40.069661,1.155280,1.406780,0.586899,0.175266,0.547045,18.973666,30.758538,0.886824,19.805393,0.571025,7.815414,0.225332,75.108737,117.973366,136.735705,99.211027,37.524678,0.725568
left,1806,76,47,0,-1,0.477947,1432.500000,926.500000,1938.500000,1012.000000,0.721997,141.631026,118.765845,164.496207,45.730362,0.752137,1.194639,1.025641,1.363636,0.337995,0.916871,0.862833,0.825415,0.900252,0.074837,1.000000,1.000000,1.000000,1.000000,0.000000,0.625000,6.500000,5.000000,8.000000,3.000000,39.514469,1.061263,1.238806,0.643294,0.147993,0.626997,23.345235,32.891539,0.883387,19.415876,0.521464,11.445610,0.307401,75.971144,120.180808,131.926667,108.434949,23.491719,0.821934
left,1807,75,68,0,-1,0.457092,819.250000,514.000000,1124.500000,610.500000,0.724451,110.555428,92.889873,128.220983,35.331111,0.838636,1.123611,1.025000,1.222222,0.197222,0.870934,0.804043,0.748577,0.859510,0.110934,1.000000,1.000000,1.000000,1.000000,0.000000,0.714286,6.000000,5.000000,7.000000,2.000000,32.069628,1.141164,1.458333,0.604123,0.152579,0.649346,18.248288,24.315389,0.865237,15.549189,0.553301,7.623876,0.271288,62.631419,131.231749,141.736011,120.727487,21.008525,0.851777
left,1808,75,47,0,-1,0.580088,1531.500000,1124.500000,1938.500000,814.000000,0.779477,146.358595,128.220983,164.496207,36.275224,0.751667,1.194318,1.025000,1.363636,0.338636,0.954745,0.879881,0.859510,0.900252,0.040741,1.000000,1.000000,1.000000,1.000000,0.000000,0.875000,7.500000,7.000000,8.000000,1.000000,45.338647,1.169095,1.152778,0.574789,0.221352,0.437600,16.970563,36.398424,0.938564,22.640493,0.583804,8.756612,0.225797,81.475113,104.940783,108.610165,101.271401,7.338763,0.932430
left,1809,75,46,0,-1,0.973593,1139.750000,1124.500000,1155.000000,30.500000,0.939458,132.352503,128.220983,136.484022,8.263039,0.956667,1.048214,1.025000,1.071429,0.046429,0.906519,0.819337,0.779163,0.859510,0.080348,1.000000,1.000000,1.000000,1.000000,0.000000,0.714286,6.000000,5.000000,7.000000,2.000000,35.619118,1.055087,1.826087,0.622317,0.152665,0.742900,25.079872,28.518117,0.844745,17.790032,0.526965,0.805431,0.023858,79.448120,117.595751,120.963757,114.227745,6.736011,0.944314
left,1810,74,65,0,-1,0.471108,623.750000,399.500000,848.000000,448.500000,0.725768,99.741248,83.891962,115.590533,31.698571,0.910816,1.234069,1.176471,1.291667,0.115196,0.894386,0.755439,0.713323,0.797556,0.084233,1.000000,1.000000,1.000000,1.000000,0.000000,0.833333,5.500000,5.000000,6.000000,1.000000,20.161462,0.821108,1.200000,0.787735,0.032866,1.189468,29.206164,16.947980,0.690234,9.669153,0.393792,5.354581,0.218074,30.371147,162.538149,164.931512,160.144786,4.786726,0.970977
left,1811,74,48,0,-1,0.559551,1181.750000,848.000000,1515.500000,667.500000,0.781838,131.717591,115.590533,147.844650,32.254117,0.968605,1.158003,1.139535,1.176471,0.036936,0.915391,0.834415,0.797556,0.871274,0.073718,1.000000,1.000000,1.000000,1.000000,0.000000,0.857143,6.500000,6.000000,7.000000,1.000000,39.116651,1.149647,1.557692,0.573059,0.170087,0.525748,17.888544,28.943201,0.850647,19.502354,0.573178,5.231557,0.153757,84.199668,109.687735,125.788973,93.586497,32.202477,0.743996
left,1812,73,72,0,-1,0.864362,876.250000,812.500000,940.000000,127.500000,0.938258,114.650429,110.998316,118.302541,7.304224,0.994243,1.222278,1.218750,1.225806,0.007056,0.981863,0.836360,0.828706,0.844014,0.015308,1.000000,1.000000,1.000000,1.000000,0.000000,0.833333,5.500000,5.000000,6.000000,1.000000,26.230734,0.886716,1.589744,0.787116,0.071897,1.048483,31.016125,22.822832,0.771513,13.065838,0.441684,1.750489,0.059174,65.697603,155.015130,156.595310,153.434949,3.160362,0.979818
left,1813,73,58,0,-1,0.623322,1058.000000,812.500000,1303.500000,491.000000,0.802007,124.699516,110.998316,138.400715,27.402398,0.872705,1.147787,1.069767,1.225806,0.156039,0.969072,0.841930,0.828706,0.855154,0.026448,1.000000,1.000000,1.000000,1.000000,0.000000,0.833333,5.500000,5.000000,6.000000,1.000000,31.807726,0.984631,1.000000,0.665550,0.122873,0.766428,24.758837,25.765584,0.797592,15.901144,0.492231,5.717530,0.176990,79.748987,110.608588,111.997403,109.219773,2.777630,0.975199
left,1814,73,52,0,-1,0.829082,896.250000,812.500000,980.000000,167.500000,0.930067,115.171385,110.998316,119.344454,8.346137,0.815789,1.112903,1.000000,1.225806,0.225806,0.958449,0.846669,0.828706,0.864632,0.035926,1.000000,1.000000,1.000000,1.000000,0.000000,0.714286,6.000000,5.000000,7.000000,2.000000,35.441921,1.185163,1.377358,0.553639,0.257741,0.478782,14.317821,28.434477,0.950837,17.264965,0.577333,0.633068,0.021170,82.444451,116.334552,129.511561,103.157543,26.354018,0.796512
left,1815,72,70,0,-1,0.491889,1425.500000,940.000000,1911.000000,971.000000,0.716100,141.753281,118.302541,165.204021,46.901481,0.917044,1.168199,1.117647,1.218750,0.101103,0.959224,0.861953,0.844014,0.879892,0.035878,1.000000,1.000000,1.000000,1.000000,0.000000,0.857143,6.500000,6.000000,7.000000,1.000000,41.499162,1.115953,1.403509,0.551527,0.189583,0.385020,14.317821,33.880555,0.911081,20.737961,0.557664,12.995642,0.349465,89.534851,96.074492,125.727398,66.421586,59.305812,0.528298
left,1816,72,52,0,-1,0.959184,960.000000,940.000000,980.000000,40.000000,0.991270,118.823497,118.302541,119.344454,1.041913,0.820513,1.109375,1.000000,1.218750,0.218750,0.976154,0.854323,0.844014,0.864632,0.020618,1.000000,1.000000,1.000000,1.000000,0.000000,0.857143,6.500000,6.000000,7.000000,1.000000,32.619085,1.052834,1.553191,0.622614,0.151823,0.658316,20.396078,25.144643,0.811584,16.123187,0.520402,0.374493,0.012087,87.514789,106.628008,113.008870,100.247147,12.761723,0.887073
left,1817,72,42,0,-1,0.588051,1269.250000,940.000000,1598.500000,658.500000,0.778358,135.146231,118.302541,151.989922,33.687381,0.871795,1.140625,1.062500,1.218750,0.156250,0.970637,0.856780,0.844014,0.869547,0.025533,1.000000,1.000000,1.000000,1.000000,0.000000,0.750000,7.000000,6.000000,8.000000,2.000000,47.468455,1.343941,1.202899,0.534860,0.235966,0.369147,13.038405,33.684033,0.953673,23.606521,0.668355,10.594072,0.299943,88.860354,117.334211,123.896167,110.772255,13.123912,0.894073
left,1818,71,55,0,-1,0.464174,940.000000,596.000000,1284.000000,688.000000,0.797293,123.426168,109.505619,137.346716,27.841098,0.944801,1.154726,1.121951,1.187500,0.065549,0.730205,0.739956,0.624573,0.855339,0.230766,1.000000,1.000000,1.000000,1.000000,0.000000,0.571429,5.500000,4.000000,7.000000,3.000000,37.989150,1.261133,1.028571,0.421126,0.432979,0.165986,5.000000,32.373542,1.074711,18.993636,0.630535,9.640248,0.320029,77.961798,94.717438,107.288189,82.146687,25.141502,0.765664
left,1819,70,56,0,-1,0.479330,1413.500000,916.000000,1911.000000,995.000000,0.718941,141.988022,118.772023,165.204021,46.431998,0.969298,1.100490,1.083333,1.117647,0.034314,0.927359,0.847934,0.815975,0.879892,0.063917,1.000000,1.000000,1.000000,1.000000,0.000000,0.857143,6.500000,6.000000,7.000000,1.000000,38.253241,1.034144,1.194030,0.595347,0.200212,0.536613,19.849433,31.815857,0.860115,19.013050,0.514002,10.322912,0.279071,72.070755,109.364461,142.765166,75.963757,66.801409,0.532089
left,1820,70,42,0,-1,0.836473,1754.750000,1598.500000,1911.000000,312.500000,0.920013,158.596972,151.989922,165.204021,13.214100,0.950658,1.090074,1.062500,1.117647,0.055147,0.988243,0.874719,0.869547,0.879892,0.010345,1.000000,1.000000,1.000000,1.000000,0.000000,0.875000,7.500000,7.000000,8.000000,1.000000,45.652143,1.090901,1.661017,0.635937,0.113834,0.643418,26.925824,33.665457,0.804468,22.639381,0.540989,5.208271,0.124457,80.957333,105.163531,110.376435,99.950627,10.425809,0.905543
left,1821,69,62,0,-1,0.540100,1157.000000,811.500000,1502.500000,691.000000,0.812738,133.029477,119.287102,146.771852,27.484750,0.610204,1.517308,1.150000,1.884615,0.734615,0.817660,0.796565,0.716657,0.876474,0.159816,1.000000,1.000000,1.000000,1.000000,0.000000,1.000000,6.000000,6.000000,6.000000,0.000000,28.663445,0.852458,1.185185,0.757366,0.103284,1.042607,35.057096,23.458701,0.697668,14.313164,0.425677,8.634533,0.256793,61.825035,132.730578,137.489553,127.971604,9.517949,0.930773
left,1822,69,51,0,-1,0.859235,1396.750000,1291.000000,1502.500000,211.500000,0.931292,141.729679,136.687506,146.771852,10.084346,0.933192,1.111585,1.073171,1.150000,0.076829,0.990694,0.872395,0.868317,0.876474,0.008156,1.000000,1.000000,1.000000,1.000000,0.000000,1.000000,6.000000,6.000000,6.000000,0.000000,44.680174,1.196375,1.082192,0.534575,0.217648,0.364199,13.601471,34.574806,0.925790,22.106624,0.591936,2.203499,0.059002,70.512001,97.739793,98.130102,97.349484,0.780618,0.992045
left,1823,69,44,0,-1,0.720799,1292.750000,1083.000000,1502.500000,419.500000,0.871468,137.339400,127.906948,146.771852,18.864904,0.892449,1.088158,1.026316,1.150000,0.123684,0.949098,0.854167,0.831860,0.876474,0.044614,1.000000,1.000000,1.000000,1.000000,0.000000,1.000000,6.000000,6.000000,6.000000,0.000000,36.863942,1.028698,1.844444,0.705198,0.086444,0.837623,30.016662,29.697260,0.828710,18.313877,0.511054,5.585383,0.155862,76.428537,132.931551,138.532295,127.330807,11.201488,0.919142
left,1824,68,46,0,-1,0.445022,834.500000,514.000000,1155.000000,641.000000,0.680592,114.686947,92.889873,136.484022,43.594149,0.876623,1.146825,1.071429,1.222222,0.150794,0.960745,0.763870,0.748577,0.779163,0.030586,1.000000,1.000000,1.000000,1.000000,0.000000,1.000000,5.000000,5.000000,5.000000,0.000000,36.249184,1.279604,1.047619,0.485986,0.316357,0.381830,10.816654,29.300773,1.034324,17.297967,0.610622,13.222016,0.466740,78.834919,105.684471,107.332699,104.036243,3.296456,0.969287
left,1825,68,40,0,-1,0.236976,1341.500000,514.000000,2169.000000,1655.000000,0.520784,135.627578,92.889873,178.365283,85.475410,0.885668,1.301111,1.222222,1.380000,0.157778,0.873751,0.802658,0.748577,0.856739,0.108163,1.000000,1.000000,1.000000,1.000000,0.000000,0.625000,6.500000,5.000000,8.000000,3.000000,41.272918,1.192099,1.000000,0.592961,0.209840,0.473722,16.401219,34.541758,0.997681,20.634010,0.595979,19.118921,0.552218,83.627209,116.608844,118.040153,115.177535,2.862618,0.975749
left,1826,68,38,0,-1,0.335728,1022.500000,514.000000,1531.000000,1017.000000,0.606092,123.075128,92.889873,153.260384,60.370511,0.978261,1.208937,1.195652,1.222222,0.026570,0.913926,0.783827,0.748577,0.819078,0.070501,1.000000,1.000000,1.000000,1.000000,0.000000,0.833333,5.500000,5.000000,6.000000,1.000000,38.319175,1.240112,1.717391,0.543158,0.259658,0.463363,14.317821,33.568472,1.086366,19.019094,0.615509,18.297166,0.592145,78.629282,110.374312,126.486012,94.262611,32.223401,0.745241
left,1827,67,65,0,-1,0.520182,583.750000,399.500000,768.000000,368.500000,0.760014,97.137033,83.891962,110.382103,26.490141,0.861111,1.395833,1.291667,1.500000,0.208333,0.900559,0.752706,0.713323,0.792089,0.078766,1.000000,1.000000,1.000000,1.000000,0.000000,1.000000,5.000000,5.000000,5.000000,0.000000,25.227945,1.057769,1.903226,0.655961,0.119058,0.937549,22.360680,21.632729,0.907027,12.580903,0.527498,7.720662,0.323715,87.926353,132.865218,147.528808,118.201628,29.327179,0.801210
left,1828,67,49,0,-1,0.387487,1375.000000,768.000000,1982.000000,1214.000000,0.659319,138.900260,110.382103,167.418418,57.036314,0.760000,1.320000,1.140000,1.500000,0.360000,0.891388,0.840345,0.792089,0.888602,0.096513,1.000000,1.000000,1.000000,1.000000,0.000000,0.625000,6.500000,5.000000,8.000000,3.000000,38.389387,1.062940,1.283333,0.631704,0.141091,0.607884,21.954498,31.230829,0.864731,17.685611,0.489686,12.326213,0.341293,66.509851,106.353975,126.416379,86.291572,40.124807,0.682598
left,1829,67,31,0,-1,0.422094,1293.750000,768.000000,1819.500000,1051.500000,0.645989,140.627612,110.382103,170.873121,60.491018,0.942029,1.456522,1.413043,1.500000,0.086957,0.988646,0.787592,0.783095,0.792089,0.008994,1.000000,1.000000,1.000000,1.000000,0.000000,0.714286,6.000000,5.000000,7.000000,2.000000,39.779762,1.130614,1.705882,0.527522,0.222222,0.468745,16.492423,34.241539,0.973208,19.868596,0.564702,14.230944,0.404470,82.139184,97.909275,98.130102,97.688448,0.441655,0.995499
left,1830,66,64,0,-1,0.742466,795.000000,677.500000,912.500000,235.000000,0.898966,111.841225,105.890715,117.791734,11.901019,0.818182,1.428571,1.285714,1.571429,0.285714,0.918735,0.792863,0.759283,0.826443,0.067161,1.000000,1.000000,1.000000,1.000000,0.000000,1.000000,6.000000,6.000000,6.000000,0.000000,23.896167,0.849846,1.250000,0.783903,0.086792,1.138608,32.015621,19.846751,0.705832,11.943794,0.424771,2.169126,0.077143,75.934510,153.930252,168.690068,139.170437,29.519631,0.825007
left,1831,66,59,0,-1,0.718071,810.500000,677.500000,943.500000,266.000000,0.864594,114.182620,105.890715,122.474526,16.583811,0.935065,1.330357,1.285714,1.375000,0.089286,0.960601,0.774853,0.759283,0.790424,0.031142,1.000000,1.000000,1.000000,1.000000,0.000000,0.833333,5.500000,5.000000,6.000000,1.000000,29.487865,1.039306,1.000000,0.503384,0.319864,0.479387,13.601471,25.355600,0.893664,14.439531,0.508925,5.433543,0.191506,83.156123,91.831528,99.269222,84.393834,14.875388,0.850151
left,1832,66,53,0,-1,0.947552,696.250000,677.500000,715.000000,37.500000,0.982406,106.838911,105.890715,107.787108,1.896393,0.919192,1.233766,1.181818,1.285714,0.103896,0.981796,0.766322,0.759283,0.773361,0.014078,1.000000,1.000000,1.000000,1.000000,0.000000,0.833333,5.500000,5.000000,6.000000,1.000000,29.713980,1.126205,1.702703,0.580118,0.176661,0.758031,20.000000,22.768341,0.862955,13.701650,0.519314,2.641508,0.100117,53.685238,110.571922,112.708895,108.434949,4.273946,0.962080
left,1833,66,39,0,-1,0.582295,920.500000,677.500000,1163.500000,486.000000,0.789295,120.024696,105.890715,134.158677,28.267962,0.933333,1.242857,1.200000,1.285714,0.085714,0.934684,0.785812,0.759283,0.812342,0.053059,1.000000,1.000000,1.000000,1.000000,0.000000,0.857143,6.500000,6.000000,7.000000,1.000000,47.243389,1.571141,1.527273,0.422327,0.349267,0.099769,3.000000,33.503749,1.114211,23.053699,0.766681,7.050516,0.234474,59.650475,103.977485,108.434949,99.520022,8.914927,0.917785
left,1834,65,48,0,-1,0.263609,957.500000,399.500000,1515.500000,1116.000000,0.567433,115.868306,83.891962,147.844650,63.952687,0.882221,1.215601,1.139535,1.291667,0.152132,0.818712,0.792298,0.713323,0.871274,0.157951,1.000000,1.000000,1.000000,1.000000,0.000000,0.714286,6.000000,5.000000,7.000000,2.000000,33.090916,1.123308,1.103448,0.558085,0.233943,0.408765,12.041595,27.145990,0.921501,16.206746,0.550156,13.053094,0.443102,84.776345,106.746637,112.011283,101.481991,10.529292,0.905998
left,1835,65,31,0,-1,0.219566,1109.500000,399.500000,1819.500000,1420.000000,0.490961,127.382542,83.891962,170.873121,86.981159,0.914103,1.352355,1.291667,1.413043,0.121377,0.910902,0.748209,0.713323,0.783095,0.069772,1.000000,1.000000,1.000000,1.000000,0.000000,0.714286,6.000000,5.000000,7.000000,2.000000,40.174296,1.282641,1.685185,0.560020,0.116269,0.504809,15.811388,33.920159,1.082966,19.939075,0.636593,22.057587,0.704230,88.271211,121.199147,128.057205,114.341090,13.716115,0.892891
left,1836,64,63,0,-1,0.802198,1025.000000,912.500000,1137.500000,225.000000,0.894298,124.752947,117.791734,131.714159,13.922425,0.682927,1.322300,1.073171,1.571429,0.498258,0.996973,0.825192,0.823941,0.826443,0.002502,1.000000,1.000000,1.000000,1.000000,0.000000,1.000000,6.000000,6.000000,6.000000,0.000000,34.283356,1.072453,1.521739,0.555893,0.235610,0.535462,17.117243,27.929439,0.873690,17.053210,0.533459,5.391625,0.168661,88.141630,107.872455,129.308902,86.436009,42.872893,0.668446
left,1837,64,54,0,-1,0.745205,796.250000,680.000000,912.500000,232.500000,0.909831,112.481151,107.170569,117.791734,10.621166,0.748663,1.373950,1.176471,1.571429,0.394958,0.900232,0.785217,0.743991,0.826443,0.082452,1.000000,1.000000,1.000000,1.000000,0.000000,0.666667,5.000000,4.000000,6.000000,2.000000,29.199320,1.037563,1.367347,0.588111,0.232339,0.719505,20.248457,24.272960,0.862511,13.554481,0.481642,2.014255,0.071574,55.824702,122.283948,124.808498,119.759398,5.049101,0.959545
left,1838,64,39,0,-1,0.784272,1038.000000,912.500000,1163.500000,251.000000,0.878003,125.975206,117.791734,134.158677,16.366943,0.763636,1.385714,1.200000,1.571429,0.371429,0.982937,0.819393,0.812342,0.826443,0.014102,1.000000,1.000000,1.000000,1.000000,0.000000,0.857143,6.500000,6.000000,7.000000,1.000000,42.021975,1.306700,2.225000,0.532419,0.231214,0.475672,15.297059,29.912999,0.930163,20.931363,0.650874,2.454050,0.076310,76.130263,107.693051,123.596191,91.789911,31.806281,0.742660
left,1839,63,58,0,-1,0.872651,1220.500000,1137.500000,1303.500000,166.000000,0.951687,135.057437,131.714159,138.400715,6.686556,0.996829,1.071469,1.069767,1.073171,0.003403,0.963501,0.839548,0.823941,0.855154,0.031212,1.000000,1.000000,1.000000,1.000000,0.000000,1.000000,6.000000,6.000000,6.000000,0.000000,33.870083,0.970061,1.423077,0.778021,0.019664,1.024678,35.777088,25.699983,0.736064,16.933900,0.484998,1.600179,0.045830,87.505904,163.640523,163.644183,163.636863,0.007320,0.999955
left,1840,63,54,0,-1,0.597802,908.750000,680.000000,1137.500000,457.500000,0.813660,119.442364,107.170569,131.714159,24.543590,0.912195,1.124821,1.073171,1.176471,0.103300,0.902966,0.783966,0.743991,0.823941,0.079950,1.000000,1.000000,1.000000,1.000000,0.000000,0.666667,5.000000,4.000000,6.000000,2.000000,29.092249,0.972925,1.127273,0.691917,0.086933,0.956487,28.600699,24.402577,0.816090,14.545929,0.486456,5.191714,0.173625,83.386111,134.111030,153.804594,114.417466,39.387128,0.743914
left,1841,63,41,0,-1,0.950769,1109.500000,1081.500000,1137.500000,56.000000,0.954889,128.743294,125.772430,131.714159,5.941729,0.948383,1.102375,1.073171,1.131579,0.058408,0.959027,0.841542,0.823941,0.859143,0.035202,1.000000,1.000000,1.000000,1.000000,0.000000,0.857143,6.500000,6.000000,7.000000,1.000000,42.636167,1.280115,1.711111,0.458112,0.351735,0.161685,5.385165,34.027395,1.021644,20.800718,0.624524,0.021563,0.000647,65.670039,90.921267,101.592175,80.250359,21.341816,0.789927
left,1842,62,57,0,-1,0.751041,946.000000,811.500000,1080.500000,269.000000,0.923232,124.246536,119.287102,129.205971,9.918868,0.758017,1.656593,1.428571,1.884615,0.456044,0.881134,0.764996,0.716657,0.813335,0.096678,1.000000,1.000000,1.000000,1.000000,0.000000,1.000000,6.000000,6.000000,6.000000,0.000000,24.728112,0.806030,1.319149,0.828787,0.021670,1.289488,39.560081,18.417414,0.600328,11.700209,0.381376,3.091693,0.100776,41.102070,164.662475,165.963757,163.361194,2.602562,0.984318
left,1843,62,50,0,-1,0.573013,638.250000,465.000000,811.500000,346.500000,0.743367,103.980575,88.674048,119.287102,30.613055,0.636735,1.542308,1.200000,1.884615,0.684615,0.964365,0.729898,0.716657,0.743138,0.026481,1.000000,1.000000,1.000000,1.000000,0.000000,0.833333,5.500000,5.000000,6.000000,1.000000,41.065277,1.640947,2.923077,0.416288,0.358402,0.233002,5.830952,30.190415,1.206393,19.196395,0.767078,9.313567,0.372165,56.592629,115.870857,117.467272,114.274441,3.192831,0.972819
left,1844,62,44,0,-1,0.749307,947.250000,811.500000,1083.000000,271.500000,0.932608,123.597025,119.287102,127.906948,8.619845,0.544576,1.455466,1.026316,1.884615,0.858300,0.861512,0.774258,0.716657,0.831860,0.115203,1.000000,1.000000,1.000000,1.000000,0.000000,1.000000,6.000000,6.000000,6.000000,0.000000,40.600235,1.322574,1.344828,0.454950,0.321721,0.300331,9.219544,31.832566,1.036962,20.297156,0.661190,2.847301,0.092752,69.243969,83.674953,95.179640,72.170266,23.009375,0.758253
left,1845,61,60,0,-1,0.784625,1375.500000,1209.500000,1541.500000,332.000000,0.878011,149.368307,139.665879,159.070735,19.404856,0.827887,1.165278,1.055556,1.275000,0.219444,0.982512,0.772362,0.765549,0.779175,0.013626,0.999174,0.999587,0.999174,1.000000,0.000826,0.857143,6.500000,6.000000,7.000000,1.000000,41.944141,1.133016,1.473684,0.483133,0.370774,0.421949,15.620499,34.351548,0.927921,17.496412,0.472622,3.136353,0.084721,41.215209,97.243072,97.629072,96.857072,0.771999,0.992093
left,1846,61,59,0,-1,0.780074,1076.500000,943.500000,1209.500000,266.000000,0.876911,131.070202,122.474526,139.665879,17.191353,0.927273,1.325000,1.275000,1.375000,0.100000,0.985768,0.784800,0.779175,0.790424,0.011249,0.999174,0.999587,0.999174,1.000000,0.000826,0.714286,6.000000,5.000000,7.000000,2.000000,31.379080,0.958223,1.200000,0.703266,0.087552,1.007721,33.000000,23.415799,0.715048,14.728856,0.449775,3.323889,0.101502,52.378355,140.104802,154.898391,125.311213,29.587178,0.808990
left,1847,61,45,0,-1,0.869518,1300.250000,1209.500000,1391.000000,181.500000,0.970467,141.790995,139.665879,143.916111,4.250232,0.784314,1.137500,1.000000,1.275000,0.275000,0.923245,0.811564,0.779175,0.843953,0.064778,0.999174,0.999587,0.999174,1.000000,0.000826,0.857143,6.500000,6.000000,7.000000,1.000000,35.028327,0.972010,1.519231,0.653722,0.126130,0.832478,30.000000,28.295806,0.785188,16.657751,0.462240,3.265564,0.090617,65.275987,106.516255,116.565051,96.467459,20.097592,0.827585
left,1848,61,37,0,-1,0.960683,1234.250000,1209.500000,1259.000000,49.500000,0.991790,140.243939,139.665879,140.822000,1.156122,0.837790,1.171591,1.068182,1.275000,0.206818,0.976654,0.788488,0.779175,0.797801,0.018626,0.977913,0.988140,0.977105,0.999174,0.022069,1.000000,7.000000,7.000000,7.000000,0.000000,55.025279,1.566327,1.297297,0.432410,0.434879,0.180032,6.324555,38.048018,1.083059,27.141755,0.772606,0.140894,0.004011,82.074712,122.496817,126.253838,118.739795,7.514042,0.940485
left,1849,60,45,0,-1,0.902368,1466.250000,1391.000000,1541.500000,150.500000,0.904730,151.493423,143.916111,159.070735,15.154625,0.947368,1.027778,1.000000,1.055556,0.055556,0.907099,0.804751,0.765549,0.843953,0.078404,1.000000,1.000000,1.000000,1.000000,0.000000,1.000000,6.000000,6.000000,6.000000,0.000000,43.641564,1.140091,1.025641,0.643351,0.051833,0.831465,31.827661,33.944038,0.886753,21.809771,0.569758,3.699483,0.096645,88.456247,160.341678,166.675469,154.007888,12.667581,0.923999
left,1850,59,53,0,-1,0.757817,829.250000,715.000000,943.500000,228.500000,0.880078,115.130817,107.787108,122.474526,14.687418,0.859504,1.278409,1.181818,1.375000,0.193182,0.978413,0.781893,0.773361,0.790424,0.017063,1.000000,1.000000,1.000000,1.000000,0.000000,1.000000,5.000000,5.000000,5.000000,0.000000,25.725602,0.895490,1.145833,0.767863,0.024118,1.140237,32.756679,22.557939,0.785226,12.701967,0.442146,3.050460,0.106184,66.125831,167.200987,171.504703,162.897271,8.607432,0.949812
left,1851,59,37,0,-1,0.749404,1101.250000,943.500000,1259.000000,315.500000,0.869712,131.648263,122.474526,140.822000,18.347474,0.776860,1.221591,1.068182,1.375000,0.306818,0.990754,0.794113,0.790424,0.797801,0.007377,0.977105,0.988553,0.977105,1.000000,0.022895,0.714286,6.000000,5.000000,7.000000,2.000000,37.703096,1.139086,1.818182,0.541435,0.204313,0.561976,18.601075,28.686876,0.866688,16.378234,0.494819,0.059716,0.001804,52.540483,97.464879,108.434949,86.494809,21.940140,0.797665
left,1852,58,52,0,-1,0.751822,1141.750000,980.000000,1303.500000,323.500000,0.862311,128.872584,119.344454,138.400715,19.056261,0.934783,1.034884,1.000000,1.069767,0.069767,0.989038,0.859893,0.855154,0.864632,0.009478,1.000000,1.000000,1.000000,1.000000,0.000000,0.857143,6.500000,6.000000,7.000000,1.000000,40.022106,1.187442,1.464286,0.564329,0.242172,0.478409,16.124515,29.778023,0.883503,19.798746,0.587422,4.835417,0.143465,75.134505,119.309271,121.268666,117.349876,3.918790,0.967685
left,1853,58,41,0,-1,0.829689,1192.500000,1081.500000,1303.500000,222.000000,0.908756,132.086572,125.772430,138.400715,12.628285,0.945376,1.100673,1.069767,1.131579,0.061812,0.995357,0.857148,0.855154,0.859143,0.003989,1.000000,1.000000,1.000000,1.000000,0.000000,0.857143,6.500000,6.000000,7.000000,1.000000,40.669080,1.178982,1.102941,0.573696,0.233333,0.516146,17.804494,31.781956,0.921347,20.103016,0.582779,3.096506,0.089767,85.126668,105.054909,115.346176,94.763642,20.582534,0.821559
left,1854,58,35,0,-1,0.996560,1305.750000,1303.500000,1308.000000,4.500000,0.988788,139.185393,138.400715,139.970072,1.569357,0.980620,1.080338,1.069767,1.090909,0.021142,0.981077,0.847063,0.838972,0.855154,0.016182,1.000000,1.000000,1.000000,1.000000,0.000000,0.833333,5.500000,5.000000,6.000000,1.000000,34.250478,0.947844,1.446429,0.695745,0.119472,0.846658,30.594117,28.103342,0.777729,17.124282,0.473895,0.077951,0.002157,86.167824,124.168079,134.215175,114.120983,20.094192,0.850284
left,1855,57,50,0,-1,0.430356,772.750000,465.000000,1080.500000,615.500000,0.686300,108.940009,88.674048,129.205971,40.531923,0.840000,1.314286,1.200000,1.428571,0.228571,0.913693,0.778237,0.743138,0.813335,0.070197,1.000000,1.000000,1.000000,1.000000,0.000000,0.833333,5.500000,5.000000,6.000000,1.000000,31.189579,1.145942,1.361702,0.592096,0.130055,0.675479,18.384776,26.255136,0.964645,15.393805,0.565587,10.904146,0.400631,65.973138,109.978116,140.194429,79.761802,60.432627,0.568937
left,1856,57,49,0,-1,0.545156,1531.250000,1080.500000,1982.000000,901.500000,0.771755,148.312194,129.205971,167.418418,38.212447,0.798000,1.284286,1.140000,1.428571,0.288571,0.915298,0.850968,0.813335,0.888602,0.075266,1.000000,1.000000,1.000000,1.000000,0.000000,0.750000,7.000000,6.000000,8.000000,2.000000,40.530388,1.047424,1.343750,0.630050,0.130939,0.639319,24.738634,29.376931,0.759186,20.228294,0.522758,11.519894,0.297708,71.110868,110.746766,113.135697,108.357835,4.777862,0.957769
left,1857,57,30,0,-1,0.935903,1117.500000,1080.500000,1154.500000,74.000000,0.995419,129.503286,129.205971,129.800601,0.594630,0.980000,1.414286,1.400000,1.428571,0.028571,0.944537,0.837214,0.813335,0.861094,0.047759,1.000000,1.000000,1.000000,1.000000,0.000000,0.857143,6.500000,6.000000,7.000000,1.000000,41.227212,1.233445,2.243902,0.559356,0.124832,0.522499,17.464249,30.374199,0.908742,20.020403,0.598975,1.155380,0.034567,72.570596,116.205746,123.976544,108.434949,15.541595,0.874641
left,1858,56,51,0,-1,0.709527,1103.500000,916.000000,1291.000000,375.000000,0.868931,127.729765,118.772023,136.687506,17.915483,0.990619,1.078252,1.073171,1.083333,0.010163,0.939720,0.842146,0.815975,0.868317,0.052342,1.000000,1.000000,1.000000,1.000000,0.000000,1.000000,6.000000,6.000000,6.000000,0.000000,29.249425,0.883722,1.478261,0.825007,0.033983,1.089357,36.055513,23.155376,0.699601,14.549810,0.439598,3.815719,0.115286,82.367519,160.868006,165.963757,155.772255,10.191502,0.938592
left,1859,56,42,0,-1,0.573037,1257.250000,916.000000,1598.500000,682.500000,0.781447,135.380973,118.772023,151.989922,33.217898,0.980769,1.072917,1.062500,1.083333,0.020833,0.938392,0.842761,0.815975,0.869547,0.053571,1.000000,1.000000,1.000000,1.000000,0.000000,0.750000,7.000000,6.000000,8.000000,2.000000,35.528583,1.011537,1.388889,0.629104,0.165440,0.664054,23.323808,30.542011,0.869564,17.497281,0.498166,6.563984,0.186884,87.366685,114.832171,117.284207,112.380135,4.904072,0.958186
left,1860,56,34,0,-1,0.673529,1138.000000,916.000000,1360.000000,444.000000,0.841716,129.939516,118.772023,141.107008,22.334984,0.982558,1.092949,1.083333,1.102564,0.019231,0.950660,0.837150,0.815975,0.858325,0.042349,1.000000,1.000000,1.000000,1.000000,0.000000,0.857143,6.500000,6.000000,7.000000,1.000000,38.973934,1.160912,1.674419,0.544040,0.247803,0.455652,15.297059,31.362186,0.934181,19.102818,0.569013,4.541763,0.135285,76.349115,110.721909,115.346176,106.097643,9.248533,0.919819
left,1861,55,40,0,-1,0.274781,1382.500000,596.000000,2169.000000,1573.000000,0.613940,143.935451,109.505619,178.365283,68.859664,0.860507,1.283750,1.187500,1.380000,0.192500,0.729012,0.740656,0.624573,0.856739,0.232166,1.000000,1.000000,1.000000,1.000000,0.000000,0.500000,6.000000,4.000000,8.000000,4.000000,28.949519,0.815644,1.045455,0.823506,0.045570,1.161673,41.231056,26.279347,0.740413,14.439448,0.406827,13.125882,0.369818,37.643264,160.063501,165.963757,154.163246,11.800511,0.928897
left,1862,54,41,0,-1,0.628756,880.750000,680.000000,1081.500000,401.500000,0.852099,116.471499,107.170569,125.772430,18.601861,0.961842,1.154025,1.131579,1.176471,0.044892,0.865969,0.801567,0.743991,0.859143,0.115152,1.000000,1.000000,1.000000,1.000000,0.000000,0.571429,5.500000,4.000000,7.000000,3.000000,26.564730,0.901065,1.037736,0.798865,0.017031,1.127539,33.241540,21.327213,0.723410,13.281956,0.450519,4.474482,0.151773,86.502218,170.134279,174.936383,165.332175,9.604208,0.945099
left,1863,54,39,0,-1,0.584443,921.750000,680.000000,1163.500000,483.500000,0.798834,120.664623,107.170569,134.158677,26.988108,0.980392,1.188235,1.176471,1.200000,0.023529,0.915860,0.778166,0.743991,0.812342,0.068351,1.000000,1.000000,1.000000,1.000000,0.000000,0.571429,5.500000,4.000000,7.000000,3.000000,27.989770,0.930095,1.016393,0.633893,0.166802,0.833399,25.079872,21.742962,0.722514,13.429626,0.446264,4.169026,0.138536,32.482236,113.470743,115.346176,111.595310,3.750865,0.967482
left,1864,53,39,0,-1,0.614525,939.250000,715.000000,1163.500000,448.500000,0.803430,120.972892,107.787108,134.158677,26.371569,0.984848,1.190909,1.181818,1.200000,0.018182,0.952014,0.792851,0.773361,0.812342,0.038981,1.000000,1.000000,1.000000,1.000000,0.000000,0.714286,6.000000,5.000000,7.000000,2.000000,30.113294,0.989761,1.066667,0.689543,0.083311,0.935438,28.460499,22.957681,0.754571,14.828075,0.487368,6.699169,0.220188,66.586134,149.265156,155.400209,143.130102,12.270107,0.921042
left,1865,53,37,0,-1,0.567911,987.000000,715.000000,1259.000000,544.000000,0.765414,124.304554,107.787108,140.822000,33.034892,0.903846,1.125000,1.068182,1.181818,0.113636,0.969366,0.785581,0.773361,0.797801,0.024440,0.977105,0.988553,0.977105,1.000000,0.022895,0.714286,6.000000,5.000000,7.000000,2.000000,30.972753,0.995558,1.103448,0.586444,0.199088,0.690140,21.470911,25.067599,0.805749,14.573540,0.468438,3.729424,0.119875,82.141594,93.316031,101.622168,85.009894,16.612274,0.836529
left,1866,53,28,0,-1,0.588477,965.000000,715.000000,1215.000000,500.000000,0.796293,121.574096,107.787108,135.361084,27.573976,0.906593,1.126623,1.071429,1.181818,0.110390,0.928076,0.803328,0.773361,0.833294,0.059933,1.000000,1.000000,1.000000,1.000000,0.000000,0.833333,5.500000,5.000000,6.000000,1.000000,43.001581,1.396238,1.509434,0.446932,0.408290,0.165562,5.099020,34.291864,1.113438,20.526563,0.666487,7.058555,0.229188,63.273512,101.150607,107.474774,94.826440,12.648334,0.882313
left,1867,52,43,0,-1,0.472449,721.500000,463.000000,980.000000,517.000000,0.748603,104.343039,89.341625,119.344454,30.002829,0.875000,1.071429,1.000000,1.142857,0.142857,0.843047,0.796779,0.728926,0.864632,0.135707,1.000000,1.000000,1.000000,1.000000,0.000000,0.571429,5.500000,4.000000,7.000000,3.000000,24.064081,0.911132,1.021277,0.800063,0.031878,1.100627,29.068884,20.926062,0.792318,11.880638,0.449833,7.204345,0.272776,79.212551,165.697770,169.663446,161.732094,7.931352,0.953252
left,1868,52,42,0,-1,0.613075,1289.250000,980.000000,1598.500000,618.500000,0.785213,135.667188,119.344454,151.989922,32.645468,0.941176,1.031250,1.000000,1.062500,0.062500,0.994348,0.867090,0.864632,0.869547,0.004914,1.000000,1.000000,1.000000,1.000000,0.000000,0.875000,7.500000,7.000000,8.000000,1.000000,41.163960,1.154893,1.647059,0.531094,0.189257,0.341315,12.165525,32.205130,0.903545,20.725264,0.581466,4.687140,0.131502,61.838075,98.416418,136.218875,60.613960,75.604915,0.444975
left,1869,52,35,0,-1,0.749235,1144.000000,980.000000,1308.000000,328.000000,0.852643,129.657263,119.344454,139.970072,20.625618,0.916667,1.045455,1.000000,1.090909,0.090909,0.970322,0.851802,0.838972,0.864632,0.025661,1.000000,1.000000,1.000000,1.000000,0.000000,0.714286,6.000000,5.000000,7.000000,2.000000,38.903033,1.153174,1.174603,0.589238,0.167614,0.569409,19.209373,29.152505,0.864146,19.429541,0.575936,6.188226,0.183433,89.121752,104.150378,108.434949,99.865807,8.569142,0.920974
left,1870,52,27,0,-1,0.828402,1081.500000,980.000000,1183.000000,203.000000,0.908325,125.366993,119.344454,131.389531,12.045078,0.888889,1.062500,1.000000,1.125000,0.125000,0.995959,0.862885,0.861139,0.864632,0.003494,1.000000,1.000000,1.000000,1.000000,0.000000,1.000000,7.000000,7.000000,7.000000,0.000000,43.686701,1.329890,1.580000,0.493828,0.320388,0.245427,8.062258,32.579536,0.991771,20.861850,0.635067,3.953648,0.120355,68.349907,99.463604,101.729504,97.197704,4.531800,0.955452
left,1871,51,44,0,-1,0.838885,1187.000000,1083.000000,1291.000000,208.000000,0.935762,132.297227,127.906948,136.687506,8.780558,0.956340,1.049743,1.026316,1.073171,0.046855,0.958013,0.850088,0.831860,0.868317,0.036458,1.000000,1.000000,1.000000,1.000000,0.000000,1.000000,6.000000,6.000000,6.000000,0.000000,37.719343,1.095864,1.625000,0.603120,0.223673,0.612876,21.095023,30.629618,0.889886,18.840769,0.547383,1.295624,0.037642,81.278576,123.913274,124.118221,123.708326,0.409895,0.996698
left,1872,51,34,0,-1,0.949265,1325.500000,1291.000000,1360.000000,69.000000,0.968680,138.897257,136.687506,141.107008,4.419502,0.973341,1.087867,1.073171,1.102564,0.029393,0.988492,0.863321,0.858325,0.868317,0.009993,1.000000,1.000000,1.000000,1.000000,0.000000,0.857143,6.500000,6.000000,7.000000,1.000000,42.820401,1.176245,1.000000,0.562382,0.213504,0.472599,17.204651,32.622223,0.896108,21.294877,0.584954,1.334597,0.036660,87.953243,106.885554,115.641006,98.130102,17.510903,0.848575
left,1873,51,32,0,-1,0.910437,1354.500000,1291.000000,1418.000000,127.000000,0.928019,141.988510,136.687506,147.289514,10.602007,0.825516,1.186585,1.073171,1.300000,0.226829,0.945941,0.844847,0.821377,0.868317,0.046941,1.000000,1.000000,1.000000,1.000000,0.000000,0.833333,5.500000,5.000000,6.000000,1.000000,36.249839,0.985226,1.090909,0.651911,0.162237,0.753691,27.730849,29.394160,0.798897,18.106713,0.492118,1.336695,0.036330,88.628903,120.374007,125.537678,115.210336,10.327342,0.917735
left,1874,50,44,0,-1,0.429363,774.000000,465.000000,1083.000000,618.000000,0.693270,108.290498,88.674048,127.906948,39.232900,0.855263,1.113158,1.026316,1.200000,0.173684,0.893346,0.787499,0.743138,0.831860,0.088721,1.000000,1.000000,1.000000,1.000000,0.000000,0.833333,5.500000,5.000000,6.000000,1.000000,25.130206,0.922669,1.500000,0.810008,0.014535,1.131054,30.805844,18.623138,0.683759,12.523660,0.459813,8.833471,0.324326,83.832629,164.280526,170.362462,158.198591,12.163871,0.928600
left,1875,50,30,0,-1,0.402772,809.750000,465.000000,1154.500000,689.500000,0.683156,109.237324,88.674048,129.800601,41.126553,0.857143,1.300000,1.200000,1.400000,0.200000,0.863017,0.802116,0.743138,0.861094,0.117955,1.000000,1.000000,1.000000,1.000000,0.000000,0.714286,6.000000,5.000000,7.000000,2.000000,29.571649,1.064843,1.094340,0.580925,0.200679,0.563629,15.652476,24.478197,0.881433,14.737425,0.530679,9.981557,0.359425,66.104632,110.512223,111.370622,109.653824,1.716798,0.984585
left,1876,50,19,0,-1,0.338182,920.000000,465.000000,1375.000000,910.000000,0.595737,118.760886,88.674048,148.847724,60.173677,0.988235,1.207143,1.200000,1.214286,0.014286,0.952887,0.761510,0.743138,0.779881,0.036742,1.000000,1.000000,1.000000,1.000000,0.000000,0.714286,6.000000,5.000000,7.000000,2.000000,37.596276,1.282168,1.840909,0.569356,0.100000,0.613865,18.000000,28.140944,0.959707,18.002059,0.613935,14.696649,0.501208,71.764669,129.358278,133.781125,124.935432,8.845693,0.933879
left,1877,49,36,0,-1,0.165489,1155.000000,328.000000,1982.000000,1654.000000,0.477533,123.683157,79.947897,167.418418,87.470521,0.698710,1.385789,1.140000,1.631579,0.491579,0.725709,0.766734,0.644866,0.888602,0.243735,1.000000,1.000000,1.000000,1.000000,0.000000,0.500000,6.000000,4.000000,8.000000,4.000000,31.525846,1.006726,1.228070,0.701254,0.102597,0.701081,21.954498,29.361411,0.937608,15.514827,0.495441,17.344173,0.553858,68.231123,129.278611,143.540328,115.016893,28.523434,0.801286
left,1878,49,31,0,-1,0.918012,1900.750000,1819.500000,1982.000000,162.500000,0.979782,169.145769,167.418418,170.873121,3.454704,0.806769,1.276522,1.140000,1.413043,0.273043,0.881267,0.835848,0.783095,0.888602,0.105507,1.000000,1.000000,1.000000,1.000000,0.000000,0.875000,7.500000,7.000000,8.000000,1.000000,41.627961,0.955041,1.155844,0.681530,0.117717,0.843578,36.769553,32.487842,0.745346,20.813979,0.477520,3.894600,0.089351,81.464110,129.045454,135.895174,122.195734,13.699440,0.899191
left,1879,49,30,0,-1,0.582492,1568.250000,1154.500000,1982.000000,827.500000,0.775307,148.609509,129.800601,167.418418,37.617817,0.814286,1.270000,1.140000,1.400000,0.260000,0.969044,0.874848,0.861094,0.888602,0.027508,1.000000,1.000000,1.000000,1.000000,0.000000,0.875000,7.500000,7.000000,8.000000,1.000000,42.512313,1.083149,1.025641,0.539418,0.198629,0.342778,13.453624,33.979150,0.865737,21.336388,0.543619,7.810399,0.198997,79.256651,91.034749,127.665621,54.403877,73.261744,0.426144
left,1880,49,23,0,-1,0.523209,1509.500000,1037.000000,1982.000000,945.000000,0.750093,146.498875,125.579332,167.418418,41.839086,0.989654,1.134103,1.128205,1.140000,0.011795,0.929919,0.857465,0.826328,0.888602,0.062274,1.000000,1.000000,1.000000,1.000000,0.000000,0.750000,7.000000,6.000000,8.000000,2.000000,47.579182,1.240299,1.566667,0.548490,0.237165,0.391021,15.000000,37.169442,0.968936,22.921044,0.597508,9.578558,0.249695,71.655767,110.237910,125.424131,95.051689,30.372442,0.757842
left,1881,48,47,0,-1,0.781790,1727.000000,1515.500000,1938.500000,423.000000,0.898772,156.170428,147.844650,164.496207,16.651558,0.835659,1.251586,1.139535,1.363636,0.224101,0.967811,0.885763,0.871274,0.900252,0.028978,1.000000,1.000000,1.000000,1.000000,0.000000,0.875000,7.500000,7.000000,8.000000,1.000000,41.694163,1.005189,1.450000,0.650348,0.164737,0.650933,27.000000,32.996342,0.795497,20.763659,0.500583,2.205559,0.053173,87.496238,109.028424,114.829347,103.227502,11.601844,0.898964
left,1882,48,33,0,-1,0.808974,1370.750000,1226.000000,1515.500000,289.500000,0.910543,141.231787,134.618924,147.844650,13.225725,0.994062,1.142938,1.139535,1.146341,0.006807,0.975739,0.860705,0.850135,0.871274,0.021138,1.000000,1.000000,1.000000,1.000000,0.000000,0.857143,6.500000,6.000000,7.000000,1.000000,33.285580,0.900295,1.321429,0.787821,0.090097,0.991950,36.674242,28.074364,0.759344,16.475652,0.445627,3.426827,0.092687,72.087504,144.461627,148.017112,140.906141,7.110971,0.951958
left,1883,48,31,0,-1,0.832921,1667.500000,1515.500000,1819.500000,304.000000,0.865231,159.358885,147.844650,170.873121,23.028472,0.806440,1.276289,1.139535,1.413043,0.273509,0.898793,0.827184,0.783095,0.871274,0.088179,1.000000,1.000000,1.000000,1.000000,0.000000,1.000000,7.000000,7.000000,7.000000,0.000000,46.748334,1.146003,1.157895,0.510018,0.217541,0.392994,16.031220,34.542289,0.846780,22.736032,0.557358,2.962987,0.072636,52.096104,89.001151,119.931512,58.070791,61.860721,0.484200
left,1884,48,29,0,-1,0.504454,1140.000000,764.500000,1515.500000,751.000000,0.822050,134.690140,121.535631,147.844650,26.309018,0.842265,1.246238,1.139535,1.352941,0.213406,0.746493,0.760837,0.650399,0.871274,0.220874,1.000000,1.000000,1.000000,1.000000,0.000000,0.714286,6.000000,5.000000,7.000000,2.000000,44.079488,1.324126,1.164179,0.537355,0.194956,0.577821,19.235384,32.433176,0.974276,19.901219,0.597823,9.344184,0.280695,58.472577,133.101060,146.250146,119.951974,26.298172,0.820184
left,1885,47,46,0,-1,0.595822,1546.750000,1155.000000,1938.500000,783.500000,0.829709,150.490115,136.484022,164.496207,28.012185,0.785714,1.217532,1.071429,1.363636,0.292208,0.865495,0.839707,0.779163,0.900252,0.121089,1.000000,1.000000,1.000000,1.000000,0.000000,0.625000,6.500000,5.000000,8.000000,3.000000,35.195899,0.902301,1.278689,0.703858,0.118313,0.845617,32.984845,27.817317,0.713139,17.515633,0.449040,6.802457,0.174391,74.687616,119.814036,130.426079,109.201994,21.224085,0.837271
left,1886,47,33,0,-1,0.632448,1582.250000,1226.000000,1938.500000,712.500000,0.818371,149.557566,134.618924,164.496207,29.877283,0.840650,1.254989,1.146341,1.363636,0.217295,0.944331,0.875193,0.850135,0.900252,0.050116,1.000000,1.000000,1.000000,1.000000,0.000000,0.750000,7.000000,6.000000,8.000000,2.000000,47.331624,1.197622,1.089744,0.597951,0.189445,0.521630,20.615528,36.434267,0.921888,23.350089,0.590822,6.387236,0.161615,73.582850,122.240382,128.614407,115.866357,12.748051,0.900882
left,1887,47,24,0,-1,0.681197,1629.500000,1320.500000,1938.500000,618.000000,0.858710,152.875336,141.254465,164.496207,23.241742,0.816667,1.238636,1.113636,1.363636,0.250000,0.923804,0.865954,0.831656,0.900252,0.068595,1.000000,1.000000,1.000000,1.000000,0.000000,0.875000,7.500000,7.000000,8.000000,1.000000,52.235881,1.299932,1.414286,0.526712,0.268641,0.334804,13.453624,38.609671,0.960833,25.583450,0.636665,4.334887,0.107877,71.880528,103.739287,104.774550,102.704024,2.070527,0.980238
left,1888,47,21,0,-1,0.663915,1612.750000,1287.000000,1938.500000,651.500000,0.855541,152.614709,140.733211,164.496207,23.762997,0.855556,1.265152,1.166667,1.363636,0.196970,0.907050,0.858412,0.816573,0.900252,0.083678,1.000000,1.000000,1.000000,1.000000,0.000000,0.625000,6.500000,5.000000,8.000000,3.000000,53.892557,1.348946,2.250000,0.520144,0.255929,0.326355,13.038405,39.536751,0.989616,26.707021,0.668485,7.710798,0.193004,82.327823,110.787461,114.884484,106.690439,8.194045,0.928676
left,1889,46,38,0,-1,0.754409,1343.000000,1155.000000,1531.000000,376.000000,0.890537,144.872203,136.484022,153.260384,16.776362,0.896104,1.133540,1.071429,1.195652,0.124224,0.951268,0.799120,0.779163,0.819078,0.039915,1.000000,1.000000,1.000000,1.000000,0.000000,0.833333,5.500000,5.000000,6.000000,1.000000,29.170009,0.797940,1.081967,0.842231,0.041512,1.224872,44.777226,24.487857,0.669861,14.571709,0.398606,3.426167,0.093722,64.934101,159.200704,159.996719,158.404690,1.592029,0.990050
left,1890,46,24,0,-1,0.874669,1237.750000,1155.000000,1320.500000,165.500000,0.966228,138.869244,136.484022,141.254465,4.770443,0.962099,1.092532,1.071429,1.113636,0.042208,0.936881,0.805410,0.779163,0.831656,0.052494,1.000000,1.000000,1.000000,1.000000,0.000000,0.714286,6.000000,5.000000,7.000000,2.000000,40.908626,1.163433,1.596154,0.577522,0.231468,0.649151,22.825424,34.011023,0.967267,19.595560,0.557294,1.054825,0.029999,67.588769,127.705037,146.023456,109.386618,36.636838,0.749103
left,1891,45,37,0,-1,0.905104,1325.000000,1259.000000,1391.000000,132.000000,0.978501,142.369055,140.822000,143.916111,3.094110,0.936170,1.034091,1.000000,1.068182,0.068182,0.945315,0.820877,0.797801,0.843953,0.046152,0.977105,0.988553,0.977105,1.000000,0.022895,0.857143,6.500000,6.000000,7.000000,1.000000,40.526804,1.113703,1.365079,0.639647,0.092075,0.777270,28.284271,28.500448,0.783211,19.666110,0.540437,1.634511,0.044917,80.860273,136.494780,148.294407,124.695154,23.599254,0.840862
left,1892,44,32,0,-1,0.763752,1250.500000,1083.000000,1418.000000,335.000000,0.868405,137.598231,127.906948,147.289514,19.382566,0.789474,1.163158,1.026316,1.300000,0.273684,0.987398,0.826618,0.821377,0.831860,0.010483,1.000000,1.000000,1.000000,1.000000,0.000000,0.833333,5.500000,5.000000,6.000000,1.000000,33.483162,0.948998,1.032258,0.696472,0.119752,0.889522,31.384710,27.158103,0.769730,16.634268,0.471457,3.682410,0.104369,74.730467,128.753156,136.424974,121.081338,15.343636,0.887531
left,1893,44,19,0,-1,0.787636,1229.000000,1083.000000,1375.000000,292.000000,0.859314,138.377336,127.906948,148.847724,20.940777,0.845201,1.120301,1.026316,1.214286,0.187970,0.937515,0.805870,0.779881,0.831860,0.051979,1.000000,1.000000,1.000000,1.000000,0.000000,0.857143,6.500000,6.000000,7.000000,1.000000,45.604701,1.303178,1.581818,0.436596,0.370220,0.153884,5.385165,34.505921,0.986025,22.785465,0.651107,2.431378,0.069478,78.531076,86.446540,96.027103,76.865978,19.161125,0.800461
left,1894,43,42,0,-1,0.289647,1030.750000,463.000000,1598.500000,1135.500000,0.587813,120.665773,89.341625,151.989922,62.648297,0.929688,1.102679,1.062500,1.142857,0.080357,0.838282,0.799236,0.728926,0.869547,0.140621,1.000000,1.000000,1.000000,1.000000,0.000000,0.500000,6.000000,4.000000,8.000000,4.000000,27.809036,0.904378,1.274510,0.731474,0.121271,0.864105,26.570661,23.250497,0.756130,13.840970,0.450122,11.177822,0.363514,87.294083,126.980028,129.722594,124.237463,5.485131,0.957716
left,1895,43,27,0,-1,0.391378,823.000000,463.000000,1183.000000,720.000000,0.679975,110.365578,89.341625,131.389531,42.047906,0.984375,1.133929,1.125000,1.142857,0.017857,0.846467,0.795032,0.728926,0.861139,0.132213,1.000000,1.000000,1.000000,1.000000,0.000000,0.571429,5.500000,4.000000,7.000000,3.000000,33.896577,1.212493,1.067797,0.550586,0.209903,0.481241,13.453624,28.579498,1.022299,16.897195,0.604419,11.033237,0.394663,79.364194,107.934492,114.798781,101.070203,13.728578,0.880412
left,1896,43,26,0,-1,0.541204,659.250000,463.000000,855.500000,392.500000,0.784180,101.635794,89.341625,113.929963,24.588338,0.820513,1.267857,1.142857,1.392857,0.250000,0.880094,0.778581,0.728926,0.828236,0.099310,1.000000,1.000000,1.000000,1.000000,0.000000,0.666667,5.000000,4.000000,6.000000,2.000000,27.240246,1.073161,1.828571,0.625340,0.142207,0.797711,20.248457,24.196138,0.953235,13.537884,0.533341,6.966159,0.274440,80.186602,139.387710,145.336554,133.438866,11.897688,0.918137
left,1897,42,34,0,-1,0.850798,1479.250000,1360.000000,1598.500000,238.500000,0.928397,146.548465,141.107008,151.989922,10.882914,0.963663,1.082532,1.062500,1.102564,0.040064,0.987094,0.863936,0.858325,0.869547,0.011222,1.000000,1.000000,1.000000,1.000000,0.000000,0.875000,7.500000,7.000000,8.000000,1.000000,42.330543,1.101506,1.115942,0.631584,0.107149,0.656754,25.238859,32.621517,0.848862,21.097003,0.548976,3.868496,0.100664,87.932707,116.382583,132.273689,100.491477,31.782212,0.759724
left,1898,42,26,0,-1,0.535189,1227.000000,855.500000,1598.500000,743.000000,0.749589,132.959942,113.929963,151.989922,38.059959,0.762821,1.227679,1.062500,1.392857,0.330357,0.952491,0.848891,0.828236,0.869547,0.041311,1.000000,1.000000,1.000000,1.000000,0.000000,0.750000,7.000000,6.000000,8.000000,2.000000,42.586715,1.230293,1.431034,0.498517,0.265281,0.248514,8.602325,33.289437,0.961703,21.002061,0.606731,7.168375,0.207088,63.101902,90.005402,90.425983,89.584820,0.841163,0.990698
left,1899,42,25,0,-1,0.356584,1084.250000,570.000000,1598.500000,1028.500000,0.646854,125.152629,98.315336,151.989922,53.674586,0.637500,1.364583,1.062500,1.666667,0.604167,0.852215,0.805294,0.741041,0.869547,0.128506,1.000000,1.000000,1.000000,1.000000,0.000000,0.625000,6.500000,5.000000,8.000000,3.000000,40.675655,1.273982,1.750000,0.573103,0.182845,0.505028,16.124515,32.093461,1.005184,20.067663,0.628529,13.172516,0.412570,69.067366,130.885656,142.943472,118.827841,24.115631,0.831293
left,1900,41,39,0,-1,0.929523,1122.500000,1081.500000,1163.500000,82.000000,0.937490,129.965553,125.772430,134.158677,8.386247,0.942982,1.165789,1.131579,1.200000,0.068421,0.945525,0.835742,0.812342,0.859143,0.046801,1.000000,1.000000,1.000000,1.000000,0.000000,1.000000,7.000000,7.000000,7.000000,0.000000,39.745700,1.186505,1.666667,0.485898,0.279955,0.283205,9.486833,31.785801,0.948883,19.674673,0.587336,3.084172,0.092070,64.037636,89.698877,109.680313,69.717441,39.962872,0.635642
left,1901,41,35,0,-1,0.826835,1194.750000,1081.500000,1308.000000,226.500000,0.898567,132.871251,125.772430,139.970072,14.197642,0.964059,1.111244,1.090909,1.131579,0.040670,0.976521,0.849057,0.838972,0.859143,0.020172,1.000000,1.000000,1.000000,1.000000,0.000000,0.714286,6.000000,5.000000,7.000000,2.000000,37.160300,1.076292,1.666667,0.642012,0.157564,0.716517,24.738634,29.230362,0.846613,18.502313,0.535892,2.908397,0.084237,77.986895,138.548287,146.563733,130.532841,16.030892,0.890622
left,1902,41,22,0,-1,0.981507,1071.500000,1061.500000,1081.500000,20.000000,0.996629,125.560440,125.348451,125.772430,0.423979,0.930409,1.173898,1.131579,1.216216,0.084637,0.988158,0.854056,0.848969,0.859143,0.010174,1.000000,1.000000,1.000000,1.000000,0.000000,0.857143,6.500000,6.000000,7.000000,1.000000,37.776177,1.154055,1.350877,0.572181,0.129725,0.522036,17.088007,28.757108,0.878524,18.669318,0.570344,1.462232,0.044671,81.043242,102.321358,121.328693,83.314023,38.014670,0.686680
left,1903,41,20,0,-1,0.863128,1167.250000,1081.500000,1253.000000,171.500000,0.899587,132.791835,125.772430,139.811241,14.038812,0.986479,1.123929,1.116279,1.131579,0.015300,0.937586,0.832332,0.805521,0.859143,0.053622,1.000000,1.000000,1.000000,1.000000,0.000000,0.857143,6.500000,6.000000,7.000000,1.000000,39.625078,1.160598,1.194030,0.556842,0.217605,0.528024,18.027756,30.327107,0.888265,18.218685,0.533616,3.005994,0.088044,65.409453,113.321023,120.421852,106.220194,14.201658,0.882067
left,1904,40,38,0,-1,0.705855,1850.000000,1531.000000,2169.000000,638.000000,0.859250,165.812833,153.260384,178.365283,25.104899,0.866415,1.287826,1.195652,1.380000,0.184348,0.956041,0.837909,0.819078,0.856739,0.037661,1.000000,1.000000,1.000000,1.000000,0.000000,0.750000,7.000000,6.000000,8.000000,2.000000,38.955195,0.909101,1.146667,0.694066,0.118378,0.849483,36.400549,29.924921,0.698360,19.421698,0.453246,4.118961,0.096125,73.055509,113.228394,115.473835,110.982954,4.490881,0.961109
left,1905,39,28,0,-1,0.957613,1189.250000,1163.500000,1215.000000,51.500000,0.991117,134.759880,134.158677,135.361084,1.202407,0.892857,1.135714,1.071429,1.200000,0.128571,0.974855,0.822818,0.812342,0.833294,0.020953,1.000000,1.000000,1.000000,1.000000,0.000000,0.857143,6.500000,6.000000,7.000000,1.000000,30.334691,0.879688,1.214286,0.763095,0.060122,1.038324,35.805028,24.561678,0.712274,15.013309,0.435377,0.126989,0.003683,59.679597,126.793951,156.462886,97.125016,59.337870,0.620754
left,1906,39,22,0,-1,0.912333,1112.500000,1061.500000,1163.500000,102.000000,0.934330,129.753564,125.348451,134.158677,8.810226,0.986667,1.208108,1.200000,1.216216,0.016216,0.956856,0.830655,0.812342,0.848969,0.036628,1.000000,1.000000,1.000000,1.000000,0.000000,0.857143,6.500000,6.000000,7.000000,1.000000,40.379755,1.210955,1.333333,0.550105,0.251461,0.510697,17.029386,30.625105,0.918421,19.199246,0.575769,4.503082,0.135044,66.121013,119.100736,128.990994,109.210479,19.780515,0.846652
left,1907,38,24,0,-1,0.862508,1425.750000,1320.500000,1531.000000,210.500000,0.921663,147.257425,141.254465,153.260384,12.005918,0.931405,1.154644,1.113636,1.195652,0.082016,0.984876,0.825367,0.819078,0.831656,0.012578,1.000000,1.000000,1.000000,1.000000,0.000000,0.857143,6.500000,6.000000,7.000000,1.000000,41.459885,1.098760,1.013158,0.564289,0.233386,0.563435,21.260292,32.369352,0.857845,20.656934,0.547445,5.573093,0.147697,75.623626,116.301137,141.985611,90.616663,51.368948,0.638210
left,1908,37,28,0,-1,0.965052,1237.000000,1215.000000,1259.000000,44.000000,0.961221,138.091542,135.361084,140.822000,5.460917,0.996970,1.069805,1.068182,1.071429,0.003247,0.957406,0.815548,0.797801,0.833294,0.035493,0.977105,0.988553,0.977105,1.000000,0.022895,0.857143,6.500000,6.000000,7.000000,1.000000,40.628435,1.155214,1.238095,0.643973,0.070331,0.802715,28.231188,30.454908,0.865944,20.162786,0.573301,0.942687,0.026804,75.041858,158.493170,163.551392,153.434949,10.116443,0.938145
left,1909,36,30,0,-1,0.284106,741.250000,328.000000,1154.500000,826.500000,0.615929,104.874249,79.947897,129.800601,49.852704,0.858065,1.515789,1.400000,1.631579,0.231579,0.748892,0.752980,0.644866,0.861094,0.216227,1.000000,1.000000,1.000000,1.000000,0.000000,0.571429,5.500000,4.000000,7.000000,3.000000,20.912141,0.802943,1.040816,0.856767,0.038111,1.195838,31.144823,20.132058,0.772991,10.331751,0.396698,9.661387,0.370959,45.437350,166.225296,170.394796,162.055795,8.339001,0.951061
left,1910,36,23,0,-1,0.316297,682.500000,328.000000,1037.000000,709.000000,0.636633,102.763614,79.947897,125.579332,45.631435,0.691481,1.379892,1.128205,1.631579,0.503374,0.780400,0.735597,0.644866,0.826328,0.181461,1.000000,1.000000,1.000000,1.000000,0.000000,0.666667,5.000000,4.000000,6.000000,2.000000,28.516840,1.133572,1.078431,0.576980,0.192674,0.657995,16.552945,27.148954,1.079197,14.059294,0.558870,13.169648,0.523506,67.498084,122.734551,149.931417,95.537685,54.393733,0.637209
left,1911,36,17,0,-1,0.399513,574.500000,328.000000,821.000000,493.000000,0.703593,96.787994,79.947897,113.628091,33.680194,0.646033,1.342817,1.054054,1.631579,0.577525,0.807027,0.721965,0.644866,0.799064,0.154198,1.000000,1.000000,1.000000,1.000000,0.000000,0.666667,5.000000,4.000000,6.000000,2.000000,30.785654,1.316643,1.615385,0.482519,0.364230,0.440324,10.295630,25.860655,1.106010,14.298595,0.611523,9.043934,0.386792,77.065242,121.761543,123.132268,120.390818,2.741450,0.977736
left,1912,35,27,0,-1,0.904434,1245.500000,1183.000000,1308.000000,125.000000,0.938697,135.679802,131.389531,139.970072,8.580541,0.969697,1.107955,1.090909,1.125000,0.034091,0.974258,0.850055,0.838972,0.861139,0.022167,1.000000,1.000000,1.000000,1.000000,0.000000,0.714286,6.000000,5.000000,7.000000,2.000000,31.052914,0.880172,1.066667,0.814228,0.052389,1.066964,37.643060,24.116432,0.683562,15.524839,0.440040,1.509015,0.042772,89.962545,152.613089,158.404690,146.821488,11.583201,0.926876
left,1913,35,20,0,-1,0.957951,1280.500000,1253.000000,1308.000000,55.000000,0.998865,139.890657,139.811241,139.970072,0.158831,0.977273,1.103594,1.090909,1.116279,0.025370,0.960129,0.822246,0.805521,0.838972,0.033451,1.000000,1.000000,1.000000,1.000000,0.000000,0.833333,5.500000,5.000000,6.000000,1.000000,34.962851,0.977107,1.106061,0.640182,0.173370,0.776504,27.784888,28.684354,0.801642,17.471182,0.488267,3.009341,0.084102,88.709013,110.520167,113.824261,107.216074,6.608187,0.941944
left,1914,34,32,0,-1,0.959097,1389.000000,1360.000000,1418.000000,58.000000,0.958025,144.198261,141.107008,147.289514,6.182506,0.848126,1.201282,1.102564,1.300000,0.197436,0.956953,0.839851,0.821377,0.858325,0.036948,1.000000,1.000000,1.000000,1.000000,0.000000,0.714286,6.000000,5.000000,7.000000,2.000000,45.501775,1.220958,2.317073,0.565785,0.155508,0.536664,20.000000,32.763790,0.879157,22.750791,0.610477,2.350912,0.063083,84.474629,108.107663,118.821316,97.394009,21.427308,0.819668
left,1915,34,25,0,-1,0.419118,965.000000,570.000000,1360.000000,790.000000,0.696743,119.711172,98.315336,141.107008,42.791672,0.661538,1.384615,1.102564,1.666667,0.564103,0.863357,0.799683,0.741041,0.858325,0.117284,1.000000,1.000000,1.000000,1.000000,0.000000,0.714286,6.000000,5.000000,7.000000,2.000000,34.772328,1.144714,1.166667,0.575070,0.262176,0.560612,17.029386,30.645310,1.008852,16.218098,0.533904,12.452289,0.409933,61.184419,115.849003,116.565051,115.132955,1.432096,0.987714
left,1916,34,18,0,-1,0.801471,1225.000000,1090.000000,1360.000000,270.000000,0.922573,135.644294,130.181581,141.107008,10.925426,0.871795,1.183635,1.102564,1.264706,0.162142,0.941642,0.833279,0.808234,0.858325,0.050090,1.000000,1.000000,1.000000,1.000000,0.000000,0.857143,6.500000,6.000000,7.000000,1.000000,48.649211,1.392099,1.253731,0.460242,0.350000,0.180977,6.324555,36.739273,1.051296,23.597694,0.675249,2.597607,0.074331,70.659566,100.119101,101.040940,99.197262,1.843678,0.981753
left,1917,34,15,0,-1,0.985150,1370.250000,1360.000000,1380.500000,20.500000,0.987727,141.983647,141.107008,142.860286,1.753279,0.778281,1.259615,1.102564,1.416667,0.314103,0.990311,0.854167,0.850008,0.858325,0.008316,1.000000,1.000000,1.000000,1.000000,0.000000,0.857143,6.500000,6.000000,7.000000,1.000000,32.078470,0.866596,1.450980,0.827990,0.042693,1.080933,40.012498,25.100804,0.678095,16.016528,0.432685,0.449109,0.012133,85.632344,151.934187,153.799885,150.068488,3.731397,0.975739
left,1918,33,29,0,-1,0.623573,995.250000,764.500000,1226.000000,461.500000,0.902812,128.077278,121.535631,134.618924,13.083293,0.847296,1.249641,1.146341,1.352941,0.206600,0.765054,0.750267,0.650399,0.850135,0.199736,1.000000,1.000000,1.000000,1.000000,0.000000,0.833333,5.500000,5.000000,6.000000,1.000000,36.484639,1.164455,1.739130,0.480823,0.308716,0.447967,14.035669,30.173144,0.963016,17.962952,0.573311,8.596136,0.274357,64.676777,100.025342,108.019769,92.030914,15.988855,0.851982
left,1919,33,21,0,-1,0.952603,1256.500000,1226.000000,1287.000000,61.000000,0.956554,137.676068,134.618924,140.733211,6.114286,0.982578,1.156504,1.146341,1.166667,0.020325,0.960522,0.833354,0.816573,0.850135,0.033562,1.000000,1.000000,1.000000,1.000000,0.000000,0.833333,5.500000,5.000000,6.000000,1.000000,33.774816,0.952892,1.125000,0.683882,0.123756,0.852951,30.232433,26.806529,0.756295,16.883376,0.476332,0.713283,0.020124,80.412386,124.918961,125.142768,124.695154,0.447614,0.996423
left,1920,33,14,0,-1,0.759788,1078.750000,931.500000,1226.000000,294.500000,0.917850,129.089446,123.559968,134.618924,11.058956,0.773114,1.314550,1.146341,1.482759,0.336417,0.901881,0.808428,0.766721,0.850135,0.083415,1.000000,1.000000,1.000000,1.000000,0.000000,0.833333,5.500000,5.000000,6.000000,1.000000,40.423092,1.233638,1.765957,0.521031,0.321205,0.458788,15.033296,32.724332,0.998686,19.991255,0.610096,1.483227,0.045265,77.872323,119.072836,123.690068,114.455605,9.234463,0.925342
left,1921,33,10,0,-1,0.740562,1440.750000,1226.000000,1655.500000,429.500000,0.814542,149.944157,134.618924,165.269389,30.650465,0.599625,1.529053,1.146341,1.911765,0.765423,0.895914,0.805892,0.761648,0.850135,0.088488,1.000000,1.000000,1.000000,1.000000,0.000000,0.833333,5.500000,5.000000,6.000000,1.000000,46.575925,1.230505,1.439394,0.520201,0.214298,0.476281,18.027756,34.481087,0.910968,23.259789,0.614508,7.080601,0.187065,80.375172,109.280853,132.375780,86.185925,46.189855,0.651070
left,1922,32,19,0,-1,0.969676,1396.500000,1375.000000,1418.000000,43.000000,0.989532,148.068619,147.289514,148.847724,1.558211,0.934066,1.257143,1.214286,1.300000,0.085714,0.949480,0.800629,0.779881,0.821377,0.041496,1.000000,1.000000,1.000000,1.000000,0.000000,0.714286,6.000000,5.000000,7.000000,2.000000,37.402104,1.000895,1.230769,0.592747,0.227533,0.706495,26.400758,28.990724,0.775803,18.684725,0.500010,4.485058,0.120022,80.721044,110.229380,127.547923,92.910838,34.637085,0.728439
left,1923,32,18,0,-1,0.768688,1254.000000,1090.000000,1418.000000,328.000000,0.883848,138.735547,130.181581,147.289514,17.107932,0.972851,1.282353,1.264706,1.300000,0.035294,0.983999,0.814806,0.808234,0.821377,0.013143,1.000000,1.000000,1.000000,1.000000,0.000000,0.833333,5.500000,5.000000,6.000000,1.000000,28.895523,0.817742,1.222222,0.838052,0.039673,1.182180,41.773197,23.715303,0.671142,14.446938,0.408848,3.146618,0.089049,62.286047,162.535794,163.506538,161.565051,1.941486,0.988126
left,1924,31,29,0,-1,0.420170,1292.000000,764.500000,1819.500000,1055.000000,0.711262,146.204376,121.535631,170.873121,49.337490,0.957466,1.382992,1.352941,1.413043,0.060102,0.830550,0.716747,0.650399,0.783095,0.132696,1.000000,1.000000,1.000000,1.000000,0.000000,0.714286,6.000000,5.000000,7.000000,2.000000,25.894199,0.736623,1.218182,0.872373,0.029605,1.414954,49.739320,20.802501,0.591777,12.380267,0.352186,8.634603,0.245632,33.444363,154.774031,155.679063,153.868999,1.810064,0.988373
left,1925,31,23,0,-1,0.569937,1428.250000,1037.000000,1819.500000,782.500000,0.734927,148.226226,125.579332,170.873121,45.293790,0.798422,1.270624,1.128205,1.413043,0.284838,0.947681,0.804711,0.783095,0.826328,0.043233,1.000000,1.000000,1.000000,1.000000,0.000000,0.857143,6.500000,6.000000,7.000000,1.000000,39.513272,1.055685,1.205882,0.663246,0.096447,0.852443,31.906112,30.454684,0.813665,18.877839,0.504363,10.930849,0.292042,57.820104,123.336408,134.292681,112.380135,21.912546,0.836830
left,1926,31,9,0,-1,0.630943,1483.750000,1148.000000,1819.500000,671.500000,0.838050,157.036677,143.200233,170.873121,27.672888,0.853158,1.534647,1.413043,1.656250,0.243207,0.898359,0.743298,0.703500,0.783095,0.079595,1.000000,1.000000,1.000000,1.000000,0.000000,0.857143,6.500000,6.000000,7.000000,1.000000,61.824731,1.615536,2.543478,0.398702,0.327211,0.107740,4.123106,45.340529,1.184789,31.217731,0.815747,10.364519,0.270834,76.645236,94.734533,117.547829,71.921237,45.626592,0.611847
left,1927,30,19,0,-1,0.839636,1264.750000,1154.500000,1375.000000,220.500000,0.872036,139.324162,129.800601,148.847724,19.047124,0.867347,1.307143,1.214286,1.400000,0.185714,0.905686,0.820487,0.779881,0.861094,0.081213,1.000000,1.000000,1.000000,1.000000,0.000000,1.000000,7.000000,7.000000,7.000000,0.000000,41.622391,1.171489,1.000000,0.513025,0.263688,0.418415,14.866069,31.447026,0.885097,20.519744,0.577542,5.362843,0.150941,67.622981,101.719504,116.565051,86.873957,29.691094,0.745283
left,1928,30,17,0,-1,0.711130,987.750000,821.000000,1154.500000,333.500000,0.875405,121.714346,113.628091,129.800601,16.172510,0.752896,1.227027,1.054054,1.400000,0.345946,0.927964,0.830079,0.799064,0.861094,0.062030,1.000000,1.000000,1.000000,1.000000,0.000000,0.857143,6.500000,6.000000,7.000000,1.000000,40.121956,1.281217,1.140625,0.523247,0.179701,0.408943,12.806248,31.269430,0.998528,20.057623,0.640501,6.470229,0.206614,87.641424,103.198187,139.923437,66.472936,73.450501,0.475066
left,1929,30,16,0,-1,0.949815,1185.000000,1154.500000,1215.500000,61.000000,0.946181,133.492167,129.800601,137.183734,7.383134,0.799320,1.259524,1.119048,1.400000,0.280952,0.942560,0.836363,0.811633,0.861094,0.049461,1.000000,1.000000,1.000000,1.000000,0.000000,0.857143,6.500000,6.000000,7.000000,1.000000,37.927427,1.101870,1.452830,0.625771,0.145359,0.709251,24.413111,29.104195,0.845537,18.177163,0.528084,1.658340,0.048178,67.467965,121.104295,128.480198,113.728391,14.751807,0.885182
left,1930,29,10,0,-1,0.461794,1210.000000,764.500000,1655.500000,891.000000,0.735379,143.402510,121.535631,165.269389,43.733758,0.707692,1.632353,1.352941,1.911765,0.558824,0.853937,0.706024,0.650399,0.761648,0.111248,1.000000,1.000000,1.000000,1.000000,0.000000,1.000000,5.000000,5.000000,5.000000,0.000000,38.253923,1.119560,2.000000,0.535117,0.190289,0.708468,24.207437,29.962990,0.876913,18.041713,0.528018,12.970378,0.379598,54.928586,114.834409,119.604451,110.064367,9.540083,0.920236
left,1931,29,9,0,-1,0.665941,956.250000,764.500000,1148.000000,383.500000,0.848711,132.367932,121.535631,143.200233,21.664602,0.816870,1.504596,1.352941,1.656250,0.303309,0.924519,0.676950,0.650399,0.703500,0.053101,1.000000,1.000000,1.000000,1.000000,0.000000,0.833333,5.500000,5.000000,6.000000,1.000000,44.882223,1.458832,2.133333,0.431140,0.314248,0.465380,14.317821,32.795322,1.065964,22.355755,0.726641,6.563547,0.213339,87.416578,127.265158,134.209763,120.320553,13.889211,0.896511
left,1932,28,22,0,-1,0.873663,1138.250000,1061.500000,1215.000000,153.500000,0.926030,130.354767,125.348451,135.361084,10.012633,0.880952,1.143822,1.071429,1.216216,0.144788,0.981537,0.841132,0.833294,0.848969,0.015675,1.000000,1.000000,1.000000,1.000000,0.000000,1.000000,6.000000,6.000000,6.000000,0.000000,36.146011,1.071985,1.407407,0.596753,0.191522,0.619258,20.880613,29.385931,0.871501,18.011250,0.534161,4.532021,0.134407,83.914490,112.066103,129.805571,94.326635,35.478936,0.726676
left,1933,27,26,0,-1,0.723161,1019.250000,855.500000,1183.000000,327.500000,0.867116,122.659747,113.929963,131.389531,17.459568,0.807692,1.258929,1.125000,1.392857,0.267857,0.961791,0.844687,0.828236,0.861139,0.032903,1.000000,1.000000,1.000000,1.000000,0.000000,0.857143,6.500000,6.000000,7.000000,1.000000,29.974205,0.941938,1.434783,0.672574,0.125828,0.788134,25.079872,22.873411,0.718796,14.984898,0.470900,4.081692,0.128267,79.082104,119.343228,126.924104,111.762353,15.161751,0.880545
left,1934,27,20,0,-1,0.944134,1218.000000,1183.000000,1253.000000,70.000000,0.939764,135.600386,131.389531,139.811241,8.421710,0.992248,1.120640,1.116279,1.125000,0.008721,0.935414,0.833330,0.805521,0.861139,0.055618,1.000000,1.000000,1.000000,1.000000,0.000000,0.857143,6.500000,6.000000,7.000000,1.000000,43.315552,1.241267,1.413793,0.512624,0.345033,0.384466,13.416408,34.837877,0.998327,21.201929,0.607570,0.136404,0.003909,79.539520,117.143541,134.932830,99.354251,35.578579,0.736324
left,1935,27,11,0,-1,0.681741,994.750000,806.500000,1183.000000,376.500000,0.868548,122.753843,114.118154,131.389531,17.271377,0.713415,1.350962,1.125000,1.576923,0.451923,0.903715,0.819681,0.778224,0.861139,0.082914,1.000000,1.000000,1.000000,1.000000,0.000000,0.714286,6.000000,5.000000,7.000000,2.000000,38.082392,1.212936,1.568627,0.531553,0.244282,0.456027,14.317821,30.301803,0.965122,19.033865,0.606235,3.688551,0.117482,78.967345,114.245247,114.763660,113.726835,1.036825,0.990966
left,1936,27,8,0,-1,0.731150,1400.500000,1183.000000,1618.000000,435.000000,0.820113,145.799337,131.389531,160.209142,28.819611,0.997732,1.123724,1.122449,1.125000,0.002551,0.919900,0.826650,0.792162,0.861139,0.068977,1.000000,1.000000,1.000000,1.000000,0.000000,0.857143,6.500000,6.000000,7.000000,1.000000,40.992155,1.098704,1.451613,0.550918,0.163692,0.520416,19.416488,32.984629,0.884080,20.340142,0.545172,4.604489,0.123413,83.047268,99.256800,101.900139,96.613460,5.286679,0.948119
left,1937,26,25,0,-1,0.666277,712.750000,570.000000,855.500000,285.500000,0.862945,106.122650,98.315336,113.929963,15.614627,0.835714,1.529762,1.392857,1.666667,0.273810,0.894722,0.784638,0.741041,0.828236,0.087195,1.000000,1.000000,1.000000,1.000000,0.000000,0.833333,5.500000,5.000000,6.000000,1.000000,20.303352,0.764382,1.125000,0.866567,0.027008,1.288862,34.234486,16.871357,0.635174,10.151654,0.382190,3.721222,0.140097,2.618628,163.594317,175.601295,151.587339,24.013956,0.863247
left,1938,26,12,0,-1,0.907072,815.750000,776.000000,855.500000,79.500000,0.965503,111.964821,109.999679,113.929963,3.930284,0.717949,1.196429,1.000000,1.392857,0.392857,0.973049,0.817075,0.805914,0.828236,0.022322,1.000000,1.000000,1.000000,1.000000,0.000000,1.000000,6.000000,6.000000,6.000000,0.000000,35.462176,1.241984,1.613636,0.502802,0.311063,0.385250,11.000000,27.784679,0.973096,16.902111,0.591959,2.922975,0.102371,82.806116,102.099857,116.510845,87.688869,28.821977,0.752624
left,1939,26,11,0,-1,0.942724,831.000000,806.500000,855.500000,49.000000,0.998351,114.024059,113.929963,114.118154,0.188191,0.883275,1.484890,1.392857,1.576923,0.184066,0.939617,0.803230,0.778224,0.828236,0.050011,1.000000,1.000000,1.000000,1.000000,0.000000,0.833333,5.500000,5.000000,6.000000,1.000000,34.766965,1.206184,1.780488,0.529955,0.200060,0.512242,14.764823,28.008967,0.971726,17.277258,0.599407,0.564676,0.019591,77.473941,105.569486,119.349062,91.789911,27.559151,0.769088
left,1940,25,15,0,-1,0.412894,975.250000,570.000000,1380.500000,810.500000,0.688192,120.587811,98.315336,142.860286,44.544950,0.850000,1.541667,1.416667,1.666667,0.250000,0.871804,0.795525,0.741041,0.850008,0.108968,1.000000,1.000000,1.000000,1.000000,0.000000,0.833333,5.500000,5.000000,6.000000,1.000000,34.023897,1.114994,1.163636,0.580980,0.208921,0.586224,17.888544,27.992519,0.917340,16.959032,0.555763,13.859838,0.454199,81.404216,110.834227,126.869898,94.798557,32.071341,0.747211
left,1941,25,12,0,-1,0.734536,673.000000,570.000000,776.000000,206.000000,0.893778,104.157507,98.315336,109.999679,11.684343,0.600000,1.333333,1.000000,1.666667,0.666667,0.919504,0.773478,0.741041,0.805914,0.064873,1.000000,1.000000,1.000000,1.000000,0.000000,0.833333,5.500000,5.000000,6.000000,1.000000,32.776659,1.267185,2.000000,0.509303,0.213224,0.504080,13.038405,25.113744,0.970928,16.024365,0.619521,1.072915,0.041480,81.175002,108.836797,120.963757,96.709837,24.253920,0.799494
left,1942,24,21,0,-1,0.974631,1303.750000,1287.000000,1320.500000,33.500000,0.996310,140.993838,140.733211,141.254465,0.521255,0.954545,1.140152,1.113636,1.166667,0.053030,0.981864,0.824115,0.816573,0.831656,0.015083,1.000000,1.000000,1.000000,1.000000,0.000000,0.714286,6.000000,5.000000,7.000000,2.000000,30.491014,0.844469,1.275862,0.816076,0.046980,1.130105,40.804412,23.706033,0.656554,15.244408,0.422204,0.189248,0.005241,65.198673,148.781620,155.151747,142.411493,12.740254,0.917885
left,1943,23,17,0,-1,0.791707,929.000000,821.000000,1037.000000,216.000000,0.904831,119.603711,113.628091,125.579332,11.951241,0.934275,1.091130,1.054054,1.128205,0.074151,0.967006,0.812696,0.799064,0.826328,0.027264,1.000000,1.000000,1.000000,1.000000,0.000000,1.000000,6.000000,6.000000,6.000000,0.000000,24.520732,0.805866,1.115385,0.819896,0.061356,1.157752,35.227830,19.293488,0.634075,12.257167,0.402828,2.019228,0.066361,3.832204,150.845681,157.619865,144.071498,13.548367,0.914044
left,1944,23,9,0,-1,0.903310,1092.500000,1037.000000,1148.000000,111.000000,0.876949,134.389782,125.579332,143.200233,17.620902,0.681180,1.392228,1.128205,1.656250,0.528045,0.851358,0.764914,0.703500,0.826328,0.122827,1.000000,1.000000,1.000000,1.000000,0.000000,1.000000,6.000000,6.000000,6.000000,0.000000,43.356320,1.312145,1.234375,0.472766,0.223341,0.420444,13.892444,30.293362,0.916805,20.852520,0.631085,1.625098,0.049182,64.120005,97.414836,108.159490,86.670181,21.489309,0.801318
left,1945,23,7,0,-1,0.852459,960.500000,884.000000,1037.000000,153.000000,0.973848,123.937250,122.295169,125.579332,3.284163,0.871795,1.211161,1.128205,1.294118,0.165913,0.898858,0.784540,0.742751,0.826328,0.083576,1.000000,1.000000,1.000000,1.000000,0.000000,0.833333,5.500000,5.000000,6.000000,1.000000,42.838752,1.383354,1.804348,0.490368,0.218636,0.419798,13.000000,32.546185,1.050985,21.080460,0.680733,2.501168,0.080768,84.765460,115.430614,130.453517,100.407711,30.045805,0.769682
left,1946,22,20,0,-1,0.847167,1157.250000,1061.500000,1253.000000,191.500000,0.896555,132.579846,125.348451,139.811241,14.462790,0.917829,1.166248,1.116279,1.216216,0.099937,0.948822,0.827245,0.805521,0.848969,0.043448,1.000000,1.000000,1.000000,1.000000,0.000000,1.000000,6.000000,6.000000,6.000000,0.000000,36.634918,1.077840,1.687500,0.609378,0.199827,0.686843,23.345235,30.085696,0.885154,17.812802,0.524072,2.271498,0.066830,72.052122,129.532650,156.264125,102.801174,53.462950,0.657868
left,1947,22,13,0,-1,0.964673,1042.750000,1024.000000,1061.500000,37.500000,0.976117,123.851605,122.354759,125.348451,2.993692,0.973684,1.200213,1.184211,1.216216,0.032006,0.987697,0.854257,0.848969,0.859544,0.010575,1.000000,1.000000,1.000000,1.000000,0.000000,0.857143,6.500000,6.000000,7.000000,1.000000,30.847788,0.955326,1.218182,0.766280,0.089667,0.971954,31.384710,26.153412,0.809946,15.421262,0.477581,0.045791,0.001418,84.299919,158.432415,170.450866,146.413965,24.036901,0.858980
left,1948,21,14,0,-1,0.723776,1109.250000,931.500000,1287.000000,355.500000,0.877973,132.146589,123.559968,140.733211,17.173243,0.786822,1.324713,1.166667,1.482759,0.316092,0.938949,0.791647,0.766721,0.816573,0.049853,1.000000,1.000000,1.000000,1.000000,0.000000,1.000000,5.000000,5.000000,5.000000,0.000000,33.288096,1.002725,1.192982,0.629515,0.176696,0.811077,26.925824,28.827909,0.868372,16.399201,0.493987,4.944560,0.148943,56.671428,133.219902,146.038176,120.401627,25.636549,0.824453
left,1949,20,13,0,-1,0.817239,1138.500000,1024.000000,1253.000000,229.000000,0.875142,131.083000,122.354759,139.811241,17.456482,0.942636,1.150245,1.116279,1.184211,0.067931,0.937149,0.832532,0.805521,0.859544,0.054023,1.000000,1.000000,1.000000,1.000000,0.000000,0.857143,6.500000,6.000000,7.000000,1.000000,32.494098,0.964249,1.145161,0.649943,0.190382,0.776658,26.172505,27.141170,0.805403,16.171615,0.479886,1.649132,0.048937,78.761759,123.999808,137.214755,110.784861,26.429894,0.807383
left,1950,20,8,0,-1,0.774413,1435.500000,1253.000000,1618.000000,365.000000,0.872680,150.010192,139.811241,160.209142,20.397901,0.994503,1.119364,1.116279,1.122449,0.006170,0.983415,0.798841,0.792162,0.805521,0.013359,1.000000,1.000000,1.000000,1.000000,0.000000,1.000000,6.000000,6.000000,6.000000,0.000000,41.215090,1.090028,1.000000,0.637507,0.067224,0.821571,31.064449,31.433241,0.831324,20.197178,0.534161,3.230313,0.085433,74.798248,125.482812,128.453709,122.511914,5.941795,0.953744
left,1951,19,18,0,-1,0.792727,1232.500000,1090.000000,1375.000000,285.000000,0.874596,139.514653,130.181581,148.847724,18.666143,0.960133,1.239496,1.214286,1.264706,0.050420,0.964919,0.794057,0.779881,0.808234,0.028354,1.000000,1.000000,1.000000,1.000000,0.000000,0.857143,6.500000,6.000000,7.000000,1.000000,40.756899,1.162886,1.576923,0.553333,0.252130,0.605260,21.213203,32.835330,0.936866,18.894163,0.539093,0.031488,0.000898,54.231456,125.328228,147.073831,103.582625,43.491206,0.704290
left,1952,19,16,0,-1,0.884000,1295.250000,1215.500000,1375.000000,159.500000,0.921638,143.015729,137.183734,148.847724,11.663990,0.921569,1.166667,1.119048,1.214286,0.095238,0.960879,0.795757,0.779881,0.811633,0.031752,1.000000,1.000000,1.000000,1.000000,0.000000,0.857143,6.500000,6.000000,7.000000,1.000000,28.567884,0.794159,1.178571,0.822861,0.051920,1.211093,43.566042,24.441961,0.679462,14.283376,0.397064,0.154048,0.004282,68.698656,153.739949,162.834054,144.645844,18.188210,0.888302
left,1953,19,1,0,-1,0.710411,1655.250000,1375.000000,1935.500000,560.500000,0.900802,157.043378,148.847724,165.239031,16.391307,0.946183,1.181611,1.148936,1.214286,0.065350,0.875488,0.835338,0.779881,0.890795,0.110914,1.000000,1.000000,1.000000,1.000000,0.000000,0.875000,7.500000,7.000000,8.000000,1.000000,52.048555,1.283956,1.655738,0.549082,0.163721,0.478974,19.416488,39.400592,0.971950,25.906587,0.639075,3.476809,0.085767,86.625792,103.178120,119.167613,87.188626,31.978987,0.731647
left,1954,18,15,0,-1,0.789569,1235.250000,1090.000000,1380.500000,290.500000,0.911251,136.520934,130.181581,142.860286,12.678705,0.892734,1.340686,1.264706,1.416667,0.151961,0.950854,0.829121,0.808234,0.850008,0.041774,1.000000,1.000000,1.000000,1.000000,0.000000,1.000000,6.000000,6.000000,6.000000,0.000000,42.343811,1.206888,2.219512,0.593896,0.133981,0.632850,22.203603,33.293975,0.948949,21.150131,0.602823,4.537666,0.129333,82.785138,118.564478,130.126104,107.002853,23.123251,0.822301
left,1955,18,6,0,-1,0.748113,1273.500000,1090.000000,1457.000000,367.000000,0.901644,137.282011,130.181581,144.382440,14.200859,0.866002,1.179972,1.095238,1.264706,0.169468,0.920230,0.843265,0.808234,0.878296,0.070061,1.000000,1.000000,1.000000,1.000000,0.000000,1.000000,6.000000,6.000000,6.000000,0.000000,36.726012,1.031835,1.275862,0.631741,0.177856,0.695044,24.738634,29.737796,0.835498,18.111780,0.508859,5.836884,0.163990,88.172512,119.160512,120.248538,118.072487,2.176051,0.981904
left,1956,18,1,0,-1,0.563162,1512.750000,1090.000000,1935.500000,845.500000,0.787838,147.710306,130.181581,165.239031,35.057450,0.908461,1.206821,1.148936,1.264706,0.115770,0.907318,0.849515,0.808234,0.890795,0.082561,1.000000,1.000000,1.000000,1.000000,0.000000,0.750000,7.000000,6.000000,8.000000,2.000000,45.073124,1.170587,1.220588,0.531071,0.244588,0.361732,13.928388,36.636536,0.951481,22.151856,0.575302,10.344320,0.268651,77.626382,94.291886,94.825217,93.758556,1.066661,0.988751
left,1957,17,16,0,-1,0.675442,1018.250000,821.000000,1215.500000,394.500000,0.828291,125.405912,113.628091,137.183734,23.555644,0.941921,1.086551,1.054054,1.119048,0.064994,0.984514,0.805348,0.799064,0.811633,0.012569,1.000000,1.000000,1.000000,1.000000,0.000000,1.000000,6.000000,6.000000,6.000000,0.000000,36.719694,1.156214,1.952381,0.529887,0.238645,0.488819,15.524175,28.717145,0.904233,18.164484,0.571956,5.533305,0.174230,88.828727,111.456611,116.565051,106.348172,10.216880,0.912350
left,1958,17,7,0,-1,0.928733,852.500000,821.000000,884.000000,63.000000,0.929130,117.961630,113.628091,122.295169,8.667078,0.814496,1.174086,1.054054,1.294118,0.240064,0.929527,0.770908,0.742751,0.799064,0.056313,1.000000,1.000000,1.000000,1.000000,0.000000,0.833333,5.500000,5.000000,6.000000,1.000000,39.989129,1.369837,1.046154,0.470944,0.345161,0.387554,11.313708,32.820662,1.124280,19.986429,0.684640,0.172042,0.005893,86.951307,115.784316,129.596209,101.972424,27.623785,0.786847
left,1959,17,4,0,-1,0.410500,1410.500000,821.000000,2000.000000,1179.000000,0.663132,142.489396,113.628091,171.350702,57.722612,0.978764,1.065489,1.054054,1.076923,0.022869,0.933498,0.827526,0.799064,0.855989,0.056925,1.000000,1.000000,1.000000,1.000000,0.000000,1.000000,6.000000,6.000000,6.000000,0.000000,36.864393,1.004829,1.615385,0.681590,0.104750,0.775760,28.460499,29.776483,0.811631,18.050039,0.491998,13.302211,0.362584,70.211389,116.953662,120.068583,113.838740,6.229843,0.948114
left,1960,16,4,0,-1,0.607750,1607.750000,1215.500000,2000.000000,784.500000,0.800602,154.267218,137.183734,171.350702,34.166968,0.962357,1.097985,1.076923,1.119048,0.042125,0.948182,0.833811,0.811633,0.855989,0.044356,1.000000,1.000000,1.000000,1.000000,0.000000,1.000000,6.000000,6.000000,6.000000,0.000000,45.649868,1.147192,1.011765,0.547106,0.250039,0.462014,18.384776,35.662773,0.896214,22.824745,0.573591,10.126621,0.254484,80.794116,110.846008,123.366366,98.325650,25.040716,0.797022
left,1961,16,3,0,-1,0.907090,1277.750000,1215.500000,1340.000000,124.500000,0.953945,140.495241,137.183734,143.806748,6.623014,0.941017,1.154118,1.119048,1.189189,0.070142,0.996789,0.812940,0.811633,0.814247,0.002614,1.000000,1.000000,1.000000,1.000000,0.000000,1.000000,6.000000,6.000000,6.000000,0.000000,39.846630,1.115058,1.829787,0.601863,0.192330,0.699594,25.000000,33.499844,0.937452,19.845681,0.555357,3.905498,0.109291,83.373949,118.378164,126.674350,110.081977,16.592372,0.869016
left,1962,16,1,0,-1,0.628003,1575.500000,1215.500000,1935.500000,720.000000,0.830214,151.211383,137.183734,165.239031,28.055297,0.973986,1.133992,1.119048,1.148936,0.029889,0.911133,0.851214,0.811633,0.890795,0.079162,1.000000,1.000000,1.000000,1.000000,0.000000,0.750000,7.000000,6.000000,8.000000,2.000000,52.475322,1.330876,1.023529,0.498516,0.326087,0.261117,10.295630,40.039641,1.015483,25.056823,0.635489,7.702514,0.195351,77.396862,104.474973,109.977320,98.972627,11.004693,0.899937
left,1963,15,12,0,-1,0.562115,1078.250000,776.000000,1380.500000,604.500000,0.769981,126.429983,109.999679,142.860286,32.860607,0.705882,1.208333,1.000000,1.416667,0.416667,0.948125,0.827961,0.805914,0.850008,0.044094,1.000000,1.000000,1.000000,1.000000,0.000000,1.000000,6.000000,6.000000,6.000000,0.000000,40.867410,1.257229,1.617021,0.526912,0.246464,0.401109,13.038405,29.979215,0.922269,19.953579,0.613844,8.152182,0.250791,74.267192,112.530033,112.893720,112.166346,0.727375,0.993557
left,1964,15,6,0,-1,0.947495,1418.750000,1380.500000,1457.000000,76.500000,0.989457,143.621363,142.860286,144.382440,1.522154,0.773109,1.255952,1.095238,1.416667,0.321429,0.967793,0.864152,0.850008,0.878296,0.028287,1.000000,1.000000,1.000000,1.000000,0.000000,1.000000,6.000000,6.000000,6.000000,0.000000,40.603108,1.078067,1.086957,0.604674,0.192070,0.589536,22.203603,32.992193,0.875987,20.157944,0.535221,0.685103,0.018190,79.290251,112.932321,114.063233,111.801409,2.261823,0.980170
left,1965,15,5,0,-1,0.985875,1370.750000,1361.000000,1380.500000,19.500000,0.991452,142.249679,141.639073,142.860286,1.221214,0.721569,1.219444,1.022222,1.416667,0.394444,0.997060,0.851262,0.850008,0.852515,0.002506,1.000000,1.000000,1.000000,1.000000,0.000000,0.833333,5.500000,5.000000,6.000000,1.000000,35.971711,0.971594,1.161290,0.654242,0.141893,0.743142,27.513633,27.831495,0.751727,17.949630,0.484818,0.932033,0.025174,85.076732,113.204754,120.867912,105.541595,15.326317,0.873198
left,1966,14,10,0,-1,0.562670,1293.500000,931.500000,1655.500000,724.000000,0.747628,144.414678,123.559968,165.269389,41.709421,0.775597,1.697262,1.482759,1.911765,0.429006,0.993384,0.764184,0.761648,0.766721,0.005073,1.000000,1.000000,1.000000,1.000000,0.000000,1.000000,5.000000,5.000000,5.000000,0.000000,27.179662,0.763384,1.031746,0.790214,0.060881,1.207724,43.000000,23.429055,0.658043,13.588931,0.381667,6.072027,0.170543,7.388832,153.080759,156.037511,150.124007,5.913504,0.962102
left,1967,13,8,0,-1,0.632880,1321.000000,1024.000000,1618.000000,594.000000,0.763719,141.281951,122.354759,160.209142,37.854383,0.947846,1.153330,1.122449,1.184211,0.061762,0.921607,0.825853,0.792162,0.859544,0.067382,1.000000,1.000000,1.000000,1.000000,0.000000,0.857143,6.500000,6.000000,7.000000,1.000000,50.514378,1.398818,1.921569,0.468971,0.303747,0.228350,8.246211,37.392177,1.035445,24.990097,0.692013,10.282198,0.284729,79.257184,105.356143,110.438956,100.273331,10.165625,0.907953
left,1968,13,2,0,-1,0.653061,1296.000000,1024.000000,1568.000000,544.000000,0.749442,142.807907,122.354759,163.261055,40.906296,0.848684,1.289780,1.184211,1.395349,0.211138,0.860048,0.799396,0.739249,0.859544,0.120295,1.000000,1.000000,1.000000,1.000000,0.000000,0.857143,6.500000,6.000000,7.000000,1.000000,48.802856,1.363247,1.300000,0.508633,0.197917,0.454728,16.278821,32.598109,0.910587,24.192644,0.675791,11.201457,0.312899,74.516319,116.953121,130.891888,103.014354,27.877534,0.787019
left,1969,12,11,0,-1,0.962182,791.250000,776.000000,806.500000,30.500000,0.963910,112.058917,109.999679,114.118154,4.118475,0.634146,1.288462,1.000000,1.576923,0.576923,0.965642,0.792069,0.778224,0.805914,0.027690,1.000000,1.000000,1.000000,1.000000,0.000000,0.833333,5.500000,5.000000,6.000000,1.000000,23.913396,0.850168,1.390244,0.775968,0.054344,1.138217,32.015621,19.753382,0.702271,11.950532,0.424865,0.448340,0.015939,85.490979,162.494704,173.290163,151.699244,21.590919,0.875406
left,1970,12,5,0,-1,0.570169,1068.500000,776.000000,1361.000000,585.000000,0.776620,125.819376,109.999679,141.639073,31.639394,0.978261,1.011111,1.000000,1.022222,0.022222,0.945338,0.829214,0.805914,0.852515,0.046601,1.000000,1.000000,1.000000,1.000000,0.000000,0.833333,5.500000,5.000000,6.000000,1.000000,31.235524,0.964826,1.052632,0.686207,0.134066,0.831131,26.907248,25.495021,0.787509,15.583703,0.481361,7.714735,0.238298,88.440128,128.602845,141.564684,115.641006,25.923678,0.816878
left,1971,12,0,0,-1,0.477392,1200.750000,776.000000,1625.500000,849.500000,0.735248,129.804328,109.999679,149.608977,39.609298,0.803922,1.121951,1.000000,1.243902,0.243902,0.883095,0.859258,0.805914,0.912602,0.106688,1.000000,1.000000,1.000000,1.000000,0.000000,0.750000,7.000000,6.000000,8.000000,2.000000,39.850104,1.169066,1.280702,0.562578,0.275661,0.410712,14.000000,31.690831,0.929701,18.652522,0.547201,8.015546,0.235149,68.311403,105.435765,112.371782,98.499747,13.872034,0.876552
left,1972,11,8,0,-1,0.498455,1212.250000,806.500000,1618.000000,811.500000,0.712307,137.163648,114.118154,160.209142,46.090988,0.711797,1.349686,1.122449,1.576923,0.454474,0.982406,0.785193,0.778224,0.792162,0.013937,1.000000,1.000000,1.000000,1.000000,0.000000,0.833333,5.500000,5.000000,6.000000,1.000000,30.586216,0.891423,1.431373,0.742827,0.065993,1.046369,35.902646,26.577760,0.774599,15.253269,0.444551,9.588712,0.279459,75.233348,139.352923,143.336201,135.369645,7.966556,0.944420
left,1973,11,0,0,-1,0.496155,1216.000000,806.500000,1625.500000,819.000000,0.762776,131.863566,114.118154,149.608977,35.490823,0.788816,1.410413,1.243902,1.576923,0.333021,0.852753,0.845413,0.778224,0.912602,0.134378,1.000000,1.000000,1.000000,1.000000,0.000000,0.625000,6.500000,5.000000,8.000000,3.000000,40.017715,1.164720,1.568627,0.580278,0.178248,0.498199,17.117243,31.023121,0.902932,19.839261,0.577424,6.663715,0.193948,82.585501,108.337640,128.465190,88.210089,40.255101,0.686646
left,1974,10,9,0,-1,0.693446,1401.750000,1148.000000,1655.500000,507.500000,0.866466,154.234811,143.200233,165.269389,22.069156,0.866346,1.784007,1.656250,1.911765,0.255515,0.923656,0.732574,0.703500,0.761648,0.058148,1.000000,1.000000,1.000000,1.000000,0.000000,0.833333,5.500000,5.000000,6.000000,1.000000,26.978933,0.723587,1.101695,0.818272,0.050294,1.354100,50.487622,23.339412,0.625973,13.415246,0.359803,4.661058,0.125012,17.767481,142.826295,156.037511,129.615080,26.422431,0.830666
left,1975,9,7,0,-1,0.770035,1016.000000,884.000000,1148.000000,264.000000,0.854015,132.747701,122.295169,143.200233,20.905064,0.781354,1.475184,1.294118,1.656250,0.362132,0.947154,0.723126,0.703500,0.742751,0.039251,1.000000,1.000000,1.000000,1.000000,0.000000,0.833333,5.500000,5.000000,6.000000,1.000000,22.711533,0.714039,1.096154,0.781699,0.044537,1.332381,42.379240,19.154816,0.602217,11.267766,0.354253,1.830978,0.057565,17.655486,156.285728,169.695154,142.876302,26.818851,0.841959
left,1976,8,2,0,-1,0.969098,1593.000000,1568.000000,1618.000000,50.000000,0.981307,161.735099,160.209142,163.261055,3.051913,0.804422,1.258899,1.122449,1.395349,0.272900,0.933205,0.765705,0.739249,0.792162,0.052913,1.000000,1.000000,1.000000,1.000000,0.000000,1.000000,6.000000,6.000000,6.000000,0.000000,29.512334,0.739450,1.014925,0.843035,0.035782,1.322264,52.773099,23.640046,0.592316,14.753215,0.369651,1.471784,0.036876,68.171695,142.353526,146.546691,138.160362,8.386329,0.942774
left,1977,8,0,0,-1,0.995386,1621.750000,1618.000000,1625.500000,7.500000,0.933835,154.909060,149.608977,160.209142,10.600165,0.902361,1.183176,1.122449,1.243902,0.121453,0.868025,0.852382,0.792162,0.912602,0.120441,1.000000,1.000000,1.000000,1.000000,0.000000,0.750000,7.000000,6.000000,8.000000,2.000000,52.620008,1.306650,1.256410,0.504613,0.292123,0.318002,12.806248,38.130170,0.946841,26.296886,0.652999,2.373727,0.058944,87.811080,108.197796,120.230427,96.165165,24.065262,0.799840
left,1978,7,4,0,-1,0.442000,1442.000000,884.000000,2000.000000,1116.000000,0.713713,146.822936,122.295169,171.350702,49.055534,0.832168,1.185520,1.076923,1.294118,0.217195,0.867712,0.799370,0.742751,0.855989,0.113237,1.000000,1.000000,1.000000,1.000000,0.000000,0.833333,5.500000,5.000000,6.000000,1.000000,34.633636,0.930343,1.233333,0.702313,0.120492,0.892948,33.241540,30.116343,0.808997,17.226904,0.462756,12.127005,0.325761,74.274055,140.501770,164.438490,116.565051,47.873438,0.708867
left,1979,6,5,0,-1,0.934111,1409.000000,1361.000000,1457.000000,96.000000,0.980999,143.010756,141.639073,144.382440,2.743368,0.933333,1.058730,1.022222,1.095238,0.073016,0.970647,0.865405,0.852515,0.878296,0.025781,1.000000,1.000000,1.000000,1.000000,0.000000,0.833333,5.500000,5.000000,6.000000,1.000000,41.544871,1.106942,1.755102,0.615572,0.190561,0.615136,23.086793,32.684144,0.870853,20.771954,0.553458,0.140673,0.003748,85.610797,127.544875,130.020894,125.068855,4.952039,0.961914
left,1980,6,1,0,-1,0.752777,1696.250000,1457.000000,1935.500000,478.500000,0.873779,154.810736,144.382440,165.239031,20.856591,0.953263,1.122087,1.095238,1.148936,0.053698,0.985968,0.884545,0.878296,0.890795,0.012499,1.000000,1.000000,1.000000,1.000000,0.000000,0.750000,7.000000,6.000000,8.000000,2.000000,38.590264,0.939336,1.509091,0.774231,0.062638,0.912392,37.483330,29.063852,0.707451,19.280712,0.469317,4.086585,0.099473,87.329437,140.700674,144.926246,136.475102,8.451144,0.941687
left,1981,5,0,0,-1,0.837281,1493.250000,1361.000000,1625.500000,264.500000,0.946728,145.624025,141.639073,149.608977,7.969904,0.821786,1.133062,1.022222,1.243902,0.221680,0.934158,0.882558,0.852515,0.912602,0.060088,1.000000,1.000000,1.000000,1.000000,0.000000,0.625000,6.500000,5.000000,8.000000,3.000000,42.587403,1.103169,1.393443,0.675049,0.149339,0.718330,27.730849,33.854286,0.876949,21.292175,0.551545,2.701305,0.069974,89.393488,143.955857,155.924502,131.987212,23.937289,0.846482
left,1982,4,3,0,-1,0.670000,1670.000000,1340.000000,2000.000000,660.000000,0.839254,157.578725,143.806748,171.350702,27.543955,0.905594,1.133056,1.076923,1.189189,0.112266,0.951236,0.835118,0.814247,0.855989,0.041742,1.000000,1.000000,1.000000,1.000000,0.000000,1.000000,6.000000,6.000000,6.000000,0.000000,36.397450,0.895085,1.456140,0.777889,0.058084,1.019010,41.436699,27.367890,0.673030,18.170110,0.446839,6.152267,0.151296,59.790001,146.108797,157.217594,135.000000,22.217594,0.858683
left,1983,3,1,0,-1,0.692328,1637.750000,1340.000000,1935.500000,595.500000,0.870295,154.522889,143.806748,165.239031,21.432283,0.966151,1.169063,1.148936,1.189189,0.040253,0.914068,0.852521,0.814247,0.890795,0.076548,1.000000,1.000000,1.000000,1.000000,0.000000,0.750000,7.000000,6.000000,8.000000,2.000000,36.512725,0.906019,1.444444,0.764049,0.055717,0.954606,38.470768,26.643924,0.661137,18.255302,0.452983,5.614684,0.139322,67.478555,140.542215,150.945396,130.139035,20.806361,0.862160
left,1984,2,0,0,-1,0.964626,1596.750000,1568.000000,1625.500000,57.500000,0.916379,156.435016,149.608977,163.261055,13.652078,0.891463,1.319626,1.243902,1.395349,0.151446,0.810045,0.825926,0.739249,0.912602,0.173353,1.000000,1.000000,1.000000,1.000000,0.000000,0.750000,7.000000,6.000000,8.000000,2.000000,53.467762,1.338108,2.075472,0.523720,0.235478,0.451171,18.027756,37.982449,0.950566,26.221661,0.656235,2.114977,0.052930,78.913454,120.341614,139.074016,101.609211,37.464805,0.730612
