fileName,pairIndex,firstPolygonId,secondPolygonId,is_real_division,divided_how_many_hours_ago,areaRatio,areaMean,areaMin,areaMax,areaDiff,perimeterRatio,perimeterMean,perimeterMin,perimeterMax,perimeterDiff,aspectRatio,aspectMean,aspectMin,aspectMax,aspectDiff,circularityRatio,circularityMean,circularityMin,circularityMax,circularityDiff,solidityRatio,solidityMean,solidityMin,solidityMax,solidityDiff,vertexCountRatio,vertexCountMean,vertexCountMin,vertexCountMax,vertexCountDiff,centroidDistance,centroidDistanceNormalized,unionAspectRatio,unionCircularity,unionConvexDeficiency,normalizedSharedEdgeLength,sharedEdgeLength,sharedEdgeUnsharedVerticesDistance,sharedEdgeUnsharedVerticesDistanceNormalized,centroidSharedEdgeDistance,centroidSharedEdgeDistanceNormalized,sharedEdgeUnionCentroidDistance,sharedEdgeUnionCentroidDistanceNormalized,sharedEdgeUnionAxisAngleDegrees,junctionAngleAverageDegrees,junctionAngleMaxDegrees,junctionAngleMinDegrees,junctionAngleDifferenceDegrees,junctionAngleRatio
left,1,193,192,0,-1,0.790184,1723.500000,1521.500000,1925.500000,404.000000,0.889063,160.554714,151.126025,169.983403,18.857379,0.833654,1.168505,1.062500,1.274510,0.212010,0.999684,0.837282,0.837150,0.837414,0.000264,1.000000,1.000000,1.000000,1.000000,0.000000,0.857143,6.500000,6.000000,7.000000,1.000000,38.577412,0.930844,1.338462,0.806626,0.014070,1.078284,44.687806,30.673264,0.740123,19.046795,0.459585,3.824225,0.092276,84.201984,172.707833,174.130400,171.285267,2.845132,0.983661
left,2,193,190,0,-1,0.692409,1287.500000,1053.500000,1521.500000,468.000000,0.857993,140.395542,129.665059,151.126025,21.460965,0.994681,1.065341,1.062500,1.068182,0.005682,0.940579,0.812278,0.787406,0.837150,0.049744,1.000000,1.000000,1.000000,1.000000,0.000000,0.833333,5.500000,5.000000,6.000000,1.000000,37.739503,1.056181,1.147059,0.619002,0.157670,0.729788,26.076810,31.146718,0.871675,18.752498,0.524809,6.905311,0.193253,78.604055,116.542736,142.361774,90.723698,51.638077,0.637276
left,3,192,190,0,-1,0.547131,1489.500000,1053.500000,1925.500000,872.000000,0.762810,149.824231,129.665059,169.983403,40.318344,0.838112,1.171346,1.068182,1.274510,0.206328,0.940282,0.812410,0.787406,0.837414,0.050009,1.000000,1.000000,1.000000,1.000000,0.000000,0.714286,6.000000,5.000000,7.000000,2.000000,51.416276,1.347066,1.625000,0.483035,0.325613,0.278501,10.630146,38.482490,1.008211,23.247234,0.609059,11.157568,0.292319,60.168217,103.549706,109.108376,97.991035,11.117341,0.898107
left,4,192,188,0,-1,0.570241,1511.750000,1098.000000,1925.500000,827.500000,0.759933,149.579679,129.175954,169.983403,40.807449,0.863077,1.187255,1.100000,1.274510,0.174510,0.987435,0.832153,0.826892,0.837414,0.010522,1.000000,1.000000,1.000000,1.000000,0.000000,0.714286,6.000000,5.000000,7.000000,2.000000,44.554102,1.157000,1.037037,0.563290,0.190342,0.512177,19.723083,33.751589,0.876476,22.088650,0.573607,8.063071,0.209385,82.417334,95.471063,109.330123,81.612004,27.718119,0.746473
left,5,192,187,0,-1,0.989466,1935.750000,1925.500000,1946.000000,20.500000,0.990483,170.800027,169.983403,171.616652,1.633249,0.825199,1.163117,1.051724,1.274510,0.222786,0.991502,0.833856,0.830298,0.837414,0.007117,1.000000,1.000000,1.000000,1.000000,0.000000,0.857143,6.500000,6.000000,7.000000,1.000000,48.153416,1.094470,1.137931,0.651870,0.117267,0.777445,34.205263,37.340349,0.848702,23.329778,0.530258,2.428744,0.055202,74.601740,143.227655,157.445155,129.010154,28.435001,0.819397
left,6,192,184,0,-1,0.981044,1907.250000,1889.000000,1925.500000,36.500000,0.995912,170.332283,169.983403,170.681163,0.697760,0.784615,1.137255,1.000000,1.274510,0.274510,0.973039,0.826126,0.814837,0.837414,0.022577,1.000000,1.000000,1.000000,1.000000,0.000000,1.000000,7.000000,7.000000,7.000000,0.000000,53.125952,1.216488,1.452055,0.484355,0.338314,0.298556,13.038405,41.957444,0.960750,26.432601,0.605259,3.295359,0.075458,80.772757,95.000126,105.534128,84.466124,21.068004,0.800368
left,7,191,189,0,-1,0.682290,1337.000000,1084.500000,1589.500000,505.000000,0.872977,143.782430,134.031302,153.533558,19.502256,0.775954,1.318511,1.152174,1.484848,0.332675,0.895289,0.802988,0.758625,0.847352,0.088727,1.000000,1.000000,1.000000,1.000000,0.000000,0.714286,6.000000,5.000000,7.000000,2.000000,34.926460,0.959514,1.708333,0.735244,0.063201,1.013505,36.891733,28.488697,0.782653,16.345018,0.449037,4.738388,0.130175,57.963991,156.176828,178.163846,134.189811,43.974035,0.753182
left,8,191,186,0,-1,0.775934,963.000000,841.500000,1084.500000,243.000000,0.923447,128.901043,123.770784,134.031302,10.260517,0.891357,1.404189,1.323529,1.484848,0.161319,0.909915,0.724454,0.690284,0.758625,0.068341,1.000000,1.000000,1.000000,1.000000,0.000000,1.000000,5.000000,5.000000,5.000000,0.000000,31.139969,1.005482,1.178571,0.571648,0.182762,0.840138,26.019224,26.639034,0.860151,14.954911,0.482881,3.400201,0.109789,60.076832,126.036452,146.888658,105.184246,41.704412,0.716081
left,9,190,188,0,-1,0.959472,1075.750000,1053.500000,1098.000000,44.500000,0.996228,129.420507,129.175954,129.665059,0.489105,0.971074,1.084091,1.068182,1.100000,0.031818,0.952247,0.807149,0.787406,0.826892,0.039487,1.000000,1.000000,1.000000,1.000000,0.000000,1.000000,5.000000,5.000000,5.000000,0.000000,30.750688,0.937610,1.049180,0.765733,0.009063,1.081454,35.468296,25.508904,0.777785,15.300952,0.466537,0.259055,0.007899,77.504538,174.085404,178.891188,169.279620,9.611568,0.946271
left,10,189,187,0,-1,0.816804,1767.750000,1589.500000,1946.000000,356.500000,0.894631,162.575105,153.533558,171.616652,18.083094,0.912817,1.101949,1.051724,1.152174,0.100450,0.979874,0.838825,0.830298,0.847352,0.017054,1.000000,1.000000,1.000000,1.000000,0.000000,0.857143,6.500000,6.000000,7.000000,1.000000,45.991995,1.095282,1.827586,0.558406,0.202800,0.512983,21.540659,32.977801,0.785354,21.924572,0.522125,3.624215,0.086309,55.103067,88.911364,108.120297,69.702430,38.417867,0.644675
left,11,189,186,0,-1,0.529412,1215.500000,841.500000,1589.500000,748.000000,0.806148,138.652171,123.770784,153.533558,29.762774,0.870531,1.237852,1.152174,1.323529,0.171355,0.814637,0.768818,0.690284,0.847352,0.157068,1.000000,1.000000,1.000000,1.000000,0.000000,0.714286,6.000000,5.000000,7.000000,2.000000,49.218808,1.429177,1.390625,0.487233,0.250926,0.390656,13.453624,38.485863,1.117522,23.773397,0.690313,10.216569,0.296661,77.074000,119.957304,120.625944,119.288664,1.337279,0.988914
left,12,189,185,0,-1,0.579427,1255.250000,921.000000,1589.500000,668.500000,0.786437,137.139023,120.744489,153.533558,32.789069,0.901701,1.214976,1.152174,1.277778,0.125604,0.936852,0.820598,0.793843,0.847352,0.053508,1.000000,1.000000,1.000000,1.000000,0.000000,0.714286,6.000000,5.000000,7.000000,2.000000,30.750655,0.875881,1.169492,0.698397,0.115117,0.879300,30.870698,23.359581,0.665359,15.277304,0.435148,6.475371,0.184440,32.889903,106.608209,115.173525,98.042894,17.130630,0.851262
left,13,189,182,0,-1,0.722240,1368.750000,1148.000000,1589.500000,441.500000,0.908696,146.524437,139.515317,153.533558,14.018241,0.967826,1.171325,1.152174,1.190476,0.038302,0.874670,0.794252,0.741153,0.847352,0.106199,1.000000,1.000000,1.000000,1.000000,0.000000,1.000000,7.000000,7.000000,7.000000,0.000000,54.897829,1.488741,1.036145,0.457604,0.303562,0.255834,9.433981,38.694523,1.049333,27.221698,0.738209,3.397401,0.092132,76.790772,107.792999,138.867258,76.718740,62.148518,0.552461
left,14,188,184,0,-1,0.581260,1493.500000,1098.000000,1889.000000,791.000000,0.756826,149.928558,129.175954,170.681163,41.505209,0.909091,1.050000,1.000000,1.100000,0.100000,0.985421,0.820864,0.814837,0.826892,0.012055,1.000000,1.000000,1.000000,1.000000,0.000000,0.714286,6.000000,5.000000,7.000000,2.000000,41.526279,1.084255,1.415385,0.663997,0.092400,0.810676,31.048349,32.741443,0.854882,20.500687,0.535275,9.867004,0.257628,67.247407,142.552745,145.135750,139.969741,5.166009,0.964406
left,15,188,183,0,-1,0.782332,978.500000,859.000000,1098.000000,239.000000,0.892151,122.210227,115.244499,129.175954,13.931455,0.939024,1.135714,1.100000,1.171429,0.071429,0.982910,0.819826,0.812761,0.826892,0.014132,1.000000,1.000000,1.000000,1.000000,0.000000,1.000000,5.000000,5.000000,5.000000,0.000000,31.377904,1.004981,1.489796,0.625732,0.198518,0.739431,23.086793,26.519616,0.849378,15.504395,0.496579,3.627621,0.116187,89.617957,120.900087,121.731592,120.068583,1.663009,0.986339
left,16,187,185,0,-1,0.473279,1433.500000,921.000000,1946.000000,1025.000000,0.703571,146.180570,120.744489,171.616652,50.872163,0.823088,1.164751,1.051724,1.277778,0.226054,0.956095,0.812071,0.793843,0.830298,0.036454,1.000000,1.000000,1.000000,1.000000,0.000000,0.833333,5.500000,5.000000,6.000000,1.000000,44.390088,1.192297,1.291667,0.570384,0.143007,0.551111,20.518285,33.830517,0.908672,22.003348,0.591000,11.984394,0.321895,86.225910,116.876845,136.706178,97.047511,39.658667,0.709899
left,17,187,184,0,-1,0.970709,1917.500000,1889.000000,1946.000000,57.000000,0.994549,171.148907,170.681163,171.616652,0.935489,0.950820,1.025862,1.000000,1.051724,0.051724,0.981379,0.822567,0.814837,0.830298,0.015461,1.000000,1.000000,1.000000,1.000000,0.000000,0.857143,6.500000,6.000000,7.000000,1.000000,35.562360,0.812147,1.064935,0.833641,0.054237,1.163133,50.931326,29.033548,0.663047,17.736467,0.405053,1.424906,0.032541,82.263607,148.424371,150.325020,146.523722,3.801298,0.974713
left,18,187,181,0,-1,0.575026,1532.500000,1119.000000,1946.000000,827.000000,0.750109,150.173901,128.731151,171.616652,42.885501,0.997201,1.050252,1.048780,1.051724,0.002944,0.978501,0.839419,0.830298,0.848541,0.018243,1.000000,1.000000,1.000000,1.000000,0.000000,1.000000,6.000000,6.000000,6.000000,0.000000,48.525784,1.251230,1.446154,0.518450,0.267863,0.358214,13.892444,36.168805,0.932607,23.463769,0.605010,9.900265,0.255277,77.561404,103.096772,106.522557,99.670986,6.851572,0.935680
left,19,186,182,0,-1,0.733014,994.750000,841.500000,1148.000000,306.500000,0.887148,131.643050,123.770784,139.515317,15.744532,0.899471,1.257003,1.190476,1.323529,0.133053,0.931365,0.715719,0.690284,0.741153,0.050869,1.000000,1.000000,1.000000,1.000000,0.000000,0.714286,6.000000,5.000000,7.000000,2.000000,21.534268,0.684815,1.000000,0.890930,0.011812,1.522808,47.885280,17.292940,0.549936,10.719534,0.340894,2.595294,0.082533,15.626508,169.276132,174.559668,163.992596,10.567072,0.939464
left,20,185,182,0,-1,0.802265,1034.500000,921.000000,1148.000000,227.000000,0.865457,130.129903,120.744489,139.515317,18.770828,0.931677,1.234127,1.190476,1.277778,0.087302,0.933626,0.767498,0.741153,0.793843,0.052690,1.000000,1.000000,1.000000,1.000000,0.000000,0.714286,6.000000,5.000000,7.000000,2.000000,46.914998,1.460841,1.840000,0.449279,0.275737,0.306674,9.848858,34.793363,1.083397,21.702489,0.675773,0.379377,0.011813,41.985734,107.812883,123.089848,92.535918,30.553930,0.751775
left,21,185,181,0,-1,0.823056,1020.000000,921.000000,1119.000000,198.000000,0.937959,124.737820,120.744489,128.731151,7.986662,0.820785,1.163279,1.048780,1.277778,0.228997,0.935540,0.821192,0.793843,0.848541,0.054697,1.000000,1.000000,1.000000,1.000000,0.000000,0.833333,5.500000,5.000000,6.000000,1.000000,31.260185,0.979952,1.189655,0.662744,0.159314,0.827617,26.400758,26.487480,0.830336,15.573649,0.488206,1.433343,0.044933,88.472634,135.979102,163.281503,108.676702,54.604801,0.665579
left,22,185,180,0,-1,0.860346,995.750000,921.000000,1070.500000,149.500000,0.957687,123.411885,120.744489,126.079282,5.334793,0.821739,1.163889,1.050000,1.277778,0.227778,0.938050,0.820057,0.793843,0.846270,0.052427,1.000000,1.000000,1.000000,1.000000,0.000000,1.000000,5.000000,5.000000,5.000000,0.000000,29.179511,0.925357,1.068966,0.767180,0.065780,1.049873,33.105891,24.791610,0.786206,14.519681,0.460456,1.604369,0.050879,80.254954,162.722960,176.409677,149.036243,27.373434,0.844830
left,23,184,183,0,-1,0.454738,1374.000000,859.000000,1889.000000,1030.000000,0.675203,142.962831,115.244499,170.681163,55.436663,0.853659,1.085714,1.000000,1.171429,0.171429,0.997452,0.813799,0.812761,0.814837,0.002076,1.000000,1.000000,1.000000,1.000000,0.000000,0.714286,6.000000,5.000000,7.000000,2.000000,38.606330,1.061031,1.312500,0.556267,0.275473,0.505275,18.384776,32.059520,0.881103,17.752129,0.487888,8.406457,0.231038,35.358245,105.714664,111.467651,99.961676,11.505975,0.896777
left,24,184,181,0,-1,0.592377,1504.000000,1119.000000,1889.000000,770.000000,0.754220,149.706157,128.731151,170.681163,41.950012,0.953488,1.024390,1.000000,1.048780,0.048780,0.960280,0.831689,0.814837,0.848541,0.033704,1.000000,1.000000,1.000000,1.000000,0.000000,0.857143,6.500000,6.000000,7.000000,1.000000,47.167325,1.226494,1.178082,0.579021,0.148438,0.570884,21.954498,35.535607,0.924034,23.581262,0.613184,11.966753,0.311172,82.568299,119.076211,135.000000,103.152423,31.847577,0.764092
left,25,184,179,0,-1,0.666226,1573.750000,1258.500000,1889.000000,630.500000,0.801036,153.701499,136.721836,170.681163,33.959327,0.978723,1.010870,1.000000,1.021739,0.021739,0.963126,0.830435,0.814837,0.846033,0.031196,1.000000,1.000000,1.000000,1.000000,0.000000,0.857143,6.500000,6.000000,7.000000,1.000000,40.830035,1.034484,1.318841,0.581713,0.155044,0.590940,23.323808,32.581027,0.825484,20.247544,0.512999,2.939432,0.074474,64.030066,97.883591,113.198591,82.568592,30.629998,0.729414
left,26,184,176,0,-1,0.555850,1469.500000,1050.000000,1889.000000,839.000000,0.726256,147.319677,123.958191,170.681163,46.722972,0.863636,1.078947,1.000000,1.157895,0.157895,0.948903,0.836776,0.814837,0.858714,0.043878,1.000000,1.000000,1.000000,1.000000,0.000000,0.857143,6.500000,6.000000,7.000000,1.000000,49.811899,1.313149,1.612903,0.504229,0.225247,0.316346,12.000000,37.253249,0.982076,23.843462,0.628565,9.672678,0.254993,64.336535,101.348292,104.931417,97.765166,7.166251,0.931705
left,27,183,179,0,-1,0.682559,1058.750000,859.000000,1258.500000,399.500000,0.842912,125.983168,115.244499,136.721836,21.477336,0.872216,1.096584,1.021739,1.171429,0.149689,0.960672,0.829397,0.812761,0.846033,0.033272,1.000000,1.000000,1.000000,1.000000,0.000000,0.833333,5.500000,5.000000,6.000000,1.000000,30.152300,0.930856,1.016393,0.766163,0.060213,1.012670,32.802439,27.411408,0.846239,15.060088,0.464932,4.082816,0.126044,88.601511,166.148579,166.333402,165.963757,0.369645,0.997778
left,28,183,177,0,-1,0.481502,1321.500000,859.000000,1784.000000,925.000000,0.708857,138.911215,115.244499,162.577931,47.333431,0.869467,1.094974,1.018519,1.171429,0.152910,0.958255,0.830464,0.812761,0.848167,0.035407,1.000000,1.000000,1.000000,1.000000,0.000000,0.714286,6.000000,5.000000,7.000000,2.000000,35.359123,0.988429,1.028986,0.631090,0.211502,0.676695,24.207437,30.291789,0.846776,16.879091,0.471838,7.748614,0.216605,59.519724,113.912310,124.879593,102.945027,21.934566,0.824354
left,29,182,180,0,-1,0.932491,1109.250000,1070.500000,1148.000000,77.500000,0.903695,132.797299,126.079282,139.515317,13.436035,0.882000,1.120238,1.050000,1.190476,0.140476,0.875788,0.793712,0.741153,0.846270,0.105117,1.000000,1.000000,1.000000,1.000000,0.000000,0.714286,6.000000,5.000000,7.000000,2.000000,32.693166,0.981767,1.407407,0.610407,0.163173,0.779039,25.942244,25.905698,0.777941,16.274594,0.488722,1.086123,0.032616,57.655803,103.867254,116.680103,91.054405,25.625698,0.780376
left,30,182,178,0,-1,0.854530,1064.500000,981.000000,1148.000000,167.000000,0.907692,133.076133,126.636949,139.515317,12.878368,0.919913,1.242297,1.190476,1.294118,0.103641,0.964162,0.754928,0.741153,0.768702,0.027549,1.000000,1.000000,1.000000,1.000000,0.000000,0.714286,6.000000,5.000000,7.000000,2.000000,45.094615,1.383205,1.128571,0.467121,0.212541,0.411527,13.416408,35.491261,1.088638,21.462550,0.658329,2.064591,0.063328,65.907571,114.425686,122.488234,106.363137,16.125098,0.868354
left,31,182,174,0,-1,0.683944,1413.250000,1148.000000,1678.500000,530.500000,0.913364,146.132057,139.515317,152.748796,13.233480,0.943396,1.226190,1.190476,1.261905,0.071429,0.819846,0.822584,0.741153,0.904015,0.162862,1.000000,1.000000,1.000000,1.000000,0.000000,1.000000,7.000000,7.000000,7.000000,0.000000,41.779780,1.116336,1.800000,0.555034,0.202194,0.524955,19.646883,32.006350,0.855194,20.556965,0.549272,8.198613,0.219063,60.255914,104.921951,111.023523,98.820380,12.203143,0.890085
left,32,181,180,0,-1,0.956658,1094.750000,1070.500000,1119.000000,48.500000,0.979400,127.405217,126.079282,128.731151,2.651869,0.998839,1.049390,1.048780,1.050000,0.001220,0.997324,0.847405,0.846270,0.848541,0.002270,1.000000,1.000000,1.000000,1.000000,0.000000,0.833333,5.500000,5.000000,6.000000,1.000000,38.258159,1.156360,1.723404,0.575836,0.261704,0.547402,18.110770,31.636331,0.956214,18.674120,0.564429,0.718137,0.021706,69.796638,127.540030,152.793006,102.287055,50.505951,0.669449
left,33,181,176,0,-1,0.938338,1084.500000,1050.000000,1119.000000,69.000000,0.962923,126.344671,123.958191,128.731151,4.772960,0.905765,1.103338,1.048780,1.157895,0.109114,0.988152,0.853627,0.848541,0.858714,0.010174,1.000000,1.000000,1.000000,1.000000,0.000000,1.000000,6.000000,6.000000,6.000000,0.000000,32.594239,0.989877,1.129032,0.651077,0.166897,0.730137,24.041631,26.208650,0.795948,16.294218,0.494850,1.088534,0.033058,72.422972,119.757006,120.068583,119.445429,0.623154,0.994810
left,34,181,175,0,-1,0.659593,1407.750000,1119.000000,1696.500000,577.500000,0.812645,143.570636,128.731151,158.410121,29.678970,0.791185,1.187181,1.048780,1.325581,0.276801,0.998791,0.849054,0.848541,0.849567,0.001027,0.998822,0.999411,0.998822,1.000000,0.001178,0.857143,6.500000,6.000000,7.000000,1.000000,38.483319,1.031171,1.242424,0.622106,0.195170,0.651957,24.331050,30.977584,0.830053,18.490130,0.495448,4.122587,0.110466,72.720059,114.550878,115.016893,114.084863,0.932030,0.991897
left,35,180,175,0,-1,0.631005,1383.500000,1070.500000,1696.500000,626.000000,0.795904,142.244701,126.079282,158.410121,32.330838,0.792105,1.187791,1.050000,1.325581,0.275581,0.996119,0.847919,0.846270,0.849567,0.003297,0.998822,0.999411,0.998822,1.000000,0.001178,0.714286,6.000000,5.000000,7.000000,2.000000,37.375620,1.011422,1.041667,0.646061,0.129021,0.710319,26.248809,30.686996,0.830421,17.844322,0.482885,5.640788,0.152645,65.042860,115.849232,138.576334,93.122130,45.454204,0.671992
left,36,180,174,0,-1,0.637772,1374.500000,1070.500000,1678.500000,608.000000,0.825403,139.414039,126.079282,152.748796,26.669514,0.832075,1.155952,1.050000,1.261905,0.211905,0.936124,0.875143,0.846270,0.904015,0.057745,1.000000,1.000000,1.000000,1.000000,0.000000,0.714286,6.000000,5.000000,7.000000,2.000000,39.850035,1.081588,1.101449,0.633675,0.170789,0.615340,22.671568,31.821400,0.863679,19.818365,0.537899,6.859977,0.186190,87.367688,120.020523,132.296374,107.744672,24.551703,0.814419
left,37,179,177,0,-1,0.705437,1521.250000,1258.500000,1784.000000,525.500000,0.840962,149.649883,136.721836,162.577931,25.856095,0.996848,1.020129,1.018519,1.021739,0.003221,0.997484,0.847100,0.846033,0.848167,0.002134,1.000000,1.000000,1.000000,1.000000,0.000000,0.857143,6.500000,6.000000,7.000000,1.000000,39.921966,1.027424,1.589286,0.629235,0.156122,0.679445,26.400758,30.785076,0.792278,19.210269,0.494392,3.033115,0.078060,79.866790,109.600885,128.480198,90.721571,37.758627,0.706113
left,38,179,176,0,-1,0.834327,1154.250000,1050.000000,1258.500000,208.500000,0.906645,130.340013,123.958191,136.721836,12.763645,0.882411,1.089817,1.021739,1.157895,0.136156,0.985232,0.852374,0.846033,0.858714,0.012681,1.000000,1.000000,1.000000,1.000000,0.000000,1.000000,6.000000,6.000000,6.000000,0.000000,34.661528,1.021273,1.339286,0.627656,0.181503,0.673177,22.847319,28.049112,0.826444,17.184731,0.506334,1.332223,0.039253,89.327260,121.085173,149.036243,93.134103,55.902140,0.624909
left,39,179,170,0,-1,0.634485,1028.500000,798.500000,1258.500000,460.000000,0.815307,124.096019,111.470203,136.721836,25.251633,0.970652,1.037185,1.021739,1.052632,0.030892,0.954509,0.826789,0.807546,0.846033,0.038487,1.000000,1.000000,1.000000,1.000000,0.000000,0.833333,5.500000,5.000000,6.000000,1.000000,33.735419,1.058647,1.280702,0.629839,0.181818,0.715594,22.803509,26.875825,0.843387,16.546805,0.519253,3.742605,0.117446,67.703835,129.686118,143.579913,115.792323,27.787590,0.806466
left,40,179,161,0,-1,0.671021,1567.000000,1258.500000,1875.500000,617.000000,0.815249,152.213680,136.721836,167.705523,30.983688,0.778468,1.167120,1.021739,1.312500,0.290761,0.990478,0.842005,0.837977,0.846033,0.008056,1.000000,1.000000,1.000000,1.000000,0.000000,0.857143,6.500000,6.000000,7.000000,1.000000,53.891852,1.368119,1.725806,0.477000,0.221921,0.216901,8.544004,39.681666,1.007374,26.918334,0.683359,8.411726,0.213543,89.503462,95.595654,96.340192,94.851116,1.489076,0.984544
left,41,178,174,0,-1,0.584450,1329.750000,981.000000,1678.500000,697.500000,0.829054,139.692873,126.636949,152.748796,26.111848,0.975108,1.278011,1.261905,1.294118,0.032213,0.850320,0.836358,0.768702,0.904015,0.135313,1.000000,1.000000,1.000000,1.000000,0.000000,0.714286,6.000000,5.000000,7.000000,2.000000,36.097339,0.998676,1.444444,0.649212,0.156984,0.726204,26.248809,29.958820,0.828846,18.030371,0.498832,6.149932,0.170145,78.882790,119.196249,138.691386,99.701112,38.990274,0.718870
left,42,178,172,0,-1,0.845566,905.250000,829.500000,981.000000,151.500000,0.909521,120.907964,115.178980,126.636949,11.457969,0.862745,1.397059,1.294118,1.500000,0.205882,0.978314,0.777222,0.768702,0.785742,0.017040,1.000000,1.000000,1.000000,1.000000,0.000000,1.000000,5.000000,5.000000,5.000000,0.000000,25.438384,0.846226,1.295455,0.755354,0.080365,1.135429,34.132096,23.515893,0.782273,12.543931,0.417283,1.847288,0.061451,54.249425,162.678245,177.844724,147.511766,30.332959,0.829441
left,43,178,168,0,-1,0.771226,1126.500000,981.000000,1272.000000,291.000000,0.893652,134.172101,126.636949,141.707253,15.070304,0.776471,1.480392,1.294118,1.666667,0.372549,0.965707,0.782351,0.768702,0.796000,0.027298,1.000000,1.000000,1.000000,1.000000,0.000000,0.714286,6.000000,5.000000,7.000000,2.000000,38.706245,1.155651,1.106061,0.507922,0.292943,0.481429,16.124515,31.588936,0.943150,18.043511,0.538725,1.878890,0.056098,60.463833,109.167411,128.262111,90.072710,38.189401,0.702255
left,44,177,173,0,-1,0.396300,1245.500000,707.000000,1784.000000,1077.000000,0.643560,133.603316,104.628701,162.577931,57.949230,0.861823,1.100168,1.018519,1.181818,0.163300,0.956855,0.829870,0.811573,0.848167,0.036594,1.000000,1.000000,1.000000,1.000000,0.000000,0.714286,6.000000,5.000000,7.000000,2.000000,33.207917,0.964969,1.044118,0.653916,0.133882,0.703430,24.207437,29.602111,0.860190,16.463021,0.478389,10.015886,0.291046,73.798893,124.056798,159.621032,88.492564,71.128468,0.554392
left,45,177,169,0,-1,0.278027,1140.000000,496.000000,1784.000000,1288.000000,0.555878,126.475703,90.373475,162.577931,72.204456,0.859375,1.101852,1.018519,1.185185,0.166667,0.899763,0.805658,0.763149,0.848167,0.085018,1.000000,1.000000,1.000000,1.000000,0.000000,0.571429,5.500000,4.000000,7.000000,3.000000,35.616021,1.104228,1.462963,0.597653,0.226316,0.527062,17.000000,32.201516,0.998365,16.791900,0.520611,12.821655,0.397518,56.568024,119.474537,137.223961,101.725112,35.498849,0.741307
left,46,177,161,0,-1,0.951213,1829.750000,1784.000000,1875.500000,91.500000,0.969425,165.141727,162.577931,167.705523,5.127593,0.776014,1.165509,1.018519,1.312500,0.293981,0.987986,0.843072,0.837977,0.848167,0.010190,1.000000,1.000000,1.000000,1.000000,0.000000,1.000000,7.000000,7.000000,7.000000,0.000000,50.561470,1.182110,1.413333,0.571623,0.170515,0.545303,23.323808,35.758685,0.836026,25.215154,0.589522,1.092156,0.025534,80.408908,118.495946,135.179610,101.812282,33.367328,0.753163
left,47,176,175,0,-1,0.618921,1373.250000,1050.000000,1696.500000,646.500000,0.782514,141.184156,123.958191,158.410121,34.451930,0.873500,1.241738,1.157895,1.325581,0.167687,0.989348,0.854141,0.849567,0.858714,0.009147,0.998822,0.999411,0.998822,1.000000,0.001178,0.857143,6.500000,6.000000,7.000000,1.000000,41.855632,1.137500,1.553571,0.622050,0.141999,0.636192,23.409400,30.883629,0.839317,20.896106,0.567888,9.300605,0.252760,88.147758,123.118700,125.537678,120.699723,4.837955,0.961462
left,48,176,170,0,-1,0.760476,924.250000,798.500000,1050.000000,251.500000,0.899256,117.714197,111.470203,123.958191,12.487988,0.909091,1.105263,1.052632,1.157895,0.105263,0.940413,0.833130,0.807546,0.858714,0.051168,1.000000,1.000000,1.000000,1.000000,0.000000,0.833333,5.500000,5.000000,6.000000,1.000000,27.594455,0.909786,1.089286,0.763116,0.093860,1.004905,30.479501,23.797721,0.784608,13.673023,0.450798,3.043445,0.100342,59.992393,154.531145,157.988717,151.073574,6.915143,0.956230
left,49,176,163,0,-1,0.904003,1105.750000,1050.000000,1161.500000,111.500000,0.910509,130.049892,123.958191,136.141593,12.183402,0.885449,1.232794,1.157895,1.307692,0.149798,0.917062,0.823104,0.787494,0.858714,0.071220,1.000000,1.000000,1.000000,1.000000,0.000000,1.000000,6.000000,6.000000,6.000000,0.000000,43.134381,1.297577,2.045455,0.491695,0.240787,0.336329,11.180340,33.540251,1.008965,20.584542,0.619228,0.152812,0.004597,69.161698,100.159684,102.752120,97.567247,5.184872,0.949540
left,50,175,174,0,-1,0.989390,1687.500000,1678.500000,1696.500000,18.000000,0.964262,155.579459,152.748796,158.410121,5.661324,0.951963,1.293743,1.261905,1.325581,0.063677,0.939771,0.876791,0.849567,0.904015,0.054447,0.998822,0.999411,0.998822,1.000000,0.001178,1.000000,7.000000,7.000000,7.000000,0.000000,48.465092,1.179801,1.867925,0.560166,0.205037,0.438180,18.000000,37.418967,0.910902,24.223894,0.589690,3.658321,0.089056,89.896539,105.388426,113.678994,97.097858,16.581136,0.854141
left,51,175,164,0,-1,0.762157,1494.750000,1293.000000,1696.500000,403.500000,0.872515,148.312634,138.215148,158.410121,20.194973,0.771531,1.174154,1.022727,1.325581,0.302854,0.998851,0.850056,0.849567,0.850545,0.000977,0.998822,0.999411,0.998822,1.000000,0.001178,0.857143,6.500000,6.000000,7.000000,1.000000,37.431414,0.970393,1.014286,0.736071,0.113230,0.916572,35.355339,30.646348,0.794493,18.600265,0.482204,2.920286,0.075707,77.078123,149.558073,154.953799,144.162347,10.791452,0.930357
left,52,175,163,0,-1,0.684645,1429.000000,1161.500000,1696.500000,535.000000,0.859425,147.275857,136.141593,158.410121,22.268528,0.986505,1.316637,1.307692,1.325581,0.017889,0.926936,0.818531,0.787494,0.849567,0.062073,0.998822,0.999411,0.998822,1.000000,0.001178,0.857143,6.500000,6.000000,7.000000,1.000000,46.615118,1.238621,1.064935,0.526150,0.245451,0.442233,16.643317,34.356169,0.912886,22.633070,0.601389,3.042986,0.080856,77.743649,107.329750,136.548158,78.111342,58.436816,0.572042
left,53,175,160,0,-1,0.719128,1458.250000,1220.000000,1696.500000,476.500000,0.888452,149.574986,140.739851,158.410121,17.670270,0.804678,1.196124,1.066667,1.325581,0.258915,0.911040,0.811779,0.773990,0.849567,0.075577,0.998822,0.999411,0.998822,1.000000,0.001178,0.857143,6.500000,6.000000,7.000000,1.000000,44.215644,1.161780,1.406780,0.501605,0.319047,0.378948,14.422205,35.968024,0.945071,20.992543,0.551586,4.134306,0.108630,64.219615,94.204940,100.933817,87.476064,13.457753,0.866668
left,54,174,172,0,-1,0.494191,1254.000000,829.500000,1678.500000,849.000000,0.754042,133.963888,115.178980,152.748796,37.569817,0.841270,1.380952,1.261905,1.500000,0.238095,0.869169,0.844878,0.785742,0.904015,0.118273,1.000000,1.000000,1.000000,1.000000,0.000000,0.714286,6.000000,5.000000,7.000000,2.000000,40.120342,1.150065,1.357143,0.602914,0.212520,0.563186,19.646883,33.157476,0.950472,19.832946,0.568519,8.186079,0.234657,72.018494,131.037147,149.287172,112.787123,36.500050,0.755504
left,55,174,164,0,-1,0.770331,1485.750000,1293.000000,1678.500000,385.500000,0.904853,145.481972,138.215148,152.748796,14.533648,0.810463,1.142316,1.022727,1.261905,0.239177,0.940852,0.877280,0.850545,0.904015,0.053470,1.000000,1.000000,1.000000,1.000000,0.000000,0.857143,6.500000,6.000000,7.000000,1.000000,41.754300,1.085545,1.095890,0.614259,0.185092,0.577258,22.203603,32.208531,0.837370,20.255614,0.526614,3.690331,0.095943,60.400522,112.816763,118.739795,106.893730,11.846065,0.900235
left,56,174,159,0,-1,0.829610,1535.500000,1392.500000,1678.500000,286.000000,0.945150,148.559685,144.370573,152.748796,8.378223,0.792453,1.130952,1.000000,1.261905,0.261905,0.928693,0.871784,0.839552,0.904015,0.064463,1.000000,1.000000,1.000000,1.000000,0.000000,0.857143,6.500000,6.000000,7.000000,1.000000,43.319749,1.106709,1.709091,0.625153,0.137903,0.621596,24.331050,33.797061,0.863429,21.560814,0.550824,4.588102,0.117214,86.729449,116.618941,136.730939,96.506943,40.223996,0.705816
left,57,173,169,0,-1,0.701556,601.500000,496.000000,707.000000,211.000000,0.863754,97.501088,90.373475,104.628701,14.255226,0.997159,1.183502,1.181818,1.185185,0.003367,0.940334,0.787361,0.763149,0.811573,0.048424,1.000000,1.000000,1.000000,1.000000,0.000000,0.800000,4.500000,4.000000,5.000000,1.000000,22.404383,0.917075,1.021277,0.756775,0.032003,1.098343,26.832816,19.966696,0.817293,11.138000,0.455910,3.560608,0.145746,83.550145,174.268480,178.754636,169.782324,8.972312,0.949807
left,58,173,154,0,-1,0.464063,1115.250000,707.000000,1523.500000,816.500000,0.683952,128.802679,104.628701,152.976658,48.347957,0.932496,1.141929,1.102041,1.181818,0.079777,0.992032,0.814832,0.811573,0.818092,0.006519,1.000000,1.000000,1.000000,1.000000,0.000000,0.833333,5.500000,5.000000,6.000000,1.000000,44.278331,1.349507,1.730769,0.484528,0.282672,0.260403,8.544004,33.548981,1.022500,20.593328,0.627640,7.946878,0.242203,46.070613,105.266438,125.296518,85.236358,40.060160,0.680277
left,59,172,168,0,-1,0.652123,1050.750000,829.500000,1272.000000,442.500000,0.812795,128.443116,115.178980,141.707253,26.528273,0.900000,1.583333,1.500000,1.666667,0.166667,0.987113,0.790871,0.785742,0.796000,0.010258,1.000000,1.000000,1.000000,1.000000,0.000000,0.714286,6.000000,5.000000,7.000000,2.000000,32.646759,1.012834,1.272727,0.594782,0.178920,0.716245,23.086793,26.264228,0.814822,15.620215,0.484602,1.381227,0.042851,67.855280,116.396579,140.710593,92.082565,48.628028,0.654411
left,60,172,159,0,-1,0.595691,1111.000000,829.500000,1392.500000,563.000000,0.797801,129.774776,115.178980,144.370573,29.191593,0.666667,1.250000,1.000000,1.500000,0.500000,0.935906,0.812647,0.785742,0.839552,0.053811,1.000000,1.000000,1.000000,1.000000,0.000000,0.833333,5.500000,5.000000,6.000000,1.000000,36.482196,1.103560,1.031250,0.572099,0.260576,0.584211,19.313208,30.592859,0.925412,16.736024,0.506253,8.096855,0.244924,71.346139,111.545986,114.205885,108.886087,5.319798,0.953419
left,61,172,156,0,-1,0.510462,1227.250000,829.500000,1625.000000,795.500000,0.755931,133.773030,115.178980,152.367081,37.188101,0.680851,1.260638,1.021277,1.500000,0.478723,0.893303,0.832667,0.785742,0.879591,0.093850,1.000000,1.000000,1.000000,1.000000,0.000000,0.714286,6.000000,5.000000,7.000000,2.000000,37.783124,1.093383,1.423077,0.585374,0.213078,0.549830,19.000000,31.764080,0.919202,18.379331,0.531868,11.497589,0.332722,69.659169,108.342042,124.319666,92.364418,31.955248,0.742959
left,62,171,168,0,-1,0.490566,948.000000,624.000000,1272.000000,648.000000,0.742493,123.461972,105.216691,141.707253,36.490561,0.876923,1.564103,1.461538,1.666667,0.205128,0.889841,0.752156,0.708313,0.796000,0.087687,1.000000,1.000000,1.000000,1.000000,0.000000,0.571429,5.500000,4.000000,7.000000,3.000000,22.643728,0.746762,1.078431,0.831668,0.038766,1.280663,38.832976,21.701700,0.715695,11.274326,0.371813,5.940797,0.195920,14.294922,167.697438,180.000000,155.394876,24.605124,0.863305
left,63,171,165,0,-1,0.513580,919.500000,624.000000,1215.000000,591.000000,0.753792,122.399925,105.216691,139.583158,34.366467,0.851091,1.352720,1.243902,1.461538,0.217636,0.903868,0.745980,0.708313,0.783646,0.075333,1.000000,1.000000,1.000000,1.000000,0.000000,0.800000,4.500000,4.000000,5.000000,1.000000,26.877315,0.898353,1.087719,0.591108,0.222675,0.786713,23.537205,25.014535,0.836091,13.366127,0.446752,6.838313,0.228565,55.272900,114.152193,128.784364,99.520022,29.264342,0.772765
left,64,171,158,0,-1,0.414343,1065.000000,624.000000,1506.000000,882.000000,0.701830,127.567152,105.216691,149.917612,44.700920,0.798246,1.314103,1.166667,1.461538,0.294872,0.841193,0.775173,0.708313,0.842034,0.133721,0.981747,0.990874,0.981747,1.000000,0.018253,0.500000,6.000000,4.000000,8.000000,4.000000,36.920216,1.157606,1.571429,0.591592,0.238967,0.665124,21.213203,31.927785,1.001072,17.903387,0.561347,10.361593,0.324880,83.939090,142.354493,150.085102,134.623884,15.461218,0.896984
left,65,170,163,0,-1,0.687473,980.000000,798.500000,1161.500000,363.000000,0.818781,123.805898,111.470203,136.141593,24.671390,0.804954,1.180162,1.052632,1.307692,0.255061,0.975170,0.797520,0.787494,0.807546,0.020052,1.000000,1.000000,1.000000,1.000000,0.000000,0.833333,5.500000,5.000000,6.000000,1.000000,32.062399,1.028654,1.112903,0.602017,0.143622,0.727369,22.671568,25.564891,0.820196,16.019628,0.513956,2.835034,0.090956,80.548326,123.943613,143.443191,104.444036,38.999155,0.728121
left,66,170,161,0,-1,0.425753,1337.000000,798.500000,1875.500000,1077.000000,0.664678,139.587863,111.470203,167.705523,56.235321,0.802005,1.182566,1.052632,1.312500,0.259868,0.963685,0.822762,0.807546,0.837977,0.030431,1.000000,1.000000,1.000000,1.000000,0.000000,0.714286,6.000000,5.000000,7.000000,2.000000,38.148989,1.066139,1.013699,0.627174,0.135004,0.666633,23.853721,31.066200,0.868198,19.073467,0.533041,14.201392,0.396882,73.461509,106.814541,121.568971,92.060111,29.508860,0.757267
left,67,170,155,0,-1,0.522237,1163.750000,798.500000,1529.000000,730.500000,0.729691,132.116934,111.470203,152.763665,41.293462,0.918660,1.099232,1.052632,1.145833,0.093202,0.980822,0.815441,0.807546,0.823336,0.015790,1.000000,1.000000,1.000000,1.000000,0.000000,0.833333,5.500000,5.000000,6.000000,1.000000,45.114003,1.339486,1.745098,0.503953,0.360687,0.346255,11.661904,36.756219,1.091334,21.036272,0.624591,12.451239,0.369691,61.743591,115.024582,116.096900,113.952265,2.144635,0.981527
left,68,169,161,0,-1,0.264463,1185.750000,496.000000,1875.500000,1379.500000,0.538882,129.039499,90.373475,167.705523,77.332048,0.902998,1.248843,1.185185,1.312500,0.127315,0.910704,0.800563,0.763149,0.837977,0.074828,1.000000,1.000000,1.000000,1.000000,0.000000,0.571429,5.500000,4.000000,7.000000,3.000000,29.456928,0.898377,1.079365,0.688298,0.162766,0.762450,25.000000,28.097714,0.856924,14.704587,0.448460,13.561892,0.413610,19.762569,127.848633,134.733510,120.963757,13.769753,0.897800
left,69,169,154,0,-1,0.325566,1009.750000,496.000000,1523.500000,1027.500000,0.590766,121.675066,90.373475,152.976658,62.603183,0.929847,1.143613,1.102041,1.185185,0.083144,0.932841,0.790621,0.763149,0.818092,0.054942,1.000000,1.000000,1.000000,1.000000,0.000000,0.666667,5.000000,4.000000,6.000000,2.000000,31.805157,1.037636,1.530612,0.632743,0.166873,0.702759,21.540659,26.994090,0.880676,15.770805,0.514519,11.403153,0.372025,68.748951,118.408350,140.807695,96.009006,44.798689,0.681845
left,70,168,158,0,-1,0.844622,1389.000000,1272.000000,1506.000000,234.000000,0.945234,145.812432,141.707253,149.917612,8.210359,0.700000,1.416667,1.166667,1.666667,0.500000,0.945330,0.819017,0.796000,0.842034,0.046034,0.981747,0.990874,0.981747,1.000000,0.018253,0.875000,7.500000,7.000000,8.000000,1.000000,43.532546,1.169093,1.416667,0.523076,0.198344,0.446966,16.643317,35.123672,0.943268,21.662224,0.581752,1.783002,0.047884,82.486303,104.008404,138.035569,69.981240,68.054330,0.506980
left,71,168,156,0,-1,0.782769,1448.500000,1272.000000,1625.000000,353.000000,0.930039,147.037167,141.707253,152.367081,10.659828,0.612766,1.343972,1.021277,1.666667,0.645390,0.904965,0.837795,0.796000,0.879591,0.083592,1.000000,1.000000,1.000000,1.000000,0.000000,1.000000,7.000000,7.000000,7.000000,0.000000,49.298497,1.297732,1.446154,0.515872,0.194512,0.374134,14.212670,35.540000,0.935554,24.180880,0.636537,2.181051,0.057414,68.861140,104.479402,113.989064,94.969741,19.019323,0.833148
left,72,167,166,0,-1,0.587605,851.750000,630.500000,1073.000000,442.500000,0.820669,116.042218,104.612406,127.472030,22.859624,0.940541,1.171016,1.135135,1.206897,0.071761,0.872467,0.776898,0.723983,0.829812,0.105829,1.000000,1.000000,1.000000,1.000000,0.000000,0.833333,5.500000,5.000000,6.000000,1.000000,23.388507,0.808362,1.261905,0.843745,0.019372,1.258088,36.400549,19.463641,0.672709,11.680421,0.403703,4.970837,0.171804,78.861158,170.469748,177.510447,163.429049,14.081398,0.920673
left,73,167,157,0,-1,0.527836,912.500000,630.500000,1194.500000,564.000000,0.772088,120.052615,104.612406,135.492824,30.880418,0.917241,1.261343,1.206897,1.315789,0.108893,0.885452,0.770813,0.723983,0.817642,0.093659,1.000000,1.000000,1.000000,1.000000,0.000000,0.625000,6.500000,5.000000,8.000000,3.000000,37.201410,1.246878,1.259259,0.483702,0.345753,0.374731,11.180340,30.967864,1.037948,18.489497,0.619712,6.786252,0.227454,88.841580,101.951025,105.771948,98.130102,7.641846,0.927752
left,74,166,157,0,-1,0.898284,1133.750000,1073.000000,1194.500000,121.500000,0.940803,131.482427,127.472030,135.492824,8.020794,0.862703,1.225462,1.135135,1.315789,0.180654,0.985334,0.823727,0.817642,0.829812,0.012170,1.000000,1.000000,1.000000,1.000000,0.000000,0.750000,7.000000,6.000000,8.000000,2.000000,44.667554,1.327057,1.114286,0.485050,0.270121,0.305879,10.295630,33.884186,1.006687,21.126623,0.627664,0.371737,0.011044,68.203145,93.428492,102.497533,84.359451,18.138082,0.823039
left,75,166,149,0,-1,0.855662,1163.500000,1073.000000,1254.000000,181.000000,0.900295,134.530620,127.472030,141.589209,14.117179,0.801272,1.275901,1.135135,1.416667,0.281532,0.947256,0.807928,0.786044,0.829812,0.043768,1.000000,1.000000,1.000000,1.000000,0.000000,1.000000,6.000000,6.000000,6.000000,0.000000,39.887241,1.170254,2.243902,0.587932,0.137731,0.675436,23.021729,30.690841,0.900440,19.933408,0.584827,3.523113,0.103365,79.561350,125.713191,142.379757,109.046624,33.333133,0.765886
left,76,165,162,0,-1,0.873786,1302.750000,1215.000000,1390.500000,175.500000,0.893644,147.889286,139.583158,156.195415,16.612257,0.802518,1.396951,1.243902,1.550000,0.306098,0.913954,0.749931,0.716216,0.783646,0.067430,1.000000,1.000000,1.000000,1.000000,0.000000,1.000000,5.000000,5.000000,5.000000,0.000000,31.913039,0.884676,1.061538,0.741207,0.039724,1.186531,42.801869,30.977457,0.858740,15.956132,0.442327,1.513665,0.041961,79.422733,170.652931,171.085073,170.220788,0.864285,0.994948
left,77,165,158,0,-1,0.806773,1360.500000,1215.000000,1506.000000,291.000000,0.931066,144.750385,139.583158,149.917612,10.334453,0.937908,1.205285,1.166667,1.243902,0.077236,0.930659,0.812840,0.783646,0.842034,0.058387,0.981747,0.990874,0.981747,1.000000,0.018253,0.625000,6.500000,5.000000,8.000000,3.000000,40.799827,1.107727,1.070423,0.577507,0.230798,0.626813,23.086793,29.646435,0.804909,18.288433,0.496536,1.895305,0.051458,51.277561,105.617591,110.394876,100.840305,9.554571,0.913451
left,78,164,160,0,-1,0.943542,1256.500000,1220.000000,1293.000000,73.000000,0.982061,139.477499,138.215148,140.739851,2.524703,0.958807,1.044697,1.022727,1.066667,0.043939,0.909994,0.812267,0.773990,0.850545,0.076554,1.000000,1.000000,1.000000,1.000000,0.000000,1.000000,6.000000,6.000000,6.000000,0.000000,33.222634,0.937343,1.263158,0.693177,0.125746,0.924197,32.756679,26.831429,0.757022,16.410024,0.462992,1.526967,0.043082,83.261373,128.484421,139.398705,117.570137,21.828568,0.843409
left,79,164,159,0,-1,0.928546,1342.750000,1293.000000,1392.500000,99.500000,0.957364,141.292861,138.215148,144.370573,6.155425,0.977778,1.011364,1.000000,1.022727,0.022727,0.987076,0.845048,0.839552,0.850545,0.010992,1.000000,1.000000,1.000000,1.000000,0.000000,1.000000,6.000000,6.000000,6.000000,0.000000,39.366998,1.074507,1.457627,0.604909,0.162353,0.633094,23.194827,28.769036,0.785240,19.528705,0.533028,1.984453,0.054165,81.453172,119.761163,123.146996,116.375331,6.771665,0.945012
left,80,164,153,0,-1,0.394045,901.250000,509.500000,1293.000000,783.500000,0.697993,117.344149,96.473150,138.215148,41.741998,0.905844,1.075880,1.022727,1.129032,0.106305,0.808805,0.769235,0.687925,0.850545,0.162620,1.000000,1.000000,1.000000,1.000000,0.000000,0.666667,5.000000,4.000000,6.000000,2.000000,38.165069,1.304111,1.245902,0.507426,0.251872,0.399953,11.704700,29.896087,1.021557,18.597667,0.635487,10.857081,0.370989,71.597596,119.089142,119.438490,118.739795,0.698694,0.994150
left,81,164,150,0,-1,0.975481,1309.250000,1293.000000,1325.500000,32.500000,0.990978,137.591641,136.968134,138.215148,1.247014,0.977778,1.011364,1.000000,1.022727,0.022727,0.957958,0.869208,0.850545,0.887872,0.037328,1.000000,1.000000,1.000000,1.000000,0.000000,0.857143,6.500000,6.000000,7.000000,1.000000,43.114005,1.191559,1.893617,0.529937,0.238304,0.359286,13.000000,32.481747,0.897711,21.554489,0.595710,0.982496,0.027154,80.766705,90.290437,99.337563,81.243311,18.094252,0.817851
left,82,163,160,0,-1,0.952049,1190.750000,1161.500000,1220.000000,58.500000,0.967328,138.440722,136.141593,140.739851,4.598258,0.815686,1.187179,1.066667,1.307692,0.241026,0.982852,0.780742,0.773990,0.787494,0.013504,1.000000,1.000000,1.000000,1.000000,0.000000,1.000000,6.000000,6.000000,6.000000,0.000000,28.725820,0.832520,1.192982,0.822760,0.027294,1.248566,43.081318,22.836696,0.661844,14.327181,0.415225,1.955591,0.056676,59.828406,165.818792,179.045159,152.592425,26.452734,0.852257
left,83,163,155,0,-1,0.759647,1345.250000,1161.500000,1529.000000,367.500000,0.891191,144.452629,136.141593,152.763665,16.622072,0.876225,1.226763,1.145833,1.307692,0.161859,0.956467,0.805415,0.787494,0.823336,0.035842,1.000000,1.000000,1.000000,1.000000,0.000000,1.000000,6.000000,6.000000,6.000000,0.000000,37.442421,1.023252,1.056338,0.661156,0.077309,0.857702,31.384710,27.985524,0.764807,18.128248,0.495421,3.737298,0.102135,57.337232,119.712282,138.964655,100.459909,38.504746,0.722917
left,84,163,147,0,-1,0.805424,1048.500000,935.500000,1161.500000,226.000000,0.883626,128.219907,120.298220,136.141593,15.843373,0.892157,1.237179,1.166667,1.307692,0.141026,0.969420,0.799915,0.787494,0.812335,0.024841,1.000000,1.000000,1.000000,1.000000,0.000000,1.000000,6.000000,6.000000,6.000000,0.000000,43.206361,1.336278,2.333333,0.480931,0.265141,0.345783,11.180340,35.058021,1.084268,21.313282,0.659173,6.006467,0.185767,79.821730,102.081038,118.860757,85.301319,33.559438,0.717658
left,85,162,158,0,-1,0.923307,1448.250000,1390.500000,1506.000000,115.500000,0.959808,153.056513,149.917612,156.195415,6.277803,0.752688,1.358333,1.166667,1.550000,0.383333,0.850579,0.779125,0.716216,0.842034,0.125817,0.981747,0.990874,0.981747,1.000000,0.018253,0.625000,6.500000,5.000000,8.000000,3.000000,49.034272,1.288737,2.260870,0.481975,0.195408,0.411384,15.652476,36.713785,0.964925,23.412738,0.615342,4.445348,0.116834,64.296158,112.541079,154.837390,70.244768,84.592623,0.453668
left,86,162,157,0,-1,0.859044,1292.500000,1194.500000,1390.500000,196.000000,0.867457,145.844119,135.492824,156.195415,20.702591,0.848896,1.432895,1.315789,1.550000,0.234211,0.875953,0.766929,0.716216,0.817642,0.101426,1.000000,1.000000,1.000000,1.000000,0.000000,0.625000,6.500000,5.000000,8.000000,3.000000,53.606692,1.492164,2.018868,0.421697,0.413733,0.196826,7.071068,38.003716,1.057849,25.060271,0.697563,5.756287,0.160229,46.735564,106.934139,108.174120,105.694158,2.479962,0.977074
left,87,162,152,0,-1,0.997847,1392.000000,1390.500000,1393.500000,3.000000,0.964902,159.036158,156.195415,161.876900,5.681486,0.882308,1.653378,1.550000,1.756757,0.206757,0.933045,0.692239,0.668262,0.716216,0.047954,1.000000,1.000000,1.000000,1.000000,0.000000,1.000000,5.000000,5.000000,5.000000,0.000000,26.039063,0.697920,1.092308,0.740526,0.046157,1.349755,50.358713,19.430588,0.520795,12.911751,0.346071,0.551693,0.014787,0.211019,102.711719,109.983107,95.440332,14.542774,0.867773
left,88,161,155,0,-1,0.815249,1702.250000,1529.000000,1875.500000,346.500000,0.910904,160.234594,152.763665,167.705523,14.941859,0.873016,1.229167,1.145833,1.312500,0.166667,0.982528,0.830657,0.823336,0.837977,0.014641,1.000000,1.000000,1.000000,1.000000,0.000000,0.857143,6.500000,6.000000,7.000000,1.000000,34.348184,0.833598,1.114286,0.844673,0.039947,1.157815,47.707442,27.289414,0.662288,16.906614,0.410308,2.478030,0.060139,52.188206,147.091026,153.987624,140.194429,13.793195,0.910427
left,89,161,154,0,-1,0.812317,1699.500000,1523.500000,1875.500000,352.000000,0.912174,160.341091,152.976658,167.705523,14.728866,0.839650,1.207270,1.102041,1.312500,0.210459,0.976270,0.828034,0.818092,0.837977,0.019885,1.000000,1.000000,1.000000,1.000000,0.000000,0.857143,6.500000,6.000000,7.000000,1.000000,41.383833,1.005205,1.088608,0.611829,0.163283,0.685730,28.231188,32.892770,0.798959,20.515092,0.498308,4.289786,0.104198,67.052776,107.950472,131.442148,84.458795,46.983353,0.642555
left,90,161,146,0,-1,0.604106,1504.250000,1133.000000,1875.500000,742.500000,0.781549,149.387814,131.070106,167.705523,36.635418,0.906049,1.250845,1.189189,1.312500,0.123311,0.989009,0.833372,0.828767,0.837977,0.009210,1.000000,1.000000,1.000000,1.000000,0.000000,0.857143,6.500000,6.000000,7.000000,1.000000,51.141854,1.328928,1.800000,0.493843,0.293502,0.287015,11.045361,40.894762,1.062656,25.563318,0.664266,13.355580,0.347046,85.430669,106.203727,110.431323,101.976132,8.455190,0.923435
left,91,160,151,0,-1,0.493852,911.250000,602.500000,1220.000000,617.500000,0.728087,121.605326,102.470801,140.739851,38.269050,0.878431,1.140476,1.066667,1.214286,0.147619,0.931604,0.747521,0.721052,0.773990,0.052938,1.000000,1.000000,1.000000,1.000000,0.000000,0.666667,5.000000,4.000000,6.000000,2.000000,32.543115,1.094358,1.733333,0.537950,0.211797,0.620068,18.439089,28.080610,0.944293,16.078362,0.540682,7.159270,0.240751,78.591892,108.548882,121.628668,95.469095,26.159573,0.784923
left,92,160,150,0,-1,0.920407,1272.750000,1220.000000,1325.500000,105.500000,0.973201,138.853993,136.968134,140.739851,3.771716,0.937500,1.033333,1.000000,1.066667,0.066667,0.871736,0.830931,0.773990,0.887872,0.113882,1.000000,1.000000,1.000000,1.000000,0.000000,0.857143,6.500000,6.000000,7.000000,1.000000,42.820198,1.200523,1.066667,0.551522,0.178550,0.516965,18.439089,32.192127,0.902550,21.357709,0.598793,1.066450,0.029899,86.746287,116.382583,121.263732,111.501434,9.762297,0.919495
left,93,160,147,0,-1,0.766803,1077.750000,935.500000,1220.000000,284.500000,0.854756,130.519035,120.298220,140.739851,20.441630,0.914286,1.116667,1.066667,1.166667,0.100000,0.952797,0.793163,0.773990,0.812335,0.038345,1.000000,1.000000,1.000000,1.000000,0.000000,1.000000,6.000000,6.000000,6.000000,0.000000,39.717828,1.212491,1.205882,0.495380,0.293899,0.415221,13.601471,31.073188,0.948590,18.575053,0.567052,2.210959,0.067495,82.663508,105.605541,122.106256,89.104826,33.001430,0.729732
left,94,159,156,0,-1,0.856923,1508.750000,1392.500000,1625.000000,232.500000,0.947518,148.368827,144.370573,152.367081,7.996508,0.979167,1.010638,1.000000,1.021277,0.021277,0.954480,0.859572,0.839552,0.879591,0.040039,1.000000,1.000000,1.000000,1.000000,0.000000,0.857143,6.500000,6.000000,7.000000,1.000000,36.057333,0.928983,1.436364,0.809635,0.033471,1.034741,40.162171,28.599489,0.736839,18.023127,0.464349,1.762920,0.045420,87.523410,161.160097,163.570699,158.749494,4.821204,0.970525
left,95,159,153,0,-1,0.365889,951.000000,509.500000,1392.500000,883.000000,0.668233,120.421862,96.473150,144.370573,47.897423,0.885714,1.064516,1.000000,1.129032,0.129032,0.819395,0.763739,0.687925,0.839552,0.151627,1.000000,1.000000,1.000000,1.000000,0.000000,0.666667,5.000000,4.000000,6.000000,2.000000,28.092370,0.938159,1.107143,0.656243,0.137487,0.834887,25.000000,25.413659,0.848702,14.042771,0.468965,11.117613,0.371278,69.862792,114.185146,117.414514,110.955777,6.458738,0.944992
left,96,159,145,0,-1,0.942549,1352.500000,1312.500000,1392.500000,80.000000,0.962117,141.635969,138.901364,144.370573,5.469209,0.833333,1.100000,1.000000,1.200000,0.200000,0.982091,0.847207,0.839552,0.854862,0.015310,1.000000,1.000000,1.000000,1.000000,0.000000,0.750000,7.000000,6.000000,8.000000,2.000000,43.881770,1.193337,1.673469,0.508562,0.298521,0.336376,12.369317,33.751297,0.917845,20.565490,0.559265,1.879733,0.051118,62.432099,96.728667,101.579458,91.877877,9.701580,0.904493
left,97,158,156,0,-1,0.926769,1565.500000,1506.000000,1625.000000,119.000000,0.983924,151.142346,149.917612,152.367081,2.449469,0.875380,1.093972,1.021277,1.166667,0.145390,0.957301,0.860813,0.842034,0.879591,0.037558,0.981747,0.990874,0.981747,1.000000,0.018253,0.875000,7.500000,7.000000,8.000000,1.000000,42.059093,1.063192,1.803922,0.631175,0.129511,0.664974,26.305893,29.867057,0.754995,20.999343,0.530833,0.588677,0.014881,87.061831,119.779389,131.583412,107.975367,23.608045,0.820585
left,98,158,152,0,-1,0.925299,1449.750000,1393.500000,1506.000000,112.500000,0.926121,155.897256,149.917612,161.876900,11.959289,0.664103,1.461712,1.166667,1.756757,0.590090,0.793629,0.755148,0.668262,0.842034,0.173771,0.981747,0.990874,0.981747,1.000000,0.018253,0.625000,6.500000,5.000000,8.000000,3.000000,53.824797,1.413896,1.582090,0.424635,0.475427,0.247816,9.433981,38.710084,1.016856,25.164299,0.661028,3.195324,0.083936,51.290246,111.898888,114.075498,109.722278,4.353220,0.961839
left,99,158,143,0,-1,0.490040,1122.000000,738.000000,1506.000000,768.000000,0.774396,133.006583,116.095555,149.917612,33.822057,0.648148,1.483333,1.166667,1.800000,0.633333,0.817157,0.765054,0.688074,0.842034,0.153960,0.981747,0.990874,0.981747,1.000000,0.018253,0.625000,6.500000,5.000000,8.000000,3.000000,38.643682,1.171493,1.482143,0.502492,0.323975,0.441397,14.560220,32.080808,0.972538,19.125086,0.579782,7.323877,0.222025,85.710789,105.306644,113.725030,96.888258,16.836772,0.851952
left,100,158,141,0,-1,0.908367,1437.000000,1368.000000,1506.000000,138.000000,0.951511,146.282966,142.648320,149.917612,7.269291,0.967033,1.147436,1.128205,1.166667,0.038462,0.996706,0.843425,0.842034,0.844817,0.002783,0.981747,0.990874,0.981747,1.000000,0.018253,0.750000,7.000000,6.000000,8.000000,2.000000,42.167405,1.112689,1.574074,0.594270,0.154315,0.607484,23.021729,30.880718,0.814862,20.657922,0.545109,0.667466,0.017613,72.329536,98.493511,101.546691,95.440332,6.106359,0.939866
left,101,157,152,0,-1,0.857194,1294.000000,1194.500000,1393.500000,199.000000,0.837011,148.684862,135.492824,161.876900,26.384076,0.748988,1.536273,1.315789,1.756757,0.440967,0.817304,0.742952,0.668262,0.817642,0.149380,1.000000,1.000000,1.000000,1.000000,0.000000,0.625000,6.500000,5.000000,8.000000,3.000000,55.041610,1.531249,1.928571,0.465692,0.200734,0.460500,16.552945,38.560545,1.072748,27.208627,0.756940,6.163816,0.171476,81.972953,122.890285,141.842773,103.937797,37.904976,0.732768
left,102,157,149,0,-1,0.952552,1224.250000,1194.500000,1254.000000,59.500000,0.956943,138.541017,135.492824,141.589209,6.096385,0.928793,1.366228,1.315789,1.416667,0.100877,0.961355,0.801843,0.786044,0.817642,0.031598,1.000000,1.000000,1.000000,1.000000,0.000000,0.750000,7.000000,6.000000,8.000000,2.000000,37.615899,1.075149,1.366667,0.522978,0.259751,0.493407,17.262677,32.160816,0.919230,18.637001,0.532688,3.392475,0.096965,88.627152,109.888838,148.455843,71.321832,77.134011,0.480425
left,103,157,148,0,-1,0.704897,1018.250000,842.000000,1194.500000,352.500000,0.856880,125.796952,116.101080,135.492824,19.391744,0.827059,1.202012,1.088235,1.315789,0.227554,0.960033,0.801303,0.784963,0.817642,0.032679,1.000000,1.000000,1.000000,1.000000,0.000000,0.625000,6.500000,5.000000,8.000000,3.000000,25.658884,0.807152,1.220000,0.841467,0.025043,1.214258,38.600518,21.077340,0.663031,12.778982,0.401989,3.025768,0.095182,56.534186,166.839084,172.113117,161.565051,10.548065,0.938714
left,104,157,140,0,-1,0.795538,1348.000000,1194.500000,1501.500000,307.000000,0.835912,148.791335,135.492824,162.089847,26.597023,0.970213,1.296193,1.276596,1.315789,0.039194,0.878335,0.767903,0.718164,0.817642,0.099479,1.000000,1.000000,1.000000,1.000000,0.000000,0.875000,7.500000,7.000000,8.000000,1.000000,56.244355,1.534410,1.172840,0.409642,0.293769,0.136406,5.000000,39.760447,1.084710,27.972112,0.763111,7.365628,0.200943,87.251320,88.018665,88.122123,87.915207,0.206916,0.997652
left,105,156,145,0,-1,0.807692,1468.750000,1312.500000,1625.000000,312.500000,0.911623,145.634223,138.901364,152.367081,13.465717,0.851064,1.110638,1.021277,1.200000,0.178723,0.971886,0.867227,0.854862,0.879591,0.024729,1.000000,1.000000,1.000000,1.000000,0.000000,0.875000,7.500000,7.000000,8.000000,1.000000,43.539497,1.137697,1.040000,0.582102,0.182979,0.515368,19.723083,32.414601,0.847001,21.379658,0.558655,5.331407,0.139311,83.361599,102.488987,110.128131,94.849844,15.278287,0.861268
left,106,156,143,0,-1,0.454154,1181.500000,738.000000,1625.000000,887.000000,0.761946,134.231318,116.095555,152.367081,36.271526,0.567376,1.410638,1.021277,1.800000,0.778723,0.782265,0.783833,0.688074,0.879591,0.191517,1.000000,1.000000,1.000000,1.000000,0.000000,0.714286,6.000000,5.000000,7.000000,2.000000,40.578598,1.202731,1.311475,0.505428,0.290309,0.386452,13.038405,33.153189,0.982645,20.117200,0.596264,8.990130,0.266463,83.689935,103.026039,114.691558,91.360519,23.331039,0.796576
left,107,156,142,0,-1,0.511385,1228.000000,831.000000,1625.000000,794.000000,0.774320,135.173978,117.980874,152.367081,34.386207,0.842553,1.116699,1.021277,1.212121,0.190845,0.852917,0.814905,0.750218,0.879591,0.129373,1.000000,1.000000,1.000000,1.000000,0.000000,0.714286,6.000000,5.000000,7.000000,2.000000,39.067495,1.130125,1.673469,0.580902,0.181800,0.576376,19.924859,32.262299,0.933268,19.375611,0.560488,7.663912,0.221698,84.343509,110.724044,117.862983,103.585105,14.277878,0.878860
left,108,155,147,0,-1,0.611838,1232.250000,935.500000,1529.000000,593.500000,0.787479,136.530942,120.298220,152.763665,32.465444,0.982143,1.156250,1.145833,1.166667,0.020833,0.986638,0.817836,0.812335,0.823336,0.011001,1.000000,1.000000,1.000000,1.000000,0.000000,1.000000,6.000000,6.000000,6.000000,0.000000,36.907524,1.059216,1.041667,0.562501,0.249949,0.551293,19.209373,29.418982,0.844301,18.395773,0.527944,6.433879,0.184647,71.186548,109.406175,116.637762,102.174588,14.463174,0.875999
left,109,155,146,0,-1,0.741007,1331.000000,1133.000000,1529.000000,396.000000,0.857993,141.916885,131.070106,152.763665,21.693559,0.963542,1.167511,1.145833,1.189189,0.043356,0.993447,0.826052,0.823336,0.828767,0.005431,1.000000,1.000000,1.000000,1.000000,0.000000,1.000000,6.000000,6.000000,6.000000,0.000000,41.263906,1.134208,1.013158,0.574007,0.182194,0.583081,21.213203,32.691470,0.898580,20.592267,0.566013,6.865382,0.188707,88.789080,113.331134,117.829439,108.832830,8.996609,0.923647
left,110,155,139,0,-1,0.937462,1580.000000,1529.000000,1631.000000,102.000000,0.996781,153.010297,152.763665,153.256929,0.493265,0.916667,1.197917,1.145833,1.250000,0.104167,0.943525,0.847977,0.823336,0.872617,0.049281,1.000000,1.000000,1.000000,1.000000,0.000000,0.857143,6.500000,6.000000,7.000000,1.000000,46.177419,1.161870,1.842105,0.574768,0.164082,0.543152,21.587033,35.417565,0.891142,23.037540,0.579648,2.582491,0.064978,81.243786,115.434800,129.559668,101.309932,28.249735,0.781956
left,111,154,146,0,-1,0.743682,1328.250000,1133.000000,1523.500000,390.500000,0.856798,142.023382,131.070106,152.976658,21.906552,0.926716,1.145615,1.102041,1.189189,0.087148,0.987119,0.823429,0.818092,0.828767,0.010675,1.000000,1.000000,1.000000,1.000000,0.000000,1.000000,6.000000,6.000000,6.000000,0.000000,42.184211,1.160627,1.013514,0.606913,0.125729,0.681197,24.758837,33.268435,0.915325,21.083822,0.580086,6.651379,0.183001,84.425386,129.321833,140.517136,118.126529,22.390607,0.840656
left,112,153,150,0,-1,0.384383,917.500000,509.500000,1325.500000,816.000000,0.704347,116.720642,96.473150,136.968134,40.494984,0.885714,1.064516,1.000000,1.129032,0.129032,0.774802,0.787899,0.687925,0.887872,0.199947,1.000000,1.000000,1.000000,1.000000,0.000000,0.571429,5.500000,4.000000,7.000000,3.000000,24.098917,0.817196,1.208333,0.870778,0.021253,1.198902,35.355339,21.238785,0.720209,12.045953,0.408479,9.178159,0.311232,76.435655,167.039739,174.062584,160.016893,14.045690,0.919307
left,113,153,145,0,-1,0.388190,911.000000,509.500000,1312.500000,803.000000,0.694544,117.687257,96.473150,138.901364,42.428214,0.940860,1.164516,1.129032,1.200000,0.070968,0.804720,0.771394,0.687925,0.854862,0.166937,1.000000,1.000000,1.000000,1.000000,0.000000,0.500000,6.000000,4.000000,8.000000,4.000000,31.422264,1.068775,1.090909,0.657924,0.117453,0.830370,24.413111,27.490229,0.935033,15.558809,0.529206,9.845344,0.334873,83.513720,139.685973,157.166346,122.205601,34.960745,0.777556
left,114,152,141,0,-1,0.981701,1380.750000,1368.000000,1393.500000,25.500000,0.881215,152.262610,142.648320,161.876900,19.228580,0.642209,1.442481,1.128205,1.756757,0.628552,0.791014,0.756540,0.668262,0.844817,0.176555,1.000000,1.000000,1.000000,1.000000,0.000000,0.833333,5.500000,5.000000,6.000000,1.000000,42.466161,1.142852,1.654545,0.571634,0.113525,0.782304,29.068884,31.380196,0.844506,21.225561,0.571224,4.424065,0.119061,87.885234,131.708135,150.484170,112.932100,37.552069,0.750458
left,115,152,140,0,-1,0.928072,1447.500000,1393.500000,1501.500000,108.000000,0.998686,161.983373,161.876900,162.089847,0.212946,0.726678,1.516676,1.276596,1.756757,0.480161,0.930515,0.693213,0.668262,0.718164,0.049901,1.000000,1.000000,1.000000,1.000000,0.000000,0.714286,6.000000,5.000000,7.000000,2.000000,25.550359,0.671681,1.177419,0.816809,0.025389,1.484313,56.462377,20.806408,0.546970,12.742813,0.334990,0.537945,0.014142,25.036593,160.790972,168.146996,153.434949,14.712047,0.912505
left,116,151,150,0,-1,0.454545,964.000000,602.500000,1325.500000,723.000000,0.748136,119.719468,102.470801,136.968134,34.497334,0.823529,1.107143,1.000000,1.214286,0.214286,0.812112,0.804462,0.721052,0.887872,0.166820,1.000000,1.000000,1.000000,1.000000,0.000000,0.571429,5.500000,4.000000,7.000000,3.000000,32.228347,1.057477,1.568182,0.599877,0.216286,0.631152,19.235384,28.117075,0.922578,16.041887,0.526367,9.229332,0.302833,66.088413,124.792254,126.869898,122.714611,4.155287,0.967248
left,117,151,147,0,-1,0.644041,769.000000,602.500000,935.500000,333.000000,0.851806,111.384511,102.470801,120.298220,17.827420,0.960784,1.190476,1.166667,1.214286,0.047619,0.887629,0.766694,0.721052,0.812335,0.091283,1.000000,1.000000,1.000000,1.000000,0.000000,0.666667,5.000000,4.000000,6.000000,2.000000,23.198915,0.841580,1.357143,0.821939,0.014304,1.259277,34.713110,20.456406,0.742091,11.508150,0.417478,3.914600,0.142009,81.769876,175.154382,175.426079,174.882685,0.543394,0.996902
left,118,151,137,0,-1,0.367042,1122.000000,602.500000,1641.500000,1039.000000,0.653870,129.592510,102.470801,156.714220,54.243419,0.963705,1.192249,1.170213,1.214286,0.044073,0.858485,0.780482,0.721052,0.839912,0.118860,1.000000,1.000000,1.000000,1.000000,0.000000,0.571429,5.500000,4.000000,7.000000,3.000000,30.572164,0.939796,1.272727,0.711943,0.121881,0.924765,30.083218,25.077670,0.770894,15.228741,0.468135,10.870040,0.334148,84.923616,131.504482,134.810280,128.198685,6.611594,0.950956
left,119,150,145,0,-1,0.990192,1319.000000,1312.500000,1325.500000,13.000000,0.986082,137.934749,136.968134,138.901364,1.933230,0.833333,1.100000,1.000000,1.200000,0.200000,0.962821,0.871367,0.854862,0.887872,0.033010,1.000000,1.000000,1.000000,1.000000,0.000000,0.875000,7.500000,7.000000,8.000000,1.000000,45.582706,1.255102,1.705882,0.508695,0.209818,0.283486,10.295630,35.469659,0.976643,22.906848,0.630731,2.437021,0.067102,82.005457,103.289721,142.847628,63.731815,79.115812,0.446152
left,120,150,137,0,-1,0.807493,1483.500000,1325.500000,1641.500000,316.000000,0.873999,146.841177,136.968134,156.714220,19.746086,0.854545,1.085106,1.000000,1.170213,0.170213,0.945983,0.863892,0.839912,0.887872,0.047960,1.000000,1.000000,1.000000,1.000000,0.000000,1.000000,7.000000,7.000000,7.000000,0.000000,39.141471,1.017681,1.012987,0.600025,0.186215,0.577295,22.203603,30.942922,0.804518,19.567476,0.508756,3.967353,0.103151,80.736584,101.200678,102.475110,99.926246,2.548864,0.975127
left,121,150,136,0,-1,0.843833,1222.000000,1118.500000,1325.500000,207.000000,0.931763,132.294963,127.621792,136.968134,9.346342,0.904762,1.052632,1.000000,1.105263,0.105263,0.971954,0.875422,0.862971,0.887872,0.024901,1.000000,1.000000,1.000000,1.000000,0.000000,0.857143,6.500000,6.000000,7.000000,1.000000,40.249350,1.152428,1.238095,0.592298,0.184738,0.527952,18.439089,30.562821,0.875081,19.358264,0.554270,3.469334,0.099335,71.722994,107.004588,128.440215,85.568961,42.871254,0.666216
left,122,149,148,0,-1,0.671451,1048.000000,842.000000,1254.000000,412.000000,0.819985,128.845145,116.101080,141.589209,25.488129,0.768166,1.252451,1.088235,1.416667,0.328431,0.998625,0.785504,0.784963,0.786044,0.001081,1.000000,1.000000,1.000000,1.000000,0.000000,0.833333,5.500000,5.000000,6.000000,1.000000,33.068868,1.026520,1.384615,0.635065,0.187739,0.838705,27.018512,26.328223,0.817277,14.979428,0.464990,2.295091,0.071244,48.334402,123.864866,131.164681,116.565051,14.599630,0.888692
left,123,149,144,0,-1,0.679027,1052.750000,851.500000,1254.000000,402.500000,0.831716,129.675592,117.761974,141.589209,23.827235,0.782194,1.262387,1.108108,1.416667,0.308559,0.981606,0.778815,0.771586,0.786044,0.014458,1.000000,1.000000,1.000000,1.000000,0.000000,0.833333,5.500000,5.000000,6.000000,1.000000,27.223033,0.842918,1.270833,0.819331,0.022322,1.233107,39.824616,23.226751,0.719180,13.197531,0.408641,4.003245,0.123954,60.395832,170.120455,173.263989,166.976920,6.287068,0.963714
left,124,149,133,0,-1,0.939678,1294.250000,1254.000000,1334.500000,80.500000,0.996468,141.840108,141.589209,142.091007,0.501797,0.904977,1.349359,1.282051,1.416667,0.134615,0.946350,0.808325,0.786044,0.830606,0.044562,1.000000,1.000000,1.000000,1.000000,0.000000,1.000000,6.000000,6.000000,6.000000,0.000000,48.791712,1.356405,1.727273,0.486332,0.257099,0.348332,12.529964,35.587946,0.989342,24.022531,0.667824,2.301754,0.063989,73.347284,102.547499,112.345956,92.749043,19.596913,0.825566
left,125,148,140,0,-1,0.560773,1171.750000,842.000000,1501.500000,659.500000,0.716276,139.095463,116.101080,162.089847,45.988766,0.852451,1.182416,1.088235,1.276596,0.188360,0.914901,0.751564,0.718164,0.784963,0.066800,1.000000,1.000000,1.000000,1.000000,0.000000,0.714286,6.000000,5.000000,7.000000,2.000000,48.135422,1.420627,1.703704,0.484396,0.159590,0.466644,15.811388,35.953617,1.061104,24.043017,0.709585,13.152948,0.388185,89.334176,109.876431,110.312826,109.440035,0.872791,0.992088
left,126,148,133,0,-1,0.630948,1088.250000,842.000000,1334.500000,492.500000,0.817090,129.096044,116.101080,142.091007,25.989926,0.848824,1.185143,1.088235,1.282051,0.193816,0.945049,0.807785,0.784963,0.830606,0.045643,1.000000,1.000000,1.000000,1.000000,0.000000,0.833333,5.500000,5.000000,6.000000,1.000000,36.549755,1.115205,1.375000,0.577126,0.210430,0.617820,20.248457,27.735803,0.846274,18.233446,0.556338,7.996264,0.243982,78.789156,124.695229,132.901094,116.489363,16.411731,0.876512
left,127,148,132,0,-1,0.587579,1137.500000,842.000000,1433.000000,591.000000,0.782947,132.194170,116.101080,148.287260,32.186180,0.751872,1.267802,1.088235,1.447368,0.359133,0.958520,0.801948,0.784963,0.818933,0.033970,1.000000,1.000000,1.000000,1.000000,0.000000,0.833333,5.500000,5.000000,6.000000,1.000000,40.488772,1.210929,1.557692,0.515285,0.246154,0.431336,14.422205,33.769527,1.009972,19.903734,0.595277,9.106267,0.272348,65.663166,104.724391,108.434949,101.013833,7.421116,0.931562
left,128,147,139,0,-1,0.573574,1283.250000,935.500000,1631.000000,695.500000,0.784945,136.777575,120.298220,153.256929,32.958709,0.933333,1.208333,1.166667,1.250000,0.083333,0.930919,0.842476,0.812335,0.872617,0.060282,1.000000,1.000000,1.000000,1.000000,0.000000,0.857143,6.500000,6.000000,7.000000,1.000000,33.761802,0.951417,1.220339,0.743630,0.060588,0.920077,32.649655,26.106115,0.735678,16.743214,0.471829,7.047192,0.198592,70.731871,129.308679,142.052306,116.565051,25.487255,0.820578
left,129,147,137,0,-1,0.569906,1288.500000,935.500000,1641.500000,706.000000,0.767628,138.506220,120.298220,156.714220,36.416000,0.996970,1.168440,1.166667,1.170213,0.003546,0.967167,0.826124,0.812335,0.839912,0.027577,1.000000,1.000000,1.000000,1.000000,0.000000,0.857143,6.500000,6.000000,7.000000,1.000000,44.490580,1.251469,1.027027,0.482291,0.225650,0.251592,8.944272,36.152731,1.016935,23.498818,0.660995,5.207340,0.146476,71.458161,98.444185,139.969741,56.918630,83.051111,0.406650
left,130,146,139,0,-1,0.694666,1382.000000,1133.000000,1631.000000,498.000000,0.855231,142.163518,131.070106,153.256929,22.186824,0.951351,1.219595,1.189189,1.250000,0.060811,0.949749,0.850692,0.828767,0.872617,0.043850,1.000000,1.000000,1.000000,1.000000,0.000000,0.857143,6.500000,6.000000,7.000000,1.000000,42.696724,1.153253,1.303030,0.592414,0.201881,0.569784,21.095023,33.288132,0.899124,20.083592,0.542465,3.420079,0.092378,65.715026,118.078977,121.607502,114.550452,7.057050,0.941969
left,131,146,138,0,-1,0.855094,1229.000000,1133.000000,1325.000000,192.000000,0.924606,136.413972,131.070106,141.757839,10.687733,0.946498,1.222800,1.189189,1.256410,0.067221,0.999768,0.828671,0.828575,0.828767,0.000193,1.000000,1.000000,1.000000,1.000000,0.000000,1.000000,6.000000,6.000000,6.000000,0.000000,29.260055,0.835278,1.387755,0.844535,0.045566,1.164482,40.792156,25.031760,0.714574,14.582204,0.416274,1.808143,0.051617,76.663929,159.796026,161.319148,158.272904,3.046244,0.981117
left,132,145,142,0,-1,0.633143,1071.750000,831.000000,1312.500000,481.500000,0.849386,128.441119,117.980874,138.901364,20.920490,0.990000,1.206061,1.200000,1.212121,0.012121,0.877590,0.802540,0.750218,0.854862,0.104644,1.000000,1.000000,1.000000,1.000000,0.000000,0.625000,6.500000,5.000000,8.000000,3.000000,36.151160,1.111394,1.702128,0.594621,0.171215,0.677044,22.022716,28.599985,0.879249,17.957556,0.552069,7.154342,0.219946,70.162889,133.745176,135.481466,132.008887,3.472579,0.974369
left,133,145,136,0,-1,0.852190,1215.500000,1118.500000,1312.500000,194.000000,0.918794,133.261578,127.621792,138.901364,11.279572,0.921053,1.152632,1.105263,1.200000,0.094737,0.990604,0.858917,0.854862,0.862971,0.008109,1.000000,1.000000,1.000000,1.000000,0.000000,0.750000,7.000000,6.000000,8.000000,2.000000,35.579143,1.021326,1.015152,0.668802,0.144591,0.757854,26.400758,25.533099,0.732947,16.652564,0.478025,2.434155,0.069874,68.593639,118.654079,131.583412,105.724746,25.858666,0.803481
left,134,145,135,0,-1,0.613714,1059.000000,805.500000,1312.500000,507.000000,0.824383,126.704654,114.507944,138.901364,24.393420,0.904762,1.142857,1.085714,1.200000,0.114286,0.903042,0.813419,0.771977,0.854862,0.082886,1.000000,1.000000,1.000000,1.000000,0.000000,0.625000,6.500000,5.000000,8.000000,3.000000,43.149201,1.335686,1.013699,0.476574,0.391643,0.264480,8.544004,33.022749,1.022221,20.351163,0.629972,4.639178,0.143606,65.780668,105.606236,111.359927,99.852545,11.507382,0.896665
left,135,145,134,0,-1,0.617524,1061.500000,810.500000,1312.500000,502.000000,0.825846,126.806239,114.711114,138.901364,24.190250,0.861538,1.296429,1.200000,1.392857,0.192857,0.905432,0.814441,0.774019,0.854862,0.080843,1.000000,1.000000,1.000000,1.000000,0.000000,0.750000,7.000000,6.000000,8.000000,2.000000,38.360081,1.185825,1.540000,0.534810,0.278144,0.467798,15.132746,29.250473,0.904220,19.121297,0.591096,3.291653,0.101755,81.793044,99.801160,106.493462,93.108857,13.384606,0.874315
left,136,144,133,0,-1,0.638067,1093.000000,851.500000,1334.500000,483.000000,0.828779,129.926490,117.761974,142.091007,24.329033,0.864324,1.195080,1.108108,1.282051,0.173943,0.928943,0.801096,0.771586,0.830606,0.059020,1.000000,1.000000,1.000000,1.000000,0.000000,0.833333,5.500000,5.000000,6.000000,1.000000,40.223268,1.224242,1.119403,0.494178,0.333486,0.366500,12.041595,31.228923,0.950489,19.751951,0.601174,5.386078,0.163932,89.435487,101.499196,102.724356,100.274037,2.450319,0.976147
left,137,144,129,0,-1,0.888367,905.000000,851.500000,958.500000,107.000000,0.920067,122.877392,117.761974,127.992810,10.230836,0.960360,1.130977,1.108108,1.153846,0.045738,0.952898,0.753414,0.735243,0.771586,0.036343,1.000000,1.000000,1.000000,1.000000,0.000000,1.000000,5.000000,5.000000,5.000000,0.000000,34.851495,1.159010,2.100000,0.538308,0.185359,0.668431,20.099751,28.799859,0.957759,17.394689,0.578472,2.545188,0.084642,77.998357,122.021688,130.844786,113.198591,17.646196,0.865136
left,138,143,142,0,-1,0.888087,784.500000,738.000000,831.000000,93.000000,0.984020,117.038215,116.095555,117.980874,1.885320,0.673401,1.506061,1.212121,1.800000,0.587879,0.917165,0.719146,0.688074,0.750218,0.062144,1.000000,1.000000,1.000000,1.000000,0.000000,1.000000,5.000000,5.000000,5.000000,0.000000,20.477268,0.731419,1.044444,0.834047,0.023263,1.434537,40.162171,16.853144,0.601971,10.231671,0.365461,1.509416,0.053914,21.714395,169.574117,174.093859,165.054376,9.039483,0.948077
left,139,143,141,0,-1,0.539474,1053.000000,738.000000,1368.000000,630.000000,0.813859,129.371938,116.095555,142.648320,26.552766,0.626781,1.464103,1.128205,1.800000,0.671795,0.814465,0.766445,0.688074,0.844817,0.156743,1.000000,1.000000,1.000000,1.000000,0.000000,0.833333,5.500000,5.000000,6.000000,1.000000,26.620538,0.829912,1.297872,0.812174,0.045584,1.219442,39.115214,24.743637,0.771399,13.185844,0.411077,7.707743,0.240294,55.615480,159.972983,161.565051,158.380915,3.184136,0.980292
left,140,143,131,0,-1,0.637306,948.000000,738.000000,1158.000000,420.000000,0.868445,124.888793,116.095555,133.682031,17.586476,0.583333,1.425000,1.050000,1.800000,0.750000,0.845012,0.751176,0.688074,0.814277,0.126204,1.000000,1.000000,1.000000,1.000000,0.000000,0.714286,6.000000,5.000000,7.000000,2.000000,42.130136,1.376902,1.765957,0.445197,0.376055,0.301314,9.219544,31.665831,1.034906,21.008314,0.686596,1.559397,0.050964,88.809275,92.120217,94.691572,89.548861,5.142710,0.945690
left,141,142,135,0,-1,0.969314,818.250000,805.500000,831.000000,25.500000,0.970564,116.244409,114.507944,117.980874,3.472931,0.895714,1.148918,1.085714,1.212121,0.126407,0.971815,0.761097,0.750218,0.771977,0.021758,1.000000,1.000000,1.000000,1.000000,0.000000,1.000000,5.000000,5.000000,5.000000,0.000000,26.106977,0.912697,1.609756,0.683989,0.079132,1.032945,29.546573,19.873323,0.694769,12.815293,0.448021,0.532904,0.018630,52.448500,114.594100,116.029592,113.158607,2.870985,0.975256
left,142,142,131,0,-1,0.717617,994.500000,831.000000,1158.000000,327.000000,0.882548,125.831453,117.980874,133.682031,15.701156,0.866250,1.131061,1.050000,1.212121,0.162121,0.921330,0.782248,0.750218,0.814277,0.064059,1.000000,1.000000,1.000000,1.000000,0.000000,0.714286,6.000000,5.000000,7.000000,2.000000,45.562745,1.449739,1.134328,0.437521,0.404475,0.201238,6.324555,31.627425,1.006338,21.717206,0.691009,1.630319,0.051874,67.465744,101.362563,106.367846,96.357280,10.010566,0.905887
left,143,141,140,0,-1,0.911089,1434.750000,1368.000000,1501.500000,133.500000,0.880057,152.369083,142.648320,162.089847,19.441526,0.883761,1.202400,1.128205,1.276596,0.148391,0.850082,0.781490,0.718164,0.844817,0.126653,1.000000,1.000000,1.000000,1.000000,0.000000,0.857143,6.500000,6.000000,7.000000,1.000000,50.307521,1.328503,1.941176,0.444759,0.351803,0.264076,10.000000,40.281609,1.063742,25.172646,0.664750,5.536563,0.146208,89.457462,97.401226,101.169502,93.632951,7.536551,0.925506
left,144,141,131,0,-1,0.846491,1263.000000,1158.000000,1368.000000,210.000000,0.937144,138.165175,133.682031,142.648320,8.966290,0.930682,1.089103,1.050000,1.128205,0.078205,0.963851,0.829547,0.814277,0.844817,0.030540,1.000000,1.000000,1.000000,1.000000,0.000000,0.857143,6.500000,6.000000,7.000000,1.000000,37.224406,1.048340,1.428571,0.623163,0.199327,0.713023,25.317978,27.085901,0.762812,18.176489,0.511899,3.341505,0.094106,83.331836,119.600601,132.273689,106.927513,25.346176,0.808381
left,145,141,125,0,-1,0.881579,1287.000000,1206.000000,1368.000000,162.000000,0.967350,140.319555,137.990790,142.648320,4.657530,0.787615,1.280319,1.128205,1.432432,0.304227,0.942094,0.820357,0.795897,0.844817,0.048920,1.000000,1.000000,1.000000,1.000000,0.000000,1.000000,6.000000,6.000000,6.000000,0.000000,42.849925,1.195023,1.648148,0.524264,0.208819,0.449690,16.124515,32.350924,0.902221,21.271013,0.593218,1.895473,0.052862,77.821230,112.823543,139.085617,86.561469,52.524148,0.622361
left,146,140,132,0,-1,0.954379,1467.250000,1433.000000,1501.500000,68.500000,0.914846,155.188553,148.287260,162.089847,13.802586,0.882012,1.361982,1.276596,1.447368,0.170773,0.876951,0.768548,0.718164,0.818933,0.100769,1.000000,1.000000,1.000000,1.000000,0.000000,0.857143,6.500000,6.000000,7.000000,1.000000,39.010395,1.018493,1.054054,0.543924,0.234452,0.652706,25.000000,33.210626,0.867071,18.934013,0.494334,3.631817,0.094820,82.664416,111.557153,142.125016,80.989290,61.135726,0.569845
left,147,140,126,0,-1,0.887779,1417.250000,1333.000000,1501.500000,168.500000,0.883451,152.644181,143.198515,162.089847,18.891331,0.984188,1.266503,1.256410,1.276596,0.020185,0.879145,0.767526,0.718164,0.816889,0.098725,1.000000,1.000000,1.000000,1.000000,0.000000,0.857143,6.500000,6.000000,7.000000,1.000000,37.658829,1.000773,1.383333,0.591693,0.234609,0.796356,29.966648,31.055759,0.825298,17.437501,0.463397,2.311727,0.061434,43.306675,127.983053,145.795454,110.170653,35.624800,0.755652
left,148,140,125,0,-1,0.803197,1353.750000,1206.000000,1501.500000,295.500000,0.851323,150.040318,137.990790,162.089847,24.099056,0.891208,1.354514,1.276596,1.432432,0.155837,0.902333,0.757031,0.718164,0.795897,0.077733,1.000000,1.000000,1.000000,1.000000,0.000000,0.857143,6.500000,6.000000,7.000000,1.000000,48.197588,1.311915,1.036585,0.501831,0.156971,0.540292,19.849433,37.857232,1.030455,24.001920,0.653321,6.435751,0.175178,88.293530,114.372499,119.744881,109.000117,10.744764,0.910270
left,149,139,138,0,-1,0.812385,1478.000000,1325.000000,1631.000000,306.000000,0.924969,147.507384,141.757839,153.256929,11.499091,0.994898,1.253205,1.250000,1.256410,0.006410,0.949528,0.850596,0.828575,0.872617,0.044042,1.000000,1.000000,1.000000,1.000000,0.000000,0.857143,6.500000,6.000000,7.000000,1.000000,43.391262,1.130184,1.561404,0.549135,0.244756,0.454880,17.464249,33.620773,0.875698,21.690652,0.564962,0.097289,0.002534,89.570057,98.984570,113.838740,84.130400,29.708341,0.739031
left,150,139,137,0,-1,0.993603,1636.250000,1631.000000,1641.500000,10.500000,0.977939,154.985575,153.256929,156.714220,3.457290,0.936170,1.210106,1.170213,1.250000,0.079787,0.962521,0.856265,0.839912,0.872617,0.032705,1.000000,1.000000,1.000000,1.000000,0.000000,1.000000,7.000000,7.000000,7.000000,0.000000,55.035931,1.360574,1.736842,0.469452,0.381971,0.173051,7.000000,39.637833,0.979909,27.341046,0.675913,3.372702,0.083378,79.516258,100.022746,103.465208,96.580283,6.884925,0.933457
left,151,139,128,0,-1,0.868179,1523.500000,1416.000000,1631.000000,215.000000,0.955113,149.817341,146.377752,153.256929,6.879178,0.956522,1.222826,1.195652,1.250000,0.054348,0.951699,0.851542,0.830468,0.872617,0.042149,1.000000,1.000000,1.000000,1.000000,0.000000,0.857143,6.500000,6.000000,7.000000,1.000000,41.660164,1.067998,1.012987,0.687597,0.088612,0.815933,31.827661,32.432331,0.831434,20.799574,0.533217,1.990823,0.051037,89.138237,142.672639,158.198591,127.146687,31.051904,0.803716
left,152,139,117,0,-1,0.967505,1604.500000,1578.000000,1631.000000,53.000000,0.977623,155.010885,153.256929,156.764840,3.507911,0.911017,1.311047,1.250000,1.372093,0.122093,0.924690,0.839758,0.806900,0.872617,0.065717,1.000000,1.000000,1.000000,1.000000,0.000000,0.857143,6.500000,6.000000,7.000000,1.000000,47.167645,1.177577,1.888889,0.566701,0.143191,0.540092,21.633308,33.837941,0.844790,22.367810,0.558430,0.743475,0.018561,65.674649,105.497590,109.230672,101.764507,7.466165,0.931648
left,153,138,127,0,-1,0.832830,1214.250000,1103.500000,1325.000000,221.500000,0.918304,135.967296,130.176752,141.757839,11.581086,0.862245,1.169872,1.083333,1.256410,0.173077,0.987606,0.823440,0.818305,0.828575,0.010269,1.000000,1.000000,1.000000,1.000000,0.000000,0.833333,5.500000,5.000000,6.000000,1.000000,37.497852,1.077222,1.161290,0.567305,0.245007,0.574552,20.000000,31.275064,0.898457,18.668722,0.536307,3.695409,0.106160,84.222758,110.771477,118.964018,102.578935,16.385083,0.862269
left,154,138,122,0,-1,0.672830,1108.250000,891.500000,1325.000000,433.500000,0.869471,132.506098,123.254358,141.757839,18.503481,0.742424,1.474359,1.256410,1.692308,0.435897,0.890010,0.783007,0.737440,0.828575,0.091135,1.000000,1.000000,1.000000,1.000000,0.000000,0.833333,5.500000,5.000000,6.000000,1.000000,34.826029,1.051216,1.551020,0.624672,0.163095,0.812750,26.925824,28.690518,0.866017,17.111178,0.516497,2.571010,0.077605,84.625040,135.995671,145.619655,126.371686,19.247969,0.867820
left,155,138,117,0,-1,0.839670,1451.500000,1325.000000,1578.000000,253.000000,0.904271,149.261340,141.757839,156.764840,15.007002,0.915689,1.314252,1.256410,1.372093,0.115683,0.973841,0.817737,0.806900,0.828575,0.021675,1.000000,1.000000,1.000000,1.000000,0.000000,1.000000,6.000000,6.000000,6.000000,0.000000,45.616083,1.198458,1.076923,0.491469,0.250947,0.342554,13.038405,36.075773,0.947809,23.018458,0.604757,5.611552,0.147431,81.199948,103.980803,136.930587,71.031018,65.899569,0.518737
left,156,137,136,0,-1,0.681389,1380.000000,1118.500000,1641.500000,523.000000,0.814360,142.168006,127.621792,156.714220,29.092428,0.944498,1.137738,1.105263,1.170213,0.064950,0.973280,0.851442,0.839912,0.862971,0.023059,1.000000,1.000000,1.000000,1.000000,0.000000,0.857143,6.500000,6.000000,7.000000,1.000000,42.827628,1.158139,2.042553,0.600683,0.133696,0.595535,22.022716,35.469645,0.959165,21.200371,0.573297,6.604396,0.178595,78.199105,121.210893,131.633539,110.788246,20.845294,0.841641
left,157,137,128,0,-1,0.862626,1528.750000,1416.000000,1641.500000,225.500000,0.934043,151.545986,146.377752,156.714220,10.336468,0.978723,1.182932,1.170213,1.195652,0.025439,0.988756,0.835190,0.830468,0.839912,0.009444,1.000000,1.000000,1.000000,1.000000,0.000000,0.857143,6.500000,6.000000,7.000000,1.000000,35.582043,0.910665,1.132353,0.791740,0.044481,1.059578,41.400483,26.170873,0.669801,17.509333,0.448123,1.814143,0.046430,72.561502,139.041040,141.809050,136.273030,5.536020,0.960961
left,158,137,123,0,-1,0.651843,1355.750000,1070.000000,1641.500000,571.500000,0.809582,141.793599,126.872978,156.714220,29.841242,0.894292,1.108362,1.046512,1.170213,0.123701,0.994538,0.837619,0.835325,0.839912,0.004587,1.000000,1.000000,1.000000,1.000000,0.000000,1.000000,7.000000,7.000000,7.000000,0.000000,39.060527,1.066844,1.095890,0.625125,0.140881,0.684452,25.059928,31.623383,0.863717,19.494119,0.532435,7.193461,0.196472,75.623493,118.575977,133.203857,103.948096,29.255761,0.780369
left,159,136,134,0,-1,0.724631,964.500000,810.500000,1118.500000,308.000000,0.898836,121.166453,114.711114,127.621792,12.910679,0.793522,1.249060,1.105263,1.392857,0.287594,0.896924,0.818495,0.774019,0.862971,0.088951,1.000000,1.000000,1.000000,1.000000,0.000000,1.000000,6.000000,6.000000,6.000000,0.000000,35.534280,1.147873,1.416667,0.529075,0.217729,0.456837,14.142136,30.126708,0.973191,17.558474,0.567196,6.989605,0.225787,68.945279,110.086584,147.781792,72.391375,75.390417,0.489853
left,160,136,130,0,-1,0.456862,814.750000,511.000000,1118.500000,607.500000,0.707815,108.977225,90.332659,127.621792,37.289133,0.935961,1.069873,1.034483,1.105263,0.070780,0.911895,0.824955,0.786939,0.862971,0.076032,1.000000,1.000000,1.000000,1.000000,0.000000,0.833333,5.500000,5.000000,6.000000,1.000000,26.093983,0.931108,1.250000,0.784133,0.050936,1.005472,28.178006,22.170816,0.791119,13.046991,0.465554,7.884972,0.281358,82.782586,159.585218,162.004091,157.166346,4.837745,0.970138
left,161,136,123,0,-1,0.956638,1094.250000,1070.000000,1118.500000,48.500000,0.994133,127.247385,126.872978,127.621792,0.748815,0.946844,1.075887,1.046512,1.105263,0.058752,0.967964,0.849148,0.835325,0.862971,0.027646,1.000000,1.000000,1.000000,1.000000,0.000000,0.857143,6.500000,6.000000,7.000000,1.000000,36.317683,1.097960,1.075758,0.580728,0.180489,0.557452,18.439089,28.903865,0.873825,18.123746,0.547919,0.476575,0.014408,84.737208,103.458639,116.007897,90.909380,25.098517,0.783648
left,162,135,134,0,-1,0.993831,808.000000,805.500000,810.500000,5.000000,0.998229,114.609529,114.507944,114.711114,0.203170,0.779487,1.239286,1.085714,1.392857,0.307143,0.997361,0.772998,0.771977,0.774019,0.002043,1.000000,1.000000,1.000000,1.000000,0.000000,0.833333,5.500000,5.000000,6.000000,1.000000,22.688529,0.798181,1.238095,0.836132,0.019183,1.290676,36.687873,18.595349,0.654183,11.341484,0.398993,0.714028,0.025119,56.618812,167.471921,167.905243,167.038598,0.866645,0.994838
left,163,135,131,0,-1,0.695596,981.750000,805.500000,1158.000000,352.500000,0.856569,124.094987,114.507944,133.682031,19.174087,0.967105,1.067857,1.050000,1.085714,0.035714,0.948051,0.793127,0.771977,0.814277,0.042301,1.000000,1.000000,1.000000,1.000000,0.000000,0.714286,6.000000,5.000000,7.000000,2.000000,38.100614,1.220964,1.562500,0.519552,0.252610,0.484941,15.132746,27.292746,0.874617,19.009390,0.609171,5.670756,0.181724,74.451155,125.336487,137.602562,113.070412,24.532150,0.821717
left,164,135,120,0,-1,0.663236,1010.000000,805.500000,1214.500000,409.000000,0.857612,124.013749,114.507944,133.519554,19.011611,0.983852,1.076948,1.068182,1.085714,0.017532,0.901751,0.814032,0.771977,0.856086,0.084110,1.000000,1.000000,1.000000,1.000000,0.000000,0.714286,6.000000,5.000000,7.000000,2.000000,32.873274,1.039783,1.339623,0.642066,0.136881,0.777996,24.596748,26.044150,0.823778,16.384067,0.518229,4.467302,0.141301,87.579586,116.991257,122.769893,111.212620,11.557273,0.905862
left,165,134,130,0,-1,0.630475,660.750000,511.000000,810.500000,299.500000,0.787480,102.521886,90.332659,114.711114,24.378455,0.742706,1.213670,1.034483,1.392857,0.358374,0.983582,0.780479,0.774019,0.786939,0.012920,1.000000,1.000000,1.000000,1.000000,0.000000,0.833333,5.500000,5.000000,6.000000,1.000000,23.792967,0.931695,1.152174,0.662251,0.172910,0.914162,23.345235,21.088034,0.825774,11.384384,0.445794,2.668500,0.104494,51.311878,139.519741,153.434949,125.604534,27.830415,0.818617
left,166,134,120,0,-1,0.667353,1012.500000,810.500000,1214.500000,404.000000,0.859133,124.115334,114.711114,133.519554,18.808441,0.766900,1.230519,1.068182,1.392857,0.324675,0.904137,0.815053,0.774019,0.856086,0.082067,1.000000,1.000000,1.000000,1.000000,0.000000,0.857143,6.500000,6.000000,7.000000,1.000000,41.787981,1.319920,1.029412,0.459126,0.304444,0.202250,6.403124,31.465441,0.993871,20.888232,0.659778,3.596097,0.113587,83.897647,95.959824,111.037511,80.882137,30.155374,0.728422
left,167,134,119,0,-1,0.913634,775.500000,740.500000,810.500000,70.000000,0.949420,111.810063,108.909013,114.711114,5.802101,0.852564,1.290179,1.187500,1.392857,0.205357,0.986608,0.779273,0.774019,0.784526,0.010506,1.000000,1.000000,1.000000,1.000000,0.000000,0.833333,5.500000,5.000000,6.000000,1.000000,30.774682,1.105384,1.868421,0.565681,0.166022,0.682454,19.000000,23.931936,0.859602,15.259062,0.548085,3.303353,0.118652,86.282725,107.160771,107.622297,106.699244,0.923053,0.991423
left,168,133,132,0,-1,0.931263,1383.750000,1334.500000,1433.000000,98.500000,0.958215,145.189133,142.091007,148.287260,6.196254,0.885781,1.364710,1.282051,1.447368,0.165317,0.985946,0.824770,0.818933,0.830606,0.011673,1.000000,1.000000,1.000000,1.000000,0.000000,1.000000,6.000000,6.000000,6.000000,0.000000,30.867137,0.829920,1.290909,0.749479,0.093586,1.007809,37.483330,24.980749,0.671654,15.425507,0.414743,0.252751,0.006796,49.362182,125.167053,126.085073,124.249033,1.836040,0.985438
left,169,133,129,0,-1,0.718247,1146.500000,958.500000,1334.500000,376.000000,0.900781,135.041908,127.992810,142.091007,14.098197,0.900000,1.217949,1.153846,1.282051,0.128205,0.885188,0.782925,0.735243,0.830606,0.095363,1.000000,1.000000,1.000000,1.000000,0.000000,0.833333,5.500000,5.000000,6.000000,1.000000,28.176335,0.834972,1.118644,0.764124,0.075665,1.124524,37.947332,22.858070,0.677372,14.078072,0.417187,4.486858,0.132963,56.259369,145.827995,147.578935,144.077054,3.501881,0.976271
left,170,133,118,0,-1,0.757587,1172.750000,1011.000000,1334.500000,323.500000,0.882831,133.766674,125.442342,142.091007,16.648664,0.838500,1.178526,1.075000,1.282051,0.207051,0.972025,0.818988,0.807370,0.830606,0.023236,1.000000,1.000000,1.000000,1.000000,0.000000,0.857143,6.500000,6.000000,7.000000,1.000000,38.707684,1.133012,1.866667,0.588194,0.214453,0.639288,21.840330,31.164506,0.912216,19.203488,0.562105,6.443355,0.188603,83.759538,120.263028,120.594545,119.931512,0.663033,0.994502
left,171,132,126,0,-1,0.930216,1383.000000,1333.000000,1433.000000,100.000000,0.965683,145.742888,143.198515,148.287260,5.088745,0.868065,1.351889,1.256410,1.447368,0.190958,0.997504,0.817911,0.816889,0.818933,0.002044,1.000000,1.000000,1.000000,1.000000,0.000000,1.000000,6.000000,6.000000,6.000000,0.000000,31.298715,0.841756,1.015625,0.803690,0.048988,1.123138,41.761226,26.397412,0.709939,15.471092,0.416084,0.344012,0.009252,55.456582,155.985079,168.840056,143.130102,25.709954,0.847726
left,172,132,118,0,-1,0.705513,1222.000000,1011.000000,1433.000000,422.000000,0.845941,136.864801,125.442342,148.287260,22.844918,0.742727,1.261184,1.075000,1.447368,0.372368,0.985881,0.813152,0.807370,0.818933,0.011563,1.000000,1.000000,1.000000,1.000000,0.000000,0.857143,6.500000,6.000000,7.000000,1.000000,42.261990,1.213532,1.231884,0.522310,0.248363,0.448535,15.620499,32.450523,0.931801,21.078096,0.605247,6.635740,0.190542,77.658138,108.980344,115.156422,102.804266,12.352156,0.892736
left,173,132,115,0,-1,0.590021,1139.250000,845.500000,1433.000000,587.500000,0.762796,130.700074,113.112887,148.287260,35.174373,0.869208,1.352716,1.258065,1.447368,0.189304,0.986164,0.824678,0.818933,0.830423,0.011490,1.000000,1.000000,1.000000,1.000000,0.000000,1.000000,6.000000,6.000000,6.000000,0.000000,43.965480,1.313727,2.473684,0.525602,0.197937,0.418332,14.000000,33.592014,1.003758,21.790747,0.651126,10.183088,0.304279,82.532730,113.585979,117.001305,110.170653,6.830652,0.941619
left,174,131,125,0,-1,0.960199,1182.000000,1158.000000,1206.000000,48.000000,0.968775,135.836411,133.682031,137.990790,4.308760,0.733019,1.241216,1.050000,1.432432,0.382432,0.977428,0.805087,0.795897,0.814277,0.018380,1.000000,1.000000,1.000000,1.000000,0.000000,0.857143,6.500000,6.000000,7.000000,1.000000,30.668245,0.892077,1.339623,0.758392,0.074873,1.072712,36.878178,26.571326,0.772906,15.306952,0.445248,1.330641,0.038706,88.106612,142.492611,143.820380,141.164842,2.655538,0.981536
left,175,131,120,0,-1,0.953479,1186.250000,1158.000000,1214.500000,56.500000,0.998785,133.600792,133.519554,133.682031,0.162477,0.982979,1.059091,1.050000,1.068182,0.018182,0.951162,0.835182,0.814277,0.856086,0.041809,1.000000,1.000000,1.000000,1.000000,0.000000,1.000000,7.000000,7.000000,7.000000,0.000000,33.997793,0.987173,1.095238,0.646749,0.165227,0.762171,26.248809,27.059384,0.785707,16.868619,0.489804,1.935147,0.056190,89.380038,114.432483,124.159695,104.705272,19.454422,0.843311
left,176,131,113,0,-1,0.949482,1128.750000,1099.500000,1158.000000,58.500000,0.957843,130.864230,128.046429,133.682031,5.635602,0.980000,1.060714,1.050000,1.071429,0.021429,0.966278,0.828486,0.814277,0.842694,0.028417,1.000000,1.000000,1.000000,1.000000,0.000000,0.857143,6.500000,6.000000,7.000000,1.000000,40.906010,1.217656,1.760870,0.524310,0.304097,0.433417,14.560220,31.108761,0.926020,19.085699,0.568127,0.010547,0.000314,55.018251,114.655039,129.596209,99.713869,29.882340,0.769420
left,177,130,123,0,-1,0.477570,790.500000,511.000000,1070.000000,559.000000,0.711993,108.602818,90.332659,126.872978,36.540319,0.988506,1.040497,1.034483,1.046512,0.012029,0.942076,0.811132,0.786939,0.835325,0.048386,1.000000,1.000000,1.000000,1.000000,0.000000,0.714286,6.000000,5.000000,7.000000,2.000000,34.408057,1.244051,1.478261,0.500095,0.304870,0.323387,8.944272,28.695276,1.037501,16.484287,0.596003,8.991039,0.325078,76.164631,102.624461,111.924274,93.324649,18.599625,0.833820
left,178,130,119,0,-1,0.690074,625.750000,511.000000,740.500000,229.500000,0.829432,99.620836,90.332659,108.909013,18.576354,0.871143,1.110991,1.034483,1.187500,0.153017,0.996933,0.785733,0.784526,0.786939,0.002413,1.000000,1.000000,1.000000,1.000000,0.000000,1.000000,5.000000,5.000000,5.000000,0.000000,26.292243,1.055544,1.037736,0.557634,0.244906,0.628393,15.652476,22.306194,0.895517,12.725465,0.510884,2.961830,0.118907,55.881482,126.452354,153.038901,99.865807,53.173094,0.652552
left,179,130,110,0,-1,0.287482,1144.250000,511.000000,1777.500000,1266.500000,0.552735,126.880596,90.332659,163.428534,73.095875,0.856124,1.121408,1.034483,1.208333,0.173851,0.940974,0.811621,0.786939,0.836303,0.049364,1.000000,1.000000,1.000000,1.000000,0.000000,0.714286,6.000000,5.000000,7.000000,2.000000,39.093114,1.207216,1.645833,0.566370,0.188114,0.438895,14.212670,32.660867,1.008585,18.499388,0.571271,15.980847,0.493497,49.839581,101.818225,110.820893,92.815557,18.005336,0.837528
left,180,129,124,0,-1,0.881586,901.750000,845.000000,958.500000,113.500000,0.946685,124.580855,121.168899,127.992810,6.823911,0.931667,1.114423,1.075000,1.153846,0.078846,0.983679,0.729243,0.723243,0.735243,0.012000,1.000000,1.000000,1.000000,1.000000,0.000000,1.000000,5.000000,5.000000,5.000000,0.000000,22.467378,0.748557,1.208333,0.854228,0.003881,1.437293,43.139309,17.589793,0.586048,10.929072,0.364129,1.046770,0.034876,24.921785,167.862124,170.792736,164.931512,5.861224,0.965682
left,181,129,118,0,-1,0.948071,984.750000,958.500000,1011.000000,52.500000,0.980073,126.717576,125.442342,127.992810,2.550468,0.931667,1.114423,1.075000,1.153846,0.078846,0.910664,0.771307,0.735243,0.807370,0.072127,1.000000,1.000000,1.000000,1.000000,0.000000,0.714286,6.000000,5.000000,7.000000,2.000000,42.964295,1.369252,1.028571,0.470501,0.264534,0.383760,12.041595,33.252441,1.059739,21.486850,0.684776,2.296017,0.073173,87.645385,99.992655,107.495758,92.489553,15.006205,0.860402
left,182,128,123,0,-1,0.755650,1243.000000,1070.000000,1416.000000,346.000000,0.866750,136.625365,126.872978,146.377752,19.504774,0.875264,1.121082,1.046512,1.195652,0.149141,0.994186,0.832896,0.830468,0.835325,0.004857,1.000000,1.000000,1.000000,1.000000,0.000000,0.857143,6.500000,6.000000,7.000000,1.000000,47.780704,1.358552,1.637931,0.469253,0.373693,0.216540,7.615773,36.408352,1.035201,23.441927,0.666526,6.278236,0.178510,74.582900,105.731631,114.242854,97.220408,17.022446,0.850998
left,183,128,117,0,-1,0.897338,1497.000000,1416.000000,1578.000000,162.000000,0.933741,151.571296,146.377752,156.764840,10.387089,0.871408,1.283873,1.195652,1.372093,0.176441,0.971620,0.818684,0.806900,0.830468,0.023568,1.000000,1.000000,1.000000,1.000000,0.000000,1.000000,6.000000,6.000000,6.000000,0.000000,43.589649,1.127020,1.242857,0.538562,0.229960,0.502018,19.416488,34.879236,0.901810,21.129319,0.546303,1.429516,0.036960,71.629803,104.749186,109.461470,100.036902,9.424567,0.913901
left,184,128,116,0,-1,0.750000,1239.000000,1062.000000,1416.000000,354.000000,0.861108,136.212417,126.047081,146.377752,20.330670,0.876190,1.121636,1.047619,1.195652,0.148033,0.988676,0.835224,0.830468,0.839980,0.009512,1.000000,1.000000,1.000000,1.000000,0.000000,0.833333,5.500000,5.000000,6.000000,1.000000,35.427896,1.009081,1.101449,0.672907,0.090395,0.816117,28.653098,26.517863,0.755300,17.624517,0.501993,3.762229,0.107158,70.455451,123.245180,126.158185,120.332175,5.826010,0.953820
left,185,128,108,0,-1,0.957080,1447.750000,1416.000000,1479.500000,63.500000,0.979762,147.889568,146.377752,149.401385,3.023633,0.904638,1.138642,1.081633,1.195652,0.114020,0.997028,0.831706,0.830468,0.832944,0.002475,1.000000,1.000000,1.000000,1.000000,0.000000,1.000000,6.000000,6.000000,6.000000,0.000000,44.396561,1.166887,1.260274,0.534749,0.226386,0.459018,17.464249,35.239700,0.926214,22.198188,0.583441,3.374688,0.088698,83.526336,104.560324,106.720019,102.400629,4.319389,0.959526
left,186,127,122,0,-1,0.807884,997.500000,891.500000,1103.500000,212.000000,0.946823,126.715555,123.254358,130.176752,6.922395,0.640152,1.387821,1.083333,1.692308,0.608974,0.901180,0.777873,0.737440,0.818305,0.080865,1.000000,1.000000,1.000000,1.000000,0.000000,1.000000,5.000000,5.000000,5.000000,0.000000,31.916061,1.011972,1.150943,0.582890,0.244110,0.729957,23.021729,26.594851,0.843251,15.005128,0.475772,3.663997,0.116175,50.194563,121.051364,130.301319,111.801409,18.499910,0.858022
left,187,127,114,0,-1,0.829699,1216.750000,1103.500000,1330.000000,226.500000,0.933379,134.822538,130.176752,139.468323,9.291571,0.708333,1.306373,1.083333,1.529412,0.446078,0.952368,0.838769,0.818305,0.859232,0.040927,1.000000,1.000000,1.000000,1.000000,0.000000,0.714286,6.000000,5.000000,7.000000,2.000000,31.423897,0.901844,1.346154,0.784814,0.073968,1.036756,36.124784,26.380581,0.757104,15.570608,0.446865,0.877964,0.025197,73.530421,153.048709,159.145542,146.951875,12.193667,0.923380
left,188,126,125,0,-1,0.904726,1269.500000,1206.000000,1333.000000,127.000000,0.963633,140.594653,137.990790,143.198515,5.207725,0.877117,1.344421,1.256410,1.432432,0.176022,0.974303,0.806393,0.795897,0.816889,0.020992,1.000000,1.000000,1.000000,1.000000,0.000000,1.000000,6.000000,6.000000,6.000000,0.000000,35.890780,1.007633,1.396226,0.523164,0.256203,0.480566,17.117243,30.027069,0.843010,17.596238,0.494014,0.251503,0.007061,75.750611,85.110195,105.204429,65.015960,40.188470,0.617996
left,189,126,121,0,-1,0.438485,958.750000,584.500000,1333.000000,748.500000,0.706250,122.166234,101.133952,143.198515,42.064564,0.795918,1.128205,1.000000,1.256410,0.256410,0.879098,0.767507,0.718126,0.816889,0.098763,1.000000,1.000000,1.000000,1.000000,0.000000,0.833333,5.500000,5.000000,6.000000,1.000000,36.324542,1.197117,1.063492,0.547400,0.237810,0.568911,17.262677,28.516226,0.939785,16.203451,0.534003,7.117238,0.234557,54.594017,124.043877,129.805571,118.282183,11.523388,0.911226
left,190,126,115,0,-1,0.634284,1089.250000,845.500000,1333.000000,487.500000,0.789903,128.155701,113.112887,143.198515,30.085628,0.998685,1.257237,1.256410,1.258065,0.001654,0.983702,0.823656,0.816889,0.830423,0.013534,1.000000,1.000000,1.000000,1.000000,0.000000,1.000000,6.000000,6.000000,6.000000,0.000000,37.634195,1.147598,1.362069,0.534508,0.255221,0.457402,15.000000,29.367423,0.895515,18.817004,0.573796,7.913029,0.241296,87.932887,102.309992,106.699244,97.920740,8.778504,0.917727
left,191,126,112,0,-1,0.797449,1198.000000,1063.000000,1333.000000,270.000000,0.872553,134.073370,124.948224,143.198515,18.250292,0.858754,1.167679,1.078947,1.256410,0.177463,0.954729,0.836256,0.816889,0.855624,0.038735,1.000000,1.000000,1.000000,1.000000,0.000000,1.000000,6.000000,6.000000,6.000000,0.000000,39.227053,1.135141,1.795918,0.600254,0.172997,0.639255,22.090722,29.530328,0.854540,19.417491,0.561898,3.884390,0.112405,88.572338,124.567803,124.992020,124.143587,0.848434,0.993212
left,192,125,121,0,-1,0.484660,895.250000,584.500000,1206.000000,621.500000,0.732904,119.562371,101.133952,137.990790,36.856839,0.698113,1.216216,1.000000,1.432432,0.432432,0.902284,0.757011,0.718126,0.795897,0.077772,1.000000,1.000000,1.000000,1.000000,0.000000,0.833333,5.500000,5.000000,6.000000,1.000000,25.573346,0.868307,1.625000,0.817651,0.015638,1.243369,36.619667,21.161910,0.718523,12.032649,0.408552,7.843206,0.266305,54.859880,170.723369,176.701857,164.744881,11.956976,0.932332
left,193,125,113,0,-1,0.911692,1152.750000,1099.500000,1206.000000,106.500000,0.927935,133.018610,128.046429,137.990790,9.944362,0.747978,1.251931,1.071429,1.432432,0.361004,0.944467,0.819296,0.795897,0.842694,0.046797,1.000000,1.000000,1.000000,1.000000,0.000000,1.000000,6.000000,6.000000,6.000000,0.000000,44.082369,1.298713,1.268657,0.489697,0.225331,0.335908,11.401754,33.343561,0.982337,21.235448,0.625619,4.963421,0.146228,65.638157,94.477784,102.372155,86.583412,15.788743,0.845771
left,194,124,118,0,-1,0.835806,928.000000,845.000000,1011.000000,166.000000,0.965933,123.305621,121.168899,125.442342,4.273443,1.000000,1.075000,1.075000,1.075000,0.000000,0.895801,0.765307,0.723243,0.807370,0.084127,1.000000,1.000000,1.000000,1.000000,0.000000,0.714286,6.000000,5.000000,7.000000,2.000000,44.680347,1.468176,1.472727,0.412905,0.477640,0.146952,4.472136,32.944152,1.082530,22.201661,0.729537,1.594644,0.052399,79.692043,100.588074,113.603417,87.572730,26.030687,0.770864
left,195,124,109,0,-1,0.607695,1117.750000,845.000000,1390.500000,545.500000,0.827298,133.816123,121.168899,146.463346,25.294447,0.963021,1.095640,1.075000,1.116279,0.041279,0.887894,0.768901,0.723243,0.814560,0.091317,1.000000,1.000000,1.000000,1.000000,0.000000,0.833333,5.500000,5.000000,6.000000,1.000000,44.901259,1.353298,1.054795,0.504343,0.211362,0.476546,15.811388,35.208883,1.061175,22.294262,0.671936,8.368278,0.252215,80.005235,114.049121,132.961864,95.136378,37.825486,0.715516
left,196,124,104,0,-1,0.405665,1464.000000,845.000000,2083.000000,1238.000000,0.700780,147.037277,121.168899,172.905655,51.736756,0.901613,1.133654,1.075000,1.192308,0.117308,0.826045,0.799396,0.723243,0.875550,0.152307,1.000000,1.000000,1.000000,1.000000,0.000000,0.714286,6.000000,5.000000,7.000000,2.000000,35.646415,0.954276,1.396825,0.674216,0.125342,0.809341,30.232433,29.590342,0.792152,17.447943,0.467092,12.694369,0.339836,69.212333,128.523933,141.098875,115.948991,25.149884,0.821757
left,197,123,116,0,-1,0.992523,1066.000000,1062.000000,1070.000000,8.000000,0.993490,126.460030,126.047081,126.872978,0.825896,0.998943,1.047065,1.046512,1.047619,0.001107,0.994458,0.837652,0.835325,0.839980,0.004655,1.000000,1.000000,1.000000,1.000000,0.000000,0.714286,6.000000,5.000000,7.000000,2.000000,33.302054,1.019984,1.079365,0.699411,0.062148,0.875989,28.600699,26.059247,0.798149,16.650366,0.509972,0.387077,0.011855,88.242688,117.524990,142.447417,92.602562,49.844855,0.650082
left,198,123,110,0,-1,0.601969,1423.750000,1070.000000,1777.500000,707.500000,0.776321,145.150756,126.872978,163.428534,36.555556,0.866079,1.127422,1.046512,1.208333,0.161822,0.998830,0.835814,0.835325,0.836303,0.000978,1.000000,1.000000,1.000000,1.000000,0.000000,1.000000,7.000000,7.000000,7.000000,0.000000,39.601169,1.057847,1.147059,0.723700,0.049868,0.907440,33.970576,29.773980,0.795338,19.441122,0.519321,8.811167,0.235368,80.979611,157.984646,160.114835,155.854458,4.260377,0.973392
left,199,123,105,0,-1,0.998598,1069.250000,1068.500000,1070.000000,1.500000,0.989428,127.550817,126.872978,128.228657,1.355680,0.975159,1.059841,1.046512,1.073171,0.026659,0.977595,0.825967,0.816609,0.835325,0.018716,1.000000,1.000000,1.000000,1.000000,0.000000,0.857143,6.500000,6.000000,7.000000,1.000000,46.663689,1.427051,1.755102,0.441851,0.466916,0.129747,4.242641,35.936109,1.098984,22.155209,0.677542,0.641306,0.019612,50.236914,104.099656,112.271109,95.928203,16.342906,0.854434
left,200,122,117,0,-1,0.564956,1234.750000,891.500000,1578.000000,686.500000,0.786237,140.009599,123.254358,156.764840,33.510483,0.810782,1.532200,1.372093,1.692308,0.320215,0.913918,0.772170,0.737440,0.806900,0.069460,1.000000,1.000000,1.000000,1.000000,0.000000,0.833333,5.500000,5.000000,6.000000,1.000000,26.977103,0.775404,1.118644,0.843440,0.040696,1.267630,44.102154,22.876672,0.657545,13.455594,0.386755,6.306256,0.181261,67.736599,156.426207,162.597296,150.255119,12.342177,0.924094
left,201,122,114,0,-1,0.670301,1110.750000,891.500000,1330.000000,438.500000,0.883744,131.361340,123.254358,139.468323,16.213965,0.903743,1.610860,1.529412,1.692308,0.162896,0.858255,0.798336,0.737440,0.859232,0.121792,1.000000,1.000000,1.000000,1.000000,0.000000,0.714286,6.000000,5.000000,7.000000,2.000000,36.179372,1.090937,1.098361,0.535542,0.223498,0.518781,17.204651,30.783586,0.928235,18.082801,0.545261,6.674763,0.201268,86.220618,97.972698,113.198591,82.746805,30.451785,0.730988
left,202,122,107,0,-1,0.966920,906.750000,891.500000,922.000000,30.500000,0.984007,122.268750,121.283142,123.254358,1.971216,0.764706,1.493213,1.294118,1.692308,0.398190,0.936239,0.762551,0.737440,0.787662,0.050222,1.000000,1.000000,1.000000,1.000000,0.000000,0.833333,5.500000,5.000000,6.000000,1.000000,39.661969,1.317182,1.591837,0.468557,0.367797,0.398522,12.000000,28.474594,0.945647,19.193290,0.637413,2.626137,0.087215,70.185002,118.554060,121.263732,115.844388,5.419344,0.955309
left,203,121,113,0,-1,0.531605,842.000000,584.500000,1099.500000,515.000000,0.789823,114.590190,101.133952,128.046429,26.912477,0.933333,1.035714,1.000000,1.071429,0.071429,0.852178,0.780410,0.718126,0.842694,0.124569,1.000000,1.000000,1.000000,1.000000,0.000000,0.833333,5.500000,5.000000,6.000000,1.000000,34.296077,1.196337,1.320755,0.512612,0.290677,0.453474,13.000000,25.961599,0.905609,17.112146,0.596916,5.198809,0.181348,85.804657,111.136845,129.390726,92.882963,36.507762,0.717849
left,204,121,112,0,-1,0.549859,823.750000,584.500000,1063.000000,478.500000,0.809407,113.041088,101.133952,124.948224,23.814272,0.926829,1.039474,1.000000,1.078947,0.078947,0.839300,0.786875,0.718126,0.855624,0.137498,1.000000,1.000000,1.000000,1.000000,0.000000,0.833333,5.500000,5.000000,6.000000,1.000000,25.881921,0.911654,1.035714,0.613799,0.200910,0.747205,21.213203,22.707541,0.799841,12.876336,0.453551,7.080582,0.249404,48.610106,105.393405,105.584401,105.202409,0.381992,0.996382
left,205,121,97,0,-1,0.451351,939.750000,584.500000,1295.000000,710.500000,0.713376,121.451051,101.133952,141.768150,40.634198,0.735849,1.179487,1.000000,1.358974,0.358974,0.886907,0.763911,0.718126,0.809697,0.091571,1.000000,1.000000,1.000000,1.000000,0.000000,0.714286,6.000000,5.000000,7.000000,2.000000,40.876665,1.358874,1.847826,0.502380,0.191008,0.433439,13.038405,32.893244,1.093479,19.068391,0.633896,13.101111,0.435524,61.649989,118.702504,122.388115,115.016893,7.371221,0.939772
left,206,120,119,0,-1,0.609716,977.500000,740.500000,1214.500000,474.000000,0.815678,121.214283,108.909013,133.519554,24.610541,0.899522,1.127841,1.068182,1.187500,0.119318,0.916410,0.820306,0.784526,0.856086,0.071561,1.000000,1.000000,1.000000,1.000000,0.000000,0.714286,6.000000,5.000000,7.000000,2.000000,38.587242,1.243510,1.702128,0.533595,0.281330,0.448855,13.928388,26.751758,0.862101,18.904781,0.609224,5.479227,0.176573,74.933935,122.984820,141.340192,104.629449,36.710743,0.740267
left,207,120,113,0,-1,0.905311,1157.000000,1099.500000,1214.500000,115.000000,0.959009,130.782991,128.046429,133.519554,5.473125,0.996970,1.069805,1.068182,1.071429,0.003247,0.984357,0.849390,0.842694,0.856086,0.013392,1.000000,1.000000,1.000000,1.000000,0.000000,0.857143,6.500000,6.000000,7.000000,1.000000,34.471193,1.013734,1.177419,0.735793,0.054451,0.922966,31.384710,28.777670,0.846298,17.235510,0.506864,1.539041,0.045260,82.626867,161.941572,168.302285,155.580859,12.721425,0.924413
left,208,120,111,0,-1,0.815974,1102.750000,991.000000,1214.500000,223.500000,0.926234,128.594967,123.670380,133.519554,9.849174,0.959574,1.046591,1.025000,1.068182,0.043182,0.951118,0.835163,0.814239,0.856086,0.041847,1.000000,1.000000,1.000000,1.000000,0.000000,0.714286,6.000000,5.000000,7.000000,2.000000,38.581719,1.163329,1.000000,0.556668,0.207663,0.513476,17.029386,28.453671,0.857945,19.268812,0.581000,0.157715,0.004755,87.823250,100.565829,104.096682,97.034976,7.061706,0.932162
left,209,120,102,0,-1,0.747615,1419.500000,1214.500000,1624.500000,410.000000,0.846499,145.625489,133.519554,157.731423,24.211869,0.824561,1.181818,1.068182,1.295455,0.227273,0.958463,0.838307,0.820527,0.856086,0.035559,1.000000,1.000000,1.000000,1.000000,0.000000,1.000000,7.000000,7.000000,7.000000,0.000000,43.443197,1.156100,1.406780,0.514236,0.326523,0.370659,13.928388,33.700402,0.896827,19.380942,0.515761,2.922799,0.077781,48.602525,97.124215,102.163871,92.084558,10.079313,0.901342
left,210,119,111,0,-1,0.747225,865.750000,740.500000,991.000000,250.500000,0.880639,116.289697,108.909013,123.670380,14.761368,0.863158,1.106250,1.025000,1.187500,0.162500,0.963508,0.799383,0.784526,0.814239,0.029714,1.000000,1.000000,1.000000,1.000000,0.000000,1.000000,5.000000,5.000000,5.000000,0.000000,24.832390,0.846189,1.058824,0.784418,0.068438,1.125025,33.015148,22.038093,0.750971,12.327063,0.420057,2.638367,0.089905,70.921134,158.493349,165.712828,151.273869,14.438958,0.912868
left,211,119,110,0,-1,0.416596,1259.000000,740.500000,1777.500000,1037.000000,0.666401,136.168773,108.909013,163.428534,54.519521,0.982759,1.197917,1.187500,1.208333,0.020833,0.938088,0.810414,0.784526,0.836303,0.051777,1.000000,1.000000,1.000000,1.000000,0.000000,0.714286,6.000000,5.000000,7.000000,2.000000,32.937186,0.949574,1.241379,0.667579,0.155679,0.787430,27.313001,26.858773,0.774334,16.260361,0.468784,8.231830,0.237322,60.268062,114.908706,115.671871,114.145542,1.526329,0.986805
left,212,118,115,0,-1,0.836301,928.250000,845.500000,1011.000000,165.500000,0.901712,119.277615,113.112887,125.442342,12.329455,0.854487,1.166532,1.075000,1.258065,0.183065,0.972240,0.818897,0.807370,0.830423,0.023053,1.000000,1.000000,1.000000,1.000000,0.000000,0.857143,6.500000,6.000000,7.000000,1.000000,31.871727,1.047143,1.408163,0.623509,0.109884,0.741240,22.561028,26.563103,0.872728,15.894497,0.522212,2.009528,0.066023,85.220824,111.271889,140.194429,82.349349,57.845080,0.587394
left,213,118,109,0,-1,0.727077,1200.750000,1011.000000,1390.500000,379.500000,0.856476,135.952844,125.442342,146.463346,21.021004,0.963021,1.095640,1.075000,1.116279,0.041279,0.991174,0.810965,0.807370,0.814560,0.007190,1.000000,1.000000,1.000000,1.000000,0.000000,0.857143,6.500000,6.000000,7.000000,1.000000,28.349560,0.820708,1.107143,0.818799,0.045388,1.156897,39.962482,20.756621,0.600895,14.165838,0.410095,2.742629,0.079398,45.281927,150.841183,151.260205,150.422161,0.838043,0.994460
left,214,118,106,0,-1,0.693373,856.000000,701.000000,1011.000000,310.000000,0.830738,114.826008,104.209673,125.442342,21.232669,0.865972,1.158190,1.075000,1.241379,0.166379,0.995316,0.809270,0.807370,0.811170,0.003800,1.000000,1.000000,1.000000,1.000000,0.000000,0.857143,6.500000,6.000000,7.000000,1.000000,41.184033,1.413495,1.079365,0.479746,0.367991,0.306980,8.944272,32.502336,1.115527,18.880142,0.647993,3.752902,0.128805,70.339167,118.062827,124.714217,111.411436,13.302781,0.893334
left,215,117,108,0,-1,0.937579,1528.750000,1479.500000,1578.000000,98.500000,0.953029,153.083113,149.401385,156.764840,7.363455,0.788309,1.226863,1.081633,1.372093,0.290460,0.968733,0.819922,0.806900,0.832944,0.026044,1.000000,1.000000,1.000000,1.000000,0.000000,1.000000,6.000000,6.000000,6.000000,0.000000,34.310871,0.877647,1.285714,0.784776,0.045626,1.085839,42.449971,27.717991,0.709006,17.092972,0.437226,1.471535,0.037641,70.057294,154.242038,160.346176,148.137901,12.208275,0.923863
left,216,117,107,0,-1,0.584284,1250.000000,922.000000,1578.000000,656.000000,0.773663,139.023991,121.283142,156.764840,35.481699,0.943170,1.333105,1.294118,1.372093,0.077975,0.976159,0.797281,0.787662,0.806900,0.019238,1.000000,1.000000,1.000000,1.000000,0.000000,1.000000,6.000000,6.000000,6.000000,0.000000,41.999131,1.198460,1.393443,0.519984,0.272000,0.460119,16.124515,34.612622,0.987683,20.887002,0.596018,12.574335,0.358813,79.082911,95.104176,96.307858,93.900494,2.407364,0.975003
left,217,116,108,0,-1,0.717810,1270.750000,1062.000000,1479.500000,417.500000,0.843681,137.724233,126.047081,149.401385,23.354304,0.968553,1.064626,1.047619,1.081633,0.034014,0.991623,0.836462,0.832944,0.839980,0.007036,1.000000,1.000000,1.000000,1.000000,0.000000,0.833333,5.500000,5.000000,6.000000,1.000000,39.959429,1.124784,1.450000,0.561135,0.213063,0.519026,18.439089,33.025346,0.929603,19.922047,0.560769,5.560932,0.156530,74.604580,108.309607,127.121796,89.497418,37.624378,0.704029
left,218,116,105,0,-1,0.993917,1065.250000,1062.000000,1068.500000,6.500000,0.982987,127.137869,126.047081,128.228657,2.181576,0.976190,1.060395,1.047619,1.073171,0.025552,0.972177,0.828294,0.816609,0.839980,0.023371,1.000000,1.000000,1.000000,1.000000,0.000000,0.833333,5.500000,5.000000,6.000000,1.000000,32.527424,0.996608,1.116667,0.726360,0.048580,0.954247,31.144823,25.262610,0.774021,16.183476,0.495846,0.286873,0.008789,89.891107,155.719488,171.469234,139.969741,31.499494,0.816297
left,219,116,99,0,-1,0.917137,1018.000000,974.000000,1062.000000,88.000000,0.956195,123.286309,120.525536,126.047081,5.521546,0.997732,1.048810,1.047619,1.050000,0.002381,0.996915,0.841279,0.839980,0.842579,0.002599,1.000000,1.000000,1.000000,1.000000,0.000000,0.833333,5.500000,5.000000,6.000000,1.000000,36.897596,1.156713,1.233333,0.590498,0.224951,0.602200,19.209373,29.444657,0.923069,18.032609,0.565309,0.644575,0.020207,71.129985,125.200736,129.313966,121.087505,8.226460,0.936384
left,220,115,112,0,-1,0.795390,954.250000,845.500000,1063.000000,217.500000,0.905278,119.030556,113.112887,124.948224,11.835336,0.857625,1.168506,1.078947,1.258065,0.179117,0.970546,0.843023,0.830423,0.855624,0.025201,1.000000,1.000000,1.000000,1.000000,0.000000,1.000000,6.000000,6.000000,6.000000,0.000000,32.509882,1.054127,1.416667,0.624209,0.138329,0.681693,21.023796,25.741114,0.834651,15.927902,0.516459,3.927545,0.127350,60.279704,110.060190,137.935673,82.184706,55.750967,0.595819
left,221,115,106,0,-1,0.829095,773.250000,701.000000,845.500000,144.500000,0.921289,108.661280,104.209673,113.112887,8.903215,0.986737,1.249722,1.241379,1.258065,0.016685,0.976815,0.820796,0.811170,0.830423,0.019253,1.000000,1.000000,1.000000,1.000000,0.000000,1.000000,6.000000,6.000000,6.000000,0.000000,25.519024,0.918712,1.657143,0.789856,0.039767,1.088400,30.232433,20.027956,0.721028,12.113706,0.436107,2.399568,0.086387,60.155263,158.592305,166.239215,150.945396,15.293819,0.908001
left,222,115,101,0,-1,0.697812,717.750000,590.000000,845.500000,255.500000,0.860702,105.234663,97.356439,113.112887,15.756449,0.959328,1.232481,1.206897,1.258065,0.051168,0.941962,0.806325,0.782226,0.830423,0.048196,1.000000,1.000000,1.000000,1.000000,0.000000,0.833333,5.500000,5.000000,6.000000,1.000000,37.269061,1.396698,1.203704,0.500338,0.312435,0.385840,10.295630,28.523112,1.068934,16.969963,0.635967,4.116152,0.154257,57.728629,124.179644,124.215702,124.143587,0.072115,0.999419
left,223,114,107,0,-1,0.693233,1126.000000,922.000000,1330.000000,408.000000,0.869611,130.375732,121.283142,139.468323,18.185181,0.846154,1.411765,1.294118,1.529412,0.235294,0.916705,0.823447,0.787662,0.859232,0.071570,1.000000,1.000000,1.000000,1.000000,0.000000,0.857143,6.500000,6.000000,7.000000,1.000000,42.244330,1.264164,1.764706,0.533623,0.166297,0.455805,15.231546,31.501697,0.942690,21.122096,0.632080,6.956151,0.208163,81.659849,115.378571,125.537678,105.219465,20.318213,0.838150
left,224,114,100,0,-1,0.457143,969.000000,608.000000,1330.000000,722.000000,0.758171,122.604557,105.740792,139.468323,33.727531,0.759305,1.345351,1.161290,1.529412,0.368121,0.795276,0.771279,0.683327,0.859232,0.175905,1.000000,1.000000,1.000000,1.000000,0.000000,0.571429,5.500000,4.000000,7.000000,3.000000,32.810540,1.073524,1.133333,0.498437,0.318111,0.395344,12.083046,29.140733,0.953452,16.121549,0.527479,8.014169,0.262214,42.805480,95.925514,98.784543,93.066486,5.718057,0.942116
left,225,114,98,0,-1,0.868045,1242.250000,1154.500000,1330.000000,175.500000,0.955149,136.340669,133.213014,139.468323,6.255309,0.671518,1.278219,1.027027,1.529412,0.502385,0.951481,0.838387,0.817543,0.859232,0.041689,1.000000,1.000000,1.000000,1.000000,0.000000,0.857143,6.500000,6.000000,7.000000,1.000000,35.713101,1.013898,1.232143,0.643097,0.149930,0.743040,26.172505,26.784994,0.760429,17.572035,0.498872,0.199901,0.005675,61.289479,123.620678,135.000000,112.241357,22.758643,0.831417
left,226,113,102,0,-1,0.676824,1362.000000,1099.500000,1624.500000,525.000000,0.811800,142.888926,128.046429,157.731423,29.684995,0.827068,1.183442,1.071429,1.295455,0.224026,0.973695,0.831611,0.820527,0.842694,0.022167,1.000000,1.000000,1.000000,1.000000,0.000000,0.857143,6.500000,6.000000,7.000000,1.000000,33.895954,0.922793,1.075758,0.712390,0.113253,0.906205,33.286634,29.757132,0.810117,16.730117,0.455466,3.689810,0.100452,80.978641,128.254897,156.896638,99.613157,57.283481,0.634897
left,227,113,97,0,-1,0.849035,1197.250000,1099.500000,1295.000000,195.500000,0.903210,134.907289,128.046429,141.768150,13.721721,0.788410,1.215201,1.071429,1.358974,0.287546,0.960842,0.826196,0.809697,0.842694,0.032998,1.000000,1.000000,1.000000,1.000000,0.000000,0.857143,6.500000,6.000000,7.000000,1.000000,34.757148,1.005344,1.222222,0.616149,0.177490,0.706144,24.413111,26.004565,0.752177,16.462658,0.476179,0.134942,0.003903,49.009511,109.533864,110.846568,108.221160,2.625409,0.976315
left,228,112,101,0,-1,0.555033,826.500000,590.000000,1063.000000,473.000000,0.779174,111.152331,97.356439,124.948224,27.591785,0.893985,1.142922,1.078947,1.206897,0.127949,0.914218,0.818925,0.782226,0.855624,0.073398,1.000000,1.000000,1.000000,1.000000,0.000000,0.833333,5.500000,5.000000,6.000000,1.000000,25.304848,0.889550,1.348837,0.788535,0.049002,1.054600,30.000000,20.181469,0.709446,12.383555,0.435323,5.954749,0.209329,68.960940,152.629523,153.671707,151.587339,2.084368,0.986436
left,229,112,97,0,-1,0.820849,1179.000000,1063.000000,1295.000000,232.000000,0.881356,133.358187,124.948224,141.768150,16.819926,0.793942,1.218961,1.078947,1.358974,0.280027,0.946323,0.832660,0.809697,0.855624,0.045927,1.000000,1.000000,1.000000,1.000000,0.000000,0.857143,6.500000,6.000000,7.000000,1.000000,39.167683,1.142085,1.014706,0.612792,0.126802,0.682591,23.409400,30.034765,0.875779,18.871456,0.550270,3.304464,0.096354,62.833069,115.535550,139.398705,91.672394,47.726311,0.657627
left,230,112,94,0,-1,0.840546,978.250000,893.500000,1063.000000,169.500000,0.945196,121.524406,118.100588,124.948224,6.847636,0.928397,1.120555,1.078947,1.162162,0.083215,0.940843,0.830316,0.805008,0.855624,0.050616,1.000000,1.000000,1.000000,1.000000,0.000000,1.000000,6.000000,6.000000,6.000000,0.000000,44.633969,1.428398,1.538462,0.470366,0.332737,0.230773,7.211103,33.506149,1.072280,21.712617,0.694858,2.453931,0.078532,73.866611,111.813529,124.654432,98.972627,25.681805,0.793976
left,231,111,110,0,-1,0.557525,1384.250000,991.000000,1777.500000,786.500000,0.756725,143.549457,123.670380,163.428534,39.758153,0.848276,1.116667,1.025000,1.208333,0.183333,0.973618,0.825271,0.814239,0.836303,0.022064,1.000000,1.000000,1.000000,1.000000,0.000000,0.714286,6.000000,5.000000,7.000000,2.000000,39.625150,1.076177,1.465517,0.553967,0.241647,0.495604,18.248288,32.072096,0.871044,19.400485,0.526897,5.891701,0.160012,85.812623,111.527931,144.440562,78.615301,65.825260,0.544274
left,232,111,102,0,-1,0.610034,1307.750000,991.000000,1624.500000,633.500000,0.784057,140.700902,123.670380,157.731423,34.061043,0.791228,1.160227,1.025000,1.295455,0.270455,0.992337,0.817383,0.814239,0.820527,0.006288,1.000000,1.000000,1.000000,1.000000,0.000000,0.714286,6.000000,5.000000,7.000000,2.000000,36.336173,1.012358,1.472727,0.721719,0.037469,0.947270,34.000000,27.661430,0.770672,18.117299,0.504764,9.216219,0.256772,86.660210,153.292725,160.801153,145.784298,15.016855,0.906612
left,233,111,93,0,-1,0.928772,1029.000000,991.000000,1067.000000,76.000000,0.953013,126.719070,123.670380,129.767761,6.097380,0.953488,1.050000,1.025000,1.075000,0.050000,0.977887,0.805237,0.796234,0.814239,0.018006,1.000000,1.000000,1.000000,1.000000,0.000000,0.833333,5.500000,5.000000,6.000000,1.000000,35.699462,1.113084,1.600000,0.582634,0.128280,0.666537,21.377558,28.270070,0.881441,17.757915,0.553679,0.147547,0.004600,82.429363,106.120166,106.927513,105.312818,1.614695,0.984899
left,234,110,105,0,-1,0.601125,1423.000000,1068.500000,1777.500000,709.000000,0.784616,145.828595,128.228657,163.428534,35.199876,0.888141,1.140752,1.073171,1.208333,0.135163,0.976451,0.826456,0.816609,0.836303,0.019694,1.000000,1.000000,1.000000,1.000000,0.000000,0.857143,6.500000,6.000000,7.000000,1.000000,33.841092,0.904258,1.121212,0.732418,0.059030,0.944342,35.341194,27.458977,0.733723,16.920445,0.452126,6.655071,0.177828,75.127751,113.940877,140.267697,87.614056,52.653641,0.624620
left,235,110,93,0,-1,0.600281,1422.250000,1067.000000,1777.500000,710.500000,0.794034,146.598147,129.767761,163.428534,33.660773,0.889655,1.141667,1.075000,1.208333,0.133333,0.952088,0.816268,0.796234,0.836303,0.040069,1.000000,1.000000,1.000000,1.000000,0.000000,0.857143,6.500000,6.000000,7.000000,1.000000,48.103092,1.285743,1.266667,0.510699,0.264370,0.382700,14.317821,35.580041,0.951015,23.468828,0.627296,9.756851,0.260790,87.676468,110.771987,111.297354,110.246620,1.050734,0.990559
left,236,110,84,0,-1,0.944585,1728.250000,1679.000000,1777.500000,98.500000,0.948188,159.194721,154.960908,163.428534,8.467626,0.956322,1.181944,1.155556,1.208333,0.052778,0.951804,0.857477,0.836303,0.878651,0.042348,1.000000,1.000000,1.000000,1.000000,0.000000,0.857143,6.500000,6.000000,7.000000,1.000000,49.153827,1.182492,2.270833,0.560656,0.170838,0.481740,20.024984,36.087157,0.868147,24.576762,0.591242,1.067029,0.025669,89.442622,99.047627,101.755063,96.340192,5.414871,0.946785
left,237,109,106,0,-1,0.504135,1045.750000,701.000000,1390.500000,689.500000,0.711507,125.336510,104.209673,146.463346,42.253674,0.899225,1.178829,1.116279,1.241379,0.125100,0.995838,0.812865,0.811170,0.814560,0.003390,1.000000,1.000000,1.000000,1.000000,0.000000,1.000000,6.000000,6.000000,6.000000,0.000000,38.635705,1.211800,1.551020,0.581377,0.124552,0.596755,19.026298,28.714989,0.900639,18.495806,0.580117,11.448620,0.359083,60.351461,111.255626,137.647630,84.863622,52.784008,0.616528
left,238,109,104,0,-1,0.667547,1736.750000,1390.500000,2083.000000,692.500000,0.847071,159.684501,146.463346,172.905655,26.442309,0.936234,1.154293,1.116279,1.192308,0.076029,0.930341,0.845055,0.814560,0.875550,0.060990,1.000000,1.000000,1.000000,1.000000,0.000000,0.857143,6.500000,6.000000,7.000000,1.000000,43.340869,1.045249,1.548387,0.613401,0.163380,0.634417,26.305893,34.529195,0.832738,21.362327,0.515194,4.852544,0.117028,65.432461,107.188695,111.089144,103.288247,7.800898,0.929778
left,239,109,96,0,-1,0.471054,1022.750000,655.000000,1390.500000,735.500000,0.682631,123.221878,99.980409,146.463346,46.482938,0.957615,1.092622,1.068966,1.116279,0.047314,0.989240,0.818990,0.814560,0.823420,0.008860,1.000000,1.000000,1.000000,1.000000,0.000000,1.000000,6.000000,6.000000,6.000000,0.000000,41.243359,1.311762,1.109375,0.532244,0.212173,0.424337,13.341664,31.483102,1.001333,18.801714,0.597996,9.887571,0.314478,60.481766,116.424921,122.370541,110.479300,11.891241,0.902826
left,240,109,95,0,-1,0.915498,1331.750000,1273.000000,1390.500000,117.500000,0.947776,142.638924,138.814502,146.463346,7.648845,0.960519,1.139221,1.116279,1.162162,0.045883,0.981193,0.822366,0.814560,0.830173,0.015613,1.000000,1.000000,1.000000,1.000000,0.000000,1.000000,6.000000,6.000000,6.000000,0.000000,32.774008,0.898305,1.333333,0.683769,0.122959,0.877519,32.015621,25.783224,0.706694,16.386284,0.449133,0.208900,0.005726,65.169864,120.240454,143.495297,96.985611,46.509686,0.675880
left,241,108,107,0,-1,0.623184,1200.750000,922.000000,1479.500000,557.500000,0.811794,135.342263,121.283142,149.401385,28.118243,0.835807,1.187875,1.081633,1.294118,0.212485,0.945637,0.810303,0.787662,0.832944,0.045282,1.000000,1.000000,1.000000,1.000000,0.000000,1.000000,6.000000,6.000000,6.000000,0.000000,41.964675,1.219394,1.421053,0.552052,0.293567,0.535796,18.439089,32.790353,0.952810,19.460551,0.565478,8.335932,0.242222,73.053560,118.419265,133.492564,103.345966,30.146598,0.774170
left,242,108,99,0,-1,0.658331,1226.750000,974.000000,1479.500000,505.500000,0.806723,134.963460,120.525536,149.401385,28.875849,0.970755,1.065816,1.050000,1.081633,0.031633,0.988564,0.837761,0.832944,0.842579,0.009636,1.000000,1.000000,1.000000,1.000000,0.000000,1.000000,6.000000,6.000000,6.000000,0.000000,30.561088,0.877269,1.000000,0.780838,0.065213,1.022171,35.608988,24.821739,0.712519,15.186621,0.435938,4.798742,0.137750,64.376480,152.130551,163.072487,141.188616,21.883871,0.865803
left,243,108,92,0,-1,0.765985,1705.500000,1479.500000,1931.500000,452.000000,0.877302,159.848903,149.401385,170.296421,20.895036,0.748823,1.263039,1.081633,1.444444,0.362812,0.995227,0.834941,0.832944,0.836938,0.003995,1.000000,1.000000,1.000000,1.000000,0.000000,0.857143,6.500000,6.000000,7.000000,1.000000,45.289779,1.099092,1.232877,0.525143,0.197596,0.412556,17.000000,37.233589,0.903584,22.599084,0.548434,2.256494,0.054761,83.716417,82.338214,96.842773,67.833654,29.009119,0.700451
left,244,107,98,0,-1,0.798614,1038.250000,922.000000,1154.500000,232.500000,0.910445,127.248078,121.283142,133.213014,11.929872,0.793612,1.160572,1.027027,1.294118,0.267091,0.963451,0.802602,0.787662,0.817543,0.029881,1.000000,1.000000,1.000000,1.000000,0.000000,1.000000,6.000000,6.000000,6.000000,0.000000,33.548336,1.042807,1.365385,0.583809,0.219119,0.669564,21.540659,27.832041,0.865123,16.523041,0.513597,1.919910,0.059678,76.883095,110.310420,119.780535,100.840305,18.940230,0.841876
left,245,107,92,0,-1,0.477349,1426.750000,922.000000,1931.500000,1009.500000,0.712188,145.789781,121.283142,170.296421,49.013279,0.895928,1.369281,1.294118,1.444444,0.150327,0.941123,0.812300,0.787662,0.836938,0.049276,1.000000,1.000000,1.000000,1.000000,0.000000,0.857143,6.500000,6.000000,7.000000,1.000000,35.356808,0.951561,1.089552,0.770812,0.033993,1.021280,37.947332,26.768289,0.720417,16.775472,0.451480,9.217390,0.248068,60.188872,162.233508,165.793234,158.673782,7.119452,0.957058
left,246,106,101,0,-1,0.841655,645.500000,590.000000,701.000000,111.000000,0.934236,100.783056,97.356439,104.209673,6.853234,0.972222,1.224138,1.206897,1.241379,0.034483,0.964319,0.796698,0.782226,0.811170,0.028943,1.000000,1.000000,1.000000,1.000000,0.000000,0.833333,5.500000,5.000000,6.000000,1.000000,28.520054,1.123582,1.348837,0.551154,0.202169,0.590943,15.000000,23.338150,0.919434,13.898440,0.547546,2.514330,0.099055,60.025566,108.796580,132.754257,84.838902,47.915355,0.639067
left,247,106,96,0,-1,0.934379,678.000000,655.000000,701.000000,46.000000,0.959416,102.095041,99.980409,104.209673,4.229264,0.861111,1.155172,1.068966,1.241379,0.172414,0.985123,0.817295,0.811170,0.823420,0.012250,1.000000,1.000000,1.000000,1.000000,0.000000,1.000000,6.000000,6.000000,6.000000,0.000000,24.419871,0.937974,1.414634,0.607533,0.179204,0.705119,18.357560,20.039211,0.769712,12.184089,0.467994,0.799138,0.030695,52.149095,104.208389,108.434949,99.981829,8.453120,0.922044
left,248,106,90,0,-1,0.708081,845.500000,701.000000,990.000000,289.000000,0.862957,112.484256,104.209673,120.758839,16.549166,0.869152,1.160163,1.078947,1.241379,0.162432,0.950834,0.832142,0.811170,0.853114,0.041944,1.000000,1.000000,1.000000,1.000000,0.000000,1.000000,6.000000,6.000000,6.000000,0.000000,37.594403,1.297686,1.327273,0.532999,0.178593,0.436623,12.649111,28.042831,0.967984,18.165655,0.627043,4.853626,0.167538,71.777043,119.084274,119.357754,118.810794,0.546960,0.995417
left,249,105,99,0,-1,0.911558,1021.250000,974.000000,1068.500000,94.500000,0.939927,124.377097,120.525536,128.228657,7.703122,0.978409,1.061585,1.050000,1.073171,0.023171,0.969178,0.829594,0.816609,0.842579,0.025970,1.000000,1.000000,1.000000,1.000000,0.000000,1.000000,6.000000,6.000000,6.000000,0.000000,36.552503,1.144109,1.529412,0.539289,0.269767,0.478804,15.297059,29.479806,0.922731,18.275919,0.572044,1.652016,0.051709,72.199684,111.590108,124.237463,98.942754,25.294709,0.796400
left,250,105,89,0,-1,0.857200,1157.500000,1068.500000,1246.500000,178.000000,0.943739,132.050807,128.228657,135.872957,7.644300,1.000000,1.073171,1.073171,1.073171,0.000000,0.962450,0.832539,0.816609,0.848469,0.031860,1.000000,1.000000,1.000000,1.000000,0.000000,0.833333,5.500000,5.000000,6.000000,1.000000,33.699848,0.991263,1.509434,0.661579,0.124406,0.800160,27.202941,28.209678,0.829773,16.849573,0.495621,2.356471,0.069314,84.865584,123.170435,128.990994,117.349876,11.641118,0.909752
left,251,105,84,0,-1,0.636391,1373.750000,1068.500000,1679.000000,610.500000,0.827490,141.594783,128.228657,154.960908,26.732251,0.928705,1.114363,1.073171,1.155556,0.082385,0.929390,0.847630,0.816609,0.878651,0.062042,1.000000,1.000000,1.000000,1.000000,0.000000,1.000000,6.000000,6.000000,6.000000,0.000000,44.957334,1.220613,1.191781,0.538587,0.244040,0.407257,15.000000,35.139411,0.954052,22.460213,0.609806,6.802875,0.184701,82.062782,111.479436,117.977240,104.981633,12.995608,0.889846
left,252,104,103,0,-1,0.204993,1255.000000,427.000000,2083.000000,1656.000000,0.546613,133.709104,94.512553,172.905655,78.393103,0.919780,1.244302,1.192308,1.296296,0.103989,0.686085,0.738126,0.600702,0.875550,0.274848,1.000000,1.000000,1.000000,1.000000,0.000000,0.571429,5.500000,4.000000,7.000000,3.000000,26.225185,0.791060,1.127273,0.882914,0.023108,1.182573,39.204592,25.192053,0.759897,13.098900,0.395117,15.248043,0.459944,32.566604,156.116484,164.744881,147.488086,17.256796,0.895251
left,253,104,95,0,-1,0.611138,1678.000000,1273.000000,2083.000000,810.000000,0.802834,155.860079,138.814502,172.905655,34.091154,0.974717,1.177235,1.162162,1.192308,0.030146,0.948174,0.852861,0.830173,0.875550,0.045377,1.000000,1.000000,1.000000,1.000000,0.000000,0.857143,6.500000,6.000000,7.000000,1.000000,48.095879,1.182894,1.062500,0.583772,0.162396,0.528066,21.470911,38.044829,0.935693,23.253290,0.571903,9.314380,0.229082,72.288479,111.042728,113.216456,108.868999,4.347457,0.961600
left,254,104,86,0,-1,0.437110,1496.750000,910.500000,2083.000000,1172.500000,0.683039,145.503479,118.101303,172.905655,54.804353,0.924038,1.241315,1.192308,1.290323,0.098015,0.936914,0.847932,0.820315,0.875550,0.055235,1.000000,1.000000,1.000000,1.000000,0.000000,1.000000,7.000000,7.000000,7.000000,0.000000,45.927338,1.211573,1.884615,0.582481,0.129113,0.486427,18.439089,34.003445,0.897018,22.202512,0.585707,13.846223,0.365266,68.749981,109.068784,145.901268,72.236301,73.664967,0.495104
left,255,103,86,0,-1,0.468973,668.750000,427.000000,910.500000,483.500000,0.800267,106.306928,94.512553,118.101303,23.588750,0.995392,1.293309,1.290323,1.296296,0.005974,0.732282,0.710508,0.600702,0.820315,0.219613,1.000000,1.000000,1.000000,1.000000,0.000000,0.571429,5.500000,4.000000,7.000000,3.000000,36.373628,1.430949,1.510638,0.469506,0.309533,0.460466,11.704700,29.141758,1.146445,17.352482,0.682652,8.607603,0.338626,76.992756,139.763849,140.275613,139.252086,1.023527,0.992703
left,256,102,97,0,-1,0.797168,1459.750000,1295.000000,1624.500000,329.500000,0.898795,149.749786,141.768150,157.731423,15.963274,0.953259,1.327214,1.295455,1.358974,0.063520,0.986800,0.815112,0.809697,0.820527,0.010831,1.000000,1.000000,1.000000,1.000000,0.000000,1.000000,7.000000,7.000000,7.000000,0.000000,43.328713,1.135877,1.672727,0.539943,0.253811,0.509010,19.416488,33.854374,0.887504,21.442817,0.562131,8.340525,0.218650,83.307925,105.855233,119.453673,92.256794,27.196879,0.772323
left,257,102,93,0,-1,0.656817,1345.750000,1067.000000,1624.500000,557.500000,0.822713,143.749592,129.767761,157.731423,27.963663,0.829825,1.185227,1.075000,1.295455,0.220455,0.970393,0.808381,0.796234,0.820527,0.024294,1.000000,1.000000,1.000000,1.000000,0.000000,0.857143,6.500000,6.000000,7.000000,1.000000,47.645512,1.305892,1.318841,0.462145,0.411109,0.232569,8.485281,36.587050,1.002796,22.984546,0.629972,5.961739,0.163402,72.586189,102.048620,107.288189,96.809050,10.479139,0.902327
left,258,102,91,0,-1,0.531856,1244.250000,864.000000,1624.500000,760.500000,0.748744,137.915952,118.100480,157.731423,39.630943,0.792793,1.161241,1.027027,1.295455,0.268428,0.948696,0.799479,0.778431,0.820527,0.042096,1.000000,1.000000,1.000000,1.000000,0.000000,0.714286,6.000000,5.000000,7.000000,2.000000,37.282516,1.069815,1.057971,0.577253,0.204742,0.618106,21.540659,31.299239,0.898126,18.288752,0.524793,5.739865,0.164704,84.601321,108.565148,110.740756,106.389540,4.351216,0.960708
left,259,102,87,0,-1,0.687596,1370.750000,1117.000000,1624.500000,507.500000,0.812319,142.929853,128.128282,157.731423,29.603141,0.948371,1.262013,1.228571,1.295455,0.066883,0.959666,0.837771,0.820527,0.855014,0.034486,1.000000,1.000000,1.000000,1.000000,0.000000,0.857143,6.500000,6.000000,7.000000,1.000000,35.774754,0.970470,1.262295,0.641656,0.171804,0.734442,27.073973,29.191003,0.791871,17.476055,0.474077,4.345114,0.117871,75.047368,114.859161,134.421274,95.297048,39.124226,0.708943
left,260,101,94,0,-1,0.660325,741.750000,590.000000,893.500000,303.500000,0.824352,107.728513,97.356439,118.100588,20.744150,0.962934,1.184529,1.162162,1.206897,0.044734,0.971700,0.793617,0.782226,0.805008,0.022782,1.000000,1.000000,1.000000,1.000000,0.000000,0.833333,5.500000,5.000000,6.000000,1.000000,31.519787,1.163491,1.000000,0.595139,0.140883,0.710037,19.235384,25.442004,0.939142,15.514611,0.572692,4.246103,0.156737,72.385039,125.724710,142.009384,109.440035,32.569349,0.770654
left,261,101,90,0,-1,0.595960,790.000000,590.000000,990.000000,400.000000,0.806205,109.057639,97.356439,120.758839,23.402400,0.893985,1.142922,1.078947,1.206897,0.127949,0.916907,0.817670,0.782226,0.853114,0.070888,1.000000,1.000000,1.000000,1.000000,0.000000,0.833333,5.500000,5.000000,6.000000,1.000000,26.028081,0.933673,1.585366,0.667526,0.133228,0.818788,22.825424,20.598238,0.738895,12.686204,0.455076,4.709688,0.168945,54.349127,118.669544,128.904138,108.434949,20.469190,0.841206
left,262,100,98,0,-1,0.526635,881.250000,608.000000,1154.500000,546.500000,0.793772,119.476903,105.740792,133.213014,27.472222,0.884384,1.094159,1.027027,1.161290,0.134263,0.835830,0.750435,0.683327,0.817543,0.134216,1.000000,1.000000,1.000000,1.000000,0.000000,0.666667,5.000000,4.000000,6.000000,2.000000,30.119204,1.027335,1.800000,0.633941,0.126525,0.887489,26.019224,25.862623,0.882148,14.735224,0.502603,6.552082,0.223485,72.922765,138.035040,148.974101,127.095979,21.878122,0.853141
left,263,100,88,0,-1,0.340140,1197.750000,608.000000,1787.500000,1179.500000,0.648743,134.367065,105.740792,162.993338,57.252546,0.974654,1.176390,1.161290,1.191489,0.030199,0.808187,0.764416,0.683327,0.845505,0.162178,1.000000,1.000000,1.000000,1.000000,0.000000,0.571429,5.500000,4.000000,7.000000,3.000000,27.782033,0.830101,1.107143,0.818578,0.040910,1.149859,38.483763,26.173722,0.782046,13.794732,0.412174,10.655540,0.318378,83.198309,165.915203,166.561812,165.268594,1.293218,0.992236
left,264,99,92,0,-1,0.504271,1452.750000,974.000000,1931.500000,957.500000,0.707740,145.410978,120.525536,170.296421,49.770885,0.726923,1.247222,1.050000,1.444444,0.394444,0.993306,0.839759,0.836938,0.842579,0.005641,1.000000,1.000000,1.000000,1.000000,0.000000,0.857143,6.500000,6.000000,7.000000,1.000000,45.105192,1.200280,1.400000,0.578507,0.194115,0.526864,19.798990,35.014321,0.931755,21.443486,0.570626,9.550748,0.254152,67.986296,120.904546,141.724353,100.084740,41.639613,0.706193
left,265,99,89,0,-1,0.781388,1110.250000,974.000000,1246.500000,272.500000,0.887046,128.199246,120.525536,135.872957,15.347422,0.978409,1.061585,1.050000,1.073171,0.023171,0.993058,0.845524,0.842579,0.848469,0.005890,1.000000,1.000000,1.000000,1.000000,0.000000,0.833333,5.500000,5.000000,6.000000,1.000000,36.036244,1.083556,1.075758,0.587257,0.184418,0.577597,19.209373,27.363000,0.822764,17.884369,0.537756,5.082264,0.152816,87.726700,108.393460,118.412661,98.374259,20.038402,0.830775
left,266,99,82,0,-1,0.741248,1144.000000,974.000000,1314.000000,340.000000,0.867892,129.698571,120.525536,138.871606,18.346070,0.918750,1.096429,1.050000,1.142857,0.092857,0.984084,0.849393,0.842579,0.856206,0.013627,1.000000,1.000000,1.000000,1.000000,0.000000,1.000000,6.000000,6.000000,6.000000,0.000000,42.681607,1.265426,2.023256,0.513641,0.263986,0.338040,11.401754,32.511716,0.963908,20.145030,0.597260,6.402083,0.189809,66.222256,101.780598,105.030431,98.530766,6.499665,0.938116
left,267,98,92,0,-1,0.597722,1543.000000,1154.500000,1931.500000,777.000000,0.782242,151.754717,133.213014,170.296421,37.083407,0.711019,1.235736,1.027027,1.444444,0.417417,0.976825,0.827241,0.817543,0.836938,0.019396,1.000000,1.000000,1.000000,1.000000,0.000000,0.857143,6.500000,6.000000,7.000000,1.000000,50.856637,1.305242,1.886792,0.519403,0.207064,0.388384,15.132746,38.107273,0.978028,24.027716,0.616674,12.223313,0.313713,72.693676,106.078718,118.790975,93.366461,25.424514,0.785973
left,268,98,88,0,-1,0.645874,1471.000000,1154.500000,1787.500000,633.000000,0.817291,148.103176,133.213014,162.993338,29.780324,0.861969,1.109258,1.027027,1.191489,0.164462,0.966928,0.831524,0.817543,0.845505,0.027962,1.000000,1.000000,1.000000,1.000000,0.000000,0.857143,6.500000,6.000000,7.000000,1.000000,46.625279,1.222850,1.516667,0.479171,0.282631,0.241803,9.219544,38.295457,1.004382,23.438021,0.614713,9.396658,0.246448,85.548429,94.549785,121.464144,67.635427,53.828717,0.556835
left,269,98,80,0,-1,0.716636,1382.750000,1154.500000,1611.000000,456.500000,0.877176,142.539424,133.213014,151.865833,18.652819,0.888773,1.091291,1.027027,1.155556,0.128529,0.931376,0.847661,0.817543,0.877779,0.060236,1.000000,1.000000,1.000000,1.000000,0.000000,0.857143,6.500000,6.000000,7.000000,1.000000,35.593001,0.960478,1.538462,0.753053,0.075574,0.947939,35.128336,26.454196,0.713867,17.749700,0.478976,3.915134,0.105650,87.347228,147.405358,153.904576,140.906141,12.998435,0.915542
left,270,97,94,0,-1,0.689961,1094.250000,893.500000,1295.000000,401.500000,0.833054,129.934369,118.100588,141.768150,23.667561,0.855176,1.260568,1.162162,1.358974,0.196812,0.994210,0.807352,0.805008,0.809697,0.004688,1.000000,1.000000,1.000000,1.000000,0.000000,0.857143,6.500000,6.000000,7.000000,1.000000,26.460250,0.803316,1.203704,0.813701,0.045465,1.154054,38.013156,20.762801,0.630345,12.919180,0.392218,3.617833,0.109835,45.199901,138.441632,143.673174,133.210089,10.463085,0.927174
left,271,97,87,0,-1,0.862548,1206.000000,1117.000000,1295.000000,178.000000,0.903788,134.948216,128.128282,141.768150,13.639867,0.904043,1.293773,1.228571,1.358974,0.130403,0.946998,0.832355,0.809697,0.855014,0.045317,1.000000,1.000000,1.000000,1.000000,0.000000,0.857143,6.500000,6.000000,7.000000,1.000000,45.661287,1.315742,1.013514,0.521634,0.213930,0.415580,14.422205,34.015900,0.980177,22.504429,0.648471,2.618344,0.075448,72.279143,109.764871,113.404690,106.125053,7.279637,0.935808
left,272,97,77,0,-1,0.940154,1256.250000,1217.500000,1295.000000,77.500000,0.945563,137.909461,134.050772,141.768150,7.717377,0.942962,1.400075,1.358974,1.441176,0.082202,0.951003,0.830555,0.809697,0.851413,0.041716,1.000000,1.000000,1.000000,1.000000,0.000000,1.000000,7.000000,7.000000,7.000000,0.000000,52.379304,1.477996,2.348837,0.475400,0.276816,0.255517,9.055385,36.633301,1.033689,26.189377,0.738990,1.695085,0.047831,89.693911,112.166346,116.565051,107.767640,8.797411,0.924528
left,273,96,95,0,-1,0.514533,964.000000,655.000000,1273.000000,618.000000,0.720245,119.397455,99.980409,138.814502,38.834093,0.919808,1.115564,1.068966,1.162162,0.093197,0.991865,0.826796,0.823420,0.830173,0.006753,1.000000,1.000000,1.000000,1.000000,0.000000,1.000000,6.000000,6.000000,6.000000,0.000000,34.860680,1.137897,1.891892,0.602171,0.129149,0.623611,19.104973,27.498692,0.897593,17.363466,0.566766,9.026909,0.294650,80.818563,114.930615,152.535089,77.326140,75.208949,0.506940
left,274,96,90,0,-1,0.661616,822.500000,655.000000,990.000000,335.000000,0.827934,110.369624,99.980409,120.758839,20.778430,0.990749,1.073956,1.068966,1.078947,0.009982,0.965193,0.838267,0.823420,0.853114,0.029694,1.000000,1.000000,1.000000,1.000000,0.000000,1.000000,6.000000,6.000000,6.000000,0.000000,32.601502,1.142765,1.456522,0.619031,0.131611,0.665998,19.000000,23.713043,0.831202,15.609395,0.547149,5.007801,0.175536,64.565918,108.303979,132.207298,84.400661,47.806637,0.638396
left,275,96,85,0,-1,0.845038,604.250000,553.500000,655.000000,101.500000,0.945165,97.239201,94.497994,99.980409,5.482415,0.926437,1.111406,1.068966,1.153846,0.084881,0.945934,0.801160,0.778901,0.823420,0.044519,1.000000,1.000000,1.000000,1.000000,0.000000,0.833333,5.500000,5.000000,6.000000,1.000000,22.939704,0.934036,1.793103,0.760229,0.028134,1.081877,26.570661,17.425678,0.709521,11.034174,0.449278,1.158577,0.047174,62.531446,160.653006,166.865978,154.440035,12.425943,0.925533
left,276,96,81,0,-1,0.959004,669.000000,655.000000,683.000000,28.000000,0.954737,102.350382,99.980409,104.720355,4.739946,0.780056,1.219668,1.068966,1.370370,0.301405,0.950489,0.803036,0.782651,0.823420,0.040768,1.000000,1.000000,1.000000,1.000000,0.000000,1.000000,6.000000,6.000000,6.000000,0.000000,40.861508,1.579884,1.274510,0.431099,0.371450,0.139406,3.605551,30.004547,1.160106,19.992556,0.772999,0.286471,0.011076,64.161509,115.479090,129.289407,101.668774,27.620633,0.786366
left,277,95,86,0,-1,0.715240,1091.750000,910.500000,1273.000000,362.500000,0.850785,128.457902,118.101303,138.814502,20.713199,0.900676,1.226242,1.162162,1.290323,0.128160,0.988125,0.825244,0.820315,0.830173,0.009858,1.000000,1.000000,1.000000,1.000000,0.000000,0.857143,6.500000,6.000000,7.000000,1.000000,35.911012,1.090631,1.309091,0.563353,0.236089,0.550031,18.110770,28.867054,0.876704,17.301299,0.525447,6.651331,0.202004,79.518478,102.843391,105.229733,100.457049,4.772684,0.954645
left,278,95,85,0,-1,0.434800,913.250000,553.500000,1273.000000,719.500000,0.680750,116.656248,94.497994,138.814502,44.316508,0.992844,1.158004,1.153846,1.162162,0.008316,0.938240,0.804537,0.778901,0.830173,0.051272,1.000000,1.000000,1.000000,1.000000,0.000000,0.833333,5.500000,5.000000,6.000000,1.000000,40.045447,1.352756,1.192982,0.486584,0.335341,0.272347,8.062258,31.814031,1.074695,18.703307,0.631808,11.446463,0.386668,64.885563,107.417068,115.807882,99.026253,16.781629,0.855091
left,279,95,83,0,-1,0.831108,1165.500000,1058.000000,1273.000000,215.000000,0.928582,133.857576,128.900650,138.814502,9.913852,0.808461,1.299831,1.162162,1.437500,0.275338,0.963866,0.815174,0.800176,0.830173,0.029997,1.000000,1.000000,1.000000,1.000000,0.000000,0.833333,5.500000,5.000000,6.000000,1.000000,28.346985,0.831216,1.456522,0.832178,0.025740,1.174382,40.049969,22.150955,0.649531,14.173470,0.415608,2.759476,0.080916,65.712103,163.525745,166.065165,160.986326,5.078839,0.969417
left,280,94,90,0,-1,0.902525,941.750000,893.500000,990.000000,96.500000,0.977987,119.429714,118.100588,120.758839,2.658251,0.928397,1.120555,1.078947,1.162162,0.083215,0.943611,0.829061,0.805008,0.853114,0.048106,1.000000,1.000000,1.000000,1.000000,0.000000,1.000000,6.000000,6.000000,6.000000,0.000000,32.461592,1.058144,1.352941,0.544999,0.265198,0.496500,15.231546,26.511787,0.864199,15.799581,0.515016,1.616053,0.052678,65.952112,102.051685,115.016893,89.086477,25.930416,0.774551
left,281,94,77,0,-1,0.733881,1055.500000,893.500000,1217.500000,324.000000,0.881014,126.075680,118.100588,134.050772,15.950184,0.806398,1.301669,1.162162,1.441176,0.279014,0.945497,0.828211,0.805008,0.851413,0.046405,1.000000,1.000000,1.000000,1.000000,0.000000,0.857143,6.500000,6.000000,7.000000,1.000000,40.220160,1.241666,1.362069,0.537527,0.224775,0.463076,15.000000,31.335416,0.967379,19.328338,0.596699,2.066035,0.063782,65.562957,110.437637,119.022270,101.853004,17.169266,0.855747
left,282,94,75,0,-1,0.683104,1100.750000,893.500000,1308.000000,414.500000,0.865957,127.241108,118.100588,136.381628,18.281040,0.944257,1.196466,1.162162,1.230769,0.068607,0.910950,0.844355,0.805008,0.883702,0.078694,1.000000,1.000000,1.000000,1.000000,0.000000,1.000000,6.000000,6.000000,6.000000,0.000000,35.989466,1.089636,1.729167,0.641518,0.119010,0.708756,23.409400,29.055865,0.879711,17.916958,0.542463,6.642962,0.201126,77.859729,131.530807,151.260205,111.801409,39.458795,0.739133
left,283,93,91,0,-1,0.809747,965.500000,864.000000,1067.000000,203.000000,0.910091,123.934120,118.100480,129.767761,11.667280,0.955374,1.051014,1.027027,1.075000,0.047973,0.977641,0.787333,0.778431,0.796234,0.017803,1.000000,1.000000,1.000000,1.000000,0.000000,0.833333,5.500000,5.000000,6.000000,1.000000,25.961418,0.836671,1.276596,0.813702,0.026152,1.211427,37.589892,20.637940,0.665109,12.974579,0.418138,2.529548,0.081521,68.154062,161.264448,165.727487,156.801409,8.926077,0.946140
left,284,93,84,0,-1,0.635497,1373.000000,1067.000000,1679.000000,612.000000,0.837423,142.364334,129.767761,154.960908,25.193148,0.930288,1.115278,1.075000,1.155556,0.080556,0.906201,0.837442,0.796234,0.878651,0.082417,1.000000,1.000000,1.000000,1.000000,0.000000,1.000000,6.000000,6.000000,6.000000,0.000000,33.337393,0.905408,1.280702,0.791240,0.056446,1.030609,37.947332,27.526131,0.747581,16.667663,0.452676,6.256650,0.169924,80.127562,148.798628,152.362454,145.234803,7.127651,0.953219
left,285,93,74,0,-1,0.701743,1293.750000,1067.000000,1520.500000,453.500000,0.876453,138.913971,129.767761,148.060182,18.292421,0.963021,1.095640,1.075000,1.116279,0.041279,0.913526,0.833919,0.796234,0.871605,0.075371,1.000000,1.000000,1.000000,1.000000,0.000000,0.750000,7.000000,6.000000,8.000000,2.000000,45.628386,1.273494,1.545455,0.489515,0.320386,0.280493,10.049876,35.221854,0.983047,22.758704,0.635199,2.881211,0.080415,86.542242,90.996151,100.619655,81.372647,19.247008,0.808715
left,286,92,82,0,-1,0.680300,1622.750000,1314.000000,1931.500000,617.500000,0.815470,154.584013,138.871606,170.296421,31.424815,0.791209,1.293651,1.142857,1.444444,0.301587,0.977497,0.846572,0.836938,0.856206,0.019268,1.000000,1.000000,1.000000,1.000000,0.000000,0.857143,6.500000,6.000000,7.000000,1.000000,43.552690,1.086129,1.343284,0.642400,0.134802,0.713252,28.600699,34.250555,0.854150,21.693556,0.541000,8.804605,0.219572,81.667471,117.832892,119.744881,115.920903,3.823978,0.968066
left,287,92,80,0,-1,0.834067,1771.250000,1611.000000,1931.500000,320.500000,0.891773,161.081127,151.865833,170.296421,18.430588,0.800000,1.300000,1.155556,1.444444,0.288889,0.953473,0.857359,0.836938,0.877779,0.040841,1.000000,1.000000,1.000000,1.000000,0.000000,1.000000,7.000000,7.000000,7.000000,0.000000,55.214651,1.313288,1.513889,0.492887,0.277347,0.257276,10.816654,41.576456,0.988902,27.447249,0.652837,2.345543,0.055789,84.014846,91.901537,96.498625,87.304449,9.194175,0.904722
left,288,92,79,0,-1,0.657261,1600.500000,1269.500000,1931.500000,662.000000,0.832098,155.999889,141.703358,170.296421,28.593063,0.947368,1.406433,1.368421,1.444444,0.076023,0.949268,0.815709,0.794479,0.836938,0.042460,1.000000,1.000000,1.000000,1.000000,0.000000,0.714286,6.000000,5.000000,7.000000,2.000000,32.422589,0.814854,1.138462,0.760398,0.106998,1.030424,41.000000,26.962768,0.677636,16.186503,0.406804,5.518756,0.138699,88.606022,128.710585,130.290246,127.130924,3.159321,0.975752
left,289,91,87,0,-1,0.773500,990.500000,864.000000,1117.000000,253.000000,0.921736,123.114381,118.100480,128.128282,10.027802,0.835952,1.127799,1.027027,1.228571,0.201544,0.910431,0.816722,0.778431,0.855014,0.076582,1.000000,1.000000,1.000000,1.000000,0.000000,0.833333,5.500000,5.000000,6.000000,1.000000,30.621906,0.974980,1.780488,0.690250,0.095406,0.896603,28.160256,24.608135,0.783506,15.036741,0.478760,3.519588,0.112061,67.255005,135.821629,153.962196,117.681062,36.281134,0.764350
left,290,91,78,0,-1,0.717593,742.000000,620.000000,864.000000,244.000000,0.839786,108.639808,99.179135,118.100480,18.921345,0.991612,1.031371,1.027027,1.035714,0.008687,0.982787,0.785248,0.778431,0.792065,0.013634,1.000000,1.000000,1.000000,1.000000,0.000000,1.000000,5.000000,5.000000,5.000000,0.000000,28.543503,1.051449,1.657895,0.581567,0.209232,0.703764,19.104973,22.225684,0.818721,14.255814,0.525137,3.570840,0.131538,81.518418,116.603366,129.805571,103.401162,26.404409,0.796585
left,291,91,74,0,-1,0.568234,1192.250000,864.000000,1520.500000,656.500000,0.797652,133.080331,118.100480,148.060182,29.959702,0.920045,1.071653,1.027027,1.116279,0.089252,0.893101,0.825018,0.778431,0.871605,0.093174,1.000000,1.000000,1.000000,1.000000,0.000000,0.625000,6.500000,5.000000,8.000000,3.000000,45.361432,1.326601,1.000000,0.508492,0.294401,0.342305,11.704700,33.151896,0.969531,21.109970,0.617364,7.922559,0.231696,69.906331,107.745409,112.899867,102.590951,10.308916,0.908690
left,292,90,81,0,-1,0.689899,836.500000,683.000000,990.000000,307.000000,0.867186,112.739597,104.720355,120.758839,16.038484,0.787340,1.224659,1.078947,1.370370,0.291423,0.917405,0.817883,0.782651,0.853114,0.070463,1.000000,1.000000,1.000000,1.000000,0.000000,1.000000,6.000000,6.000000,6.000000,0.000000,26.726698,0.928034,1.395349,0.739339,0.104603,0.987016,28.425341,20.929915,0.726752,12.634872,0.438722,3.683499,0.127903,55.176624,142.161360,146.309932,138.012788,8.297145,0.943291
left,293,90,75,0,-1,0.756881,1149.000000,990.000000,1308.000000,318.000000,0.885448,128.570233,120.758839,136.381628,15.622789,0.876645,1.154858,1.078947,1.230769,0.151822,0.965387,0.868408,0.853114,0.883702,0.030588,1.000000,1.000000,1.000000,1.000000,0.000000,1.000000,6.000000,6.000000,6.000000,0.000000,37.091003,1.096871,1.216667,0.643216,0.151436,0.669148,22.627417,29.729398,0.879171,18.409725,0.544420,2.302046,0.068077,77.892789,129.729158,133.181697,126.276619,6.905078,0.948153
left,294,89,84,0,-1,0.742406,1462.750000,1246.500000,1679.000000,432.500000,0.876821,145.416933,135.872957,154.960908,19.087951,0.928705,1.114363,1.073171,1.155556,0.082385,0.965650,0.863560,0.848469,0.878651,0.030181,1.000000,1.000000,1.000000,1.000000,0.000000,0.833333,5.500000,5.000000,6.000000,1.000000,38.622095,1.012621,1.634615,0.655629,0.155187,0.708390,27.018512,30.373521,0.796354,19.300592,0.506037,3.742677,0.098128,76.204378,122.650171,126.027373,119.272969,6.754405,0.946405
left,295,89,82,0,-1,0.948630,1280.250000,1246.500000,1314.000000,67.500000,0.978407,137.372282,135.872957,138.871606,2.998648,0.939024,1.108014,1.073171,1.142857,0.069686,0.990964,0.852338,0.848469,0.856206,0.007737,1.000000,1.000000,1.000000,1.000000,0.000000,0.833333,5.500000,5.000000,6.000000,1.000000,33.919098,0.948057,1.150000,0.766485,0.077133,0.976271,34.928498,27.512452,0.768988,16.827847,0.470348,0.603202,0.016860,72.347847,151.279350,156.595310,145.963390,10.631921,0.932106
left,296,89,73,0,-1,0.738011,1467.750000,1246.500000,1689.000000,442.500000,0.873316,145.727914,135.872957,155.582871,19.709913,0.869638,1.153607,1.073171,1.234043,0.160872,0.967654,0.862650,0.848469,0.876831,0.028362,1.000000,1.000000,1.000000,1.000000,0.000000,0.714286,6.000000,5.000000,7.000000,2.000000,38.536903,1.008776,1.366667,0.659921,0.189065,0.720222,27.513633,31.931159,0.835859,19.171023,0.501838,2.902191,0.075970,86.207753,124.506584,129.512443,119.500725,10.011718,0.922697
left,297,88,80,0,-1,0.901259,1699.250000,1611.000000,1787.500000,176.500000,0.931730,157.429586,151.865833,162.993338,11.127505,0.969841,1.173522,1.155556,1.191489,0.035934,0.963232,0.861642,0.845505,0.877779,0.032274,1.000000,1.000000,1.000000,1.000000,0.000000,1.000000,7.000000,7.000000,7.000000,0.000000,48.109541,1.167479,1.447761,0.605099,0.136237,0.596892,24.596748,34.565940,0.838815,24.020876,0.582917,3.552948,0.086220,79.643145,115.429123,133.228530,97.629715,35.598815,0.732799
left,298,87,78,0,-1,0.555058,868.500000,620.000000,1117.000000,497.000000,0.774061,113.653708,99.179135,128.128282,28.949147,0.843023,1.132143,1.035714,1.228571,0.192857,0.926377,0.823539,0.792065,0.855014,0.062948,1.000000,1.000000,1.000000,1.000000,0.000000,0.833333,5.500000,5.000000,6.000000,1.000000,38.478757,1.319543,1.140351,0.481636,0.276914,0.247289,7.211103,30.912978,1.060091,19.062044,0.653690,10.071013,0.345363,80.996428,98.370891,112.513367,84.228415,28.284952,0.748608
left,299,87,77,0,-1,0.917454,1167.250000,1117.000000,1217.500000,100.500000,0.955819,131.089527,128.128282,134.050772,5.922490,0.852478,1.334874,1.228571,1.441176,0.212605,0.995789,0.853213,0.851413,0.855014,0.003601,1.000000,1.000000,1.000000,1.000000,0.000000,0.857143,6.500000,6.000000,7.000000,1.000000,33.937722,0.993577,1.065574,0.641750,0.167702,0.708103,24.186773,26.365269,0.771882,16.824858,0.492572,0.958327,0.028056,77.934363,112.442071,130.030259,94.853882,35.176377,0.729475
left,300,87,76,0,-1,0.649508,921.250000,725.500000,1117.000000,391.500000,0.825067,116.921377,105.714472,128.128282,22.413810,0.840210,1.130415,1.032258,1.228571,0.196313,0.954125,0.835402,0.815790,0.855014,0.039224,1.000000,1.000000,1.000000,1.000000,0.000000,0.833333,5.500000,5.000000,6.000000,1.000000,30.034603,0.995237,1.511628,0.717045,0.117775,0.897133,27.073973,24.364486,0.807350,14.940654,0.495079,4.482264,0.148526,81.342798,148.741377,156.317912,141.164842,15.153070,0.903062
left,301,86,83,0,-1,0.860586,984.250000,910.500000,1058.000000,147.500000,0.916220,123.500976,118.101303,128.900650,10.799347,0.897616,1.363911,1.290323,1.437500,0.147177,0.975450,0.810245,0.800176,0.820315,0.020139,1.000000,1.000000,1.000000,1.000000,0.000000,0.714286,6.000000,5.000000,7.000000,2.000000,37.778205,1.205019,1.442308,0.526601,0.258573,0.482692,15.132746,29.368739,0.936781,18.216278,0.581048,5.273317,0.168204,76.210497,111.526280,129.574774,93.477787,36.096987,0.721420
left,302,85,83,0,-1,0.523157,805.750000,553.500000,1058.000000,504.500000,0.733107,111.699322,94.497994,128.900650,34.402656,0.802676,1.295673,1.153846,1.437500,0.283654,0.973413,0.789538,0.778901,0.800176,0.021275,1.000000,1.000000,1.000000,1.000000,0.000000,1.000000,5.000000,5.000000,5.000000,0.000000,32.472048,1.158609,1.700000,0.594481,0.201365,0.692784,19.416488,28.009310,0.999378,16.232545,0.579181,10.528709,0.375666,87.223231,123.055013,146.122605,99.987422,46.135183,0.684271
left,303,85,81,0,-1,0.810395,618.250000,553.500000,683.000000,129.500000,0.902384,99.609174,94.497994,104.720355,10.222361,0.841996,1.262108,1.153846,1.370370,0.216524,0.995208,0.780776,0.778901,0.782651,0.003750,1.000000,1.000000,1.000000,1.000000,0.000000,0.833333,5.500000,5.000000,6.000000,1.000000,26.229826,1.056358,1.162791,0.632057,0.120097,0.854323,21.213203,20.665832,0.832279,12.468500,0.502146,1.488822,0.059960,60.250567,118.276943,132.662694,103.891191,28.771503,0.783123
left,304,85,71,0,-1,0.385043,995.500000,553.500000,1437.500000,884.000000,0.650197,119.917721,94.497994,145.337448,50.839454,0.797203,1.300607,1.153846,1.447368,0.293522,0.910793,0.817046,0.778901,0.855190,0.076289,1.000000,1.000000,1.000000,1.000000,0.000000,0.714286,6.000000,5.000000,7.000000,2.000000,30.750526,1.000978,1.181818,0.617042,0.238071,0.626142,19.235384,26.201567,0.852902,15.301521,0.498089,9.557262,0.311104,76.570621,120.597970,138.179830,103.016111,35.163719,0.745522
left,305,84,74,0,-1,0.905599,1599.750000,1520.500000,1679.000000,158.500000,0.955468,151.510545,148.060182,154.960908,6.900726,0.966011,1.135917,1.116279,1.155556,0.039276,0.991981,0.875128,0.871605,0.878651,0.007046,1.000000,1.000000,1.000000,1.000000,0.000000,0.750000,7.000000,6.000000,8.000000,2.000000,41.576688,1.039818,1.212121,0.690823,0.127989,0.772470,30.886890,30.812408,0.770607,20.678658,0.517166,3.003872,0.075126,85.921184,129.907662,145.669783,114.145542,31.524241,0.783591
left,306,84,73,0,-1,0.994079,1684.000000,1679.000000,1689.000000,10.000000,0.996002,155.271889,154.960908,155.582871,0.621963,0.936398,1.194799,1.155556,1.234043,0.078487,0.997929,0.877741,0.876831,0.878651,0.001820,1.000000,1.000000,1.000000,1.000000,0.000000,0.857143,6.500000,6.000000,7.000000,1.000000,45.713955,1.113982,1.000000,0.614793,0.139400,0.586872,24.083189,34.904044,0.850560,22.851890,0.556867,0.712799,0.017370,81.725465,108.116475,111.214588,105.018361,6.196228,0.944286
left,307,83,71,0,-1,0.736000,1247.750000,1058.000000,1437.500000,379.500000,0.886906,137.119049,128.900650,145.337448,16.436798,0.993182,1.442434,1.437500,1.447368,0.009868,0.935670,0.827683,0.800176,0.855190,0.055014,1.000000,1.000000,1.000000,1.000000,0.000000,0.714286,6.000000,5.000000,7.000000,2.000000,33.866111,0.961541,1.280702,0.694485,0.112603,0.876494,30.870698,27.224204,0.772962,15.848850,0.449988,3.653130,0.103721,51.527654,129.010440,147.159596,110.861285,36.298311,0.753341
left,308,82,79,0,-1,0.966134,1291.750000,1269.500000,1314.000000,44.500000,0.980016,140.287482,138.871606,141.703358,2.831752,0.835165,1.255639,1.142857,1.368421,0.225564,0.927906,0.825342,0.794479,0.856206,0.061727,1.000000,1.000000,1.000000,1.000000,0.000000,0.833333,5.500000,5.000000,6.000000,1.000000,43.496198,1.210259,1.636364,0.538019,0.287788,0.485933,17.464249,34.933652,0.972010,21.744939,0.605041,1.036510,0.028840,88.267916,123.842865,133.896880,113.788851,20.108029,0.849825
left,309,82,73,0,-1,0.777975,1501.500000,1314.000000,1689.000000,375.000000,0.892589,147.227238,138.871606,155.582871,16.711265,0.926108,1.188450,1.142857,1.234043,0.091185,0.976478,0.866519,0.856206,0.876831,0.020625,1.000000,1.000000,1.000000,1.000000,0.000000,0.857143,6.500000,6.000000,7.000000,1.000000,43.033199,1.112737,1.257143,0.582834,0.229271,0.517153,20.000000,35.417080,0.915802,21.254095,0.549581,3.638695,0.094088,82.762939,116.855788,139.175690,94.535886,44.639805,0.679256
left,310,82,66,0,-1,0.827456,1451.000000,1314.000000,1588.000000,274.000000,0.896252,146.909294,138.871606,154.946982,16.075376,0.886700,1.215873,1.142857,1.288889,0.146032,0.970769,0.843692,0.831178,0.856206,0.025028,1.000000,1.000000,1.000000,1.000000,0.000000,0.857143,6.500000,6.000000,7.000000,1.000000,38.033282,0.999576,1.517241,0.628575,0.138697,0.695842,26.476405,30.347572,0.797583,18.894102,0.496567,1.055127,0.027730,74.833338,108.408506,111.977073,104.839939,7.137134,0.936263
left,311,81,75,0,-1,0.522171,995.500000,683.000000,1308.000000,625.000000,0.767848,120.550991,104.720355,136.381628,31.661273,0.898129,1.300570,1.230769,1.370370,0.139601,0.885651,0.833177,0.782651,0.883702,0.101051,1.000000,1.000000,1.000000,1.000000,0.000000,1.000000,6.000000,6.000000,6.000000,0.000000,32.397616,1.040043,1.300000,0.606845,0.215218,0.610791,19.026298,27.408475,0.879879,16.152828,0.518545,7.586260,0.243537,69.781112,120.742533,145.774473,95.710593,50.063880,0.656566
left,312,81,71,0,-1,0.475130,1060.250000,683.000000,1437.500000,754.500000,0.720532,125.028901,104.720355,145.337448,40.617093,0.946801,1.408869,1.370370,1.447368,0.076998,0.915178,0.818921,0.782651,0.855190,0.072539,1.000000,1.000000,1.000000,1.000000,0.000000,0.857143,6.500000,6.000000,7.000000,1.000000,36.180385,1.129778,1.254237,0.544534,0.242160,0.450352,14.422205,27.359563,0.854337,18.055998,0.563821,11.993631,0.374516,88.745433,95.616382,102.075289,89.157476,12.917813,0.873448
left,313,81,63,0,-1,0.609277,902.000000,683.000000,1121.000000,438.000000,0.808772,117.100505,104.720355,129.480656,24.760302,0.844950,1.264133,1.157895,1.370370,0.212476,0.931457,0.811448,0.782651,0.840245,0.057593,1.000000,1.000000,1.000000,1.000000,0.000000,0.857143,6.500000,6.000000,7.000000,1.000000,36.627077,1.228775,1.860465,0.577402,0.127494,0.604800,18.027756,27.827704,0.933571,16.991292,0.570028,6.100851,0.204673,63.922748,127.723691,131.054814,124.392569,6.662245,0.949164
left,314,80,79,0,-1,0.788020,1440.250000,1269.500000,1611.000000,341.500000,0.933083,146.784596,141.703358,151.865833,10.162475,0.844444,1.261988,1.155556,1.368421,0.212865,0.905101,0.836129,0.794479,0.877779,0.083300,1.000000,1.000000,1.000000,1.000000,0.000000,0.714286,6.000000,5.000000,7.000000,2.000000,44.469746,1.173851,2.042553,0.603699,0.165943,0.642799,24.351591,35.218345,0.929645,21.892841,0.577897,0.978227,0.025822,80.328457,124.085930,136.370451,111.801409,24.569042,0.819836
left,315,80,72,0,-1,0.492241,1202.000000,793.000000,1611.000000,818.000000,0.766418,134.129298,116.392763,151.865833,35.473070,0.797884,1.301916,1.155556,1.448276,0.292720,0.838004,0.806681,0.735582,0.877779,0.142197,1.000000,1.000000,1.000000,1.000000,0.000000,0.714286,6.000000,5.000000,7.000000,2.000000,33.863058,0.991634,1.066667,0.657153,0.088394,0.788486,26.925824,27.069335,0.792689,16.860874,0.493748,9.995286,0.292698,70.175686,113.487467,120.963757,106.011177,14.952579,0.876388
left,316,80,65,0,-1,0.973619,1589.750000,1568.500000,1611.000000,42.500000,0.997851,152.029345,151.865833,152.192857,0.327024,0.953689,1.128798,1.102041,1.155556,0.053515,0.969439,0.864366,0.850954,0.877779,0.026826,1.000000,1.000000,1.000000,1.000000,0.000000,1.000000,7.000000,7.000000,7.000000,0.000000,46.104405,1.156346,1.049383,0.559250,0.228967,0.461109,18.384776,34.377531,0.862224,22.960069,0.575862,2.157163,0.054104,89.195182,109.928618,125.837653,94.019582,31.818070,0.747150
left,317,79,66,0,-1,0.799433,1428.750000,1269.500000,1588.000000,318.500000,0.914528,148.325170,141.703358,154.946982,13.243624,0.941880,1.328655,1.288889,1.368421,0.079532,0.955847,0.812828,0.794479,0.831178,0.036699,1.000000,1.000000,1.000000,1.000000,0.000000,0.714286,6.000000,5.000000,7.000000,2.000000,48.897160,1.295636,1.309859,0.552082,0.163605,0.551370,20.808652,35.939606,0.952298,23.135127,0.613015,4.866832,0.128957,69.728516,130.507353,146.888658,114.126047,32.762611,0.776956
left,318,79,65,0,-1,0.809372,1419.000000,1269.500000,1568.500000,299.000000,0.931078,146.948108,141.703358,152.192857,10.489499,0.805338,1.235231,1.102041,1.368421,0.266380,0.933634,0.822716,0.794479,0.850954,0.056475,1.000000,1.000000,1.000000,1.000000,0.000000,0.714286,6.000000,5.000000,7.000000,2.000000,31.762537,0.844363,1.107692,0.752232,0.073996,1.012274,38.078866,26.332761,0.700020,15.848900,0.421321,2.978724,0.079185,79.987028,122.853267,154.179008,91.527525,62.651483,0.593645
left,319,78,76,0,-1,0.854583,672.750000,620.000000,725.500000,105.500000,0.938179,102.446803,99.179135,105.714472,6.535337,0.996663,1.033986,1.032258,1.035714,0.003456,0.970918,0.803928,0.792065,0.815790,0.023725,1.000000,1.000000,1.000000,1.000000,0.000000,1.000000,5.000000,5.000000,5.000000,0.000000,28.380237,1.095024,1.583333,0.582527,0.219993,0.666064,17.262677,21.894624,0.844783,13.399879,0.517021,1.191297,0.045965,61.624237,117.183210,119.453673,114.912746,4.540926,0.961986
left,320,78,74,0,-1,0.407761,1070.250000,620.000000,1520.500000,900.500000,0.669857,123.619658,99.179135,148.060182,48.881047,0.927827,1.075997,1.035714,1.116279,0.080565,0.908743,0.831835,0.792065,0.871605,0.079540,1.000000,1.000000,1.000000,1.000000,0.000000,0.625000,6.500000,5.000000,8.000000,3.000000,32.845823,1.028145,1.720930,0.708152,0.100677,0.819255,26.172505,26.397045,0.826284,15.870482,0.496780,10.310824,0.322751,71.042335,138.205080,154.007888,122.402272,31.605616,0.794779
left,321,78,69,0,-1,0.593018,832.750000,620.000000,1045.500000,425.500000,0.814220,110.493967,99.179135,121.808799,22.629665,0.794850,1.169372,1.035714,1.303030,0.267316,0.894508,0.838770,0.792065,0.885476,0.093410,1.000000,1.000000,1.000000,1.000000,0.000000,0.714286,6.000000,5.000000,7.000000,2.000000,26.053569,0.910423,1.302326,0.796189,0.062444,1.028336,29.427878,22.554563,0.788153,13.020401,0.454988,4.868876,0.170139,84.029524,159.637453,163.962080,155.312826,8.649253,0.947248
left,322,77,76,0,-1,0.595893,971.500000,725.500000,1217.500000,492.000000,0.788615,119.882622,105.714472,134.050772,28.336300,0.716261,1.236717,1.032258,1.441176,0.408918,0.958160,0.833601,0.815790,0.851413,0.035623,1.000000,1.000000,1.000000,1.000000,0.000000,0.714286,6.000000,5.000000,7.000000,2.000000,29.417626,0.951599,1.150943,0.682598,0.179619,0.818984,25.317978,25.373617,0.820783,14.496533,0.468933,4.970562,0.160787,54.233407,135.830830,147.680383,123.981276,23.699107,0.839524
left,323,77,75,0,-1,0.930810,1262.750000,1217.500000,1308.000000,90.500000,0.982909,135.216200,134.050772,136.381628,2.330856,0.854003,1.335973,1.230769,1.441176,0.210407,0.963461,0.867557,0.851413,0.883702,0.032289,1.000000,1.000000,1.000000,1.000000,0.000000,0.857143,6.500000,6.000000,7.000000,1.000000,32.985247,0.928391,1.301887,0.693877,0.133043,0.796079,28.284271,25.875502,0.728282,16.114784,0.453561,1.783554,0.050199,55.991993,113.315836,119.744881,106.886791,12.858090,0.892621
left,324,77,70,0,-1,0.488706,906.250000,595.000000,1217.500000,622.500000,0.754860,117.620172,101.189573,134.050772,32.861200,0.880719,1.538770,1.441176,1.636364,0.195187,0.857660,0.790818,0.730223,0.851413,0.121190,1.000000,1.000000,1.000000,1.000000,0.000000,0.714286,6.000000,5.000000,7.000000,2.000000,34.625615,1.168101,1.307692,0.533590,0.222621,0.483014,14.317821,30.385153,1.025048,16.889608,0.569774,11.157332,0.376394,82.856237,108.849817,116.565051,101.134583,15.430469,0.867624
left,325,77,68,0,-1,0.684189,1025.250000,833.000000,1217.500000,384.500000,0.835829,123.047137,112.043502,134.050772,22.007271,0.693878,1.220588,1.000000,1.441176,0.441176,0.979358,0.842625,0.833838,0.851413,0.017575,1.000000,1.000000,1.000000,1.000000,0.000000,0.857143,6.500000,6.000000,7.000000,1.000000,36.327450,1.139605,1.442308,0.582532,0.189222,0.561170,17.888544,29.108265,0.913137,18.161805,0.569743,6.362516,0.199594,80.853365,116.957463,131.820170,102.094757,29.725413,0.774500
left,326,76,70,0,-1,0.820124,660.250000,595.000000,725.500000,130.500000,0.957197,103.452022,101.189573,105.714472,4.524899,0.630824,1.334311,1.032258,1.636364,0.604106,0.895111,0.773006,0.730223,0.815790,0.085567,1.000000,1.000000,1.000000,1.000000,0.000000,1.000000,5.000000,5.000000,5.000000,0.000000,25.666603,1.000107,1.044444,0.599245,0.180235,0.788987,20.248457,20.872790,0.813314,12.595420,0.490784,3.714234,0.144726,63.035089,120.617381,130.049728,111.185034,18.864694,0.854942
left,327,76,69,0,-1,0.693926,885.500000,725.500000,1045.500000,320.000000,0.867872,113.761636,105.714472,121.808799,16.094327,0.792198,1.167644,1.032258,1.303030,0.270772,0.921302,0.850633,0.815790,0.885476,0.069686,1.000000,1.000000,1.000000,1.000000,0.000000,0.714286,6.000000,5.000000,7.000000,2.000000,32.359300,1.091941,1.192308,0.579906,0.226990,0.533544,15.811388,25.498224,0.860419,16.079450,0.542589,5.766565,0.194589,83.242101,107.627203,125.479978,89.774427,35.705551,0.715448
left,328,75,68,0,-1,0.636850,1070.500000,833.000000,1308.000000,475.000000,0.821544,124.212565,112.043502,136.381628,24.338126,0.812500,1.115385,1.000000,1.230769,0.230769,0.943573,0.858770,0.833838,0.883702,0.049864,1.000000,1.000000,1.000000,1.000000,0.000000,1.000000,6.000000,6.000000,6.000000,0.000000,33.963584,1.044583,1.372549,0.639216,0.163709,0.665353,21.633308,27.964982,0.860090,16.910905,0.520111,6.045092,0.185923,82.134387,117.920153,127.405357,108.434949,18.970408,0.851102
left,329,75,63,0,-1,0.857034,1214.500000,1121.000000,1308.000000,187.000000,0.949400,132.931142,129.480656,136.381628,6.900972,0.940789,1.194332,1.157895,1.230769,0.072874,0.950823,0.861973,0.840245,0.883702,0.043458,1.000000,1.000000,1.000000,1.000000,0.000000,0.857143,6.500000,6.000000,7.000000,1.000000,36.724289,1.054574,1.300000,0.613469,0.128448,0.614549,21.400935,27.306643,0.784137,18.323674,0.526182,4.042957,0.116097,82.629192,106.761512,123.690068,89.832957,33.857110,0.726275
left,330,74,73,0,-1,0.900237,1604.750000,1520.500000,1689.000000,168.500000,0.951648,151.821526,148.060182,155.582871,7.522689,0.904571,1.175161,1.116279,1.234043,0.117763,0.994040,0.874218,0.871605,0.876831,0.005226,1.000000,1.000000,1.000000,1.000000,0.000000,0.875000,7.500000,7.000000,8.000000,1.000000,53.461463,1.335017,2.212766,0.489134,0.261100,0.205921,8.246211,40.012085,0.999165,26.242188,0.655309,3.359793,0.083899,83.478892,98.390547,109.311857,87.469237,21.842620,0.800181
left,331,74,69,0,-1,0.687603,1283.000000,1045.500000,1520.500000,475.000000,0.822698,134.934491,121.808799,148.060182,26.251382,0.856679,1.209655,1.116279,1.303030,0.186751,0.984336,0.878540,0.871605,0.885476,0.013871,1.000000,1.000000,1.000000,1.000000,0.000000,0.875000,7.500000,7.000000,8.000000,1.000000,41.805549,1.172209,1.406780,0.542192,0.211224,0.364514,13.000000,33.885338,0.950130,20.743822,0.581648,3.825909,0.107277,81.304472,102.275016,130.914383,73.635648,57.278735,0.562472
left,332,74,67,0,-1,0.629398,1238.750000,957.000000,1520.500000,563.500000,0.818193,134.600991,121.141800,148.060182,26.918382,0.987714,1.109422,1.102564,1.116279,0.013715,0.940187,0.845538,0.819471,0.871605,0.052134,1.000000,1.000000,1.000000,1.000000,0.000000,0.750000,7.000000,6.000000,8.000000,2.000000,36.900849,1.055380,1.193548,0.647940,0.139455,0.715011,25.000000,28.826861,0.824461,18.439976,0.527391,6.083310,0.173985,79.083700,115.069779,115.364417,114.775141,0.589277,0.994892
left,333,74,62,0,-1,0.508714,1147.000000,773.500000,1520.500000,747.000000,0.760707,130.345267,112.630353,148.060182,35.429829,0.797342,1.258140,1.116279,1.400000,0.283721,0.879103,0.818918,0.766230,0.871605,0.105375,1.000000,1.000000,1.000000,1.000000,0.000000,0.625000,6.500000,5.000000,8.000000,3.000000,34.492074,1.032612,1.377358,0.625428,0.181997,0.688567,23.000000,28.816781,0.862707,16.913447,0.506349,9.891165,0.296118,75.252817,117.410357,118.354962,116.465752,1.889210,0.984038
left,334,73,67,0,-1,0.566607,1323.000000,957.000000,1689.000000,732.000000,0.778632,138.362335,121.141800,155.582871,34.441071,0.893457,1.168303,1.102564,1.234043,0.131478,0.934583,0.848151,0.819471,0.876831,0.057360,1.000000,1.000000,1.000000,1.000000,0.000000,0.857143,6.500000,6.000000,7.000000,1.000000,33.344401,0.925811,1.158730,0.797001,0.045729,1.006078,36.235342,27.027423,0.750419,16.493809,0.457952,6.934777,0.192545,76.879513,153.645177,157.166346,150.124007,7.042339,0.955192
left,335,73,66,0,-1,0.940201,1638.500000,1588.000000,1689.000000,101.000000,0.995913,155.264926,154.946982,155.582871,0.635889,0.957447,1.261466,1.234043,1.288889,0.054846,0.947934,0.854005,0.831178,0.876831,0.045653,1.000000,1.000000,1.000000,1.000000,0.000000,1.000000,7.000000,7.000000,7.000000,0.000000,44.624942,1.102570,1.553846,0.599381,0.126030,0.598105,24.207437,33.888237,0.837293,21.571032,0.532966,2.819265,0.069657,68.143053,109.318464,115.984371,102.652557,13.331814,0.885055
left,336,73,59,0,-1,0.477205,1247.500000,806.000000,1689.000000,883.000000,0.717968,133.643186,111.703501,155.582871,43.879369,0.854147,1.144048,1.054054,1.234043,0.179988,0.925754,0.844280,0.811730,0.876831,0.065102,1.000000,1.000000,1.000000,1.000000,0.000000,0.714286,6.000000,5.000000,7.000000,2.000000,37.789553,1.087663,1.396552,0.559645,0.236874,0.440282,15.297059,32.444234,0.933814,18.835326,0.542121,10.751383,0.309448,89.654780,99.166967,117.747348,80.586586,37.160762,0.684403
left,337,72,65,0,-1,0.505579,1180.750000,793.000000,1568.500000,775.500000,0.764772,134.292810,116.392763,152.192857,35.800094,0.760933,1.275158,1.102041,1.448276,0.346235,0.864421,0.793268,0.735582,0.850954,0.115372,1.000000,1.000000,1.000000,1.000000,0.000000,0.714286,6.000000,5.000000,7.000000,2.000000,45.254023,1.335625,1.897959,0.499072,0.307220,0.365067,12.369317,35.415947,1.045265,21.377643,0.630939,7.500563,0.221371,69.609432,114.058307,114.918023,113.198591,1.719432,0.985038
left,338,72,61,0,-1,0.499056,1191.000000,793.000000,1589.000000,796.000000,0.735606,137.309861,116.392763,158.226959,41.834196,0.859914,1.566243,1.448276,1.684211,0.235935,0.922270,0.766580,0.735582,0.797577,0.061995,1.000000,1.000000,1.000000,1.000000,0.000000,0.833333,5.500000,5.000000,6.000000,1.000000,25.317099,0.744374,1.066667,0.833896,0.047229,1.251919,42.579338,22.294218,0.655495,12.648082,0.371879,6.838236,0.201058,1.946674,153.460336,159.655899,147.264774,12.391125,0.922389
left,339,71,64,0,-1,0.393739,1001.750000,566.000000,1437.500000,871.500000,0.669030,121.286304,97.235159,145.337448,48.102288,0.736970,1.257018,1.066667,1.447368,0.380702,0.879664,0.803735,0.752280,0.855190,0.102910,1.000000,1.000000,1.000000,1.000000,0.000000,0.714286,6.000000,5.000000,7.000000,2.000000,34.792436,1.127700,1.172414,0.595051,0.205640,0.597652,18.439089,28.890267,0.936398,17.396169,0.563848,10.956856,0.355136,88.550059,127.228160,136.672394,117.783926,18.888468,0.861797
left,340,71,63,0,-1,0.779826,1279.250000,1121.000000,1437.500000,316.500000,0.890897,137.409052,129.480656,145.337448,15.856792,0.800000,1.302632,1.157895,1.447368,0.289474,0.982524,0.847717,0.840245,0.855190,0.014946,1.000000,1.000000,1.000000,1.000000,0.000000,1.000000,7.000000,7.000000,7.000000,0.000000,46.096055,1.291284,1.525424,0.506225,0.223568,0.319396,11.401754,33.779141,0.946251,23.064270,0.646097,4.189025,0.117347,81.272397,102.170545,126.869898,77.471192,49.398705,0.610635
left,341,71,60,0,-1,0.879304,1350.750000,1264.000000,1437.500000,173.500000,0.929860,140.240478,135.143509,145.337448,10.193939,0.742727,1.261184,1.075000,1.447368,0.372368,0.983323,0.862442,0.855190,0.869694,0.014504,1.000000,1.000000,1.000000,1.000000,0.000000,0.857143,6.500000,6.000000,7.000000,1.000000,32.908972,0.895883,1.232143,0.754839,0.091801,0.931172,34.205263,26.797860,0.729519,16.453347,0.447910,1.087776,0.029613,78.875831,132.009609,145.946731,118.072487,27.874244,0.809011
left,342,70,69,0,-1,0.569106,820.250000,595.000000,1045.500000,450.500000,0.830725,111.499186,101.189573,121.808799,20.619227,0.796296,1.469697,1.303030,1.636364,0.333333,0.824667,0.807849,0.730223,0.885476,0.155253,1.000000,1.000000,1.000000,1.000000,0.000000,0.714286,6.000000,5.000000,7.000000,2.000000,37.724380,1.330037,2.303030,0.514375,0.199329,0.401988,11.401754,27.864385,0.982406,18.284587,0.644654,5.470818,0.192883,71.364349,108.592353,112.714412,104.470294,8.244118,0.926858
left,343,70,68,0,-1,0.714286,714.000000,595.000000,833.000000,238.000000,0.903128,106.616537,101.189573,112.043502,10.853929,0.611111,1.318182,1.000000,1.636364,0.636364,0.875737,0.782030,0.730223,0.833838,0.103615,1.000000,1.000000,1.000000,1.000000,0.000000,0.833333,5.500000,5.000000,6.000000,1.000000,31.245431,1.173441,2.058824,0.584394,0.141457,0.713557,19.000000,25.212354,0.946865,15.617367,0.586520,2.498133,0.093819,88.244636,126.812890,141.340192,112.285588,29.054604,0.794435
left,344,70,58,0,-1,0.621410,776.250000,595.000000,957.500000,362.500000,0.835690,111.137296,101.189573,121.085019,19.895446,0.875926,1.534848,1.433333,1.636364,0.203030,0.889790,0.775446,0.730223,0.820669,0.090446,1.000000,1.000000,1.000000,1.000000,0.000000,0.714286,6.000000,5.000000,7.000000,2.000000,21.006113,0.759219,1.116279,0.869031,0.021256,1.309146,36.221541,17.565298,0.634858,10.502335,0.379583,4.181235,0.151121,88.601318,165.127559,166.200515,164.054604,2.145911,0.987088
left,345,69,62,0,-1,0.739837,909.500000,773.500000,1045.500000,272.000000,0.924649,117.219576,112.630353,121.808799,9.178447,0.930736,1.351515,1.303030,1.400000,0.096970,0.865332,0.825853,0.766230,0.885476,0.119245,1.000000,1.000000,1.000000,1.000000,0.000000,0.714286,6.000000,5.000000,7.000000,2.000000,32.038750,1.065365,1.531915,0.602741,0.168499,0.660041,19.849433,25.856778,0.859800,15.285819,0.508290,4.211511,0.140043,55.693566,112.517098,112.619865,112.414331,0.205534,0.998175
left,346,69,58,0,-1,0.915830,1001.500000,957.500000,1045.500000,88.000000,0.994058,121.446909,121.085019,121.808799,0.723781,0.909091,1.368182,1.303030,1.433333,0.130303,0.926811,0.853072,0.820669,0.885476,0.064807,1.000000,1.000000,1.000000,1.000000,0.000000,1.000000,7.000000,7.000000,7.000000,0.000000,41.666589,1.316944,1.444444,0.509333,0.261108,0.325411,10.295630,30.215489,0.955012,20.818811,0.658014,1.137636,0.035957,87.747560,103.688851,126.292630,81.085073,45.207557,0.642041
left,347,69,54,0,-1,0.932090,1010.000000,974.500000,1045.500000,71.000000,0.975418,120.311649,118.814499,121.808799,2.994301,0.788184,1.165029,1.027027,1.303030,0.276003,0.979662,0.876471,0.867467,0.885476,0.018009,1.000000,1.000000,1.000000,1.000000,0.000000,0.857143,6.500000,6.000000,7.000000,1.000000,32.273008,1.015654,1.627907,0.656889,0.147030,0.693070,22.022716,23.642034,0.744031,16.121787,0.507364,0.113017,0.003557,88.335599,115.662026,117.255328,114.068723,3.186605,0.972823
left,348,68,63,0,-1,0.743087,977.000000,833.000000,1121.000000,288.000000,0.865330,120.762079,112.043502,129.480656,17.437155,0.863636,1.078947,1.000000,1.157895,0.157895,0.992375,0.837041,0.833838,0.840245,0.006407,1.000000,1.000000,1.000000,1.000000,0.000000,0.857143,6.500000,6.000000,7.000000,1.000000,36.562213,1.172936,1.636364,0.528619,0.280962,0.417047,13.000000,29.634300,0.950685,18.277819,0.586362,2.484391,0.079701,84.976334,108.050590,108.904576,107.196605,1.707971,0.984317
left,349,68,58,0,-1,0.869974,895.250000,833.000000,957.500000,124.500000,0.925329,116.564260,112.043502,121.085019,9.041517,0.697674,1.216667,1.000000,1.433333,0.433333,0.984207,0.827253,0.820669,0.833838,0.013169,1.000000,1.000000,1.000000,1.000000,0.000000,0.857143,6.500000,6.000000,7.000000,1.000000,38.896969,1.300788,1.415094,0.470988,0.351299,0.243461,7.280110,31.127861,1.040974,19.137848,0.640006,2.482259,0.083011,80.753758,98.039141,112.418475,83.659808,28.758666,0.744182
left,350,68,56,0,-1,0.724663,991.250000,833.000000,1149.500000,316.500000,0.871941,120.271207,112.043502,128.498912,16.455410,0.822222,1.108108,1.000000,1.216216,0.216216,0.953151,0.854330,0.833838,0.874822,0.040985,1.000000,1.000000,1.000000,1.000000,0.000000,1.000000,6.000000,6.000000,6.000000,0.000000,27.454346,0.874816,1.377778,0.822296,0.048172,1.059221,33.241540,21.968881,0.700025,13.722592,0.437262,3.440984,0.109645,80.560418,152.219762,157.344767,147.094757,10.250010,0.934856
left,351,67,62,0,-1,0.808255,865.250000,773.500000,957.000000,183.500000,0.929740,116.886076,112.630353,121.141800,8.511447,0.787546,1.251282,1.102564,1.400000,0.297436,0.935030,0.792851,0.766230,0.819471,0.053241,1.000000,1.000000,1.000000,1.000000,0.000000,0.833333,5.500000,5.000000,6.000000,1.000000,37.079275,1.262332,1.580000,0.516768,0.244727,0.487438,14.317821,27.546621,0.937801,18.359493,0.625033,0.364868,0.012422,84.387903,112.326729,126.869898,97.783560,29.086338,0.770739
left,352,67,59,0,-1,0.842215,881.500000,806.000000,957.000000,151.000000,0.922089,116.422651,111.703501,121.141800,9.438299,0.956003,1.078309,1.054054,1.102564,0.048510,0.990553,0.815600,0.811730,0.819471,0.007742,1.000000,1.000000,1.000000,1.000000,0.000000,0.833333,5.500000,5.000000,6.000000,1.000000,32.838384,1.107057,1.157895,0.611606,0.231707,0.716733,21.260292,25.680010,0.865732,15.288139,0.515398,2.499313,0.084258,67.273578,131.386999,133.484592,129.289407,4.195185,0.968572
left,353,67,55,0,-1,0.973055,970.250000,957.000000,983.500000,26.500000,0.967630,123.168093,121.141800,125.194386,4.052586,0.906977,1.051282,1.000000,1.102564,0.102564,0.962234,0.803997,0.788523,0.819471,0.030948,1.000000,1.000000,1.000000,1.000000,0.000000,1.000000,6.000000,6.000000,6.000000,0.000000,43.735801,1.404124,1.000000,0.453388,0.324916,0.231510,7.211103,32.424029,1.040963,21.266050,0.682740,4.190433,0.134532,72.046546,102.830047,114.528726,91.131367,23.397358,0.795708
left,354,67,52,0,-1,0.666899,1196.000000,957.000000,1435.000000,478.000000,0.848148,131.986377,121.141800,142.830955,21.689155,0.904103,1.161038,1.102564,1.219512,0.116948,0.927079,0.851700,0.819471,0.883928,0.064457,1.000000,1.000000,1.000000,1.000000,0.000000,0.857143,6.500000,6.000000,7.000000,1.000000,37.412463,1.087306,1.529412,0.569514,0.228052,0.497473,17.117243,29.655460,0.861867,18.690079,0.543184,6.455882,0.187625,77.870571,104.741270,128.491044,80.991496,47.499547,0.630328
left,355,66,65,0,-1,0.987720,1578.250000,1568.500000,1588.000000,19.500000,0.982225,153.569919,152.192857,154.946982,2.754125,0.855032,1.195465,1.102041,1.288889,0.186848,0.976761,0.841066,0.831178,0.850954,0.019775,1.000000,1.000000,1.000000,1.000000,0.000000,1.000000,7.000000,7.000000,7.000000,0.000000,53.951064,1.358045,2.163265,0.486613,0.313005,0.272275,10.816654,40.918955,1.030004,24.801378,0.624295,1.477297,0.037186,52.039947,107.901994,121.583817,94.220172,27.363644,0.774940
left,356,66,59,0,-1,0.507557,1197.000000,806.000000,1588.000000,782.000000,0.720914,133.325242,111.703501,154.946982,43.243481,0.817801,1.171471,1.054054,1.288889,0.234835,0.976601,0.821454,0.811730,0.831178,0.019449,1.000000,1.000000,1.000000,1.000000,0.000000,0.714286,6.000000,5.000000,7.000000,2.000000,41.482098,1.215773,1.459016,0.582515,0.119048,0.577308,19.697716,33.545093,0.983153,20.678077,0.606041,11.839280,0.346990,84.557340,128.290163,139.600096,116.980231,22.619865,0.837967
left,357,66,57,0,-1,0.838161,1459.500000,1331.000000,1588.000000,257.000000,0.931247,149.620424,144.293867,154.946982,10.653115,0.856681,1.196528,1.104167,1.288889,0.184722,0.966492,0.817252,0.803327,0.831178,0.027851,1.000000,1.000000,1.000000,1.000000,0.000000,0.714286,6.000000,5.000000,7.000000,2.000000,33.061135,0.866239,1.101449,0.731347,0.114594,0.986291,37.643060,27.161651,0.711666,16.514498,0.432698,0.757197,0.019839,88.308575,121.078245,139.677418,102.479072,37.198346,0.733684
left,358,66,47,0,-1,0.999055,1587.250000,1586.500000,1588.000000,1.500000,0.972923,152.849225,150.751468,154.946982,4.195514,0.791075,1.154248,1.019608,1.288889,0.269281,0.947474,0.854218,0.831178,0.877257,0.046079,1.000000,1.000000,1.000000,1.000000,0.000000,1.000000,7.000000,7.000000,7.000000,0.000000,46.978430,1.179168,1.367647,0.527097,0.286659,0.383959,15.297059,36.810020,0.923939,23.474843,0.589223,0.648078,0.016267,79.673540,104.495275,117.747348,91.243203,26.504145,0.774907
left,359,65,61,0,-1,0.987099,1578.750000,1568.500000,1589.000000,20.500000,0.961864,155.209908,152.192857,158.226959,6.034102,0.654337,1.393126,1.102041,1.684211,0.582170,0.937275,0.824265,0.797577,0.850954,0.053376,1.000000,1.000000,1.000000,1.000000,0.000000,0.857143,6.500000,6.000000,7.000000,1.000000,46.303511,1.165358,1.619048,0.567686,0.190974,0.579407,23.021729,36.088986,0.908281,22.871397,0.575623,4.131924,0.103992,76.190680,107.133994,128.841909,85.426079,43.415830,0.663030
left,360,65,57,0,-1,0.848581,1449.750000,1331.000000,1568.500000,237.500000,0.948099,148.243362,144.293867,152.192857,7.898991,0.998075,1.103104,1.102041,1.104167,0.002126,0.944031,0.827140,0.803327,0.850954,0.047627,1.000000,1.000000,1.000000,1.000000,0.000000,0.714286,6.000000,5.000000,7.000000,2.000000,40.341427,1.060400,1.152778,0.706007,0.040179,0.910941,34.655447,31.739252,0.834287,20.068040,0.527501,2.524102,0.066348,81.606821,160.884327,163.300756,158.467899,4.832857,0.970405
left,361,64,63,0,-1,0.504906,843.500000,566.000000,1121.000000,555.000000,0.750963,113.357908,97.235159,129.480656,32.245497,0.921212,1.112281,1.066667,1.157895,0.091228,0.895311,0.796262,0.752280,0.840245,0.087964,1.000000,1.000000,1.000000,1.000000,0.000000,0.714286,6.000000,5.000000,7.000000,2.000000,22.756412,0.794677,1.181818,0.841559,0.048607,1.187315,34.000000,19.137203,0.668291,11.370509,0.397070,5.751589,0.200851,49.102400,148.282526,150.708638,145.856413,4.852224,0.967804
left,362,64,60,0,-1,0.447785,915.000000,566.000000,1264.000000,698.000000,0.719496,116.189334,97.235159,135.143509,37.908349,0.992248,1.070833,1.066667,1.075000,0.008333,0.864994,0.810987,0.752280,0.869694,0.117414,1.000000,1.000000,1.000000,1.000000,0.000000,0.833333,5.500000,5.000000,6.000000,1.000000,31.329653,1.055874,1.604651,0.601680,0.220765,0.621436,18.439089,26.381863,0.889123,15.648164,0.527376,9.961988,0.335740,80.906431,118.052075,124.143587,111.960564,12.183023,0.901863
left,363,64,53,0,-1,0.929329,546.000000,526.000000,566.000000,40.000000,0.954428,95.019578,92.803997,97.235159,4.431162,0.924444,1.110256,1.066667,1.153846,0.087179,0.980206,0.759876,0.752280,0.767471,0.015191,1.000000,1.000000,1.000000,1.000000,0.000000,1.000000,5.000000,5.000000,5.000000,0.000000,24.564898,1.051457,1.818182,0.579990,0.184982,0.775199,18.110770,21.314375,0.912324,12.257189,0.524647,0.270062,0.011560,76.800034,120.580636,139.170437,101.990835,37.179602,0.732848
left,364,64,49,0,-1,0.786111,643.000000,566.000000,720.000000,154.000000,0.938638,100.413434,97.235159,103.591708,6.356549,0.807207,1.194048,1.066667,1.321429,0.254762,0.892251,0.797703,0.752280,0.843126,0.090846,1.000000,1.000000,1.000000,1.000000,0.000000,0.833333,5.500000,5.000000,6.000000,1.000000,35.058796,1.385078,1.340000,0.475596,0.304821,0.325785,8.246211,26.454868,1.045160,16.713682,0.660312,3.459810,0.136688,74.696649,115.856603,133.327606,98.385600,34.942005,0.737924
left,365,63,56,0,-1,0.975207,1135.250000,1121.000000,1149.500000,28.500000,0.992418,128.989784,128.498912,129.480656,0.981745,0.952047,1.187055,1.157895,1.216216,0.058321,0.960474,0.857534,0.840245,0.874822,0.034578,1.000000,1.000000,1.000000,1.000000,0.000000,0.857143,6.500000,6.000000,7.000000,1.000000,39.500403,1.172369,1.125000,0.603229,0.133671,0.600973,20.248457,29.792842,0.884249,19.553031,0.580332,0.791743,0.023499,77.341958,120.160755,134.612872,105.708638,28.904234,0.785279
left,366,63,49,0,-1,0.642284,920.500000,720.000000,1121.000000,401.000000,0.800055,116.536182,103.591708,129.480656,25.888948,0.876245,1.239662,1.157895,1.321429,0.163534,0.996583,0.841685,0.840245,0.843126,0.002881,1.000000,1.000000,1.000000,1.000000,0.000000,0.857143,6.500000,6.000000,7.000000,1.000000,38.419591,1.273983,2.052632,0.523255,0.215372,0.378079,11.401754,29.030961,0.962658,18.566199,0.615650,6.861443,0.227523,70.284956,96.850380,117.737004,75.963757,41.773247,0.645199
left,367,62,55,0,-1,0.786477,878.500000,773.500000,983.500000,210.000000,0.899644,118.912369,112.630353,125.194386,12.564034,0.714286,1.200000,1.000000,1.400000,0.400000,0.971728,0.777377,0.766230,0.788523,0.022293,1.000000,1.000000,1.000000,1.000000,0.000000,0.833333,5.500000,5.000000,6.000000,1.000000,22.711472,0.767634,1.152174,0.862418,0.040694,1.315139,38.910153,19.284247,0.651796,11.187384,0.378127,2.411117,0.081494,42.346031,161.245923,171.085073,151.406772,19.678301,0.884979
left,368,62,54,0,-1,0.793740,874.000000,773.500000,974.500000,201.000000,0.947951,115.722426,112.630353,118.814499,6.184146,0.733591,1.213514,1.027027,1.400000,0.372973,0.883296,0.816848,0.766230,0.867467,0.101236,1.000000,1.000000,1.000000,1.000000,0.000000,0.833333,5.500000,5.000000,6.000000,1.000000,35.185435,1.192144,1.358491,0.558387,0.245995,0.560843,16.552945,28.239491,0.956803,17.393717,0.589329,0.388578,0.013166,83.361882,126.499894,133.516945,119.482842,14.034103,0.894889
left,369,61,45,0,-1,0.920390,1525.750000,1462.500000,1589.000000,126.500000,0.937464,153.279518,148.332078,158.226959,9.894881,0.606944,1.353216,1.022222,1.684211,0.661988,0.954855,0.816432,0.797577,0.835287,0.037709,1.000000,1.000000,1.000000,1.000000,0.000000,0.857143,6.500000,6.000000,7.000000,1.000000,43.674599,1.118357,1.051948,0.532504,0.202851,0.489213,19.104973,34.581058,0.885503,20.023783,0.512741,0.171130,0.004382,57.872849,97.094577,121.504267,72.684888,48.819379,0.598209
left,370,60,53,0,-1,0.416139,895.000000,526.000000,1264.000000,738.000000,0.686707,113.973753,92.803997,135.143509,42.339511,0.931667,1.114423,1.075000,1.153846,0.078846,0.882461,0.818583,0.767471,0.869694,0.102223,1.000000,1.000000,1.000000,1.000000,0.000000,0.833333,5.500000,5.000000,6.000000,1.000000,35.362419,1.209231,1.087719,0.571349,0.191061,0.504888,14.764823,28.919526,0.988914,17.626566,0.602747,11.188308,0.382588,79.483822,124.384046,139.899092,108.868999,31.030093,0.778197
left,371,60,48,0,-1,0.607199,1015.750000,767.500000,1264.000000,496.500000,0.849059,124.944158,114.744806,135.143509,20.398702,0.819048,1.193750,1.075000,1.312500,0.237500,0.842278,0.801109,0.732525,0.869694,0.137170,1.000000,1.000000,1.000000,1.000000,0.000000,0.833333,5.500000,5.000000,6.000000,1.000000,33.859631,1.070549,1.309091,0.614104,0.137829,0.727197,23.000000,26.315819,0.832034,16.088858,0.508686,6.564525,0.207552,63.023410,134.108160,166.416167,101.800152,64.616015,0.611720
left,372,59,52,0,-1,0.561672,1120.500000,806.000000,1435.000000,629.000000,0.782068,127.267228,111.703501,142.830955,31.127453,0.864324,1.136783,1.054054,1.219512,0.165458,0.918320,0.847829,0.811730,0.883928,0.072199,1.000000,1.000000,1.000000,1.000000,0.000000,0.714286,6.000000,5.000000,7.000000,2.000000,31.874804,0.961946,1.120690,0.763505,0.063365,0.942818,31.240999,25.635248,0.773643,15.818685,0.477390,6.475090,0.195411,88.762943,152.834349,160.144786,145.523912,14.620874,0.908702
left,373,59,47,0,-1,0.508037,1196.250000,806.000000,1586.500000,780.500000,0.740978,131.227485,111.703501,150.751468,39.047966,0.967320,1.036831,1.019608,1.054054,0.034446,0.925304,0.844493,0.811730,0.877257,0.065527,1.000000,1.000000,1.000000,1.000000,0.000000,0.714286,6.000000,5.000000,7.000000,2.000000,36.507736,1.070278,1.057971,0.656253,0.109091,0.709677,24.207437,29.169155,0.855137,18.115851,0.531093,9.613950,0.281847,77.790049,118.321522,125.272421,111.370622,13.901799,0.889027
left,374,58,56,0,-1,0.832971,1053.500000,957.500000,1149.500000,192.000000,0.942304,124.791965,121.085019,128.498912,7.413893,0.848523,1.324775,1.216216,1.433333,0.217117,0.938097,0.847746,0.820669,0.874822,0.054154,1.000000,1.000000,1.000000,1.000000,0.000000,0.857143,6.500000,6.000000,7.000000,1.000000,40.585747,1.251724,2.205128,0.570935,0.164926,0.527921,17.117243,30.791910,0.949667,20.272879,0.625245,2.847781,0.087830,85.118071,116.399093,142.561428,90.236758,52.324670,0.632968
left,375,58,54,0,-1,0.982555,966.000000,957.500000,974.500000,17.000000,0.981249,119.949759,118.814499,121.085019,2.270520,0.716530,1.230180,1.027027,1.433333,0.406306,0.946052,0.844068,0.820669,0.867467,0.046798,1.000000,1.000000,1.000000,1.000000,0.000000,0.857143,6.500000,6.000000,7.000000,1.000000,37.296903,1.200020,1.565217,0.545036,0.248965,0.464031,14.422205,28.862158,0.928634,17.957009,0.577763,1.637878,0.052698,69.113553,105.475825,116.452042,94.499608,21.952434,0.811489
left,376,58,51,0,-1,0.663708,796.500000,635.500000,957.500000,322.000000,0.829483,110.761483,100.437947,121.085019,20.647071,0.742686,1.248925,1.064516,1.433333,0.368817,0.964633,0.806156,0.791644,0.820669,0.029025,1.000000,1.000000,1.000000,1.000000,0.000000,0.714286,6.000000,5.000000,7.000000,2.000000,29.319006,1.044261,1.038462,0.564961,0.262398,0.592789,16.643317,25.186167,0.897061,14.659499,0.522131,2.136175,0.076085,81.102891,108.944185,109.075098,108.813272,0.261826,0.997600
left,377,58,46,0,-1,0.715353,1148.000000,957.500000,1338.500000,381.000000,0.894257,128.244009,121.085019,135.402999,14.317980,0.714286,1.228571,1.023810,1.433333,0.409524,0.894533,0.869048,0.820669,0.917427,0.096759,1.000000,1.000000,1.000000,1.000000,0.000000,0.875000,7.500000,7.000000,8.000000,1.000000,37.080332,1.098204,1.203390,0.605566,0.190984,0.565830,19.104973,28.726509,0.850790,17.821586,0.527820,5.320105,0.157565,66.845863,112.325345,114.719729,109.930960,4.788769,0.958257
left,378,57,47,0,-1,0.838954,1458.750000,1331.000000,1586.500000,255.500000,0.957164,147.522667,144.293867,150.751468,6.457601,0.923418,1.061887,1.019608,1.104167,0.084559,0.915726,0.840292,0.803327,0.877257,0.073930,1.000000,1.000000,1.000000,1.000000,0.000000,0.714286,6.000000,5.000000,7.000000,2.000000,39.222580,1.027929,1.194444,0.670565,0.110026,0.802226,30.610456,30.031045,0.787041,19.516008,0.511468,1.183151,0.031008,72.241716,138.304093,147.528808,129.079379,18.449428,0.874944
left,379,56,49,0,-1,0.626359,934.750000,720.000000,1149.500000,429.500000,0.806168,116.045310,103.591708,128.498912,24.907203,0.920380,1.268822,1.216216,1.321429,0.105212,0.963768,0.858974,0.843126,0.874822,0.031697,1.000000,1.000000,1.000000,1.000000,0.000000,1.000000,6.000000,6.000000,6.000000,0.000000,32.305634,1.063786,1.254902,0.615453,0.178657,0.604493,18.357560,24.864825,0.818769,16.046007,0.528376,6.549909,0.215681,77.768805,111.498150,115.346176,107.650124,7.696052,0.933279
left,380,56,46,0,-1,0.858797,1244.000000,1149.500000,1338.500000,189.000000,0.949011,131.950955,128.498912,135.402999,6.904087,0.841799,1.120013,1.023810,1.216216,0.192407,0.953561,0.896125,0.874822,0.917427,0.042605,1.000000,1.000000,1.000000,1.000000,0.000000,0.750000,7.000000,6.000000,8.000000,2.000000,38.209572,1.084116,1.000000,0.636037,0.141077,0.598527,21.095023,29.069801,0.824795,18.702654,0.530649,2.419312,0.068643,81.172043,108.278791,113.838740,102.718843,11.119897,0.902319
left,381,56,41,0,-1,0.940409,1115.250000,1081.000000,1149.500000,68.500000,0.991428,127.948153,127.397395,128.498912,1.101517,0.925382,1.265251,1.216216,1.314286,0.098069,0.956741,0.855901,0.836979,0.874822,0.037844,1.000000,1.000000,1.000000,1.000000,0.000000,1.000000,6.000000,6.000000,6.000000,0.000000,37.635044,1.127087,1.580000,0.584322,0.154450,0.552210,18.439089,28.650504,0.858020,18.727230,0.560840,1.363867,0.040845,74.026435,111.443448,112.767263,110.119633,2.647630,0.976521
left,382,55,54,0,-1,0.990849,979.000000,974.500000,983.500000,9.000000,0.949040,122.004443,118.814499,125.194386,6.379888,0.973684,1.013514,1.000000,1.027027,0.027027,0.908995,0.827995,0.788523,0.867467,0.078943,1.000000,1.000000,1.000000,1.000000,0.000000,1.000000,6.000000,6.000000,6.000000,0.000000,35.639633,1.139051,1.900000,0.547735,0.227528,0.512361,16.031220,29.242485,0.934596,17.819728,0.569522,1.587875,0.050749,81.359836,112.739872,136.369359,89.110385,47.258974,0.653449
left,383,55,52,0,-1,0.685366,1209.250000,983.500000,1435.000000,451.500000,0.876521,134.012670,125.194386,142.830955,17.636568,0.820000,1.109756,1.000000,1.219512,0.219512,0.892067,0.836226,0.788523,0.883928,0.095405,1.000000,1.000000,1.000000,1.000000,0.000000,0.857143,6.500000,6.000000,7.000000,1.000000,35.416024,1.022961,1.800000,0.694413,0.075873,0.849507,29.410882,28.105737,0.811809,17.401923,0.502639,6.396498,0.184757,76.465218,121.068254,125.156277,116.980231,8.176046,0.934673
left,384,55,43,0,-1,0.929145,1021.000000,983.500000,1058.500000,75.000000,0.994557,125.536959,125.194386,125.879532,0.685146,0.975610,1.012500,1.000000,1.025000,0.025000,0.939343,0.813982,0.788523,0.839442,0.050918,1.000000,1.000000,1.000000,1.000000,0.000000,1.000000,6.000000,6.000000,6.000000,0.000000,36.933827,1.156072,1.158730,0.568542,0.161851,0.604526,19.313208,28.616833,0.895740,17.981742,0.562849,0.510266,0.015972,69.817812,121.932816,127.909163,115.956469,11.952693,0.906553
left,385,55,38,0,-1,0.927830,1021.750000,983.500000,1060.000000,76.500000,0.958285,127.919296,125.194386,130.644205,5.449819,0.812500,1.115385,1.000000,1.230769,0.230769,0.989740,0.784478,0.780433,0.788523,0.008091,1.000000,1.000000,1.000000,1.000000,0.000000,0.833333,5.500000,5.000000,6.000000,1.000000,35.562666,1.112751,1.640000,0.497458,0.298507,0.448003,14.317821,29.629182,0.927093,17.435817,0.545564,2.038988,0.063800,52.717910,100.183089,102.249694,98.116483,4.133211,0.959577
left,386,54,51,0,-1,0.652129,805.000000,635.500000,974.500000,339.000000,0.845334,109.626223,100.437947,118.814499,18.376551,0.964783,1.045772,1.027027,1.064516,0.037489,0.912593,0.829555,0.791644,0.867467,0.075823,1.000000,1.000000,1.000000,1.000000,0.000000,0.833333,5.500000,5.000000,6.000000,1.000000,24.316102,0.861874,1.159091,0.826567,0.043168,1.112983,31.400637,20.454625,0.725006,12.149583,0.430637,4.317906,0.153046,87.275678,159.499929,162.574564,156.425294,6.149270,0.962176
left,387,54,43,0,-1,0.920642,1016.500000,974.500000,1058.500000,84.000000,0.943875,122.347015,118.814499,125.879532,7.065033,0.998026,1.026014,1.025000,1.027027,0.002027,0.967693,0.853454,0.839442,0.867467,0.028025,1.000000,1.000000,1.000000,1.000000,0.000000,1.000000,6.000000,6.000000,6.000000,0.000000,35.943872,1.127623,1.314815,0.590930,0.155927,0.576763,18.384776,27.255924,0.855067,17.963630,0.563551,0.109263,0.003428,87.315782,100.122454,107.674171,92.570737,15.103434,0.859730
left,388,53,49,0,-1,0.730556,623.000000,526.000000,720.000000,194.000000,0.895863,98.197853,92.803997,103.591708,10.787711,0.873181,1.237637,1.153846,1.321429,0.167582,0.910269,0.805299,0.767471,0.843126,0.075654,1.000000,1.000000,1.000000,1.000000,0.000000,0.833333,5.500000,5.000000,6.000000,1.000000,21.972444,0.883004,1.432432,0.794769,0.035313,1.125950,28.017851,17.112277,0.687689,10.733341,0.431339,2.332582,0.093739,60.882563,159.726456,159.829347,159.623565,0.205782,0.998712
left,389,53,48,0,-1,0.685342,646.750000,526.000000,767.500000,241.500000,0.808786,103.774402,92.803997,114.744806,21.940809,0.879121,1.233173,1.153846,1.312500,0.158654,0.954465,0.749998,0.732525,0.767471,0.034947,1.000000,1.000000,1.000000,1.000000,0.000000,1.000000,5.000000,5.000000,5.000000,0.000000,23.183537,0.915649,1.088889,0.652196,0.169308,0.981052,24.839485,20.504197,0.809827,11.157248,0.440663,3.700824,0.146166,69.560103,129.759993,141.219230,118.300756,22.918474,0.837710
left,390,53,42,0,-1,0.495525,793.750000,526.000000,1061.500000,535.500000,0.727866,110.152715,92.803997,127.501433,34.697436,0.834697,1.268100,1.153846,1.382353,0.228507,0.935325,0.794006,0.767471,0.820540,0.053068,1.000000,1.000000,1.000000,1.000000,0.000000,0.714286,6.000000,5.000000,7.000000,2.000000,33.082861,1.191845,1.340426,0.469354,0.344252,0.254743,7.071068,28.090454,1.011989,16.476331,0.593577,6.410745,0.230954,73.880702,95.548870,120.346164,70.751576,49.594589,0.587901
left,391,52,47,0,-1,0.904507,1510.750000,1435.000000,1586.500000,151.500000,0.947460,146.791211,142.830955,150.751468,7.920513,0.836078,1.119560,1.019608,1.219512,0.199904,0.992453,0.880593,0.877257,0.883928,0.006671,1.000000,1.000000,1.000000,1.000000,0.000000,1.000000,7.000000,7.000000,7.000000,0.000000,49.073774,1.262960,1.903846,0.503505,0.253516,0.244153,9.486833,35.920274,0.924443,23.881997,0.614626,1.158961,0.029827,83.167521,89.936054,91.387516,88.484592,2.902924,0.968235
left,392,52,44,0,-1,0.548432,1111.000000,787.000000,1435.000000,648.000000,0.793098,128.054948,113.278942,142.830955,29.552013,0.940588,1.183286,1.147059,1.219512,0.072453,0.871905,0.827315,0.770702,0.883928,0.113227,1.000000,1.000000,1.000000,1.000000,0.000000,0.714286,6.000000,5.000000,7.000000,2.000000,39.937665,1.211427,1.206349,0.552198,0.160441,0.473816,15.620499,30.010204,0.910298,19.957414,0.605367,7.984519,0.242194,86.204124,101.779720,109.983107,93.576334,16.406772,0.850825
left,393,52,38,0,-1,0.738676,1247.500000,1060.000000,1435.000000,375.000000,0.914677,136.737580,130.644205,142.830955,12.186750,0.990854,1.225141,1.219512,1.230769,0.011257,0.882914,0.832181,0.780433,0.883928,0.103496,1.000000,1.000000,1.000000,1.000000,0.000000,0.714286,6.000000,5.000000,7.000000,2.000000,40.400757,1.147113,1.114286,0.594928,0.195591,0.623362,21.954498,31.668187,0.899166,19.787452,0.561832,2.452762,0.069642,79.600567,127.230004,132.594029,121.865978,10.728052,0.919091
left,394,52,34,0,-1,0.928223,1383.500000,1332.000000,1435.000000,103.000000,0.983474,144.030997,142.830955,145.231040,2.400085,0.878571,1.145470,1.071429,1.219512,0.148084,0.897797,0.838758,0.793588,0.883928,0.090340,1.000000,1.000000,1.000000,1.000000,0.000000,1.000000,7.000000,7.000000,7.000000,0.000000,43.852852,1.179189,1.592593,0.547273,0.225154,0.484014,18.000000,33.759856,0.907792,21.825880,0.586891,1.780207,0.047869,79.814185,112.410350,136.618095,88.202605,48.415489,0.645614
left,395,51,46,0,-1,0.474785,987.000000,635.500000,1338.500000,703.000000,0.741770,117.920473,100.437947,135.402999,34.965051,0.961760,1.044163,1.023810,1.064516,0.040707,0.862895,0.854536,0.791644,0.917427,0.125784,1.000000,1.000000,1.000000,1.000000,0.000000,0.625000,6.500000,5.000000,8.000000,3.000000,31.277188,1.012294,1.400000,0.681977,0.126900,0.730194,22.561028,26.598647,0.860872,15.572543,0.504010,8.844834,0.286265,79.814130,128.528460,141.255768,115.801153,25.454615,0.819798
left,396,51,43,0,-1,0.600378,847.000000,635.500000,1058.500000,423.000000,0.797889,113.158740,100.437947,125.879532,25.441585,0.962879,1.044758,1.025000,1.064516,0.039516,0.943060,0.815543,0.791644,0.839442,0.047798,1.000000,1.000000,1.000000,1.000000,0.000000,0.833333,5.500000,5.000000,6.000000,1.000000,39.376004,1.363819,1.172414,0.479520,0.373081,0.270514,7.810250,30.762371,1.065479,18.651194,0.645999,5.737776,0.198732,76.389038,112.493681,120.132664,104.854699,15.277965,0.872824
left,397,51,36,0,-1,0.526076,921.750000,635.500000,1208.000000,572.500000,0.755938,116.651636,100.437947,132.865324,32.427377,0.902525,1.122002,1.064516,1.179487,0.114971,0.920611,0.825777,0.791644,0.859911,0.068267,1.000000,1.000000,1.000000,1.000000,0.000000,0.833333,5.500000,5.000000,6.000000,1.000000,32.141775,1.072010,1.500000,0.646763,0.124763,0.734514,22.022716,26.617652,0.887767,15.862271,0.529047,8.242790,0.274918,74.472825,120.533744,143.997143,97.070345,46.926799,0.674113
left,398,50,45,0,-1,0.672821,1223.250000,984.000000,1462.500000,478.500000,0.857513,137.764369,127.196661,148.332078,21.135417,0.994595,1.025000,1.022222,1.027778,0.005556,0.914993,0.799784,0.764282,0.835287,0.071005,1.000000,1.000000,1.000000,1.000000,0.000000,0.714286,6.000000,5.000000,7.000000,2.000000,43.234152,1.242157,1.509091,0.493758,0.272430,0.373502,13.000000,33.334664,0.957735,21.065577,0.605233,5.649227,0.162307,71.811115,107.089900,111.229945,102.949854,8.280091,0.925559
left,399,50,39,0,-1,0.988945,989.500000,984.000000,995.000000,11.000000,0.952001,124.144029,121.091397,127.196661,6.105264,0.827236,1.135101,1.027778,1.242424,0.214646,0.896287,0.808501,0.764282,0.852720,0.088438,1.000000,1.000000,1.000000,1.000000,0.000000,0.833333,5.500000,5.000000,6.000000,1.000000,29.931240,0.951521,1.581395,0.732502,0.074027,1.017784,32.015621,25.241942,0.802447,14.791543,0.470227,0.659223,0.020957,67.448703,162.332348,164.104732,160.559965,3.544766,0.978399
left,400,49,42,0,-1,0.678285,890.750000,720.000000,1061.500000,341.500000,0.812475,115.546571,103.591708,127.501433,23.909725,0.955927,1.351891,1.321429,1.382353,0.060924,0.973212,0.831833,0.820540,0.843126,0.022586,1.000000,1.000000,1.000000,1.000000,0.000000,0.857143,6.500000,6.000000,7.000000,1.000000,33.646872,1.132634,1.032787,0.551026,0.314903,0.497019,14.764823,26.972779,0.907968,16.806399,0.565744,3.703989,0.124685,86.389196,110.974753,142.125016,79.824489,62.300527,0.561650
left,401,49,41,0,-1,0.666050,900.500000,720.000000,1081.000000,361.000000,0.813138,115.494551,103.591708,127.397395,23.805686,0.994595,1.317857,1.314286,1.321429,0.007143,0.992709,0.840052,0.836979,0.843126,0.006147,1.000000,1.000000,1.000000,1.000000,0.000000,1.000000,6.000000,6.000000,6.000000,0.000000,29.456111,0.986616,1.326531,0.658549,0.145752,0.763791,22.803509,24.029097,0.804841,14.272539,0.478051,3.455484,0.115740,60.720992,125.093659,131.886561,118.300756,13.585805,0.896989
left,402,48,42,0,-1,0.723033,914.500000,767.500000,1061.500000,294.000000,0.899949,121.123120,114.744806,127.501433,12.756627,0.949468,1.347426,1.312500,1.382353,0.069853,0.892735,0.776532,0.732525,0.820540,0.088015,1.000000,1.000000,1.000000,1.000000,0.000000,0.714286,6.000000,5.000000,7.000000,2.000000,30.741341,1.019876,1.240000,0.713521,0.036085,1.041221,31.384710,23.481156,0.779012,14.506152,0.481257,2.999119,0.099499,64.141646,155.751699,163.474204,148.029195,15.445009,0.905520
left,403,47,44,0,-1,0.496061,1186.750000,787.000000,1586.500000,799.500000,0.751428,132.015205,113.278942,150.751468,37.472526,0.888889,1.083333,1.019608,1.147059,0.127451,0.878536,0.823979,0.770702,0.877257,0.106555,1.000000,1.000000,1.000000,1.000000,0.000000,0.714286,6.000000,5.000000,7.000000,2.000000,29.468206,0.868188,1.000000,0.826183,0.030546,1.090486,37.013511,23.617648,0.695819,14.725284,0.433834,8.887919,0.261854,89.813883,156.917898,158.629378,155.206419,3.422959,0.978422
left,404,46,41,0,-1,0.807620,1209.750000,1081.000000,1338.500000,257.500000,0.940876,131.400197,127.397395,135.402999,8.005604,0.778986,1.169048,1.023810,1.314286,0.290476,0.912311,0.877203,0.836979,0.917427,0.080449,1.000000,1.000000,1.000000,1.000000,0.000000,0.750000,7.000000,6.000000,8.000000,2.000000,38.696588,1.114147,1.396226,0.563881,0.211821,0.440431,15.297059,30.394194,0.875105,19.347588,0.557053,2.281348,0.065684,80.831131,103.803339,136.041627,71.565051,64.476575,0.526053
left,405,46,37,0,-1,0.378409,922.500000,506.500000,1338.500000,832.000000,0.700468,115.124258,94.845516,135.402999,40.557483,0.906803,1.076421,1.023810,1.129032,0.105223,0.771230,0.812487,0.707548,0.917427,0.209880,1.000000,1.000000,1.000000,1.000000,0.000000,0.500000,6.000000,4.000000,8.000000,4.000000,33.686741,1.140163,1.016667,0.614807,0.199187,0.610169,18.027756,26.377916,0.892789,16.457532,0.557023,9.625026,0.325769,74.047382,123.473042,130.815084,116.131001,14.684083,0.887749
left,406,46,36,0,-1,0.902503,1273.250000,1208.000000,1338.500000,130.500000,0.981258,134.134162,132.865324,135.402999,2.537675,0.868012,1.101648,1.023810,1.179487,0.155678,0.937307,0.888669,0.859911,0.917427,0.057516,1.000000,1.000000,1.000000,1.000000,0.000000,0.750000,7.000000,6.000000,8.000000,2.000000,42.346780,1.187152,1.322581,0.565862,0.194973,0.427002,15.231546,31.246168,0.875957,20.981778,0.588204,0.132999,0.003729,77.202688,102.686184,105.170665,100.201704,4.968961,0.952753
left,407,46,33,0,-1,0.421367,951.250000,564.000000,1338.500000,774.500000,0.720442,116.476524,97.550048,135.402999,37.852951,0.877551,1.095238,1.023810,1.166667,0.142857,0.811825,0.831109,0.744790,0.917427,0.172637,1.000000,1.000000,1.000000,1.000000,0.000000,0.625000,6.500000,5.000000,8.000000,3.000000,37.723402,1.250482,1.403846,0.578892,0.168463,0.492791,14.866069,29.064677,0.963456,18.825188,0.624030,9.867506,0.327095,88.126171,123.967210,125.957501,121.976920,3.980580,0.968397
left,408,46,32,0,-1,0.606649,1075.250000,812.000000,1338.500000,526.500000,0.831011,123.962207,112.521415,135.402999,22.881584,0.996867,1.025418,1.023810,1.027027,0.003218,0.878464,0.861677,0.805927,0.917427,0.111501,1.000000,1.000000,1.000000,1.000000,0.000000,0.750000,7.000000,6.000000,8.000000,2.000000,40.227743,1.236234,1.733333,0.513144,0.305975,0.283325,9.219544,30.140516,0.926244,20.041134,0.615882,6.606342,0.203019,86.290098,96.937628,107.650124,86.225131,21.424993,0.800976
left,409,45,40,0,-1,0.353504,989.750000,517.000000,1462.500000,945.500000,0.663300,123.360396,98.388714,148.332078,49.943363,0.990278,1.027240,1.022222,1.032258,0.010036,0.803478,0.753211,0.671135,0.835287,0.164152,1.000000,1.000000,1.000000,1.000000,0.000000,0.571429,5.500000,4.000000,7.000000,3.000000,23.963215,0.785933,1.195652,0.853742,0.014145,1.246736,38.013156,22.476960,0.737188,11.930429,0.391288,9.330675,0.306023,49.458543,171.031631,180.000000,162.063263,17.936737,0.900351
left,410,45,39,0,-1,0.680342,1228.750000,995.000000,1462.500000,467.500000,0.816353,134.711737,121.091397,148.332078,27.240681,0.822764,1.132323,1.022222,1.242424,0.220202,0.979556,0.844003,0.835287,0.852720,0.017433,1.000000,1.000000,1.000000,1.000000,0.000000,0.857143,6.500000,6.000000,7.000000,1.000000,42.695156,1.223598,1.396552,0.567049,0.131027,0.516656,18.027756,29.689899,0.850881,21.191524,0.607326,5.847631,0.167587,76.505987,107.539994,126.869898,88.210089,38.659808,0.695280
left,411,45,31,0,-1,0.595556,1166.750000,871.000000,1462.500000,591.500000,0.778036,131.869859,115.407640,148.332078,32.924438,0.864957,1.102020,1.022222,1.181818,0.159596,0.983837,0.828537,0.821786,0.835287,0.013500,1.000000,1.000000,1.000000,1.000000,0.000000,0.857143,6.500000,6.000000,7.000000,1.000000,42.115662,1.243168,1.744681,0.487327,0.220270,0.272142,9.219544,32.077606,0.946866,21.338287,0.629863,9.747477,0.287726,89.368783,88.494633,111.161260,65.828007,45.333253,0.592185
left,412,44,35,0,-1,0.786531,703.000000,619.000000,787.000000,168.000000,0.910972,108.236416,103.193890,113.278942,10.085052,0.860294,1.240196,1.147059,1.333333,0.186275,0.947777,0.750578,0.730453,0.770702,0.040248,1.000000,1.000000,1.000000,1.000000,0.000000,0.800000,4.500000,4.000000,5.000000,1.000000,22.854482,0.863521,1.279070,0.751597,0.037340,1.193024,31.575307,21.522501,0.813194,11.405065,0.430923,1.489320,0.056272,79.545776,169.296966,173.480198,165.113733,8.366465,0.951773
left,413,44,34,0,-1,0.590841,1059.500000,787.000000,1332.000000,545.000000,0.779991,129.254991,113.278942,145.231040,31.952098,0.934066,1.109244,1.071429,1.147059,0.075630,0.971161,0.782145,0.770702,0.793588,0.022887,1.000000,1.000000,1.000000,1.000000,0.000000,0.714286,6.000000,5.000000,7.000000,2.000000,38.035072,1.178467,1.403509,0.519285,0.240916,0.496706,16.031220,32.002231,0.991547,18.188238,0.563539,5.457364,0.169089,55.799111,110.080720,129.805571,90.355870,39.449701,0.696086
left,414,43,38,0,-1,0.998585,1059.250000,1058.500000,1060.000000,1.500000,0.963529,128.261868,125.879532,130.644205,4.764673,0.832812,1.127885,1.025000,1.230769,0.205769,0.929705,0.809937,0.780433,0.839442,0.059009,1.000000,1.000000,1.000000,1.000000,0.000000,0.833333,5.500000,5.000000,6.000000,1.000000,29.441316,0.904603,1.489796,0.700747,0.103611,0.946529,30.805844,25.024843,0.768904,14.662428,0.450512,0.930542,0.028591,89.413973,133.242401,133.974354,132.510447,1.463907,0.989073
left,415,43,36,0,-1,0.876242,1133.250000,1058.500000,1208.000000,149.500000,0.947422,129.372428,125.879532,132.865324,6.985792,0.869022,1.102244,1.025000,1.179487,0.154487,0.976196,0.849676,0.839442,0.859911,0.020469,1.000000,1.000000,1.000000,1.000000,0.000000,1.000000,6.000000,6.000000,6.000000,0.000000,30.706483,0.912649,1.352941,0.771236,0.074564,0.989336,33.286634,23.478325,0.697816,15.186891,0.451380,1.192069,0.035430,86.978397,145.453100,148.109208,142.796991,5.312217,0.964133
left,416,43,29,0,-1,0.898557,1118.250000,1058.500000,1178.000000,119.500000,0.961670,128.388180,125.879532,130.896828,5.017296,0.753061,1.193056,1.025000,1.361111,0.336111,0.971614,0.851704,0.839442,0.863967,0.024525,1.000000,1.000000,1.000000,1.000000,0.000000,0.857143,6.500000,6.000000,7.000000,1.000000,37.146152,1.111219,1.327273,0.559030,0.276325,0.486977,16.278821,29.610082,0.885779,18.561258,0.555256,0.478884,0.014326,79.698471,106.755548,113.735875,99.775221,13.960655,0.877254
left,417,42,41,0,-1,0.981961,1071.250000,1061.500000,1081.000000,19.500000,0.999184,127.449414,127.397395,127.501433,0.104039,0.950760,1.348319,1.314286,1.382353,0.068067,0.980359,0.828759,0.820540,0.836979,0.016439,1.000000,1.000000,1.000000,1.000000,0.000000,0.857143,6.500000,6.000000,7.000000,1.000000,35.781224,1.093237,1.782609,0.593997,0.140957,0.641621,21.000000,26.839559,0.820039,17.668998,0.539847,1.488448,0.045477,75.163563,116.677676,133.781125,99.574228,34.206897,0.744307
left,418,42,26,0,-1,0.731564,1256.250000,1061.500000,1451.000000,389.500000,0.857124,138.128148,127.501433,148.754863,21.253429,0.723404,1.191176,1.000000,1.382353,0.382353,0.995783,0.822277,0.820540,0.824015,0.003475,1.000000,1.000000,1.000000,1.000000,0.000000,1.000000,7.000000,7.000000,7.000000,0.000000,45.267668,1.281052,1.051282,0.519514,0.262488,0.420702,14.866069,31.941746,0.903935,21.304054,0.602894,7.013860,0.198489,66.723087,119.067011,121.568971,116.565051,5.003920,0.958839
left,419,41,37,0,-1,0.468548,793.750000,506.500000,1081.000000,574.500000,0.744486,111.121455,94.845516,127.397395,32.551878,0.859046,1.221659,1.129032,1.314286,0.185253,0.845359,0.772263,0.707548,0.836979,0.129431,1.000000,1.000000,1.000000,1.000000,0.000000,0.666667,5.000000,4.000000,6.000000,2.000000,21.802716,0.787327,1.200000,0.843001,0.035276,1.235201,34.205263,20.227474,0.730443,10.717113,0.387010,6.535394,0.236002,27.562838,168.056215,178.492564,157.619865,20.872699,0.883061
left,420,41,26,0,-1,0.745003,1266.000000,1081.000000,1451.000000,370.000000,0.856425,138.076129,127.397395,148.754863,21.357468,0.760870,1.157143,1.000000,1.314286,0.314286,0.984511,0.830497,0.824015,0.836979,0.012964,1.000000,1.000000,1.000000,1.000000,0.000000,0.857143,6.500000,6.000000,7.000000,1.000000,41.077329,1.157588,1.795918,0.530741,0.222156,0.441098,15.652476,30.820714,0.868549,19.751988,0.556625,0.245567,0.006920,74.788811,94.925664,109.653824,80.197503,29.456321,0.731370
left,421,40,31,0,-1,0.593571,694.000000,517.000000,871.000000,354.000000,0.852532,106.898177,98.388714,115.407640,17.018926,0.873449,1.107038,1.032258,1.181818,0.149560,0.816678,0.746461,0.671135,0.821786,0.150651,1.000000,1.000000,1.000000,1.000000,0.000000,0.666667,5.000000,4.000000,6.000000,2.000000,28.126138,1.076592,1.255319,0.573792,0.202089,0.754946,19.723083,22.582268,0.864387,13.764228,0.526857,4.232973,0.162027,82.522923,130.221035,132.108730,128.333340,3.775390,0.971422
left,422,40,28,0,-1,0.452121,830.250000,517.000000,1143.500000,626.500000,0.759539,113.963090,98.388714,129.537466,31.148752,0.891496,1.095076,1.032258,1.157895,0.125637,0.783709,0.763746,0.671135,0.856358,0.185223,1.000000,1.000000,1.000000,1.000000,0.000000,0.666667,5.000000,4.000000,6.000000,2.000000,29.093910,1.028902,1.125000,0.539744,0.326107,0.553548,15.652476,27.265831,0.964252,14.544095,0.514350,8.929324,0.315784,67.302791,111.223375,113.749494,108.697256,5.052239,0.955585
left,423,39,31,0,-1,0.875377,933.000000,871.000000,995.000000,124.000000,0.953062,118.249518,115.407640,121.091397,5.683757,0.951220,1.212121,1.181818,1.242424,0.060606,0.963724,0.837253,0.821786,0.852720,0.030934,1.000000,1.000000,1.000000,1.000000,0.000000,1.000000,6.000000,6.000000,6.000000,0.000000,38.616055,1.264932,1.175439,0.493139,0.287245,0.302001,9.219544,28.206480,0.923949,19.139296,0.626939,0.749046,0.024536,68.879325,101.740533,121.968843,81.512223,40.456620,0.668304
left,424,39,30,0,-1,0.602513,797.250000,599.500000,995.000000,395.500000,0.828770,110.724142,100.356888,121.091397,20.734509,0.999159,1.241902,1.241379,1.242424,0.001045,0.877199,0.800363,0.748005,0.852720,0.104715,1.000000,1.000000,1.000000,1.000000,0.000000,0.833333,5.500000,5.000000,6.000000,1.000000,29.669964,1.059106,1.363636,0.622567,0.142051,0.750470,21.023796,23.744465,0.847588,14.790953,0.527981,3.723207,0.132904,84.054027,126.495675,139.248455,113.742896,25.505559,0.816834
left,425,38,34,0,-1,0.795796,1196.000000,1060.000000,1332.000000,272.000000,0.899561,137.937622,130.644205,145.231040,14.586835,0.870536,1.151099,1.071429,1.230769,0.159341,0.983423,0.787010,0.780433,0.793588,0.013156,1.000000,1.000000,1.000000,1.000000,0.000000,0.714286,6.000000,5.000000,7.000000,2.000000,26.369574,0.763735,1.035714,0.843779,0.055602,1.261792,43.566042,22.942726,0.664484,13.182194,0.381793,2.088695,0.060494,54.661356,154.403349,158.875281,149.931417,8.943864,0.943705
left,426,38,29,0,-1,0.899830,1119.000000,1060.000000,1178.000000,118.000000,0.998070,130.770517,130.644205,130.896828,0.252623,0.904239,1.295940,1.230769,1.361111,0.130342,0.903314,0.822200,0.780433,0.863967,0.083534,1.000000,1.000000,1.000000,1.000000,0.000000,0.714286,6.000000,5.000000,7.000000,2.000000,38.386109,1.147916,1.074627,0.573009,0.216935,0.598089,20.000000,29.252866,0.874791,19.153311,0.572770,1.503485,0.044961,85.508646,114.941158,116.128639,113.753678,2.374962,0.979549
left,427,37,32,0,-1,0.623768,659.250000,506.500000,812.000000,305.500000,0.842911,103.683466,94.845516,112.521415,17.675899,0.909653,1.078030,1.027027,1.129032,0.102005,0.877931,0.756737,0.707548,0.805927,0.098379,1.000000,1.000000,1.000000,1.000000,0.000000,0.666667,5.000000,4.000000,6.000000,2.000000,23.888859,0.936797,1.019231,0.679596,0.070914,1.004389,25.612497,20.780278,0.814894,11.935164,0.468035,5.823439,0.228365,76.167201,145.580630,154.942385,136.218875,18.723509,0.879158
left,428,37,26,0,-1,0.349070,978.750000,506.500000,1451.000000,944.500000,0.637596,121.800189,94.845516,148.754863,53.909347,0.885714,1.064516,1.000000,1.129032,0.129032,0.858659,0.765781,0.707548,0.824015,0.116467,1.000000,1.000000,1.000000,1.000000,0.000000,0.571429,5.500000,4.000000,7.000000,3.000000,32.086446,1.059001,1.169492,0.559922,0.224266,0.561079,17.000000,26.173315,0.863841,15.640887,0.516222,8.307210,0.274176,69.880722,102.890113,104.470294,101.309932,3.160362,0.969749
left,429,36,33,0,-1,0.466887,886.000000,564.000000,1208.000000,644.000000,0.734202,115.207686,97.550048,132.865324,35.315276,0.989130,1.173077,1.166667,1.179487,0.012821,0.866125,0.802351,0.744790,0.859911,0.115121,1.000000,1.000000,1.000000,1.000000,0.000000,0.833333,5.500000,5.000000,6.000000,1.000000,25.044532,0.856150,1.200000,0.732288,0.111174,0.957794,28.017851,21.296954,0.728039,12.494927,0.427141,7.747378,0.264845,68.180906,132.336292,132.852415,131.820170,1.032245,0.992230
left,430,36,29,0,-1,0.975166,1193.000000,1178.000000,1208.000000,30.000000,0.985184,131.881076,130.896828,132.865324,1.968496,0.866562,1.270299,1.179487,1.361111,0.181624,0.995306,0.861939,0.859911,0.863967,0.004056,1.000000,1.000000,1.000000,1.000000,0.000000,0.857143,6.500000,6.000000,7.000000,1.000000,43.160859,1.249621,1.360656,0.560903,0.157167,0.471315,16.278821,31.839766,0.921846,20.909255,0.605378,1.710020,0.049510,74.534954,110.620399,112.115571,109.125226,2.990345,0.973328
left,431,36,27,0,-1,0.524007,920.500000,633.000000,1208.000000,575.000000,0.745394,115.951141,99.036957,132.865324,33.828367,0.929874,1.138131,1.096774,1.179487,0.082713,0.943117,0.835454,0.810997,0.859911,0.048914,1.000000,1.000000,1.000000,1.000000,0.000000,0.833333,5.500000,5.000000,6.000000,1.000000,31.517900,1.052073,1.500000,0.603158,0.184682,0.601770,18.027756,26.149822,0.872886,15.704324,0.524213,8.056561,0.268929,75.365595,108.370281,116.565051,100.175511,16.389540,0.859396
left,432,35,34,0,-1,0.464715,975.500000,619.000000,1332.000000,713.000000,0.710550,124.212465,103.193890,145.231040,42.037150,0.803571,1.202381,1.071429,1.333333,0.261905,0.920444,0.762021,0.730453,0.793588,0.063135,1.000000,1.000000,1.000000,1.000000,0.000000,0.571429,5.500000,4.000000,7.000000,3.000000,28.711937,0.935604,1.622222,0.628956,0.150692,0.830780,25.495098,24.662656,0.803654,14.353056,0.467707,6.855688,0.223399,61.455843,129.269142,154.007888,104.530397,49.477491,0.678734
left,433,35,25,0,-1,0.602726,823.000000,619.000000,1027.000000,408.000000,0.826686,114.011154,103.193890,124.828419,21.634529,0.809211,1.206140,1.078947,1.333333,0.254386,0.881940,0.779344,0.730453,0.828235,0.097781,1.000000,1.000000,1.000000,1.000000,0.000000,0.666667,5.000000,4.000000,6.000000,2.000000,29.760833,1.045587,1.340426,0.574104,0.261239,0.671215,19.104973,26.085648,0.916467,14.779560,0.519250,5.385908,0.189223,77.825358,117.868497,121.293039,114.443955,6.849084,0.943533
left,434,34,29,0,-1,0.884384,1255.000000,1178.000000,1332.000000,154.000000,0.901301,138.063934,130.896828,145.231040,14.334212,0.787172,1.216270,1.071429,1.361111,0.289683,0.918540,0.828777,0.793588,0.863967,0.070378,1.000000,1.000000,1.000000,1.000000,0.000000,1.000000,7.000000,7.000000,7.000000,0.000000,47.491823,1.341225,1.409836,0.476584,0.305777,0.266427,9.433981,35.857256,1.012651,23.803566,0.672241,5.029479,0.142038,83.162174,104.752302,124.508523,84.996080,39.512443,0.682653
left,435,34,25,0,-1,0.771021,1179.500000,1027.000000,1332.000000,305.000000,0.859516,135.029730,124.828419,145.231040,20.402621,0.993031,1.075188,1.071429,1.078947,0.007519,0.958168,0.810911,0.793588,0.828235,0.034646,1.000000,1.000000,1.000000,1.000000,0.000000,0.857143,6.500000,6.000000,7.000000,1.000000,40.431503,1.179734,1.179104,0.487276,0.326198,0.341527,11.704700,32.134648,0.937644,19.799665,0.577726,2.829998,0.082575,87.442463,96.313497,107.927920,84.699073,23.228846,0.784774
left,436,34,19,0,-1,0.961733,1358.500000,1332.000000,1385.000000,53.000000,0.971106,143.132876,141.034712,145.231040,4.196328,0.998450,1.070598,1.069767,1.071429,0.001661,0.906959,0.834294,0.793588,0.874999,0.081411,1.000000,1.000000,1.000000,1.000000,0.000000,0.857143,6.500000,6.000000,7.000000,1.000000,43.127050,1.170147,1.895833,0.572235,0.142805,0.569784,21.000000,30.984621,0.840692,21.081101,0.571984,0.910870,0.024714,69.289449,102.770640,113.486094,92.055187,21.430907,0.811158
left,437,33,32,0,-1,0.694581,688.000000,564.000000,812.000000,248.000000,0.866947,105.035732,97.550048,112.521415,14.971367,0.880309,1.096847,1.027027,1.166667,0.139640,0.924141,0.775358,0.744790,0.805927,0.061136,1.000000,1.000000,1.000000,1.000000,0.000000,0.833333,5.500000,5.000000,6.000000,1.000000,20.888993,0.799666,1.375000,0.826056,0.035610,1.251641,32.695565,16.797986,0.643055,10.315617,0.394899,3.541399,0.135571,71.581313,149.381382,150.945396,147.817368,3.128028,0.979277
left,438,33,27,0,-1,0.890995,598.500000,564.000000,633.000000,69.000000,0.984986,98.293503,97.550048,99.036957,1.486909,0.940092,1.131720,1.096774,1.166667,0.069892,0.918364,0.777893,0.744790,0.810997,0.066206,1.000000,1.000000,1.000000,1.000000,0.000000,1.000000,5.000000,5.000000,5.000000,0.000000,29.060658,1.188376,1.038462,0.568614,0.205931,0.693977,16.970563,23.669896,0.967932,14.469979,0.591720,0.557651,0.022804,88.094851,134.818417,141.632515,128.004319,13.628195,0.903778
left,439,33,23,0,-1,0.668643,703.750000,564.000000,843.500000,279.500000,0.845405,106.469323,97.550048,115.388597,17.838549,0.962500,1.189394,1.166667,1.212121,0.045455,0.935545,0.770447,0.744790,0.796103,0.051313,1.000000,1.000000,1.000000,1.000000,0.000000,0.714286,6.000000,5.000000,7.000000,2.000000,35.948365,1.361893,1.545455,0.429466,0.302309,0.189424,5.000000,28.099346,1.064535,17.840892,0.675897,3.399053,0.128772,68.804909,89.496698,95.625911,83.367485,12.258426,0.871809
left,440,32,26,0,-1,0.559614,1131.500000,812.000000,1451.000000,639.000000,0.756422,130.638139,112.521415,148.754863,36.233448,0.973684,1.013514,1.000000,1.027027,0.027027,0.978049,0.814971,0.805927,0.824015,0.018088,1.000000,1.000000,1.000000,1.000000,0.000000,0.857143,6.500000,6.000000,7.000000,1.000000,40.007565,1.201652,1.500000,0.488501,0.341582,0.300356,10.000000,30.928447,0.928955,18.560114,0.557465,7.462307,0.224135,56.400600,99.599169,100.587321,98.611017,1.976304,0.980352
left,441,32,23,0,-1,0.962656,827.750000,812.000000,843.500000,31.500000,0.975152,113.955006,112.521415,115.388597,2.867182,0.847297,1.119574,1.027027,1.212121,0.185094,0.987811,0.801015,0.796103,0.805927,0.009824,1.000000,1.000000,1.000000,1.000000,0.000000,0.857143,6.500000,6.000000,7.000000,1.000000,40.998542,1.425077,1.061538,0.484018,0.283298,0.357868,10.295630,29.814271,1.036321,19.876820,0.690903,0.429231,0.014920,76.507214,116.885971,120.343249,113.428693,6.914556,0.942543
left,442,32,22,0,-1,0.856992,879.750000,812.000000,947.500000,135.500000,0.935359,116.409516,112.521415,120.297617,7.776202,0.926829,1.067568,1.027027,1.108108,0.081081,0.979536,0.814345,0.805927,0.822764,0.016837,1.000000,1.000000,1.000000,1.000000,0.000000,0.833333,5.500000,5.000000,6.000000,1.000000,28.379975,0.957536,1.382979,0.657193,0.131287,0.833313,24.698178,22.753922,0.767714,14.011926,0.472760,2.311717,0.077997,71.482826,111.615220,113.148463,110.081977,3.066486,0.972899
left,443,31,30,0,-1,0.688289,735.250000,599.500000,871.000000,271.500000,0.869586,107.882264,100.356888,115.407640,15.050752,0.952020,1.211599,1.181818,1.241379,0.059561,0.910219,0.784896,0.748005,0.821786,0.073781,1.000000,1.000000,1.000000,1.000000,0.000000,0.833333,5.500000,5.000000,6.000000,1.000000,21.355401,0.790979,1.238095,0.857469,0.026522,1.277168,34.481879,17.964990,0.665402,10.663589,0.394967,3.350981,0.124116,54.386412,167.886127,171.027373,164.744881,6.282492,0.963266
left,444,31,28,0,-1,0.761697,1007.250000,871.000000,1143.500000,272.500000,0.890921,122.472553,115.407640,129.537466,14.129826,0.979757,1.169856,1.157895,1.181818,0.023923,0.959630,0.839072,0.821786,0.856358,0.034571,1.000000,1.000000,1.000000,1.000000,0.000000,1.000000,6.000000,6.000000,6.000000,0.000000,32.829434,1.036800,1.674419,0.659544,0.112435,0.774228,24.515301,26.041741,0.822435,16.390915,0.517648,3.979189,0.125668,82.114249,130.517945,138.066486,122.969404,15.097082,0.890654
left,445,31,21,0,-1,0.966705,856.500000,842.000000,871.000000,29.000000,0.961576,113.190456,110.973273,115.407640,4.434367,0.964115,1.203812,1.181818,1.225806,0.043988,0.956475,0.840484,0.821786,0.859182,0.037396,1.000000,1.000000,1.000000,1.000000,0.000000,0.857143,6.500000,6.000000,7.000000,1.000000,31.142295,1.064149,1.717949,0.597020,0.185931,0.623554,18.248288,24.878325,0.850106,15.550287,0.531362,3.220848,0.110058,86.752942,101.139727,110.702903,91.576550,19.126353,0.827228
left,446,30,24,0,-1,0.933278,579.500000,559.500000,599.500000,40.000000,0.953103,98.003678,95.650468,100.356888,4.706419,0.949290,1.274536,1.241379,1.307692,0.066313,0.973350,0.758245,0.748005,0.768486,0.020480,1.000000,1.000000,1.000000,1.000000,0.000000,1.000000,5.000000,5.000000,5.000000,0.000000,23.636528,0.982023,1.600000,0.630701,0.117774,0.914974,22.022716,18.791794,0.780740,11.237846,0.466897,0.448944,0.018652,53.836512,125.047078,141.659207,108.434949,33.224258,0.765463
left,447,30,21,0,-1,0.711995,720.750000,599.500000,842.000000,242.500000,0.904334,105.665080,100.356888,110.973273,10.616385,0.987455,1.233593,1.225806,1.241379,0.015573,0.870602,0.803594,0.748005,0.859182,0.111177,1.000000,1.000000,1.000000,1.000000,0.000000,0.714286,6.000000,5.000000,7.000000,2.000000,35.414846,1.323872,1.051724,0.489565,0.327784,0.354635,9.486833,26.298473,0.983085,16.718106,0.624953,0.335204,0.012531,57.848193,113.434268,129.472460,97.396077,32.076383,0.752253
left,448,29,27,0,-1,0.537351,905.500000,633.000000,1178.000000,545.000000,0.756603,114.966893,99.036957,130.896828,31.859871,0.805793,1.228943,1.096774,1.361111,0.264337,0.938690,0.837482,0.810997,0.863967,0.052970,1.000000,1.000000,1.000000,1.000000,0.000000,0.714286,6.000000,5.000000,7.000000,2.000000,36.128639,1.214786,1.795455,0.564343,0.230260,0.489571,14.560220,29.979714,1.008035,18.033979,0.606373,9.698571,0.326104,84.265153,121.537293,134.309723,108.764863,25.544860,0.809806
left,449,29,20,0,-1,0.907470,1123.500000,1069.000000,1178.000000,109.000000,0.961057,128.348070,125.799312,130.896828,5.097517,0.923615,1.309127,1.257143,1.361111,0.103968,0.982504,0.856408,0.848850,0.863967,0.015116,1.000000,1.000000,1.000000,1.000000,0.000000,0.857143,6.500000,6.000000,7.000000,1.000000,28.443231,0.848829,1.145455,0.808867,0.077214,1.042368,34.928498,23.169664,0.691450,14.174165,0.422998,0.842206,0.025134,72.122401,138.770349,145.491477,132.049221,13.442256,0.907608
left,450,29,19,0,-1,0.850542,1281.500000,1178.000000,1385.000000,207.000000,0.928118,135.965770,130.896828,141.034712,10.137884,0.785952,1.215439,1.069767,1.361111,0.291344,0.987391,0.869483,0.863967,0.874999,0.011033,1.000000,1.000000,1.000000,1.000000,0.000000,0.857143,6.500000,6.000000,7.000000,1.000000,41.835110,1.169598,1.227273,0.592761,0.169333,0.542833,19.416488,30.604676,0.855625,20.917236,0.584790,1.210114,0.033832,86.998170,112.622952,122.005383,103.240520,18.764863,0.846196
left,451,28,21,0,-1,0.736336,992.750000,842.000000,1143.500000,301.500000,0.856689,120.255370,110.973273,129.537466,18.564194,0.944598,1.191851,1.157895,1.225806,0.067912,0.996713,0.857770,0.856358,0.859182,0.002824,1.000000,1.000000,1.000000,1.000000,0.000000,0.857143,6.500000,6.000000,7.000000,1.000000,38.887483,1.237806,1.145161,0.542616,0.250315,0.415018,13.038405,28.928036,0.920792,18.727781,0.596114,5.443835,0.173280,69.630962,110.383633,111.230611,109.536655,1.693956,0.984771
left,452,28,18,0,-1,0.708269,1379.000000,1143.500000,1614.500000,471.000000,0.856234,140.412435,129.537466,151.287403,21.749936,0.972632,1.174185,1.157895,1.190476,0.032581,0.966079,0.871392,0.856358,0.886426,0.030068,1.000000,1.000000,1.000000,1.000000,0.000000,0.857143,6.500000,6.000000,7.000000,1.000000,34.575301,0.934512,1.131148,0.749508,0.083938,0.889063,32.893768,27.557545,0.744834,17.144427,0.463385,5.609880,0.151626,77.112108,123.489858,124.508523,122.471192,2.037331,0.983637
left,453,27,23,0,-1,0.750445,738.250000,633.000000,843.500000,210.500000,0.858291,107.212777,99.036957,115.388597,16.351640,0.904839,1.154448,1.096774,1.212121,0.115347,0.981635,0.803550,0.796103,0.810997,0.014894,1.000000,1.000000,1.000000,1.000000,0.000000,0.714286,6.000000,5.000000,7.000000,2.000000,21.955302,0.810120,1.066667,0.790496,0.076194,1.129484,30.610456,17.323920,0.639229,10.963127,0.404524,1.425086,0.052584,72.527965,136.344885,137.689770,135.000000,2.689770,0.980465
left,454,27,20,0,-1,0.592142,851.000000,633.000000,1069.000000,436.000000,0.787262,112.418134,99.036957,125.799312,26.762355,0.872434,1.176959,1.096774,1.257143,0.160369,0.955406,0.829923,0.810997,0.848850,0.037854,1.000000,1.000000,1.000000,1.000000,0.000000,0.833333,5.500000,5.000000,6.000000,1.000000,32.707108,1.130657,1.360000,0.610971,0.196827,0.652249,18.867962,26.898713,0.929866,16.316273,0.564040,6.788201,0.234662,88.353157,128.929124,138.672332,119.185916,19.486416,0.859479
left,455,26,22,0,-1,0.652998,1199.250000,947.500000,1451.000000,503.500000,0.808697,134.526240,120.297617,148.754863,28.457246,0.902439,1.054054,1.000000,1.108108,0.108108,0.998482,0.823389,0.822764,0.824015,0.001251,1.000000,1.000000,1.000000,1.000000,0.000000,0.714286,6.000000,5.000000,7.000000,2.000000,38.177006,1.108613,1.250000,0.689886,0.027100,0.871646,30.016662,31.711673,0.920867,19.088474,0.554305,6.949938,0.201818,83.527576,160.184800,172.129080,148.240520,23.888560,0.861217
left,456,25,19,0,-1,0.741516,1206.000000,1027.000000,1385.000000,358.000000,0.885090,132.931566,124.828419,141.034712,16.206293,0.991492,1.074357,1.069767,1.078947,0.009180,0.946555,0.851617,0.828235,0.874999,0.046765,1.000000,1.000000,1.000000,1.000000,0.000000,1.000000,6.000000,6.000000,6.000000,0.000000,31.837460,0.919328,1.460000,0.802096,0.043532,1.031877,35.735137,26.601709,0.768143,15.893065,0.458923,3.607711,0.104175,73.219132,162.220247,164.423600,160.016893,4.406706,0.973199
left,457,24,21,0,-1,0.664489,700.750000,559.500000,842.000000,282.500000,0.861923,103.311871,95.650468,110.973273,15.322804,0.937381,1.266749,1.225806,1.307692,0.081886,0.894439,0.813834,0.768486,0.859182,0.090696,1.000000,1.000000,1.000000,1.000000,0.000000,0.714286,6.000000,5.000000,7.000000,2.000000,33.112136,1.257320,1.641026,0.516687,0.331431,0.417687,11.000000,25.957009,0.985628,16.446279,0.624491,5.961232,0.226357,89.513111,118.646857,122.092591,115.201124,6.891468,0.943555
left,458,24,17,0,-1,0.685242,688.000000,559.500000,816.500000,257.000000,0.820355,106.123434,95.650468,116.596399,20.945930,0.832168,1.439560,1.307692,1.571429,0.263736,0.982110,0.761611,0.754737,0.768486,0.013748,1.000000,1.000000,1.000000,1.000000,0.000000,0.833333,5.500000,5.000000,6.000000,1.000000,24.801988,0.949754,1.177778,0.683058,0.059230,1.017483,26.570661,20.288648,0.776923,12.347112,0.472814,3.653579,0.139908,66.131105,155.592963,176.185925,135.000000,41.185925,0.766236
left,459,23,22,0,-1,0.890237,895.500000,843.500000,947.500000,104.000000,0.959193,117.843107,115.388597,120.297617,4.909020,0.914189,1.160115,1.108108,1.212121,0.104013,0.967596,0.809433,0.796103,0.822764,0.026661,1.000000,1.000000,1.000000,1.000000,0.000000,0.714286,6.000000,5.000000,7.000000,2.000000,34.176712,1.142565,2.108108,0.578660,0.140704,0.643060,19.235384,25.013532,0.836230,16.677989,0.557563,1.206105,0.040321,69.596076,122.669269,129.574774,115.763764,13.811010,0.893413
left,460,23,20,0,-1,0.789055,956.250000,843.500000,1069.000000,225.500000,0.917243,120.593954,115.388597,125.799312,10.410715,0.964187,1.234632,1.212121,1.257143,0.045022,0.937860,0.822476,0.796103,0.848850,0.052747,1.000000,1.000000,1.000000,1.000000,0.000000,0.857143,6.500000,6.000000,7.000000,1.000000,41.084688,1.330923,2.157895,0.501890,0.198693,0.362183,11.180340,31.761641,1.028906,20.253666,0.656110,3.478094,0.112672,66.913474,116.172429,148.706961,83.637898,65.069063,0.562434
left,461,23,15,0,-1,0.883225,794.250000,745.000000,843.500000,98.500000,0.928633,111.271154,107.153712,115.388597,8.234885,0.825000,1.106061,1.000000,1.212121,0.212121,0.976377,0.805734,0.796103,0.815364,0.019261,1.000000,1.000000,1.000000,1.000000,0.000000,0.857143,6.500000,6.000000,7.000000,1.000000,24.462103,0.868409,1.191489,0.651789,0.176896,0.843829,23.769729,20.708389,0.735151,12.228764,0.434123,0.495985,0.017608,58.748715,112.162259,123.014586,101.309932,21.704653,0.823560
left,462,23,13,0,-1,0.860275,912.000000,843.500000,980.500000,137.000000,0.942248,118.924773,115.388597,122.460949,7.072352,0.994853,1.209002,1.205882,1.212121,0.006239,0.968962,0.808853,0.796103,0.821603,0.025501,1.000000,1.000000,1.000000,1.000000,0.000000,0.857143,6.500000,6.000000,7.000000,1.000000,38.918506,1.289632,1.031250,0.533609,0.176535,0.506894,15.297059,28.965301,0.959815,16.795584,0.556551,1.342600,0.044489,55.250332,116.268488,120.287953,112.249024,8.038929,0.933169
left,463,22,15,0,-1,0.786280,846.250000,745.000000,947.500000,202.500000,0.890738,113.725664,107.153712,120.297617,13.143905,0.902439,1.054054,1.000000,1.108108,0.108108,0.991007,0.819064,0.815364,0.822764,0.007399,1.000000,1.000000,1.000000,1.000000,0.000000,0.833333,5.500000,5.000000,6.000000,1.000000,35.535348,1.223750,1.050000,0.528833,0.255539,0.463310,13.453624,29.180116,1.004891,17.736828,0.610813,3.222208,0.110965,87.479034,118.941661,121.221650,116.661671,4.559979,0.962383
left,464,21,18,0,-1,0.521524,1228.250000,842.000000,1614.500000,772.500000,0.733526,131.130338,110.973273,151.287403,40.314130,0.971178,1.208141,1.190476,1.225806,0.035330,0.969266,0.872804,0.859182,0.886426,0.027244,1.000000,1.000000,1.000000,1.000000,0.000000,1.000000,7.000000,7.000000,7.000000,0.000000,44.844353,1.296116,2.095238,0.553024,0.185834,0.375733,13.000000,34.344008,0.992629,22.291037,0.644268,10.393378,0.300395,78.756512,114.603120,127.992153,101.214088,26.778065,0.790784
left,465,21,17,0,-1,0.969715,829.250000,816.500000,842.000000,25.500000,0.951773,113.784836,110.973273,116.596399,5.623126,0.780059,1.398618,1.225806,1.571429,0.345622,0.878437,0.806960,0.754737,0.859182,0.104445,1.000000,1.000000,1.000000,1.000000,0.000000,0.857143,6.500000,6.000000,7.000000,1.000000,29.110076,1.010912,1.400000,0.589848,0.200784,0.687564,19.798990,23.852777,0.828341,14.495816,0.503399,1.289150,0.044769,73.023225,102.384309,109.798876,94.969741,14.829136,0.864943
left,466,21,16,0,-1,0.846200,777.250000,712.500000,842.000000,129.500000,0.924180,106.766263,102.559254,110.973273,8.414019,0.960767,1.250834,1.225806,1.275862,0.050056,0.990740,0.855204,0.851226,0.859182,0.007956,1.000000,1.000000,1.000000,1.000000,0.000000,0.857143,6.500000,6.000000,7.000000,1.000000,26.050362,0.935214,1.040816,0.756138,0.094886,0.947794,26.400758,21.969273,0.788702,12.934892,0.464366,1.398328,0.050200,76.040041,149.408086,154.653824,144.162347,10.491477,0.932162
left,467,20,19,0,-1,0.771841,1227.000000,1069.000000,1385.000000,316.000000,0.891974,133.417012,125.799312,141.034712,15.235400,0.850951,1.163455,1.069767,1.257143,0.187375,0.970115,0.861925,0.848850,0.874999,0.026149,1.000000,1.000000,1.000000,1.000000,0.000000,1.000000,6.000000,6.000000,6.000000,0.000000,43.502324,1.244503,1.891304,0.531678,0.266504,0.371901,13.000000,34.207774,0.978607,21.678493,0.620173,2.078375,0.059458,86.215364,110.482385,111.268003,109.696766,1.571237,0.985879
left,468,20,14,0,-1,0.890833,1134.500000,1069.000000,1200.000000,131.000000,0.940776,129.759011,125.799312,133.718710,7.919398,0.999417,1.256777,1.256410,1.257143,0.000733,0.993518,0.846099,0.843348,0.848850,0.005502,1.000000,1.000000,1.000000,1.000000,0.000000,0.857143,6.500000,6.000000,7.000000,1.000000,36.390352,1.080849,1.216667,0.642317,0.139268,0.725107,24.413111,29.256282,0.868957,17.828952,0.529547,2.850198,0.084655,69.306219,124.665282,125.311213,124.019350,1.291863,0.989691
left,469,20,13,0,-1,0.917212,1024.750000,980.500000,1069.000000,88.500000,0.973463,124.130130,122.460949,125.799312,3.338362,0.959225,1.231513,1.205882,1.257143,0.051261,0.967902,0.835227,0.821603,0.848850,0.027247,1.000000,1.000000,1.000000,1.000000,0.000000,1.000000,6.000000,6.000000,6.000000,0.000000,29.679997,0.927377,1.070175,0.634688,0.150037,0.731447,23.409400,22.742918,0.710622,14.642266,0.457510,1.963244,0.061343,54.558709,100.980431,110.955777,91.005086,19.950691,0.820192
left,470,19,14,0,-1,0.866426,1292.500000,1200.000000,1385.000000,185.000000,0.948126,137.376711,133.718710,141.034712,7.316002,0.851448,1.163089,1.069767,1.256410,0.186643,0.963827,0.859173,0.843348,0.874999,0.031651,1.000000,1.000000,1.000000,1.000000,0.000000,0.857143,6.500000,6.000000,7.000000,1.000000,33.248563,0.925414,1.079365,0.696687,0.103095,0.818599,29.410882,25.394843,0.706820,16.569649,0.461187,2.788811,0.077622,78.686343,110.351307,124.992020,95.710593,29.281427,0.765734
left,471,18,16,0,-1,0.441313,1163.500000,712.500000,1614.500000,902.000000,0.677910,126.923328,102.559254,151.287403,48.728149,0.933076,1.233169,1.190476,1.275862,0.085386,0.960291,0.868826,0.851226,0.886426,0.035199,1.000000,1.000000,1.000000,1.000000,0.000000,0.857143,6.500000,6.000000,7.000000,1.000000,35.565925,1.063677,1.396226,0.666637,0.122905,0.664048,22.203603,28.486630,0.851955,17.666879,0.528367,10.623054,0.317706,80.726885,117.793661,120.963757,114.623565,6.340192,0.947586
left,472,18,9,0,-1,0.563952,1262.500000,910.500000,1614.500000,704.000000,0.789350,135.353053,119.418702,151.287403,31.868700,0.987224,1.198179,1.190476,1.205882,0.015406,0.905113,0.844371,0.802315,0.886426,0.084110,1.000000,1.000000,1.000000,1.000000,0.000000,0.857143,6.500000,6.000000,7.000000,1.000000,46.320309,1.316753,1.068493,0.522031,0.276832,0.343486,12.083046,36.149525,1.027627,22.616267,0.642915,6.707071,0.190663,73.401536,118.063645,135.123749,101.003541,34.120208,0.747489
left,473,18,7,0,-1,0.581295,1276.500000,938.500000,1614.500000,676.000000,0.823815,137.960092,124.632781,151.287403,26.654622,0.862105,1.108396,1.026316,1.190476,0.164160,0.856519,0.822833,0.759241,0.886426,0.127185,1.000000,1.000000,1.000000,1.000000,0.000000,0.857143,6.500000,6.000000,7.000000,1.000000,35.390992,0.999523,1.600000,0.639844,0.131022,0.734300,26.000000,28.345356,0.800538,17.633212,0.498002,6.108500,0.172518,77.209417,108.319502,113.198591,103.440414,9.758177,0.913796
left,474,17,16,0,-1,0.872627,764.500000,712.500000,816.500000,104.000000,0.879609,109.577826,102.559254,116.596399,14.037145,0.811912,1.423645,1.275862,1.571429,0.295567,0.886647,0.802982,0.754737,0.851226,0.096489,1.000000,1.000000,1.000000,1.000000,0.000000,1.000000,6.000000,6.000000,6.000000,0.000000,36.097039,1.306274,2.375000,0.535488,0.191629,0.537971,14.866069,26.582207,0.961953,16.562901,0.599376,1.640247,0.059357,61.326461,125.858313,141.340192,110.376435,30.963757,0.780927
left,475,17,12,0,-1,0.701776,694.750000,573.000000,816.500000,243.500000,0.845205,107.572117,98.547835,116.596399,18.048564,0.746082,1.371921,1.172414,1.571429,0.399015,0.982369,0.748084,0.741430,0.754737,0.013307,1.000000,1.000000,1.000000,1.000000,0.000000,1.000000,6.000000,6.000000,6.000000,0.000000,23.291587,0.887098,1.019231,0.601191,0.233177,0.851643,22.360680,19.332719,0.736318,11.230584,0.427735,2.489473,0.094816,24.812134,100.580630,104.036243,97.125016,6.911227,0.933569
left,476,17,10,0,-1,0.958896,834.000000,816.500000,851.500000,35.000000,0.960241,114.278515,111.960630,116.596399,4.635769,0.789969,1.406404,1.241379,1.571429,0.330049,0.884162,0.804178,0.754737,0.853619,0.098881,1.000000,1.000000,1.000000,1.000000,0.000000,1.000000,6.000000,6.000000,6.000000,0.000000,28.428323,0.984447,1.140000,0.642950,0.176859,0.831098,24.000000,21.982299,0.761227,13.067214,0.452506,1.070943,0.037086,43.803650,125.421220,148.313632,102.528808,45.784825,0.691297
left,477,16,10,0,-1,0.836759,782.000000,712.500000,851.500000,139.000000,0.916030,107.259942,102.559254,111.960630,9.401376,0.972973,1.258621,1.241379,1.275862,0.034483,0.997197,0.852422,0.851226,0.853619,0.002392,1.000000,1.000000,1.000000,1.000000,0.000000,1.000000,6.000000,6.000000,6.000000,0.000000,33.459447,1.197693,1.148148,0.483032,0.235294,0.229202,6.403124,25.758539,0.922036,16.523979,0.591482,2.689121,0.096258,76.173910,80.029850,89.713523,70.346176,19.367348,0.784120
left,478,16,7,0,-1,0.759190,825.500000,712.500000,938.500000,226.000000,0.822891,113.596017,102.559254,124.632781,22.073527,0.804410,1.151089,1.026316,1.275862,0.249546,0.891938,0.805234,0.759241,0.851226,0.091985,1.000000,1.000000,1.000000,1.000000,0.000000,1.000000,6.000000,6.000000,6.000000,0.000000,38.397219,1.339571,1.250000,0.499181,0.281042,0.406851,11.661904,31.153148,1.086846,19.168086,0.668721,5.199665,0.181402,89.510562,127.624468,129.411284,125.837653,3.573631,0.972385
left,479,16,5,0,-1,0.773196,817.000000,712.500000,921.500000,209.000000,0.858538,111.008623,102.559254,119.457992,16.898739,0.847334,1.178472,1.081081,1.275862,0.194781,0.953300,0.831350,0.811474,0.851226,0.039752,1.000000,1.000000,1.000000,1.000000,0.000000,0.833333,5.500000,5.000000,6.000000,1.000000,29.634475,1.038915,1.300000,0.633962,0.134027,0.737045,21.023796,21.608763,0.757552,14.299320,0.501300,3.880160,0.136029,58.580862,119.285622,131.672596,106.898649,24.773947,0.811852
left,480,15,13,0,-1,0.759816,862.750000,745.000000,980.500000,235.500000,0.875003,114.807331,107.153712,122.460949,15.307237,0.829268,1.102941,1.000000,1.205882,0.205882,0.992406,0.818484,0.815364,0.821603,0.006239,1.000000,1.000000,1.000000,1.000000,0.000000,1.000000,6.000000,6.000000,6.000000,0.000000,35.736704,1.219524,1.825000,0.590565,0.098232,0.648380,19.000000,27.396381,0.934908,17.637008,0.601867,4.832512,0.164911,79.638676,108.500505,146.441044,70.559965,75.881079,0.481832
left,481,15,11,0,-1,0.922148,716.000000,687.000000,745.000000,58.000000,0.976364,105.887347,104.620983,107.153712,2.532729,0.742857,1.173077,1.000000,1.346154,0.346154,0.967336,0.802048,0.788731,0.815364,0.026633,1.000000,1.000000,1.000000,1.000000,0.000000,0.833333,5.500000,5.000000,6.000000,1.000000,22.737808,0.849926,1.457143,0.798044,0.037360,1.151505,30.805844,17.402262,0.650487,11.151596,0.416840,1.159210,0.043331,51.571964,164.030393,176.987212,151.073574,25.913638,0.853585
left,482,15,8,0,-1,0.876510,699.000000,653.000000,745.000000,92.000000,0.972627,105.687169,104.220627,107.153712,2.933085,0.823529,1.107143,1.000000,1.214286,0.214286,0.926540,0.785416,0.755467,0.815364,0.059897,1.000000,1.000000,1.000000,1.000000,0.000000,1.000000,6.000000,6.000000,6.000000,0.000000,40.697385,1.540151,1.178571,0.424742,0.432403,0.151376,4.000000,29.833814,1.129030,19.063041,0.721422,1.128517,0.042708,53.416814,107.793422,109.440035,106.146810,3.293225,0.969908
left,483,14,13,0,-1,0.817083,1090.250000,980.500000,1200.000000,219.500000,0.915810,128.089829,122.460949,133.718710,11.257760,0.959784,1.231146,1.205882,1.256410,0.050528,0.974216,0.832476,0.821603,0.843348,0.021744,1.000000,1.000000,1.000000,1.000000,0.000000,0.857143,6.500000,6.000000,7.000000,1.000000,40.953981,1.241896,2.150000,0.550044,0.191928,0.500119,16.492423,31.088480,0.942733,19.961606,0.605319,3.597658,0.109096,69.197051,115.790972,125.024873,106.557071,18.467802,0.852287
left,484,14,6,0,-1,0.346667,808.000000,416.000000,1200.000000,784.000000,0.640238,109.665277,85.611845,133.718710,48.106865,0.891429,1.188205,1.120000,1.256410,0.136410,0.845724,0.778294,0.713240,0.843348,0.130108,1.000000,1.000000,1.000000,1.000000,0.000000,0.571429,5.500000,4.000000,7.000000,3.000000,30.318453,1.101746,1.306122,0.607488,0.220916,0.663127,18.248288,24.404517,0.886839,13.155372,0.478055,8.177205,0.297152,50.563813,125.046947,126.253838,123.840056,2.413782,0.980882
left,485,14,4,0,-1,0.714583,1028.750000,857.500000,1200.000000,342.500000,0.859679,124.336946,114.955182,133.718710,18.763527,0.795918,1.128205,1.000000,1.256410,0.256410,0.966897,0.829389,0.815430,0.843348,0.027918,1.000000,1.000000,1.000000,1.000000,0.000000,0.857143,6.500000,6.000000,7.000000,1.000000,30.114496,0.942195,1.218182,0.582252,0.190765,0.593631,18.973666,24.848041,0.777423,15.016920,0.469836,2.177348,0.068123,83.937666,96.845263,130.971736,62.718789,68.252947,0.478873
left,486,13,8,0,-1,0.665987,816.750000,653.000000,980.500000,327.500000,0.851052,113.340788,104.220627,122.460949,18.240323,0.993080,1.210084,1.205882,1.214286,0.008403,0.919504,0.788535,0.755467,0.821603,0.066136,1.000000,1.000000,1.000000,1.000000,0.000000,1.000000,6.000000,6.000000,6.000000,0.000000,22.202811,0.780871,1.219512,0.859163,0.018672,1.268069,36.055513,18.083951,0.636011,11.038592,0.388226,3.504991,0.123270,50.726357,169.001298,180.000000,158.002597,21.997403,0.877792
left,487,13,4,0,-1,0.874554,919.000000,857.500000,980.500000,123.000000,0.938709,118.708066,114.955182,122.460949,7.505767,0.829268,1.102941,1.000000,1.205882,0.205882,0.992487,0.818517,0.815430,0.821603,0.006173,1.000000,1.000000,1.000000,1.000000,0.000000,1.000000,6.000000,6.000000,6.000000,0.000000,39.866923,1.315826,1.114754,0.509077,0.201850,0.402883,12.206556,30.290444,0.999750,19.759228,0.652162,3.300707,0.108941,84.276695,109.458305,122.471192,96.445418,26.025774,0.787495
left,488,12,10,0,-1,0.672930,712.250000,573.000000,851.500000,278.500000,0.880201,105.254232,98.547835,111.960630,13.412796,0.944444,1.206897,1.172414,1.241379,0.068966,0.868573,0.797524,0.741430,0.853619,0.112188,1.000000,1.000000,1.000000,1.000000,0.000000,1.000000,6.000000,6.000000,6.000000,0.000000,28.156538,1.060153,1.512821,0.690323,0.087048,0.931461,24.738634,24.623312,0.927119,14.040848,0.528667,4.605680,0.173414,82.672183,165.046502,176.658056,153.434949,23.223107,0.868542
left,489,12,2,0,-1,0.745608,670.750000,573.000000,768.500000,195.500000,0.880327,105.246187,98.547835,111.944539,13.396705,0.878788,1.101358,1.030303,1.172414,0.142111,0.962105,0.756032,0.741430,0.770634,0.029203,1.000000,1.000000,1.000000,1.000000,0.000000,0.857143,6.500000,6.000000,7.000000,1.000000,38.891227,1.505683,1.367347,0.428586,0.294447,0.235496,6.082763,28.564872,1.105896,18.295538,0.708316,0.440093,0.017038,48.799000,114.106064,139.444106,88.768023,50.676084,0.636585
left,490,11,8,0,-1,0.950509,670.000000,653.000000,687.000000,34.000000,0.996173,104.420805,104.220627,104.620983,0.400356,0.902041,1.280220,1.214286,1.346154,0.131868,0.957826,0.772099,0.755467,0.788731,0.033264,1.000000,1.000000,1.000000,1.000000,0.000000,0.833333,5.500000,5.000000,6.000000,1.000000,31.251580,1.207451,2.193548,0.577291,0.092537,0.735109,19.026298,24.004015,0.927431,15.312296,0.591613,1.392848,0.053815,74.014315,111.724698,146.583419,76.865978,69.717441,0.524384
left,491,10,5,0,-1,0.924037,886.500000,851.500000,921.500000,70.000000,0.937239,115.709311,111.960630,119.457992,7.497362,0.870871,1.161230,1.081081,1.241379,0.160298,0.950629,0.832546,0.811474,0.853619,0.042144,1.000000,1.000000,1.000000,1.000000,0.000000,0.833333,5.500000,5.000000,6.000000,1.000000,34.317751,1.152827,1.875000,0.595879,0.146362,0.639145,19.026298,24.742456,0.831167,16.751898,0.562742,0.841900,0.028282,71.210908,127.525377,138.613881,116.436873,22.177008,0.840009
left,492,10,2,0,-1,0.902525,810.000000,768.500000,851.500000,83.000000,0.999856,111.952585,111.944539,111.960630,0.016091,0.829966,1.135841,1.030303,1.241379,0.211076,0.902784,0.812126,0.770634,0.853619,0.082985,1.000000,1.000000,1.000000,1.000000,0.000000,0.857143,6.500000,6.000000,7.000000,1.000000,27.224017,0.956869,1.325581,0.636901,0.174691,0.792974,22.561028,21.528297,0.756676,13.532118,0.475626,1.239318,0.043559,88.649530,99.821205,105.068488,94.573921,10.494567,0.900117
left,493,10,1,0,-1,0.843905,930.250000,851.500000,1009.000000,157.500000,0.909838,117.508083,111.960630,123.055536,11.094906,0.826211,1.133510,1.025641,1.241379,0.215738,0.980923,0.845476,0.837334,0.853619,0.016285,1.000000,1.000000,1.000000,1.000000,0.000000,1.000000,6.000000,6.000000,6.000000,0.000000,36.588853,1.200713,1.000000,0.558763,0.257726,0.499844,15.231546,29.061980,0.953708,17.921831,0.588129,4.315421,0.141616,75.908760,122.155846,133.377324,110.934368,22.442956,0.831733
left,494,9,7,0,-1,0.970165,924.500000,910.500000,938.500000,28.000000,0.958164,122.025742,119.418702,124.632781,5.214079,0.851091,1.116099,1.026316,1.205882,0.179567,0.946312,0.780778,0.759241,0.802315,0.043075,1.000000,1.000000,1.000000,1.000000,0.000000,1.000000,6.000000,6.000000,6.000000,0.000000,26.164619,0.860545,1.534884,0.797378,0.042726,1.206202,36.674242,21.901469,0.720331,12.764356,0.419815,0.688122,0.022632,65.147637,161.415845,167.275644,155.556045,11.719599,0.929938
left,495,9,0,0,-1,0.742962,1068.000000,910.500000,1225.500000,315.000000,0.885822,127.114935,119.418702,134.811168,15.392466,0.844118,1.317227,1.205882,1.428571,0.222689,0.946834,0.824841,0.802315,0.847367,0.045051,1.000000,1.000000,1.000000,1.000000,0.000000,0.857143,6.500000,6.000000,7.000000,1.000000,34.296266,1.052329,1.480000,0.585950,0.208099,0.616731,20.099751,25.016298,0.767587,17.121326,0.525342,1.565033,0.048021,85.641832,101.446313,105.461218,97.431408,8.029810,0.923860
left,496,8,4,0,-1,0.761516,755.250000,653.000000,857.500000,204.500000,0.906620,109.587905,104.220627,114.955182,10.734556,0.823529,1.107143,1.000000,1.214286,0.214286,0.926465,0.785449,0.755467,0.815430,0.059963,1.000000,1.000000,1.000000,1.000000,0.000000,1.000000,6.000000,6.000000,6.000000,0.000000,34.897517,1.272773,1.743590,0.512275,0.271764,0.486594,13.341664,28.627948,1.044111,17.403079,0.634721,1.997486,0.072852,84.673028,124.435876,143.319766,105.551985,37.767780,0.736479
left,497,7,5,0,-1,0.981886,930.000000,921.500000,938.500000,17.000000,0.958480,122.045387,119.457992,124.632781,5.174789,0.949342,1.053698,1.026316,1.081081,0.054765,0.935631,0.785358,0.759241,0.811474,0.052233,1.000000,1.000000,1.000000,1.000000,0.000000,0.833333,5.500000,5.000000,6.000000,1.000000,26.928171,0.883019,1.276596,0.665188,0.150806,0.928646,28.319605,21.780680,0.714224,12.685333,0.415973,0.677083,0.022203,26.689005,118.512054,123.690068,113.334041,10.356026,0.916274
left,498,7,3,0,-1,0.672882,785.000000,631.500000,938.500000,307.000000,0.782585,111.084249,97.535716,124.632781,27.097065,0.933014,1.063158,1.026316,1.100000,0.073684,0.910172,0.796707,0.759241,0.834172,0.074932,1.000000,1.000000,1.000000,1.000000,0.000000,0.833333,5.500000,5.000000,6.000000,1.000000,31.330335,1.123664,1.564103,0.541581,0.262102,0.561377,15.652476,26.166419,0.938460,15.217346,0.545771,2.430240,0.087161,56.725276,108.884442,129.805571,87.963313,41.842258,0.677654
left,499,7,0,0,-1,0.765810,1082.000000,938.500000,1225.500000,287.000000,0.924499,129.721975,124.632781,134.811168,10.178387,0.718421,1.227444,1.026316,1.428571,0.402256,0.896000,0.803304,0.759241,0.847367,0.088126,1.000000,1.000000,1.000000,1.000000,0.000000,0.857143,6.500000,6.000000,7.000000,1.000000,44.621046,1.359525,1.072464,0.446473,0.399492,0.192698,6.324555,32.933328,1.003421,21.477937,0.654395,0.512969,0.015629,62.627474,95.243688,95.292948,95.194429,0.098519,0.998966
left,500,6,4,0,-1,0.485131,636.750000,416.000000,857.500000,441.500000,0.744741,100.283514,85.611845,114.955182,29.343338,0.892857,1.060000,1.000000,1.120000,0.120000,0.874679,0.764335,0.713240,0.815430,0.102191,1.000000,1.000000,1.000000,1.000000,0.000000,0.666667,5.000000,4.000000,6.000000,2.000000,22.143618,0.891465,1.432432,0.796511,0.021201,1.184033,29.410882,20.245752,0.815060,10.440273,0.420308,6.269479,0.252399,51.382836,173.854796,176.682219,171.027373,5.654845,0.967994
left,501,5,3,0,-1,0.685296,776.500000,631.500000,921.500000,290.000000,0.816485,108.496854,97.535716,119.457992,21.922276,0.982801,1.090541,1.081081,1.100000,0.018919,0.972790,0.822823,0.811474,0.834172,0.022698,1.000000,1.000000,1.000000,1.000000,0.000000,1.000000,5.000000,5.000000,5.000000,0.000000,28.832807,1.039284,1.058824,0.697129,0.102704,0.895344,24.839485,25.292082,0.911658,14.378006,0.518258,6.048926,0.218035,84.687580,156.921162,158.702646,155.139677,3.562969,0.977549
left,502,5,1,0,-1,0.913280,965.250000,921.500000,1009.000000,87.500000,0.970765,121.256764,119.457992,123.055536,3.597544,0.948718,1.053361,1.025641,1.081081,0.055440,0.969117,0.824404,0.811474,0.837334,0.025860,1.000000,1.000000,1.000000,1.000000,0.000000,0.833333,5.500000,5.000000,6.000000,1.000000,27.629213,0.889529,1.113208,0.671892,0.159285,0.845087,26.248809,22.593631,0.727407,13.494728,0.434466,0.593984,0.019123,45.285174,107.755785,110.185803,105.325767,4.860036,0.955892
left,503,3,1,0,-1,0.625867,820.250000,631.500000,1009.000000,377.500000,0.792615,110.295626,97.535716,123.055536,25.519820,0.932401,1.062821,1.025641,1.100000,0.074359,0.996224,0.835753,0.834172,0.837334,0.003161,1.000000,1.000000,1.000000,1.000000,0.000000,0.833333,5.500000,5.000000,6.000000,1.000000,33.318912,1.171254,1.717949,0.559480,0.250229,0.503312,14.317821,27.329386,0.960705,15.974427,0.561546,4.175794,0.146791,75.030762,123.498486,147.462416,99.534556,47.927860,0.674983
left,504,3,0,0,-1,0.515300,928.500000,631.500000,1225.500000,594.000000,0.723499,116.173442,97.535716,134.811168,37.275452,0.770000,1.264286,1.100000,1.428571,0.328571,0.984429,0.840770,0.834172,0.847367,0.013194,1.000000,1.000000,1.000000,1.000000,0.000000,0.714286,6.000000,5.000000,7.000000,2.000000,32.642701,1.085615,1.947368,0.697195,0.089122,0.821400,24.698178,25.398505,0.844691,15.819446,0.526115,9.229840,0.306961,72.027201,149.500411,164.000822,135.000000,29.000822,0.823167
left,505,2,1,0,-1,0.761645,888.750000,768.500000,1009.000000,240.500000,0.909707,117.500038,111.944539,123.055536,11.110997,0.995475,1.027972,1.025641,1.030303,0.004662,0.920342,0.803984,0.770634,0.837334,0.066700,1.000000,1.000000,1.000000,1.000000,0.000000,0.857143,6.500000,6.000000,7.000000,1.000000,30.053376,1.010425,1.769231,0.701578,0.082700,0.950946,28.284271,24.509460,0.824033,14.416711,0.484705,3.042833,0.102303,64.480138,154.980450,165.963757,143.997143,21.966613,0.867642
