fileName,pairIndex,firstPolygonId,secondPolygonId,is_real_division,divided_how_many_hours_ago,areaRatio,areaMean,areaMin,areaMax,areaDiff,perimeterRatio,perimeterMean,perimeterMin,perimeterMax,perimeterDiff,aspectRatio,aspectMean,aspectMin,aspectMax,aspectDiff,circularityRatio,circularityMean,circularityMin,circularityMax,circularityDiff,solidityRatio,solidityMean,solidityMin,solidityMax,solidityDiff,vertexCountRatio,vertexCountMean,vertexCountMin,vertexCountMax,vertexCountDiff,centroidDistance,centroidDistanceNormalized,unionAspectRatio,unionCircularity,unionConvexDeficiency,normalizedSharedEdgeLength,sharedEdgeLength,sharedEdgeUnsharedVerticesDistance,sharedEdgeUnsharedVerticesDistanceNormalized,centroidSharedEdgeDistance,centroidSharedEdgeDistanceNormalized,sharedEdgeUnionCentroidDistance,sharedEdgeUnionCentroidDistanceNormalized,sharedEdgeUnionAxisAngleDegrees,junctionAngleAverageDegrees,junctionAngleMaxDegrees,junctionAngleMinDegrees,junctionAngleDifferenceDegrees,junctionAngleRatio
2025_04_25_IC_small_1,1,2,3,0,-1,0.910280,612.722222,583.944444,641.500000,57.555556,0.911166,102.741287,97.965721,107.516853,9.551132,0.982106,1.059066,1.049505,1.068627,0.019123,0.912054,0.730976,0.697354,0.764598,0.067244,1.000000,1.000000,1.000000,1.000000,0.000000,0.800000,4.500000,4.000000,5.000000,1.000000,24.620884,0.994928,1.086331,0.621654,0.155318,0.971707,24.046252,23.044887,0.931242,11.860120,0.479267,0.789189,0.031891,69.826121,123.206963,147.146977,99.266950,47.880026,0.674611
2025_04_25_IC_small_1,2,2,5,0,-1,0.858960,694.166667,641.500000,746.833333,105.333333,0.978357,108.706104,107.516853,109.895355,2.378501,0.932785,1.107129,1.068627,1.145631,0.077004,0.897384,0.737225,0.697354,0.777096,0.079742,1.000000,1.000000,1.000000,1.000000,0.000000,0.833333,5.500000,5.000000,6.000000,1.000000,34.894026,1.325355,1.010870,0.503898,0.301921,0.595191,15.670212,27.000913,1.025557,15.509098,0.589071,2.462048,0.093514,66.627049,138.812115,142.065146,135.559084,6.506062,0.954204
2025_04_25_IC_small_1,3,2,6,0,-1,0.927023,666.750000,641.500000,692.000000,50.500000,0.948677,104.757815,101.998777,107.516853,5.518076,0.991927,1.064314,1.060000,1.068627,0.008627,0.834310,0.766600,0.697354,0.835846,0.138491,1.000000,1.000000,1.000000,1.000000,0.000000,0.833333,5.500000,5.000000,6.000000,1.000000,30.221896,1.170626,1.643478,0.502893,0.296338,0.522396,13.486619,24.792203,0.960310,14.007101,0.542556,3.240157,0.125505,66.021163,117.605961,150.589062,84.622861,65.966201,0.561946
2025_04_25_IC_small_1,4,2,0,0,-1,0.335151,1277.781973,641.500000,1914.063946,1272.563946,0.624383,139.856908,107.516853,172.196962,64.680109,0.965059,1.049958,1.031288,1.068627,0.037339,0.859683,0.754265,0.697354,0.811176,0.113822,1.000000,1.000000,1.000000,1.000000,0.000000,0.714286,6.000000,5.000000,7.000000,2.000000,36.164233,1.047057,1.480009,0.581552,0.157023,0.647405,22.360680,32.626866,0.944640,17.539563,0.507820,14.335109,0.415042,62.560252,111.344663,150.610886,72.078440,78.532446,0.478574
2025_04_25_IC_small_1,5,3,6,0,-1,0.843850,637.972222,583.944444,692.000000,108.055556,0.960460,99.982249,97.965721,101.998777,4.033056,0.990099,1.054752,1.049505,1.060000,0.010495,0.914760,0.800222,0.764598,0.835846,0.071248,1.000000,1.000000,1.000000,1.000000,0.000000,0.666667,5.000000,4.000000,6.000000,2.000000,21.852775,0.865957,1.147059,0.786658,0.031654,1.133279,28.598757,20.346604,0.806272,10.924524,0.432904,1.361278,0.053943,85.086541,173.312195,176.110189,170.514202,5.595987,0.968225
2025_04_25_IC_small_1,6,3,8,0,-1,0.693750,712.833333,583.944444,841.722222,257.777778,0.818137,108.854065,97.965721,119.742410,21.776689,0.798215,1.182160,1.049505,1.314815,0.265310,0.964827,0.751151,0.737705,0.764598,0.026893,1.000000,1.000000,1.000000,1.000000,0.000000,0.800000,4.500000,4.000000,5.000000,1.000000,30.076882,1.131191,1.457746,0.544843,0.194295,0.684024,18.187297,26.936114,1.013066,13.634572,0.512796,1.423684,0.053545,51.796676,136.147346,173.347442,98.947251,74.400191,0.570803
2025_04_25_IC_small_1,7,5,6,0,-1,0.926579,719.416667,692.000000,746.833333,54.833333,0.928145,105.947066,101.998777,109.895355,7.896578,0.925254,1.102816,1.060000,1.145631,0.085631,0.929713,0.806471,0.777096,0.835846,0.058749,1.000000,1.000000,1.000000,1.000000,0.000000,1.000000,6.000000,6.000000,6.000000,0.000000,29.216283,1.089466,1.617886,0.531560,0.240820,0.512045,13.731553,24.033317,0.896195,14.604314,0.544590,0.282767,0.010544,77.011828,95.513747,117.175640,73.851854,43.323786,0.630266
2025_04_25_IC_small_1,8,5,10,0,-1,0.954216,764.750000,746.833333,782.666667,35.833333,0.988377,109.256672,108.617989,109.895355,1.277365,0.920422,1.195156,1.145631,1.244681,0.099050,0.932163,0.805373,0.777096,0.833649,0.056553,1.000000,1.000000,1.000000,1.000000,0.000000,1.000000,6.000000,6.000000,6.000000,0.000000,36.499134,1.319935,1.027778,0.477518,0.326250,0.323456,8.944272,28.569638,1.033177,18.212864,0.658640,0.040307,0.001458,80.927685,102.726423,124.203457,81.249390,42.954067,0.654164
2025_04_25_IC_small_1,9,5,11,0,-1,0.905253,785.916667,746.833333,825.000000,78.166667,0.976919,111.193553,109.895355,112.491751,2.596397,0.880606,1.077240,1.008850,1.145631,0.136782,0.948533,0.798179,0.777096,0.819261,0.042165,1.000000,1.000000,1.000000,1.000000,0.000000,0.833333,5.500000,5.000000,6.000000,1.000000,25.770317,0.919530,1.375000,0.638896,0.142509,0.830618,23.278507,19.545617,0.697422,12.702532,0.453249,1.094706,0.039061,45.057103,117.811757,118.117870,117.505644,0.612226,0.994817
2025_04_25_IC_small_1,10,5,12,0,-1,0.575318,588.250000,429.666667,746.833333,317.166667,0.796607,98.719379,87.543403,109.895355,22.351952,0.741933,1.344874,1.145631,1.544118,0.398487,0.906609,0.740809,0.704522,0.777096,0.072574,1.000000,1.000000,1.000000,1.000000,0.000000,0.833333,5.500000,5.000000,6.000000,1.000000,33.869505,1.409566,1.533835,0.477444,0.271427,0.446729,10.734161,25.946761,1.079841,16.806729,0.699455,5.852358,0.243561,84.966876,126.907104,127.786834,126.027373,1.759461,0.986231
2025_04_25_IC_small_1,11,5,0,0,-1,0.390182,1330.448640,746.833333,1914.063946,1167.230613,0.638196,141.046158,109.895355,172.196962,62.301607,0.900192,1.088460,1.031288,1.145631,0.114343,0.957987,0.794136,0.777096,0.811176,0.034080,1.000000,1.000000,1.000000,1.000000,0.000000,0.857143,6.500000,6.000000,7.000000,1.000000,28.465601,0.800965,1.232305,0.780221,0.062260,1.056206,37.536649,23.002639,0.647248,13.928334,0.391915,9.722773,0.273579,29.771648,138.228854,145.856413,130.601295,15.255119,0.895410
2025_04_25_IC_small_1,12,6,8,0,-1,0.822124,766.861111,692.000000,841.722222,149.722222,0.851818,110.870594,101.998777,119.742410,17.743633,0.806197,1.187407,1.060000,1.314815,0.254815,0.882585,0.786775,0.737705,0.835846,0.098141,1.000000,1.000000,1.000000,1.000000,0.000000,0.833333,5.500000,5.000000,6.000000,1.000000,27.561826,0.996481,1.127389,0.578537,0.238997,0.708990,19.610088,23.127308,0.836153,13.642137,0.493223,0.566505,0.020482,81.745041,116.999918,143.461288,90.538547,52.922741,0.631101
2025_04_25_IC_small_1,13,6,11,0,-1,0.838788,758.500000,692.000000,825.000000,133.000000,0.906722,107.245264,101.998777,112.491751,10.492974,0.951745,1.034425,1.008850,1.060000,0.051150,0.980159,0.827553,0.819261,0.835846,0.016584,1.000000,1.000000,1.000000,1.000000,0.000000,0.833333,5.500000,5.000000,6.000000,1.000000,30.191862,1.097313,1.077381,0.598736,0.179228,0.655213,18.027756,23.207565,0.843471,14.902296,0.541619,4.229770,0.153730,75.853132,114.155070,124.706490,103.603649,21.102841,0.830780
2025_04_25_IC_small_1,14,6,14,0,-1,0.631867,893.583333,692.000000,1095.166667,403.166667,0.805361,114.324264,101.998777,126.649751,24.650974,0.906377,1.114746,1.060000,1.169492,0.109492,0.974192,0.846917,0.835846,0.857988,0.022143,1.000000,1.000000,1.000000,1.000000,0.000000,0.857143,6.500000,6.000000,7.000000,1.000000,38.612979,1.300118,1.991525,0.501771,0.283161,0.287681,8.544004,29.692022,0.999745,18.216207,0.613349,8.417185,0.283411,61.353149,102.413109,115.295844,89.530373,25.765471,0.776527
2025_04_25_IC_small_1,15,7,4,0,-1,0.756994,785.083333,676.500000,893.666667,217.166667,0.835941,113.715582,103.553967,123.877198,20.323230,0.767619,1.425499,1.238095,1.612903,0.374808,0.923121,0.762291,0.731817,0.792764,0.060947,1.000000,1.000000,1.000000,1.000000,0.000000,0.833333,5.500000,5.000000,6.000000,1.000000,21.488085,0.768751,1.060000,0.767401,0.088207,1.199953,33.541020,18.653007,0.667324,10.525486,0.376557,1.895431,0.067810,30.774409,142.868572,147.724356,138.012788,9.711568,0.934259
2025_04_25_IC_small_1,16,7,10,0,-1,0.864353,729.583333,676.500000,782.666667,106.166667,0.953378,106.085978,103.553967,108.617989,5.064022,0.994709,1.241388,1.238095,1.244681,0.006586,0.950957,0.813207,0.792764,0.833649,0.040884,1.000000,1.000000,1.000000,1.000000,0.000000,0.833333,5.500000,5.000000,6.000000,1.000000,23.745787,0.879705,1.083333,0.687876,0.138321,0.905859,24.451767,19.625498,0.727062,11.654174,0.431750,1.268567,0.046996,41.937065,125.631700,138.731397,112.532003,26.199394,0.811150
2025_04_25_IC_small_1,17,7,16,0,-1,0.835013,743.333333,676.500000,810.166667,133.666667,0.954466,106.024031,103.553967,108.494095,4.940128,0.882816,1.320267,1.238095,1.402439,0.164344,0.916584,0.828838,0.792764,0.864912,0.072148,1.000000,1.000000,1.000000,1.000000,0.000000,0.714286,6.000000,5.000000,7.000000,2.000000,31.571831,1.159173,1.330882,0.586018,0.247646,0.614976,16.749793,25.559633,0.938432,15.293142,0.561494,0.354436,0.013013,67.435720,131.217730,135.565562,126.869898,8.695665,0.935856
2025_04_25_IC_small_1,18,7,0,0,-1,0.353436,1295.281973,676.500000,1914.063946,1237.563946,0.601369,137.875465,103.553967,172.196962,68.642995,0.832964,1.134692,1.031288,1.238095,0.206807,0.977302,0.801970,0.792764,0.811176,0.018412,1.000000,1.000000,1.000000,1.000000,0.000000,0.714286,6.000000,5.000000,7.000000,2.000000,45.670232,1.309360,1.005923,0.546221,0.130860,0.453311,15.811388,36.246577,1.039185,22.793453,0.653485,19.057180,0.546367,79.893398,113.023988,122.471192,103.576784,18.894408,0.845724
2025_04_25_IC_small_1,19,7,1,0,-1,0.774175,775.166978,676.500000,873.833955,197.333955,0.907101,108.856597,103.553967,114.159226,10.605259,0.849533,1.144949,1.051803,1.238095,0.186292,0.940865,0.817678,0.792764,0.842591,0.049826,1.000000,1.000000,1.000000,1.000000,0.000000,0.833333,5.500000,5.000000,6.000000,1.000000,33.856884,1.218525,1.862982,0.530067,0.246399,0.467876,13.000000,26.241567,0.944446,16.925053,0.609140,1.874543,0.067466,85.694946,117.258010,121.682366,112.833654,8.848712,0.927280
2025_04_25_IC_small_1,20,4,15,0,-1,0.367773,611.166667,328.666667,893.666667,565.000000,0.601457,99.191985,74.506773,123.877198,49.370425,0.750000,1.411290,1.209677,1.612903,0.403226,0.983623,0.737910,0.731817,0.744002,0.012185,1.000000,1.000000,1.000000,1.000000,0.000000,0.833333,5.500000,5.000000,6.000000,1.000000,32.221190,1.341895,1.290780,0.522383,0.157077,0.560294,13.453624,27.113064,1.129160,15.739708,0.655501,12.813744,0.533646,73.330679,139.807285,155.924502,123.690068,32.234434,0.793269
2025_04_25_IC_small_1,21,4,16,0,-1,0.906565,851.916667,810.166667,893.666667,83.500000,0.875820,116.185646,108.494095,123.877198,15.383103,0.869512,1.507671,1.402439,1.612903,0.210464,0.846117,0.798365,0.731817,0.864912,0.133095,1.000000,1.000000,1.000000,1.000000,0.000000,0.857143,6.500000,6.000000,7.000000,1.000000,31.062113,1.064542,1.507246,0.553982,0.196420,0.613066,17.888544,24.399574,0.836208,15.430878,0.528838,2.765081,0.094763,70.769680,108.146759,130.887771,85.405747,45.482024,0.652511
2025_04_25_IC_small_1,22,4,1,0,-1,0.977807,883.750311,873.833955,893.666667,19.832712,0.921552,119.018212,114.159226,123.877198,9.717971,0.652118,1.332353,1.051803,1.612903,0.561100,0.868532,0.787204,0.731817,0.842591,0.110774,1.000000,1.000000,1.000000,1.000000,0.000000,1.000000,6.000000,6.000000,6.000000,0.000000,40.858492,1.374436,1.329833,0.498279,0.180120,0.452565,13.453624,30.497162,1.025892,20.184371,0.678980,2.805461,0.094373,79.244658,120.022635,139.740423,100.304846,39.435577,0.717794
2025_04_25_IC_small_1,23,4,9,0,-1,0.854037,970.034650,893.666667,1046.402634,152.735967,0.960102,126.451147,123.877198,129.025096,5.147899,0.728608,1.394039,1.175175,1.612903,0.437728,0.926493,0.760848,0.731817,0.789879,0.058061,1.000000,1.000000,1.000000,1.000000,0.000000,1.000000,6.000000,6.000000,6.000000,0.000000,29.656730,0.952943,1.071429,0.583714,0.192626,0.779759,24.267033,23.583755,0.757803,12.330477,0.396208,2.514861,0.080809,26.652409,98.944632,110.902052,86.987212,23.914840,0.784361
2025_04_25_IC_small_1,24,8,13,0,-1,0.785097,751.277778,660.833333,841.722222,180.888889,0.888477,113.065401,106.388392,119.742410,13.354018,0.875800,1.233165,1.151515,1.314815,0.163300,0.994559,0.735698,0.733691,0.737705,0.004014,1.000000,1.000000,1.000000,1.000000,0.000000,1.000000,5.000000,5.000000,5.000000,0.000000,22.763228,0.832003,1.393939,0.767782,0.024181,1.266667,34.655447,20.023172,0.731853,10.866301,0.397166,2.535092,0.092658,42.176796,161.613738,167.386556,155.840919,11.545637,0.931024
2025_04_25_IC_small_1,25,8,14,0,-1,0.768579,968.444444,841.722222,1095.166667,253.444444,0.945461,123.196080,119.742410,126.649751,6.907341,0.889472,1.242153,1.169492,1.314815,0.145323,0.859808,0.797847,0.737705,0.857988,0.120283,1.000000,1.000000,1.000000,1.000000,0.000000,0.714286,6.000000,5.000000,7.000000,2.000000,36.306578,1.169186,1.164021,0.574145,0.128958,0.652064,20.248457,25.919782,0.834698,17.416281,0.560859,1.605643,0.051707,61.723859,113.163783,125.084698,101.242868,23.841831,0.809395
2025_04_25_IC_small_1,26,15,16,0,-1,0.405678,569.416667,328.666667,810.166667,481.500000,0.686736,91.500434,74.506773,108.494095,33.987323,0.862553,1.306058,1.209677,1.402439,0.192762,0.860205,0.804457,0.744002,0.864912,0.120910,1.000000,1.000000,1.000000,1.000000,0.000000,0.714286,6.000000,5.000000,7.000000,2.000000,29.604841,1.270796,2.113636,0.548677,0.156300,0.461433,10.749677,23.688079,1.016817,14.798681,0.635238,10.335423,0.443651,80.914516,114.520542,123.618922,105.422161,18.196761,0.852800
2025_04_25_IC_small_1,27,15,21,0,-1,0.586033,444.750000,328.666667,560.833333,232.166667,0.801410,83.738192,74.506773,92.969612,18.462839,0.828366,1.334997,1.209677,1.460317,0.250640,0.912457,0.779692,0.744002,0.815383,0.071381,1.000000,1.000000,1.000000,1.000000,0.000000,0.833333,5.500000,5.000000,6.000000,1.000000,17.842610,0.853487,1.336957,0.774630,0.032228,1.132525,23.676054,14.396167,0.688629,8.899839,0.425717,3.685567,0.176296,60.000112,154.878280,168.886959,140.869600,28.017359,0.834106
2025_04_25_IC_small_1,28,15,9,0,-1,0.314092,687.534650,328.666667,1046.402634,717.735967,0.577460,101.765934,74.506773,129.025096,54.518324,0.971478,1.192426,1.175175,1.209677,0.034503,0.941919,0.766940,0.744002,0.789879,0.045877,1.000000,1.000000,1.000000,1.000000,0.000000,0.833333,5.500000,5.000000,6.000000,1.000000,22.047376,0.873556,1.287673,0.689761,0.124600,0.896538,22.627417,18.841939,0.746551,10.502816,0.416140,8.426015,0.333854,32.131314,110.041451,117.088286,102.994617,14.093669,0.879632
2025_04_25_IC_small_1,29,15,17,0,-1,0.455657,524.984924,328.666667,721.303181,392.636514,0.693521,90.969710,74.506773,107.432648,32.925875,0.969300,1.191109,1.172540,1.209677,0.037138,0.947368,0.764669,0.744002,0.785335,0.041333,1.000000,1.000000,1.000000,1.000000,0.000000,0.714286,6.000000,5.000000,7.000000,2.000000,33.841036,1.504506,1.129266,0.436105,0.419589,0.177832,4.000000,26.536090,1.179742,16.339933,0.726441,5.326700,0.236815,53.091607,110.752442,122.005383,99.499502,22.505882,0.815534
2025_04_25_IC_small_1,30,10,12,0,-1,0.548978,606.166667,429.666667,782.666667,353.000000,0.805975,98.080696,87.543403,108.617989,21.074586,0.806079,1.394399,1.244681,1.544118,0.299437,0.845107,0.769086,0.704522,0.833649,0.129127,1.000000,1.000000,1.000000,1.000000,0.000000,0.833333,5.500000,5.000000,6.000000,1.000000,18.794740,0.771785,1.175000,0.831801,0.043717,1.248910,30.413813,15.900862,0.652951,9.274042,0.380828,4.684845,0.192378,24.884965,157.986486,163.249735,152.723237,10.526499,0.935519
2025_04_25_IC_small_1,31,10,16,0,-1,0.966056,796.416667,782.666667,810.166667,27.500000,0.998859,108.556042,108.494095,108.617989,0.123894,0.887512,1.323560,1.244681,1.402439,0.157758,0.963854,0.849281,0.833649,0.864912,0.031263,1.000000,1.000000,1.000000,1.000000,0.000000,0.857143,6.500000,6.000000,7.000000,1.000000,32.913572,1.166329,1.380282,0.571394,0.201632,0.530622,14.974052,26.602185,0.942678,16.208593,0.574369,1.360040,0.048195,82.258276,109.052652,111.902435,106.202869,5.699565,0.949067
2025_04_25_IC_small_1,32,10,19,0,-1,0.997239,783.750000,782.666667,784.833333,2.166667,0.997683,108.744127,108.617989,108.870265,0.252275,0.811070,1.127102,1.009524,1.244681,0.235157,0.998126,0.832868,0.832087,0.833649,0.001562,1.000000,1.000000,1.000000,1.000000,0.000000,0.857143,6.500000,6.000000,7.000000,1.000000,33.640288,1.201631,2.009434,0.541051,0.223250,0.476564,13.341664,25.636719,0.915743,16.299762,0.582227,2.707467,0.096711,74.739493,113.159205,133.981104,92.337306,41.643798,0.689182
2025_04_25_IC_small_1,33,10,0,0,-1,0.408903,1348.365306,782.666667,1914.063946,1131.397279,0.630778,140.407476,108.617989,172.196962,63.578973,0.828557,1.137985,1.031288,1.244681,0.213392,0.973043,0.822413,0.811176,0.833649,0.022472,1.000000,1.000000,1.000000,1.000000,0.000000,0.857143,6.500000,6.000000,7.000000,1.000000,46.408812,1.294055,1.580620,0.551746,0.158031,0.459872,16.492423,34.967583,0.975030,22.982419,0.640838,15.055391,0.419802,77.429480,111.443534,117.691819,105.195249,12.496570,0.893820
2025_04_25_IC_small_1,34,11,12,0,-1,0.520808,627.333333,429.666667,825.000000,395.333333,0.778221,100.017577,87.543403,112.491751,24.948348,0.653350,1.276484,1.008850,1.544118,0.535268,0.859948,0.761892,0.704522,0.819261,0.114739,1.000000,1.000000,1.000000,1.000000,0.000000,1.000000,5.000000,5.000000,5.000000,0.000000,25.621898,1.036249,1.450000,0.551932,0.218252,0.627279,15.509853,21.165192,0.856003,11.993260,0.485054,7.755639,0.313668,50.224579,99.425754,114.707522,84.143986,30.563536,0.733552
2025_04_25_IC_small_1,35,11,14,0,-1,0.753310,960.083333,825.000000,1095.166667,270.166667,0.888211,119.570751,112.491751,126.649751,14.157999,0.862639,1.089171,1.008850,1.169492,0.160642,0.954863,0.838625,0.819261,0.857988,0.038727,1.000000,1.000000,1.000000,1.000000,0.000000,0.714286,6.000000,5.000000,7.000000,2.000000,27.559317,0.891655,1.035714,0.820718,0.046437,1.094791,33.837849,24.042027,0.777856,13.766500,0.445402,3.469926,0.112266,81.369665,165.746566,166.865978,164.627155,2.238823,0.986583
2025_04_25_IC_small_1,36,11,18,0,-1,0.723120,982.944444,825.000000,1140.888889,315.888889,0.850110,122.408918,112.491751,132.326086,19.834334,0.907965,1.059980,1.008850,1.111111,0.102262,0.999401,0.819016,0.818771,0.819261,0.000491,1.000000,1.000000,1.000000,1.000000,0.000000,0.714286,6.000000,5.000000,7.000000,2.000000,33.942887,1.086175,1.666667,0.610608,0.224835,0.698811,21.837786,27.606556,0.883412,15.775733,0.504825,1.772402,0.056717,66.312991,132.860853,163.244824,102.476882,60.767941,0.627750
2025_04_25_IC_small_1,37,12,19,0,-1,0.547462,607.250000,429.666667,784.833333,355.166667,0.804108,98.206834,87.543403,108.870265,21.326862,0.653787,1.276821,1.009524,1.544118,0.534594,0.846693,0.768305,0.704522,0.832087,0.127565,1.000000,1.000000,1.000000,1.000000,0.000000,0.714286,6.000000,5.000000,7.000000,2.000000,26.179306,1.074171,1.404762,0.566302,0.222451,0.661610,16.124515,21.956151,0.900889,13.084996,0.536894,3.001424,0.123152,89.631895,126.332524,148.252090,104.412959,43.839131,0.704293
2025_04_25_IC_small_1,38,12,18,0,-1,0.376607,785.277778,429.666667,1140.888889,711.222222,0.661573,109.934744,87.543403,132.326086,44.782683,0.719577,1.327614,1.111111,1.544118,0.433007,0.860463,0.761646,0.704522,0.818771,0.114248,1.000000,1.000000,1.000000,1.000000,0.000000,0.714286,6.000000,5.000000,7.000000,2.000000,34.292326,1.258308,1.220238,0.544715,0.225398,0.541636,14.761060,26.766767,0.982168,14.939114,0.548170,13.280311,0.487302,51.653922,119.348131,126.085073,112.611190,13.473883,0.893137
2025_04_25_IC_small_1,39,16,21,0,-1,0.692244,685.500000,560.833333,810.166667,249.333333,0.856909,100.731854,92.969612,108.494095,15.524483,0.960366,1.431378,1.402439,1.460317,0.057878,0.942735,0.840148,0.815383,0.864912,0.049529,1.000000,1.000000,1.000000,1.000000,0.000000,0.857143,6.500000,6.000000,7.000000,1.000000,34.499712,1.323213,1.683761,0.482894,0.254559,0.241223,6.289321,26.028632,0.998311,17.132088,0.657090,5.172739,0.198397,76.390899,91.482290,95.511477,87.453102,8.058375,0.915629
2025_04_25_IC_small_1,40,16,19,0,-1,0.968731,797.500000,784.833333,810.166667,25.333333,0.996545,108.682180,108.494095,108.870265,0.376170,0.719834,1.205981,1.009524,1.402439,0.392915,0.962048,0.848500,0.832087,0.864912,0.032825,1.000000,1.000000,1.000000,1.000000,0.000000,1.000000,7.000000,7.000000,7.000000,0.000000,36.123736,1.279208,1.320261,0.547133,0.215256,0.459748,12.982895,26.548483,0.940130,18.049523,0.639167,0.387729,0.013730,86.913885,113.157174,119.816027,106.498322,13.317705,0.888849
2025_04_25_IC_small_1,41,16,22,0,-1,0.781115,721.500000,632.833333,810.166667,177.333333,0.895737,102.838118,97.182140,108.494095,11.311955,0.808696,1.268293,1.134146,1.402439,0.268293,0.973541,0.853470,0.842028,0.864912,0.022885,1.000000,1.000000,1.000000,1.000000,0.000000,0.857143,6.500000,6.000000,7.000000,1.000000,23.030646,0.859038,1.339130,0.828338,0.040079,1.076465,28.859814,17.552325,0.654698,11.515194,0.429514,1.853261,0.069126,87.954142,142.422854,143.909000,140.936707,2.972293,0.979346
2025_04_25_IC_small_1,42,13,20,0,-1,0.537201,507.916667,355.000000,660.833333,305.833333,0.758072,93.519201,80.650010,106.388392,25.738382,0.806061,1.290043,1.151515,1.428571,0.277056,0.934794,0.709771,0.685850,0.733691,0.047841,1.000000,1.000000,1.000000,1.000000,0.000000,0.800000,4.500000,4.000000,5.000000,1.000000,17.582207,0.789358,1.210526,0.747478,0.013126,1.265059,28.178006,15.540954,0.697715,8.784536,0.394384,4.661426,0.209276,6.572565,169.655030,178.644869,160.665191,17.979677,0.899355
2025_04_25_IC_small_1,43,13,14,0,-1,0.603409,878.000000,660.833333,1095.166667,434.333333,0.840021,116.519071,106.388392,126.649751,20.261359,0.984629,1.160503,1.151515,1.169492,0.017976,0.855130,0.795840,0.733691,0.857988,0.124297,1.000000,1.000000,1.000000,1.000000,0.000000,0.714286,6.000000,5.000000,7.000000,2.000000,34.594307,1.176677,1.420000,0.475156,0.305239,0.298253,8.768631,26.628614,0.905735,17.270747,0.587441,4.556722,0.154991,72.105687,85.001352,90.928323,79.074382,11.853940,0.869634
2025_04_25_IC_small_1,44,13,23,0,-1,0.955359,646.083333,631.333333,660.833333,29.500000,0.925480,102.424375,98.460358,106.388392,7.928033,0.823929,1.274553,1.151515,1.397590,0.246075,0.896536,0.776027,0.733691,0.818363,0.084671,1.000000,1.000000,1.000000,1.000000,0.000000,0.833333,5.500000,5.000000,6.000000,1.000000,34.249821,1.347542,1.550725,0.460531,0.278860,0.335904,8.537499,23.798180,0.936327,16.958677,0.667231,2.207456,0.086851,76.605507,108.567378,131.665707,85.469048,46.196658,0.649137
2025_04_25_IC_small_1,45,20,23,0,-1,0.562302,493.166667,355.000000,631.333333,276.333333,0.819111,89.555184,80.650010,98.460358,17.810349,0.978313,1.413081,1.397590,1.428571,0.030981,0.838076,0.752106,0.685850,0.818363,0.132512,1.000000,1.000000,1.000000,1.000000,0.000000,0.666667,5.000000,4.000000,6.000000,2.000000,27.020912,1.229123,1.100719,0.482702,0.288104,0.429131,9.433981,21.528796,0.979299,13.506714,0.614391,3.055462,0.138986,86.296683,103.001540,113.865760,92.137319,21.728441,0.809175
2025_04_25_IC_small_1,46,20,24,0,-1,0.462039,561.666667,355.000000,768.333333,413.333333,0.740995,94.745075,80.650010,108.840141,28.190131,0.721212,1.229437,1.030303,1.428571,0.398268,0.841488,0.750447,0.685850,0.815045,0.129194,1.000000,1.000000,1.000000,1.000000,0.000000,0.800000,4.500000,4.000000,5.000000,1.000000,21.493968,0.923275,1.282051,0.732151,0.032493,1.087536,25.317978,19.954101,0.857130,10.704878,0.459829,7.703865,0.330920,84.389245,166.451083,177.954592,154.947574,23.007017,0.870714
2025_04_25_IC_small_1,47,21,22,0,-1,0.886226,596.833333,560.833333,632.833333,72.000000,0.956653,95.075876,92.969612,97.182140,4.212528,0.776644,1.297232,1.134146,1.460317,0.326171,0.968357,0.828705,0.815383,0.842028,0.026645,1.000000,1.000000,1.000000,1.000000,0.000000,1.000000,6.000000,6.000000,6.000000,0.000000,29.772136,1.219218,1.820000,0.570994,0.196826,0.574784,14.035669,22.943123,0.939558,14.572261,0.596758,0.919856,0.037670,85.645912,125.308565,128.637898,121.979233,6.658665,0.948237
2025_04_25_IC_small_1,48,21,27,0,-1,0.617092,734.833333,560.833333,908.833333,348.000000,0.770527,106.813428,92.969612,120.657244,27.687632,0.962225,1.488982,1.460317,1.517647,0.057330,0.962112,0.799936,0.784490,0.815383,0.030893,1.000000,1.000000,1.000000,1.000000,0.000000,1.000000,6.000000,6.000000,6.000000,0.000000,31.000389,1.151815,1.615385,0.599111,0.192220,0.706919,19.026298,24.876254,0.924273,15.002194,0.557404,8.444547,0.313756,79.369730,126.475118,140.922363,112.027874,28.894489,0.794962
2025_04_25_IC_small_1,49,21,26,0,-1,0.657612,706.833333,560.833333,852.833333,292.000000,0.783339,105.826645,92.969612,118.683678,25.714066,0.889366,1.551146,1.460317,1.641975,0.181658,0.933105,0.788110,0.760838,0.815383,0.054545,1.000000,1.000000,1.000000,1.000000,0.000000,1.000000,6.000000,6.000000,6.000000,0.000000,33.596053,1.270527,1.575000,0.493053,0.313487,0.412928,10.918893,27.621772,1.044593,16.786569,0.634830,8.809134,0.333142,83.339882,120.563205,157.802410,83.324001,74.478409,0.528027
2025_04_25_IC_small_1,50,21,17,0,-1,0.777528,641.068257,560.833333,721.303181,160.469847,0.865376,100.201130,92.969612,107.432648,14.463036,0.802935,1.316429,1.172540,1.460317,0.287778,0.963149,0.800359,0.785335,0.815383,0.030048,1.000000,1.000000,1.000000,1.000000,0.000000,0.857143,6.500000,6.000000,7.000000,1.000000,26.199821,1.036816,1.576064,0.611238,0.158459,0.752820,19.023377,20.029969,0.792654,12.701752,0.502651,0.371384,0.014697,66.191491,101.292541,110.971544,91.613539,19.358005,0.825559
2025_04_25_IC_small_1,51,299,323,0,-1,0.831141,1260.333333,1144.111111,1376.555556,232.444444,0.950504,139.235243,135.701997,142.768489,7.066493,0.875086,1.321935,1.233871,1.410000,0.176129,0.919955,0.814704,0.780738,0.848670,0.067932,1.000000,1.000000,1.000000,1.000000,0.000000,0.833333,5.500000,5.000000,6.000000,1.000000,38.832785,1.095012,1.633987,0.605149,0.214626,0.700490,24.841721,33.053545,0.932048,19.285336,0.543811,0.510374,0.014392,87.757706,121.792171,130.671125,112.913218,17.757907,0.864102
2025_04_25_IC_small_1,52,299,320,0,-1,0.963450,1402.666667,1376.555556,1428.777778,52.222222,0.936799,147.584418,142.768489,152.400348,9.631858,0.701903,1.495883,1.233871,1.757895,0.524024,0.910885,0.810856,0.773041,0.848670,0.075629,1.000000,1.000000,1.000000,1.000000,0.000000,0.857143,6.500000,6.000000,7.000000,1.000000,45.482814,1.214476,1.170616,0.492881,0.313965,0.370206,13.864423,37.637078,1.004980,22.340892,0.596543,1.776950,0.047448,81.517272,97.830781,113.005155,82.656407,30.348748,0.731439
2025_04_25_IC_small_1,53,299,316,0,-1,0.910454,1444.250000,1376.555556,1511.944444,135.388889,0.955792,146.070222,142.768489,149.371954,6.603465,0.933115,1.278093,1.233871,1.322314,0.088443,0.996624,0.850107,0.848670,0.851545,0.002875,1.000000,1.000000,1.000000,1.000000,0.000000,0.857143,6.500000,6.000000,7.000000,1.000000,41.735563,1.098511,1.008734,0.601774,0.196334,0.612519,23.271346,32.898677,0.865918,20.665744,0.543938,1.808955,0.047613,69.328359,114.560767,116.200115,112.921419,3.278696,0.971784
2025_04_25_IC_small_1,54,299,280,0,-1,0.718460,1182.777778,989.000000,1376.555556,387.555556,0.917229,136.859939,130.951390,142.768489,11.817100,0.640664,1.579898,1.233871,1.925926,0.692055,0.853979,0.786708,0.724746,0.848670,0.123924,1.000000,1.000000,1.000000,1.000000,0.000000,1.000000,6.000000,6.000000,6.000000,0.000000,37.478479,1.093459,1.009615,0.558829,0.216721,0.628463,21.540659,29.821759,0.870069,18.317058,0.534412,5.887943,0.171785,68.225511,116.004911,123.620237,108.389584,15.230653,0.876795
2025_04_25_IC_small_1,55,299,290,0,-1,0.749455,1204.111111,1031.666667,1376.555556,344.888889,0.896929,135.410837,128.053184,142.768489,14.715305,0.902878,1.173953,1.114035,1.233871,0.119836,0.931600,0.819646,0.790621,0.848670,0.058049,1.000000,1.000000,1.000000,1.000000,0.000000,1.000000,6.000000,6.000000,6.000000,0.000000,32.033169,0.925526,1.285714,0.766415,0.044177,1.041743,36.055513,25.289202,0.730674,15.729305,0.454463,4.324902,0.124958,62.542072,160.595164,163.503801,157.686527,5.817275,0.964421
2025_04_25_IC_small_1,56,299,261,0,-1,0.747925,1608.527778,1376.555556,1840.500000,463.944444,0.864348,153.971597,142.768489,165.174704,22.406215,0.820848,1.123346,1.012821,1.233871,0.221050,0.998895,0.848201,0.847732,0.848670,0.000938,1.000000,1.000000,1.000000,1.000000,0.000000,0.750000,7.000000,6.000000,8.000000,2.000000,44.116584,1.102873,1.568966,0.590945,0.175316,0.579849,23.194827,35.812962,0.895290,22.056522,0.551392,5.337578,0.133434,81.391388,109.216206,132.377599,86.054814,46.322785,0.650071
2025_04_25_IC_small_1,57,14,18,0,-1,0.959924,1118.027778,1095.166667,1140.888889,45.722222,0.957103,129.487918,126.649751,132.326086,5.676335,0.950081,1.140301,1.111111,1.169492,0.058380,0.954291,0.838380,0.818771,0.857988,0.039218,1.000000,1.000000,1.000000,1.000000,0.000000,1.000000,7.000000,7.000000,7.000000,0.000000,32.474533,0.971269,1.015789,0.640469,0.196030,0.740503,24.758837,26.983104,0.807027,15.898011,0.475488,1.442293,0.043137,81.174378,112.196216,131.496468,92.895963,38.600506,0.706452
2025_04_25_IC_small_1,58,14,23,0,-1,0.576472,863.250000,631.333333,1095.166667,463.833333,0.777422,112.555055,98.460358,126.649751,28.189392,0.836791,1.283541,1.169492,1.397590,0.228099,0.953815,0.838175,0.818363,0.857988,0.039626,1.000000,1.000000,1.000000,1.000000,0.000000,0.857143,6.500000,6.000000,7.000000,1.000000,30.163465,1.036195,1.278481,0.668687,0.070084,0.772659,22.491974,20.984426,0.720871,14.757223,0.506950,6.104753,0.209715,64.432226,127.692722,137.405971,117.979474,19.426496,0.858620
2025_04_25_IC_small_1,59,14,28,0,-1,0.858215,1017.527778,939.888889,1095.166667,155.277778,0.918276,121.474620,116.299489,126.649751,10.350262,0.957694,1.195323,1.169492,1.221154,0.051662,0.982541,0.865611,0.857988,0.873234,0.015246,1.000000,1.000000,1.000000,1.000000,0.000000,1.000000,7.000000,7.000000,7.000000,0.000000,42.561521,1.335244,2.245763,0.496511,0.263602,0.250977,8.000000,32.857476,1.030808,21.254519,0.666799,1.946512,0.061066,83.779764,103.786252,112.432395,95.140109,17.292286,0.846198
2025_04_25_IC_small_1,60,19,22,0,-1,0.806328,708.833333,632.833333,784.833333,152.000000,0.892642,103.026202,97.182140,108.870265,11.688124,0.890118,1.071835,1.009524,1.134146,0.124623,0.988195,0.837057,0.832087,0.842028,0.009941,1.000000,1.000000,1.000000,1.000000,0.000000,0.857143,6.500000,6.000000,7.000000,1.000000,33.665090,1.266294,1.839623,0.490958,0.331296,0.292706,7.781745,26.382631,0.992368,16.817132,0.632567,2.294724,0.086315,76.932703,100.960613,112.564971,89.356254,23.208717,0.793819
2025_04_25_IC_small_1,61,19,18,0,-1,0.687914,962.861111,784.833333,1140.888889,356.055556,0.822742,120.598175,108.870265,132.326086,23.455821,0.908571,1.060317,1.009524,1.111111,0.101587,0.983996,0.825429,0.818771,0.832087,0.013316,1.000000,1.000000,1.000000,1.000000,0.000000,1.000000,7.000000,7.000000,7.000000,0.000000,33.622005,1.088233,1.614286,0.575974,0.142255,0.586186,18.110770,24.697481,0.799376,16.135227,0.522244,3.739522,0.121036,60.830308,93.106224,100.549612,85.662837,14.886775,0.851946
2025_04_25_IC_small_1,62,19,25,0,-1,0.699724,667.000000,549.166667,784.833333,235.666667,0.871872,101.895612,94.920959,108.870265,13.949306,0.846077,1.101353,1.009524,1.193182,0.183658,0.920494,0.799009,0.765931,0.832087,0.066156,1.000000,1.000000,1.000000,1.000000,0.000000,0.714286,6.000000,5.000000,7.000000,2.000000,20.011164,0.777900,1.124031,0.822833,0.055847,1.186751,30.528675,16.687446,0.648696,9.949920,0.386786,2.810733,0.109262,35.499067,146.302693,153.434949,139.170437,14.264512,0.907032
2025_04_25_IC_small_1,63,19,29,0,-1,0.940964,761.666667,738.500000,784.833333,46.333333,0.995983,109.089838,108.870265,109.309412,0.439147,0.618236,1.321218,1.009524,1.632911,0.623388,0.933419,0.804386,0.776686,0.832087,0.055401,1.000000,1.000000,1.000000,1.000000,0.000000,0.857143,6.500000,6.000000,7.000000,1.000000,37.423609,1.356168,1.510490,0.487401,0.299125,0.362383,10.000000,29.064594,1.053251,18.522441,0.671222,2.257678,0.081814,77.573847,116.981567,138.920683,95.042451,43.878231,0.684149
2025_04_25_IC_small_1,64,22,25,0,-1,0.867790,591.000000,549.166667,632.833333,83.666667,0.976733,96.051550,94.920959,97.182140,2.261181,0.950523,1.163664,1.134146,1.193182,0.059035,0.909627,0.803979,0.765931,0.842028,0.076096,1.000000,1.000000,1.000000,1.000000,0.000000,0.833333,5.500000,5.000000,6.000000,1.000000,28.430318,1.170201,1.413223,0.601698,0.164129,0.720012,17.492856,23.535189,0.968716,14.209592,0.584871,0.160719,0.006615,85.249270,135.784068,140.094827,131.473309,8.621518,0.938459
2025_04_25_IC_small_1,65,22,30,0,-1,0.985164,628.138889,623.444444,632.833333,9.388889,0.974576,98.449727,97.182140,99.717314,2.535173,0.877358,1.213415,1.134146,1.292683,0.158537,0.935708,0.814960,0.787892,0.842028,0.054136,1.000000,1.000000,1.000000,1.000000,0.000000,0.833333,5.500000,5.000000,6.000000,1.000000,28.163615,1.123734,1.230769,0.537207,0.273471,0.508195,12.736649,22.830811,0.910954,13.732385,0.547925,0.311573,0.012432,64.432175,116.812181,140.691952,92.932410,47.759542,0.660538
2025_04_25_IC_small_1,66,22,27,0,-1,0.696314,770.833333,632.833333,908.833333,276.000000,0.805440,108.919692,97.182140,120.657244,23.475104,0.747306,1.325897,1.134146,1.517647,0.383501,0.931668,0.813259,0.784490,0.842028,0.057538,1.000000,1.000000,1.000000,1.000000,0.000000,1.000000,6.000000,6.000000,6.000000,0.000000,28.809943,1.041894,1.140000,0.564291,0.157946,0.588590,16.275407,23.525160,0.850773,14.035087,0.507570,3.755299,0.135808,64.295961,98.711719,100.325033,97.098404,3.226629,0.967838
2025_04_25_IC_small_1,67,18,28,0,-1,0.823822,1040.388889,939.888889,1140.888889,201.000000,0.878886,124.312787,116.299489,132.326086,16.026597,0.909886,1.166132,1.111111,1.221154,0.110043,0.937630,0.846002,0.818771,0.873234,0.054464,1.000000,1.000000,1.000000,1.000000,0.000000,1.000000,7.000000,7.000000,7.000000,0.000000,36.073403,1.119690,1.168478,0.638654,0.116997,0.718311,23.142073,27.573897,0.855872,18.004260,0.558838,4.523871,0.140417,81.847638,130.139534,133.363423,126.915644,6.447779,0.951653
2025_04_25_IC_small_1,68,18,29,0,-1,0.647302,939.694444,738.500000,1140.888889,402.388889,0.826061,120.817749,109.309412,132.326086,23.016674,0.680448,1.372011,1.111111,1.632911,0.521800,0.948600,0.797728,0.776686,0.818771,0.042085,1.000000,1.000000,1.000000,1.000000,0.000000,0.857143,6.500000,6.000000,7.000000,1.000000,33.105849,1.086285,1.376543,0.545171,0.187354,0.549602,16.749793,25.116377,0.824131,16.257416,0.533446,3.052309,0.100154,63.246366,104.010892,120.529706,87.492078,33.037628,0.725896
2025_04_25_IC_small_1,69,18,32,0,-1,0.552444,885.583333,630.277778,1140.888889,510.611111,0.762449,116.608957,100.891829,132.326086,31.434256,0.893043,1.177649,1.111111,1.244186,0.133075,0.950315,0.798430,0.778090,0.818771,0.040681,1.000000,1.000000,1.000000,1.000000,0.000000,0.714286,6.000000,5.000000,7.000000,2.000000,36.869893,1.252323,1.865079,0.517998,0.276466,0.440395,12.965767,29.934412,1.016753,17.393591,0.590791,5.874719,0.199541,65.224150,118.338150,119.557027,117.119273,2.437754,0.979610
2025_04_25_IC_small_1,70,23,24,0,-1,0.821692,699.833333,631.333333,768.333333,137.000000,0.904633,103.650250,98.460358,108.840141,10.379782,0.737200,1.213947,1.030303,1.397590,0.367287,0.995946,0.816704,0.815045,0.818363,0.003318,1.000000,1.000000,1.000000,1.000000,0.000000,0.833333,5.500000,5.000000,6.000000,1.000000,28.465900,1.077332,1.417323,0.544284,0.258752,0.521066,13.767918,21.568239,0.816280,13.450745,0.509062,2.817892,0.106647,63.663695,100.676986,112.915106,88.438866,24.476240,0.783233
2025_04_25_IC_small_1,71,23,28,0,-1,0.671711,785.611111,631.333333,939.888889,308.555556,0.846610,107.379923,98.460358,116.299489,17.839130,0.873757,1.309372,1.221154,1.397590,0.176437,0.937163,0.845798,0.818363,0.873234,0.054872,1.000000,1.000000,1.000000,1.000000,0.000000,0.857143,6.500000,6.000000,7.000000,1.000000,28.175483,1.010164,1.169935,0.712690,0.081996,0.866088,24.156895,22.546995,0.808368,13.659635,0.489733,4.312897,0.154629,63.406728,140.845430,152.102729,129.588131,22.514598,0.851978
2025_04_25_IC_small_1,72,23,31,0,-1,0.686066,775.777778,631.333333,920.222222,288.888889,0.850282,107.128812,98.460358,115.797265,17.336906,0.981070,1.384362,1.371134,1.397590,0.026456,0.948942,0.840379,0.818363,0.862394,0.044032,1.000000,1.000000,1.000000,1.000000,0.000000,0.857143,6.500000,6.000000,7.000000,1.000000,31.471409,1.134892,1.877193,0.643150,0.117624,0.723821,20.072092,24.190117,0.872321,14.714899,0.530635,3.698414,0.133369,59.649243,139.215944,152.976413,125.455474,27.520939,0.820097
2025_04_25_IC_small_1,73,25,30,0,-1,0.880859,586.305556,549.166667,623.444444,74.277778,0.951900,97.319136,94.920959,99.717314,4.796355,0.923027,1.242932,1.193182,1.292683,0.099501,0.972128,0.776911,0.765931,0.787892,0.021960,1.000000,1.000000,1.000000,1.000000,0.000000,1.000000,5.000000,5.000000,5.000000,0.000000,20.180180,0.833837,1.157480,0.718226,0.113469,1.061967,25.701275,16.054915,0.663383,9.646106,0.398573,1.058975,0.043756,28.878838,130.264318,133.555874,126.972762,6.583112,0.950709
2025_04_25_IC_small_1,74,25,29,0,-1,0.743624,643.833333,549.166667,738.500000,189.333333,0.868369,102.115185,94.920959,109.309412,14.388453,0.730708,1.413047,1.193182,1.632911,0.439730,0.986154,0.771308,0.765931,0.776686,0.010754,1.000000,1.000000,1.000000,1.000000,0.000000,0.833333,5.500000,5.000000,6.000000,1.000000,29.078692,1.149136,1.044025,0.514183,0.302744,0.530192,13.416408,22.487748,0.888674,14.442250,0.570731,0.790429,0.031236,71.597959,103.649520,111.522600,95.776440,15.746161,0.858807
2025_04_25_IC_small_1,75,25,34,0,-1,0.507678,815.444444,549.166667,1081.722222,532.555556,0.711821,114.135176,94.920959,133.349392,38.428433,0.660377,1.500000,1.193182,1.806818,0.613636,0.998053,0.765186,0.764440,0.765931,0.001491,1.000000,1.000000,1.000000,1.000000,0.000000,0.625000,6.500000,5.000000,8.000000,3.000000,40.655707,1.443641,2.250000,0.452972,0.287846,0.276321,7.781745,32.184463,1.142836,20.465637,0.726713,12.821748,0.455287,87.031192,113.999401,137.792702,90.206099,47.586603,0.654651
2025_04_25_IC_small_1,76,303,309,0,-1,0.706344,652.250000,540.000000,764.500000,224.500000,0.853784,105.376296,97.064801,113.687791,16.622990,0.981436,1.400215,1.387097,1.413333,0.026237,0.968992,0.731769,0.720245,0.743292,0.023048,1.000000,1.000000,1.000000,1.000000,0.000000,1.000000,5.000000,5.000000,5.000000,0.000000,23.217041,0.912485,1.026144,0.557615,0.235084,0.772169,19.646883,20.055575,0.788232,11.598617,0.455853,2.891050,0.113625,29.300116,119.499160,137.663001,101.335318,36.327682,0.736112
2025_04_25_IC_small_1,77,303,328,0,-1,0.599334,720.500000,540.000000,901.000000,361.000000,0.802263,109.026758,97.064801,120.988714,23.923913,0.773673,1.253396,1.093458,1.413333,0.319875,0.931183,0.746859,0.720245,0.773473,0.053228,1.000000,1.000000,1.000000,1.000000,0.000000,0.833333,5.500000,5.000000,6.000000,1.000000,35.488800,1.332798,1.782258,0.505029,0.211774,0.538877,14.348829,28.348408,1.064638,16.953228,0.636686,7.100296,0.266655,66.695793,117.986033,120.256437,115.715630,4.540808,0.962241
2025_04_25_IC_small_1,78,303,326,0,-1,0.620690,705.000000,540.000000,870.000000,330.000000,0.821678,107.597420,97.064801,118.130039,21.065238,0.976694,1.430196,1.413333,1.447059,0.033725,0.919330,0.751845,0.720245,0.783445,0.063200,1.000000,1.000000,1.000000,1.000000,0.000000,0.714286,6.000000,5.000000,7.000000,2.000000,36.425666,1.381496,1.889831,0.427640,0.341371,0.220786,5.821416,29.729164,1.127521,18.233851,0.691545,7.368070,0.279445,89.228279,92.849282,110.836675,74.861890,35.974786,0.675425
2025_04_25_IC_small_1,79,303,269,0,-1,0.352941,1035.000000,540.000000,1530.000000,990.000000,0.609957,128.099379,97.064801,159.133956,62.069155,0.957419,1.444762,1.413333,1.476190,0.062857,0.948647,0.739739,0.720245,0.759234,0.038989,1.000000,1.000000,1.000000,1.000000,0.000000,0.833333,5.500000,5.000000,6.000000,1.000000,36.756789,1.178988,1.928571,0.584637,0.205314,0.725941,22.632327,29.008472,0.930458,15.090289,0.484027,9.792787,0.314107,49.098412,130.308497,137.214755,123.402239,13.812516,0.899337
2025_04_25_IC_small_1,80,303,292,0,-1,0.475422,837.916667,540.000000,1135.833333,595.833333,0.733084,114.735464,97.064801,132.406126,35.341324,0.942222,1.456667,1.413333,1.500000,0.086667,0.884651,0.767201,0.720245,0.814157,0.093913,1.000000,1.000000,1.000000,1.000000,0.000000,0.833333,5.500000,5.000000,6.000000,1.000000,23.658380,0.830993,1.052980,0.820158,0.015813,1.215853,34.615347,19.677444,0.691164,11.415223,0.400956,6.564904,0.230590,47.908593,169.357028,177.149004,161.565051,15.583953,0.912029
2025_04_25_IC_small_1,81,24,33,0,-1,0.642082,630.833333,493.333333,768.333333,275.000000,0.800566,97.986901,87.133662,108.840141,21.706479,0.968237,1.047203,1.030303,1.064103,0.033800,0.998166,0.815793,0.815045,0.816542,0.001497,1.000000,1.000000,1.000000,1.000000,0.000000,1.000000,5.000000,5.000000,5.000000,0.000000,25.147989,1.007331,1.370690,0.701214,0.067503,0.913420,22.803509,22.035416,0.882653,12.564923,0.503302,5.374402,0.215278,84.154528,159.285597,176.361813,142.209381,34.152432,0.806350
2025_04_25_IC_small_1,82,24,31,0,-1,0.834943,844.277778,768.333333,920.222222,151.888889,0.939920,112.318703,108.840141,115.797265,6.957124,0.751424,1.200719,1.030303,1.371134,0.340831,0.945095,0.838720,0.815045,0.862394,0.047350,1.000000,1.000000,1.000000,1.000000,0.000000,0.714286,6.000000,5.000000,7.000000,2.000000,31.456393,1.083694,1.141104,0.602554,0.169869,0.637001,18.490238,25.115129,0.865234,15.039356,0.518116,3.142870,0.108274,65.946169,113.826957,118.584720,109.069194,9.515527,0.919758
2025_04_25_IC_small_1,83,30,27,0,-1,0.685983,766.138889,623.444444,908.833333,285.388889,0.826451,110.187279,99.717314,120.657244,20.939931,0.851768,1.405165,1.292683,1.517647,0.224964,0.995682,0.786191,0.784490,0.787892,0.003402,1.000000,1.000000,1.000000,1.000000,0.000000,0.833333,5.500000,5.000000,6.000000,1.000000,28.861055,1.047289,1.449612,0.562966,0.188064,0.642898,17.716910,22.937016,0.832322,14.347637,0.520637,1.641182,0.059554,67.363457,114.249444,118.983014,109.515873,9.467141,0.920433
2025_04_25_IC_small_1,84,30,35,0,-1,0.852522,577.472222,531.500000,623.444444,91.944444,0.919734,95.715367,91.713421,99.717314,8.003893,0.906086,1.359675,1.292683,1.426667,0.133984,0.992245,0.790970,0.787892,0.794049,0.006157,1.000000,1.000000,1.000000,1.000000,0.000000,1.000000,5.000000,5.000000,5.000000,0.000000,19.615983,0.816939,1.007576,0.789854,0.069412,1.163540,27.938424,17.651340,0.735118,9.750777,0.406086,1.096328,0.045658,72.319955,161.183261,174.920392,147.446130,27.474262,0.842933
2025_04_25_IC_small_1,85,30,34,0,-1,0.576344,852.583333,623.444444,1081.722222,458.277778,0.747790,116.533353,99.717314,133.349392,33.632078,0.715447,1.549751,1.292683,1.806818,0.514135,0.970235,0.776166,0.764440,0.787892,0.023451,1.000000,1.000000,1.000000,1.000000,0.000000,0.625000,6.500000,5.000000,8.000000,3.000000,34.301722,1.185712,1.320000,0.526083,0.267325,0.540079,15.624056,27.884797,0.963898,16.703852,0.577404,3.699077,0.127867,60.546517,107.490796,136.238026,78.743565,57.494462,0.577985
2025_04_25_IC_small_1,86,27,26,0,-1,0.938383,880.833333,852.833333,908.833333,56.000000,0.983643,119.670461,118.683678,120.657244,1.973566,0.924281,1.579811,1.517647,1.641975,0.124328,0.969850,0.772664,0.760838,0.784490,0.023652,1.000000,1.000000,1.000000,1.000000,0.000000,1.000000,6.000000,6.000000,6.000000,0.000000,21.322547,0.718534,1.090226,0.907873,0.022422,1.401622,41.593269,18.208771,0.613605,10.626176,0.358084,0.744269,0.025081,24.776625,167.527495,170.406866,164.648125,5.758741,0.966206
2025_04_25_IC_small_1,87,27,35,0,-1,0.584816,720.166667,531.500000,908.833333,377.333333,0.760115,106.185333,91.713421,120.657244,28.943823,0.940052,1.472157,1.426667,1.517647,0.090980,0.987961,0.789269,0.784490,0.794049,0.009559,1.000000,1.000000,1.000000,1.000000,0.000000,0.833333,5.500000,5.000000,6.000000,1.000000,31.006324,1.165626,1.043478,0.544205,0.245892,0.563898,15.000000,24.986047,0.939305,15.204808,0.571597,5.325902,0.200218,71.163591,120.470908,137.903819,103.037997,34.865822,0.747173
2025_04_25_IC_small_1,88,27,39,0,-1,0.542911,1291.416667,908.833333,1674.000000,765.166667,0.778510,137.821039,120.657244,154.984834,34.327590,0.856589,1.408824,1.300000,1.517647,0.217647,0.895778,0.830127,0.784490,0.875764,0.091274,1.000000,1.000000,1.000000,1.000000,0.000000,0.750000,7.000000,6.000000,8.000000,2.000000,47.076530,1.324953,2.350000,0.504864,0.172937,0.310868,11.045361,33.181534,0.933883,23.527213,0.662166,8.071821,0.227179,86.006288,92.565316,100.420712,84.709919,15.710794,0.843550
2025_04_25_IC_small_1,89,26,36,0,-1,0.802032,768.416667,684.000000,852.833333,168.833333,0.905757,113.091108,107.498537,118.683678,11.185141,0.742246,1.430363,1.218750,1.641975,0.423225,0.977617,0.752323,0.743808,0.760838,0.017030,1.000000,1.000000,1.000000,1.000000,0.000000,0.666667,5.000000,4.000000,6.000000,2.000000,31.350721,1.132680,1.585185,0.538911,0.220909,0.666192,18.439089,26.785372,0.967737,14.993073,0.541690,2.067782,0.074708,57.006068,125.283213,147.740752,102.825674,44.915077,0.695987
2025_04_25_IC_small_1,90,26,39,0,-1,0.509458,1263.416667,852.833333,1674.000000,821.166667,0.765776,136.834256,118.683678,154.984834,36.301156,0.791729,1.470988,1.300000,1.641975,0.341975,0.868771,0.818301,0.760838,0.875764,0.114926,1.000000,1.000000,1.000000,1.000000,0.000000,0.750000,7.000000,6.000000,8.000000,2.000000,47.474616,1.354138,1.906667,0.517982,0.257437,0.371900,13.038405,34.468463,0.983158,22.958987,0.654868,9.455677,0.269708,79.852702,113.528771,122.174326,104.883215,17.291110,0.858472
2025_04_25_IC_small_1,91,26,17,0,-1,0.845773,787.068257,721.303181,852.833333,131.530153,0.905202,113.058163,107.432648,118.683678,11.251030,0.714103,1.407258,1.172540,1.641975,0.469436,0.968806,0.773087,0.760838,0.785335,0.024498,1.000000,1.000000,1.000000,1.000000,0.000000,0.857143,6.500000,6.000000,7.000000,1.000000,33.255850,1.186429,1.527060,0.503574,0.208881,0.498044,13.960261,24.571145,0.876595,14.395913,0.513586,3.056251,0.109034,45.044759,98.871776,106.517504,91.226047,15.291458,0.856442
2025_04_25_IC_small_1,92,28,32,0,-1,0.670588,785.083333,630.277778,939.888889,309.611111,0.867517,108.595659,100.891829,116.299489,15.407659,0.981488,1.232670,1.221154,1.244186,0.023032,0.891044,0.825662,0.778090,0.873234,0.095144,1.000000,1.000000,1.000000,1.000000,0.000000,0.714286,6.000000,5.000000,7.000000,2.000000,26.913067,0.965267,1.136054,0.683016,0.124544,0.846893,23.612614,22.251437,0.798073,13.381496,0.479942,4.299380,0.154202,64.908476,123.532148,133.536968,113.527329,20.009639,0.850157
2025_04_25_IC_small_1,93,28,31,0,-1,0.979076,930.055556,920.222222,939.888889,19.666667,0.995682,116.048377,115.797265,116.299489,0.502224,0.890616,1.296144,1.221154,1.371134,0.149980,0.987587,0.867814,0.862394,0.873234,0.010840,1.000000,1.000000,1.000000,1.000000,0.000000,1.000000,7.000000,7.000000,7.000000,0.000000,31.135672,1.020963,1.135802,0.546812,0.234962,0.415494,12.671052,25.341663,0.830973,15.512315,0.508661,0.509848,0.016718,87.092836,82.719146,82.996495,82.441797,0.554699,0.993317
2025_04_25_IC_small_1,94,28,37,0,-1,0.394550,655.361111,370.833333,939.888889,569.055556,0.661992,96.644409,76.989330,116.299489,39.310159,0.885295,1.151117,1.081081,1.221154,0.140073,0.900320,0.829712,0.786190,0.873234,0.087044,1.000000,1.000000,1.000000,1.000000,0.000000,0.714286,6.000000,5.000000,7.000000,2.000000,27.279976,1.093065,1.534483,0.663155,0.115204,0.715021,17.845012,21.114469,0.846023,13.243812,0.530658,8.797140,0.352487,65.728497,131.291012,134.943103,127.638922,7.304180,0.945872
2025_04_25_IC_small_1,95,28,40,0,-1,0.431966,672.944444,406.000000,939.888889,533.888889,0.723334,100.211404,84.123320,116.299489,32.176168,0.814103,1.360577,1.221154,1.500000,0.278846,0.825605,0.797090,0.720947,0.873234,0.152288,1.000000,1.000000,1.000000,1.000000,0.000000,0.714286,6.000000,5.000000,7.000000,2.000000,33.090055,1.302577,1.262069,0.485319,0.278585,0.270507,6.871843,27.112271,1.067264,16.520804,0.650335,10.992974,0.432734,84.151134,97.686478,100.690083,94.682873,6.007210,0.940340
2025_04_25_IC_small_1,96,33,31,0,-1,0.536102,706.777778,493.333333,920.222222,426.888889,0.752467,101.465463,87.133662,115.797265,28.663603,0.776075,1.217618,1.064103,1.371134,0.307031,0.946831,0.839468,0.816542,0.862394,0.045853,1.000000,1.000000,1.000000,1.000000,0.000000,0.714286,6.000000,5.000000,7.000000,2.000000,27.334986,1.040416,1.330827,0.594445,0.204567,0.572193,15.033296,22.596605,0.860065,13.620328,0.518413,5.233901,0.199211,77.845905,102.945394,108.721425,97.169363,11.552062,0.893746
2025_04_25_IC_small_1,97,33,38,0,-1,0.738176,428.750000,364.166667,493.333333,129.166667,0.919129,83.610354,80.087047,87.133662,7.046615,0.989880,1.058718,1.053333,1.064103,0.010769,0.873790,0.765014,0.713486,0.816542,0.103056,1.000000,1.000000,1.000000,1.000000,0.000000,0.800000,4.500000,4.000000,5.000000,1.000000,19.337945,0.936592,1.419355,0.738520,0.013411,1.124320,23.213980,18.484442,0.895255,9.649304,0.467344,1.400611,0.067836,81.364952,173.251167,173.333340,173.168994,0.164346,0.999052
2025_04_25_IC_small_1,98,33,41,0,-1,0.413466,843.250000,493.333333,1193.166667,699.833333,0.661703,109.407325,87.133662,131.680988,44.547326,0.955179,1.089069,1.064103,1.114035,0.049933,0.944308,0.840620,0.816542,0.864699,0.048157,1.000000,1.000000,1.000000,1.000000,0.000000,0.714286,6.000000,5.000000,7.000000,2.000000,34.305387,1.208929,1.484375,0.513303,0.223046,0.275235,7.810250,28.833999,1.016116,17.237785,0.607463,7.980850,0.281247,70.967226,102.256614,136.839141,67.674088,69.165053,0.494552
2025_04_25_IC_small_1,99,29,32,0,-1,0.853457,684.388889,630.277778,738.500000,108.222222,0.922993,105.100621,100.891829,109.309412,8.417583,0.761943,1.438549,1.244186,1.632911,0.388725,0.998195,0.777388,0.776686,0.778090,0.001404,1.000000,1.000000,1.000000,1.000000,0.000000,0.833333,5.500000,5.000000,6.000000,1.000000,20.497139,0.784119,1.014388,0.816056,0.050816,1.243665,32.509828,17.115956,0.654772,10.103715,0.386518,0.948836,0.036298,30.456938,151.509756,155.388649,147.630863,7.757786,0.950075
2025_04_25_IC_small_1,100,29,42,0,-1,0.574137,581.250000,424.000000,738.500000,314.500000,0.736302,94.897048,80.484685,109.309412,28.824727,0.729051,1.411694,1.190476,1.632911,0.442435,0.944270,0.799605,0.776686,0.822525,0.045840,1.000000,1.000000,1.000000,1.000000,0.000000,1.000000,6.000000,6.000000,6.000000,0.000000,32.505057,1.360995,2.273810,0.514824,0.271111,0.446834,10.671874,26.166729,1.095607,16.231614,0.679622,9.359408,0.391881,83.069225,129.082915,153.047821,105.118009,47.929812,0.686831
2025_04_25_IC_small_1,101,29,34,0,-1,0.682708,910.111111,738.500000,1081.722222,343.222222,0.819722,121.329402,109.309412,133.349392,24.039980,0.903750,1.719865,1.632911,1.806818,0.173907,0.984234,0.770563,0.764440,0.776686,0.012245,1.000000,1.000000,1.000000,1.000000,0.000000,0.750000,7.000000,6.000000,8.000000,2.000000,31.456558,1.047419,1.458904,0.628738,0.085612,0.864449,25.961510,21.517500,0.716475,12.812341,0.426617,3.823838,0.127324,33.615712,114.765351,126.430858,103.099843,23.331015,0.815464
2025_04_25_IC_small_1,102,32,40,0,-1,0.644160,518.138889,406.000000,630.277778,224.277778,0.833797,92.507575,84.123320,100.891829,16.768509,0.829457,1.372093,1.244186,1.500000,0.255814,0.926559,0.749518,0.720947,0.778090,0.057143,1.000000,1.000000,1.000000,1.000000,0.000000,1.000000,5.000000,5.000000,5.000000,0.000000,20.235546,0.894294,1.211864,0.679421,0.094569,1.029092,23.285666,16.764763,0.740906,10.099815,0.446354,4.811721,0.212650,84.410073,133.197815,134.615470,131.780159,2.835311,0.978938
2025_04_25_IC_small_1,103,32,42,0,-1,0.672719,527.138889,424.000000,630.277778,206.277778,0.797732,90.688257,80.484685,100.891829,20.407145,0.956831,1.217331,1.190476,1.244186,0.053710,0.945977,0.800308,0.778090,0.822525,0.044435,1.000000,1.000000,1.000000,1.000000,0.000000,0.833333,5.500000,5.000000,6.000000,1.000000,28.538157,1.249028,1.207692,0.490541,0.318912,0.372805,8.517955,22.124685,0.968330,14.245744,0.623493,6.178606,0.270419,85.332347,103.422131,107.251128,99.593134,7.657994,0.928598
2025_04_25_IC_small_1,104,35,34,0,-1,0.491346,806.611111,531.500000,1081.722222,550.222222,0.687768,112.531407,91.713421,133.349392,41.635971,0.789602,1.616742,1.426667,1.806818,0.380152,0.962712,0.779245,0.764440,0.794049,0.029609,1.000000,1.000000,1.000000,1.000000,0.000000,0.625000,6.500000,5.000000,8.000000,3.000000,29.716529,1.062370,1.113208,0.506794,0.297713,0.447948,12.529964,26.061388,0.931698,14.652180,0.523818,5.209289,0.186233,88.207454,96.698803,106.336043,87.061564,19.274479,0.818740
2025_04_25_IC_small_1,105,35,43,0,-1,0.868937,571.583333,531.500000,611.666667,80.166667,0.946137,94.324010,91.713421,96.934599,5.221178,0.971963,1.406667,1.386667,1.426667,0.040000,0.970689,0.806037,0.794049,0.818026,0.023977,1.000000,1.000000,1.000000,1.000000,0.000000,1.000000,5.000000,5.000000,5.000000,0.000000,25.339853,1.060552,1.459459,0.625541,0.212859,0.776510,18.553227,22.671491,0.948872,12.658738,0.529807,3.062411,0.128171,87.834290,136.917349,137.290610,136.544088,0.746522,0.994562
2025_04_25_IC_small_1,106,35,39,0,-1,0.317503,1102.750000,531.500000,1674.000000,1142.500000,0.591757,123.349128,91.713421,154.984834,63.271413,0.911215,1.363333,1.300000,1.426667,0.126667,0.906693,0.834906,0.794049,0.875764,0.081715,1.000000,1.000000,1.000000,1.000000,0.000000,0.625000,6.500000,5.000000,8.000000,3.000000,35.231546,1.101522,1.010582,0.620666,0.139953,0.553138,17.691806,28.006757,0.875638,17.613813,0.550700,14.499950,0.453344,89.914510,114.729679,121.675469,107.783888,13.891580,0.885831
2025_04_25_IC_small_1,107,323,320,0,-1,0.800762,1286.444444,1144.111111,1428.777778,284.666667,0.890431,144.051172,135.701997,152.400348,16.698351,0.802096,1.583947,1.410000,1.757895,0.347895,0.990141,0.776890,0.773041,0.780738,0.007697,1.000000,1.000000,1.000000,1.000000,0.000000,0.714286,6.000000,5.000000,7.000000,2.000000,28.355295,0.791783,1.088235,0.820389,0.022327,1.250724,44.790872,21.308731,0.595017,14.071176,0.392919,2.230036,0.062271,29.106161,156.708246,164.430375,148.986116,15.444259,0.906074
2025_04_25_IC_small_1,108,323,316,0,-1,0.756715,1328.027778,1144.111111,1511.944444,367.833333,0.908484,142.536975,135.701997,149.371954,13.669957,0.937811,1.366157,1.322314,1.410000,0.087686,0.916849,0.816142,0.780738,0.851545,0.070806,1.000000,1.000000,1.000000,1.000000,0.000000,0.714286,6.000000,5.000000,7.000000,2.000000,33.485085,0.921078,1.127072,0.646108,0.181639,0.794803,28.894444,27.309915,0.751217,16.707826,0.459584,3.018395,0.083027,62.112275,121.070456,125.733455,116.407456,9.325999,0.925827
2025_04_25_IC_small_1,109,323,356,0,-1,0.492376,853.722222,563.333333,1144.111111,580.777778,0.724599,117.015797,98.329598,135.701997,37.372399,0.733676,1.222241,1.034483,1.410000,0.375517,0.937781,0.756450,0.732161,0.780738,0.048577,1.000000,1.000000,1.000000,1.000000,0.000000,1.000000,5.000000,5.000000,5.000000,0.000000,40.336800,1.401572,1.463576,0.459540,0.349353,0.311862,8.975275,30.269545,1.051768,19.996976,0.694830,11.260629,0.391270,83.696774,109.413133,110.213289,108.612978,1.600312,0.985480
2025_04_25_IC_small_1,110,323,345,0,-1,0.913989,1197.944444,1144.111111,1251.777778,107.666667,0.903089,142.983116,135.701997,150.264235,14.562238,0.886286,1.500455,1.410000,1.590909,0.180909,0.892319,0.738703,0.696668,0.780738,0.084071,0.998936,0.999468,0.998936,1.000000,0.001064,0.833333,5.500000,5.000000,6.000000,1.000000,37.702030,1.089572,2.022059,0.571292,0.134791,0.814959,28.199685,29.786020,0.860803,18.394494,0.531593,1.645345,0.047550,62.262730,121.015994,126.587655,115.444333,11.143322,0.911971
2025_04_25_IC_small_1,111,31,37,0,-1,0.402982,645.527778,370.833333,920.222222,549.388889,0.664863,96.393297,76.989330,115.797265,38.807935,0.788458,1.226108,1.081081,1.371134,0.290053,0.911636,0.824292,0.786190,0.862394,0.076204,1.000000,1.000000,1.000000,1.000000,0.000000,0.714286,6.000000,5.000000,7.000000,2.000000,24.622989,0.993019,1.049296,0.737097,0.070614,0.895851,22.213609,20.391969,0.822386,12.137706,0.489501,8.482015,0.342071,70.727783,148.320840,149.364582,147.277098,2.087484,0.986024
2025_04_25_IC_small_1,112,31,45,0,-1,0.501932,691.055556,461.888889,920.222222,458.333333,0.761345,101.979451,88.161637,115.797265,27.635628,0.947032,1.334821,1.298507,1.371134,0.072627,0.865929,0.804583,0.746772,0.862394,0.115622,1.000000,1.000000,1.000000,1.000000,0.000000,0.714286,6.000000,5.000000,7.000000,2.000000,34.360046,1.325958,1.451852,0.479286,0.280770,0.262362,6.798693,27.522393,1.062092,17.061221,0.658394,9.965290,0.384562,77.030708,109.321004,133.025066,85.616943,47.408123,0.643615
2025_04_25_IC_small_1,113,31,41,0,-1,0.771244,1056.694444,920.222222,1193.166667,272.944444,0.879377,123.739126,115.797265,131.680988,15.883723,0.812492,1.242585,1.114035,1.371134,0.257099,0.997335,0.863547,0.862394,0.864699,0.002304,1.000000,1.000000,1.000000,1.000000,0.000000,1.000000,7.000000,7.000000,7.000000,0.000000,36.393662,1.121921,1.337423,0.623153,0.134276,0.632525,20.518285,24.618873,0.758935,17.547677,0.540949,4.560694,0.140594,69.556701,113.650714,125.991496,101.309932,24.681564,0.804101
2025_04_25_IC_small_1,114,37,40,0,-1,0.913383,388.416667,370.833333,406.000000,35.166667,0.915196,80.556325,76.989330,84.123320,7.133990,0.720721,1.290541,1.081081,1.500000,0.418919,0.917013,0.753568,0.720947,0.786190,0.065243,1.000000,1.000000,1.000000,1.000000,0.000000,1.000000,5.000000,5.000000,5.000000,0.000000,24.320347,1.234333,1.847059,0.511962,0.200529,0.584334,11.513277,18.424497,0.935100,11.818953,0.599848,2.890907,0.146722,75.429235,113.351597,124.366815,102.336379,22.030435,0.822859
2025_04_25_IC_small_1,115,37,45,0,-1,0.802863,416.361111,370.833333,461.888889,91.055556,0.873275,82.575484,76.989330,88.161637,11.172307,0.832557,1.189794,1.081081,1.298507,0.217426,0.949862,0.766481,0.746772,0.786190,0.039418,1.000000,1.000000,1.000000,1.000000,0.000000,1.000000,5.000000,5.000000,5.000000,0.000000,19.242798,0.944463,1.351064,0.632449,0.175595,0.896249,18.260461,15.134447,0.742820,9.617706,0.472050,0.518403,0.025444,71.089526,127.390124,127.674288,127.105959,0.568329,0.995549
2025_04_25_IC_small_1,116,37,46,0,-1,0.617712,485.583333,370.833333,600.333333,229.500000,0.797239,86.779648,76.989330,96.569966,19.580636,0.834894,1.187976,1.081081,1.294872,0.213791,0.971873,0.797567,0.786190,0.808943,0.022753,1.000000,1.000000,1.000000,1.000000,0.000000,0.714286,6.000000,5.000000,7.000000,2.000000,29.217349,1.335384,1.093525,0.481249,0.294205,0.327110,7.156970,23.146247,1.057903,14.191973,0.648646,7.717623,0.352735,80.838223,109.646427,135.980141,83.312713,52.667428,0.612683
2025_04_25_IC_small_1,117,40,42,0,-1,0.957547,415.000000,406.000000,424.000000,18.000000,0.956746,82.304003,80.484685,84.123320,3.638636,0.793651,1.345238,1.190476,1.500000,0.309524,0.876504,0.771736,0.720947,0.822525,0.101579,1.000000,1.000000,1.000000,1.000000,0.000000,0.833333,5.500000,5.000000,6.000000,1.000000,25.733257,1.263270,2.076923,0.533142,0.198394,0.607222,12.369317,19.835965,0.973766,12.863350,0.631474,1.683821,0.082660,89.965733,123.579476,125.791395,121.367557,4.423838,0.964832
2025_04_25_IC_small_1,118,40,46,0,-1,0.676291,503.166667,406.000000,600.333333,194.333333,0.871113,90.346643,84.123320,96.569966,12.446645,0.863248,1.397436,1.294872,1.500000,0.205128,0.891220,0.764945,0.720947,0.808943,0.087997,1.000000,1.000000,1.000000,1.000000,0.000000,0.714286,6.000000,5.000000,7.000000,2.000000,16.565041,0.741976,1.113208,0.870531,0.018936,1.347478,30.083218,13.600930,0.609209,8.236412,0.368923,2.892489,0.129559,22.842053,162.184634,174.350908,150.018361,24.332547,0.860439
2025_04_25_IC_small_1,119,38,41,0,-1,0.305210,778.666667,364.166667,1193.166667,829.000000,0.608190,105.884017,80.087047,131.680988,51.593941,0.945512,1.083684,1.053333,1.114035,0.060702,0.825127,0.789092,0.713486,0.864699,0.151213,1.000000,1.000000,1.000000,1.000000,0.000000,0.571429,5.500000,4.000000,7.000000,3.000000,23.892963,0.891106,1.007299,0.743396,0.096747,0.923400,24.758837,21.724794,0.810243,11.915481,0.444397,10.391496,0.387559,78.992053,119.342795,119.528672,119.156918,0.371754,0.996890
2025_04_25_IC_small_1,120,38,47,0,-1,0.645686,464.083333,364.166667,564.000000,199.833333,0.787985,90.861121,80.087047,101.635195,21.548148,0.673754,1.308357,1.053333,1.563380,0.510047,0.961646,0.699804,0.686121,0.713486,0.027365,1.000000,1.000000,1.000000,1.000000,0.000000,0.800000,4.500000,4.000000,5.000000,1.000000,32.901592,1.536315,1.601770,0.430324,0.351589,0.398956,8.544004,27.881550,1.301908,16.387163,0.765186,6.689177,0.312346,82.685301,148.121029,168.578107,127.663950,40.914157,0.757299
2025_04_25_IC_small_1,121,42,34,0,-1,0.391968,752.861111,424.000000,1081.722222,657.722222,0.603562,106.917038,80.484685,133.349392,52.864707,0.658880,1.498647,1.190476,1.806818,0.616342,0.929382,0.793483,0.764440,0.822525,0.058085,1.000000,1.000000,1.000000,1.000000,0.000000,0.750000,7.000000,6.000000,8.000000,2.000000,23.774818,0.889097,1.052980,0.631905,0.187950,0.762744,20.396078,21.346485,0.798286,11.767603,0.440068,6.400701,0.239364,47.311871,112.122090,120.391844,103.852336,16.539508,0.862619
2025_04_25_IC_small_1,122,42,46,0,-1,0.706274,512.166667,424.000000,600.333333,176.333333,0.833434,88.527325,80.484685,96.569966,16.085281,0.919378,1.242674,1.190476,1.294872,0.104396,0.983488,0.815734,0.808943,0.822525,0.013582,1.000000,1.000000,1.000000,1.000000,0.000000,0.857143,6.500000,6.000000,7.000000,1.000000,29.774115,1.320566,1.669903,0.459633,0.387569,0.215262,4.853407,23.705968,1.051427,14.864508,0.659283,4.004301,0.177602,85.934116,99.115891,109.617701,88.614082,21.003618,0.808392
2025_04_25_IC_small_1,123,42,48,0,-1,0.590666,570.916667,424.000000,717.833333,293.833333,0.789156,91.236464,80.484685,101.988243,21.503559,0.894194,1.127496,1.064516,1.190476,0.125960,0.948453,0.844877,0.822525,0.867228,0.044703,1.000000,1.000000,1.000000,1.000000,0.000000,1.000000,6.000000,6.000000,6.000000,0.000000,22.444428,0.947349,1.555556,0.785901,0.046417,0.999334,23.676054,18.147044,0.765962,11.221446,0.473642,4.763177,0.201047,86.466569,152.677496,159.304549,146.050442,13.254107,0.916800
2025_04_25_IC_small_1,124,298,311,0,-1,0.758764,564.416667,487.000000,641.833333,154.833333,0.877314,91.972750,85.962143,97.983356,12.021213,0.958606,1.135101,1.111111,1.159091,0.047980,0.985818,0.834136,0.828179,0.840093,0.011914,1.000000,1.000000,1.000000,1.000000,0.000000,0.833333,5.500000,5.000000,6.000000,1.000000,24.642895,1.039730,1.227273,0.581697,0.249373,0.586148,13.892444,20.236022,0.853795,12.300084,0.518963,2.243060,0.094639,73.448209,112.553925,114.070340,111.037511,3.032829,0.973413
2025_04_25_IC_small_1,125,298,305,0,-1,0.543224,691.750000,487.000000,896.500000,409.500000,0.730664,101.805750,85.962143,117.649357,31.687215,0.957543,1.135744,1.111111,1.160377,0.049266,0.982781,0.821049,0.813919,0.828179,0.014261,1.000000,1.000000,1.000000,1.000000,0.000000,0.833333,5.500000,5.000000,6.000000,1.000000,24.687668,0.949349,1.052980,0.676206,0.157451,0.831895,21.633308,21.125981,0.812386,12.057163,0.463651,4.839284,0.186092,54.029000,136.014417,142.152669,129.876165,12.276504,0.913639
2025_04_25_IC_small_1,126,298,281,0,-1,0.770773,559.416667,487.000000,631.833333,144.833333,0.857553,93.101675,85.962143,100.241207,14.279064,0.974843,1.125448,1.111111,1.139785,0.028674,0.954103,0.809174,0.790169,0.828179,0.038011,1.000000,1.000000,1.000000,1.000000,0.000000,0.833333,5.500000,5.000000,6.000000,1.000000,27.929164,1.183330,1.019608,0.572774,0.211083,0.625570,14.764823,23.295003,0.986985,13.900451,0.588948,3.872731,0.164084,84.057004,132.316878,135.000000,129.633755,5.366245,0.960250
2025_04_25_IC_small_1,127,298,284,0,-1,0.663036,610.750000,487.000000,734.500000,247.500000,0.798174,96.830289,85.962143,107.698436,21.736293,0.814815,1.237374,1.111111,1.363636,0.252525,0.960856,0.811970,0.795761,0.828179,0.032418,1.000000,1.000000,1.000000,1.000000,0.000000,0.833333,5.500000,5.000000,6.000000,1.000000,28.408355,1.155522,1.412698,0.546061,0.241916,0.528781,13.000000,22.960833,0.933942,13.796732,0.561188,4.086339,0.166214,63.936092,117.702648,128.706052,106.699244,22.006808,0.829015
2025_04_25_IC_small_1,128,298,286,0,-1,0.667733,608.166667,487.000000,729.333333,242.333333,0.814257,95.766730,85.962143,105.571317,19.609174,0.890985,1.179085,1.111111,1.247059,0.135948,0.992932,0.825253,0.822326,0.828179,0.005853,1.000000,1.000000,1.000000,1.000000,0.000000,0.833333,5.500000,5.000000,6.000000,1.000000,22.615381,0.921680,1.228814,0.715196,0.142368,0.923970,22.671568,19.095942,0.778247,10.922155,0.445128,2.499337,0.101859,63.000687,131.412132,142.733598,120.090666,22.642932,0.841362
2025_04_25_IC_small_1,129,36,39,0,-1,0.408602,1179.000000,684.000000,1674.000000,990.000000,0.693607,131.241686,107.498537,154.984834,47.486297,0.937500,1.259375,1.218750,1.300000,0.081250,0.849325,0.809786,0.743808,0.875764,0.131956,1.000000,1.000000,1.000000,1.000000,0.000000,0.500000,6.000000,4.000000,8.000000,4.000000,32.414301,0.966611,1.079365,0.685598,0.171544,0.813941,27.294688,26.670295,0.795322,15.086691,0.449893,9.356243,0.279008,51.200578,128.020498,135.000000,121.040995,13.959005,0.896600
2025_04_25_IC_small_1,130,36,44,0,-1,0.724771,813.873357,684.000000,943.746714,259.746714,0.886308,114.393302,107.498537,121.288066,13.789529,0.905786,1.282133,1.218750,1.345516,0.126766,0.922639,0.774991,0.743808,0.806175,0.062367,1.000000,1.000000,1.000000,1.000000,0.000000,0.666667,5.000000,4.000000,6.000000,2.000000,27.661189,0.972721,1.900844,0.748991,0.032868,1.117025,31.764760,25.896013,0.910647,13.352884,0.469561,2.931962,0.103104,72.642197,162.133246,168.710626,155.555867,13.154759,0.922028
2025_04_25_IC_small_1,131,34,43,0,-1,0.565456,846.694444,611.666667,1081.722222,470.055556,0.726922,115.141996,96.934599,133.349392,36.414793,0.767463,1.596742,1.386667,1.806818,0.420152,0.934494,0.791233,0.764440,0.818026,0.053586,1.000000,1.000000,1.000000,1.000000,0.000000,0.625000,6.500000,5.000000,8.000000,3.000000,25.954270,0.900855,1.276596,0.710680,0.122404,0.993452,28.622058,20.988991,0.728513,12.214978,0.423973,5.385584,0.186930,35.308316,139.259682,142.125016,136.394348,5.730668,0.959679
2025_04_25_IC_small_1,132,34,48,0,-1,0.663602,899.777778,717.833333,1081.722222,363.888889,0.764820,117.668818,101.988243,133.349392,31.361149,0.589166,1.435667,1.064516,1.806818,0.742302,0.881476,0.815834,0.764440,0.867228,0.102788,1.000000,1.000000,1.000000,1.000000,0.000000,0.750000,7.000000,6.000000,8.000000,2.000000,37.202178,1.246681,1.425000,0.482593,0.304520,0.316142,9.433981,30.048978,1.006970,18.285858,0.612777,3.666779,0.122877,55.148682,97.883476,115.463345,80.303606,35.159739,0.695490
2025_04_25_IC_small_1,133,34,51,0,-1,0.606440,868.861111,656.000000,1081.722222,425.722222,0.744140,116.289977,99.230562,133.349392,34.118830,0.610714,1.455133,1.103448,1.806818,0.703370,0.913105,0.800814,0.764440,0.837188,0.072747,1.000000,1.000000,1.000000,1.000000,0.000000,0.750000,7.000000,6.000000,8.000000,2.000000,38.962466,1.332004,2.562500,0.511698,0.201797,0.444429,13.000000,29.844178,1.020278,19.468950,0.665582,10.214993,0.349218,88.340569,117.780402,122.531272,113.029532,9.501740,0.922455
2025_04_25_IC_small_1,134,45,46,0,-1,0.769387,531.111111,461.888889,600.333333,138.444444,0.912930,92.365801,88.161637,96.569966,8.408329,0.997200,1.296690,1.294872,1.298507,0.003636,0.923145,0.777858,0.746772,0.808943,0.062171,1.000000,1.000000,1.000000,1.000000,0.000000,0.714286,6.000000,5.000000,7.000000,2.000000,28.959693,1.259300,2.177215,0.527494,0.166109,0.557817,12.827921,21.154903,0.919912,12.685607,0.551628,1.413761,0.061477,59.739367,107.014968,117.684364,96.345571,21.338793,0.818678
2025_04_25_IC_small_1,135,45,41,0,-1,0.387112,827.527778,461.888889,1193.166667,731.277778,0.669509,109.921312,88.161637,131.680988,43.519350,0.857935,1.206271,1.114035,1.298507,0.184472,0.863621,0.805735,0.746772,0.864699,0.117927,1.000000,1.000000,1.000000,1.000000,0.000000,0.714286,6.000000,5.000000,7.000000,2.000000,29.447524,1.051062,1.582677,0.657583,0.112249,0.749547,21.000000,23.276716,0.830809,14.723267,0.525513,9.414685,0.336036,88.549198,132.166699,138.668397,125.665002,13.003396,0.906227
2025_04_25_IC_small_1,136,45,49,0,-1,0.510312,683.500000,461.888889,905.111111,443.222222,0.751748,102.718577,88.161637,117.275517,29.113880,0.941252,1.260365,1.222222,1.298507,0.076285,0.903007,0.786878,0.746772,0.826984,0.080212,1.000000,1.000000,1.000000,1.000000,0.000000,0.714286,6.000000,5.000000,7.000000,2.000000,21.782843,0.844678,1.272727,0.796170,0.056328,1.135186,29.274562,18.870882,0.731760,10.805864,0.419021,5.465918,0.211953,66.541829,154.107205,169.029494,139.184916,29.844577,0.823436
2025_04_25_IC_small_1,137,46,48,0,-1,0.836313,659.083333,600.333333,717.833333,117.500000,0.946874,99.279104,96.569966,101.988243,5.418277,0.822102,1.179694,1.064516,1.294872,0.230356,0.932792,0.838086,0.808943,0.867228,0.058284,1.000000,1.000000,1.000000,1.000000,0.000000,0.857143,6.500000,6.000000,7.000000,1.000000,31.007958,1.209026,1.449612,0.569688,0.191680,0.546645,14.019827,24.238949,0.945097,15.460716,0.602826,1.318791,0.051421,87.545816,117.375001,130.418144,104.331857,26.086287,0.799980
2025_04_25_IC_small_1,138,46,49,0,-1,0.663270,752.722222,600.333333,905.111111,304.777778,0.823445,106.922742,96.569966,117.275517,20.705552,0.943894,1.258547,1.222222,1.294872,0.072650,0.978185,0.817964,0.808943,0.826984,0.018040,1.000000,1.000000,1.000000,1.000000,0.000000,1.000000,7.000000,7.000000,7.000000,0.000000,34.662410,1.269993,1.248366,0.489246,0.250203,0.315180,8.602325,27.126430,0.993883,17.327429,0.634858,8.808143,0.322721,80.100044,94.172921,115.059699,73.286142,41.773557,0.636940
2025_04_25_IC_small_1,139,46,52,0,-1,0.638992,769.916667,600.333333,939.500000,339.166667,0.830508,106.424094,96.569966,116.278222,19.708256,0.858086,1.202991,1.111111,1.294872,0.183761,0.926421,0.841068,0.808943,0.873192,0.064249,1.000000,1.000000,1.000000,1.000000,0.000000,0.857143,6.500000,6.000000,7.000000,1.000000,28.225969,1.023552,1.440945,0.633319,0.172205,0.689947,19.026298,20.677601,0.749827,13.749663,0.498601,5.112957,0.185410,63.347746,120.490159,124.590482,116.389835,8.200646,0.934179
2025_04_25_IC_small_1,140,301,313,0,-1,0.996669,649.416667,648.333333,650.500000,2.166667,0.980931,97.755215,96.814198,98.696232,1.882034,0.860759,1.395570,1.291139,1.500000,0.208861,0.965441,0.854201,0.839182,0.869221,0.030039,1.000000,1.000000,1.000000,1.000000,0.000000,1.000000,6.000000,6.000000,6.000000,0.000000,27.749733,1.088923,1.388430,0.628878,0.124342,0.675125,17.204651,20.947983,0.822017,13.396464,0.525689,0.054990,0.002158,59.125368,121.575020,129.472460,113.677579,15.794880,0.878006
2025_04_25_IC_small_1,141,301,308,0,-1,0.550550,912.972222,648.333333,1177.611111,529.277778,0.681610,119.425860,96.814198,142.037521,45.223323,0.850262,1.404829,1.291139,1.518519,0.227379,0.843870,0.801365,0.733509,0.869221,0.135712,1.000000,1.000000,1.000000,1.000000,0.000000,1.000000,6.000000,6.000000,6.000000,0.000000,38.403277,1.284848,1.064516,0.512231,0.266894,0.455061,13.601471,29.303474,0.980398,19.129432,0.640008,11.156981,0.373276,77.950361,109.784149,121.965442,97.602855,24.362586,0.800250
2025_04_25_IC_small_1,142,301,319,0,-1,0.476249,1004.833333,648.333333,1361.333333,713.000000,0.649694,122.914635,96.814198,149.015073,52.200874,0.834163,1.419483,1.291139,1.547826,0.256687,0.886306,0.819808,0.770396,0.869221,0.098825,1.000000,1.000000,1.000000,1.000000,0.000000,0.857143,6.500000,6.000000,7.000000,1.000000,41.947488,1.345362,1.725352,0.519271,0.238348,0.405689,12.649111,32.729804,1.049728,20.855515,0.668889,15.437176,0.495109,83.654178,111.217495,117.934822,104.500167,13.434656,0.886084
2025_04_25_IC_small_1,143,301,288,0,-1,0.701196,786.472222,648.333333,924.611111,276.277778,0.839552,106.065368,96.814198,115.316537,18.502339,0.828189,1.180223,1.069307,1.291139,0.221832,0.994820,0.871484,0.869221,0.873747,0.004526,1.000000,1.000000,1.000000,1.000000,0.000000,0.857143,6.500000,6.000000,7.000000,1.000000,31.609476,1.131540,1.446970,0.602797,0.192950,0.555727,15.524175,24.324107,0.870742,15.635885,0.559726,3.198993,0.114516,78.864268,117.026181,135.716160,98.336201,37.379959,0.724573
2025_04_25_IC_small_1,144,301,294,0,-1,0.805398,585.250000,522.166667,648.333333,126.166667,0.902111,92.075675,87.337153,96.814198,9.477046,0.831881,1.182607,1.074074,1.291139,0.217065,0.989671,0.864732,0.860243,0.869221,0.008978,1.000000,1.000000,1.000000,1.000000,0.000000,1.000000,6.000000,6.000000,6.000000,0.000000,27.866535,1.153575,1.354839,0.575400,0.197067,0.502284,12.133516,20.526398,0.849719,13.863898,0.573916,3.780286,0.156490,78.813511,101.124786,114.986433,87.263138,27.723295,0.758899
2025_04_25_IC_small_1,145,301,285,0,-1,0.683290,545.666667,443.000000,648.333333,205.333333,0.868497,90.448520,84.082842,96.814198,12.731356,0.960848,1.317445,1.291139,1.343750,0.052611,0.905876,0.828313,0.787406,0.869221,0.081815,1.000000,1.000000,1.000000,1.000000,0.000000,0.833333,5.500000,5.000000,6.000000,1.000000,19.906711,0.856019,1.362745,0.817833,0.057880,1.105195,25.701275,16.812165,0.722949,9.946952,0.427734,3.099632,0.133289,80.870129,159.272371,164.786091,153.758650,11.027441,0.933080
2025_04_25_IC_small_1,146,43,39,0,-1,0.365392,1142.833333,611.666667,1674.000000,1062.333333,0.625446,125.959717,96.934599,154.984834,58.050235,0.937500,1.343333,1.300000,1.386667,0.086667,0.934072,0.846895,0.818026,0.875764,0.057738,1.000000,1.000000,1.000000,1.000000,0.000000,0.625000,6.500000,5.000000,8.000000,3.000000,32.973619,1.004582,1.250000,0.639560,0.171431,0.609325,20.000000,28.305072,0.862349,16.480323,0.502093,12.412385,0.378159,71.374649,113.139171,114.925502,111.352840,3.572662,0.968913
2025_04_25_IC_small_1,147,43,51,0,-1,0.932419,633.833333,611.666667,656.000000,44.333333,0.976862,98.082581,96.934599,99.230562,2.295963,0.795756,1.245057,1.103448,1.386667,0.283218,0.977112,0.827607,0.818026,0.837188,0.019162,1.000000,1.000000,1.000000,1.000000,0.000000,0.833333,5.500000,5.000000,6.000000,1.000000,31.391623,1.247075,1.180556,0.530040,0.229424,0.452950,11.401754,24.877354,0.988287,15.689160,0.623273,0.050747,0.002016,87.000861,115.898924,126.952397,104.845452,22.106945,0.825864
2025_04_25_IC_small_1,148,43,50,0,-1,0.687266,750.833333,611.666667,890.000000,278.333333,0.843464,105.929483,96.934599,114.924368,17.989769,0.901442,1.318333,1.250000,1.386667,0.136667,0.966032,0.832408,0.818026,0.846790,0.028764,1.000000,1.000000,1.000000,1.000000,0.000000,0.833333,5.500000,5.000000,6.000000,1.000000,29.043497,1.064551,1.226950,0.615168,0.196115,0.672872,18.357560,23.365748,0.856441,14.467653,0.530293,4.266722,0.156391,85.344176,124.784874,129.289407,120.280340,9.009067,0.930319
2025_04_25_IC_small_1,149,41,47,0,-1,0.472692,878.583333,564.000000,1193.166667,629.166667,0.771829,116.658091,101.635195,131.680988,30.045793,0.712581,1.338708,1.114035,1.563380,0.449345,0.793480,0.775410,0.686121,0.864699,0.178578,1.000000,1.000000,1.000000,1.000000,0.000000,0.714286,6.000000,5.000000,7.000000,2.000000,31.952029,1.096295,1.029240,0.581624,0.188087,0.659979,19.235384,26.479922,0.908543,14.780338,0.507123,10.367340,0.355710,57.129079,106.725555,112.807378,100.643733,12.163645,0.892173
2025_04_25_IC_small_1,150,41,49,0,-1,0.758579,1049.138889,905.111111,1193.166667,288.055556,0.890603,124.478253,117.275517,131.680988,14.405470,0.911483,1.168129,1.114035,1.222222,0.108187,0.956384,0.845841,0.826984,0.864699,0.037715,1.000000,1.000000,1.000000,1.000000,0.000000,1.000000,7.000000,7.000000,7.000000,0.000000,36.688751,1.135395,1.125000,0.500282,0.317509,0.299862,9.689628,30.112730,0.931889,18.278323,0.565653,4.317996,0.133628,84.446642,90.203765,98.260843,82.146687,16.114157,0.836006
2025_04_25_IC_small_1,151,41,53,0,-1,0.886972,1125.736111,1058.305556,1193.166667,134.861111,0.945457,128.089837,124.498687,131.680988,7.182301,0.993502,1.110416,1.106796,1.114035,0.007239,0.992262,0.861353,0.858008,0.864699,0.006691,1.000000,1.000000,1.000000,1.000000,0.000000,0.857143,6.500000,6.000000,7.000000,1.000000,34.718191,1.035223,2.105263,0.715580,0.055124,0.854837,28.668605,27.026912,0.805885,17.251825,0.514413,1.297651,0.038693,78.983433,145.653857,159.717441,131.590273,28.127168,0.823894
2025_04_25_IC_small_1,152,39,50,0,-1,0.531661,1282.000000,890.000000,1674.000000,784.000000,0.741520,134.954601,114.924368,154.984834,40.060467,0.961538,1.275000,1.250000,1.300000,0.050000,0.966916,0.861277,0.846790,0.875764,0.028974,1.000000,1.000000,1.000000,1.000000,0.000000,0.750000,7.000000,6.000000,8.000000,2.000000,34.473936,0.974564,1.137931,0.709790,0.098284,0.803573,28.425341,28.690028,0.811055,17.227988,0.487028,8.535136,0.241285,84.752652,122.609069,125.860385,119.357754,6.502631,0.948335
2025_04_25_IC_small_1,153,39,55,0,-1,0.747710,1462.833333,1251.666667,1674.000000,422.333333,0.850829,143.425249,131.865663,154.984834,23.119171,0.812655,1.178226,1.056452,1.300000,0.243548,0.968170,0.890159,0.875764,0.904555,0.028792,1.000000,1.000000,1.000000,1.000000,0.000000,0.875000,7.500000,7.000000,8.000000,1.000000,45.702103,1.198061,1.472527,0.579299,0.222286,0.457818,17.464249,34.290866,0.898920,22.665266,0.594160,7.170343,0.187967,84.888257,110.186094,113.702646,106.669542,7.033104,0.938145
2025_04_25_IC_small_1,154,39,44,0,-1,0.563767,1308.873357,943.746714,1674.000000,730.253286,0.782580,138.136450,121.288066,154.984834,33.696768,0.966172,1.322758,1.300000,1.345516,0.045516,0.920539,0.840969,0.806175,0.875764,0.069589,1.000000,1.000000,1.000000,1.000000,0.000000,0.750000,7.000000,6.000000,8.000000,2.000000,36.029124,1.005908,1.254924,0.589513,0.200427,0.559084,20.024984,30.999882,0.865495,17.495409,0.488460,6.328678,0.176692,64.721140,105.221404,140.194429,70.248379,69.946050,0.501078
2025_04_25_IC_small_1,155,48,51,0,-1,0.913861,686.916667,656.000000,717.833333,61.833333,0.972961,100.609403,99.230562,101.988243,2.757681,0.964718,1.083982,1.064516,1.103448,0.038932,0.965361,0.852208,0.837188,0.867228,0.030040,1.000000,1.000000,1.000000,1.000000,0.000000,1.000000,6.000000,6.000000,6.000000,0.000000,24.465951,0.933727,1.486486,0.721379,0.069150,0.887680,23.259407,18.503526,0.706175,12.188298,0.465159,1.031729,0.039375,65.725418,110.625748,122.005383,99.246113,22.759270,0.813457
2025_04_25_IC_small_1,156,48,52,0,-1,0.764059,828.666667,717.833333,939.500000,221.666667,0.877105,109.133233,101.988243,116.278222,14.289979,0.958065,1.087814,1.064516,1.111111,0.046595,0.993170,0.870210,0.867228,0.873192,0.005964,1.000000,1.000000,1.000000,1.000000,0.000000,1.000000,6.000000,6.000000,6.000000,0.000000,28.684405,0.998697,1.224490,0.676458,0.124799,0.745110,21.400935,23.616507,0.822249,14.316763,0.498463,2.873677,0.100052,79.283514,119.995687,135.000000,104.991374,30.008626,0.777714
2025_04_25_IC_small_1,157,48,57,0,-1,0.853726,665.333333,612.833333,717.833333,105.000000,0.987685,102.624043,101.988243,103.259844,1.271601,0.926523,1.106726,1.064516,1.148936,0.084420,0.832829,0.794740,0.722253,0.867228,0.144975,1.000000,1.000000,1.000000,1.000000,0.000000,0.857143,6.500000,6.000000,7.000000,1.000000,33.810818,1.311822,1.695652,0.489363,0.337926,0.395672,10.198039,25.296094,0.981460,16.295337,0.632241,1.749698,0.067886,60.574065,121.442593,133.980610,108.904576,25.076034,0.812838
2025_04_25_IC_small_1,158,313,321,0,-1,0.722510,775.416667,650.500000,900.333333,249.833333,0.861986,106.597423,98.696232,114.498614,15.802382,0.807407,1.355556,1.211111,1.500000,0.288889,0.972396,0.851093,0.839182,0.863004,0.023822,1.000000,1.000000,1.000000,1.000000,0.000000,0.857143,6.500000,6.000000,7.000000,1.000000,33.930157,1.222478,1.297297,0.535134,0.275658,0.402819,11.180340,26.813578,0.966073,16.255783,0.585684,1.614592,0.058173,74.493891,112.571433,129.289407,95.853459,33.435948,0.741387
2025_04_25_IC_small_1,159,313,319,0,-1,0.477840,1005.916667,650.500000,1361.333333,710.833333,0.662324,123.855652,98.696232,149.015073,50.318841,0.969101,1.523913,1.500000,1.547826,0.047826,0.918032,0.804789,0.770396,0.839182,0.068786,1.000000,1.000000,1.000000,1.000000,0.000000,0.857143,6.500000,6.000000,7.000000,1.000000,38.364572,1.229611,1.061224,0.523035,0.283241,0.446414,13.928388,31.600446,1.012816,18.898842,0.605721,8.705276,0.279010,64.956436,111.399301,126.027373,96.771228,29.256145,0.767859
2025_04_25_IC_small_1,160,313,331,0,-1,0.739905,764.833333,650.500000,879.166667,228.666667,0.862922,106.535355,98.696232,114.374478,15.678246,0.715278,1.286458,1.072917,1.500000,0.427083,0.993649,0.841863,0.839182,0.844545,0.005363,1.000000,1.000000,1.000000,1.000000,0.000000,0.833333,5.500000,5.000000,6.000000,1.000000,24.665652,0.894402,1.527778,0.799724,0.077141,1.052195,29.017236,21.080537,0.764402,12.328283,0.447036,3.833342,0.139001,88.250431,158.016478,165.816629,150.216327,15.600302,0.905918
2025_04_25_IC_small_1,161,313,288,0,-1,0.703539,787.555556,650.500000,924.611111,274.111111,0.855872,107.006385,98.696232,115.316537,16.620306,0.712871,1.284653,1.069307,1.500000,0.430693,0.960440,0.856464,0.839182,0.873747,0.034565,1.000000,1.000000,1.000000,1.000000,0.000000,0.857143,6.500000,6.000000,7.000000,1.000000,31.052183,1.110746,1.328244,0.561773,0.217445,0.470485,13.152946,24.221754,0.866419,15.457769,0.552929,5.868229,0.209908,84.302533,102.869064,110.606261,95.131868,15.474393,0.860095
2025_04_25_IC_small_1,162,313,302,0,-1,0.842071,711.500000,650.500000,772.500000,122.000000,0.903104,103.990910,98.696232,109.285589,10.589357,0.946154,1.542683,1.500000,1.585366,0.085366,0.968560,0.825990,0.812798,0.839182,0.026384,1.000000,1.000000,1.000000,1.000000,0.000000,1.000000,6.000000,6.000000,6.000000,0.000000,32.065279,1.203227,1.834783,0.554642,0.186812,0.533321,14.212670,24.998678,0.938058,15.238476,0.571813,2.956022,0.110923,65.539382,113.568705,126.832563,100.304846,26.527717,0.790845
2025_04_25_IC_small_1,163,47,59,0,-1,0.678044,473.208333,382.416667,564.000000,181.583333,0.784381,90.677930,79.720665,101.635195,21.914530,0.860400,1.454257,1.345133,1.563380,0.218248,0.907394,0.721133,0.686121,0.756145,0.070024,1.000000,1.000000,1.000000,1.000000,0.000000,0.800000,4.500000,4.000000,5.000000,1.000000,23.953945,1.106311,1.946429,0.607337,0.030378,0.956473,20.709633,23.814353,1.099864,11.900148,0.549608,5.628611,0.259957,78.922750,171.913805,176.228758,167.598851,8.629907,0.951030
2025_04_25_IC_small_1,164,47,53,0,-1,0.532927,811.152778,564.000000,1058.305556,494.305556,0.816356,113.066941,101.635195,124.498687,22.863492,0.707951,1.335088,1.106796,1.563380,0.456584,0.799667,0.772065,0.686121,0.858008,0.171887,1.000000,1.000000,1.000000,1.000000,0.000000,0.833333,5.500000,5.000000,6.000000,1.000000,29.165543,1.036439,1.090909,0.533178,0.278890,0.543603,15.297059,25.036995,0.889725,13.054465,0.463909,7.143005,0.253837,42.252334,97.210714,99.638827,94.782602,4.856224,0.951262
2025_04_25_IC_small_1,165,327,321,0,-1,0.604838,722.444444,544.555556,900.333333,355.777778,0.802446,103.188789,91.878964,114.498614,22.619650,0.835757,1.111653,1.012195,1.211111,0.198916,0.939306,0.836814,0.810625,0.863004,0.052379,1.000000,1.000000,1.000000,1.000000,0.000000,0.714286,6.000000,5.000000,7.000000,2.000000,29.885955,1.120557,1.568807,0.542142,0.234428,0.438149,11.685699,24.292302,0.910826,14.901280,0.558715,3.948268,0.148038,78.751069,96.446655,102.050785,90.842524,11.208261,0.890170
2025_04_25_IC_small_1,166,327,318,0,-1,0.472431,848.611111,544.555556,1152.666667,608.111111,0.705234,111.080282,91.878964,130.281600,38.402636,0.691085,1.238421,1.012195,1.464646,0.452451,0.949888,0.832007,0.810625,0.853390,0.042765,1.000000,1.000000,1.000000,1.000000,0.000000,0.714286,6.000000,5.000000,7.000000,2.000000,26.186811,0.914238,1.193103,0.706178,0.107856,0.844412,24.186773,20.993958,0.732944,13.092304,0.457080,6.384173,0.222885,69.905260,123.522910,130.162045,116.883774,13.278270,0.897987
2025_04_25_IC_small_1,167,327,340,0,-1,0.929708,525.416667,506.277778,544.555556,38.277778,0.958609,89.977466,88.075968,91.878964,3.802996,0.843496,1.106098,1.012195,1.200000,0.187805,0.988407,0.815379,0.810625,0.820132,0.009507,1.000000,1.000000,1.000000,1.000000,0.000000,1.000000,5.000000,5.000000,5.000000,0.000000,28.933446,1.262468,1.356522,0.519037,0.314988,0.446163,10.225241,23.636854,1.031359,14.392822,0.628009,0.753282,0.032868,77.621906,128.257100,141.215636,115.298564,25.917072,0.816472
2025_04_25_IC_small_1,168,327,334,0,-1,0.442009,888.277778,544.555556,1232.000000,687.444444,0.658556,115.697401,91.878964,139.515838,47.636875,0.612475,1.332413,1.012195,1.652632,0.640436,0.981191,0.803001,0.795378,0.810625,0.015247,1.000000,1.000000,1.000000,1.000000,0.000000,0.833333,5.500000,5.000000,6.000000,1.000000,32.385099,1.108404,1.645161,0.628336,0.120145,0.734149,21.450201,25.171347,0.861508,16.045679,0.549175,11.941976,0.408723,75.728038,127.473372,138.270488,116.676257,21.594231,0.843826
2025_04_25_IC_small_1,169,327,312,0,-1,0.986812,548.194444,544.555556,551.833333,7.277778,0.986883,91.276384,90.673803,91.878964,1.205161,0.751320,1.179709,1.012195,1.347222,0.335027,0.961094,0.827032,0.810625,0.843440,0.032815,1.000000,1.000000,1.000000,1.000000,0.000000,0.833333,5.500000,5.000000,6.000000,1.000000,21.222757,0.906435,1.463918,0.768553,0.097897,1.039192,24.331050,18.284609,0.780946,10.539430,0.450145,0.562096,0.024007,86.550844,154.299963,166.424666,142.175261,24.249405,0.854292
2025_04_25_IC_small_1,170,309,328,0,-1,0.848502,832.750000,764.500000,901.000000,136.500000,0.939656,117.338253,113.687791,120.988714,7.300923,0.788307,1.240277,1.093458,1.387097,0.293639,0.960981,0.758382,0.743292,0.773473,0.030180,1.000000,1.000000,1.000000,1.000000,0.000000,0.833333,5.500000,5.000000,6.000000,1.000000,29.949014,1.038702,1.419118,0.601122,0.190934,0.833820,24.041631,24.186059,0.838829,14.017286,0.486152,0.614230,0.021303,53.246684,122.370650,142.660739,102.080562,40.580177,0.715548
2025_04_25_IC_small_1,171,309,304,0,-1,0.493916,1156.166667,764.500000,1547.833333,783.333333,0.710628,136.834979,113.687791,159.982167,46.294376,0.827901,1.531268,1.387097,1.675439,0.288342,0.978067,0.751626,0.743292,0.759960,0.016668,1.000000,1.000000,1.000000,1.000000,0.000000,0.714286,6.000000,5.000000,7.000000,2.000000,24.823398,0.741084,1.157576,0.798214,0.072293,1.237062,41.436699,22.378180,0.668084,12.241761,0.365469,6.133105,0.183099,30.330267,142.160150,152.592425,131.727875,20.864549,0.863266
2025_04_25_IC_small_1,172,309,269,0,-1,0.499673,1147.250000,764.500000,1530.000000,765.500000,0.714416,136.410874,113.687791,159.133956,45.446165,0.939646,1.431644,1.387097,1.476190,0.089094,0.979003,0.751263,0.743292,0.759234,0.015941,1.000000,1.000000,1.000000,1.000000,0.000000,0.833333,5.500000,5.000000,6.000000,1.000000,45.809514,1.372265,1.719298,0.473589,0.309000,0.390577,13.038405,35.162776,1.053333,22.373250,0.670211,14.782096,0.442811,70.713479,115.436963,121.449927,109.423999,12.025928,0.900980
2025_04_25_IC_small_1,173,309,277,0,-1,0.550793,1076.250000,764.500000,1388.000000,623.500000,0.774952,130.195427,113.687791,146.703062,33.015271,0.949066,1.424318,1.387097,1.461538,0.074442,0.917147,0.776866,0.743292,0.810440,0.067148,1.000000,1.000000,1.000000,1.000000,0.000000,0.833333,5.500000,5.000000,6.000000,1.000000,43.197182,1.331080,1.907801,0.514261,0.242818,0.478363,15.524175,32.255699,0.993929,21.550784,0.664067,9.570473,0.294905,89.843045,130.533077,143.087544,117.978611,25.108933,0.824520
2025_04_25_IC_small_1,174,320,306,0,-1,0.679274,1766.083333,1428.777778,2103.388889,674.611111,0.852265,165.609221,152.400348,178.818094,26.417746,0.710097,1.503085,1.248276,1.757895,0.509619,0.935182,0.799831,0.773041,0.826621,0.053580,0.989261,0.994631,0.989261,1.000000,0.010739,0.777778,8.000000,7.000000,9.000000,2.000000,39.076059,0.934142,1.129808,0.612816,0.184967,0.742148,31.044771,30.639202,0.732453,18.778741,0.448920,7.025140,0.167941,54.685033,92.762096,102.474823,83.049368,19.425455,0.810437
2025_04_25_IC_small_1,175,320,356,0,-1,0.394276,996.055556,563.333333,1428.777778,865.444444,0.645206,125.364973,98.329598,152.400348,54.070750,0.588478,1.396189,1.034483,1.757895,0.723412,0.947118,0.752601,0.732161,0.773041,0.040880,1.000000,1.000000,1.000000,1.000000,0.000000,0.714286,6.000000,5.000000,7.000000,2.000000,44.551205,1.448023,2.016129,0.430929,0.271237,0.157748,4.853407,34.876271,1.133564,22.275576,0.724011,16.716023,0.543312,88.452433,91.098125,100.800595,81.395655,19.404940,0.807492
2025_04_25_IC_small_1,176,320,352,0,-1,0.620577,1157.722222,886.666667,1428.777778,542.111111,0.809154,137.857844,123.315341,152.400348,29.085007,0.817740,1.597697,1.437500,1.757895,0.320395,0.947836,0.752879,0.732717,0.773041,0.040325,0.987746,0.993873,0.987746,1.000000,0.012254,0.857143,6.500000,6.000000,7.000000,1.000000,45.212512,1.338121,2.408333,0.524175,0.136211,0.593567,20.055479,33.729025,0.998253,22.588609,0.668538,7.695872,0.227769,80.543421,129.502600,129.971902,129.033298,0.938605,0.992778
2025_04_25_IC_small_1,177,320,335,0,-1,0.476631,1054.888889,681.000000,1428.777778,747.777778,0.720584,131.108834,109.817321,152.400348,42.583027,0.658979,1.458155,1.158416,1.757895,0.599479,0.917937,0.741322,0.709603,0.773041,0.063438,1.000000,1.000000,1.000000,1.000000,0.000000,0.571429,5.500000,4.000000,7.000000,3.000000,32.999786,1.032935,1.025773,0.535093,0.330077,0.620173,19.813015,28.880488,0.903996,15.166171,0.474721,6.149219,0.192478,27.040478,112.786314,112.911179,112.661449,0.249730,0.997788
2025_04_25_IC_small_1,178,320,290,0,-1,0.722062,1230.222222,1031.666667,1428.777778,397.111111,0.840242,140.226766,128.053184,152.400348,24.347163,0.633733,1.435965,1.114035,1.757895,0.643860,0.977764,0.781831,0.773041,0.790621,0.017580,1.000000,1.000000,1.000000,1.000000,0.000000,0.857143,6.500000,6.000000,7.000000,1.000000,45.588495,1.304042,2.406780,0.517222,0.151621,0.514265,17.978382,35.838049,1.025134,22.541918,0.644803,5.548583,0.158715,80.586464,129.311839,175.132634,83.491044,91.641590,0.476730
2025_04_25_IC_small_1,179,310,322,0,-1,0.684655,681.583333,554.000000,809.166667,255.166667,0.824661,103.168601,93.254692,113.082511,19.827819,0.721546,1.301407,1.090909,1.511905,0.420996,0.993296,0.797848,0.795164,0.800531,0.005367,1.000000,1.000000,1.000000,1.000000,0.000000,0.714286,6.000000,5.000000,7.000000,2.000000,24.519753,0.943375,1.006849,0.702299,0.126299,0.964925,25.079872,20.281573,0.780315,11.601611,0.446361,2.075585,0.079856,54.641790,134.385452,145.840305,122.930599,22.909707,0.842912
2025_04_25_IC_small_1,180,310,311,0,-1,0.793203,725.500000,641.833333,809.166667,167.333333,0.866477,105.532933,97.983356,113.082511,15.099154,0.766643,1.335498,1.159091,1.511905,0.352814,0.946519,0.817629,0.795164,0.840093,0.044929,1.000000,1.000000,1.000000,1.000000,0.000000,0.857143,6.500000,6.000000,7.000000,1.000000,28.407009,1.056410,1.330709,0.521524,0.285895,0.447807,12.041595,24.468046,0.909926,14.094081,0.524136,0.431536,0.016048,76.029090,101.307260,126.810194,75.804325,51.005869,0.597778
2025_04_25_IC_small_1,181,310,336,0,-1,0.802678,729.333333,649.500000,809.166667,159.666667,0.855609,104.918453,96.754396,113.082511,16.328115,0.675490,1.266591,1.021277,1.511905,0.490628,0.912030,0.833513,0.795164,0.871862,0.076697,1.000000,1.000000,1.000000,1.000000,0.000000,0.857143,6.500000,6.000000,7.000000,1.000000,36.567484,1.356080,2.252525,0.508633,0.267824,0.370843,10.000000,28.834436,1.069306,18.259164,0.677129,5.801861,0.215158,89.103709,113.860373,127.059618,100.661129,26.398489,0.792235
2025_04_25_IC_small_1,182,310,318,0,-1,0.701995,980.916667,809.166667,1152.666667,343.500000,0.867985,121.682055,113.082511,130.281600,17.199089,0.968743,1.488276,1.464646,1.511905,0.047258,0.931772,0.824277,0.795164,0.853390,0.058225,1.000000,1.000000,1.000000,1.000000,0.000000,1.000000,7.000000,7.000000,7.000000,0.000000,27.486773,0.881031,1.086420,0.779400,0.070031,1.049947,32.756679,20.775052,0.665901,13.146276,0.421377,3.849821,0.123398,47.507137,137.610511,144.619728,130.601295,14.018433,0.903067
2025_04_25_IC_small_1,183,310,291,0,-1,0.785582,722.416667,635.666667,809.166667,173.500000,0.950023,110.256730,107.430950,113.082511,5.651561,0.752890,1.325101,1.138298,1.511905,0.373607,0.870409,0.743641,0.692119,0.795164,0.103046,1.000000,1.000000,1.000000,1.000000,0.000000,0.571429,5.500000,4.000000,7.000000,3.000000,34.112587,1.271475,1.627907,0.512261,0.203253,0.601007,16.124515,25.069393,0.934409,16.773628,0.625202,1.706077,0.063590,72.223674,121.044911,133.008708,109.081114,23.927594,0.820105
2025_04_25_IC_small_1,184,310,284,0,-1,0.907724,771.833333,734.500000,809.166667,74.666667,0.952388,110.390473,107.698436,113.082511,5.384074,0.901933,1.437771,1.363636,1.511905,0.148268,0.999250,0.795463,0.795164,0.795761,0.000597,1.000000,1.000000,1.000000,1.000000,0.000000,0.857143,6.500000,6.000000,7.000000,1.000000,33.188432,1.194956,1.829268,0.519583,0.237962,0.496152,13.780018,24.298037,0.874856,16.277997,0.586093,2.888566,0.104003,70.563160,112.344810,115.801153,108.888468,6.912685,0.940306
2025_04_25_IC_small_1,185,310,287,0,-1,0.917769,845.416667,809.166667,881.666667,72.500000,0.945816,116.321626,113.082511,119.560742,6.478232,0.886436,1.426055,1.340206,1.511905,0.171699,0.974721,0.785114,0.775063,0.795164,0.020101,1.000000,1.000000,1.000000,1.000000,0.000000,1.000000,7.000000,7.000000,7.000000,0.000000,39.582605,1.361661,1.241379,0.415840,0.423164,0.113516,3.299832,31.457234,1.082144,19.719591,0.678363,3.602562,0.123930,79.105737,89.446682,92.719359,86.174004,6.545355,0.929407
2025_04_25_IC_small_1,186,51,50,0,-1,0.737079,773.000000,656.000000,890.000000,234.000000,0.863442,107.077465,99.230562,114.924368,15.693806,0.882759,1.176724,1.103448,1.250000,0.146552,0.988660,0.841989,0.837188,0.846790,0.009602,1.000000,1.000000,1.000000,1.000000,0.000000,1.000000,6.000000,6.000000,6.000000,0.000000,32.067004,1.156706,2.187500,0.574521,0.149741,0.545862,15.132746,24.258298,0.875034,16.002045,0.577219,3.776782,0.136234,78.681073,107.398929,112.767263,102.030596,10.736667,0.904789
2025_04_25_IC_small_1,187,51,58,0,-1,0.909847,688.500000,656.000000,721.000000,65.000000,0.962258,101.176604,99.230562,103.122645,3.892083,0.946528,1.073946,1.044444,1.103448,0.059004,0.982620,0.844591,0.837188,0.851995,0.014807,1.000000,1.000000,1.000000,1.000000,0.000000,1.000000,6.000000,6.000000,6.000000,0.000000,23.680447,0.902732,1.529412,0.805501,0.043452,1.063308,27.892651,18.345848,0.699370,11.653681,0.444255,1.041131,0.039689,60.403701,151.943540,158.046774,145.840305,12.206468,0.922767
2025_04_25_IC_small_1,188,51,57,0,-1,0.934197,634.416667,612.833333,656.000000,43.166667,0.960979,101.245203,99.230562,103.259844,4.029282,0.960409,1.126192,1.103448,1.148936,0.045488,0.862713,0.779720,0.722253,0.837188,0.114935,1.000000,1.000000,1.000000,1.000000,0.000000,0.857143,6.500000,6.000000,7.000000,1.000000,36.640389,1.454908,1.058480,0.463857,0.219362,0.339263,8.544004,27.226007,1.081084,17.266666,0.685621,1.343699,0.053355,67.727904,116.352457,126.773278,105.931636,20.841641,0.835599
2025_04_25_IC_small_1,189,328,326,0,-1,0.965594,885.500000,870.000000,901.000000,31.000000,0.976372,119.559377,118.130039,120.988714,2.858675,0.755642,1.270258,1.093458,1.447059,0.353601,0.987271,0.778459,0.773473,0.783445,0.009972,1.000000,1.000000,1.000000,1.000000,0.000000,0.857143,6.500000,6.000000,7.000000,1.000000,23.411445,0.786775,1.357724,0.848384,0.014305,1.296451,38.577483,17.269681,0.580372,11.394863,0.382941,0.815482,0.027405,45.547517,155.433949,169.422481,141.445418,27.977063,0.834868
2025_04_25_IC_small_1,190,328,304,0,-1,0.582104,1224.416667,901.000000,1547.833333,646.833333,0.756264,140.485441,120.988714,159.982167,38.993453,0.652640,1.384448,1.093458,1.675439,0.581981,0.982530,0.766716,0.759960,0.773473,0.013512,1.000000,1.000000,1.000000,1.000000,0.000000,0.857143,6.500000,6.000000,7.000000,1.000000,37.253062,1.074207,1.009709,0.483445,0.312711,0.413419,14.337209,32.016559,0.923211,18.932842,0.545936,8.724739,0.251581,55.275127,101.982323,139.217810,64.746837,74.470973,0.465076
2025_04_25_IC_small_1,191,328,347,0,-1,0.857751,836.916667,772.833333,901.000000,128.166667,0.920734,116.193539,111.398363,120.988714,9.590351,0.941167,1.061292,1.029126,1.093458,0.064332,0.988341,0.778035,0.773473,0.782597,0.009124,1.000000,1.000000,1.000000,1.000000,0.000000,0.833333,5.500000,5.000000,6.000000,1.000000,34.321276,1.187248,1.106742,0.503127,0.244947,0.482916,13.960261,27.065282,0.936247,16.932913,0.585746,3.757922,0.129995,82.535908,109.579192,115.063984,104.094401,10.969583,0.904665
2025_04_25_IC_small_1,192,328,353,0,-1,0.922309,866.000000,831.000000,901.000000,70.000000,0.974458,122.574375,120.988714,124.160035,3.171320,0.535096,1.568468,1.093458,2.043478,0.950020,0.875795,0.725438,0.677403,0.773473,0.096069,1.000000,1.000000,1.000000,1.000000,0.000000,1.000000,6.000000,6.000000,6.000000,0.000000,39.956052,1.358039,2.373832,0.476585,0.137991,0.534409,15.723302,29.417254,0.999843,19.891654,0.676084,1.262001,0.042893,80.618196,112.647851,114.080745,111.214958,2.865787,0.974879
2025_04_25_IC_small_1,193,50,58,0,-1,0.810112,805.500000,721.000000,890.000000,169.000000,0.897309,109.023506,103.122645,114.924368,11.801722,0.835556,1.147222,1.044444,1.250000,0.205556,0.993891,0.849392,0.846790,0.851995,0.005205,1.000000,1.000000,1.000000,1.000000,0.000000,1.000000,6.000000,6.000000,6.000000,0.000000,36.991420,1.305173,1.246914,0.505309,0.319677,0.315582,8.944272,29.038182,1.024558,18.281486,0.645028,2.547751,0.089893,85.871744,110.882940,112.129098,109.636782,2.492317,0.977773
2025_04_25_IC_small_1,194,50,55,0,-1,0.711052,1070.833333,890.000000,1251.666667,361.666667,0.871526,123.395015,114.924368,131.865663,16.941295,0.845161,1.153226,1.056452,1.250000,0.193548,0.936139,0.875673,0.846790,0.904555,0.057765,1.000000,1.000000,1.000000,1.000000,0.000000,0.857143,6.500000,6.000000,7.000000,1.000000,40.086552,1.229427,1.421687,0.552081,0.236342,0.398701,13.000000,31.510325,0.966400,20.043276,0.614713,3.475697,0.106597,79.349002,113.102315,127.470073,98.734557,28.735516,0.774570
2025_04_25_IC_small_1,195,50,60,0,-1,0.738589,1047.500000,890.000000,1205.000000,315.000000,0.879668,122.784750,114.924368,130.645133,15.720765,0.870175,1.168860,1.087719,1.250000,0.162281,0.954476,0.866984,0.846790,0.887177,0.040388,1.000000,1.000000,1.000000,1.000000,0.000000,1.000000,6.000000,6.000000,6.000000,0.000000,29.877985,0.925789,1.619048,0.782353,0.067383,0.962553,31.064449,23.704394,0.734496,14.926132,0.462496,4.381266,0.135756,89.262613,141.221873,144.954192,137.489553,7.464639,0.948503
2025_04_25_IC_small_1,196,315,316,0,-1,0.546978,1169.472222,827.000000,1511.944444,684.944444,0.781018,133.017084,116.662215,149.371954,32.709739,0.962500,1.297521,1.272727,1.322314,0.049587,0.896700,0.807563,0.763581,0.851545,0.087964,1.000000,1.000000,1.000000,1.000000,0.000000,0.857143,6.500000,6.000000,7.000000,1.000000,26.277935,0.776979,1.110429,0.888161,0.026080,1.243603,42.059482,20.417872,0.603710,13.084594,0.386882,6.367136,0.188262,30.940870,151.359078,153.681912,149.036243,4.645668,0.969771
2025_04_25_IC_small_1,197,315,324,0,-1,0.913812,866.000000,827.000000,905.000000,78.000000,0.998841,116.594598,116.526981,116.662215,0.135233,0.897959,1.207792,1.142857,1.272727,0.129870,0.911695,0.800560,0.763581,0.837540,0.073959,1.000000,1.000000,1.000000,1.000000,0.000000,0.833333,5.500000,5.000000,6.000000,1.000000,30.255509,1.028385,1.090909,0.568806,0.190242,0.638614,18.788294,25.936141,0.881570,15.040869,0.511239,0.672929,0.022873,67.595376,102.261212,113.328935,91.193489,22.135446,0.804680
2025_04_25_IC_small_1,198,315,337,0,-1,0.735874,975.416667,827.000000,1123.833333,296.833333,0.903698,122.878264,116.662215,129.094314,12.432099,0.942857,1.236364,1.200000,1.272727,0.072727,0.901068,0.805499,0.763581,0.847418,0.083837,1.000000,1.000000,1.000000,1.000000,0.000000,0.857143,6.500000,6.000000,7.000000,1.000000,42.685498,1.370734,1.952381,0.511499,0.274669,0.430833,13.416408,32.251537,1.035674,20.112950,0.645875,3.890480,0.124933,74.848014,125.959657,127.040336,124.878978,2.161358,0.982987
2025_04_25_IC_small_1,199,315,280,0,-1,0.836198,908.000000,827.000000,989.000000,162.000000,0.890882,123.806802,116.662215,130.951390,14.289175,0.660839,1.599327,1.272727,1.925926,0.653199,0.949142,0.744163,0.724746,0.763581,0.038835,1.000000,1.000000,1.000000,1.000000,0.000000,1.000000,6.000000,6.000000,6.000000,0.000000,46.219555,1.535381,1.703704,0.400620,0.428414,0.148561,4.472136,34.162055,1.134839,23.202790,0.770780,2.840562,0.094361,82.677767,103.255071,112.402867,94.107275,18.295592,0.837232
2025_04_25_IC_small_1,200,315,283,0,-1,0.894376,875.833333,827.000000,924.666667,97.666667,0.933304,120.830700,116.662215,124.999185,8.336970,0.747036,1.488215,1.272727,1.703704,0.430976,0.973926,0.753626,0.743671,0.763581,0.019910,1.000000,1.000000,1.000000,1.000000,0.000000,0.833333,5.500000,5.000000,6.000000,1.000000,39.559960,1.337255,2.606061,0.511601,0.190105,0.578618,17.117243,31.156438,1.053188,19.583953,0.662001,3.574771,0.120839,81.203537,121.813442,124.459270,119.167613,5.291657,0.957483
2025_04_25_IC_small_1,201,315,296,0,-1,0.589591,1114.833333,827.000000,1402.666667,575.666667,0.817121,129.717277,116.662215,142.772340,26.110125,0.853768,1.179671,1.086614,1.272727,0.186113,0.883037,0.814151,0.763581,0.864721,0.101141,1.000000,1.000000,1.000000,1.000000,0.000000,1.000000,6.000000,6.000000,6.000000,0.000000,35.455140,1.070994,1.089474,0.590562,0.182987,0.628567,20.808652,28.308547,0.855117,17.576642,0.530938,8.826510,0.266622,72.372696,115.351541,127.089782,103.613300,23.476482,0.815276
2025_04_25_IC_small_1,202,49,52,0,-1,0.963397,922.305556,905.111111,939.500000,34.388889,0.991496,116.776870,116.278222,117.275517,0.997295,0.909091,1.166667,1.111111,1.222222,0.111111,0.947081,0.850088,0.826984,0.873192,0.046208,1.000000,1.000000,1.000000,1.000000,0.000000,0.857143,6.500000,6.000000,7.000000,1.000000,34.527675,1.136969,1.682171,0.582096,0.187844,0.559797,17.000000,25.454132,0.838185,16.737105,0.551140,1.561863,0.051431,64.722248,104.669719,128.550465,80.788973,47.761492,0.628461
2025_04_25_IC_small_1,203,49,53,0,-1,0.855246,981.708333,905.111111,1058.305556,153.194444,0.941982,120.887102,117.275517,124.498687,7.223169,0.905560,1.164509,1.106796,1.222222,0.115426,0.963842,0.842496,0.826984,0.858008,0.031024,1.000000,1.000000,1.000000,1.000000,0.000000,0.857143,6.500000,6.000000,7.000000,1.000000,36.328486,1.160345,1.469388,0.608158,0.117907,0.644461,20.176995,27.590415,0.881248,17.681970,0.564769,1.336422,0.042686,75.595055,125.109436,130.148884,120.069987,10.078897,0.922559
2025_04_25_IC_small_1,204,49,62,0,-1,0.575804,713.138889,521.166667,905.111111,383.944444,0.775332,104.101478,90.927439,117.275517,26.348079,0.892562,1.156566,1.090909,1.222222,0.131313,0.957854,0.809557,0.792130,0.826984,0.034854,1.000000,1.000000,1.000000,1.000000,0.000000,0.714286,6.000000,5.000000,7.000000,2.000000,36.044195,1.362365,1.119497,0.493613,0.312040,0.333577,8.825468,28.775149,1.087617,17.413528,0.658181,6.188073,0.233891,63.552473,122.615178,131.449842,113.780514,17.669328,0.865581
2025_04_25_IC_small_1,205,49,56,0,-1,0.934937,875.666667,846.222222,905.111111,58.888889,0.985427,116.420986,115.566455,117.275517,1.709062,0.674020,1.517778,1.222222,1.813333,0.591111,0.962795,0.811600,0.796216,0.826984,0.030768,1.000000,1.000000,1.000000,1.000000,0.000000,1.000000,7.000000,7.000000,7.000000,0.000000,30.505518,1.031028,1.669421,0.640065,0.136182,0.801235,23.706539,23.817719,0.804993,14.662667,0.495570,1.703006,0.057558,65.198819,119.121776,133.492564,104.750988,28.741576,0.784695
2025_04_25_IC_small_1,206,307,325,0,-1,0.836808,851.666667,776.000000,927.333333,151.333333,0.952548,113.360045,110.605095,116.114995,5.509900,0.826707,1.354283,1.225806,1.482759,0.256952,0.922258,0.830712,0.797116,0.864309,0.067194,1.000000,1.000000,1.000000,1.000000,0.000000,0.857143,6.500000,6.000000,7.000000,1.000000,32.008943,1.097909,1.367347,0.581903,0.177299,0.599025,17.464249,25.914681,0.888875,15.992866,0.548556,4.182408,0.143457,74.355978,118.406141,132.776039,104.036243,28.739795,0.783547
2025_04_25_IC_small_1,207,307,330,0,-1,0.619559,628.388889,480.777778,776.000000,295.222222,0.788095,98.886197,87.167299,110.605095,23.437796,0.986281,1.234332,1.225806,1.242857,0.017051,0.997530,0.796131,0.795146,0.797116,0.001969,1.000000,1.000000,1.000000,1.000000,0.000000,0.833333,5.500000,5.000000,6.000000,1.000000,28.923315,1.161966,1.379032,0.527481,0.300504,0.496925,12.369317,24.551826,0.986345,14.336899,0.575971,3.782230,0.151947,68.468814,118.352326,123.075273,113.629378,9.445896,0.923251
2025_04_25_IC_small_1,208,307,314,0,-1,0.969798,788.083333,776.000000,800.166667,24.166667,0.975893,111.971193,110.605095,113.337291,2.732196,0.837071,1.125947,1.026087,1.225806,0.199719,0.982027,0.789952,0.782789,0.797116,0.014327,1.000000,1.000000,1.000000,1.000000,0.000000,1.000000,6.000000,6.000000,6.000000,0.000000,32.186011,1.146552,1.474820,0.570269,0.169716,0.669290,18.788294,26.242425,0.934826,16.067276,0.572360,0.627351,0.022348,86.716549,116.018364,124.349368,107.687359,16.662009,0.866006
2025_04_25_IC_small_1,209,307,295,0,-1,0.610623,1023.416667,776.000000,1270.833333,494.833333,0.812900,123.333759,110.605095,136.062423,25.457327,0.927867,1.273454,1.225806,1.321101,0.095294,0.924058,0.829870,0.797116,0.862625,0.065509,1.000000,1.000000,1.000000,1.000000,0.000000,0.750000,7.000000,6.000000,8.000000,2.000000,25.862684,0.814502,1.126667,0.875719,0.029314,1.185505,37.643060,19.629313,0.618192,12.871961,0.405381,4.964333,0.156343,71.363242,161.275500,168.690068,153.860932,14.829136,0.912092
2025_04_25_IC_small_1,210,307,317,0,-1,0.669845,647.900000,519.800000,776.000000,256.200000,0.816753,100.471059,90.337022,110.605095,20.268073,0.980645,1.237903,1.225806,1.250000,0.024194,0.995879,0.798765,0.797116,0.800414,0.003298,1.000000,1.000000,1.000000,1.000000,0.000000,0.833333,5.500000,5.000000,6.000000,1.000000,28.099275,1.109418,1.500000,0.546230,0.226115,0.558361,14.142136,22.817063,0.900865,13.988354,0.552289,4.638910,0.183154,86.107965,104.688488,105.464481,103.912495,1.551986,0.985284
2025_04_25_IC_small_1,211,307,300,0,-1,0.617912,627.750000,479.500000,776.000000,296.500000,0.799170,99.498661,88.392227,110.605095,22.212869,0.957666,1.199860,1.173913,1.225806,0.051893,0.967496,0.784161,0.771206,0.797116,0.025910,1.000000,1.000000,1.000000,1.000000,0.000000,0.833333,5.500000,5.000000,6.000000,1.000000,31.399854,1.262197,1.465116,0.494604,0.295500,0.409936,10.198039,25.103377,1.009094,15.001610,0.603028,6.368737,0.256008,70.505300,101.259182,106.990823,95.527540,11.463283,0.892857
2025_04_25_IC_small_1,212,322,311,0,-1,0.863152,597.916667,554.000000,641.833333,87.833333,0.951740,95.619024,93.254692,97.983356,4.728664,0.941176,1.125000,1.090909,1.159091,0.068182,0.952907,0.820312,0.800531,0.840093,0.039562,1.000000,1.000000,1.000000,1.000000,0.000000,0.833333,5.500000,5.000000,6.000000,1.000000,21.370230,0.874545,1.177966,0.816873,0.052822,1.137792,27.802878,18.655712,0.763458,10.547979,0.431661,0.666128,0.027260,69.116064,164.977572,168.690068,161.265076,7.424992,0.955984
2025_04_25_IC_small_1,213,322,339,0,-1,0.765042,488.916667,423.833333,554.000000,130.166667,0.840250,85.805951,78.357209,93.254692,14.897483,0.929398,1.052399,1.013889,1.090909,0.077020,0.922850,0.833993,0.800531,0.867455,0.066924,1.000000,1.000000,1.000000,1.000000,0.000000,0.833333,5.500000,5.000000,6.000000,1.000000,23.089633,1.046569,1.656250,0.607074,0.194137,0.664959,14.670454,18.804144,0.852324,11.516681,0.522009,1.755674,0.079578,88.443886,117.477795,121.534792,113.420797,8.113994,0.933237
2025_04_25_IC_small_1,214,322,336,0,-1,0.852964,601.750000,554.000000,649.500000,95.500000,0.963829,95.004544,93.254692,96.754396,3.499704,0.936170,1.056093,1.021277,1.090909,0.069632,0.918186,0.836196,0.800531,0.871862,0.071331,1.000000,1.000000,1.000000,1.000000,0.000000,0.833333,5.500000,5.000000,6.000000,1.000000,28.292334,1.154259,1.018519,0.539365,0.212851,0.460168,11.279283,21.601128,0.881274,13.892637,0.566786,1.894482,0.077290,71.922321,107.769708,113.498566,102.040850,11.457716,0.899050
2025_04_25_IC_small_1,215,322,332,0,-1,0.711930,666.083333,554.000000,778.166667,224.166667,0.878996,99.673467,93.254692,106.092241,12.837549,0.972222,1.075758,1.060606,1.090909,0.030303,0.921431,0.834661,0.800531,0.868791,0.068260,1.000000,1.000000,1.000000,1.000000,0.000000,0.714286,6.000000,5.000000,7.000000,2.000000,27.803809,1.081169,1.382813,0.575847,0.184036,0.560817,14.422205,20.878695,0.811882,13.509972,0.525344,2.029964,0.078936,61.453556,105.389474,113.473188,97.305760,16.167428,0.857522
2025_04_25_IC_small_1,216,311,332,0,-1,0.824802,710.000000,641.833333,778.166667,136.333333,0.923568,102.037799,97.983356,106.092241,8.108885,0.915033,1.109848,1.060606,1.159091,0.098485,0.966968,0.854442,0.840093,0.868791,0.028698,1.000000,1.000000,1.000000,1.000000,0.000000,0.857143,6.500000,6.000000,7.000000,1.000000,32.481864,1.220433,1.217687,0.530900,0.259272,0.389663,10.370899,24.244174,0.910920,15.643284,0.587761,0.507664,0.019074,74.143015,105.090486,116.176799,94.004173,22.172626,0.809148
2025_04_25_IC_small_1,217,311,305,0,-1,0.715932,769.166667,641.833333,896.500000,254.666667,0.832842,107.816357,97.983356,117.649357,19.666001,0.998891,1.159734,1.159091,1.160377,0.001286,0.968843,0.827006,0.813919,0.840093,0.026175,1.000000,1.000000,1.000000,1.000000,0.000000,1.000000,6.000000,6.000000,6.000000,0.000000,29.323689,1.060991,1.717949,0.625932,0.125894,0.721729,19.947152,23.476099,0.849413,14.661822,0.530495,5.151736,0.186400,81.285144,117.248212,118.442929,116.053495,2.389433,0.979826
2025_04_25_IC_small_1,218,311,284,0,-1,0.873837,688.166667,641.833333,734.500000,92.666667,0.909794,102.840896,97.983356,107.698436,9.715080,0.850000,1.261364,1.159091,1.363636,0.204545,0.947230,0.817927,0.795761,0.840093,0.044332,1.000000,1.000000,1.000000,1.000000,0.000000,1.000000,6.000000,6.000000,6.000000,0.000000,33.111652,1.262934,1.544776,0.546950,0.110196,0.531252,13.928388,24.284478,0.926251,16.363001,0.624112,2.341507,0.089309,80.191231,118.822545,120.256437,117.388653,2.867784,0.976153
2025_04_25_IC_small_1,219,59,53,0,-1,0.361348,720.361111,382.416667,1058.305556,675.888889,0.640333,102.109676,79.720665,124.498687,44.778021,0.822816,1.225964,1.106796,1.345133,0.238337,0.881279,0.807076,0.756145,0.858008,0.101864,1.000000,1.000000,1.000000,1.000000,0.000000,0.666667,5.000000,4.000000,6.000000,2.000000,27.879297,1.070488,1.561404,0.632299,0.134655,0.672073,17.503174,24.975442,0.958988,13.696009,0.525889,8.798375,0.337833,78.719872,134.533691,171.448836,97.618546,73.830289,0.569374
2025_04_25_IC_small_1,220,59,64,0,-1,0.830438,421.458333,382.416667,460.500000,78.083333,0.819541,88.497702,79.720665,97.274739,17.554074,0.828872,1.230038,1.114943,1.345133,0.230190,0.808788,0.683852,0.611560,0.756145,0.144584,1.000000,1.000000,1.000000,1.000000,0.000000,0.800000,4.500000,4.000000,5.000000,1.000000,19.650154,0.958200,1.371134,0.668814,0.000000,1.247062,25.573967,19.703199,0.960786,9.542146,0.465303,2.443464,0.119151,70.977843,157.532463,177.789681,137.275244,40.514437,0.772122
2025_04_25_IC_small_1,221,326,308,0,-1,0.738784,1023.805556,870.000000,1177.611111,307.611111,0.831682,130.083780,118.130039,142.037521,23.907482,0.952941,1.482789,1.447059,1.518519,0.071460,0.936262,0.758477,0.733509,0.783445,0.049936,1.000000,1.000000,1.000000,1.000000,0.000000,0.857143,6.500000,6.000000,7.000000,1.000000,32.848015,1.029523,1.065574,0.615674,0.121280,0.873400,27.866746,23.865825,0.748003,14.194185,0.444874,3.850041,0.120668,41.255373,117.048325,117.497555,116.599095,0.898460,0.992353
2025_04_25_IC_small_1,222,326,354,0,-1,0.967126,855.700000,841.400000,870.000000,28.600000,0.942614,121.725894,118.130039,125.321748,7.191709,0.693382,1.767008,1.447059,2.086957,0.639898,0.859312,0.728334,0.673224,0.783445,0.110221,1.000000,1.000000,1.000000,1.000000,0.000000,0.714286,6.000000,5.000000,7.000000,2.000000,42.365481,1.448327,2.819149,0.487240,0.121226,0.570230,16.679995,32.644698,1.116007,20.859534,0.713114,1.525882,0.052165,79.134018,129.430753,142.766082,116.095424,26.670658,0.813186
2025_04_25_IC_small_1,223,326,343,0,-1,0.657072,1097.027778,870.000000,1324.055556,454.055556,0.830371,130.195938,118.130039,142.261838,24.131798,0.958676,1.478246,1.447059,1.509434,0.062375,0.952948,0.802786,0.783445,0.822128,0.038683,1.000000,1.000000,1.000000,1.000000,0.000000,0.857143,6.500000,6.000000,7.000000,1.000000,38.290509,1.162373,1.490909,0.515244,0.257428,0.441189,14.533486,27.852302,0.845504,17.898283,0.543333,6.532536,0.198306,54.219534,97.607103,106.877972,88.336233,18.541739,0.826515
2025_04_25_IC_small_1,224,326,353,0,-1,0.955172,850.500000,831.000000,870.000000,39.000000,0.951434,121.145037,118.130039,124.160035,6.029995,0.708135,1.745269,1.447059,2.043478,0.596419,0.864647,0.730424,0.677403,0.783445,0.106042,1.000000,1.000000,1.000000,1.000000,0.000000,0.857143,6.500000,6.000000,7.000000,1.000000,46.739107,1.602772,1.779310,0.386800,0.428082,0.123641,3.605551,34.970446,1.199203,23.363612,0.801182,0.010912,0.000374,81.137073,103.612439,107.339624,99.885253,7.454371,0.930553
2025_04_25_IC_small_1,225,326,292,0,-1,0.765957,1002.916667,870.000000,1135.833333,265.833333,0.892180,125.268083,118.130039,132.406126,14.276086,0.964706,1.473529,1.447059,1.500000,0.052941,0.962277,0.798801,0.783445,0.814157,0.030712,1.000000,1.000000,1.000000,1.000000,0.000000,0.857143,6.500000,6.000000,7.000000,1.000000,46.413118,1.468819,2.338983,0.482992,0.274034,0.349548,11.045361,34.902555,1.104548,23.171963,0.733314,4.889840,0.154747,88.103817,114.018148,140.438024,87.598273,52.839750,0.623750
2025_04_25_IC_small_1,226,308,319,0,-1,0.865042,1269.472222,1177.611111,1361.333333,183.722222,0.953176,145.526297,142.037521,149.015073,6.977552,0.981065,1.533172,1.518519,1.547826,0.029308,0.952120,0.751953,0.733509,0.770396,0.036887,1.000000,1.000000,1.000000,1.000000,0.000000,0.857143,6.500000,6.000000,7.000000,1.000000,25.478358,0.715558,1.327044,0.849011,0.043413,1.364907,48.599268,20.766452,0.583224,12.450610,0.349674,1.945650,0.054643,18.626775,146.730608,148.998893,144.462322,4.536571,0.969553
2025_04_25_IC_small_1,227,308,343,0,-1,0.889397,1250.833333,1177.611111,1324.055556,146.444444,0.998423,142.149679,142.037521,142.261838,0.224316,0.994017,1.513976,1.509434,1.518519,0.009085,0.892208,0.777818,0.733509,0.822128,0.088618,1.000000,1.000000,1.000000,1.000000,0.000000,1.000000,6.000000,6.000000,6.000000,0.000000,52.449708,1.483644,2.564516,0.460489,0.246369,0.325539,11.508451,39.141269,1.107188,26.168172,0.740218,1.056748,0.029892,89.717842,120.747108,136.522933,104.971283,31.551650,0.768891
2025_04_25_IC_small_1,228,308,292,0,-1,0.964523,1156.722222,1135.833333,1177.611111,41.777778,0.932191,137.221823,132.406126,142.037521,9.631395,0.987805,1.509259,1.500000,1.518519,0.018519,0.900943,0.773833,0.733509,0.814157,0.080648,1.000000,1.000000,1.000000,1.000000,0.000000,1.000000,6.000000,6.000000,6.000000,0.000000,32.590845,0.958294,1.449704,0.593245,0.133855,0.780294,26.537186,25.428171,0.747684,15.255301,0.448564,1.029288,0.030265,37.370939,101.030496,102.064421,99.996571,2.067850,0.979740
2025_04_25_IC_small_1,229,308,294,0,-1,0.443412,849.888889,522.166667,1177.611111,655.444444,0.614888,114.687337,87.337153,142.037521,54.700368,0.707317,1.296296,1.074074,1.518519,0.444444,0.852677,0.796876,0.733509,0.860243,0.126733,1.000000,1.000000,1.000000,1.000000,0.000000,1.000000,6.000000,6.000000,6.000000,0.000000,37.917190,1.326534,2.250000,0.525945,0.198359,0.487146,13.924399,28.052910,0.981432,18.187608,0.636294,11.841588,0.414278,63.773863,124.659315,126.270505,123.048125,3.222380,0.974480
2025_04_25_IC_small_1,230,52,61,0,-1,0.418662,666.416667,393.333333,939.500000,546.166667,0.713600,99.627174,82.976126,116.278222,33.302096,0.900000,1.055556,1.000000,1.111111,0.111111,0.822156,0.795546,0.717901,0.873192,0.155292,1.000000,1.000000,1.000000,1.000000,0.000000,0.666667,5.000000,4.000000,6.000000,2.000000,22.511006,0.891809,1.225000,0.810051,0.030011,1.098602,27.730849,20.203040,0.800376,11.125791,0.440766,7.407142,0.293446,70.478845,170.432658,177.009655,163.855661,13.153994,0.925688
2025_04_25_IC_small_1,231,52,57,0,-1,0.652297,776.166667,612.833333,939.500000,326.666667,0.888041,109.769033,103.259844,116.278222,13.018378,0.967078,1.130024,1.111111,1.148936,0.037825,0.827141,0.797723,0.722253,0.873192,0.150939,1.000000,1.000000,1.000000,1.000000,0.000000,0.857143,6.500000,6.000000,7.000000,1.000000,26.530068,0.957648,1.019231,0.627814,0.173502,0.780891,21.633308,21.673064,0.782326,13.144658,0.474479,7.448365,0.268861,88.281936,100.518354,116.095424,84.941283,31.154141,0.731651
2025_04_25_IC_small_1,232,52,56,0,-1,0.900716,892.861111,846.222222,939.500000,93.277778,0.993879,115.922339,115.566455,116.278222,0.711767,0.612745,1.462222,1.111111,1.813333,0.702222,0.911845,0.834704,0.796216,0.873192,0.076977,1.000000,1.000000,1.000000,1.000000,0.000000,0.857143,6.500000,6.000000,7.000000,1.000000,34.884959,1.167870,1.011050,0.495211,0.284665,0.317598,9.486833,29.937352,1.002235,17.935305,0.600434,2.582878,0.086469,61.127705,103.893423,145.718462,62.068384,83.650078,0.425947
2025_04_25_IC_small_1,233,53,62,0,-1,0.492454,789.736111,521.166667,1058.305556,537.138889,0.730349,107.713063,90.927439,124.498687,33.571248,0.985646,1.098853,1.090909,1.106796,0.015887,0.923220,0.825069,0.792130,0.858008,0.065878,1.000000,1.000000,1.000000,1.000000,0.000000,0.833333,5.500000,5.000000,6.000000,1.000000,25.578488,0.924067,1.082090,0.697907,0.110462,0.845105,23.392781,21.505321,0.776917,12.695925,0.458662,7.474473,0.270028,80.349563,113.810879,119.141589,108.480170,10.661418,0.910515
2025_04_25_IC_small_1,234,53,65,0,-1,0.657498,877.069444,695.833333,1058.305556,362.472222,0.832381,114.064510,103.630334,124.498687,20.868353,0.911479,1.160541,1.106796,1.214286,0.107490,0.948964,0.836114,0.814219,0.858008,0.043789,1.000000,1.000000,1.000000,1.000000,0.000000,1.000000,6.000000,6.000000,6.000000,0.000000,32.985672,1.119862,1.600000,0.615731,0.167841,0.660668,19.460073,24.512216,0.832188,16.469463,0.559137,6.126161,0.207983,77.767159,131.797687,137.275244,126.320130,10.955115,0.920196
2025_04_25_IC_small_1,235,339,336,0,-1,0.652553,536.666667,423.833333,649.500000,225.666667,0.809857,87.555802,78.357209,96.754396,18.397187,0.992766,1.017583,1.013889,1.021277,0.007388,0.994946,0.869658,0.867455,0.871862,0.004407,1.000000,1.000000,1.000000,1.000000,0.000000,1.000000,6.000000,6.000000,6.000000,0.000000,22.349236,0.970177,1.625000,0.731861,0.107609,0.854217,19.677963,18.134132,0.787200,11.158873,0.484405,3.607752,0.156612,79.490921,139.019276,144.538353,133.500200,11.038153,0.923632
2025_04_25_IC_small_1,236,339,332,0,-1,0.544656,601.000000,423.833333,778.166667,354.333333,0.738576,92.224725,78.357209,106.092241,27.735032,0.955952,1.037247,1.013889,1.060606,0.046717,0.998463,0.868123,0.867455,0.868791,0.001336,1.000000,1.000000,1.000000,1.000000,0.000000,0.857143,6.500000,6.000000,7.000000,1.000000,27.501781,1.134495,1.230769,0.622161,0.185986,0.590634,14.317821,20.911888,0.862651,13.708102,0.565482,6.866741,0.283265,71.382163,125.175984,125.359948,124.992020,0.367928,0.997065
2025_04_25_IC_small_1,237,339,357,0,-1,0.683174,522.111111,423.833333,620.388889,196.555556,0.807961,87.669292,78.357209,96.981376,18.624167,0.996907,1.012321,1.010753,1.013889,0.003136,0.955543,0.848173,0.828891,0.867455,0.038565,1.000000,1.000000,1.000000,1.000000,0.000000,1.000000,6.000000,6.000000,6.000000,0.000000,28.709898,1.262117,1.136364,0.523891,0.252288,0.375317,8.537499,21.760507,0.956615,14.276801,0.627623,6.100970,0.268205,84.434111,97.037342,106.702209,87.372475,19.329734,0.818844
2025_04_25_IC_small_1,238,339,360,0,-1,0.554353,594.194444,423.833333,764.555556,340.722222,0.752615,91.235270,78.357209,104.113331,25.756122,0.935897,1.048611,1.013889,1.083333,0.069444,0.978680,0.876904,0.867455,0.886352,0.018897,1.000000,1.000000,1.000000,1.000000,0.000000,0.750000,7.000000,6.000000,8.000000,2.000000,28.784307,1.193433,1.263566,0.626181,0.145295,0.581280,14.019827,22.266263,0.923187,14.144303,0.586441,6.789271,0.281492,77.038663,129.598148,129.961761,129.234536,0.727225,0.994404
2025_04_25_IC_small_1,239,339,351,0,-1,0.895792,401.750000,379.666667,423.833333,44.166667,0.975814,79.328255,78.357209,80.299300,1.942091,0.789890,1.148735,1.013889,1.283582,0.269693,0.852986,0.803691,0.739927,0.867455,0.127528,1.000000,1.000000,1.000000,1.000000,0.000000,1.000000,6.000000,6.000000,6.000000,0.000000,27.051589,1.350141,1.377358,0.484313,0.308650,0.356039,7.133645,21.211241,1.058650,13.072434,0.652443,1.318830,0.065823,74.836166,111.691455,116.820549,106.562360,10.258189,0.912188
2025_04_25_IC_small_1,240,316,345,0,-1,0.827926,1381.861111,1251.777778,1511.944444,260.166667,0.994062,149.818094,149.371954,150.264235,0.892281,0.831169,1.456612,1.322314,1.590909,0.268595,0.818122,0.774106,0.696668,0.851545,0.154877,0.998936,0.999468,0.998936,1.000000,0.001064,0.857143,6.500000,6.000000,7.000000,1.000000,49.830308,1.341974,1.769663,0.465669,0.287877,0.357391,13.270686,38.736394,1.043205,24.913902,0.670953,0.256864,0.006918,85.076108,106.291404,107.678890,104.903918,2.774972,0.974229
2025_04_25_IC_small_1,241,316,350,0,-1,0.830130,1383.527778,1255.111111,1511.944444,256.833333,0.982222,150.723742,149.371954,152.075529,2.703575,0.825491,1.462083,1.322314,1.601852,0.279538,0.800877,0.766764,0.681983,0.851545,0.169562,1.000000,1.000000,1.000000,1.000000,0.000000,0.857143,6.500000,6.000000,7.000000,1.000000,54.353151,1.462851,2.682927,0.460778,0.271327,0.359859,13.370781,40.419825,1.087852,27.127708,0.730110,0.243749,0.006560,89.567854,113.828929,131.573207,96.084650,35.488556,0.730275
2025_04_25_IC_small_1,242,316,337,0,-1,0.743303,1317.888889,1123.833333,1511.944444,388.111111,0.864247,139.233134,129.094314,149.371954,20.277640,0.907500,1.261157,1.200000,1.322314,0.122314,0.995153,0.849481,0.847418,0.851545,0.004127,1.000000,1.000000,1.000000,1.000000,0.000000,1.000000,7.000000,7.000000,7.000000,0.000000,43.412426,1.199116,1.168269,0.540572,0.192437,0.427217,15.466810,31.446858,0.868610,21.350254,0.589726,6.059706,0.167378,72.872632,93.519098,105.599086,81.439110,24.159975,0.771210
2025_04_25_IC_small_1,243,316,280,0,-1,0.654125,1250.472222,989.000000,1511.944444,522.944444,0.876680,140.161672,130.951390,149.371954,18.420564,0.686586,1.624120,1.322314,1.925926,0.603612,0.851096,0.788146,0.724746,0.851545,0.126799,1.000000,1.000000,1.000000,1.000000,0.000000,0.857143,6.500000,6.000000,7.000000,1.000000,51.014121,1.450664,2.586777,0.486188,0.219784,0.370767,13.038405,37.885522,1.077332,25.490601,0.724864,7.396608,0.210334,84.755677,109.370269,120.179648,98.560890,21.618758,0.820113
2025_04_25_IC_small_1,244,321,331,0,-1,0.976490,889.750000,879.166667,900.333333,21.166667,0.998916,114.436546,114.374478,114.498614,0.124136,0.885894,1.142014,1.072917,1.211111,0.138194,0.978611,0.853774,0.844545,0.863004,0.018459,1.000000,1.000000,1.000000,1.000000,0.000000,0.714286,6.000000,5.000000,7.000000,2.000000,31.387525,1.052279,1.500000,0.623047,0.157067,0.660846,19.711813,24.543279,0.822823,15.333510,0.514062,1.018691,0.034152,76.819042,108.197034,118.064156,98.329912,19.734244,0.832852
2025_04_25_IC_small_1,245,321,334,0,-1,0.730790,1066.166667,900.333333,1232.000000,331.666667,0.820685,127.007226,114.498614,139.515838,25.017225,0.732838,1.431871,1.211111,1.652632,0.441520,0.921639,0.829191,0.795378,0.863004,0.067626,1.000000,1.000000,1.000000,1.000000,0.000000,0.857143,6.500000,6.000000,7.000000,1.000000,36.800264,1.130482,1.584507,0.577747,0.213017,0.593732,19.327585,27.808655,0.854266,17.341289,0.532714,4.870474,0.149618,65.815246,116.612484,119.678727,113.546241,6.132486,0.948759
2025_04_25_IC_small_1,246,321,338,0,-1,0.584189,1220.750000,900.333333,1541.166667,640.833333,0.748501,133.734607,114.498614,152.970601,38.471987,0.739341,1.424603,1.211111,1.638095,0.426984,0.959027,0.845324,0.827644,0.863004,0.035360,1.000000,1.000000,1.000000,1.000000,0.000000,1.000000,7.000000,7.000000,7.000000,0.000000,46.516003,1.343165,1.833333,0.547870,0.183084,0.445051,15.412837,34.827936,1.005669,23.172042,0.669101,10.810756,0.312164,82.258930,129.755539,133.025066,126.486012,6.539054,0.950843
2025_04_25_IC_small_1,247,321,312,0,-1,0.612921,726.083333,551.833333,900.333333,348.500000,0.791921,102.586209,90.673803,114.498614,23.824810,0.898969,1.279167,1.211111,1.347222,0.136111,0.977330,0.853222,0.843440,0.863004,0.019564,1.000000,1.000000,1.000000,1.000000,0.000000,0.857143,6.500000,6.000000,7.000000,1.000000,33.405506,1.248881,1.222973,0.546032,0.251234,0.417983,11.180340,25.398653,0.949541,15.685456,0.586409,4.280361,0.160023,63.860464,113.036759,123.340707,102.732810,20.607897,0.832919
2025_04_25_IC_small_1,248,321,302,0,-1,0.858016,836.416667,772.500000,900.333333,127.833333,0.954471,111.892101,109.285589,114.498614,5.213025,0.763932,1.398238,1.211111,1.585366,0.374255,0.941824,0.837901,0.812798,0.863004,0.050206,1.000000,1.000000,1.000000,1.000000,0.000000,0.857143,6.500000,6.000000,7.000000,1.000000,27.504686,0.951728,1.469231,0.712354,0.120886,0.899663,26.000000,20.975763,0.725812,13.752305,0.475863,3.340939,0.115605,86.337943,133.380096,136.354446,130.405747,5.948700,0.956373
2025_04_25_IC_small_1,249,58,57,0,-1,0.849977,666.916667,612.833333,721.000000,108.166667,0.998671,103.191245,103.122645,103.259844,0.137198,0.909053,1.096690,1.044444,1.148936,0.104492,0.847720,0.787124,0.722253,0.851995,0.129742,1.000000,1.000000,1.000000,1.000000,0.000000,0.857143,6.500000,6.000000,7.000000,1.000000,28.623116,1.109274,1.731481,0.522885,0.230039,0.529802,13.670731,22.744089,0.881436,14.273829,0.553175,2.172694,0.084202,71.344397,92.803205,96.021590,89.584820,6.436770,0.932965
2025_04_25_IC_small_1,250,58,60,0,-1,0.598340,963.000000,721.000000,1205.000000,484.000000,0.789334,116.883889,103.122645,130.645133,27.522487,0.960215,1.066082,1.044444,1.087719,0.043275,0.960343,0.869586,0.851995,0.887177,0.035182,1.000000,1.000000,1.000000,1.000000,0.000000,1.000000,6.000000,6.000000,6.000000,0.000000,32.025384,1.040384,1.515152,0.669824,0.136552,0.709510,21.840330,25.580218,0.831005,16.011932,0.520167,6.828763,0.221841,79.411493,118.789926,124.706187,112.873665,11.832522,0.905117
2025_04_25_IC_small_1,251,58,66,0,-1,0.856912,669.416667,617.833333,721.000000,103.166667,0.982520,102.221366,101.320087,103.122645,1.802559,0.839286,1.144444,1.044444,1.244444,0.200000,0.887673,0.804144,0.756293,0.851995,0.095702,1.000000,1.000000,1.000000,1.000000,0.000000,0.833333,5.500000,5.000000,6.000000,1.000000,34.723457,1.343067,1.035714,0.502693,0.327275,0.415786,10.749677,28.151027,1.088852,16.959758,0.655986,0.228146,0.008824,76.356266,122.082264,122.607287,121.557242,1.050045,0.991436
2025_04_25_IC_small_1,252,58,68,0,-1,0.567493,995.750000,721.000000,1270.500000,549.500000,0.760703,119.342489,103.122645,135.562332,32.439687,0.840097,1.143844,1.044444,1.243243,0.198799,0.980687,0.860384,0.851995,0.868773,0.016778,1.000000,1.000000,1.000000,1.000000,0.000000,0.857143,6.500000,6.000000,7.000000,1.000000,33.219442,1.063098,1.434783,0.634276,0.180768,0.640845,20.024984,26.290056,0.841342,16.516210,0.528557,7.230690,0.231399,74.952084,123.498125,126.486012,120.510237,5.975775,0.952755
2025_04_25_IC_small_1,253,55,60,0,-1,0.962716,1228.333333,1205.000000,1251.666667,46.666667,0.990744,131.255398,130.645133,131.865663,1.220530,0.971254,1.072085,1.056452,1.087719,0.031268,0.980788,0.895866,0.887177,0.904555,0.017378,1.000000,1.000000,1.000000,1.000000,0.000000,0.857143,6.500000,6.000000,7.000000,1.000000,39.085147,1.115253,1.493827,0.625079,0.160041,0.574628,20.138410,30.325605,0.865308,19.287380,0.550345,0.087936,0.002509,79.879715,111.952503,116.311251,107.593755,8.717496,0.925050
2025_04_25_IC_small_1,254,55,63,0,-1,0.477585,924.722222,597.777778,1251.666667,653.888889,0.756941,115.840074,99.814485,131.865663,32.051178,0.801771,1.187049,1.056452,1.317647,0.261195,0.833542,0.829270,0.753985,0.904555,0.150571,1.000000,1.000000,1.000000,1.000000,0.000000,0.714286,6.000000,5.000000,7.000000,2.000000,28.973828,0.968564,1.096154,0.779164,0.062571,0.985697,29.486343,25.848295,0.864081,14.418446,0.481993,7.854056,0.262553,79.576087,162.984920,179.233893,146.735947,32.497946,0.818684
2025_04_25_IC_small_1,255,55,67,0,-1,0.925219,1302.250000,1251.666667,1352.833333,101.166667,0.934579,136.480961,131.865663,141.096259,9.230596,0.938296,1.091189,1.056452,1.125926,0.069474,0.944035,0.879244,0.853932,0.904555,0.050624,0.998155,0.999078,0.998155,1.000000,0.001845,1.000000,7.000000,7.000000,7.000000,0.000000,40.111566,1.111743,1.670968,0.604587,0.178388,0.558391,20.146684,31.927753,0.884918,19.897360,0.551481,0.849076,0.023533,85.791713,115.267483,133.644260,96.890706,36.753554,0.724990
2025_04_25_IC_small_1,256,55,44,0,-1,0.753992,1097.706691,943.746714,1251.666667,307.919952,0.919785,126.576865,121.288066,131.865663,10.577597,0.785165,1.200984,1.056452,1.345516,0.289064,0.891239,0.855365,0.806175,0.904555,0.098381,1.000000,1.000000,1.000000,1.000000,0.000000,0.857143,6.500000,6.000000,7.000000,1.000000,36.864345,1.115422,1.389168,0.617248,0.114919,0.631473,20.869968,26.649474,0.806346,18.402616,0.556817,2.555652,0.077328,84.835811,116.793446,127.483968,106.102925,21.381043,0.832284
2025_04_25_IC_small_1,257,55,54,0,-1,0.852975,1359.540101,1251.666667,1467.413535,215.746868,0.850457,143.459183,131.865663,155.052704,23.187041,0.863023,1.140291,1.056452,1.224129,0.167678,0.847947,0.835785,0.767015,0.904555,0.137541,1.000000,1.000000,1.000000,1.000000,0.000000,0.857143,6.500000,6.000000,7.000000,1.000000,43.053643,1.168575,1.565373,0.485105,0.186930,0.292051,10.760008,33.728543,0.915470,21.482704,0.583090,1.693749,0.045972,55.823230,79.713239,99.761775,59.664703,40.097072,0.598072
2025_04_25_IC_small_1,258,336,318,0,-1,0.563476,901.083333,649.500000,1152.666667,503.166667,0.742656,113.517998,96.754396,130.281600,33.527204,0.697285,1.242962,1.021277,1.464646,0.443370,0.978813,0.862626,0.853390,0.871862,0.018472,1.000000,1.000000,1.000000,1.000000,0.000000,0.857143,6.500000,6.000000,7.000000,1.000000,31.932188,1.074502,1.222930,0.626291,0.188754,0.620466,18.439089,24.344216,0.819171,15.888269,0.534632,7.005586,0.235735,74.710526,108.161251,113.983415,102.339087,11.644328,0.897842
2025_04_25_IC_small_1,259,336,348,0,-1,0.813446,588.916667,528.333333,649.500000,121.166667,0.940722,93.886703,91.019010,96.754396,5.735385,0.720901,1.218972,1.021277,1.416667,0.395390,0.919192,0.836635,0.801408,0.871862,0.070454,1.000000,1.000000,1.000000,1.000000,0.000000,1.000000,6.000000,6.000000,6.000000,0.000000,22.394341,0.924034,1.220339,0.759415,0.092118,0.993720,24.083189,19.136980,0.789629,11.112429,0.458521,2.546583,0.105077,75.290865,145.188218,148.251419,142.125016,6.126403,0.958676
2025_04_25_IC_small_1,260,336,360,0,-1,0.849513,707.027778,649.500000,764.555556,115.055556,0.929318,100.433863,96.754396,104.113331,7.358936,0.942717,1.052305,1.021277,1.083333,0.062057,0.983652,0.879107,0.871862,0.886352,0.014490,1.000000,1.000000,1.000000,1.000000,0.000000,0.750000,7.000000,6.000000,8.000000,2.000000,29.459631,1.108841,1.471545,0.584779,0.231839,0.499657,13.274872,23.855089,0.897890,14.405864,0.542227,0.708475,0.026667,68.435404,106.001174,114.737083,97.265265,17.471818,0.847723
2025_04_25_IC_small_1,261,61,57,0,-1,0.641828,503.083333,393.333333,612.833333,219.500000,0.803566,93.117985,82.976126,103.259844,20.283718,0.870370,1.074468,1.000000,1.148936,0.148936,0.993974,0.720077,0.717901,0.722253,0.004352,1.000000,1.000000,1.000000,1.000000,0.000000,0.571429,5.500000,4.000000,7.000000,3.000000,26.751294,1.199930,1.388889,0.485216,0.356303,0.556435,12.405196,22.505993,1.009507,11.752236,0.527147,0.773175,0.034681,32.772592,115.212167,132.375272,98.049062,34.326210,0.740690
2025_04_25_IC_small_1,262,61,56,0,-1,0.464811,619.777778,393.333333,846.222222,452.888889,0.717995,99.271290,82.976126,115.566455,32.590329,0.551471,1.406667,1.000000,1.813333,0.813333,0.901641,0.757058,0.717901,0.796216,0.078315,1.000000,1.000000,1.000000,1.000000,0.000000,0.571429,5.500000,4.000000,7.000000,3.000000,20.809535,0.850714,1.080882,0.706330,0.150099,1.022841,25.019992,18.655661,0.762661,10.398326,0.425094,4.724826,0.193155,43.554695,132.252509,134.075955,130.429063,3.646891,0.972800
2025_04_25_IC_small_1,263,61,69,0,-1,0.462292,622.083333,393.333333,850.833333,457.500000,0.763597,95.820500,82.976126,108.664875,25.688749,0.922330,1.042105,1.000000,1.084211,0.084211,0.792845,0.811687,0.717901,0.905474,0.187573,1.000000,1.000000,1.000000,1.000000,0.000000,0.571429,5.500000,4.000000,7.000000,3.000000,24.817035,1.012905,1.582524,0.642443,0.138245,0.727326,17.820089,20.261964,0.826991,12.328905,0.503203,7.142174,0.291507,81.192536,122.102666,144.804147,99.401185,45.402962,0.686453
2025_04_25_IC_small_1,264,62,56,0,-1,0.615874,683.694444,521.166667,846.222222,325.055556,0.786798,103.246947,90.927439,115.566455,24.639016,0.601604,1.452121,1.090909,1.813333,0.722424,0.994869,0.794173,0.792130,0.796216,0.004085,1.000000,1.000000,1.000000,1.000000,0.000000,0.714286,6.000000,5.000000,7.000000,2.000000,23.051521,0.887981,1.080882,0.696685,0.126031,0.952365,24.722909,19.687456,0.758392,11.523460,0.443902,3.601028,0.138717,69.107951,137.492722,141.468498,133.516945,7.951552,0.943793
2025_04_25_IC_small_1,265,62,65,0,-1,0.748982,608.500000,521.166667,695.833333,174.666667,0.877421,97.278886,90.927439,103.630334,12.702895,0.898396,1.152597,1.090909,1.214286,0.123377,0.972871,0.803175,0.792130,0.814219,0.022089,1.000000,1.000000,1.000000,1.000000,0.000000,0.833333,5.500000,5.000000,6.000000,1.000000,28.038828,1.139611,1.095238,0.508802,0.316443,0.430562,10.593499,23.229345,0.944134,13.530687,0.549942,1.140102,0.046338,65.227545,106.177648,114.538282,97.817014,16.721268,0.854012
2025_04_25_IC_small_1,266,62,71,0,-1,0.986954,524.611111,521.166667,528.055556,6.888889,0.981833,91.768649,90.927439,92.609859,1.682420,0.909091,1.145455,1.090909,1.200000,0.109091,0.976739,0.782917,0.773704,0.792130,0.018426,1.000000,1.000000,1.000000,1.000000,0.000000,1.000000,5.000000,5.000000,5.000000,0.000000,21.318357,0.930759,1.590000,0.705037,0.106534,1.021329,23.392781,18.928833,0.826433,10.645159,0.464768,0.622783,0.027191,69.471881,149.903573,163.544247,136.262899,27.281348,0.833187
2025_04_25_IC_small_1,267,332,305,0,-1,0.868005,837.333333,778.166667,896.500000,118.333333,0.901766,111.870799,106.092241,117.649357,11.557116,0.914018,1.110492,1.060606,1.160377,0.099771,0.936841,0.841355,0.813919,0.868791,0.054872,1.000000,1.000000,1.000000,1.000000,0.000000,0.857143,6.500000,6.000000,7.000000,1.000000,35.620007,1.231732,1.220126,0.536751,0.230394,0.444933,12.866839,26.313358,0.909910,17.746273,0.613662,2.948958,0.101974,75.990419,101.980138,125.380272,78.580004,46.800268,0.626733
2025_04_25_IC_small_1,268,332,333,0,-1,0.910973,743.527778,708.888889,778.166667,69.277778,0.965723,104.273980,102.455719,106.092241,3.636523,0.955596,1.085248,1.060606,1.109890,0.049284,0.976788,0.858708,0.848625,0.868791,0.020166,1.000000,1.000000,1.000000,1.000000,0.000000,0.857143,6.500000,6.000000,7.000000,1.000000,25.786148,0.945923,1.508621,0.777202,0.044607,0.981047,26.743639,20.722079,0.760156,12.868441,0.472058,0.597634,0.021923,84.384481,153.768995,170.492581,137.045408,33.447172,0.803820
2025_04_25_IC_small_1,269,332,314,0,-1,0.972506,789.166667,778.166667,800.166667,22.000000,0.936075,109.714766,106.092241,113.337291,7.245050,0.967453,1.043347,1.026087,1.060606,0.034519,0.901010,0.825790,0.782789,0.868791,0.086002,1.000000,1.000000,1.000000,1.000000,0.000000,0.857143,6.500000,6.000000,7.000000,1.000000,37.135585,1.321954,1.185629,0.485861,0.313270,0.309428,8.692270,28.062445,0.998968,17.255741,0.614271,0.318126,0.011325,65.538169,103.550038,117.334116,89.765959,27.568157,0.765046
2025_04_25_IC_small_1,270,332,351,0,-1,0.487899,578.916667,379.666667,778.166667,398.500000,0.756882,93.195771,80.299300,106.092241,25.792941,0.826286,1.172094,1.060606,1.283582,0.222976,0.851674,0.804359,0.739927,0.868791,0.128864,1.000000,1.000000,1.000000,1.000000,0.000000,0.857143,6.500000,6.000000,7.000000,1.000000,23.815059,1.005265,1.561905,0.655063,0.125330,0.788447,18.678568,20.492992,0.865036,11.871026,0.501091,7.615906,0.321477,85.989273,115.044885,117.819503,112.270268,5.549235,0.952901
2025_04_25_IC_small_1,271,305,314,0,-1,0.892545,848.333333,800.166667,896.500000,96.333333,0.963348,115.493324,113.337291,117.649357,4.312066,0.884270,1.093232,1.026087,1.160377,0.134290,0.961753,0.798354,0.782789,0.813919,0.031130,1.000000,1.000000,1.000000,1.000000,0.000000,1.000000,6.000000,6.000000,6.000000,0.000000,23.748787,0.815705,1.117241,0.855093,0.012574,1.255072,36.540693,17.637542,0.605801,11.787664,0.404874,0.518106,0.017796,44.588411,166.965806,169.845733,164.085879,5.759854,0.966088
2025_04_25_IC_small_1,272,305,295,0,-1,0.705443,1083.666667,896.500000,1270.833333,374.333333,0.864672,126.855890,117.649357,136.062423,18.413065,0.878341,1.240739,1.160377,1.321101,0.160724,0.943537,0.838272,0.813919,0.862625,0.048706,1.000000,1.000000,1.000000,1.000000,0.000000,0.750000,7.000000,6.000000,8.000000,2.000000,44.552333,1.358502,1.397727,0.504047,0.238619,0.324137,10.630146,31.608818,0.963825,21.780762,0.664145,3.949647,0.120434,78.995043,94.812328,95.231380,94.393276,0.838104,0.991199
2025_04_25_IC_small_1,273,305,286,0,-1,0.813534,812.916667,729.333333,896.500000,167.166667,0.897339,111.610337,105.571317,117.649357,12.078041,0.930491,1.203718,1.160377,1.247059,0.086681,0.989776,0.818122,0.813919,0.822326,0.008407,1.000000,1.000000,1.000000,1.000000,0.000000,1.000000,6.000000,6.000000,6.000000,0.000000,29.655183,1.041487,1.528455,0.559113,0.187904,0.563015,16.031220,25.030898,0.879082,14.822393,0.520561,2.482141,0.087173,87.901994,102.979099,130.844464,75.113733,55.730731,0.574069
2025_04_25_IC_small_1,274,57,66,0,-1,0.991907,615.333333,612.833333,617.833333,5.000000,0.981215,102.289965,101.320087,103.259844,1.939757,0.923252,1.196690,1.148936,1.244444,0.095508,0.954991,0.739273,0.722253,0.756293,0.034040,1.000000,1.000000,1.000000,1.000000,0.000000,0.714286,6.000000,5.000000,7.000000,2.000000,22.079827,0.890105,1.623853,0.710614,0.068120,1.150080,28.528738,16.989407,0.684895,10.176615,0.410250,0.443016,0.017859,39.715072,144.483413,148.857938,140.108887,8.749050,0.941226
2025_04_25_IC_small_1,275,57,69,0,-1,0.720274,731.833333,612.833333,850.833333,238.000000,0.950260,105.962359,103.259844,108.664875,5.405031,0.943665,1.116573,1.084211,1.148936,0.064726,0.797652,0.813863,0.722253,0.905474,0.183221,1.000000,1.000000,1.000000,1.000000,0.000000,1.000000,7.000000,7.000000,7.000000,0.000000,38.803128,1.439165,1.106509,0.481901,0.311546,0.307090,8.279828,28.375076,1.052400,19.389942,0.719151,1.383701,0.051320,87.493153,119.187812,128.223543,110.152081,18.071462,0.859063
2025_04_25_IC_small_1,276,306,346,0,-1,0.599429,1682.111111,1260.833333,2103.388889,842.555556,0.784497,159.550153,140.282212,178.818094,38.535882,0.850053,1.358372,1.248276,1.468468,0.220193,0.973993,0.815872,0.805123,0.826621,0.021498,0.989261,0.994631,0.989261,1.000000,0.010739,0.777778,8.000000,7.000000,9.000000,2.000000,55.765743,1.370655,2.303448,0.451637,0.210780,0.161590,6.574361,45.197077,1.110890,29.879496,0.734402,0.642861,0.015801,54.421942,106.171765,155.124283,57.219248,97.905036,0.368861
2025_04_25_IC_small_1,277,306,335,0,-1,0.323763,1392.194444,681.000000,2103.388889,1422.388889,0.614129,144.317707,109.817321,178.818094,69.000773,0.928013,1.203346,1.158416,1.248276,0.089860,0.858438,0.768112,0.709603,0.826621,0.117018,0.989261,0.994631,0.989261,1.000000,0.010739,0.444444,6.500000,4.000000,9.000000,5.000000,33.677241,0.936016,1.535948,0.756626,0.070273,1.022676,36.795229,32.618557,0.906591,16.828269,0.467720,14.280345,0.396904,72.738430,138.094192,164.289183,111.899201,52.389981,0.681111
2025_04_25_IC_small_1,278,306,329,0,-1,0.735348,1825.055556,1546.722222,2103.388889,556.666667,0.875786,167.712243,156.606392,178.818094,22.211701,0.975474,1.263968,1.248276,1.279661,0.031385,0.958731,0.809564,0.792507,0.826621,0.034114,0.989261,0.994631,0.989261,1.000000,0.010739,0.666667,7.500000,6.000000,9.000000,3.000000,46.503514,1.091746,1.025210,0.622310,0.150224,0.750477,31.966997,33.310053,0.782008,21.267532,0.499290,6.891152,0.161781,52.585686,126.432578,133.914160,118.950995,14.963165,0.888263
2025_04_25_IC_small_1,279,306,276,0,-1,0.408626,1481.444444,859.500000,2103.388889,1243.888889,0.711654,153.037376,127.256659,178.818094,51.561435,0.682391,1.538772,1.248276,1.829268,0.580992,0.806841,0.746787,0.666952,0.826621,0.159669,0.989261,0.994631,0.989261,1.000000,0.010739,0.555556,7.000000,5.000000,9.000000,4.000000,48.976381,1.302911,2.200000,0.506428,0.218762,0.464599,17.464249,36.376482,0.967718,24.190069,0.643524,11.135331,0.296231,73.129696,115.735535,117.772512,113.698558,4.073954,0.965408
2025_04_25_IC_small_1,280,306,259,0,-1,0.680885,1767.777778,1432.166667,2103.388889,671.222222,0.905921,170.406543,161.994992,178.818094,16.823102,0.587424,1.686638,1.248276,2.125000,0.876724,0.829648,0.756213,0.685804,0.826621,0.140817,0.989261,0.994631,0.989261,1.000000,0.010739,0.777778,8.000000,7.000000,9.000000,2.000000,63.342492,1.513439,2.198830,0.444722,0.250440,0.295539,12.369317,44.334440,1.059281,31.780166,0.759322,4.478439,0.107003,85.145963,127.557091,165.609930,89.504252,76.105678,0.540452
2025_04_25_IC_small_1,281,306,290,0,-1,0.490478,1567.527778,1031.666667,2103.388889,1071.722222,0.716109,153.435639,128.053184,178.818094,50.764909,0.892459,1.181155,1.114035,1.248276,0.134241,0.956449,0.808621,0.790621,0.826621,0.036000,0.989261,0.994631,0.989261,1.000000,0.010739,0.666667,7.500000,6.000000,9.000000,3.000000,50.601399,1.297766,1.003891,0.483236,0.209761,0.273700,10.671874,36.909982,0.946625,22.412388,0.574807,10.469994,0.268522,44.932994,85.478230,88.563916,82.392543,6.171373,0.930317
2025_04_25_IC_small_1,282,306,297,0,-1,0.450622,1525.611111,947.833333,2103.388889,1155.555556,0.726171,154.335307,129.852521,178.818094,48.965573,0.823331,1.382202,1.248276,1.516129,0.267853,0.854544,0.766503,0.706384,0.826621,0.120237,0.989261,0.994631,0.989261,1.000000,0.010739,0.555556,7.000000,5.000000,9.000000,4.000000,39.662169,1.034895,1.069124,0.498400,0.315611,0.408416,15.652476,34.479323,0.899661,19.830258,0.517426,10.023811,0.261549,46.473986,87.944232,99.041158,76.847306,22.193851,0.775913
2025_04_25_IC_small_1,283,306,289,0,-1,0.303082,1370.444444,637.500000,2103.388889,1465.888889,0.597300,142.813065,106.808036,178.818094,72.010057,0.906007,1.313027,1.248276,1.377778,0.129502,0.849524,0.764428,0.702235,0.826621,0.124387,0.989261,0.994631,0.989261,1.000000,0.010739,0.444444,6.500000,4.000000,9.000000,5.000000,40.479322,1.138475,1.460674,0.537805,0.249189,0.457839,16.278821,33.013733,0.928506,19.727586,0.554835,13.044786,0.366883,48.762628,109.824282,124.077195,95.571369,28.505826,0.770257
2025_04_25_IC_small_1,284,325,330,0,-1,0.518452,704.055556,480.777778,927.333333,446.555556,0.750698,101.641147,87.167299,116.114995,28.947696,0.838206,1.362808,1.242857,1.482759,0.239901,0.919979,0.829728,0.795146,0.864309,0.069163,1.000000,1.000000,1.000000,1.000000,0.000000,0.714286,6.000000,5.000000,7.000000,2.000000,22.522839,0.859998,1.217054,0.773162,0.103093,0.992768,26.000000,19.094915,0.729109,11.168054,0.426434,5.187564,0.198079,66.289066,134.822797,142.334379,127.311216,15.023163,0.894452
2025_04_25_IC_small_1,285,325,355,0,-1,0.607117,745.166667,563.000000,927.333333,364.333333,0.807759,104.953963,93.792931,116.114995,22.322064,0.849268,1.371009,1.259259,1.482759,0.223499,0.930484,0.834268,0.804226,0.864309,0.060083,1.000000,1.000000,1.000000,1.000000,0.000000,0.714286,6.000000,5.000000,7.000000,2.000000,38.047570,1.404494,2.235294,0.509107,0.255088,0.334272,9.055385,27.490252,1.014779,19.023529,0.702237,6.612596,0.244098,89.526477,122.116603,136.944019,107.289186,29.654833,0.783453
2025_04_25_IC_small_1,286,325,342,0,-1,0.852025,858.722222,790.111111,927.333333,137.222222,0.940235,112.645213,109.175432,116.114995,6.939563,0.911998,1.417516,1.352273,1.482759,0.130486,0.963783,0.848658,0.833006,0.864309,0.031303,1.000000,1.000000,1.000000,1.000000,0.000000,0.857143,6.500000,6.000000,7.000000,1.000000,34.513153,1.178706,1.251534,0.510596,0.255612,0.336362,9.848858,26.026088,0.888853,16.283699,0.556127,1.591722,0.054361,58.025779,89.702287,102.753300,76.651273,26.102027,0.745974
2025_04_25_IC_small_1,287,325,349,0,-1,0.458699,676.350000,425.366667,927.333333,501.966667,0.737913,100.898897,85.682799,116.114995,30.432196,0.872248,1.388046,1.293333,1.482759,0.189425,0.842397,0.796200,0.728092,0.864309,0.136218,1.000000,1.000000,1.000000,1.000000,0.000000,0.571429,5.500000,4.000000,7.000000,3.000000,31.179746,1.220902,1.736842,0.575143,0.200673,0.585028,14.940623,23.910703,0.936269,14.977679,0.586479,7.200534,0.281951,66.547865,128.038586,138.366359,117.710814,20.655545,0.850718
2025_04_25_IC_small_1,288,325,317,0,-1,0.560532,723.566667,519.800000,927.333333,407.533333,0.777996,103.226009,90.337022,116.114995,25.777973,0.843023,1.366379,1.250000,1.482759,0.232759,0.926074,0.832362,0.800414,0.864309,0.063895,1.000000,1.000000,1.000000,1.000000,0.000000,0.714286,6.000000,5.000000,7.000000,2.000000,28.002490,1.051712,1.425000,0.666175,0.114065,0.774274,20.615528,23.372815,0.877831,13.389477,0.502879,6.641652,0.249446,63.929220,129.369322,136.979163,121.759480,15.219683,0.888891
2025_04_25_IC_small_1,289,56,71,0,-1,0.624015,687.138889,528.055556,846.222222,318.166667,0.801356,104.088157,92.609859,115.566455,22.956596,0.661765,1.506667,1.200000,1.813333,0.613333,0.971727,0.784960,0.773704,0.796216,0.022511,1.000000,1.000000,1.000000,1.000000,0.000000,0.714286,6.000000,5.000000,7.000000,2.000000,32.435613,1.245862,1.307692,0.491682,0.292356,0.398761,10.381608,26.229704,1.007491,16.223036,0.623132,4.618877,0.177412,87.733644,105.971322,121.722487,90.220156,31.502332,0.741195
2025_04_25_IC_small_1,290,56,69,0,-1,0.994580,848.527778,846.222222,850.833333,4.611111,0.940280,112.115665,108.664875,115.566455,6.901580,0.597910,1.448772,1.084211,1.813333,0.729123,0.879336,0.850845,0.796216,0.905474,0.109258,1.000000,1.000000,1.000000,1.000000,0.000000,1.000000,7.000000,7.000000,7.000000,0.000000,32.596664,1.119027,1.217949,0.548208,0.244214,0.463413,13.498971,23.959031,0.822501,15.754836,0.540856,0.123836,0.004251,64.692372,98.687988,112.609186,84.766790,27.842396,0.752752
2025_04_25_IC_small_1,291,56,74,0,-1,0.952272,826.027778,805.833333,846.222222,40.388889,0.968985,113.774280,111.982105,115.566455,3.584350,0.647134,1.493401,1.173469,1.813333,0.639864,0.985991,0.801872,0.796216,0.807528,0.011313,1.000000,1.000000,1.000000,1.000000,0.000000,0.857143,6.500000,6.000000,7.000000,1.000000,40.183752,1.398253,2.094828,0.470535,0.261627,0.304455,8.749603,28.549445,0.993420,20.074988,0.698539,0.300684,0.010463,88.507482,112.580261,142.230243,82.930279,59.299964,0.583071
2025_04_25_IC_small_1,292,60,75,0,-1,0.300830,783.750000,362.500000,1205.000000,842.500000,0.623587,106.056879,81.468624,130.645133,49.176508,0.616374,1.426213,1.087719,1.764706,0.676987,0.773618,0.786757,0.686337,0.887177,0.200841,1.000000,1.000000,1.000000,1.000000,0.000000,0.666667,5.000000,4.000000,6.000000,2.000000,26.926490,1.001868,1.282258,0.651327,0.166082,0.710849,19.104973,23.976915,0.892122,13.401273,0.498628,12.717432,0.473184,87.424329,124.559596,131.121475,117.997716,13.123760,0.899911
2025_04_25_IC_small_1,293,60,68,0,-1,0.948445,1237.750000,1205.000000,1270.500000,65.500000,0.963727,133.103732,130.645133,135.562332,4.917200,0.874905,1.165481,1.087719,1.243243,0.155524,0.979256,0.877975,0.868773,0.887177,0.018404,1.000000,1.000000,1.000000,1.000000,0.000000,0.857143,6.500000,6.000000,7.000000,1.000000,40.996548,1.165383,1.288889,0.571021,0.159564,0.466227,16.401219,30.463544,0.865968,20.497246,0.582662,1.458710,0.041466,85.079497,102.054364,108.807801,95.300927,13.506875,0.875865
2025_04_25_IC_small_1,294,60,67,0,-1,0.890723,1278.916667,1205.000000,1352.833333,147.833333,0.925929,135.870696,130.645133,141.096259,10.451126,0.966066,1.106823,1.087719,1.125926,0.038207,0.962527,0.870555,0.853932,0.887177,0.033246,0.998155,0.999078,0.998155,1.000000,0.001845,0.857143,6.500000,6.000000,7.000000,1.000000,39.113639,1.094180,1.052133,0.620767,0.158272,0.618115,22.095751,28.591405,0.799827,19.446270,0.543997,2.810459,0.078621,80.826318,121.421739,124.081493,118.761986,5.319507,0.957129
2025_04_25_IC_small_1,295,64,65,0,-1,0.661796,578.166667,460.500000,695.833333,235.333333,0.938671,100.452536,97.274739,103.630334,6.355595,0.918188,1.164614,1.114943,1.214286,0.099343,0.751101,0.712890,0.611560,0.814219,0.202659,1.000000,1.000000,1.000000,1.000000,0.000000,0.833333,5.500000,5.000000,6.000000,1.000000,28.109769,1.175209,1.322314,0.486592,0.361199,0.587339,14.048527,25.586881,1.069732,13.411355,0.560700,7.053154,0.294877,52.091459,128.439363,171.448836,85.429891,86.018945,0.498282
2025_04_25_IC_small_1,296,64,70,0,-1,0.760598,532.972222,460.500000,605.444444,144.944444,0.973100,98.619263,97.274739,99.963787,2.689048,0.971739,1.131155,1.114943,1.147368,0.032426,0.803231,0.686468,0.611560,0.761375,0.149815,1.000000,1.000000,1.000000,1.000000,0.000000,1.000000,5.000000,5.000000,5.000000,0.000000,24.647303,1.070109,1.188976,0.494249,0.362329,0.707960,16.306100,23.215302,1.007936,12.081514,0.524542,6.133697,0.266306,74.400891,97.965257,102.081194,93.849321,8.231873,0.919360
2025_04_25_IC_small_1,297,64,73,0,-1,0.450000,741.916667,460.500000,1023.333333,562.833333,0.769454,111.847590,97.274739,126.420441,29.145702,0.830595,1.228642,1.114943,1.342342,0.227400,0.760058,0.708092,0.611560,0.804623,0.193062,1.000000,1.000000,1.000000,1.000000,0.000000,0.833333,5.500000,5.000000,6.000000,1.000000,38.040862,1.423449,1.604317,0.463059,0.340672,0.430815,11.513277,30.328063,1.134844,16.812208,0.629095,10.879750,0.407109,52.802899,134.609108,164.321608,104.896607,59.425001,0.638362
2025_04_25_IC_small_1,298,319,331,0,-1,0.645813,1120.250000,879.166667,1361.333333,482.166667,0.767536,131.694775,114.374478,149.015073,34.640595,0.693176,1.310371,1.072917,1.547826,0.474909,0.912202,0.807470,0.770396,0.844545,0.074149,1.000000,1.000000,1.000000,1.000000,0.000000,0.714286,6.000000,5.000000,7.000000,2.000000,30.269145,0.909707,1.157303,0.633731,0.177416,0.790596,26.305893,25.121981,0.755015,15.043145,0.452106,2.825034,0.084903,36.014978,113.146362,113.280278,113.012445,0.267833,0.997636
2025_04_25_IC_small_1,299,319,343,0,-1,0.972617,1342.694444,1324.055556,1361.333333,37.277778,0.954681,145.638455,142.261838,149.015073,6.753235,0.975196,1.528630,1.509434,1.547826,0.038392,0.937076,0.796262,0.770396,0.822128,0.051732,1.000000,1.000000,1.000000,1.000000,0.000000,0.857143,6.500000,6.000000,7.000000,1.000000,44.533013,1.215357,1.628571,0.537186,0.180214,0.554547,20.319668,32.464318,0.885989,22.154487,0.604621,2.168906,0.059192,78.235527,95.587629,106.029824,85.145433,20.884391,0.803033
2025_04_25_IC_small_1,300,319,358,0,-1,0.503306,1023.250000,685.166667,1361.333333,676.166667,0.739842,129.631350,110.247628,149.015073,38.767445,0.884472,1.648913,1.547826,1.750000,0.202174,0.919504,0.739389,0.708382,0.770396,0.062014,1.000000,1.000000,1.000000,1.000000,0.000000,0.857143,6.500000,6.000000,7.000000,1.000000,51.526315,1.633890,2.643478,0.421508,0.271765,0.194326,6.128259,38.164189,1.210180,25.045780,0.794197,10.334955,0.327720,78.087366,115.782025,118.080531,113.483519,4.597012,0.961069
2025_04_25_IC_small_1,301,319,344,0,-1,0.685480,1147.250000,933.166667,1361.333333,428.166667,0.796334,133.840400,118.665728,149.015073,30.349345,0.752700,1.356437,1.165049,1.547826,0.382778,0.925114,0.801577,0.770396,0.832757,0.062361,1.000000,1.000000,1.000000,1.000000,0.000000,0.714286,6.000000,5.000000,7.000000,2.000000,36.556073,1.084042,1.500000,0.566969,0.186557,0.625244,21.084486,27.649834,0.819934,17.000531,0.504137,4.082818,0.121073,45.307708,116.136582,135.073930,97.199234,37.874696,0.719600
2025_04_25_IC_small_1,302,63,72,0,-1,0.986703,601.805556,597.777778,605.833333,8.055556,0.998674,99.880727,99.814485,99.946969,0.132484,0.862460,1.422712,1.317647,1.527778,0.210131,0.989324,0.758053,0.753985,0.762121,0.008136,1.000000,1.000000,1.000000,1.000000,0.000000,1.000000,5.000000,5.000000,5.000000,0.000000,30.075168,1.225977,1.168831,0.480601,0.361412,0.455753,11.180340,24.395508,0.994453,14.839869,0.604929,1.266664,0.051634,88.744007,113.634743,117.615661,109.653824,7.961837,0.932306
2025_04_25_IC_small_1,303,63,67,0,-1,0.441871,975.305556,597.777778,1352.833333,755.055556,0.707421,120.455372,99.814485,141.096259,41.281774,0.854497,1.221786,1.125926,1.317647,0.191721,0.882957,0.803958,0.753985,0.853932,0.099947,0.998155,0.999078,0.998155,1.000000,0.001845,0.714286,6.000000,5.000000,7.000000,2.000000,31.318504,1.022973,1.111111,0.614239,0.212896,0.671966,20.572365,27.617543,0.902086,15.590499,0.509241,9.509574,0.310616,83.175240,119.189365,122.005383,116.373347,5.632036,0.953838
2025_04_25_IC_small_1,304,63,76,0,-1,0.460893,947.388889,597.777778,1297.000000,699.222222,0.672733,124.093003,99.814485,148.371520,48.557035,0.797908,1.484512,1.317647,1.651376,0.333729,0.981943,0.747177,0.740370,0.753985,0.013615,1.000000,1.000000,1.000000,1.000000,0.000000,0.714286,6.000000,5.000000,7.000000,2.000000,43.545097,1.440379,2.678899,0.457288,0.229666,0.330779,10.000000,32.436097,1.072917,21.772515,0.720188,14.118787,0.467019,89.826360,120.687919,133.781125,107.594712,26.186412,0.804259
2025_04_25_IC_small_1,305,63,54,0,-1,0.407368,1032.595656,597.777778,1467.413535,869.635757,0.643746,127.433594,99.814485,155.052704,55.238219,0.929027,1.270888,1.224129,1.317647,0.093518,0.983012,0.760500,0.753985,0.767015,0.013030,1.000000,1.000000,1.000000,1.000000,0.000000,0.833333,5.500000,5.000000,6.000000,1.000000,26.896074,0.857159,1.040429,0.663873,0.140826,0.910679,28.575436,22.088961,0.703960,13.047909,0.415828,8.299808,0.264509,18.114595,113.503053,121.101404,105.904703,15.196701,0.874513
2025_04_25_IC_small_1,306,304,324,0,-1,0.584688,1226.416667,905.000000,1547.833333,642.833333,0.728375,138.254574,116.526981,159.982167,43.455186,0.682124,1.409148,1.142857,1.675439,0.532581,0.907372,0.798750,0.759960,0.837540,0.077579,1.000000,1.000000,1.000000,1.000000,0.000000,0.714286,6.000000,5.000000,7.000000,2.000000,30.089571,0.866813,1.020513,0.646989,0.153360,0.838895,29.120440,25.702511,0.740432,14.988061,0.431773,4.306147,0.124050,37.511307,109.639299,125.174723,94.103875,31.070847,0.751780
2025_04_25_IC_small_1,307,304,347,0,-1,0.499300,1160.333333,772.833333,1547.833333,775.000000,0.696317,135.690265,111.398363,159.982167,48.583804,0.614243,1.352282,1.029126,1.675439,0.646312,0.971075,0.771279,0.759960,0.782597,0.022637,1.000000,1.000000,1.000000,1.000000,0.000000,0.714286,6.000000,5.000000,7.000000,2.000000,41.803274,1.245213,2.102941,0.549525,0.091497,0.610864,20.507451,30.590967,0.911227,20.724233,0.617322,13.934744,0.415080,81.605399,121.133182,136.548158,105.718206,30.829951,0.774219
2025_04_25_IC_small_1,308,304,341,0,-1,0.409713,1091.000000,634.166667,1547.833333,913.666667,0.612510,128.986452,97.990738,159.982167,61.991429,0.636212,1.370686,1.065934,1.675439,0.609505,0.915688,0.794947,0.759960,0.829933,0.069973,1.000000,1.000000,1.000000,1.000000,0.000000,0.857143,6.500000,6.000000,7.000000,1.000000,40.904549,1.267863,1.575758,0.490342,0.278440,0.333193,10.749677,31.055432,0.962583,18.897345,0.585736,8.641394,0.267846,42.920187,105.437065,111.178520,99.695610,11.482910,0.896716
2025_04_25_IC_small_1,309,304,296,0,-1,0.906213,1475.250000,1402.666667,1547.833333,145.166667,0.892427,151.377254,142.772340,159.982167,17.209827,0.648555,1.381026,1.086614,1.675439,0.588824,0.878850,0.812341,0.759960,0.864721,0.104761,1.000000,1.000000,1.000000,1.000000,0.000000,0.857143,6.500000,6.000000,7.000000,1.000000,40.261018,1.048536,1.149758,0.615595,0.145512,0.746630,28.668605,31.064981,0.809040,18.553675,0.483202,2.756587,0.071791,50.497264,114.704462,135.352186,94.056738,41.295448,0.694904
2025_04_25_IC_small_1,310,304,277,0,-1,0.896737,1467.916667,1388.000000,1547.833333,159.833333,0.916996,153.342615,146.703062,159.982167,13.279105,0.872332,1.568489,1.461538,1.675439,0.213900,0.937713,0.785200,0.759960,0.810440,0.050480,1.000000,1.000000,1.000000,1.000000,0.000000,0.857143,6.500000,6.000000,7.000000,1.000000,53.598731,1.399474,2.484375,0.483045,0.173261,0.395885,15.162087,39.382863,1.028295,25.247884,0.659228,2.369646,0.061872,61.319238,114.943519,144.702457,85.184581,59.517876,0.588688
2025_04_25_IC_small_1,311,324,341,0,-1,0.700737,769.583333,634.166667,905.000000,270.833333,0.840927,107.258860,97.990738,116.526981,18.536244,0.932692,1.104396,1.065934,1.142857,0.076923,0.990918,0.833737,0.829933,0.837540,0.007606,1.000000,1.000000,1.000000,1.000000,0.000000,0.833333,5.500000,5.000000,6.000000,1.000000,27.021294,0.977865,1.495868,0.764531,0.039524,1.003543,27.730849,23.387794,0.846374,13.435513,0.486214,4.289198,0.155220,83.562118,169.846240,173.491965,166.200515,7.291450,0.957972
2025_04_25_IC_small_1,312,324,337,0,-1,0.805280,1014.416667,905.000000,1123.833333,218.833333,0.902650,122.810648,116.526981,129.094314,12.567332,0.952381,1.171429,1.142857,1.200000,0.057143,0.988343,0.842479,0.837540,0.847418,0.009878,1.000000,1.000000,1.000000,1.000000,0.000000,0.714286,6.000000,5.000000,7.000000,2.000000,33.708921,1.059915,1.189349,0.620636,0.170048,0.675113,21.470911,25.442090,0.799980,15.345121,0.482499,0.909701,0.028604,64.678386,118.078338,141.766175,94.390500,47.375675,0.665818
2025_04_25_IC_small_1,313,324,296,0,-1,0.645200,1153.833333,905.000000,1402.666667,497.666667,0.816173,129.649661,116.526981,142.772340,26.245359,0.950787,1.114736,1.086614,1.142857,0.056243,0.968566,0.851131,0.837540,0.864721,0.027182,1.000000,1.000000,1.000000,1.000000,0.000000,0.833333,5.500000,5.000000,6.000000,1.000000,39.783113,1.178141,1.937008,0.596621,0.188069,0.575002,19.416488,31.380690,0.929311,19.442239,0.575764,6.608270,0.195698,75.257450,130.174911,140.768539,119.581283,21.187256,0.849489
2025_04_25_IC_small_1,314,65,71,0,-1,0.758882,611.944444,528.055556,695.833333,167.777778,0.893656,98.120096,92.609859,103.630334,11.020475,0.988235,1.207143,1.200000,1.214286,0.014286,0.950241,0.793962,0.773704,0.814219,0.040515,1.000000,1.000000,1.000000,1.000000,0.000000,0.833333,5.500000,5.000000,6.000000,1.000000,26.505635,1.074013,1.502041,0.561451,0.160418,0.622629,15.365907,21.009724,0.851318,12.843427,0.520418,1.677518,0.067973,76.476013,101.027274,103.415809,98.638739,4.777070,0.953807
2025_04_25_IC_small_1,315,65,70,0,-1,0.870100,650.638889,605.444444,695.833333,90.388889,0.964619,101.797060,99.963787,103.630334,3.666547,0.944892,1.180827,1.147368,1.214286,0.066917,0.935099,0.787797,0.761375,0.814219,0.052844,1.000000,1.000000,1.000000,1.000000,0.000000,0.833333,5.500000,5.000000,6.000000,1.000000,19.911324,0.781075,1.097656,0.855467,0.022350,1.281504,32.668367,18.009163,0.706457,9.905146,0.388556,1.190104,0.046685,51.920676,171.868767,172.488916,171.248619,1.240297,0.992809
2025_04_25_IC_small_1,316,65,77,0,-1,0.782435,620.138889,544.444444,695.833333,151.388889,0.884870,97.664829,91.699325,103.630334,11.931008,0.889037,1.146916,1.079545,1.214286,0.134740,0.999286,0.813928,0.813638,0.814219,0.000581,1.000000,1.000000,1.000000,1.000000,0.000000,1.000000,6.000000,6.000000,6.000000,0.000000,29.996266,1.206802,1.578261,0.524744,0.281747,0.462422,11.493960,23.135646,0.930787,14.305608,0.575540,5.852188,0.235444,73.420791,112.659454,133.314011,92.004896,41.309115,0.690137
2025_04_25_IC_small_1,317,318,340,0,-1,0.439223,829.472222,506.277778,1152.666667,646.388889,0.676043,109.178784,88.075968,130.281600,42.205632,0.819310,1.332323,1.200000,1.464646,0.264646,0.961029,0.836761,0.820132,0.853390,0.033258,1.000000,1.000000,1.000000,1.000000,0.000000,0.714286,6.000000,5.000000,7.000000,2.000000,32.879824,1.164886,1.546875,0.585738,0.150095,0.526154,14.851113,23.948664,0.848468,15.525300,0.550040,10.122291,0.358619,57.533435,105.855897,109.811204,101.900590,7.910614,0.927962
2025_04_25_IC_small_1,318,318,348,0,-1,0.458357,840.500000,528.333333,1152.666667,624.333333,0.698633,110.650305,91.019010,130.281600,39.262589,0.967241,1.440657,1.416667,1.464646,0.047980,0.939088,0.827399,0.801408,0.853390,0.051982,1.000000,1.000000,1.000000,1.000000,0.000000,0.857143,6.500000,6.000000,7.000000,1.000000,40.552724,1.424491,2.162162,0.498225,0.197700,0.270322,7.695598,29.205880,1.025912,20.163105,0.708267,10.401335,0.365367,82.781788,114.847353,131.929540,97.765166,34.164374,0.741041
2025_04_25_IC_small_1,319,318,287,0,-1,0.764893,1017.166667,881.666667,1152.666667,271.000000,0.917710,124.921171,119.560742,130.281600,10.720858,0.915037,1.402426,1.340206,1.464646,0.124440,0.908217,0.814226,0.775063,0.853390,0.078327,1.000000,1.000000,1.000000,1.000000,0.000000,1.000000,7.000000,7.000000,7.000000,0.000000,39.411893,1.238514,2.387387,0.579974,0.072833,0.626837,19.947152,30.769474,0.966927,19.705562,0.619245,4.317051,0.135663,87.731095,112.025176,122.660913,101.389440,21.271473,0.826583
2025_04_25_IC_small_1,320,318,312,0,-1,0.478745,852.250000,551.833333,1152.666667,600.833333,0.695983,110.477702,90.673803,130.281600,39.607796,0.919828,1.405934,1.347222,1.464646,0.117424,0.988341,0.848415,0.843440,0.853390,0.009950,1.000000,1.000000,1.000000,1.000000,0.000000,0.857143,6.500000,6.000000,7.000000,1.000000,32.213349,1.121594,1.085890,0.556740,0.255696,0.431920,12.405196,27.482245,0.956868,16.092012,0.560287,8.192967,0.285260,69.385595,107.976902,128.291110,87.662694,40.628416,0.683311
2025_04_25_IC_small_1,321,66,69,0,-1,0.726151,734.333333,617.833333,850.833333,233.000000,0.932409,104.992481,101.320087,108.664875,7.344788,0.871241,1.164327,1.084211,1.244444,0.160234,0.835245,0.830884,0.756293,0.905474,0.149181,1.000000,1.000000,1.000000,1.000000,0.000000,0.714286,6.000000,5.000000,7.000000,2.000000,29.645876,1.097481,1.508197,0.599486,0.167385,0.639059,17.262677,23.281520,0.861875,14.796066,0.547746,3.723412,0.137840,82.550626,113.068276,116.397520,109.739032,6.658489,0.942795
2025_04_25_IC_small_1,322,66,68,0,-1,0.486291,944.166667,617.833333,1270.500000,652.666667,0.747406,118.441209,101.320087,135.562332,34.242246,0.999035,1.243844,1.243243,1.244444,0.001201,0.870530,0.812533,0.756293,0.868773,0.112480,1.000000,1.000000,1.000000,1.000000,0.000000,0.714286,6.000000,5.000000,7.000000,2.000000,25.863596,0.854990,1.323529,0.798533,0.067785,1.066078,32.249031,22.461816,0.742535,12.827921,0.424061,8.068843,0.266737,57.713668,131.028993,145.175511,116.882476,28.293035,0.805112
2025_04_25_IC_small_1,323,66,78,0,-1,0.909470,648.583333,617.833333,679.333333,61.500000,0.999024,101.270651,101.221216,101.320087,0.098871,0.927875,1.292810,1.244444,1.341176,0.096732,0.907696,0.794747,0.756293,0.833201,0.076908,1.000000,1.000000,1.000000,1.000000,0.000000,0.833333,5.500000,5.000000,6.000000,1.000000,32.521442,1.277347,1.719008,0.517488,0.204548,0.492140,12.529964,24.794519,0.973856,15.970519,0.627275,0.179719,0.007059,78.736677,119.337054,123.690068,114.984040,8.706027,0.929614
2025_04_25_IC_small_1,324,331,344,0,-1,0.942133,906.166667,879.166667,933.166667,54.000000,0.963837,116.520103,114.374478,118.665728,4.291250,0.920920,1.118983,1.072917,1.165049,0.092132,0.986043,0.838651,0.832757,0.844545,0.011788,1.000000,1.000000,1.000000,1.000000,0.000000,1.000000,5.000000,5.000000,5.000000,0.000000,33.164536,1.101839,1.384615,0.635146,0.183925,0.725610,21.840330,27.924344,0.927742,16.482453,0.547603,1.423157,0.047282,80.059826,144.946502,149.520488,140.372516,9.147972,0.938818
2025_04_25_IC_small_1,325,331,338,0,-1,0.570455,1210.166667,879.166667,1541.166667,662.000000,0.747689,133.672539,114.374478,152.970601,38.596123,0.654978,1.355506,1.072917,1.638095,0.565179,0.979988,0.836094,0.827644,0.844545,0.016901,1.000000,1.000000,1.000000,1.000000,0.000000,0.714286,6.000000,5.000000,7.000000,2.000000,39.574502,1.148611,1.560000,0.563394,0.211610,0.507897,17.499206,33.348890,0.967919,19.138343,0.555472,8.846114,0.256750,64.220558,105.693624,115.449832,95.937416,19.512416,0.830988
2025_04_25_IC_small_1,326,75,68,0,-1,0.285321,816.500000,362.500000,1270.500000,908.000000,0.600968,108.515478,81.468624,135.562332,54.093708,0.704505,1.503975,1.243243,1.764706,0.521463,0.790006,0.777555,0.686337,0.868773,0.182437,1.000000,1.000000,1.000000,1.000000,0.000000,0.571429,5.500000,4.000000,7.000000,3.000000,32.582274,1.191667,1.972973,0.590381,0.147275,0.559476,15.297059,27.327657,0.999484,16.157655,0.590952,12.852512,0.470069,79.086229,130.474724,133.577598,127.371850,6.205748,0.953542
2025_04_25_IC_small_1,327,75,67,0,-1,0.267956,857.666667,362.500000,1352.833333,990.333333,0.577397,111.282442,81.468624,141.096259,59.627634,0.638025,1.445316,1.125926,1.764706,0.638780,0.803737,0.770134,0.686337,0.853932,0.167595,0.998155,0.999078,0.998155,1.000000,0.001845,0.571429,5.500000,4.000000,7.000000,3.000000,30.243231,1.083592,1.322368,0.606229,0.220268,0.609097,17.000000,25.169005,0.901787,13.736352,0.492163,11.040037,0.395556,63.385398,119.149959,120.379126,117.920791,2.458335,0.979578
2025_04_25_IC_small_1,328,75,80,0,-1,0.372559,667.750000,362.500000,973.000000,610.500000,0.675201,101.063448,81.468624,120.658271,39.189646,0.767742,1.559772,1.354839,1.764706,0.409867,0.817200,0.763100,0.686337,0.839863,0.153527,1.000000,1.000000,1.000000,1.000000,0.000000,0.666667,5.000000,4.000000,6.000000,2.000000,20.470470,0.815031,1.095238,0.832368,0.030326,1.197100,30.066593,18.371363,0.731455,10.233908,0.407463,8.071463,0.321365,77.660408,164.308286,178.492564,150.124007,28.368557,0.841066
2025_04_25_IC_small_1,329,71,74,0,-1,0.655291,666.944444,528.055556,805.833333,277.777778,0.827006,102.295982,92.609859,111.982105,19.372247,0.977891,1.186735,1.173469,1.200000,0.026531,0.958114,0.790616,0.773704,0.807528,0.033824,1.000000,1.000000,1.000000,1.000000,0.000000,0.833333,5.500000,5.000000,6.000000,1.000000,21.019519,0.818411,1.088000,0.807593,0.045689,1.178267,30.261820,16.603884,0.646485,10.509540,0.409197,3.443783,0.134086,55.736276,146.196321,155.347234,137.045408,18.301825,0.882188
2025_04_25_IC_small_1,330,71,77,0,-1,0.969898,536.250000,528.055556,544.444444,16.388889,0.990168,92.154592,91.699325,92.609859,0.910534,0.899621,1.139773,1.079545,1.200000,0.120455,0.950920,0.793671,0.773704,0.813638,0.039934,1.000000,1.000000,1.000000,1.000000,0.000000,0.833333,5.500000,5.000000,6.000000,1.000000,28.468333,1.229394,1.179856,0.540602,0.241647,0.570371,13.207742,21.983043,0.949329,14.178676,0.612301,0.365627,0.015789,87.682143,126.901510,130.532841,123.270179,7.262662,0.944361
2025_04_25_IC_small_1,331,69,74,0,-1,0.947111,828.333333,805.833333,850.833333,45.000000,0.970377,110.323490,108.664875,111.982105,3.317230,0.923936,1.128840,1.084211,1.173469,0.089259,0.891830,0.856501,0.807528,0.905474,0.097946,1.000000,1.000000,1.000000,1.000000,0.000000,0.857143,6.500000,6.000000,7.000000,1.000000,33.346953,1.158760,1.331081,0.581569,0.158753,0.546363,15.723302,25.000997,0.868750,15.575380,0.541223,1.396560,0.048529,69.016466,105.097903,105.160571,105.035235,0.125337,0.998808
2025_04_25_IC_small_1,332,69,78,0,-1,0.798433,765.083333,679.333333,850.833333,171.500000,0.931499,104.943045,101.221216,108.664875,7.443659,0.808403,1.212693,1.084211,1.341176,0.256966,0.920182,0.869337,0.833201,0.905474,0.072273,1.000000,1.000000,1.000000,1.000000,0.000000,0.857143,6.500000,6.000000,7.000000,1.000000,30.607628,1.108308,1.222973,0.611446,0.231565,0.589336,16.275407,24.029964,0.870130,15.280590,0.553313,1.542921,0.055869,88.635791,122.603539,128.618439,116.588639,12.029800,0.906469
2025_04_25_IC_small_1,333,69,81,0,-1,0.869676,914.583333,850.833333,978.333333,127.500000,0.909673,114.059872,108.664875,119.454868,10.789993,0.947258,1.055619,1.027027,1.084211,0.057183,0.951509,0.883520,0.861567,0.905474,0.043907,1.000000,1.000000,1.000000,1.000000,0.000000,0.857143,6.500000,6.000000,7.000000,1.000000,32.614562,1.079106,1.617886,0.646833,0.172392,0.655268,19.804601,26.676783,0.882645,16.302331,0.539389,2.520272,0.083387,88.041835,129.251816,153.334076,105.169556,48.164520,0.685885
2025_04_25_IC_small_1,334,72,79,0,-1,0.806523,678.500000,605.833333,751.166667,145.333333,0.922054,104.171473,99.946969,108.395978,8.449009,0.919678,1.466421,1.405063,1.527778,0.122714,0.948645,0.782749,0.762121,0.803378,0.041257,1.000000,1.000000,1.000000,1.000000,0.000000,1.000000,5.000000,5.000000,5.000000,0.000000,20.804953,0.799866,1.047619,0.825166,0.030459,1.241565,32.293790,18.220486,0.700504,10.320558,0.396784,1.932546,0.074299,41.855564,170.307864,171.738786,168.876942,2.861845,0.983336
2025_04_25_IC_small_1,335,72,76,0,-1,0.467104,951.416667,605.833333,1297.000000,691.166667,0.673626,124.159245,99.946969,148.371520,48.424551,0.925154,1.589577,1.527778,1.651376,0.123598,0.971460,0.751245,0.740370,0.762121,0.021751,1.000000,1.000000,1.000000,1.000000,0.000000,0.714286,6.000000,5.000000,7.000000,2.000000,35.634255,1.175513,1.076923,0.500454,0.331260,0.490406,14.866069,28.444159,0.938324,16.984003,0.560273,6.342970,0.209244,51.871677,104.672109,116.565051,92.779167,23.785884,0.795943
2025_04_25_IC_small_1,336,72,54,0,-1,0.412858,1036.623434,605.833333,1467.413535,861.580202,0.644600,127.499836,99.946969,155.052704,55.105735,0.801248,1.375954,1.224129,1.527778,0.303648,0.993619,0.764568,0.762121,0.767015,0.004894,1.000000,1.000000,1.000000,1.000000,0.000000,0.833333,5.500000,5.000000,6.000000,1.000000,31.487440,1.000864,1.644689,0.669022,0.107852,0.916424,28.830925,27.482796,0.873572,15.337430,0.487518,12.191503,0.387521,63.865083,145.798556,155.117477,136.479636,18.637841,0.879847
2025_04_25_IC_small_1,337,354,343,0,-1,0.635472,1082.727778,841.400000,1324.055556,482.655556,0.880923,133.791793,125.321748,142.261838,16.940089,0.723270,1.798195,1.509434,2.086957,0.577523,0.818880,0.747676,0.673224,0.822128,0.148904,1.000000,1.000000,1.000000,1.000000,0.000000,0.833333,5.500000,5.000000,6.000000,1.000000,27.924055,0.854019,1.028736,0.637239,0.165985,0.931837,30.468490,23.248475,0.711023,13.154882,0.402324,5.374235,0.164364,26.685938,112.905876,128.897685,96.914067,31.983618,0.751868
2025_04_25_IC_small_1,338,354,353,0,-1,0.987640,836.200000,831.000000,841.400000,10.400000,0.990730,124.740892,124.160035,125.321748,1.161714,0.979167,2.065217,2.043478,2.086957,0.043478,0.993830,0.675314,0.673224,0.677403,0.004179,1.000000,1.000000,1.000000,1.000000,0.000000,0.833333,5.500000,5.000000,6.000000,1.000000,18.116084,0.626486,1.233333,0.834597,0.019632,1.569951,45.398238,14.846518,0.513419,9.051603,0.313020,0.131251,0.004539,3.058049,156.354695,168.690068,144.019322,24.670745,0.853751
2025_04_25_IC_small_1,339,354,374,0,-1,0.666608,1051.805556,841.400000,1262.211111,420.811111,0.901727,132.150704,125.321748,138.979659,13.657911,0.534252,1.600959,1.114961,2.086957,0.971996,0.819823,0.747203,0.673224,0.821182,0.147958,1.000000,1.000000,1.000000,1.000000,0.000000,0.714286,6.000000,5.000000,7.000000,2.000000,38.324137,1.187710,1.438272,0.533744,0.232906,0.647012,20.877314,32.160875,0.996703,17.754239,0.550225,8.279058,0.256578,62.404653,122.986666,129.382419,116.590912,12.791507,0.901134
2025_04_25_IC_small_1,340,354,385,0,-1,0.784238,957.144444,841.400000,1072.888889,231.488889,0.993241,124.898212,124.474675,125.321748,0.847073,0.483370,1.547864,1.008772,2.086957,1.078185,0.773672,0.771695,0.673224,0.870167,0.196943,1.000000,1.000000,1.000000,1.000000,0.000000,0.625000,6.500000,5.000000,8.000000,3.000000,41.973327,1.359199,2.145299,0.470974,0.260851,0.385277,11.897712,30.764620,0.996233,20.980553,0.679401,0.935512,0.030294,89.431528,108.322010,119.049377,97.594643,21.454734,0.819783
2025_04_25_IC_small_1,341,343,358,0,-1,0.517476,1004.611111,685.166667,1324.055556,638.888889,0.774963,126.254733,110.247628,142.261838,32.014210,0.862534,1.629717,1.509434,1.750000,0.240566,0.861645,0.765255,0.708382,0.822128,0.113746,1.000000,1.000000,1.000000,1.000000,0.000000,1.000000,6.000000,6.000000,6.000000,0.000000,25.621678,0.819065,1.226027,0.845473,0.031284,1.273902,39.849718,20.478673,0.654655,12.175649,0.389227,7.404998,0.236720,41.021032,158.718012,161.371048,156.064976,5.306072,0.967119
2025_04_25_IC_small_1,342,343,374,0,-1,0.953292,1293.133333,1262.211111,1324.055556,61.844444,0.976929,140.620748,138.979659,142.261838,3.282178,0.738661,1.312197,1.114961,1.509434,0.394473,0.998850,0.821655,0.821182,0.822128,0.000946,1.000000,1.000000,1.000000,1.000000,0.000000,0.857143,6.500000,6.000000,7.000000,1.000000,41.249279,1.147165,1.928058,0.613953,0.180273,0.711450,25.582025,32.430363,0.901906,19.369086,0.538665,3.072189,0.085439,59.742625,134.434272,146.495021,122.373524,24.121497,0.835343
2025_04_25_IC_small_1,343,340,348,0,-1,0.958254,517.305556,506.277778,528.333333,22.055556,0.967666,89.547489,88.075968,91.019010,2.943042,0.847059,1.308333,1.200000,1.416667,0.216667,0.977169,0.810770,0.801408,0.820132,0.018724,1.000000,1.000000,1.000000,1.000000,0.000000,0.833333,5.500000,5.000000,6.000000,1.000000,23.358754,1.027072,1.111111,0.629293,0.137089,0.777347,17.679241,17.074098,0.750739,10.726052,0.471619,0.240621,0.010580,58.727494,112.723291,118.259256,107.187325,11.071931,0.906376
2025_04_25_IC_small_1,344,340,363,0,-1,0.790574,453.263889,400.250000,506.277778,106.027778,0.909275,84.080611,80.085253,88.075968,7.990715,0.976190,1.185714,1.171429,1.200000,0.028571,0.956208,0.802174,0.784217,0.820132,0.035916,1.000000,1.000000,1.000000,1.000000,0.000000,1.000000,5.000000,5.000000,5.000000,0.000000,20.304308,0.955342,1.792683,0.758041,0.036096,1.072130,22.786448,18.221160,0.857328,10.144660,0.477319,2.645838,0.124490,86.402572,169.527816,172.526644,166.528988,5.997656,0.965236
2025_04_25_IC_small_1,345,340,334,0,-1,0.410940,869.138889,506.277778,1232.000000,725.722222,0.631297,113.795903,88.075968,139.515838,51.439870,0.726115,1.426316,1.200000,1.652632,0.452632,0.969817,0.807755,0.795378,0.820132,0.024754,1.000000,1.000000,1.000000,1.000000,0.000000,0.833333,5.500000,5.000000,6.000000,1.000000,26.124445,0.907091,1.006410,0.655676,0.132347,0.782422,22.533925,21.763134,0.755658,12.656190,0.439447,7.490525,0.260086,51.700624,113.635897,128.025179,99.246615,28.778564,0.775212
2025_04_25_IC_small_1,346,70,77,0,-1,0.899248,574.944444,544.444444,605.444444,61.000000,0.917325,95.831556,91.699325,99.963787,8.264462,0.940888,1.113457,1.079545,1.147368,0.067823,0.935767,0.787507,0.761375,0.813638,0.052263,1.000000,1.000000,1.000000,1.000000,0.000000,0.833333,5.500000,5.000000,6.000000,1.000000,26.369079,1.100107,1.013333,0.568804,0.200551,0.673283,16.138291,20.198701,0.842681,12.775714,0.532997,3.513120,0.146566,72.499458,110.490948,124.235410,96.746485,27.488926,0.778735
2025_04_25_IC_small_1,347,70,73,0,-1,0.591640,814.388889,605.444444,1023.333333,417.888889,0.790725,113.192114,99.963787,126.420441,26.456654,0.854751,1.244855,1.147368,1.342342,0.194974,0.946251,0.782999,0.761375,0.804623,0.043248,1.000000,1.000000,1.000000,1.000000,0.000000,0.833333,5.500000,5.000000,6.000000,1.000000,25.993138,0.918561,1.071006,0.707961,0.072890,0.995701,28.176034,20.249976,0.715605,12.763273,0.451036,6.415653,0.226720,56.654558,142.136902,161.254072,123.019732,38.234340,0.762894
2025_04_25_IC_small_1,348,70,83,0,-1,0.741053,527.055556,448.666667,605.444444,156.777778,0.891104,94.520976,89.078166,99.963787,10.885621,0.923438,1.103446,1.059524,1.147368,0.087845,0.933238,0.735960,0.710544,0.761375,0.050831,1.000000,1.000000,1.000000,1.000000,0.000000,1.000000,5.000000,5.000000,5.000000,0.000000,30.437311,1.329502,2.073684,0.429134,0.400390,0.291564,6.674995,24.441419,1.067601,15.134541,0.661077,3.659007,0.159825,71.326459,107.538126,118.159093,96.917158,21.241935,0.820226
2025_04_25_IC_small_1,349,333,330,0,-1,0.678213,594.833333,480.777778,708.888889,228.111111,0.850780,94.811509,87.167299,102.455719,15.288419,0.893015,1.176374,1.109890,1.242857,0.132967,0.936982,0.821885,0.795146,0.848625,0.053478,1.000000,1.000000,1.000000,1.000000,0.000000,0.833333,5.500000,5.000000,6.000000,1.000000,29.607376,1.219625,1.322314,0.485049,0.334594,0.289658,7.031674,24.916178,1.026379,14.709574,0.605936,3.991668,0.164430,89.887613,97.456776,98.759830,96.153721,2.606109,0.973612
2025_04_25_IC_small_1,350,333,314,0,-1,0.885927,754.527778,708.888889,800.166667,91.277778,0.903989,107.896505,102.455719,113.337291,10.881572,0.924494,1.067989,1.026087,1.109890,0.083803,0.922421,0.815707,0.782789,0.848625,0.065836,1.000000,1.000000,1.000000,1.000000,0.000000,1.000000,6.000000,6.000000,6.000000,0.000000,28.400051,1.034381,1.483871,0.633067,0.120716,0.777946,21.359359,23.157688,0.843444,14.081922,0.512889,1.440446,0.052464,89.869965,108.294146,116.846831,99.741460,17.105371,0.853609
2025_04_25_IC_small_1,351,333,342,0,-1,0.897202,749.500000,708.888889,790.111111,81.222222,0.938450,105.815575,102.455719,109.175432,6.719713,0.820759,1.231081,1.109890,1.352273,0.242383,0.981596,0.840815,0.833006,0.848625,0.015618,1.000000,1.000000,1.000000,1.000000,0.000000,1.000000,6.000000,6.000000,6.000000,0.000000,29.875333,1.091658,1.061728,0.596647,0.185123,0.620231,16.973836,23.181662,0.847068,14.621095,0.534261,0.720858,0.026340,74.169791,123.127542,134.778293,111.476791,23.301502,0.827112
2025_04_25_IC_small_1,352,333,351,0,-1,0.535580,544.277778,379.666667,708.888889,329.222222,0.783746,91.377510,80.299300,102.455719,22.156418,0.864682,1.196736,1.109890,1.283582,0.173692,0.871913,0.794276,0.739927,0.848625,0.108698,1.000000,1.000000,1.000000,1.000000,0.000000,1.000000,6.000000,6.000000,6.000000,0.000000,27.917109,1.210892,1.223022,0.492093,0.364908,0.347598,8.013877,23.311884,1.011142,13.667496,0.592821,7.556879,0.327776,73.640458,104.607545,110.684324,98.530766,12.153558,0.890196
2025_04_25_IC_small_1,353,333,359,0,-1,0.917633,679.694444,650.500000,708.888889,58.388889,0.979456,101.403311,100.350904,102.455719,2.104815,0.949957,1.082119,1.054348,1.109890,0.055542,0.956531,0.830180,0.811736,0.848625,0.036889,1.000000,1.000000,1.000000,1.000000,0.000000,0.833333,5.500000,5.000000,6.000000,1.000000,25.880545,0.992926,1.694444,0.683078,0.121419,0.856834,22.333333,20.487348,0.786012,12.847134,0.492890,0.571199,0.021914,88.151190,132.744997,139.020761,126.469234,12.551526,0.909715
2025_04_25_IC_small_1,354,330,314,0,-1,0.600847,640.472222,480.777778,800.166667,319.388889,0.769096,100.252295,87.167299,113.337291,26.169992,0.825587,1.134472,1.026087,1.242857,0.216770,0.984459,0.788968,0.782789,0.795146,0.012357,1.000000,1.000000,1.000000,1.000000,0.000000,0.833333,5.500000,5.000000,6.000000,1.000000,24.294311,0.967634,1.006667,0.649747,0.104393,0.858470,21.553551,19.952778,0.794712,12.080808,0.481174,5.113675,0.203676,70.956634,136.815353,144.393339,129.237367,15.155972,0.895037
2025_04_25_IC_small_1,355,330,342,0,-1,0.608494,635.444444,480.777778,790.111111,309.333333,0.798415,98.171365,87.167299,109.175432,22.008132,0.919088,1.297565,1.242857,1.352273,0.109416,0.954550,0.814076,0.795146,0.833006,0.037860,1.000000,1.000000,1.000000,1.000000,0.000000,0.833333,5.500000,5.000000,6.000000,1.000000,28.056844,1.121476,2.181818,0.656945,0.077374,0.807936,20.212757,22.109462,0.883750,13.786580,0.551071,5.690120,0.227443,75.987427,142.552748,156.037511,129.067986,26.969525,0.827160
2025_04_25_IC_small_1,356,314,295,0,-1,0.629639,1035.500000,800.166667,1270.833333,470.666667,0.832980,124.699857,113.337291,136.062423,22.725132,0.776691,1.173594,1.026087,1.321101,0.295014,0.907450,0.822707,0.782789,0.862625,0.079836,1.000000,1.000000,1.000000,1.000000,0.000000,0.750000,7.000000,6.000000,8.000000,2.000000,41.105000,1.285818,1.080402,0.464927,0.364183,0.200298,6.403124,31.995615,1.000864,20.460297,0.640025,6.049530,0.189237,85.516977,88.356293,94.922887,81.789700,13.133187,0.861644
2025_04_25_IC_small_1,357,68,80,0,-1,0.765840,1121.750000,973.000000,1270.500000,297.500000,0.890058,128.110301,120.658271,135.562332,14.904062,0.917632,1.299041,1.243243,1.354839,0.111595,0.966723,0.854318,0.839863,0.868773,0.028910,1.000000,1.000000,1.000000,1.000000,0.000000,0.857143,6.500000,6.000000,7.000000,1.000000,38.246581,1.144473,1.322034,0.510678,0.306887,0.318092,10.630146,30.537761,0.913798,19.054544,0.570179,3.005827,0.089945,64.880114,90.290019,98.075896,82.504142,15.571754,0.841228
2025_04_25_IC_small_1,358,68,78,0,-1,0.534698,974.916667,679.333333,1270.500000,591.166667,0.746677,118.391774,101.221216,135.562332,34.341117,0.926980,1.292210,1.243243,1.341176,0.097933,0.959054,0.850987,0.833201,0.868773,0.035572,1.000000,1.000000,1.000000,1.000000,0.000000,0.857143,6.500000,6.000000,7.000000,1.000000,39.855829,1.291754,1.153005,0.511370,0.260621,0.289890,8.944272,31.620944,1.024856,19.840478,0.643043,11.948224,0.387250,85.494462,99.224222,107.314022,91.134422,16.179600,0.849231
2025_04_25_IC_small_1,359,68,82,0,-1,0.849961,1175.187500,1079.875000,1270.500000,190.625000,0.938450,131.390377,127.218421,135.562332,8.343911,0.873596,1.164668,1.086093,1.243243,0.157151,0.965110,0.853618,0.838462,0.868773,0.030311,1.000000,1.000000,1.000000,1.000000,0.000000,0.714286,6.000000,5.000000,7.000000,2.000000,32.297235,0.942909,1.569149,0.747713,0.075094,0.934687,32.015621,24.462514,0.714176,15.995455,0.466983,1.859150,0.054277,69.443575,133.429553,137.910838,128.948268,8.962570,0.935012
2025_04_25_IC_small_1,360,356,345,0,-1,0.450027,907.555556,563.333333,1251.777778,688.444444,0.654378,124.296916,98.329598,150.264235,51.934637,0.650246,1.312696,1.034483,1.590909,0.556426,0.951522,0.714415,0.696668,0.732161,0.035493,0.998936,0.999468,0.998936,1.000000,0.001064,0.833333,5.500000,5.000000,6.000000,1.000000,26.102735,0.883115,1.068571,0.567543,0.193774,0.814009,24.060110,22.946609,0.776336,12.924053,0.437250,6.410272,0.216874,36.074494,115.120038,135.942689,94.297387,41.645303,0.693655
2025_04_25_IC_small_1,361,356,373,0,-1,0.690924,689.333333,563.333333,815.333333,252.000000,0.901029,103.729981,98.329598,109.130365,10.800767,0.789474,1.172414,1.034483,1.310345,0.275862,0.851046,0.796235,0.732161,0.860308,0.128146,1.000000,1.000000,1.000000,1.000000,0.000000,0.833333,5.500000,5.000000,6.000000,1.000000,23.942140,0.915768,1.447368,0.799992,0.000000,1.153199,30.149627,23.091491,0.883231,11.811924,0.451797,2.655909,0.101586,76.194129,178.321570,179.632135,177.011004,2.621130,0.985408
2025_04_25_IC_small_1,362,356,352,0,-1,0.635338,725.000000,563.333333,886.666667,323.333333,0.797383,110.822469,98.329598,123.315341,24.985743,0.719640,1.235991,1.034483,1.437500,0.403017,0.999242,0.732439,0.732161,0.732717,0.000555,0.987746,0.993873,0.987746,1.000000,0.012254,0.833333,5.500000,5.000000,6.000000,1.000000,22.666178,0.847150,1.079710,0.702407,0.146782,1.132135,30.291180,17.567647,0.656592,10.088301,0.377051,2.518214,0.094118,40.059679,132.690273,148.632443,116.748104,31.884339,0.785482
2025_04_25_IC_small_1,363,67,80,0,-1,0.719231,1162.916667,973.000000,1352.833333,379.833333,0.855149,130.877265,120.658271,141.096259,20.437988,0.831041,1.240382,1.125926,1.354839,0.228913,0.983525,0.846897,0.839863,0.853932,0.014069,0.998155,0.999078,0.998155,1.000000,0.001845,0.857143,6.500000,6.000000,7.000000,1.000000,38.833144,1.142591,1.187166,0.509991,0.220709,0.328960,11.180340,30.485852,0.896988,19.305606,0.568031,0.709293,0.020870,83.840446,81.580189,105.046940,58.113438,46.933501,0.553214
2025_04_25_IC_small_1,364,67,76,0,-1,0.958729,1324.916667,1297.000000,1352.833333,55.833333,0.950966,144.733889,141.096259,148.371520,7.275262,0.681811,1.388651,1.125926,1.651376,0.525450,0.867013,0.797151,0.740370,0.853932,0.113562,0.998155,0.999078,0.998155,1.000000,0.001845,1.000000,7.000000,7.000000,7.000000,0.000000,36.159895,0.993475,1.291005,0.686211,0.060821,0.950378,34.591264,26.503687,0.728176,17.616999,0.484018,1.119848,0.030767,68.211455,143.205602,156.011299,130.399904,25.611395,0.835836
2025_04_25_IC_small_1,365,67,85,0,-1,0.709991,1156.666667,960.500000,1352.833333,392.333333,0.855224,130.882612,120.668965,141.096259,20.427294,0.939967,1.092130,1.058333,1.125926,0.067593,0.970718,0.841429,0.828927,0.853932,0.025005,0.998155,0.999078,0.998155,1.000000,0.001845,0.857143,6.500000,6.000000,7.000000,1.000000,40.323720,1.189967,1.736111,0.545986,0.280331,0.457701,15.509853,30.702189,0.906033,18.994955,0.560548,5.830392,0.172057,71.538026,110.185664,110.200674,110.170653,0.030020,0.999728
2025_04_25_IC_small_1,366,347,341,0,-1,0.820574,703.500000,634.166667,772.833333,138.666667,0.879643,104.694551,97.990738,111.398363,13.407625,0.965469,1.047530,1.029126,1.065934,0.036808,0.942963,0.806265,0.782597,0.829933,0.047337,1.000000,1.000000,1.000000,1.000000,0.000000,0.833333,5.500000,5.000000,6.000000,1.000000,30.114375,1.136766,1.520325,0.538179,0.221985,0.531016,14.067299,22.829959,0.861792,14.982423,0.565561,4.731046,0.178589,89.196376,98.518353,112.273322,84.763383,27.509939,0.754974
2025_04_25_IC_small_1,367,347,353,0,-1,0.930004,801.916667,772.833333,831.000000,58.166667,0.897216,117.779199,111.398363,124.160035,12.761671,0.503615,1.536302,1.029126,2.043478,1.014352,0.865584,0.730000,0.677403,0.782597,0.105194,1.000000,1.000000,1.000000,1.000000,0.000000,0.833333,5.500000,5.000000,6.000000,1.000000,27.245532,0.962281,1.012500,0.611637,0.203471,0.954191,27.016456,22.735307,0.802985,12.497102,0.441384,1.852306,0.065421,42.218678,136.927449,141.824855,132.030044,9.794811,0.930937
2025_04_25_IC_small_1,368,347,361,0,-1,0.627215,1002.500000,772.833333,1232.166667,459.333333,0.798037,125.494454,111.398363,139.590545,28.192182,0.861255,1.112021,1.029126,1.194915,0.165789,0.984852,0.788616,0.782597,0.794634,0.012037,1.000000,1.000000,1.000000,1.000000,0.000000,0.714286,6.000000,5.000000,7.000000,2.000000,28.607805,0.909598,1.596639,0.783768,0.054142,1.139768,35.846897,23.984414,0.762595,13.319652,0.423504,5.044750,0.160400,52.232278,163.841824,168.802192,158.881456,9.920736,0.941229
2025_04_25_IC_small_1,369,74,77,0,-1,0.675629,675.138889,544.444444,805.833333,261.388889,0.818875,101.840715,91.699325,111.982105,20.282780,0.919960,1.126507,1.079545,1.173469,0.093924,0.992491,0.810583,0.807528,0.813638,0.006109,1.000000,1.000000,1.000000,1.000000,0.000000,1.000000,6.000000,6.000000,6.000000,0.000000,33.227749,1.284896,1.635593,0.495701,0.322897,0.360914,9.333333,26.848375,1.038209,16.403248,0.634303,4.896148,0.189331,79.381710,113.904846,135.387941,92.421751,42.966191,0.682644
2025_04_25_IC_small_1,370,74,81,0,-1,0.823680,892.083333,805.833333,978.333333,172.500000,0.937443,115.718487,111.982105,119.454868,7.472763,0.875206,1.100248,1.027027,1.173469,0.146442,0.937279,0.834548,0.807528,0.861567,0.054038,1.000000,1.000000,1.000000,1.000000,0.000000,1.000000,6.000000,6.000000,6.000000,0.000000,30.997407,1.039039,1.132530,0.631958,0.156095,0.722047,21.540659,25.548683,0.856397,15.088929,0.505784,3.533743,0.118452,71.488057,123.946963,146.263237,101.630689,44.632547,0.694848
2025_04_25_IC_small_1,371,74,86,0,-1,0.432701,1334.083333,805.833333,1862.333333,1056.500000,0.689792,137.161983,111.982105,162.341861,50.359755,0.984635,1.182625,1.173469,1.191781,0.018311,0.909393,0.847757,0.807528,0.887986,0.080458,1.000000,1.000000,1.000000,1.000000,0.000000,0.750000,7.000000,6.000000,8.000000,2.000000,35.655949,0.996784,1.339080,0.682925,0.100506,0.737284,26.373387,30.187061,0.843898,17.811323,0.497927,9.703754,0.271274,83.704164,118.273706,122.660913,113.886500,8.774413,0.928466
2025_04_25_IC_small_1,372,77,83,0,-1,0.824082,496.555556,448.666667,544.444444,95.777778,0.971416,90.388746,89.078166,91.699325,2.621159,0.981454,1.069535,1.059524,1.079545,0.020022,0.873293,0.762091,0.710544,0.813638,0.103094,1.000000,1.000000,1.000000,1.000000,0.000000,0.833333,5.500000,5.000000,6.000000,1.000000,24.037388,1.079966,1.103704,0.563916,0.234896,0.719169,16.006943,20.736129,0.931645,11.966320,0.537630,4.076044,0.183131,89.209722,123.330738,138.847432,107.814044,31.033388,0.776493
2025_04_25_IC_small_1,373,77,86,0,-1,0.292345,1203.388889,544.444444,1862.333333,1317.888889,0.564853,127.020593,91.699325,162.341861,70.642535,0.905825,1.135663,1.079545,1.191781,0.112235,0.916273,0.850812,0.813638,0.887986,0.074348,1.000000,1.000000,1.000000,1.000000,0.000000,0.750000,7.000000,6.000000,8.000000,2.000000,33.287069,1.001294,1.020101,0.733906,0.084853,0.767628,25.519056,27.795896,0.836117,16.369313,0.492398,15.659436,0.471045,76.463150,132.712505,154.699451,110.725559,43.973892,0.715746
2025_04_25_IC_small_1,374,381,368,0,-1,0.198303,680.819444,225.333333,1136.305556,910.972222,0.498530,95.154116,63.311630,126.996602,63.684972,0.787336,1.174034,1.034343,1.313725,0.279382,0.797898,0.795895,0.706429,0.885362,0.178933,1.000000,1.000000,1.000000,1.000000,0.000000,0.571429,5.500000,4.000000,7.000000,3.000000,26.034313,1.068727,1.294922,0.654949,0.161529,0.588552,14.337209,21.918243,0.899759,11.975485,0.491602,11.957845,0.490878,55.021358,122.002240,126.463773,117.540707,8.923066,0.929442
2025_04_25_IC_small_1,375,381,360,0,-1,0.294725,494.944444,225.333333,764.555556,539.222222,0.608103,83.712481,63.311630,104.113331,40.801701,0.824627,1.198529,1.083333,1.313725,0.230392,0.797007,0.796390,0.706429,0.886352,0.179923,1.000000,1.000000,1.000000,1.000000,0.000000,0.500000,6.000000,4.000000,8.000000,4.000000,25.616696,1.200922,1.466019,0.568604,0.240712,0.457468,9.758187,21.071960,0.987863,12.706351,0.595679,11.787915,0.552623,75.243164,116.707855,117.563848,115.851863,1.711986,0.985438
2025_04_25_IC_small_1,376,381,378,0,-1,0.505106,335.722222,225.333333,446.111111,220.777778,0.736175,74.656232,63.311630,86.000834,22.689204,0.997781,1.312268,1.310811,1.313725,0.002915,0.932010,0.732195,0.706429,0.757962,0.051534,1.000000,1.000000,1.000000,1.000000,0.000000,0.666667,5.000000,4.000000,6.000000,2.000000,18.329666,1.014582,1.319588,0.618464,0.147278,0.899740,16.254914,13.796254,0.763649,8.065013,0.446414,3.194597,0.176827,39.428212,128.876887,129.121621,128.632153,0.489468,0.996209
2025_04_25_IC_small_1,377,381,388,0,-1,0.403622,391.805556,225.333333,558.277778,332.944444,0.687973,77.668957,63.311630,92.026284,28.714654,0.924473,1.367389,1.313725,1.421053,0.107327,0.852770,0.767411,0.706429,0.828393,0.121964,1.000000,1.000000,1.000000,1.000000,0.000000,0.571429,5.500000,4.000000,7.000000,3.000000,16.477906,0.852916,1.027778,0.822535,0.025523,1.188505,22.961320,15.872367,0.821572,8.161534,0.422450,5.668168,0.293391,65.527281,172.413018,174.565941,170.260094,4.305847,0.975334
2025_04_25_IC_small_1,378,79,76,0,-1,0.579157,1024.083333,751.166667,1297.000000,545.833333,0.730571,128.383749,108.395978,148.371520,39.975542,0.850844,1.528220,1.405063,1.651376,0.246313,0.921571,0.771874,0.740370,0.803378,0.063008,1.000000,1.000000,1.000000,1.000000,0.000000,0.714286,6.000000,5.000000,7.000000,2.000000,31.663954,0.998527,1.172222,0.550024,0.294979,0.637759,20.223748,27.651895,0.872006,15.813724,0.498688,2.836077,0.089436,77.398709,105.050192,111.756493,98.343892,13.412601,0.879984
2025_04_25_IC_small_1,379,79,88,0,-1,0.492425,1138.305556,751.166667,1525.444444,774.277778,0.717784,129.705361,108.395978,151.014743,42.618765,0.788515,1.256488,1.107914,1.405063,0.297150,0.955768,0.821968,0.803378,0.840558,0.037180,1.000000,1.000000,1.000000,1.000000,0.000000,0.833333,5.500000,5.000000,6.000000,1.000000,31.596311,0.950775,1.389610,0.701019,0.122795,0.863550,28.697658,27.155579,0.817147,15.748186,0.473884,9.501031,0.285899,59.858883,139.941489,152.375742,127.507237,24.868506,0.836795
2025_04_25_IC_small_1,380,79,84,0,-1,0.693583,917.095082,751.166667,1083.023497,331.856830,0.801591,121.810997,108.395978,135.226015,26.830037,0.878160,1.319467,1.233871,1.405063,0.171192,0.926419,0.773821,0.744264,0.803378,0.059113,1.000000,1.000000,1.000000,1.000000,0.000000,0.714286,6.000000,5.000000,7.000000,2.000000,40.023235,1.327102,1.152632,0.493407,0.368879,0.455717,13.743685,32.869448,1.089895,19.730655,0.654235,6.860396,0.227479,81.362253,127.695115,138.394122,116.996108,21.398014,0.845384
2025_04_25_IC_small_1,381,345,373,0,-1,0.651340,1033.555556,815.333333,1251.777778,436.444444,0.726256,129.697300,109.130365,150.264235,41.133870,0.823645,1.450627,1.310345,1.590909,0.280564,0.809789,0.778488,0.696668,0.860308,0.163640,0.998936,0.999468,0.998936,1.000000,0.001064,1.000000,6.000000,6.000000,6.000000,0.000000,37.221246,1.164355,1.015075,0.513705,0.217453,0.540011,17.262677,29.359831,0.918434,16.984614,0.531313,1.943664,0.060802,47.853141,98.931044,112.527341,85.334748,27.192592,0.758347
2025_04_25_IC_small_1,382,345,350,0,-1,0.997344,1253.444444,1251.777778,1255.111111,3.333333,0.988090,151.169882,150.264235,152.075529,1.811294,0.993169,1.596380,1.590909,1.601852,0.010943,0.978921,0.689325,0.681983,0.696668,0.014685,0.998936,0.999468,0.998936,1.000000,0.001064,1.000000,6.000000,6.000000,6.000000,0.000000,22.977190,0.649000,1.165644,0.865279,0.016466,1.575143,55.766378,17.540801,0.495447,11.440600,0.323144,0.384156,0.010851,0.125775,156.997269,159.011431,154.983107,4.028325,0.974666
2025_04_25_IC_small_1,383,345,383,0,-1,0.987639,1259.611111,1251.777778,1267.444444,15.666667,0.984039,151.482833,150.264235,152.701432,2.437197,0.648807,2.021482,1.590909,2.452055,0.861146,0.980453,0.689859,0.683050,0.696668,0.013618,0.998936,0.999468,0.998936,1.000000,0.001064,1.000000,6.000000,6.000000,6.000000,0.000000,59.538047,1.677561,2.826446,0.405077,0.298571,0.329795,11.704700,38.085853,1.073118,29.088868,0.819616,0.441567,0.012442,77.264848,121.644251,127.481573,115.806928,11.674645,0.908421
2025_04_25_IC_small_1,384,357,370,0,-1,0.521178,471.861111,323.333333,620.388889,297.055556,0.757667,85.230499,73.479622,96.981376,23.501754,0.946781,1.039160,1.010753,1.067568,0.056815,0.907882,0.790713,0.752535,0.828891,0.076356,1.000000,1.000000,1.000000,1.000000,0.000000,0.666667,5.000000,4.000000,6.000000,2.000000,18.657661,0.870043,1.063492,0.677265,0.157709,0.889137,19.067133,16.471577,0.768101,9.328822,0.435021,4.462597,0.208099,26.006143,129.030716,136.301953,121.759480,14.542473,0.893307
2025_04_25_IC_small_1,385,357,360,0,-1,0.811437,692.472222,620.388889,764.555556,144.166667,0.931498,100.547353,96.981376,104.113331,7.131956,0.933002,1.047043,1.010753,1.083333,0.072581,0.935171,0.857621,0.828891,0.886352,0.057461,1.000000,1.000000,1.000000,1.000000,0.000000,0.750000,7.000000,6.000000,8.000000,2.000000,29.323714,1.115857,1.757009,0.589969,0.192868,0.558256,14.670454,22.496560,0.856063,14.635441,0.556923,2.098569,0.079857,89.261395,110.933398,123.336030,98.530766,24.805265,0.798881
2025_04_25_IC_small_1,386,357,351,0,-1,0.611982,500.027778,379.666667,620.388889,240.722222,0.827987,88.640338,80.299300,96.981376,16.682075,0.787447,1.147167,1.010753,1.283582,0.272829,0.892671,0.784409,0.739927,0.828891,0.088964,1.000000,1.000000,1.000000,1.000000,0.000000,1.000000,6.000000,6.000000,6.000000,0.000000,16.776827,0.755838,1.037383,0.889808,0.019332,1.316411,29.219476,13.538648,0.609950,8.388301,0.377914,3.482682,0.156904,62.553363,159.959162,166.065165,153.853159,12.212006,0.926463
2025_04_25_IC_small_1,387,357,366,0,-1,0.933286,599.694444,579.000000,620.388889,41.388889,0.970658,95.558554,94.135733,96.981376,2.845643,0.928242,1.049821,1.010753,1.088889,0.078136,0.990563,0.824980,0.821069,0.828891,0.007822,1.000000,1.000000,1.000000,1.000000,0.000000,1.000000,6.000000,6.000000,6.000000,0.000000,30.172902,1.232301,1.207143,0.572644,0.124832,0.589808,14.441453,22.678286,0.926211,14.830045,0.605678,1.552517,0.063407,74.488223,109.891826,119.561484,100.222169,19.339315,0.838248
2025_04_25_IC_small_1,388,357,376,0,-1,0.636478,797.555556,620.388889,974.722222,354.333333,0.806091,108.646032,96.981376,120.310688,23.329312,0.830541,1.113867,1.010753,1.216981,0.206228,0.979524,0.837554,0.828891,0.846218,0.017328,1.000000,1.000000,1.000000,1.000000,0.000000,0.750000,7.000000,6.000000,8.000000,2.000000,35.627640,1.269511,1.946903,0.526060,0.259891,0.393577,11.045361,27.589883,0.983103,17.780660,0.633574,7.295627,0.259963,85.955245,113.147556,126.390929,99.904183,26.486745,0.790438
2025_04_25_IC_small_1,389,80,82,0,-1,0.901030,1026.437500,973.000000,1079.875000,106.875000,0.948434,123.938346,120.658271,127.218421,6.560151,0.801640,1.220466,1.086093,1.354839,0.268746,0.998332,0.839163,0.838462,0.839863,0.001401,1.000000,1.000000,1.000000,1.000000,0.000000,0.833333,5.500000,5.000000,6.000000,1.000000,35.531681,1.109422,1.726776,0.637347,0.132741,0.728919,23.345235,29.018337,0.906053,17.681943,0.552091,0.960184,0.029980,87.924316,136.091252,139.206669,132.975836,6.230833,0.955240
2025_04_25_IC_small_1,390,80,85,0,-1,0.987153,966.750000,960.500000,973.000000,12.500000,0.999911,120.663618,120.658271,120.668965,0.010694,0.781151,1.206586,1.058333,1.354839,0.296505,0.986978,0.834395,0.828927,0.839863,0.010937,1.000000,1.000000,1.000000,1.000000,0.000000,1.000000,6.000000,6.000000,6.000000,0.000000,31.445080,1.011342,1.314103,0.641364,0.144643,0.750833,23.345235,24.635387,0.792327,15.530294,0.499488,0.389083,0.012514,68.204812,124.620901,144.782407,104.459395,40.323012,0.721492
2025_04_25_IC_small_1,391,80,92,0,-1,0.966727,956.812500,940.625000,973.000000,32.375000,0.991460,120.143060,119.627849,120.658271,1.030422,0.879905,1.273484,1.192130,1.354839,0.162709,0.983452,0.832914,0.825965,0.839863,0.013898,1.000000,1.000000,1.000000,1.000000,0.000000,0.833333,5.500000,5.000000,6.000000,1.000000,31.429356,1.016103,1.244019,0.625303,0.208701,0.714187,22.090722,25.827369,0.834992,14.881745,0.481123,0.481897,0.015580,56.057425,121.601917,126.121953,117.081881,9.040073,0.928323
2025_04_25_IC_small_1,392,73,83,0,-1,0.438436,736.000000,448.666667,1023.333333,574.666667,0.704618,107.749303,89.078166,126.420441,37.342275,0.789310,1.200933,1.059524,1.342342,0.282819,0.883077,0.757584,0.710544,0.804623,0.094079,1.000000,1.000000,1.000000,1.000000,0.000000,0.833333,5.500000,5.000000,6.000000,1.000000,26.923814,1.012719,1.024845,0.591595,0.178027,0.727317,19.336207,22.494822,0.846126,13.448964,0.505873,6.963276,0.261918,73.908109,113.066410,118.821174,107.311646,11.509528,0.903136
2025_04_25_IC_small_1,393,73,87,0,-1,0.853474,948.361111,873.388889,1023.333333,149.944444,0.929616,121.971425,117.522410,126.420441,8.898031,0.850448,1.241968,1.141593,1.342342,0.200749,0.987606,0.799637,0.794650,0.804623,0.009972,1.000000,1.000000,1.000000,1.000000,0.000000,0.833333,5.500000,5.000000,6.000000,1.000000,31.749417,1.031784,1.261628,0.656748,0.129141,0.868297,26.718699,25.162044,0.817710,15.347672,0.498765,3.392009,0.110233,59.475325,150.464779,156.862783,144.066775,12.796009,0.918425
2025_04_25_IC_small_1,394,73,89,0,-1,0.933888,1059.555556,1023.333333,1095.777778,72.444444,0.991304,126.974928,126.420441,127.529416,1.108975,0.845979,1.238968,1.135593,1.342342,0.206749,0.950344,0.825644,0.804623,0.846665,0.042042,1.000000,1.000000,1.000000,1.000000,0.000000,0.750000,7.000000,6.000000,8.000000,2.000000,41.246329,1.267322,1.338889,0.503816,0.222447,0.369419,12.023126,33.226691,1.020913,20.106349,0.617781,3.682997,0.113163,73.629716,106.146605,131.610296,80.682914,50.927382,0.613044
2025_04_25_IC_small_1,395,78,81,0,-1,0.694378,828.833333,679.333333,978.333333,299.000000,0.847359,110.338042,101.221216,119.454868,18.233652,0.765766,1.184102,1.027027,1.341176,0.314149,0.967076,0.847384,0.833201,0.861567,0.028366,1.000000,1.000000,1.000000,1.000000,0.000000,1.000000,6.000000,6.000000,6.000000,0.000000,24.937107,0.869762,1.272727,0.816441,0.075608,1.062817,30.472210,21.004292,0.732593,12.467884,0.434858,3.762752,0.131238,85.683947,151.207825,164.173846,138.241805,25.932041,0.842045
2025_04_25_IC_small_1,396,78,82,0,-1,0.629085,879.604167,679.333333,1079.875000,400.541667,0.795649,114.219819,101.221216,127.218421,25.997206,0.809806,1.213635,1.086093,1.341176,0.255084,0.993725,0.835831,0.833201,0.838462,0.005261,1.000000,1.000000,1.000000,1.000000,0.000000,0.833333,5.500000,5.000000,6.000000,1.000000,32.328256,1.097259,1.267652,0.605497,0.228299,0.634074,18.681542,25.369481,0.861070,16.115847,0.546991,7.714181,0.261828,82.474362,117.486029,120.196917,114.775141,5.421777,0.954893
2025_04_25_IC_small_1,397,78,90,0,-1,0.434808,1120.854167,679.333333,1562.375000,883.041667,0.675604,125.522271,101.221216,149.823326,48.602110,0.786816,1.198217,1.055258,1.341176,0.285918,0.952606,0.853927,0.833201,0.874654,0.041453,1.000000,1.000000,1.000000,1.000000,0.000000,0.857143,6.500000,6.000000,7.000000,1.000000,40.580568,1.237384,1.623960,0.569488,0.192915,0.436579,14.317821,29.551725,0.901092,19.982626,0.609311,11.430856,0.348550,72.750332,110.141331,110.778830,109.503831,1.274999,0.988491
2025_04_25_IC_small_1,398,341,361,0,-1,0.514676,933.166667,634.166667,1232.166667,598.000000,0.701987,118.790642,97.990738,139.590545,41.599807,0.892058,1.130425,1.065934,1.194915,0.128981,0.957468,0.812284,0.794634,0.829933,0.035299,1.000000,1.000000,1.000000,1.000000,0.000000,0.857143,6.500000,6.000000,7.000000,1.000000,41.257730,1.368758,1.129032,0.498054,0.277103,0.341387,10.290233,31.682300,1.051086,18.943424,0.628463,12.101941,0.401492,59.993441,108.681908,110.929391,106.434425,4.494967,0.959479
2025_04_25_IC_small_1,399,341,337,0,-1,0.564289,879.000000,634.166667,1123.833333,489.666667,0.759063,113.542526,97.990738,129.094314,31.103576,0.888278,1.132967,1.065934,1.200000,0.134066,0.979367,0.838676,0.829933,0.847418,0.017484,1.000000,1.000000,1.000000,1.000000,0.000000,0.857143,6.500000,6.000000,7.000000,1.000000,29.750235,1.013528,1.340580,0.622009,0.219947,0.657960,19.313208,24.832837,0.846003,14.065925,0.479197,4.451993,0.151670,60.273539,117.144318,142.171102,92.117535,50.053567,0.647934
2025_04_25_IC_small_1,400,341,365,0,-1,0.539181,905.166667,634.166667,1176.166667,542.000000,0.725332,116.544255,97.990738,135.097773,37.107035,0.861819,1.151388,1.065934,1.236842,0.170908,0.975751,0.819871,0.809809,0.829933,0.020125,1.000000,1.000000,1.000000,1.000000,0.000000,0.833333,5.500000,5.000000,6.000000,1.000000,34.802911,1.170279,1.957627,0.560800,0.190112,0.532617,15.839472,25.894070,0.870712,17.387297,0.584664,8.234907,0.276906,84.129357,120.372116,142.636985,98.107248,44.529737,0.687811
2025_04_25_IC_small_1,401,348,363,0,-1,0.757571,464.291667,400.250000,528.333333,128.083333,0.879874,85.552132,80.085253,91.019010,10.933757,0.826891,1.294048,1.171429,1.416667,0.245238,0.978549,0.792812,0.784217,0.801408,0.017191,1.000000,1.000000,1.000000,1.000000,0.000000,0.833333,5.500000,5.000000,6.000000,1.000000,25.968369,1.208063,1.219512,0.470361,0.414700,0.316279,6.798693,22.136448,1.029800,12.734104,0.592398,0.269853,0.012554,85.911426,102.499570,118.715453,86.283687,32.431767,0.726811
2025_04_25_IC_small_1,402,348,368,0,-1,0.464957,832.319444,528.333333,1136.305556,607.972222,0.716704,109.007806,91.019010,126.996602,35.977592,0.730125,1.225505,1.034343,1.416667,0.382323,0.905176,0.843385,0.801408,0.885362,0.083954,1.000000,1.000000,1.000000,1.000000,0.000000,0.857143,6.500000,6.000000,7.000000,1.000000,31.857749,1.123836,1.641026,0.621783,0.189556,0.610218,17.298041,23.857066,0.841599,15.743902,0.555393,9.159936,0.323132,72.747409,121.325591,127.760163,114.891020,12.869142,0.899271
2025_04_25_IC_small_1,403,348,360,0,-1,0.691033,646.444444,528.333333,764.555556,236.222222,0.874230,97.566171,91.019010,104.113331,13.094321,0.764706,1.250000,1.083333,1.416667,0.333333,0.904164,0.843880,0.801408,0.886352,0.084944,1.000000,1.000000,1.000000,1.000000,0.000000,0.750000,7.000000,6.000000,8.000000,2.000000,25.800817,1.019068,1.057554,0.633031,0.183826,0.689794,17.464249,21.117271,0.834080,12.886386,0.508980,2.460809,0.097196,78.842848,123.415977,143.694054,103.137901,40.556153,0.717760
2025_04_25_IC_small_1,404,353,361,0,-1,0.674422,1031.583333,831.000000,1232.166667,401.166667,0.889459,131.875290,124.160035,139.590545,15.430510,0.584746,1.619197,1.194915,2.043478,0.848563,0.852472,0.736019,0.677403,0.794634,0.117231,1.000000,1.000000,1.000000,1.000000,0.000000,0.857143,6.500000,6.000000,7.000000,1.000000,30.472783,0.953328,1.023392,0.512504,0.250747,0.607436,19.416488,28.239808,0.883470,14.909638,0.466441,5.610340,0.175517,46.092411,87.893872,106.699244,69.088501,37.610744,0.647507
2025_04_25_IC_small_1,405,353,385,0,-1,0.774544,951.944444,831.000000,1072.888889,241.888889,0.997472,124.317355,124.160035,124.474675,0.314640,0.493654,1.526125,1.008772,2.043478,1.034706,0.778475,0.773785,0.677403,0.870167,0.192764,1.000000,1.000000,1.000000,1.000000,0.000000,0.750000,7.000000,6.000000,8.000000,2.000000,43.563876,1.414824,2.161017,0.482687,0.269857,0.422201,13.000000,32.432378,1.053306,21.451536,0.696681,0.169909,0.005518,82.744397,122.563693,151.412098,93.715289,57.696809,0.618942
2025_04_25_IC_small_1,406,83,86,0,-1,0.240916,1155.500000,448.666667,1862.333333,1413.666667,0.548707,125.710013,89.078166,162.341861,73.263695,0.889026,1.125652,1.059524,1.191781,0.132257,0.800175,0.799265,0.710544,0.887986,0.177442,1.000000,1.000000,1.000000,1.000000,0.000000,0.625000,6.500000,5.000000,8.000000,3.000000,40.226749,1.250511,1.611465,0.600510,0.143156,0.489771,15.755070,32.009753,0.995073,18.243899,0.567140,18.800062,0.584429,59.112772,120.616334,143.746162,97.486505,46.259657,0.678185
2025_04_25_IC_small_1,407,83,89,0,-1,0.409450,772.222222,448.666667,1095.777778,647.111111,0.698491,108.303791,89.078166,127.529416,38.451250,0.933014,1.097559,1.059524,1.135593,0.076069,0.839227,0.778605,0.710544,0.846665,0.136121,1.000000,1.000000,1.000000,1.000000,0.000000,0.625000,6.500000,5.000000,8.000000,3.000000,22.761024,0.838586,1.231343,0.818378,0.035935,1.153371,31.304952,19.736017,0.727136,10.984771,0.404713,7.034250,0.259163,38.160597,165.448393,172.005440,158.891345,13.114095,0.923758
2025_04_25_IC_small_1,408,81,86,0,-1,0.525327,1420.333333,978.333333,1862.333333,884.000000,0.735823,140.898364,119.454868,162.341861,42.886992,0.861758,1.109404,1.027027,1.191781,0.164754,0.970248,0.874777,0.861567,0.887986,0.026419,1.000000,1.000000,1.000000,1.000000,0.000000,0.750000,7.000000,6.000000,8.000000,2.000000,42.190109,1.133639,1.449438,0.583277,0.203473,0.462285,17.204651,34.404270,0.924435,20.404692,0.548269,10.889956,0.292611,65.438487,106.488004,121.900157,91.075851,30.824306,0.747135
2025_04_25_IC_small_1,409,81,94,0,-1,0.888317,1039.833333,978.333333,1101.333333,123.000000,0.907073,125.573743,119.454868,131.692617,12.237749,0.920521,1.071365,1.027027,1.115702,0.088675,0.926226,0.829786,0.798005,0.861567,0.063562,1.000000,1.000000,1.000000,1.000000,0.000000,0.833333,5.500000,5.000000,6.000000,1.000000,34.475511,1.069594,1.517007,0.599889,0.168777,0.658134,21.213203,27.027141,0.838510,17.218424,0.534197,2.232660,0.069268,81.263530,113.251296,122.070529,104.432063,17.638466,0.855506
2025_04_25_IC_small_1,410,81,90,0,-1,0.626183,1270.354167,978.333333,1562.375000,584.041667,0.797305,134.639097,119.454868,149.823326,30.368458,0.973247,1.041143,1.027027,1.055258,0.028231,0.985037,0.868110,0.861567,0.874654,0.013087,1.000000,1.000000,1.000000,1.000000,0.000000,0.857143,6.500000,6.000000,7.000000,1.000000,45.954530,1.298055,1.045964,0.507428,0.239861,0.260420,9.219544,32.235890,0.910551,22.809091,0.644277,6.550515,0.185029,86.938409,95.854096,106.660868,85.047324,21.613544,0.797362
2025_04_25_IC_small_1,411,358,344,0,-1,0.734238,809.166667,685.166667,933.166667,248.000000,0.929060,114.456678,110.247628,118.665728,8.418100,0.665742,1.457524,1.165049,1.750000,0.584951,0.850646,0.770570,0.708382,0.832757,0.124375,1.000000,1.000000,1.000000,1.000000,0.000000,0.833333,5.500000,5.000000,6.000000,1.000000,29.705791,1.047390,1.121795,0.568296,0.184861,0.700656,19.871811,24.021898,0.846983,14.138977,0.498523,3.552269,0.125249,52.716333,99.455041,106.845539,92.064544,14.780995,0.861660
2025_04_25_IC_small_1,412,358,374,0,-1,0.542830,973.688889,685.166667,1262.211111,577.044444,0.793264,124.613644,110.247628,138.979659,28.732031,0.637120,1.432480,1.114961,1.750000,0.635039,0.862637,0.764782,0.708382,0.821182,0.112800,1.000000,1.000000,1.000000,1.000000,0.000000,0.857143,6.500000,6.000000,7.000000,1.000000,36.170498,1.172401,1.240223,0.452052,0.357592,0.268376,8.279828,30.790050,0.998003,18.016607,0.583975,4.680329,0.151704,70.113717,87.872404,94.183309,81.561500,12.621809,0.865987
2025_04_25_IC_small_1,413,358,372,0,-1,0.873566,734.750000,685.166667,784.333333,99.166667,0.991217,110.736084,110.247628,111.224540,0.976912,0.665742,1.457524,1.165049,1.750000,0.584951,0.889116,0.752554,0.708382,0.796727,0.088344,1.000000,1.000000,1.000000,1.000000,0.000000,0.833333,5.500000,5.000000,6.000000,1.000000,26.233803,0.968365,1.072727,0.589664,0.196439,0.821444,22.253589,22.334967,0.824448,12.876141,0.475295,3.320035,0.122552,63.611050,129.190722,131.217355,127.164089,4.053266,0.969110
2025_04_25_IC_small_1,414,358,384,0,-1,0.682097,844.833333,685.166667,1004.500000,319.333333,0.888116,117.192072,110.247628,124.136516,13.888888,0.793003,1.568878,1.387755,1.750000,0.362245,0.864782,0.763763,0.708382,0.819145,0.110763,1.000000,1.000000,1.000000,1.000000,0.000000,1.000000,6.000000,6.000000,6.000000,0.000000,39.480134,1.364453,2.298246,0.497185,0.164036,0.479161,13.864423,30.923671,1.068737,19.721547,0.681586,5.514572,0.190586,88.932138,128.981796,145.404570,112.559021,32.845549,0.774109
2025_04_25_IC_small_1,415,344,338,0,-1,0.605494,1237.166667,933.166667,1541.166667,608.000000,0.775742,135.818164,118.665728,152.970601,34.304873,0.711221,1.401572,1.165049,1.638095,0.473047,0.993860,0.830201,0.827644,0.832757,0.005113,1.000000,1.000000,1.000000,1.000000,0.000000,0.714286,6.000000,5.000000,7.000000,2.000000,29.814572,0.854219,1.104651,0.757619,0.092011,0.989188,34.525353,25.369287,0.726857,14.907257,0.427109,4.972862,0.142478,81.801646,140.295885,156.901702,123.690068,33.211635,0.788328
2025_04_25_IC_small_1,416,344,372,0,-1,0.840507,858.750000,784.333333,933.166667,148.833333,0.937293,114.945134,111.224540,118.665728,7.441188,1.000000,1.165049,1.165049,1.165049,0.000000,0.956733,0.814742,0.796727,0.832757,0.036031,1.000000,1.000000,1.000000,1.000000,0.000000,1.000000,5.000000,5.000000,5.000000,0.000000,31.437200,1.073790,1.669355,0.615860,0.227559,0.729031,21.343747,26.483795,0.904598,15.130740,0.516816,3.497709,0.119470,72.986035,129.165990,140.771367,117.560612,23.210755,0.835117
2025_04_25_IC_small_1,417,82,92,0,-1,0.871050,1010.250000,940.625000,1079.875000,139.250000,0.940334,123.423135,119.627849,127.218421,7.590573,0.911053,1.139111,1.086093,1.192130,0.106037,0.985096,0.832214,0.825965,0.838462,0.012497,1.000000,1.000000,1.000000,1.000000,0.000000,1.000000,5.000000,5.000000,5.000000,0.000000,34.178588,1.075965,1.222222,0.599322,0.183865,0.645641,20.509144,29.499624,0.928668,16.998955,0.535138,2.916591,0.091816,75.608746,129.042930,163.414482,94.671378,68.743104,0.579333
2025_04_25_IC_small_1,418,82,90,0,-1,0.691175,1321.125000,1079.875000,1562.375000,482.500000,0.849123,138.520874,127.218421,149.823326,22.604905,0.971610,1.070676,1.055258,1.086093,0.030834,0.958621,0.856558,0.838462,0.874654,0.036192,1.000000,1.000000,1.000000,1.000000,0.000000,0.714286,6.000000,5.000000,7.000000,2.000000,34.594447,0.955802,1.120219,0.740814,0.095909,0.902545,32.666879,28.337556,0.782932,17.296891,0.477892,5.429171,0.150001,84.428636,144.723954,159.148656,130.299252,28.849405,0.818727
2025_04_25_IC_small_1,419,373,352,0,-1,0.919549,851.000000,815.333333,886.666667,71.333333,0.884970,116.222853,109.130365,123.315341,14.184976,0.911544,1.373922,1.310345,1.437500,0.127155,0.851691,0.796512,0.732717,0.860308,0.127591,0.987746,0.993873,0.987746,1.000000,0.012254,1.000000,6.000000,6.000000,6.000000,0.000000,30.982844,1.062312,1.120253,0.510981,0.255223,0.477564,13.928388,27.400401,0.939480,15.608253,0.535162,3.429802,0.117598,56.190273,112.123730,163.984560,60.262900,103.721660,0.367491
2025_04_25_IC_small_1,420,373,383,0,-1,0.643289,1041.388889,815.333333,1267.444444,452.111111,0.714665,130.915898,109.130365,152.701432,43.571067,0.534386,1.881200,1.310345,2.452055,1.141710,0.793960,0.771679,0.683050,0.860308,0.177258,1.000000,1.000000,1.000000,1.000000,0.000000,1.000000,6.000000,6.000000,6.000000,0.000000,39.299429,1.225136,1.493506,0.497901,0.312643,0.507482,16.278821,27.786370,0.866223,19.061383,0.594227,7.451359,0.232292,70.149245,109.638306,119.991086,99.285525,20.705561,0.827441
2025_04_25_IC_small_1,421,373,379,0,-1,0.888808,866.333333,815.333333,917.333333,102.000000,0.917335,114.047443,109.130365,118.964520,9.834155,0.818660,1.191536,1.072727,1.310345,0.237618,0.946778,0.837414,0.814521,0.860308,0.045787,1.000000,1.000000,1.000000,1.000000,0.000000,1.000000,6.000000,6.000000,6.000000,0.000000,29.897860,1.016216,1.298611,0.574990,0.154675,0.569319,16.749793,22.902645,0.778451,14.179072,0.481941,0.115126,0.003913,52.363747,88.575867,92.679273,84.472460,8.206814,0.911449
2025_04_25_IC_small_1,422,373,391,0,-1,0.891399,865.000000,815.333333,914.666667,99.333333,0.820735,121.048522,109.130365,132.966679,23.836314,0.515684,1.925664,1.310345,2.540984,1.230639,0.755672,0.755209,0.650110,0.860308,0.210197,1.000000,1.000000,1.000000,1.000000,0.000000,1.000000,6.000000,6.000000,6.000000,0.000000,40.167984,1.366316,2.078947,0.481096,0.317052,0.502098,14.761060,31.989437,1.088122,20.009456,0.680623,6.907694,0.234966,79.258974,129.052623,134.687101,123.418144,11.268958,0.916332
2025_04_25_IC_small_1,423,76,85,0,-1,0.740555,1128.750000,960.500000,1297.000000,336.500000,0.813289,134.520242,120.668965,148.371520,27.702555,0.640880,1.354855,1.058333,1.651376,0.593043,0.893167,0.784648,0.740370,0.828927,0.088557,1.000000,1.000000,1.000000,1.000000,0.000000,0.857143,6.500000,6.000000,7.000000,1.000000,34.577764,1.032082,1.064516,0.547148,0.267922,0.616942,20.669355,30.470466,0.909487,16.823257,0.502143,3.037649,0.090668,87.357230,100.572907,107.357787,93.788027,13.569760,0.873602
2025_04_25_IC_small_1,424,76,88,0,-1,0.850244,1411.222222,1297.000000,1525.444444,228.444444,0.982497,149.693132,148.371520,151.014743,2.643223,0.670903,1.379645,1.107914,1.651376,0.543462,0.880808,0.790464,0.740370,0.840558,0.100188,1.000000,1.000000,1.000000,1.000000,0.000000,0.857143,6.500000,6.000000,7.000000,1.000000,39.303696,1.047110,1.004237,0.593989,0.174907,0.733005,27.513633,28.024663,0.746619,18.337812,0.488547,3.139160,0.083632,45.662455,128.387136,160.906508,95.867765,65.038743,0.595798
2025_04_25_IC_small_1,425,76,93,0,-1,0.781162,1155.083333,1013.166667,1297.000000,283.833333,0.847785,137.079332,125.787145,148.371520,22.584376,0.742464,1.438732,1.226087,1.651376,0.425289,0.920090,0.772520,0.740370,0.804671,0.064301,1.000000,1.000000,1.000000,1.000000,0.000000,0.857143,6.500000,6.000000,7.000000,1.000000,40.300553,1.188033,1.555556,0.534079,0.171055,0.604546,20.507451,32.228588,0.950077,19.247305,0.567398,2.055623,0.060598,66.093236,107.424135,134.341457,80.506813,53.834644,0.599270
2025_04_25_IC_small_1,426,85,92,0,-1,0.979308,950.562500,940.625000,960.500000,19.875000,0.991372,120.148407,119.627849,120.668965,1.041116,0.887767,1.125231,1.058333,1.192130,0.133796,0.996428,0.827446,0.825965,0.828927,0.002961,1.000000,1.000000,1.000000,1.000000,0.000000,0.833333,5.500000,5.000000,6.000000,1.000000,35.724767,1.158737,1.482704,0.593369,0.145791,0.642910,19.821425,27.649769,0.896824,17.857006,0.579194,0.837699,0.027171,87.757550,123.648737,138.458724,108.838750,29.619975,0.786074
2025_04_25_IC_small_1,427,85,93,0,-1,0.948018,986.833333,960.500000,1013.166667,52.666667,0.959311,123.228055,120.668965,125.787145,5.118180,0.863180,1.142210,1.058333,1.226087,0.167754,0.970738,0.816799,0.804671,0.828927,0.024256,1.000000,1.000000,1.000000,1.000000,0.000000,1.000000,6.000000,6.000000,6.000000,0.000000,28.123395,0.895333,1.050847,0.786728,0.030147,1.096786,34.451254,23.333121,0.742830,13.959708,0.444420,0.201776,0.006424,74.348902,165.904243,172.135400,159.673086,12.462314,0.927602
2025_04_25_IC_small_1,428,85,99,0,-1,0.974303,973.166667,960.500000,985.833333,25.333333,0.977128,122.081261,120.668965,123.493558,2.824593,0.881944,1.129167,1.058333,1.200000,0.141667,0.979961,0.820621,0.812316,0.828927,0.016611,1.000000,1.000000,1.000000,1.000000,0.000000,1.000000,6.000000,6.000000,6.000000,0.000000,38.855754,1.245578,1.168421,0.460671,0.388337,0.220287,6.871843,31.848153,1.020939,18.888473,0.605498,0.804204,0.025780,79.904069,95.067548,102.413568,87.721529,14.692039,0.856542
2025_04_25_IC_small_1,429,361,365,0,-1,0.954552,1204.166667,1176.166667,1232.166667,56.000000,0.967815,137.344159,135.097773,139.590545,4.492772,0.966102,1.215879,1.194915,1.236842,0.041927,0.981262,0.802221,0.794634,0.809809,0.015174,1.000000,1.000000,1.000000,1.000000,0.000000,0.714286,6.000000,5.000000,7.000000,2.000000,32.021190,0.922834,1.314815,0.648828,0.146851,0.846081,29.357944,24.528161,0.706889,15.797053,0.455263,0.336663,0.009702,53.786302,98.633985,106.433624,90.834346,15.599279,0.853437
2025_04_25_IC_small_1,430,361,385,0,-1,0.870734,1152.527778,1072.888889,1232.166667,159.277778,0.891713,132.032610,124.474675,139.590545,15.115870,0.844220,1.101844,1.008772,1.194915,0.186143,0.913197,0.832401,0.794634,0.870167,0.075533,1.000000,1.000000,1.000000,1.000000,0.000000,0.875000,7.500000,7.000000,8.000000,1.000000,46.371170,1.366728,1.004464,0.489800,0.234485,0.307714,10.440307,32.211997,0.949405,21.771732,0.641692,2.342065,0.069029,67.140204,108.702678,115.516699,101.888658,13.628041,0.882025
2025_04_25_IC_small_1,431,361,390,0,-1,0.987973,1239.666667,1232.166667,1247.166667,15.000000,0.975938,137.911122,136.231700,139.590545,3.358846,0.955437,1.168291,1.141667,1.194915,0.053249,0.940999,0.819546,0.794634,0.844458,0.049824,1.000000,1.000000,1.000000,1.000000,0.000000,0.714286,6.000000,5.000000,7.000000,2.000000,40.058919,1.137755,1.964029,0.618833,0.117034,0.730521,25.720722,29.241221,0.830510,19.635839,0.557698,0.256057,0.007273,71.875367,141.438613,141.499346,141.377879,0.121467,0.999142
2025_04_25_IC_small_1,432,361,386,0,-1,0.739818,1448.833333,1232.166667,1665.500000,433.333333,0.782969,158.937125,139.590545,178.283704,38.693159,0.900979,1.260578,1.194915,1.326241,0.131326,0.828636,0.726549,0.658463,0.794634,0.136172,0.915949,0.957974,0.915949,1.000000,0.084051,0.777778,8.000000,7.000000,9.000000,2.000000,53.238265,1.402617,1.070588,0.402339,0.547797,0.224414,8.517955,41.083503,1.082387,25.785394,0.679343,12.346224,0.325274,76.264441,100.807120,107.286635,94.327605,12.959030,0.879211
2025_04_25_IC_small_1,433,350,337,0,-1,0.895405,1189.472222,1123.833333,1255.111111,131.277778,0.848883,140.584921,129.094314,152.075529,22.981216,0.749133,1.400926,1.200000,1.601852,0.401852,0.804777,0.764700,0.681983,0.847418,0.165435,1.000000,1.000000,1.000000,1.000000,0.000000,0.857143,6.500000,6.000000,7.000000,1.000000,37.509334,1.087997,1.071429,0.532325,0.223582,0.640910,22.095751,30.211374,0.876312,17.192656,0.498691,1.544696,0.044805,46.281151,108.097084,122.827707,93.366461,29.461247,0.760142
2025_04_25_IC_small_1,434,350,367,0,-1,0.850346,1365.555556,1255.111111,1476.000000,220.888889,0.994509,151.658006,151.240483,152.075529,0.835046,0.817506,1.455688,1.309524,1.601852,0.292328,0.841033,0.746435,0.681983,0.810887,0.128904,1.000000,1.000000,1.000000,1.000000,0.000000,0.833333,5.500000,5.000000,6.000000,1.000000,31.586173,0.855457,1.213542,0.660648,0.132791,1.020936,37.696154,25.411101,0.688216,14.749982,0.399478,3.425295,0.092768,22.576013,124.215232,128.685582,119.744881,8.940701,0.930523
2025_04_25_IC_small_1,435,350,383,0,-1,0.990269,1261.277778,1255.111111,1267.444444,12.333333,0.995901,152.388480,152.075529,152.701432,0.625902,0.653269,2.026953,1.601852,2.452055,0.850203,0.998437,0.682516,0.681983,0.683050,0.001067,1.000000,1.000000,1.000000,1.000000,0.000000,1.000000,6.000000,6.000000,6.000000,0.000000,57.304677,1.613563,1.867816,0.356534,0.370061,0.092915,3.299832,41.004350,1.154585,28.537809,0.803557,1.967906,0.055412,68.330751,86.108991,89.209965,83.008017,6.201948,0.930479
2025_04_25_IC_small_1,436,350,389,0,-1,0.779008,1433.138889,1255.111111,1611.166667,356.055556,0.947779,156.265076,152.075529,160.454623,8.379094,0.890274,1.513969,1.426087,1.601852,0.175765,0.867216,0.734193,0.681983,0.786404,0.104422,1.000000,1.000000,1.000000,1.000000,0.000000,1.000000,6.000000,6.000000,6.000000,0.000000,54.506572,1.442605,2.741667,0.483863,0.207179,0.525273,19.846634,40.540459,1.072969,27.104289,0.717359,3.448144,0.091261,83.638486,130.752495,134.270157,127.234834,7.035323,0.947603
2025_04_25_IC_small_1,437,87,89,0,-1,0.797049,984.583333,873.388889,1095.777778,222.388889,0.921532,122.525913,117.522410,127.529416,10.007006,0.994744,1.138593,1.135593,1.141593,0.006000,0.938565,0.820658,0.794650,0.846665,0.052015,1.000000,1.000000,1.000000,1.000000,0.000000,0.625000,6.500000,5.000000,8.000000,3.000000,37.727695,1.204286,1.575163,0.529850,0.166737,0.461960,14.472196,30.137903,0.962017,18.628485,0.594630,4.485683,0.143185,77.007277,95.451633,106.580337,84.322929,22.257407,0.791168
2025_04_25_IC_small_1,438,87,91,0,-1,0.913682,835.694444,798.000000,873.388889,75.388889,0.965839,115.515045,113.507681,117.522410,4.014728,0.929757,1.101498,1.061404,1.141593,0.080189,0.979459,0.786489,0.778327,0.794650,0.016323,1.000000,1.000000,1.000000,1.000000,0.000000,1.000000,5.000000,5.000000,5.000000,0.000000,23.149404,0.800989,1.090909,0.843057,0.021639,1.266231,36.595385,21.109623,0.730411,11.538879,0.399255,1.061624,0.036733,62.057338,161.946148,162.870316,161.021979,1.848336,0.988651
2025_04_25_IC_small_1,439,87,98,0,-1,0.866739,815.194444,757.000000,873.388889,116.388889,0.896699,111.452330,105.382251,117.522410,12.140159,0.875969,1.070796,1.000000,1.141593,0.141593,0.927695,0.825618,0.794650,0.856586,0.061935,1.000000,1.000000,1.000000,1.000000,0.000000,0.833333,5.500000,5.000000,6.000000,1.000000,34.089850,1.194735,1.391892,0.540078,0.238866,0.493012,14.067299,25.230721,0.884252,16.377623,0.573981,4.215719,0.147747,70.063886,111.388666,119.149365,103.627967,15.521399,0.869732
2025_04_25_IC_small_1,440,363,334,0,-1,0.324878,816.125000,400.250000,1232.000000,831.750000,0.574023,109.800546,80.085253,139.515838,59.430585,0.708826,1.412030,1.171429,1.652632,0.481203,0.985967,0.789797,0.784217,0.795378,0.011161,1.000000,1.000000,1.000000,1.000000,0.000000,0.833333,5.500000,5.000000,6.000000,1.000000,28.716240,1.042216,1.088608,0.544718,0.252327,0.463682,12.775845,25.905628,0.940209,13.568248,0.492441,8.889285,0.322624,52.252090,99.678467,111.130193,88.226742,22.903451,0.793904
2025_04_25_IC_small_1,441,363,368,0,-1,0.352238,768.277778,400.250000,1136.305556,736.055556,0.630609,103.540928,80.085253,126.996602,46.911349,0.882976,1.102886,1.034343,1.171429,0.137085,0.885758,0.834789,0.784217,0.885362,0.101145,1.000000,1.000000,1.000000,1.000000,0.000000,0.714286,6.000000,5.000000,7.000000,2.000000,25.399089,0.945691,1.054422,0.768160,0.071480,0.903589,24.268321,22.628882,0.842548,12.699536,0.472845,10.516219,0.391553,80.456077,142.631667,158.869807,126.393526,32.476281,0.795579
2025_04_25_IC_small_1,442,363,369,0,-1,0.480877,616.291667,400.250000,832.333333,432.083333,0.699258,97.307066,80.085253,114.528878,34.443625,0.863186,1.091295,1.011161,1.171429,0.160268,0.983465,0.790809,0.784217,0.797402,0.013185,1.000000,1.000000,1.000000,1.000000,0.000000,0.833333,5.500000,5.000000,6.000000,1.000000,32.303195,1.322372,1.154362,0.550742,0.175309,0.550836,13.455947,28.815519,1.179600,16.133989,0.660465,10.096935,0.413331,87.056931,144.484275,169.808299,119.160251,50.648048,0.701734
2025_04_25_IC_small_1,443,334,338,0,-1,0.799394,1386.583333,1232.000000,1541.166667,309.166667,0.912043,146.243220,139.515838,152.970601,13.454763,0.991204,1.645363,1.638095,1.652632,0.014536,0.961015,0.811511,0.795378,0.827644,0.032266,1.000000,1.000000,1.000000,1.000000,0.000000,0.857143,6.500000,6.000000,7.000000,1.000000,31.276766,0.841253,1.000000,0.753141,0.099044,1.040638,38.689648,24.487263,0.658636,14.760519,0.397015,2.196119,0.059069,46.787305,121.120038,128.811384,113.428693,15.382691,0.880580
2025_04_25_IC_small_1,444,334,369,0,-1,0.675595,1032.166667,832.333333,1232.000000,399.666667,0.820902,127.022358,114.528878,139.515838,24.986960,0.611849,1.331896,1.011161,1.652632,0.641471,0.997462,0.796390,0.795378,0.797402,0.002024,1.000000,1.000000,1.000000,1.000000,0.000000,1.000000,6.000000,6.000000,6.000000,0.000000,36.963903,1.156024,2.216336,0.619893,0.133269,0.773686,24.738634,28.054979,0.877403,17.598802,0.550392,7.540268,0.235817,64.528776,141.479741,153.249925,129.709557,23.540369,0.846392
2025_04_25_IC_small_1,445,337,365,0,-1,0.955505,1150.000000,1123.833333,1176.166667,52.333333,0.955562,132.096043,129.094314,135.097773,6.003459,0.970213,1.218421,1.200000,1.236842,0.036842,0.955619,0.828613,0.809809,0.847418,0.037609,1.000000,1.000000,1.000000,1.000000,0.000000,0.714286,6.000000,5.000000,7.000000,2.000000,40.358600,1.190187,1.392265,0.558551,0.242826,0.541370,18.357560,31.118017,0.917680,20.077456,0.592090,0.173599,0.005119,88.034193,121.450081,123.178512,119.721650,3.456862,0.971936
2025_04_25_IC_small_1,446,337,367,0,-1,0.761405,1299.916667,1123.833333,1476.000000,352.166667,0.853570,140.167398,129.094314,151.240483,22.146170,0.916364,1.254762,1.200000,1.309524,0.109524,0.956891,0.829152,0.810887,0.847418,0.036531,1.000000,1.000000,1.000000,1.000000,0.000000,0.714286,6.000000,5.000000,7.000000,2.000000,44.319913,1.232095,1.979167,0.556077,0.221745,0.527468,18.973666,34.550331,0.960500,21.860440,0.607721,6.320526,0.175711,78.188477,125.751424,146.888658,104.614191,42.274467,0.712201
2025_04_25_IC_small_1,447,86,89,0,-1,0.588390,1479.055556,1095.777778,1862.333333,766.555556,0.785561,144.935638,127.529416,162.341861,34.812445,0.952854,1.163687,1.135593,1.191781,0.056188,0.953466,0.867326,0.846665,0.887986,0.041321,1.000000,1.000000,1.000000,1.000000,0.000000,1.000000,8.000000,8.000000,8.000000,0.000000,43.509562,1.141125,1.844156,0.540941,0.180671,0.363622,13.864423,30.857673,0.809304,21.058817,0.552310,8.509743,0.223185,61.549775,76.251125,95.139757,57.362492,37.777265,0.602929
2025_04_25_IC_small_1,448,86,102,0,-1,0.169232,1088.750000,315.166667,1862.333333,1547.166667,0.483259,120.397550,78.453240,162.341861,83.888620,0.975093,1.207002,1.191781,1.222222,0.030441,0.724640,0.765728,0.643470,0.887986,0.244516,1.000000,1.000000,1.000000,1.000000,0.000000,0.500000,6.000000,4.000000,8.000000,4.000000,27.066221,0.888762,1.074713,0.806307,0.024876,0.928888,28.288199,23.259145,0.763751,13.482114,0.442706,17.069518,0.560504,42.335080,128.854536,131.455234,126.253838,5.201396,0.960432
2025_04_25_IC_small_1,449,86,94,0,-1,0.591373,1481.833333,1101.333333,1862.333333,761.000000,0.811206,147.017239,131.692617,162.341861,30.649243,0.936164,1.153742,1.115702,1.191781,0.076078,0.898669,0.842996,0.798005,0.887986,0.089981,1.000000,1.000000,1.000000,1.000000,0.000000,0.625000,6.500000,5.000000,8.000000,3.000000,37.971839,0.994794,1.287958,0.711825,0.097683,0.855362,32.649655,28.780700,0.754003,18.683957,0.489486,9.480552,0.248373,68.754745,123.935728,133.667780,114.203677,19.464104,0.854384
2025_04_25_IC_small_1,450,86,107,0,-1,0.285484,1197.000000,531.666667,1862.333333,1330.666667,0.573971,127.760650,93.179440,162.341861,69.162420,0.930724,1.236134,1.191781,1.280488,0.088707,0.866568,0.828744,0.769501,0.887986,0.118485,1.000000,1.000000,1.000000,1.000000,0.000000,0.875000,7.500000,7.000000,8.000000,1.000000,43.622141,1.317637,1.436782,0.480779,0.328182,0.081175,2.687419,33.469282,1.010963,22.079813,0.666936,16.223024,0.490028,86.674470,92.868062,108.641048,77.095077,31.545971,0.709631
2025_04_25_IC_small_1,451,89,102,0,-1,0.287619,705.472222,315.166667,1095.777778,780.611111,0.615178,102.991328,78.453240,127.529416,49.076176,0.929122,1.178908,1.135593,1.222222,0.086629,0.760006,0.745068,0.643470,0.846665,0.203195,1.000000,1.000000,1.000000,1.000000,0.000000,0.500000,6.000000,4.000000,8.000000,4.000000,38.688593,1.521512,1.410596,0.478145,0.210261,0.263814,6.708204,29.791082,1.171598,19.342042,0.760667,14.597962,0.574096,89.150880,113.610244,138.606405,88.614082,49.992323,0.639322
2025_04_25_IC_small_1,452,89,98,0,-1,0.690834,926.388889,757.000000,1095.777778,338.777778,0.826337,116.455834,105.382251,127.529416,22.147165,0.880597,1.067797,1.000000,1.135593,0.135593,0.988418,0.851625,0.846665,0.856586,0.009921,1.000000,1.000000,1.000000,1.000000,0.000000,0.750000,7.000000,6.000000,8.000000,2.000000,32.073157,1.058238,1.140351,0.590037,0.200000,0.565310,17.133463,25.678855,0.847261,15.679097,0.517324,2.092000,0.069024,54.402038,113.115626,134.270298,91.960955,42.309343,0.684894
2025_04_25_IC_small_1,453,89,105,0,-1,0.552829,850.777778,605.777778,1095.777778,490.000000,0.758483,112.129142,96.728869,127.529416,30.800547,0.999322,1.135978,1.135593,1.136364,0.000770,0.960947,0.830133,0.813600,0.846665,0.033065,1.000000,1.000000,1.000000,1.000000,0.000000,0.625000,6.500000,5.000000,8.000000,3.000000,28.569209,0.990008,1.492537,0.669952,0.137978,0.790210,22.803509,22.452510,0.778046,13.917268,0.482275,4.441786,0.153921,61.485261,133.529679,157.182594,109.876764,47.305830,0.699039
2025_04_25_IC_small_1,454,89,104,0,-1,0.611945,883.166667,670.555556,1095.777778,425.222222,0.786789,113.934074,100.338732,127.529416,27.190684,0.989737,1.141481,1.135593,1.147368,0.011775,0.988544,0.841815,0.836965,0.846665,0.009700,1.000000,1.000000,1.000000,1.000000,0.000000,0.750000,7.000000,6.000000,8.000000,2.000000,39.252477,1.330646,1.113514,0.506068,0.229005,0.312540,9.219544,28.777232,0.975539,19.355487,0.656145,8.314809,0.281869,83.489088,96.446696,105.422161,87.471230,17.950931,0.829723
2025_04_25_IC_small_1,455,355,342,0,-1,0.712558,676.555556,563.000000,790.111111,227.111111,0.859103,101.484181,93.792931,109.175432,15.382500,0.931217,1.305766,1.259259,1.352273,0.093013,0.965450,0.818616,0.804226,0.833006,0.028780,1.000000,1.000000,1.000000,1.000000,0.000000,0.833333,5.500000,5.000000,6.000000,1.000000,23.046623,0.889204,1.007042,0.776901,0.047668,1.061554,27.513633,18.135801,0.699730,11.169746,0.430960,3.095393,0.119429,53.666078,142.840903,165.379126,120.302681,45.076445,0.727436
2025_04_25_IC_small_1,456,355,371,0,-1,0.477951,870.472222,563.000000,1177.944444,614.944444,0.715342,112.454578,93.792931,131.116225,37.323294,0.967622,1.238873,1.218487,1.259259,0.040772,0.934020,0.832631,0.804226,0.861037,0.056811,1.000000,1.000000,1.000000,1.000000,0.000000,0.714286,6.000000,5.000000,7.000000,2.000000,30.797587,1.061093,1.126506,0.589401,0.173948,0.555550,16.124515,24.727017,0.851939,15.295043,0.526972,6.797733,0.234207,77.103751,99.868334,105.767183,93.969485,11.797698,0.888456
2025_04_25_IC_small_1,457,355,349,0,-1,0.755536,494.183333,425.366667,563.000000,137.633333,0.913532,89.737865,85.682799,93.792931,8.110132,0.973654,1.276296,1.259259,1.293333,0.034074,0.905332,0.766159,0.728092,0.804226,0.076134,1.000000,1.000000,1.000000,1.000000,0.000000,0.800000,4.500000,4.000000,5.000000,1.000000,18.665926,0.841717,1.015748,0.734025,0.082645,1.113734,24.698178,16.751340,0.755381,9.254298,0.417311,2.372874,0.107002,64.369059,150.680331,166.360663,135.000000,31.360663,0.811490
2025_04_25_IC_small_1,458,92,99,0,-1,0.954142,963.229167,940.625000,985.833333,45.208333,0.968697,121.560703,119.627849,123.493558,3.865709,0.993441,1.196065,1.192130,1.200000,0.007870,0.983474,0.819140,0.812316,0.825965,0.013650,1.000000,1.000000,1.000000,1.000000,0.000000,0.833333,5.500000,5.000000,6.000000,1.000000,28.662694,0.923596,1.074561,0.765564,0.040078,1.052013,32.647954,22.450966,0.723436,14.261006,0.459531,1.200968,0.038699,73.148103,158.463097,168.178512,148.747683,19.430829,0.884463
2025_04_25_IC_small_1,459,92,96,0,-1,0.813068,852.708333,764.791667,940.625000,175.833333,0.940182,116.049889,112.471929,119.627849,7.155919,0.914510,1.247851,1.192130,1.303571,0.111442,0.919820,0.792852,0.759740,0.825965,0.066226,1.000000,1.000000,1.000000,1.000000,0.000000,0.714286,6.000000,5.000000,7.000000,2.000000,32.086484,1.100275,1.059524,0.640060,0.092320,0.842137,24.558603,26.089605,0.894637,15.629610,0.535954,3.620265,0.124142,74.432921,127.325498,159.148656,95.502340,63.646316,0.600083
2025_04_25_IC_small_1,460,346,352,0,-1,0.703239,1073.750000,886.666667,1260.833333,374.166667,0.879052,131.798776,123.315341,140.282212,16.966871,0.978911,1.452984,1.437500,1.468468,0.030968,0.910068,0.768920,0.732717,0.805123,0.072407,0.987746,0.993873,0.987746,1.000000,0.012254,0.857143,6.500000,6.000000,7.000000,1.000000,30.271884,0.927374,1.245399,0.584575,0.199845,0.746566,24.369836,26.273142,0.804873,15.133949,0.463626,5.155549,0.157939,64.172148,101.127583,111.557079,90.698086,20.858993,0.813020
2025_04_25_IC_small_1,461,346,335,0,-1,0.540119,970.916667,681.000000,1260.833333,579.833333,0.782831,125.049766,109.817321,140.282212,30.464891,0.788860,1.313442,1.158416,1.468468,0.310053,0.881359,0.757363,0.709603,0.805123,0.095520,1.000000,1.000000,1.000000,1.000000,0.000000,0.571429,5.500000,4.000000,7.000000,3.000000,27.282507,0.885735,1.379310,0.751249,0.066089,1.134223,34.936450,23.958034,0.777805,13.531201,0.439295,6.002252,0.194865,51.393093,156.960734,169.118449,144.803018,24.315431,0.856222
2025_04_25_IC_small_1,462,346,362,0,-1,0.664508,1049.333333,837.833333,1260.833333,423.000000,0.818549,127.555023,114.827835,140.282212,25.454377,0.738801,1.276687,1.084906,1.468468,0.383563,0.991770,0.801810,0.798497,0.805123,0.006626,1.000000,1.000000,1.000000,1.000000,0.000000,0.714286,6.000000,5.000000,7.000000,2.000000,29.538861,0.916594,1.122807,0.602004,0.235282,0.710688,22.903178,25.342928,0.786393,14.710873,0.456480,2.919172,0.090582,75.288957,105.882270,111.182213,100.582326,10.599887,0.904662
2025_04_25_IC_small_1,463,346,329,0,-1,0.815165,1403.777778,1260.833333,1546.722222,285.888889,0.895763,148.444302,140.282212,156.606392,16.324181,0.871426,1.374065,1.279661,1.468468,0.188807,0.984330,0.798815,0.792507,0.805123,0.012616,1.000000,1.000000,1.000000,1.000000,0.000000,0.857143,6.500000,6.000000,7.000000,1.000000,44.823814,1.197911,1.133028,0.501044,0.307187,0.421335,15.765645,32.534433,0.869479,20.223460,0.540470,1.663151,0.044448,58.309476,87.282409,103.603261,70.961557,32.641705,0.684936
2025_04_25_IC_small_1,464,346,379,0,-1,0.727561,1089.083333,917.333333,1260.833333,343.500000,0.848037,129.623366,118.964520,140.282212,21.317691,0.730508,1.270598,1.072727,1.468468,0.395741,0.988463,0.809822,0.805123,0.814521,0.009398,1.000000,1.000000,1.000000,1.000000,0.000000,0.857143,6.500000,6.000000,7.000000,1.000000,45.858934,1.393979,1.356383,0.502970,0.207922,0.394642,12.982895,34.563197,1.050621,22.675022,0.689255,5.900797,0.179367,83.062647,126.050779,138.672865,113.428693,25.244172,0.817959
2025_04_25_IC_small_1,465,346,375,0,-1,0.874950,1182.000000,1103.166667,1260.833333,157.666667,0.925921,135.086249,129.890287,140.282212,10.391925,0.709356,1.255068,1.041667,1.468468,0.426802,0.979862,0.813397,0.805123,0.821670,0.016547,1.000000,1.000000,1.000000,1.000000,0.000000,0.857143,6.500000,6.000000,7.000000,1.000000,36.278592,1.055805,1.621622,0.588513,0.174633,0.662082,22.749847,28.321642,0.824236,16.665632,0.485015,1.248053,0.036322,50.550371,115.642910,122.258142,109.027677,13.230464,0.891783
2025_04_25_IC_small_1,466,352,335,0,-1,0.768045,783.833333,681.000000,886.666667,205.666667,0.890541,116.566331,109.817321,123.315341,13.498020,0.805854,1.297958,1.158416,1.437500,0.279084,0.968455,0.721160,0.709603,0.732717,0.023114,0.987746,0.993873,0.987746,1.000000,0.012254,0.666667,5.000000,4.000000,6.000000,2.000000,29.690905,1.062801,1.120000,0.509744,0.342654,0.654078,18.272627,26.616334,0.952745,14.119544,0.505416,1.601541,0.057328,57.321406,121.277209,124.498895,118.055523,6.443372,0.948246
2025_04_25_IC_small_1,467,352,379,0,-1,0.966570,902.000000,886.666667,917.333333,30.666667,0.964718,121.139930,118.964520,123.315341,4.350820,0.746245,1.255114,1.072727,1.437500,0.364773,0.899568,0.773619,0.732717,0.814521,0.081804,0.987746,0.993873,0.987746,1.000000,0.012254,1.000000,6.000000,6.000000,6.000000,0.000000,37.490230,1.248333,1.872000,0.516587,0.261548,0.546008,16.397832,26.774467,0.891524,17.742434,0.590780,3.665668,0.122058,65.908455,123.278604,135.014228,111.542980,23.471248,0.826157
2025_04_25_IC_small_1,468,91,98,0,-1,0.948622,777.500000,757.000000,798.000000,41.000000,0.928415,109.444966,105.382251,113.507681,8.125430,0.942149,1.030702,1.000000,1.061404,0.061404,0.908639,0.817456,0.778327,0.856586,0.078258,1.000000,1.000000,1.000000,1.000000,0.000000,0.833333,5.500000,5.000000,6.000000,1.000000,31.741181,1.138441,1.188679,0.557208,0.202751,0.567097,15.811388,23.540950,0.844329,15.785999,0.566187,3.313306,0.118836,85.683257,110.073040,124.796026,95.350054,29.445973,0.764047
2025_04_25_IC_small_1,469,91,108,0,-1,0.870788,746.444444,694.888889,798.000000,103.111111,0.931285,109.607859,105.708037,113.507681,7.799645,0.677871,1.313596,1.061404,1.565789,0.504386,0.995986,0.779896,0.778327,0.781464,0.003137,1.000000,1.000000,1.000000,1.000000,0.000000,0.833333,5.500000,5.000000,6.000000,1.000000,33.965333,1.243932,2.026316,0.506092,0.162325,0.488619,13.341664,24.994294,0.915380,16.202214,0.593383,0.217108,0.007951,65.769195,110.553146,123.503437,97.602855,25.900582,0.790285
2025_04_25_IC_small_1,470,91,100,0,-1,0.733723,691.755556,585.511111,798.000000,212.488889,0.844773,104.697955,95.888229,113.507681,17.619453,0.942149,1.030702,1.000000,1.061404,0.061404,0.972630,0.789278,0.778327,0.800229,0.021902,1.000000,1.000000,1.000000,1.000000,0.000000,1.000000,5.000000,5.000000,5.000000,0.000000,24.584056,0.937496,1.053333,0.668811,0.083616,0.918395,24.083189,20.830137,0.794343,12.236650,0.466636,1.719136,0.065558,64.840493,143.909993,170.050998,117.768988,52.282010,0.692551
2025_04_25_IC_small_1,471,365,367,0,-1,0.796861,1326.083333,1176.166667,1476.000000,299.833333,0.893265,143.169128,135.097773,151.240483,16.142710,0.944498,1.273183,1.236842,1.309524,0.072682,0.998671,0.810348,0.809809,0.810887,0.001078,1.000000,1.000000,1.000000,1.000000,0.000000,1.000000,5.000000,5.000000,5.000000,0.000000,32.014950,0.880571,1.206897,0.772193,0.048639,1.080775,39.293765,28.513606,0.784267,15.949030,0.438678,2.539355,0.069845,64.358885,151.299360,170.391422,132.207298,38.184124,0.775903
2025_04_25_IC_small_1,472,365,386,0,-1,0.706194,1420.833333,1176.166667,1665.500000,489.333333,0.757768,156.690738,135.097773,178.283704,43.185931,0.932592,1.281542,1.236842,1.326241,0.089399,0.813109,0.734136,0.658463,0.809809,0.151346,0.915949,0.957974,0.915949,1.000000,0.084051,0.555556,7.000000,5.000000,9.000000,4.000000,37.413982,0.996300,1.251337,0.576489,0.257146,0.858762,32.249031,30.362181,0.808517,15.096851,0.402015,0.459273,0.012230,40.227231,128.635880,161.879020,95.392741,66.486279,0.589284
2025_04_25_IC_small_1,473,88,93,0,-1,0.664178,1269.305556,1013.166667,1525.444444,512.277778,0.832946,138.400944,125.787145,151.014743,25.227599,0.903618,1.167000,1.107914,1.226087,0.118173,0.957306,0.822614,0.804671,0.840558,0.035887,1.000000,1.000000,1.000000,1.000000,0.000000,1.000000,6.000000,6.000000,6.000000,0.000000,46.808466,1.320646,1.876623,0.444629,0.224598,0.126176,4.472136,35.117249,0.990792,23.205799,0.654725,5.746173,0.162122,84.122161,77.921626,91.091216,64.752035,26.339181,0.710848
2025_04_25_IC_small_1,474,88,103,0,-1,0.614684,1231.555556,937.666667,1525.444444,587.777778,0.813420,136.926609,122.838476,151.014743,28.176267,0.967357,1.126606,1.107914,1.145299,0.037385,0.929013,0.810724,0.780889,0.840558,0.059668,1.000000,1.000000,1.000000,1.000000,0.000000,0.833333,5.500000,5.000000,6.000000,1.000000,40.659020,1.167050,1.071090,0.558411,0.230693,0.551373,19.209373,29.697111,0.852407,19.858178,0.569996,8.381583,0.240579,82.053734,96.073563,101.003541,91.143585,9.859956,0.902380
2025_04_25_IC_small_1,475,88,97,0,-1,0.921480,1465.555556,1405.666667,1525.444444,119.777778,0.989294,150.206379,149.398015,151.014743,1.616728,0.977295,1.095336,1.082759,1.107914,0.025155,0.941532,0.815985,0.791412,0.840558,0.049146,1.000000,1.000000,1.000000,1.000000,0.000000,1.000000,6.000000,6.000000,6.000000,0.000000,33.461269,0.874243,1.090452,0.808779,0.012074,1.136616,43.503512,25.936017,0.677630,16.728949,0.437077,1.189194,0.031070,71.879901,174.792439,178.499805,171.085073,7.414732,0.958461
2025_04_25_IC_small_1,476,88,84,0,-1,0.709972,1304.233971,1083.023497,1525.444444,442.420947,0.895449,143.120379,135.226015,151.014743,15.788728,0.897917,1.170892,1.107914,1.233871,0.125957,0.885441,0.792411,0.744264,0.840558,0.096293,1.000000,1.000000,1.000000,1.000000,0.000000,0.857143,6.500000,6.000000,7.000000,1.000000,35.779047,0.994328,1.338983,0.614266,0.207913,0.767538,27.618432,30.100832,0.836526,17.347385,0.482098,8.096327,0.225003,78.837974,102.883746,115.496655,90.270838,25.225817,0.781588
2025_04_25_IC_small_1,477,93,99,0,-1,0.973022,999.500000,985.833333,1013.166667,27.333333,0.981766,124.640351,123.493558,125.787145,2.293587,0.978723,1.213043,1.200000,1.226087,0.026087,0.990589,0.808493,0.804671,0.812316,0.007645,1.000000,1.000000,1.000000,1.000000,0.000000,1.000000,6.000000,6.000000,6.000000,0.000000,34.368260,1.087117,1.589404,0.639637,0.078678,0.808305,25.553865,27.263866,0.862395,16.962556,0.536550,1.656117,0.052385,75.482648,126.002045,139.398705,112.605385,26.793320,0.807794
2025_04_25_IC_small_1,478,93,103,0,-1,0.925481,975.416667,937.666667,1013.166667,75.500000,0.976558,124.312810,122.838476,125.787145,2.948669,0.934109,1.185693,1.145299,1.226087,0.080788,0.970446,0.792780,0.780889,0.804671,0.023781,1.000000,1.000000,1.000000,1.000000,0.000000,0.833333,5.500000,5.000000,6.000000,1.000000,27.847689,0.891816,1.145349,0.731862,0.043571,1.050491,32.802439,20.254103,0.648633,13.806940,0.442164,0.308204,0.009870,54.022243,145.090444,167.905243,122.275644,45.629599,0.728242
2025_04_25_IC_small_1,479,93,111,0,-1,0.811327,1130.972222,1013.166667,1248.777778,235.611111,0.914742,131.649134,125.787145,137.511122,11.723978,0.891700,1.300543,1.226087,1.375000,0.148913,0.969614,0.817279,0.804671,0.829888,0.025217,1.000000,1.000000,1.000000,1.000000,0.000000,0.857143,6.500000,6.000000,7.000000,1.000000,43.779393,1.303572,1.868056,0.464782,0.317279,0.238208,8.000000,33.143559,0.986881,21.521388,0.640820,4.847673,0.144344,69.333385,97.657508,100.022068,95.292948,4.729120,0.952719
2025_04_25_IC_small_1,480,102,104,0,-1,0.470008,492.861111,315.166667,670.555556,355.388889,0.781884,89.395986,78.453240,100.338732,21.885492,0.938756,1.184795,1.147368,1.222222,0.074854,0.768813,0.740218,0.643470,0.836965,0.193495,1.000000,1.000000,1.000000,1.000000,0.000000,0.666667,5.000000,4.000000,6.000000,2.000000,17.946726,0.822339,1.032520,0.793051,0.035338,1.232919,26.907248,15.903372,0.728710,8.942634,0.409761,6.053116,0.277360,33.649937,166.475726,166.987695,165.963757,1.023939,0.993868
2025_04_25_IC_small_1,481,102,107,0,-1,0.592790,423.416667,315.166667,531.666667,216.500000,0.841959,85.816340,78.453240,93.179440,14.726200,0.954497,1.251355,1.222222,1.280488,0.058266,0.836218,0.706485,0.643470,0.769501,0.126031,1.000000,1.000000,1.000000,1.000000,0.000000,0.571429,5.500000,4.000000,7.000000,3.000000,22.015958,1.078927,1.071429,0.554496,0.239520,0.811039,16.549589,19.092464,0.935657,10.513474,0.515230,1.556309,0.076269,77.757870,131.059495,151.449690,110.669300,40.780390,0.730733
2025_04_25_IC_small_1,482,338,372,0,-1,0.508922,1162.750000,784.333333,1541.166667,756.833333,0.727097,132.097570,111.224540,152.970601,41.746061,0.711221,1.401572,1.165049,1.638095,0.473047,0.962644,0.812185,0.796727,0.827644,0.030917,1.000000,1.000000,1.000000,1.000000,0.000000,0.714286,6.000000,5.000000,7.000000,2.000000,38.921940,1.157295,1.198925,0.545792,0.233642,0.487670,16.401219,32.364928,0.962330,19.183937,0.570410,10.963752,0.325993,87.183122,110.022592,134.507498,85.537686,48.969813,0.635932
2025_04_25_IC_small_1,483,338,369,0,-1,0.540067,1186.750000,832.333333,1541.166667,708.833333,0.748699,133.749740,114.528878,152.970601,38.441723,0.617278,1.324628,1.011161,1.638095,0.626935,0.963460,0.812523,0.797402,0.827644,0.030242,1.000000,1.000000,1.000000,1.000000,0.000000,0.857143,6.500000,6.000000,7.000000,1.000000,36.972415,1.085701,1.133583,0.522755,0.263746,0.420445,14.317821,30.587538,0.898208,17.983397,0.528086,8.126276,0.238630,47.652388,96.749328,115.559965,77.938691,37.621275,0.674444
2025_04_25_IC_small_1,484,338,382,0,-1,0.995818,1537.944444,1534.722222,1541.166667,6.444444,0.974075,150.987704,149.004807,152.970601,3.965794,0.614921,1.322697,1.007299,1.638095,0.630796,0.952806,0.848141,0.827644,0.868639,0.040995,0.986819,0.993409,0.986819,1.000000,0.013181,0.777778,8.000000,7.000000,9.000000,2.000000,49.223093,1.255159,2.195652,0.531292,0.148575,0.411165,16.124515,36.962260,0.942515,24.611296,0.627573,1.401676,0.035742,87.393751,106.362994,136.789911,75.936077,60.853833,0.555129
2025_04_25_IC_small_1,485,94,90,0,-1,0.704910,1331.854167,1101.333333,1562.375000,461.041667,0.878986,140.757972,131.692617,149.823326,18.130709,0.945824,1.085480,1.055258,1.115702,0.060444,0.912367,0.836330,0.798005,0.874654,0.076649,1.000000,1.000000,1.000000,1.000000,0.000000,0.714286,6.000000,5.000000,7.000000,2.000000,40.487057,1.113609,1.798986,0.575991,0.208815,0.556260,20.223748,29.006994,0.797846,20.180724,0.555077,2.873890,0.079047,81.285569,107.117902,131.268603,82.967202,48.301401,0.632041
2025_04_25_IC_small_1,486,94,106,0,-1,0.763519,971.111111,840.888889,1101.333333,260.444444,0.893930,124.708276,117.723934,131.692617,13.968683,0.976240,1.129280,1.115702,1.142857,0.027155,0.955461,0.780234,0.762463,0.798005,0.035542,1.000000,1.000000,1.000000,1.000000,0.000000,0.833333,5.500000,5.000000,6.000000,1.000000,23.983907,0.771380,1.175676,0.843473,0.031579,1.275415,39.655461,18.914128,0.608324,11.800435,0.379530,2.876467,0.092514,28.196113,162.013289,169.644678,154.381900,15.262778,0.910031
2025_04_25_IC_small_1,487,94,107,0,-1,0.482748,816.500000,531.666667,1101.333333,569.666667,0.707552,112.436029,93.179440,131.692617,38.513177,0.871311,1.198095,1.115702,1.280488,0.164785,0.964280,0.783753,0.769501,0.798005,0.028504,1.000000,1.000000,1.000000,1.000000,0.000000,0.714286,6.000000,5.000000,7.000000,2.000000,36.297160,1.290698,1.038889,0.574653,0.094611,0.638307,17.950549,25.592987,0.910066,17.828775,0.633977,11.487720,0.408494,80.230013,123.681784,137.155276,110.208292,26.946983,0.803529
2025_04_25_IC_small_1,488,368,360,0,-1,0.672843,950.430556,764.555556,1136.305556,371.750000,0.819812,115.554967,104.113331,126.996602,22.883271,0.954779,1.058838,1.034343,1.083333,0.048990,0.998883,0.885857,0.885362,0.886352,0.000990,1.000000,1.000000,1.000000,1.000000,0.000000,0.875000,7.500000,7.000000,8.000000,1.000000,37.367546,1.217983,1.166185,0.562620,0.153264,0.408410,12.529964,25.177319,0.820646,18.670029,0.608543,5.305177,0.172920,77.820671,103.115074,117.684364,88.545784,29.138581,0.752401
2025_04_25_IC_small_1,489,368,377,0,-1,0.558242,885.319444,634.333333,1136.305556,501.972222,0.815477,115.279696,103.562790,126.996602,23.433812,0.875930,1.107597,1.034343,1.180851,0.146508,0.839458,0.814293,0.743224,0.885362,0.142137,1.000000,1.000000,1.000000,1.000000,0.000000,0.714286,6.000000,5.000000,7.000000,2.000000,30.866115,1.048172,1.292208,0.694279,0.044523,0.875095,25.769410,26.070862,0.885332,14.880208,0.505312,6.743112,0.228987,68.981922,138.425712,169.808299,107.043126,62.765173,0.630376
2025_04_25_IC_small_1,490,368,392,0,-1,0.434596,815.069444,493.833333,1136.305556,642.472222,0.676509,106.455478,85.914353,126.996602,41.082249,0.873446,1.109277,1.034343,1.184211,0.149867,0.949594,0.863048,0.840734,0.885362,0.044627,1.000000,1.000000,1.000000,1.000000,0.000000,0.857143,6.500000,6.000000,7.000000,1.000000,32.700410,1.169302,1.680808,0.626140,0.126923,0.572749,16.017352,25.143067,0.899067,16.347943,0.584570,10.639658,0.380453,82.208604,121.733112,136.909152,106.557071,30.352081,0.778305
2025_04_25_IC_small_1,491,368,388,0,-1,0.491310,847.291667,558.277778,1136.305556,578.027778,0.724636,109.511443,92.026284,126.996602,34.970318,0.727871,1.227698,1.034343,1.421053,0.386709,0.935655,0.856877,0.828393,0.885362,0.056969,1.000000,1.000000,1.000000,1.000000,0.000000,1.000000,7.000000,7.000000,7.000000,0.000000,28.580461,0.996928,1.046687,0.619048,0.142513,0.585182,16.776306,22.199575,0.774354,14.207636,0.495583,6.436548,0.224516,85.731522,101.188011,134.482671,67.893351,66.589320,0.504848
2025_04_25_IC_small_1,492,90,96,0,-1,0.489506,1163.583333,764.791667,1562.375000,797.583333,0.750697,131.147628,112.471929,149.823326,37.351397,0.809513,1.179415,1.055258,1.303571,0.248313,0.868617,0.817197,0.759740,0.874654,0.114914,1.000000,1.000000,1.000000,1.000000,0.000000,1.000000,7.000000,7.000000,7.000000,0.000000,32.366752,0.963558,1.081522,0.763062,0.037385,0.990278,33.264304,27.985337,0.833123,15.908173,0.473586,10.024288,0.298423,74.826027,133.163118,163.414482,102.911754,60.502728,0.629759
2025_04_25_IC_small_1,493,90,106,0,-1,0.538212,1201.631944,840.888889,1562.375000,721.486111,0.785752,133.773630,117.723934,149.823326,32.099392,0.923351,1.099058,1.055258,1.142857,0.087599,0.871731,0.818559,0.762463,0.874654,0.112191,1.000000,1.000000,1.000000,1.000000,0.000000,0.857143,6.500000,6.000000,7.000000,1.000000,42.688372,1.245922,1.185323,0.520952,0.260780,0.390730,13.387390,32.923887,0.960931,20.241788,0.590786,5.802608,0.169357,73.016815,107.175718,107.388120,106.963317,0.424803,0.996044
2025_04_25_IC_small_1,494,90,109,0,-1,0.464002,1143.659722,724.944444,1562.375000,837.430556,0.695027,126.977307,104.131288,149.823326,45.692038,0.945751,1.085524,1.055258,1.115789,0.060531,0.960541,0.857397,0.840141,0.874654,0.034513,1.000000,1.000000,1.000000,1.000000,0.000000,0.857143,6.500000,6.000000,7.000000,1.000000,34.649601,1.042851,1.587522,0.715236,0.099795,0.804905,26.743639,27.315424,0.822114,17.324800,0.521425,10.778969,0.324415,80.706872,144.038973,153.976699,134.101247,19.875452,0.870919
2025_04_25_IC_small_1,495,370,360,0,-1,0.422904,543.944444,323.333333,764.555556,441.222222,0.705766,88.796477,73.479622,104.113331,30.633709,0.985447,1.075450,1.067568,1.083333,0.015766,0.849025,0.819443,0.752535,0.886352,0.133817,1.000000,1.000000,1.000000,1.000000,0.000000,0.500000,6.000000,4.000000,8.000000,4.000000,22.892136,1.003335,1.076336,0.637142,0.203554,0.681817,15.556349,18.831400,0.825358,11.344755,0.497227,5.367669,0.235259,83.944445,113.673095,125.167282,102.178908,22.988374,0.816339
2025_04_25_IC_small_1,496,370,376,0,-1,0.331718,649.027778,323.333333,974.722222,651.388889,0.610749,96.895155,73.479622,120.310688,46.831066,0.877226,1.142274,1.067568,1.216981,0.149414,0.889292,0.799376,0.752535,0.846218,0.093683,1.000000,1.000000,1.000000,1.000000,0.000000,0.500000,6.000000,4.000000,8.000000,4.000000,26.101530,1.060994,1.095890,0.606656,0.228675,0.605956,14.907120,23.261584,0.945554,11.965415,0.486379,7.130546,0.289848,62.900101,122.195511,138.336337,106.054686,32.281651,0.766644
2025_04_25_IC_small_1,497,370,378,0,-1,0.724782,384.722222,323.333333,446.111111,122.777778,0.854406,79.740228,73.479622,86.000834,12.521212,0.814433,1.189189,1.067568,1.310811,0.243243,0.992839,0.755248,0.752535,0.757962,0.005428,1.000000,1.000000,1.000000,1.000000,0.000000,0.666667,5.000000,4.000000,6.000000,2.000000,16.486761,0.843252,1.382979,0.776597,0.028375,1.224926,23.949020,15.650440,0.800476,8.125662,0.415605,2.189435,0.111983,63.711957,175.100678,178.025066,172.176289,5.848777,0.967146
2025_04_25_IC_small_1,498,360,378,0,-1,0.583491,605.333333,446.111111,764.555556,318.444444,0.826031,95.057083,86.000834,104.113331,18.112497,0.826460,1.197072,1.083333,1.310811,0.227477,0.855148,0.822157,0.757962,0.886352,0.128390,1.000000,1.000000,1.000000,1.000000,0.000000,0.750000,7.000000,6.000000,8.000000,2.000000,30.923679,1.268093,1.545455,0.488724,0.281525,0.280466,6.839428,22.655272,0.929029,15.003864,0.615266,1.737732,0.071259,61.045425,96.555279,113.314531,79.796026,33.518505,0.704199
2025_04_25_IC_small_1,499,342,359,0,-1,0.823302,720.305556,650.500000,790.111111,139.611111,0.919171,104.763168,100.350904,109.175432,8.824527,0.779686,1.203310,1.054348,1.352273,0.297925,0.974465,0.822371,0.811736,0.833006,0.021271,1.000000,1.000000,1.000000,1.000000,0.000000,0.833333,5.500000,5.000000,6.000000,1.000000,24.618920,0.918380,1.150000,0.658347,0.179438,0.815107,21.850502,21.380315,0.797567,12.293591,0.458598,1.408775,0.052553,86.390104,113.734644,117.966840,109.502449,8.464392,0.928248
2025_04_25_IC_small_1,500,342,371,0,-1,0.670754,984.027778,790.111111,1177.944444,387.833333,0.832661,120.145828,109.175432,131.116225,21.940794,0.901066,1.285380,1.218487,1.352273,0.133785,0.967445,0.847022,0.833006,0.861037,0.028031,1.000000,1.000000,1.000000,1.000000,0.000000,0.857143,6.500000,6.000000,7.000000,1.000000,37.462729,1.200149,1.572414,0.536317,0.258038,0.409285,12.775845,27.552884,0.882679,17.948304,0.574989,2.733001,0.087554,74.454079,108.041875,115.432361,100.651389,14.780972,0.871951
2025_04_25_IC_small_1,501,98,105,0,-1,0.800235,681.388889,605.777778,757.000000,151.222222,0.917886,101.055560,96.728869,105.382251,8.653382,0.880000,1.068182,1.000000,1.136364,0.136364,0.949818,0.835093,0.813600,0.856586,0.042986,1.000000,1.000000,1.000000,1.000000,0.000000,0.833333,5.500000,5.000000,6.000000,1.000000,24.384041,0.935577,1.282443,0.735813,0.120995,0.950646,24.776781,22.179876,0.851007,12.190400,0.467727,2.395792,0.091923,89.521676,154.119002,158.162281,150.075723,8.086558,0.948872
2025_04_25_IC_small_1,502,98,108,0,-1,0.917951,725.944444,694.888889,757.000000,62.111111,0.996918,105.545144,105.382251,105.708037,0.325785,0.638655,1.282895,1.000000,1.565789,0.565789,0.912302,0.819025,0.781464,0.856586,0.075121,1.000000,1.000000,1.000000,1.000000,0.000000,1.000000,6.000000,6.000000,6.000000,0.000000,31.260123,1.160482,1.048193,0.507805,0.298232,0.399831,10.770330,24.523918,0.910411,15.144500,0.562215,2.894747,0.107463,64.904556,101.868431,111.700537,92.036325,19.664211,0.823956
2025_04_25_IC_small_1,503,98,114,0,-1,0.741067,889.250000,757.000000,1021.500000,264.500000,0.872064,113.112301,105.382251,120.842352,15.460101,0.907563,1.050926,1.000000,1.101852,0.101852,0.974453,0.867814,0.856586,0.879043,0.022457,1.000000,1.000000,1.000000,1.000000,0.000000,0.857143,6.500000,6.000000,7.000000,1.000000,30.212290,1.015974,1.697479,0.685379,0.146909,0.767488,22.822990,24.345423,0.818684,14.947144,0.502640,2.894498,0.097336,74.348307,129.435234,149.452428,109.418040,40.034388,0.732126
2025_04_25_IC_small_1,504,362,364,0,-1,0.605596,672.611111,507.388889,837.833333,330.444444,0.861249,106.861591,98.895348,114.827835,15.932487,0.801005,1.219668,1.084906,1.354430,0.269525,0.816443,0.725212,0.651927,0.798497,0.146570,1.000000,1.000000,1.000000,1.000000,0.000000,0.800000,4.500000,4.000000,5.000000,1.000000,23.706056,0.921149,1.426087,0.620907,0.170191,0.946587,24.360715,21.436753,0.832970,11.742414,0.456276,4.324701,0.168045,82.486702,133.587861,163.520240,103.655482,59.864757,0.633900
2025_04_25_IC_small_1,505,362,329,0,-1,0.541683,1192.277778,837.833333,1546.722222,708.888889,0.733226,135.717114,114.827835,156.606392,41.778558,0.847807,1.182283,1.084906,1.279661,0.194755,0.992499,0.795502,0.792507,0.798497,0.005990,1.000000,1.000000,1.000000,1.000000,0.000000,0.833333,5.500000,5.000000,6.000000,1.000000,37.534712,1.099536,1.931818,0.636713,0.083640,0.798194,27.247834,29.071115,0.851605,18.761364,0.549592,9.132849,0.267536,81.412510,130.329966,145.214526,115.445406,29.769119,0.794999
2025_04_25_IC_small_1,506,362,375,0,-1,0.759480,970.500000,837.833333,1103.166667,265.333333,0.884037,122.359061,114.827835,129.890287,15.062452,0.960145,1.063286,1.041667,1.084906,0.043239,0.971797,0.810084,0.798497,0.821670,0.023174,1.000000,1.000000,1.000000,1.000000,0.000000,0.833333,5.500000,5.000000,6.000000,1.000000,32.433445,1.043559,1.088757,0.660140,0.100550,0.844566,26.248809,27.479074,0.884150,16.138763,0.519271,3.296271,0.106059,83.813396,145.730304,150.389996,141.070612,9.319384,0.938032
2025_04_25_IC_small_1,507,362,380,0,-1,0.599325,1117.897432,837.833333,1397.961531,560.128198,0.781112,130.916694,114.827835,147.005553,32.177719,0.698597,1.318942,1.084906,1.552979,0.468073,0.982281,0.805699,0.798497,0.812901,0.014404,1.000000,1.000000,1.000000,1.000000,0.000000,0.714286,6.000000,5.000000,7.000000,2.000000,41.926606,1.264093,1.481656,0.514433,0.246171,0.424131,14.067299,31.245093,0.942044,19.222883,0.579573,9.206715,0.277584,62.070733,114.469599,132.967099,95.972099,36.994999,0.721773
2025_04_25_IC_small_1,508,99,96,0,-1,0.775782,875.312500,764.791667,985.833333,221.041667,0.910751,117.982743,112.471929,123.493558,11.021628,0.920548,1.251786,1.200000,1.303571,0.103571,0.935276,0.786028,0.759740,0.812316,0.052576,1.000000,1.000000,1.000000,1.000000,0.000000,0.857143,6.500000,6.000000,7.000000,1.000000,37.631356,1.274498,1.745597,0.468966,0.410687,0.328168,9.689628,29.389826,0.995374,17.521924,0.593432,5.314957,0.180007,70.580511,107.067707,117.816267,96.319148,21.497119,0.817537
2025_04_25_IC_small_1,509,99,110,0,-1,0.989011,980.416667,975.000000,985.833333,10.833333,0.949103,126.804806,123.493558,130.116055,6.622497,0.958273,1.226126,1.200000,1.252252,0.052252,0.890898,0.768003,0.723690,0.812316,0.088625,1.000000,1.000000,1.000000,1.000000,0.000000,0.833333,5.500000,5.000000,6.000000,1.000000,28.231559,0.901636,1.418301,0.661322,0.132257,0.967414,30.291180,24.206070,0.773073,13.924199,0.444699,0.282900,0.009035,60.299994,116.096735,130.601295,101.592175,29.009119,0.777880
2025_04_25_IC_small_1,510,99,111,0,-1,0.789439,1117.305556,985.833333,1248.777778,262.944444,0.898062,130.502340,123.493558,137.511122,14.017565,0.872727,1.287500,1.200000,1.375000,0.175000,0.978826,0.821102,0.812316,0.829888,0.017572,1.000000,1.000000,1.000000,1.000000,0.000000,0.857143,6.500000,6.000000,7.000000,1.000000,38.315297,1.148264,1.120192,0.559017,0.218905,0.552598,18.439089,29.628068,0.887918,19.129940,0.573302,2.405279,0.072083,86.595444,117.302867,120.579227,114.026507,6.552720,0.945656
2025_04_25_IC_small_1,511,374,385,0,-1,0.850007,1167.550000,1072.888889,1262.211111,189.322222,0.895632,131.727167,124.474675,138.979659,14.504984,0.904760,1.061866,1.008772,1.114961,0.106189,0.943706,0.845674,0.821182,0.870167,0.048985,1.000000,1.000000,1.000000,1.000000,0.000000,0.875000,7.500000,7.000000,8.000000,1.000000,32.641225,0.956063,1.315789,0.616766,0.179493,0.663908,22.666667,26.388082,0.772908,16.018333,0.469178,2.071225,0.060666,54.711287,98.526237,111.568203,85.484271,26.083932,0.766206
2025_04_25_IC_small_1,512,374,404,0,-1,0.435479,905.938889,549.666667,1262.211111,712.544444,0.687590,117.270313,95.560966,138.979659,43.418693,0.964401,1.095115,1.075269,1.114961,0.039692,0.921104,0.788788,0.756394,0.821182,0.064788,1.000000,1.000000,1.000000,1.000000,0.000000,0.857143,6.500000,6.000000,7.000000,1.000000,44.864491,1.521537,1.196859,0.447378,0.259461,0.151668,4.472136,33.735618,1.144112,22.303126,0.756390,14.282504,0.484378,78.677619,103.823866,132.078509,75.569224,56.509285,0.572154
2025_04_25_IC_small_1,513,374,384,0,-1,0.795826,1133.355556,1004.500000,1262.211111,257.711111,0.893199,131.558087,124.136516,138.979659,14.843143,0.803428,1.251358,1.114961,1.387755,0.272794,0.997519,0.820163,0.819145,0.821182,0.002037,1.000000,1.000000,1.000000,1.000000,0.000000,0.857143,6.500000,6.000000,7.000000,1.000000,35.624523,1.059915,1.194934,0.661393,0.099905,0.826965,27.794884,23.893514,0.710889,16.005404,0.476199,3.503176,0.104228,50.812914,118.637019,120.412121,116.861918,3.550203,0.970516
2025_04_25_IC_small_1,514,374,399,0,-1,0.568711,990.022222,717.833333,1262.211111,544.377778,0.802176,125.232902,111.486145,138.979659,27.493514,0.871356,1.197265,1.114961,1.279570,0.164609,0.883797,0.773470,0.725758,0.821182,0.095424,0.991711,0.995855,0.991711,1.000000,0.008289,0.857143,6.500000,6.000000,7.000000,1.000000,31.937759,1.024960,1.823622,0.676007,0.087989,0.940526,29.306806,24.749050,0.794257,15.491081,0.497146,5.368542,0.172289,69.844257,143.719534,150.255119,137.183950,13.071168,0.913007
2025_04_25_IC_small_1,515,96,109,0,-1,0.947898,744.868056,724.944444,764.791667,39.847222,0.925842,108.301608,104.131288,112.471929,8.340642,0.855948,1.209680,1.115789,1.303571,0.187782,0.904300,0.799940,0.759740,0.840141,0.080401,1.000000,1.000000,1.000000,1.000000,0.000000,0.857143,6.500000,6.000000,7.000000,1.000000,36.701852,1.344891,1.175109,0.453152,0.379476,0.244596,6.674995,27.620280,1.012109,17.412307,0.638051,1.123794,0.041180,67.904608,104.244459,105.377371,103.111547,2.265824,0.978498
2025_04_25_IC_small_1,516,96,119,0,-1,0.726342,660.145833,555.500000,764.791667,209.291667,0.834713,103.176848,93.881766,112.471929,18.590163,0.905258,1.371786,1.303571,1.440000,0.136429,0.959253,0.775875,0.759740,0.792011,0.032272,1.000000,1.000000,1.000000,1.000000,0.000000,0.714286,6.000000,5.000000,7.000000,2.000000,32.998946,1.288420,1.639925,0.518588,0.231357,0.536612,13.743685,23.968658,0.935839,16.495666,0.644061,3.698582,0.144408,88.860750,137.107638,138.926569,135.288707,3.637862,0.973814
2025_04_25_IC_small_1,517,96,110,0,-1,0.784402,869.895833,764.791667,975.000000,210.208333,0.864397,121.293992,112.471929,130.116055,17.644125,0.960632,1.277912,1.252252,1.303571,0.051319,0.952550,0.741715,0.723690,0.759740,0.036049,1.000000,1.000000,1.000000,1.000000,0.000000,0.714286,6.000000,5.000000,7.000000,2.000000,39.334889,1.336107,1.230663,0.456477,0.368746,0.403182,11.869663,28.762626,0.976994,19.196415,0.652054,7.794077,0.264745,80.301046,114.459582,140.591558,88.327606,52.263952,0.628257
2025_04_25_IC_small_1,518,96,116,0,-1,0.638835,980.979167,764.791667,1197.166667,432.375000,0.809581,125.698994,112.471929,138.926058,26.454129,0.979174,1.289997,1.276423,1.303571,0.027149,0.974693,0.769603,0.759740,0.779466,0.019726,1.000000,1.000000,1.000000,1.000000,0.000000,0.857143,6.500000,6.000000,7.000000,1.000000,40.757993,1.309389,1.775338,0.482467,0.233780,0.407070,12.671052,29.439153,0.945761,19.242266,0.618176,9.746409,0.313113,74.087549,98.687284,102.907409,94.467159,8.440250,0.917982
2025_04_25_IC_small_1,519,105,104,0,-1,0.903397,638.166667,605.777778,670.555556,64.777778,0.964023,98.533800,96.728869,100.338732,3.609863,0.990409,1.141866,1.136364,1.147368,0.011005,0.972083,0.825283,0.813600,0.836965,0.023365,1.000000,1.000000,1.000000,1.000000,0.000000,0.833333,5.500000,5.000000,6.000000,1.000000,25.241177,0.999499,1.522936,0.626823,0.195134,0.734670,18.553227,21.098431,0.835455,12.341367,0.488693,1.463125,0.057937,76.368042,110.805174,115.346176,106.264172,9.082004,0.921263
2025_04_25_IC_small_1,520,105,117,0,-1,0.944883,589.083333,572.388889,605.777778,33.388889,0.982673,95.890871,95.052872,96.728869,1.675997,0.968989,1.118744,1.101124,1.136364,0.035240,0.978497,0.804853,0.796105,0.813600,0.017495,1.000000,1.000000,1.000000,1.000000,0.000000,1.000000,5.000000,5.000000,5.000000,0.000000,26.276798,1.082749,1.250000,0.557298,0.234309,0.593162,14.395215,21.202730,0.873669,12.830966,0.528706,0.230700,0.009506,80.347090,106.291361,108.815225,103.767497,5.047728,0.953612
2025_04_25_IC_small_1,521,105,114,0,-1,0.593028,813.638889,605.777778,1021.500000,415.722222,0.800455,108.785610,96.728869,120.842352,24.113483,0.969630,1.119108,1.101852,1.136364,0.034512,0.925553,0.846321,0.813600,0.879043,0.065442,1.000000,1.000000,1.000000,1.000000,0.000000,0.714286,6.000000,5.000000,7.000000,2.000000,31.768189,1.123077,1.017857,0.596384,0.198628,0.572711,16.200137,24.150411,0.853772,15.729312,0.556067,5.038048,0.178106,84.673646,125.254785,150.003332,100.506237,49.497095,0.670027
2025_04_25_IC_small_1,522,104,107,0,-1,0.792875,601.111111,531.666667,670.555556,138.888889,0.928649,96.759086,93.179440,100.338732,7.159292,0.896040,1.213928,1.147368,1.280488,0.133119,0.919394,0.803233,0.769501,0.836965,0.067464,1.000000,1.000000,1.000000,1.000000,0.000000,0.857143,6.500000,6.000000,7.000000,1.000000,24.723849,1.010106,1.376068,0.560491,0.225139,0.599369,14.670454,19.991025,0.816744,11.971260,0.489092,3.940875,0.161007,65.032549,87.949593,93.556181,82.343005,11.213176,0.880145
2025_04_25_IC_small_1,523,104,117,0,-1,0.853604,621.472222,572.388889,670.555556,98.166667,0.947320,97.695802,95.052872,100.338732,5.285860,0.959695,1.124246,1.101124,1.147368,0.046245,0.951181,0.816535,0.796105,0.836965,0.040860,1.000000,1.000000,1.000000,1.000000,0.000000,0.833333,5.500000,5.000000,6.000000,1.000000,23.616885,0.948093,1.198529,0.686849,0.098109,0.895066,22.295989,19.030077,0.763957,11.807253,0.473999,1.807900,0.072578,89.567967,143.486990,149.968332,137.005647,12.962684,0.913564
2025_04_25_IC_small_1,524,104,121,0,-1,0.894118,635.055556,599.555556,670.555556,71.000000,0.987105,100.994094,100.338732,101.649455,1.310724,0.693973,1.400351,1.147368,1.653333,0.505965,0.871208,0.783068,0.729171,0.836965,0.107795,1.000000,1.000000,1.000000,1.000000,0.000000,0.750000,7.000000,6.000000,8.000000,2.000000,34.302316,1.361719,1.990909,0.468351,0.355393,0.345062,8.692270,25.661343,1.018693,16.586624,0.658449,0.876878,0.034810,66.645467,114.835822,122.654714,107.016930,15.637784,0.872506
2025_04_25_IC_small_1,525,103,97,0,-1,0.667062,1171.666667,937.666667,1405.666667,468.000000,0.822223,136.118245,122.838476,149.398015,26.559539,0.945394,1.114029,1.082759,1.145299,0.062541,0.986704,0.786151,0.780889,0.791412,0.010523,1.000000,1.000000,1.000000,1.000000,0.000000,0.833333,5.500000,5.000000,6.000000,1.000000,43.273483,1.270627,1.868966,0.489134,0.301138,0.394550,13.437096,34.616111,1.016423,19.701141,0.578479,6.543482,0.192134,74.351582,100.078970,102.386598,97.771342,4.615256,0.954923
2025_04_25_IC_small_1,526,103,115,0,-1,0.899728,989.916667,937.666667,1042.166667,104.500000,0.972403,124.581541,122.838476,126.324607,3.486131,0.993715,1.148921,1.145299,1.152542,0.007243,0.951521,0.800782,0.780889,0.820675,0.039786,1.000000,1.000000,1.000000,1.000000,0.000000,0.714286,6.000000,5.000000,7.000000,2.000000,28.633790,0.910397,1.151163,0.773643,0.010607,1.110180,34.917363,22.788499,0.724549,14.153040,0.449989,1.419957,0.045147,62.077593,173.948562,176.674203,171.222921,5.451282,0.969145
2025_04_25_IC_small_1,527,103,111,0,-1,0.750868,1093.222222,937.666667,1248.777778,311.111111,0.893298,130.174799,122.838476,137.511122,14.672647,0.832945,1.260150,1.145299,1.375000,0.229701,0.940958,0.805389,0.780889,0.829888,0.048998,1.000000,1.000000,1.000000,1.000000,0.000000,0.714286,6.000000,5.000000,7.000000,2.000000,36.654447,1.111425,1.070000,0.592156,0.140665,0.681395,22.472205,28.137897,0.853188,18.189337,0.551531,2.703446,0.081973,81.911536,114.808461,142.431408,87.185515,55.245893,0.612123
2025_04_25_IC_small_1,528,367,386,0,-1,0.886220,1570.750000,1476.000000,1665.500000,189.500000,0.848314,164.762094,151.240483,178.283704,27.043221,0.987395,1.317882,1.309524,1.326241,0.016717,0.812028,0.734675,0.658463,0.810887,0.152424,0.915949,0.957974,0.915949,1.000000,0.084051,0.555556,7.000000,5.000000,9.000000,4.000000,36.881208,0.930999,1.008969,0.559541,0.229455,0.806598,31.953091,31.502321,0.795219,16.827292,0.424775,3.711115,0.093680,72.115240,121.737480,168.476278,74.998682,93.477597,0.445159
2025_04_25_IC_small_1,529,367,389,0,-1,0.916106,1543.583333,1476.000000,1611.166667,135.166667,0.942575,155.847553,151.240483,160.454623,9.214140,0.918264,1.367805,1.309524,1.426087,0.116563,0.969808,0.798645,0.786404,0.810887,0.024482,1.000000,1.000000,1.000000,1.000000,0.000000,0.833333,5.500000,5.000000,6.000000,1.000000,41.340049,1.052471,1.395722,0.552233,0.228311,0.593798,23.323808,32.390107,0.824615,19.151046,0.487564,0.979993,0.024950,48.416549,97.387926,104.079584,90.696269,13.383315,0.871413
2025_04_25_IC_small_1,530,106,107,0,-1,0.632267,686.277778,531.666667,840.888889,309.222222,0.791508,105.451687,93.179440,117.723934,24.544494,0.892517,1.211672,1.142857,1.280488,0.137631,0.990854,0.765982,0.762463,0.769501,0.007038,1.000000,1.000000,1.000000,1.000000,0.000000,0.857143,6.500000,6.000000,7.000000,1.000000,33.430425,1.284403,1.801802,0.442171,0.365255,0.257412,6.699917,26.091176,1.002428,16.682564,0.640947,7.307082,0.280739,84.943932,87.406843,95.409807,79.403880,16.005928,0.832240
2025_04_25_IC_small_1,531,106,109,0,-1,0.862117,782.916667,724.944444,840.888889,115.944444,0.884538,110.927611,104.131288,117.723934,13.592647,0.976316,1.129323,1.115789,1.142857,0.027068,0.907542,0.801302,0.762463,0.840141,0.077678,1.000000,1.000000,1.000000,1.000000,0.000000,1.000000,6.000000,6.000000,6.000000,0.000000,29.041418,1.038624,1.503759,0.583144,0.241405,0.682429,19.081696,25.469805,0.910890,14.271289,0.510392,1.255386,0.044897,59.944900,115.507009,118.935436,112.078581,6.856855,0.942348
2025_04_25_IC_small_1,532,106,118,0,-1,0.568446,659.444444,478.000000,840.888889,362.888889,0.736768,102.229609,86.735284,117.723934,30.988651,0.990476,1.148352,1.142857,1.153846,0.010989,0.954933,0.780455,0.762463,0.798447,0.035984,1.000000,1.000000,1.000000,1.000000,0.000000,1.000000,6.000000,6.000000,6.000000,0.000000,35.376269,1.391088,1.135802,0.505617,0.211921,0.460260,11.704700,25.203138,0.991054,16.973919,0.667459,8.032868,0.315874,72.853652,118.367306,121.865978,114.868634,6.997344,0.942582
2025_04_25_IC_small_1,533,106,122,0,-1,0.991543,837.333333,833.777778,840.888889,7.111111,0.942239,114.324030,110.924125,117.723934,6.799809,0.929782,1.186012,1.142857,1.229167,0.086310,0.895387,0.807005,0.762463,0.851546,0.089083,1.000000,1.000000,1.000000,1.000000,0.000000,1.000000,6.000000,6.000000,6.000000,0.000000,25.985345,0.898008,1.504065,0.693027,0.108214,0.939804,27.194771,20.213155,0.698531,12.918428,0.446438,0.329428,0.011384,75.392329,129.529835,139.460848,119.598821,19.862027,0.857580
2025_04_25_IC_small_1,534,97,101,0,-1,0.717809,1207.333333,1009.000000,1405.666667,396.666667,0.840860,137.510412,125.622808,149.398015,23.775206,0.802604,1.215908,1.082759,1.349057,0.266298,0.985005,0.797436,0.791412,0.803460,0.012048,1.000000,1.000000,1.000000,1.000000,0.000000,1.000000,6.000000,6.000000,6.000000,0.000000,37.025445,1.069219,1.605263,0.538012,0.222874,0.541969,18.767584,30.319233,0.875557,17.215218,0.497140,7.044113,0.203420,79.569802,82.979212,91.534823,74.423600,17.111223,0.813063
2025_04_25_IC_small_1,535,97,115,0,-1,0.741404,1223.916667,1042.166667,1405.666667,363.500000,0.845557,137.861311,126.324607,149.398015,23.073408,0.939452,1.117650,1.082759,1.152542,0.069784,0.964343,0.806043,0.791412,0.820675,0.029263,1.000000,1.000000,1.000000,1.000000,0.000000,0.857143,6.500000,6.000000,7.000000,1.000000,40.463475,1.159830,1.068182,0.527359,0.187785,0.490270,17.104255,30.075575,0.862075,19.866559,0.569448,5.071257,0.145361,86.253966,88.895530,96.851860,80.939199,15.912661,0.835701
2025_04_25_IC_small_1,536,97,113,0,-1,0.902656,1337.250000,1268.833333,1405.666667,136.833333,0.924415,143.751869,138.105724,149.398015,11.292291,0.923567,1.041379,1.000000,1.082759,0.082759,0.946698,0.813691,0.791412,0.835971,0.044559,1.000000,1.000000,1.000000,1.000000,0.000000,1.000000,6.000000,6.000000,6.000000,0.000000,32.762152,0.896207,1.260870,0.778085,0.020835,1.089706,39.835774,25.247869,0.690654,16.377921,0.448017,1.162848,0.031810,79.078640,169.132458,173.981569,164.283347,9.698223,0.944257
2025_04_25_IC_small_1,537,97,84,0,-1,0.770470,1244.345082,1083.023497,1405.666667,322.643170,0.905139,142.312015,135.226015,149.398015,14.171999,0.877530,1.158315,1.082759,1.233871,0.151112,0.940426,0.767838,0.744264,0.791412,0.047147,1.000000,1.000000,1.000000,1.000000,0.000000,0.857143,6.500000,6.000000,7.000000,1.000000,41.622204,1.182423,1.307692,0.495910,0.340853,0.475836,16.749793,32.307006,0.917793,18.164743,0.516033,6.882476,0.195521,57.990016,104.121392,117.013427,91.229357,25.784070,0.779649
2025_04_25_IC_small_1,538,107,118,0,-1,0.899060,504.833333,478.000000,531.666667,53.666667,0.930841,89.957362,86.735284,93.179440,6.444156,0.901099,1.217167,1.153846,1.280488,0.126642,0.963747,0.783974,0.769501,0.798447,0.028946,1.000000,1.000000,1.000000,1.000000,0.000000,0.857143,6.500000,6.000000,7.000000,1.000000,20.331087,0.905191,1.659574,0.764732,0.036316,1.137722,25.553865,16.773350,0.746791,9.742560,0.433763,0.871071,0.038782,58.939223,163.044827,165.727487,160.362167,5.365320,0.967626
2025_04_25_IC_small_1,539,107,121,0,-1,0.886768,565.611111,531.666667,599.555556,67.888889,0.916674,97.414448,93.179440,101.649455,8.470015,0.774489,1.466911,1.280488,1.653333,0.372846,0.947589,0.749336,0.729171,0.769501,0.040330,1.000000,1.000000,1.000000,1.000000,0.000000,0.875000,7.500000,7.000000,8.000000,1.000000,34.580049,1.454663,1.642857,0.455319,0.228219,0.381445,9.067647,25.488634,1.072219,16.264662,0.684198,0.097300,0.004093,61.700336,123.989396,143.789105,104.189687,39.599418,0.724601
2025_04_25_IC_small_1,540,101,120,0,-1,0.797489,906.833333,804.666667,1009.000000,204.333333,0.887648,118.565837,111.508865,125.622808,14.113943,0.797203,1.212264,1.075472,1.349057,0.273585,0.988000,0.808339,0.803460,0.813218,0.009759,1.000000,1.000000,1.000000,1.000000,0.000000,0.833333,5.500000,5.000000,6.000000,1.000000,33.918830,1.128157,1.318750,0.632772,0.125988,0.787399,23.673708,27.500700,0.914687,16.786140,0.558315,4.270386,0.142035,81.039362,153.165156,154.259292,152.071021,2.188270,0.985814
2025_04_25_IC_small_1,541,101,113,0,-1,0.795219,1138.916667,1009.000000,1268.833333,259.833333,0.909613,131.864266,125.622808,138.105724,12.482915,0.741259,1.174528,1.000000,1.349057,0.349057,0.961110,0.819715,0.803460,0.835971,0.032511,1.000000,1.000000,1.000000,1.000000,0.000000,1.000000,6.000000,6.000000,6.000000,0.000000,36.548333,1.084754,1.137755,0.579324,0.222141,0.615060,20.723041,28.953152,0.859330,16.523868,0.490428,5.328430,0.158148,64.686307,108.415525,122.347443,94.483607,27.863836,0.772256
2025_04_25_IC_small_1,542,101,84,0,-1,0.931651,1046.011749,1009.000000,1083.023497,74.023497,0.928984,130.424412,125.622808,135.226015,9.603207,0.914618,1.291464,1.233871,1.349057,0.115186,0.926325,0.773862,0.744264,0.803460,0.059195,1.000000,1.000000,1.000000,1.000000,0.000000,0.857143,6.500000,6.000000,7.000000,1.000000,44.095492,1.363622,1.514451,0.498163,0.144305,0.481290,15.563490,30.996511,0.958545,20.877398,0.645619,0.179024,0.005536,67.811848,130.831091,168.562973,93.099209,75.463765,0.552311
2025_04_25_IC_small_1,543,101,95,0,-1,0.307694,659.731640,310.463281,1009.000000,698.536719,0.615983,101.502187,77.381565,125.622808,48.241243,0.962530,1.323782,1.298507,1.349057,0.050549,0.810926,0.727503,0.651546,0.803460,0.151914,1.000000,1.000000,1.000000,1.000000,0.000000,0.666667,5.000000,4.000000,6.000000,2.000000,23.204191,0.939731,1.735849,0.748624,0.026777,1.097116,27.090384,21.094932,0.854310,10.751640,0.435424,9.906286,0.401188,57.064328,172.203849,176.298988,168.108710,8.190278,0.953543
2025_04_25_IC_small_1,544,351,366,0,-1,0.655728,479.333333,379.666667,579.000000,199.333333,0.853016,87.217517,80.299300,94.135733,13.836432,0.848320,1.186235,1.088889,1.283582,0.194693,0.901176,0.780498,0.739927,0.821069,0.081142,1.000000,1.000000,1.000000,1.000000,0.000000,1.000000,6.000000,6.000000,6.000000,0.000000,33.207880,1.525135,1.060811,0.432517,0.387344,0.173201,3.771236,24.946633,1.145722,16.301230,0.748665,4.614242,0.211918,78.344912,112.399632,118.874591,105.924673,12.949918,0.891062
2025_04_25_IC_small_1,545,351,359,0,-1,0.583654,515.083333,379.666667,650.500000,270.833333,0.800185,90.325102,80.299300,100.350904,20.051604,0.821411,1.168965,1.054348,1.283582,0.229234,0.911537,0.775831,0.739927,0.811736,0.071809,1.000000,1.000000,1.000000,1.000000,0.000000,0.833333,5.500000,5.000000,6.000000,1.000000,28.401569,1.262574,1.594595,0.548092,0.113196,0.599356,13.482499,21.332549,0.948325,13.842562,0.615363,5.943257,0.264204,71.669401,116.297322,135.000000,97.594643,37.405357,0.722923
2025_04_25_IC_small_1,546,366,359,0,-1,0.890085,614.750000,579.000000,650.500000,71.500000,0.938066,97.243318,94.135733,100.350904,6.215171,0.968279,1.071618,1.054348,1.088889,0.034541,0.988633,0.816402,0.811736,0.821069,0.009333,1.000000,1.000000,1.000000,1.000000,0.000000,0.833333,5.500000,5.000000,6.000000,1.000000,20.674484,0.834198,1.159664,0.818191,0.043830,1.151346,28.534579,16.112521,0.650127,10.193750,0.411309,0.764705,0.030855,49.200794,152.651807,161.772849,143.530766,18.242083,0.887236
2025_04_25_IC_small_1,547,366,376,0,-1,0.594015,776.861111,579.000000,974.722222,395.722222,0.782439,107.223210,94.135733,120.310688,26.174955,0.894746,1.152935,1.088889,1.216981,0.128092,0.970280,0.833643,0.821069,0.846218,0.025150,1.000000,1.000000,1.000000,1.000000,0.000000,0.750000,7.000000,6.000000,8.000000,2.000000,29.196762,1.056266,1.098765,0.639833,0.129581,0.719216,19.880197,22.032878,0.797095,14.396249,0.520820,7.317504,0.264729,63.685923,119.154345,124.261103,114.047588,10.213515,0.917806
2025_04_25_IC_small_1,548,366,387,0,-1,0.740283,680.566667,579.000000,782.133333,203.133333,0.866480,101.388643,94.135733,108.641552,14.505819,0.989552,1.094637,1.088889,1.100386,0.011497,0.986009,0.826894,0.821069,0.832720,0.011651,1.000000,1.000000,1.000000,1.000000,0.000000,1.000000,6.000000,6.000000,6.000000,0.000000,31.469929,1.209706,1.500763,0.540536,0.213017,0.478403,12.445436,25.320546,0.973323,15.342576,0.589769,3.242071,0.124625,68.420642,111.661508,118.679036,104.643979,14.035057,0.881739
2025_04_25_IC_small_1,549,366,371,0,-1,0.491534,878.472222,579.000000,1177.944444,598.944444,0.717956,112.625979,94.135733,131.116225,36.980493,0.893640,1.153688,1.088889,1.218487,0.129599,0.953581,0.841053,0.821069,0.861037,0.039968,1.000000,1.000000,1.000000,1.000000,0.000000,0.857143,6.500000,6.000000,7.000000,1.000000,34.265972,1.173822,1.542857,0.579878,0.178340,0.515995,15.062831,26.745959,0.916215,16.891659,0.578644,8.390190,0.287416,83.993713,114.240882,132.796273,95.685491,37.110782,0.720543
2025_04_25_IC_small_1,550,359,371,0,-1,0.552233,914.222222,650.500000,1177.944444,527.444444,0.765358,115.733565,100.350904,131.116225,30.765321,0.865292,1.136418,1.054348,1.218487,0.164140,0.942742,0.836386,0.811736,0.861037,0.049301,1.000000,1.000000,1.000000,1.000000,0.000000,0.714286,6.000000,5.000000,7.000000,2.000000,35.947513,1.201734,1.077778,0.556653,0.222138,0.473037,14.149990,27.073266,0.905065,17.865648,0.597253,6.258361,0.209218,83.812425,114.571229,126.600798,102.541660,24.059138,0.809961
2025_04_25_IC_small_1,551,364,329,0,-1,0.328041,1027.055556,507.388889,1546.722222,1039.333333,0.631490,127.750870,98.895348,156.606392,57.711045,0.944796,1.317046,1.279661,1.354430,0.074769,0.822614,0.722217,0.651927,0.792507,0.140580,1.000000,1.000000,1.000000,1.000000,0.000000,0.666667,5.000000,4.000000,6.000000,2.000000,44.283401,1.431876,1.693333,0.455837,0.206091,0.283528,8.768631,38.271440,1.237483,22.031901,0.712388,15.004325,0.485155,76.338067,127.501952,173.969550,81.034354,92.935196,0.465796
2025_04_25_IC_small_1,552,364,380,0,-1,0.362949,952.675210,507.388889,1397.961531,890.572642,0.672732,122.950451,98.895348,147.005553,48.110206,0.872150,1.453705,1.354430,1.552979,0.198548,0.801976,0.732414,0.651927,0.812901,0.160974,1.000000,1.000000,1.000000,1.000000,0.000000,0.571429,5.500000,4.000000,7.000000,3.000000,32.909947,1.098562,2.221121,0.671538,0.030207,0.952638,28.538473,28.351587,0.946400,15.653918,0.522541,11.835763,0.395088,69.040458,165.293073,170.213728,160.372418,9.841310,0.942183
2025_04_25_IC_small_1,553,329,297,0,-1,0.612801,1247.277778,947.833333,1546.722222,598.888889,0.829165,143.229457,129.852521,156.606392,26.753872,0.844032,1.397895,1.279661,1.516129,0.236468,0.891329,0.749446,0.706384,0.792507,0.086123,1.000000,1.000000,1.000000,1.000000,0.000000,0.833333,5.500000,5.000000,6.000000,1.000000,44.991033,1.283344,2.408333,0.551477,0.084384,0.685181,24.020824,40.711536,1.161274,22.381519,0.638420,8.669849,0.247303,80.534922,159.585876,177.163904,142.007847,35.156057,0.801562
2025_04_25_IC_small_1,554,385,390,0,-1,0.860261,1160.027778,1072.888889,1247.166667,174.277778,0.913698,130.353187,124.474675,136.231700,11.757024,0.883596,1.075219,1.008772,1.141667,0.132895,0.970455,0.857312,0.844458,0.870167,0.025709,1.000000,1.000000,1.000000,1.000000,0.000000,0.625000,6.500000,5.000000,8.000000,3.000000,32.534880,0.955921,1.265432,0.681361,0.142597,0.791119,26.925824,23.760356,0.698113,16.248160,0.477394,2.980895,0.087583,79.415317,100.374561,102.983955,97.765166,5.218789,0.949324
2025_04_25_IC_small_1,555,385,409,0,-1,0.619822,868.944444,665.000000,1072.888889,407.888889,0.845922,114.885268,105.295860,124.474675,19.178815,0.926423,1.048830,1.008772,1.088889,0.080117,0.866176,0.811943,0.753718,0.870167,0.116449,1.000000,1.000000,1.000000,1.000000,0.000000,0.625000,6.500000,5.000000,8.000000,3.000000,39.956650,1.365046,1.268750,0.445992,0.418611,0.144942,4.242641,31.773104,1.085470,19.403604,0.662889,3.631951,0.124079,67.945477,99.556487,105.433424,93.679549,11.753875,0.888519
2025_04_25_IC_small_1,556,385,399,0,-1,0.669066,895.361111,717.833333,1072.888889,355.055556,0.895653,117.980410,111.486145,124.474675,12.988530,0.788368,1.144171,1.008772,1.279570,0.270798,0.834044,0.797962,0.725758,0.870167,0.144409,0.991711,0.995855,0.991711,1.000000,0.008289,0.750000,7.000000,6.000000,8.000000,2.000000,36.006448,1.209337,1.064516,0.511413,0.285980,0.439916,13.097922,29.230126,0.981743,16.625893,0.558409,6.454888,0.216798,59.078492,114.328445,137.331779,91.325111,46.006668,0.664996
2025_04_25_IC_small_1,557,385,408,0,-1,0.580675,847.944444,623.000000,1072.888889,449.888889,0.806040,112.403114,100.331553,124.474675,24.143123,0.846067,1.100540,1.008772,1.192308,0.183536,0.893759,0.823943,0.777719,0.870167,0.092448,1.000000,1.000000,1.000000,1.000000,0.000000,0.500000,6.000000,4.000000,8.000000,4.000000,32.188090,1.115416,1.692308,0.654846,0.117048,0.769423,22.203603,26.437312,0.916134,16.061876,0.556593,6.759673,0.234243,80.132157,147.625889,156.166160,139.085617,17.080543,0.890626
2025_04_25_IC_small_1,558,372,382,0,-1,0.511059,1159.527778,784.333333,1534.722222,750.388889,0.746449,130.114673,111.224540,149.004807,37.780267,0.864599,1.086174,1.007299,1.165049,0.157749,0.917213,0.832683,0.796727,0.868639,0.071912,0.986819,0.993409,0.986819,1.000000,0.013181,0.555556,7.000000,5.000000,9.000000,4.000000,31.726984,0.944516,1.016393,0.735831,0.105215,0.911277,30.610456,29.044780,0.864666,15.763290,0.469275,7.614918,0.226697,88.520013,143.207725,149.556424,136.859025,12.697399,0.915100
2025_04_25_IC_small_1,559,372,384,0,-1,0.780820,894.416667,784.333333,1004.500000,220.166667,0.895986,117.680528,111.224540,124.136516,12.911976,0.839520,1.276402,1.165049,1.387755,0.222707,0.972632,0.807936,0.796727,0.819145,0.022418,1.000000,1.000000,1.000000,1.000000,0.000000,0.833333,5.500000,5.000000,6.000000,1.000000,30.392788,1.018187,1.242236,0.596478,0.240877,0.690640,20.615528,25.934801,0.868840,14.981339,0.501889,1.845595,0.061829,68.844050,118.412972,120.602319,116.223624,4.378695,0.963693
2025_04_25_IC_small_1,560,109,119,0,-1,0.766266,640.222222,555.500000,724.944444,169.444444,0.901571,99.006527,93.881766,104.131288,10.249521,0.774854,1.277895,1.115789,1.440000,0.324211,0.942713,0.816076,0.792011,0.840141,0.048129,1.000000,1.000000,1.000000,1.000000,0.000000,0.833333,5.500000,5.000000,6.000000,1.000000,24.006209,0.950857,1.014085,0.643446,0.158799,0.789752,19.938795,19.563985,0.774906,11.991121,0.474954,1.971048,0.078071,87.355752,107.770153,115.696059,99.844246,15.851813,0.862987
2025_04_25_IC_small_1,561,109,122,0,-1,0.869470,779.361111,724.944444,833.777778,108.833333,0.938761,107.527706,104.131288,110.924125,6.792838,0.907761,1.172478,1.115789,1.229167,0.113377,0.986606,0.845843,0.840141,0.851546,0.011405,1.000000,1.000000,1.000000,1.000000,0.000000,1.000000,6.000000,6.000000,6.000000,0.000000,31.048672,1.112856,1.326531,0.605063,0.176569,0.629597,17.565750,24.935032,0.893729,15.520058,0.556274,1.045445,0.037471,81.283913,122.989265,128.322598,117.655932,10.666665,0.916876
2025_04_25_IC_small_1,562,109,123,0,-1,0.700973,616.555556,508.166667,724.944444,216.777778,0.834108,95.494025,86.856762,104.131288,17.274526,0.937738,1.152831,1.115789,1.189873,0.074084,0.992529,0.843303,0.840141,0.846465,0.006324,1.000000,1.000000,1.000000,1.000000,0.000000,1.000000,6.000000,6.000000,6.000000,0.000000,28.101228,1.136153,1.650943,0.585125,0.228014,0.571141,14.126413,23.002163,0.929994,13.716429,0.554565,2.395883,0.096867,73.610915,125.450141,138.245600,112.654682,25.590918,0.814888
2025_04_25_IC_small_1,563,108,114,0,-1,0.680263,858.194444,694.888889,1021.500000,326.611111,0.874760,113.275194,105.708037,120.842352,15.134315,0.703704,1.333821,1.101852,1.565789,0.463938,0.888995,0.830253,0.781464,0.879043,0.097578,1.000000,1.000000,1.000000,1.000000,0.000000,0.857143,6.500000,6.000000,7.000000,1.000000,28.468892,0.976272,1.244898,0.712908,0.096909,0.902097,26.305893,23.707157,0.812980,13.726914,0.470731,5.813082,0.199346,66.935358,130.622422,142.733598,118.511246,24.222352,0.830297
2025_04_25_IC_small_1,564,108,128,0,-1,0.516838,1019.694444,694.888889,1344.500000,649.611111,0.757570,122.621872,105.708037,139.535707,33.827671,0.648047,1.290248,1.014706,1.565789,0.551084,0.900553,0.824613,0.781464,0.867761,0.086296,1.000000,1.000000,1.000000,1.000000,0.000000,0.857143,6.500000,6.000000,7.000000,1.000000,42.145092,1.337341,1.875000,0.511355,0.290991,0.339133,10.687480,31.236940,0.991206,21.029591,0.667308,7.101762,0.225352,84.886354,106.422606,114.943905,97.901306,17.042599,0.851731
2025_04_25_IC_small_1,565,108,112,0,-1,0.830111,765.996111,694.888889,837.103333,142.214444,0.934667,109.402530,105.708037,113.097023,7.388987,0.679579,1.314934,1.064078,1.565789,0.501712,0.950217,0.801936,0.781464,0.822407,0.040942,1.000000,1.000000,1.000000,1.000000,0.000000,0.857143,6.500000,6.000000,7.000000,1.000000,22.966043,0.830696,1.163636,0.800021,0.075573,1.151668,31.839877,20.713420,0.749217,11.481655,0.415299,2.615195,0.094593,71.807916,147.258079,156.101903,138.414256,17.687647,0.886692
2025_04_25_IC_small_1,566,108,100,0,-1,0.842597,640.200000,585.511111,694.888889,109.377778,0.907104,100.798133,95.888229,105.708037,9.819808,0.638655,1.282895,1.000000,1.565789,0.565789,0.976551,0.790847,0.781464,0.800229,0.018765,1.000000,1.000000,1.000000,1.000000,0.000000,0.833333,5.500000,5.000000,6.000000,1.000000,29.687484,1.174391,1.209790,0.519017,0.346767,0.504876,12.762793,25.020072,0.989756,14.843717,0.587195,2.836006,0.112188,79.838338,123.275316,144.628156,101.922475,42.705681,0.704721
2025_04_25_IC_small_1,567,376,387,0,-1,0.802417,878.427778,782.133333,974.722222,192.588889,0.903008,114.476120,108.641552,120.310688,11.669135,0.904193,1.158684,1.100386,1.216981,0.116595,0.984048,0.839469,0.832720,0.846218,0.013499,1.000000,1.000000,1.000000,1.000000,0.000000,0.750000,7.000000,6.000000,8.000000,2.000000,33.192353,1.121606,1.375339,0.532534,0.247911,0.428169,12.671052,26.272360,0.887772,16.310763,0.551159,0.746589,0.025228,74.704605,97.034093,117.059861,77.008325,40.051535,0.657854
2025_04_25_IC_small_1,568,376,395,0,-1,0.417122,690.650000,406.577778,974.722222,568.144444,0.701823,102.373773,84.436858,120.310688,35.873829,0.821705,1.108491,1.000000,1.216981,0.216981,0.846851,0.781419,0.716621,0.846218,0.129597,1.000000,1.000000,1.000000,1.000000,0.000000,0.500000,6.000000,4.000000,8.000000,4.000000,28.019799,1.090597,1.117647,0.568187,0.233041,0.583115,14.981470,23.483416,0.914031,13.289891,0.517274,5.845713,0.227529,56.405296,113.528615,118.354962,108.702268,9.652694,0.918443
2025_04_25_IC_small_1,569,376,403,0,-1,0.662240,810.111111,645.500000,974.722222,329.222222,0.821070,109.547108,98.783528,120.310688,21.527159,0.839004,1.119017,1.021053,1.216981,0.195929,0.982324,0.838739,0.831260,0.846218,0.014958,1.000000,1.000000,1.000000,1.000000,0.000000,0.750000,7.000000,6.000000,8.000000,2.000000,33.778382,1.193008,2.037736,0.568297,0.207139,0.526500,14.907120,26.138511,0.923178,16.804003,0.593495,5.614053,0.198281,87.656570,118.240051,127.415555,109.064547,18.351008,0.855975
2025_04_25_IC_small_1,570,376,378,0,-1,0.457680,710.416667,446.111111,974.722222,528.611111,0.714823,103.155761,86.000834,120.310688,34.309854,0.928419,1.263896,1.216981,1.310811,0.093830,0.895706,0.802090,0.757962,0.846218,0.088256,1.000000,1.000000,1.000000,1.000000,0.000000,0.750000,7.000000,6.000000,8.000000,2.000000,24.078546,0.920049,1.248062,0.641067,0.159179,0.753195,19.711813,20.827343,0.795819,11.972754,0.457483,5.166242,0.197404,80.716825,117.979266,154.189506,81.769025,72.420481,0.530315
2025_04_25_IC_small_1,571,376,394,0,-1,0.950413,950.555556,926.388889,974.722222,48.333333,0.998757,120.235909,120.161131,120.310688,0.149557,0.705010,1.471586,1.216981,1.726190,0.509209,0.952781,0.826239,0.806260,0.846218,0.039958,1.000000,1.000000,1.000000,1.000000,0.000000,1.000000,8.000000,8.000000,8.000000,0.000000,38.119899,1.236511,1.331361,0.511769,0.217037,0.395949,12.206556,27.394750,0.888615,18.615407,0.603836,2.338808,0.075865,65.559601,98.720563,117.897271,79.543854,38.353417,0.674688
2025_04_25_IC_small_1,572,405,393,0,-1,0.847493,392.027778,359.666667,424.388889,64.722222,0.922407,78.188451,75.032594,81.344308,6.311714,0.969525,1.135212,1.117647,1.152778,0.035131,0.996072,0.804388,0.802805,0.805971,0.003166,1.000000,1.000000,1.000000,1.000000,0.000000,1.000000,5.000000,5.000000,5.000000,0.000000,18.621553,0.941301,1.621951,0.758097,0.042656,1.070981,21.186998,16.813396,0.849900,9.059239,0.457935,1.010313,0.051070,62.701978,170.891048,171.370458,170.411639,0.958819,0.994405
2025_04_25_IC_small_1,573,405,382,0,-1,0.276525,979.555556,424.388889,1534.722222,1110.333333,0.545917,115.174557,81.344308,149.004807,67.660499,0.873802,1.080039,1.007299,1.152778,0.145479,0.927856,0.837305,0.805971,0.868639,0.062667,0.986819,0.993409,0.986819,1.000000,0.013181,0.555556,7.000000,5.000000,9.000000,4.000000,36.756779,1.229813,1.078212,0.557863,0.267383,0.339196,10.137938,26.063104,0.872022,17.449929,0.583842,13.251765,0.443379,70.512508,111.171316,126.975124,95.367509,31.607615,0.751072
2025_04_25_IC_small_1,574,405,411,0,-1,0.510697,627.694444,424.388889,831.000000,406.611111,0.711127,97.866095,81.344308,114.387882,33.043573,0.813200,1.285180,1.152778,1.417582,0.264805,0.990219,0.802030,0.798088,0.805971,0.007883,1.000000,1.000000,1.000000,1.000000,0.000000,0.833333,5.500000,5.000000,6.000000,1.000000,24.039331,0.972705,1.203125,0.685452,0.123512,0.890699,22.012623,20.174549,0.816324,11.672394,0.472301,7.085266,0.286692,63.923909,120.633434,128.829033,112.437835,16.391198,0.872768
2025_04_25_IC_small_1,575,405,421,0,-1,0.439478,695.027778,424.388889,965.666667,541.277778,0.651188,103.130528,81.344308,124.916749,43.572441,0.739186,1.356151,1.152778,1.559524,0.406746,0.964886,0.791821,0.777671,0.805971,0.028300,1.000000,1.000000,1.000000,1.000000,0.000000,0.833333,5.500000,5.000000,6.000000,1.000000,34.746990,1.344805,2.423529,0.521743,0.208305,0.450610,11.642833,26.210406,1.014415,17.185727,0.665135,10.786607,0.417472,74.764503,123.998215,125.590327,122.406104,3.184224,0.974646
2025_04_25_IC_small_1,576,405,398,0,-1,0.686837,521.138889,424.388889,617.888889,193.500000,0.810934,90.826887,81.344308,100.309465,18.965157,0.697734,1.402476,1.152778,1.652174,0.499396,0.957452,0.788825,0.771679,0.805971,0.034293,1.000000,1.000000,1.000000,1.000000,0.000000,0.714286,6.000000,5.000000,7.000000,2.000000,21.309623,0.937551,1.210526,0.590545,0.177176,0.719956,16.363917,17.147282,0.754422,10.256027,0.451230,1.449533,0.063775,53.202816,103.305986,127.665621,78.946351,48.719270,0.618384
2025_04_25_IC_small_1,577,117,114,0,-1,0.560342,796.944444,572.388889,1021.500000,449.111111,0.786586,107.947612,95.052872,120.842352,25.789479,0.999339,1.101488,1.101124,1.101852,0.000728,0.905651,0.837574,0.796105,0.879043,0.082937,1.000000,1.000000,1.000000,1.000000,0.000000,0.714286,6.000000,5.000000,7.000000,2.000000,35.367297,1.265704,1.925926,0.519853,0.252004,0.350847,9.803627,25.231315,0.902964,16.898180,0.604742,6.530135,0.233697,78.357821,100.795358,101.181443,100.409274,0.772169,0.992368
2025_04_25_IC_small_1,578,117,125,0,-1,0.917944,597.972222,572.388889,623.555556,51.166667,0.964717,96.791060,95.052872,98.529248,3.476376,0.959395,1.124425,1.101124,1.147727,0.046604,0.986316,0.801628,0.796105,0.807151,0.011045,1.000000,1.000000,1.000000,1.000000,0.000000,1.000000,5.000000,5.000000,5.000000,0.000000,19.997623,0.817970,1.260870,0.841284,0.018953,1.225585,29.962940,16.981545,0.694602,9.978522,0.408155,0.530643,0.021705,57.605676,171.162774,175.770391,166.555157,9.215234,0.947572
2025_04_25_IC_small_1,579,117,121,0,-1,0.954689,585.972222,572.388889,599.555556,27.166667,0.935105,98.351164,95.052872,101.649455,6.596583,0.666002,1.377228,1.101124,1.653333,0.552210,0.915922,0.762638,0.729171,0.796105,0.066935,1.000000,1.000000,1.000000,1.000000,0.000000,0.625000,6.500000,5.000000,8.000000,3.000000,23.973450,0.990424,1.041379,0.578801,0.261673,0.768226,18.595101,19.501602,0.805677,11.371348,0.469789,2.561126,0.105809,61.329475,108.263517,115.977423,100.549612,15.427811,0.866976
2025_04_25_IC_small_1,580,390,386,0,-1,0.748824,1456.333333,1247.166667,1665.500000,418.333333,0.764129,157.257702,136.231700,178.283704,42.052004,0.860829,1.233954,1.141667,1.326241,0.184574,0.779746,0.751460,0.658463,0.844458,0.185995,0.915949,0.957974,0.915949,1.000000,0.084051,0.555556,7.000000,5.000000,9.000000,4.000000,41.716320,1.095984,1.849057,0.573756,0.173152,0.813688,30.971313,31.293314,0.822148,20.706359,0.544004,7.027462,0.184628,71.003950,129.037820,133.781125,124.294516,9.486609,0.929089
2025_04_25_IC_small_1,581,390,409,0,-1,0.533209,956.083333,665.000000,1247.166667,582.166667,0.772917,120.763780,105.295860,136.231700,30.935839,0.953771,1.115278,1.088889,1.141667,0.052778,0.892547,0.799088,0.753718,0.844458,0.090740,1.000000,1.000000,1.000000,1.000000,0.000000,1.000000,5.000000,5.000000,5.000000,0.000000,28.785970,0.942214,1.318519,0.752244,0.056219,1.027796,31.400637,22.794138,0.746091,14.203898,0.464918,8.033771,0.262959,79.938372,150.745098,156.801409,144.688787,12.112623,0.922752
2025_04_25_IC_small_1,582,390,412,0,-1,0.896705,1319.000000,1247.166667,1390.833333,143.666667,0.931326,141.254413,136.231700,146.277126,10.045426,0.916440,1.193715,1.141667,1.245763,0.104096,0.967284,0.830644,0.816831,0.844458,0.027627,1.000000,1.000000,1.000000,1.000000,0.000000,0.714286,6.000000,5.000000,7.000000,2.000000,38.718071,1.066479,1.284946,0.575127,0.253601,0.584312,21.213203,28.717846,0.791026,18.646060,0.513601,0.260616,0.007179,59.535153,108.403908,117.546047,99.261769,18.284278,0.844450
2025_04_25_IC_small_1,583,118,122,0,-1,0.573294,655.888889,478.000000,833.777778,355.777778,0.781933,98.829704,86.735284,110.924125,24.188841,0.938722,1.191506,1.153846,1.229167,0.075321,0.937644,0.824997,0.798447,0.851546,0.053099,1.000000,1.000000,1.000000,1.000000,0.000000,1.000000,6.000000,6.000000,6.000000,0.000000,31.226544,1.230884,1.654867,0.505559,0.291335,0.336786,8.544004,25.260001,0.995695,15.308163,0.603415,9.362880,0.369065,71.342430,91.983833,98.673174,85.294493,13.378681,0.864414
2025_04_25_IC_small_1,584,118,121,0,-1,0.797257,538.777778,478.000000,599.555556,121.555556,0.853278,94.192370,86.735284,101.649455,14.914172,0.697891,1.403590,1.153846,1.653333,0.499487,0.913236,0.763809,0.729171,0.798447,0.069276,1.000000,1.000000,1.000000,1.000000,0.000000,0.750000,7.000000,6.000000,8.000000,2.000000,23.926579,1.032452,1.021739,0.578870,0.172613,0.764635,17.720045,18.915197,0.816207,11.779165,0.508281,1.156459,0.049902,67.151347,116.417045,137.385944,95.448147,41.937798,0.694745
2025_04_25_IC_small_1,585,118,127,0,-1,0.929568,461.166667,444.333333,478.000000,33.666667,0.987591,86.197116,85.658947,86.735284,1.076337,0.917647,1.106335,1.058824,1.153846,0.095023,0.953075,0.779714,0.760980,0.798447,0.037467,1.000000,1.000000,1.000000,1.000000,0.000000,0.833333,5.500000,5.000000,6.000000,1.000000,22.721206,1.058217,1.157480,0.559191,0.246476,0.661941,14.212670,18.808298,0.875977,10.921660,0.508665,1.164001,0.054212,74.627305,111.831864,113.438869,110.224859,3.214009,0.971667
2025_04_25_IC_small_1,586,118,134,0,-1,0.969574,485.500000,478.000000,493.000000,15.000000,0.977294,87.742856,86.735284,88.750428,2.015144,0.877404,1.234457,1.153846,1.315068,0.161222,0.985076,0.792489,0.786531,0.798447,0.011916,1.000000,1.000000,1.000000,1.000000,0.000000,1.000000,6.000000,6.000000,6.000000,0.000000,29.114338,1.321373,2.113636,0.491979,0.258496,0.408471,9.000000,22.535281,1.022778,14.468145,0.656646,0.711523,0.032293,84.116924,118.355125,120.485734,116.224516,4.261218,0.964633
2025_04_25_IC_small_1,587,387,395,0,-1,0.519832,594.355556,406.577778,782.133333,375.555556,0.777206,96.539205,84.436858,108.641552,24.204694,0.908772,1.050193,1.000000,1.100386,0.100386,0.860579,0.774670,0.716621,0.832720,0.116099,1.000000,1.000000,1.000000,1.000000,0.000000,0.666667,5.000000,4.000000,6.000000,2.000000,18.981103,0.788736,1.086614,0.851429,0.007945,1.259563,30.311641,18.278354,0.759534,9.476621,0.393789,5.043424,0.209573,31.806551,175.254542,176.219677,174.289407,1.930270,0.989046
2025_04_25_IC_small_1,588,387,402,0,-1,0.636763,640.083333,498.033333,782.133333,284.100000,0.843352,100.132309,91.623066,108.641552,17.018486,0.947857,1.130653,1.100386,1.160920,0.060533,0.895282,0.789119,0.745519,0.832720,0.087201,1.000000,1.000000,1.000000,1.000000,0.000000,0.666667,5.000000,4.000000,6.000000,2.000000,30.483827,1.212483,1.165563,0.614015,0.107581,0.763696,19.200579,27.240777,1.083492,15.206555,0.604835,4.978992,0.198038,82.112019,163.467445,167.697527,159.237364,8.460163,0.949551
2025_04_25_IC_small_1,589,387,371,0,-1,0.663982,980.038889,782.133333,1177.944444,395.811111,0.828590,119.878889,108.641552,131.116225,22.474673,0.903075,1.159437,1.100386,1.218487,0.118101,0.967112,0.846878,0.832720,0.861037,0.028317,1.000000,1.000000,1.000000,1.000000,0.000000,0.857143,6.500000,6.000000,7.000000,1.000000,30.072202,0.965588,1.133257,0.678684,0.124938,0.790719,24.626093,23.929169,0.768342,14.904094,0.478555,6.295547,0.202144,85.338375,115.444100,122.559748,108.328451,14.231297,0.883883
2025_04_25_IC_small_1,590,395,403,0,-1,0.629865,526.038889,406.577778,645.500000,238.922222,0.854767,91.610193,84.436858,98.783528,14.346670,0.979381,1.010526,1.000000,1.021053,0.021053,0.862089,0.773941,0.716621,0.831260,0.114640,1.000000,1.000000,1.000000,1.000000,0.000000,0.666667,5.000000,4.000000,6.000000,2.000000,19.244596,0.844608,1.090226,0.669425,0.154192,0.936736,21.343747,16.621408,0.729482,9.622264,0.422303,3.450193,0.151422,44.133848,124.284862,132.580491,115.989234,16.591257,0.874859
2025_04_25_IC_small_1,591,395,410,0,-1,0.635797,523.027778,406.577778,639.477778,232.900000,0.861055,91.249479,84.436858,98.062101,13.625243,0.927022,1.039362,1.000000,1.078723,0.078723,0.857544,0.776144,0.716621,0.835666,0.119046,1.000000,1.000000,1.000000,1.000000,0.000000,0.666667,5.000000,4.000000,6.000000,2.000000,27.402435,1.205783,1.238806,0.609154,0.063731,0.783250,17.800000,24.915086,1.096333,13.620857,0.599356,4.505591,0.198259,81.712446,154.518859,167.697527,141.340192,26.357335,0.842828
2025_04_25_IC_small_1,592,403,416,0,-1,0.876754,605.722222,565.944444,645.500000,79.555556,0.958856,96.751377,94.719225,98.783528,4.064303,0.979381,1.010526,1.000000,1.021053,0.021053,0.953609,0.811979,0.792697,0.831260,0.038563,1.000000,1.000000,1.000000,1.000000,0.000000,0.833333,5.500000,5.000000,6.000000,1.000000,20.253103,0.823359,1.206612,0.823312,0.050812,1.169254,28.761471,17.774900,0.722612,10.102800,0.410714,0.710214,0.028873,79.586985,162.211173,171.951419,152.470928,19.480491,0.886709
2025_04_25_IC_small_1,593,403,394,0,-1,0.696792,785.944444,645.500000,926.388889,280.888889,0.822092,109.472330,98.783528,120.161131,21.377602,0.591506,1.373622,1.021053,1.726190,0.705138,0.969925,0.818760,0.806260,0.831260,0.025000,1.000000,1.000000,1.000000,1.000000,0.000000,0.750000,7.000000,6.000000,8.000000,2.000000,29.033553,1.039822,1.158621,0.545620,0.252138,0.513480,14.337209,24.001451,0.859600,14.425205,0.516631,0.963003,0.034489,81.675392,99.055817,114.687174,83.424460,31.262714,0.727409
2025_04_25_IC_small_1,594,403,410,0,-1,0.990670,642.488889,639.477778,645.500000,6.022222,0.992697,98.422815,98.062101,98.783528,0.721428,0.946538,1.049888,1.021053,1.078723,0.057671,0.994727,0.833463,0.831260,0.835666,0.004406,1.000000,1.000000,1.000000,1.000000,0.000000,1.000000,6.000000,6.000000,6.000000,0.000000,31.707421,1.250919,1.492187,0.516317,0.221275,0.394519,10.000000,24.076141,0.949851,14.867269,0.586543,0.377260,0.014884,59.343837,100.925558,102.670575,99.180542,3.490033,0.966007
2025_04_25_IC_small_1,595,403,420,0,-1,0.712210,775.916667,645.500000,906.333333,260.833333,0.867963,106.297143,98.783528,113.810757,15.027228,0.796919,1.151151,1.021053,1.281250,0.260197,0.945379,0.855274,0.831260,0.879288,0.048028,1.000000,1.000000,1.000000,1.000000,0.000000,0.857143,6.500000,6.000000,7.000000,1.000000,36.552253,1.316912,1.460432,0.519610,0.256184,0.339889,9.433981,27.887354,1.004731,18.181734,0.655055,3.240744,0.116758,77.450745,115.282538,138.814075,91.751001,47.063074,0.660963
2025_04_25_IC_small_1,596,114,125,0,-1,0.610431,822.527778,623.555556,1021.500000,397.944444,0.815354,109.685800,98.529248,120.842352,22.313104,0.960029,1.124790,1.101852,1.147727,0.045875,0.918216,0.843097,0.807151,0.879043,0.071892,1.000000,1.000000,1.000000,1.000000,0.000000,0.714286,6.000000,5.000000,7.000000,2.000000,35.216951,1.237158,1.267974,0.529795,0.204654,0.383577,10.918893,25.840745,0.907776,17.597912,0.618208,4.434591,0.155786,88.194530,98.322651,103.609732,93.035569,10.574163,0.897942
2025_04_25_IC_small_1,597,114,131,0,-1,0.800620,919.666667,817.833333,1021.500000,203.666667,0.904498,115.072029,109.301707,120.842352,11.540645,0.999236,1.101431,1.101010,1.101852,0.000842,0.978613,0.869642,0.860242,0.879043,0.018800,1.000000,1.000000,1.000000,1.000000,0.000000,0.857143,6.500000,6.000000,7.000000,1.000000,32.716910,1.080502,1.488372,0.597894,0.220400,0.553613,16.763055,24.928115,0.823271,16.272255,0.537404,2.230203,0.073654,77.142718,111.032383,117.772512,104.292255,13.480257,0.885540
2025_04_25_IC_small_1,598,114,128,0,-1,0.759762,1183.000000,1021.500000,1344.500000,323.000000,0.866032,130.189030,120.842352,139.535707,18.693356,0.920910,1.058279,1.014706,1.101852,0.087146,0.987166,0.873402,0.867761,0.879043,0.011282,1.000000,1.000000,1.000000,1.000000,0.000000,1.000000,7.000000,7.000000,7.000000,0.000000,40.128472,1.169443,1.028571,0.590852,0.162792,0.525374,18.027756,28.295132,0.824590,19.923586,0.580623,5.277380,0.153796,78.768593,114.537167,126.751837,102.322497,24.429340,0.807266
2025_04_25_IC_small_1,599,378,388,0,-1,0.799084,502.194444,446.111111,558.277778,112.166667,0.934525,89.013559,86.000834,92.026284,6.025450,0.922422,1.365932,1.310811,1.421053,0.110242,0.914979,0.793178,0.757962,0.828393,0.070431,1.000000,1.000000,1.000000,1.000000,0.000000,0.857143,6.500000,6.000000,7.000000,1.000000,26.375908,1.178831,1.330579,0.460795,0.305050,0.279905,6.262765,22.280568,0.995796,13.212015,0.590491,5.795816,0.259035,88.694664,85.573331,110.038909,61.107753,48.931155,0.555329
2025_04_25_IC_small_1,600,378,394,0,-1,0.481559,686.250000,446.111111,926.388889,480.277778,0.715713,103.080982,86.000834,120.161131,34.160297,0.759366,1.518501,1.310811,1.726190,0.415380,0.940096,0.782111,0.757962,0.806260,0.048298,1.000000,1.000000,1.000000,1.000000,0.000000,0.750000,7.000000,6.000000,8.000000,2.000000,33.436309,1.297037,2.654762,0.531167,0.160777,0.503623,12.982895,24.498372,0.950323,15.137910,0.587219,9.117998,0.353699,58.802855,115.914560,126.266639,105.562482,20.704158,0.836028
2025_04_25_IC_small_1,601,393,369,0,-1,0.432119,596.000000,359.666667,832.333333,472.666667,0.655141,94.780736,75.032594,114.528878,39.496285,0.904723,1.064404,1.011161,1.117647,0.106486,0.993269,0.800103,0.797402,0.802805,0.005403,1.000000,1.000000,1.000000,1.000000,0.000000,0.833333,5.500000,5.000000,6.000000,1.000000,32.509065,1.359783,1.651214,0.482412,0.348049,0.279200,6.674995,26.559814,1.110939,16.303230,0.681929,10.607468,0.443687,78.549952,117.544526,142.787018,92.302034,50.484984,0.646432
2025_04_25_IC_small_1,602,393,382,0,-1,0.234353,947.194444,359.666667,1534.722222,1175.055556,0.503558,112.018700,75.032594,149.004807,73.972213,0.901268,1.062473,1.007299,1.117647,0.110348,0.924211,0.835722,0.802805,0.868639,0.065833,0.986819,0.993409,0.986819,1.000000,0.013181,0.555556,7.000000,5.000000,9.000000,4.000000,29.606951,1.018464,1.379562,0.667631,0.112907,0.605557,17.603661,22.039775,0.758157,14.799493,0.509095,14.241620,0.489904,78.599244,102.279694,111.297354,93.262033,18.035321,0.837954
2025_04_25_IC_small_1,603,393,377,0,-1,0.566999,497.000000,359.666667,634.333333,274.666667,0.724513,89.297692,75.032594,103.562790,28.530196,0.946476,1.149249,1.117647,1.180851,0.063204,0.925784,0.773015,0.743224,0.802805,0.059581,1.000000,1.000000,1.000000,1.000000,0.000000,1.000000,5.000000,5.000000,5.000000,0.000000,24.587932,1.113815,1.175573,0.563439,0.202842,0.672744,14.851113,19.741197,0.894261,12.281453,0.556340,6.941909,0.314463,81.929730,122.228245,130.744941,113.711548,17.033393,0.869720
2025_04_25_IC_small_1,604,393,398,0,-1,0.582090,488.777778,359.666667,617.888889,258.222222,0.748011,87.671030,75.032594,100.309465,25.276871,0.676471,1.384910,1.117647,1.652174,0.534527,0.961228,0.787242,0.771679,0.802805,0.031127,1.000000,1.000000,1.000000,1.000000,0.000000,0.714286,6.000000,5.000000,7.000000,2.000000,22.147748,1.010799,1.112903,0.577004,0.269095,0.671614,14.715827,19.115625,0.872416,10.004548,0.456597,2.327903,0.106243,38.897185,117.056487,123.470964,110.642010,12.828954,0.896097
2025_04_25_IC_small_1,605,369,382,0,-1,0.542335,1183.527778,832.333333,1534.722222,702.388889,0.768625,131.766843,114.528878,149.004807,34.475928,0.996181,1.009230,1.007299,1.011161,0.003861,0.917990,0.833020,0.797402,0.868639,0.071237,0.986819,0.993409,0.986819,1.000000,0.013181,0.666667,7.500000,6.000000,9.000000,3.000000,40.427862,1.188605,1.240691,0.584511,0.126012,0.557838,18.973666,28.186047,0.828688,19.360197,0.569202,8.473451,0.249125,63.363532,106.782876,107.650124,105.915628,1.734496,0.983888
2025_04_25_IC_small_1,606,369,377,0,-1,0.762115,733.333333,634.333333,832.333333,198.000000,0.904250,109.045834,103.562790,114.528878,10.966088,0.856298,1.096006,1.011161,1.180851,0.169690,0.932058,0.770313,0.743224,0.797402,0.054177,1.000000,1.000000,1.000000,1.000000,0.000000,0.833333,5.500000,5.000000,6.000000,1.000000,20.890784,0.773215,1.090909,0.872319,0.023068,1.346055,36.367816,18.480053,0.683988,10.392448,0.384648,1.854057,0.068623,70.500294,147.911416,158.869807,136.953025,21.916783,0.862046
2025_04_25_IC_small_1,607,382,407,0,-1,0.525502,1170.611111,806.500000,1534.722222,728.222222,0.748894,130.296834,111.588860,149.004807,37.415946,0.960665,1.027921,1.007299,1.048544,0.041244,0.936987,0.841271,0.813903,0.868639,0.054736,0.986819,0.993409,0.986819,1.000000,0.013181,0.666667,7.500000,6.000000,9.000000,3.000000,35.322583,1.045442,1.471338,0.671715,0.104433,0.759321,25.655370,22.940760,0.678977,16.825208,0.497975,7.603493,0.225040,58.979706,117.073169,130.145672,104.000667,26.145005,0.799110
2025_04_25_IC_small_1,608,382,384,0,-1,0.654516,1269.611111,1004.500000,1534.722222,530.222222,0.833104,136.570661,124.136516,149.004807,24.868291,0.725848,1.197527,1.007299,1.387755,0.380456,0.943022,0.843892,0.819145,0.868639,0.049494,0.986819,0.993409,0.986819,1.000000,0.013181,0.666667,7.500000,6.000000,9.000000,3.000000,37.509556,1.058555,1.474026,0.609886,0.201658,0.626606,22.203603,30.115042,0.849875,18.746460,0.529043,8.209315,0.231675,79.675505,115.008584,127.478513,102.538656,24.939857,0.804360
2025_04_25_IC_small_1,609,382,411,0,-1,0.541466,1182.861111,831.000000,1534.722222,703.722222,0.767679,131.696344,114.387882,149.004807,34.616925,0.710575,1.212441,1.007299,1.417582,0.410283,0.918780,0.833363,0.798088,0.868639,0.070550,0.986819,0.993409,0.986819,1.000000,0.013181,0.666667,7.500000,6.000000,9.000000,3.000000,45.122099,1.327070,1.859155,0.483354,0.285443,0.226332,7.695598,30.599825,0.899960,22.190578,0.652639,5.838927,0.171727,86.487595,109.958695,120.587041,99.330348,21.256693,0.823723
2025_04_25_IC_small_1,610,119,123,0,-1,0.914791,531.833333,508.166667,555.500000,47.333333,0.925172,90.369264,86.856762,93.881766,7.025004,0.826301,1.314937,1.189873,1.440000,0.250127,0.935670,0.819238,0.792011,0.846465,0.054453,1.000000,1.000000,1.000000,1.000000,0.000000,0.833333,5.500000,5.000000,6.000000,1.000000,21.351049,0.926060,1.175000,0.742386,0.089940,1.009659,23.278507,17.369813,0.753381,10.460003,0.453682,1.071483,0.046473,58.861122,153.231780,158.962489,147.501072,11.461417,0.927899
2025_04_25_IC_small_1,611,119,116,0,-1,0.464012,876.333333,555.500000,1197.166667,641.666667,0.675768,116.403912,93.881766,138.926058,45.044292,0.886405,1.358211,1.276423,1.440000,0.163577,0.984160,0.785739,0.779466,0.792011,0.012546,1.000000,1.000000,1.000000,1.000000,0.000000,0.833333,5.500000,5.000000,6.000000,1.000000,26.284261,0.903718,1.171975,0.689978,0.110213,0.930800,27.071921,23.341635,0.802544,12.933672,0.444692,8.431880,0.289909,61.479858,116.420697,121.803884,111.037511,10.766373,0.911609
2025_04_25_IC_small_1,612,119,136,0,-1,0.609509,733.444444,555.500000,911.388889,355.888889,0.821159,104.105031,93.881766,114.328296,20.446530,0.766509,1.271887,1.103774,1.440000,0.336226,0.903910,0.834109,0.792011,0.876206,0.084194,1.000000,1.000000,1.000000,1.000000,0.000000,0.714286,6.000000,5.000000,7.000000,2.000000,36.222089,1.347591,1.836207,0.518713,0.282154,0.366413,9.848858,28.750512,1.069622,17.754570,0.660534,5.807016,0.216042,80.287040,115.469731,125.073754,105.865708,19.208047,0.846426
2025_04_25_IC_small_1,613,386,389,0,-1,0.967377,1638.333333,1611.166667,1665.500000,54.333333,0.899996,169.369164,160.454623,178.283704,17.829081,0.929986,1.376164,1.326241,1.426087,0.099846,0.837308,0.722434,0.658463,0.786404,0.127942,0.915949,0.957974,0.915949,1.000000,0.084051,0.666667,7.500000,6.000000,9.000000,3.000000,51.035957,1.260927,1.604520,0.449435,0.393540,0.445405,18.027756,37.888172,0.936090,24.964704,0.616794,7.920894,0.195699,79.848969,107.333097,113.838740,100.827453,13.011287,0.885704
2025_04_25_IC_small_1,614,386,412,0,-1,0.835085,1528.166667,1390.833333,1665.500000,274.666667,0.820474,162.280415,146.277126,178.283704,32.006578,0.939318,1.286002,1.245763,1.326241,0.080478,0.806119,0.737647,0.658463,0.816831,0.158368,0.915949,0.957974,0.915949,1.000000,0.084051,0.777778,8.000000,7.000000,9.000000,2.000000,41.341016,1.058609,1.154867,0.520074,0.277947,0.676130,26.404374,30.719573,0.786628,18.669104,0.478055,4.672261,0.119641,49.687137,119.983683,126.957106,113.010261,13.946845,0.890145
2025_04_25_IC_small_1,615,386,418,0,-1,0.568598,1306.250000,947.000000,1665.500000,718.500000,0.764558,157.295925,136.308147,178.283704,41.975557,0.638561,1.701582,1.326241,2.076923,0.750682,0.972714,0.649479,0.640496,0.658463,0.017967,0.915949,0.957974,0.915949,1.000000,0.084051,0.555556,7.000000,5.000000,9.000000,4.000000,46.075541,1.287316,1.604278,0.399903,0.389984,0.392146,14.035669,35.136016,0.981674,23.004724,0.642735,2.935959,0.082028,85.122974,113.666134,124.917170,102.415098,22.502073,0.819864
2025_04_25_IC_small_1,616,386,417,0,-1,0.842089,1534.000000,1402.500000,1665.500000,263.000000,0.891541,168.615460,158.947216,178.283704,19.336488,0.621676,1.729787,1.326241,2.133333,0.807092,0.943896,0.678032,0.658463,0.697601,0.039138,0.915949,0.957974,0.915949,1.000000,0.084051,0.666667,7.500000,6.000000,9.000000,3.000000,52.517736,1.342126,1.653061,0.414493,0.388635,0.412073,16.124515,38.450812,0.982636,26.210106,0.669817,2.696747,0.068917,69.415422,105.110255,129.596209,80.624302,48.971907,0.622119
2025_04_25_IC_small_1,617,122,123,0,-1,0.609475,670.972222,508.166667,833.777778,325.611111,0.783029,98.890443,86.856762,110.924125,24.067363,0.968033,1.209520,1.189873,1.229167,0.039293,0.994033,0.849005,0.846465,0.851546,0.005082,1.000000,1.000000,1.000000,1.000000,0.000000,1.000000,6.000000,6.000000,6.000000,0.000000,30.584498,1.189647,1.548387,0.551457,0.219747,0.445575,11.455227,24.431808,0.950326,15.003833,0.583605,6.506131,0.253069,76.278652,106.222921,108.347374,104.098467,4.248907,0.960784
2025_04_25_IC_small_1,618,122,127,0,-1,0.532916,639.055556,444.333333,833.777778,389.444444,0.772230,98.291536,85.658947,110.924125,25.265178,0.861416,1.143995,1.058824,1.229167,0.170343,0.893645,0.806263,0.760980,0.851546,0.090566,1.000000,1.000000,1.000000,1.000000,0.000000,0.833333,5.500000,5.000000,6.000000,1.000000,22.574312,0.903796,1.115385,0.787247,0.037338,1.075948,26.874192,17.847678,0.714558,11.164991,0.447007,5.563391,0.222739,59.093076,157.194249,161.266638,153.121860,8.144778,0.949495
2025_04_25_IC_small_1,619,122,135,0,-1,0.780450,742.250000,650.722222,833.777778,183.055556,0.880302,104.285429,97.646733,110.924125,13.277392,0.937986,1.191054,1.152941,1.229167,0.076225,0.992929,0.854578,0.851546,0.857610,0.006064,1.000000,1.000000,1.000000,1.000000,0.000000,1.000000,6.000000,6.000000,6.000000,0.000000,27.786265,1.021846,1.108844,0.645566,0.176154,0.709400,19.290182,20.672943,0.760252,13.852700,0.509436,3.186945,0.117201,71.554540,112.079897,135.164879,88.994914,46.169965,0.658417
2025_04_25_IC_small_1,620,110,111,0,-1,0.780763,1111.888889,975.000000,1248.777778,273.777778,0.946222,133.813589,130.116055,137.511122,7.395068,0.910729,1.313626,1.252252,1.375000,0.122748,0.872034,0.776789,0.723690,0.829888,0.106198,1.000000,1.000000,1.000000,1.000000,0.000000,0.714286,6.000000,5.000000,7.000000,2.000000,30.594114,0.919252,1.438710,0.635925,0.150120,0.871354,29.000000,26.058411,0.782969,15.220008,0.457311,2.205426,0.066266,82.858074,111.508703,115.372199,107.645207,7.726991,0.933026
2025_04_25_IC_small_1,621,110,116,0,-1,0.814423,1086.083333,975.000000,1197.166667,222.166667,0.936585,134.521056,130.116055,138.926058,8.810004,0.981064,1.264338,1.252252,1.276423,0.024171,0.928444,0.751578,0.723690,0.779466,0.055776,1.000000,1.000000,1.000000,1.000000,0.000000,0.833333,5.500000,5.000000,6.000000,1.000000,23.951158,0.727721,1.147436,0.888281,0.006062,1.424143,46.872167,18.375745,0.558320,11.960119,0.363391,2.552343,0.077549,9.706538,171.494691,177.205235,165.784147,11.421089,0.935549
2025_04_25_IC_small_1,622,110,137,0,-1,0.848441,1062.083333,975.000000,1149.166667,174.166667,0.953539,133.285999,130.116055,136.455944,6.339889,0.921011,1.305951,1.252252,1.359649,0.107397,0.933136,0.749618,0.723690,0.775547,0.051857,1.000000,1.000000,1.000000,1.000000,0.000000,0.714286,6.000000,5.000000,7.000000,2.000000,49.412968,1.517496,1.576271,0.454268,0.265202,0.371076,12.083046,35.429330,1.088052,24.654931,0.757165,2.310145,0.070946,89.314114,116.440289,137.910838,94.969741,42.941097,0.688631
2025_04_25_IC_small_1,623,115,113,0,-1,0.821358,1155.500000,1042.166667,1268.833333,226.666667,0.914695,132.215165,126.324607,138.105724,11.781117,0.867647,1.076271,1.000000,1.152542,0.152542,0.981703,0.828323,0.820675,0.835971,0.015296,1.000000,1.000000,1.000000,1.000000,0.000000,0.857143,6.500000,6.000000,7.000000,1.000000,43.163738,1.271330,1.926471,0.495557,0.298476,0.329155,11.175370,31.305950,0.922075,20.430917,0.601765,3.698262,0.108927,75.157552,94.690479,98.864793,90.516164,8.348629,0.915555
2025_04_25_IC_small_1,624,115,111,0,-1,0.834549,1145.472222,1042.166667,1248.777778,206.611111,0.918650,131.917865,126.324607,137.511122,11.186515,0.838213,1.263771,1.152542,1.375000,0.222458,0.988899,0.825281,0.820675,0.829888,0.009213,1.000000,1.000000,1.000000,1.000000,0.000000,1.000000,7.000000,7.000000,7.000000,0.000000,42.436183,1.255125,1.545455,0.471437,0.375634,0.247260,8.359957,34.415531,1.017900,19.884532,0.588120,1.565503,0.046303,60.215798,95.488327,101.591564,89.385090,12.206474,0.879848
2025_04_25_IC_small_1,625,115,130,0,-1,0.501359,782.333333,522.500000,1042.166667,519.666667,0.744401,110.180408,94.036208,126.324607,32.288399,0.971765,1.136271,1.120000,1.152542,0.032542,0.904763,0.781596,0.742516,0.820675,0.078159,1.000000,1.000000,1.000000,1.000000,0.000000,0.571429,5.500000,4.000000,7.000000,3.000000,26.391632,0.957244,1.220588,0.692714,0.106839,0.940944,25.942244,20.792674,0.754166,13.087311,0.474686,7.336374,0.266096,88.218148,135.000000,139.236395,130.763605,8.472790,0.939148
2025_04_25_IC_small_1,626,115,126,0,-1,0.743225,1222.194444,1042.166667,1402.222222,360.055556,0.886826,134.385173,126.324607,142.445740,16.121133,0.938872,1.117316,1.082090,1.152542,0.070453,0.945025,0.844545,0.820675,0.868416,0.047741,1.000000,1.000000,1.000000,1.000000,0.000000,0.857143,6.500000,6.000000,7.000000,1.000000,36.850671,1.056970,1.024390,0.648018,0.138390,0.732138,25.525586,28.640078,0.821470,18.237602,0.523100,4.743834,0.136065,87.458962,112.716381,117.552812,107.879950,9.672862,0.917715
2025_04_25_IC_small_1,627,115,129,0,-1,0.687990,879.583333,717.000000,1042.166667,325.166667,0.917274,121.099448,115.874289,126.324607,10.450318,0.671625,1.434296,1.152542,1.716049,0.563507,0.817681,0.745862,0.671050,0.820675,0.149625,1.000000,1.000000,1.000000,1.000000,0.000000,0.857143,6.500000,6.000000,7.000000,1.000000,43.700187,1.479871,1.019048,0.398262,0.330459,0.111746,3.299832,32.635173,1.105163,23.218231,0.786266,1.453121,0.049209,89.131771,109.260722,151.837860,66.683583,85.154277,0.439176
2025_04_25_IC_small_1,628,120,113,0,-1,0.634178,1036.750000,804.666667,1268.833333,464.166667,0.807417,124.807294,111.508865,138.105724,26.596858,0.929825,1.037736,1.000000,1.075472,0.075472,0.972783,0.824594,0.813218,0.835971,0.022753,1.000000,1.000000,1.000000,1.000000,0.000000,0.833333,5.500000,5.000000,6.000000,1.000000,36.953467,1.155024,1.838235,0.524212,0.207540,0.416749,13.333333,30.229273,0.944852,18.433125,0.576149,5.937206,0.185574,85.154715,97.494288,111.595310,83.393265,28.202046,0.747283
2025_04_25_IC_small_1,629,120,133,0,-1,0.772784,713.250000,621.833333,804.666667,182.833333,0.902715,106.084783,100.660701,111.508865,10.848164,0.993531,1.078973,1.075472,1.082474,0.007003,0.948324,0.792206,0.771195,0.813218,0.042024,1.000000,1.000000,1.000000,1.000000,0.000000,0.800000,4.500000,4.000000,5.000000,1.000000,26.270190,0.985688,1.250000,0.733845,0.038439,1.048283,27.938424,24.267475,0.910544,12.816272,0.480882,2.384399,0.089465,69.533460,166.271669,167.414295,165.129043,2.285252,0.986350
2025_04_25_IC_small_1,630,120,132,0,-1,0.480223,1240.138889,804.666667,1675.611111,870.944444,0.704357,134.910905,111.508865,158.312945,46.804080,0.947821,1.047413,1.019355,1.075472,0.056117,0.967959,0.826678,0.813218,0.840137,0.026919,1.000000,1.000000,1.000000,1.000000,0.000000,0.714286,6.000000,5.000000,7.000000,2.000000,36.641554,1.057463,1.266304,0.541381,0.239333,0.431181,14.940623,31.052872,0.896175,17.809440,0.513974,8.125434,0.234497,62.903753,96.395760,119.744881,73.046639,46.698243,0.610019
2025_04_25_IC_small_1,631,113,129,0,-1,0.565086,992.916667,717.000000,1268.833333,551.833333,0.839026,126.990006,115.874289,138.105724,22.231434,0.582734,1.358025,1.000000,1.716049,0.716049,0.802719,0.753510,0.671050,0.835971,0.164921,1.000000,1.000000,1.000000,1.000000,0.000000,1.000000,6.000000,6.000000,6.000000,0.000000,32.098038,1.028824,1.617647,0.613688,0.144160,0.838623,26.164013,23.963080,0.768078,14.914194,0.478038,7.574739,0.242790,68.099420,110.212354,117.645975,102.778733,14.867242,0.873627
2025_04_25_IC_small_1,632,113,132,0,-1,0.757236,1472.222222,1268.833333,1675.611111,406.777778,0.872359,148.209334,138.105724,158.312945,20.207222,0.981013,1.009677,1.000000,1.019355,0.019355,0.995041,0.838054,0.835971,0.840137,0.004166,1.000000,1.000000,1.000000,1.000000,0.000000,0.857143,6.500000,6.000000,7.000000,1.000000,42.750277,1.116853,1.120536,0.628319,0.111019,0.702089,26.874192,31.335009,0.818628,21.359807,0.558026,6.153219,0.160753,78.060289,140.054896,151.449984,128.659808,22.790176,0.849520
2025_04_25_IC_small_1,633,111,126,0,-1,0.890571,1325.500000,1248.777778,1402.222222,153.444444,0.965358,139.978431,137.511122,142.445740,4.934617,0.786974,1.228545,1.082090,1.375000,0.292910,0.955634,0.849152,0.829888,0.868416,0.038528,1.000000,1.000000,1.000000,1.000000,0.000000,0.857143,6.500000,6.000000,7.000000,1.000000,34.684367,0.953073,1.388889,0.790191,0.039482,1.025371,37.315472,28.066892,0.771235,17.092805,0.469684,1.734498,0.047661,71.405467,164.400995,166.067029,162.734960,3.332069,0.979935
2025_04_25_IC_small_1,634,111,137,0,-1,0.920233,1198.972222,1149.166667,1248.777778,99.611111,0.992327,136.983533,136.455944,137.511122,1.055179,0.988836,1.367325,1.359649,1.375000,0.015351,0.934520,0.802717,0.775547,0.829888,0.054341,1.000000,1.000000,1.000000,1.000000,0.000000,1.000000,7.000000,7.000000,7.000000,0.000000,45.042214,1.301095,1.737500,0.497464,0.296110,0.402222,13.924399,33.590462,0.970298,20.116273,0.581081,4.429114,0.127940,53.696336,108.833139,114.443955,103.222324,11.221631,0.901946
2025_04_25_IC_small_1,635,409,412,0,-1,0.478131,1027.916667,665.000000,1390.833333,725.833333,0.719838,125.786493,105.295860,146.277126,40.981266,0.874074,1.167326,1.088889,1.245763,0.156874,0.922735,0.785274,0.753718,0.816831,0.063113,1.000000,1.000000,1.000000,1.000000,0.000000,0.714286,6.000000,5.000000,7.000000,2.000000,33.537493,1.063307,1.264151,0.515592,0.309201,0.439572,13.864423,29.466622,0.934240,16.713798,0.529911,6.223534,0.197317,86.360020,96.075872,97.765166,94.386578,3.378588,0.965442
2025_04_25_IC_small_1,636,409,431,0,-1,0.926316,640.500000,616.000000,665.000000,49.000000,0.966125,103.512413,101.728966,105.295860,3.566894,0.725926,1.294444,1.088889,1.500000,0.411111,0.992413,0.750859,0.748000,0.753718,0.005719,1.000000,1.000000,1.000000,1.000000,0.000000,0.800000,4.500000,4.000000,5.000000,1.000000,22.740382,0.898706,1.514286,0.700505,0.059329,1.095376,27.716822,22.826035,0.902091,11.364609,0.449132,1.367006,0.054024,73.040445,169.710698,170.049373,169.372022,0.677351,0.996017
2025_04_25_IC_small_1,637,409,408,0,-1,0.936842,644.000000,623.000000,665.000000,42.000000,0.952854,102.813706,100.331553,105.295860,4.964308,0.913262,1.140598,1.088889,1.192308,0.103419,0.969139,0.765719,0.753718,0.777719,0.024001,1.000000,1.000000,1.000000,1.000000,0.000000,0.800000,4.500000,4.000000,5.000000,1.000000,24.049775,0.947820,1.653061,0.724323,0.029115,1.106313,28.071338,21.519327,0.848093,11.944247,0.470732,0.880189,0.034689,69.818883,148.322989,169.411143,127.234834,42.176309,0.751042
2025_04_25_IC_small_1,638,125,121,0,-1,0.961511,611.555556,599.555556,623.555556,24.000000,0.969304,100.089352,98.529248,101.649455,3.120207,0.694190,1.400530,1.147727,1.653333,0.505606,0.903388,0.768161,0.729171,0.807151,0.077980,1.000000,1.000000,1.000000,1.000000,0.000000,0.625000,6.500000,5.000000,8.000000,3.000000,26.721790,1.080609,1.354839,0.529563,0.305959,0.602833,14.907120,21.596472,0.873345,12.557766,0.507826,3.689588,0.149204,54.072173,106.565765,129.451534,83.679997,45.771537,0.646420
2025_04_25_IC_small_1,639,125,131,0,-1,0.762448,720.694444,623.555556,817.833333,194.277778,0.901443,103.915478,98.529248,109.301707,10.772459,0.959296,1.124369,1.101010,1.147727,0.046717,0.938283,0.833697,0.807151,0.860242,0.053091,1.000000,1.000000,1.000000,1.000000,0.000000,0.833333,5.500000,5.000000,6.000000,1.000000,26.253144,0.980164,1.370079,0.697189,0.111351,0.870797,23.323808,21.967373,0.820154,13.119390,0.489814,3.347988,0.124997,85.886788,135.381426,138.617756,132.145095,6.472661,0.953306
2025_04_25_IC_small_1,640,125,141,0,-1,0.563397,865.166667,623.555556,1106.777778,483.222222,0.789345,111.676664,98.529248,124.824079,26.294831,0.968395,1.166456,1.147727,1.185185,0.037458,0.904235,0.849893,0.807151,0.892634,0.085483,1.000000,1.000000,1.000000,1.000000,0.000000,0.714286,6.000000,5.000000,7.000000,2.000000,31.700265,1.088620,1.658537,0.638633,0.117800,0.666782,19.416488,23.775664,0.816481,15.849918,0.544303,7.325694,0.251572,82.107491,118.567384,118.779806,118.354962,0.424845,0.996423
2025_04_25_IC_small_1,641,121,134,0,-1,0.822276,546.277778,493.000000,599.555556,106.555556,0.873103,95.199942,88.750428,101.649455,12.899027,0.795404,1.484201,1.315068,1.653333,0.338265,0.927072,0.757851,0.729171,0.786531,0.057360,1.000000,1.000000,1.000000,1.000000,0.000000,0.750000,7.000000,6.000000,8.000000,2.000000,25.797686,1.105076,1.373984,0.487881,0.262382,0.485057,11.323525,21.303701,0.912571,12.888681,0.552103,0.334946,0.014348,73.172284,93.225029,106.389540,80.060519,26.329022,0.752522
2025_04_25_IC_small_1,642,121,138,0,-1,0.856468,556.527778,513.500000,599.555556,86.055556,0.889900,96.053670,90.457886,101.649455,11.191570,0.822581,1.506667,1.360000,1.653333,0.293333,0.924638,0.758886,0.729171,0.788601,0.059431,1.000000,1.000000,1.000000,1.000000,0.000000,0.625000,6.500000,5.000000,8.000000,3.000000,30.001421,1.272693,2.200000,0.531478,0.179686,0.633798,14.940623,22.187300,0.941209,13.214883,0.560590,0.454894,0.019297,55.019651,122.409156,140.924582,103.893729,37.030853,0.737229
2025_04_25_IC_small_1,643,121,141,0,-1,0.541713,853.166667,599.555556,1106.777778,507.222222,0.814342,113.236767,101.649455,124.824079,23.174624,0.716846,1.419259,1.185185,1.653333,0.468148,0.816875,0.810902,0.729171,0.892634,0.163464,1.000000,1.000000,1.000000,1.000000,0.000000,0.875000,7.500000,7.000000,8.000000,1.000000,41.783696,1.446952,1.568627,0.469675,0.323566,0.221738,6.403124,28.967302,1.003126,20.517774,0.710522,6.401529,0.221682,75.897883,114.294270,116.395035,112.193505,4.201530,0.963903
2025_04_25_IC_small_1,644,123,135,0,-1,0.780927,579.444444,508.166667,650.722222,142.555556,0.889500,92.251748,86.856762,97.646733,10.789972,0.968961,1.171407,1.152941,1.189873,0.036932,0.987004,0.852037,0.846465,0.857610,0.011146,1.000000,1.000000,1.000000,1.000000,0.000000,1.000000,6.000000,6.000000,6.000000,0.000000,23.876244,0.993771,1.075188,0.679754,0.117689,0.793607,19.067133,18.482872,0.769289,11.910817,0.495749,3.137462,0.130587,80.754061,130.646920,144.806093,116.487746,28.318346,0.804440
2025_04_25_IC_small_1,645,123,136,0,-1,0.557574,709.777778,508.166667,911.388889,403.222222,0.759714,100.592529,86.856762,114.328296,27.471534,0.927640,1.146824,1.103774,1.189873,0.086100,0.966057,0.861335,0.846465,0.876206,0.029741,1.000000,1.000000,1.000000,1.000000,0.000000,0.857143,6.500000,6.000000,7.000000,1.000000,32.242548,1.222889,1.031056,0.559507,0.158148,0.429104,11.313708,24.983279,0.947561,16.094185,0.610417,7.341432,0.278444,89.794105,92.499352,95.171803,89.826901,5.344902,0.943839
2025_04_25_IC_small_1,646,123,142,0,-1,0.980071,513.333333,508.166667,518.500000,10.333333,0.951349,89.077639,86.856762,91.298516,4.441754,0.921569,1.240506,1.189873,1.291139,0.101266,0.923469,0.814074,0.781684,0.846465,0.064781,1.000000,1.000000,1.000000,1.000000,0.000000,0.833333,5.500000,5.000000,6.000000,1.000000,31.013590,1.368856,2.101124,0.486038,0.279545,0.336140,7.615773,23.209613,1.024410,14.899851,0.657639,0.825322,0.036427,76.376205,111.948886,111.974508,111.923263,0.051245,0.999542
2025_04_25_IC_small_1,647,127,135,0,-1,0.682831,547.527778,444.333333,650.722222,206.388889,0.877233,91.652840,85.658947,97.646733,11.987786,0.918367,1.105882,1.058824,1.152941,0.094118,0.887326,0.809295,0.760980,0.857610,0.096630,1.000000,1.000000,1.000000,1.000000,0.000000,0.833333,5.500000,5.000000,6.000000,1.000000,30.910038,1.326939,1.414634,0.440700,0.342398,0.141659,3.299832,24.704936,1.060560,15.025213,0.645018,3.542820,0.152090,62.443496,90.050201,117.883226,62.217176,55.666050,0.527787
2025_04_25_IC_small_1,648,127,134,0,-1,0.901285,468.666667,444.333333,493.000000,48.666667,0.965167,87.204688,85.658947,88.750428,3.091481,0.805147,1.186946,1.058824,1.315068,0.256245,0.967514,0.773756,0.760980,0.786531,0.025551,1.000000,1.000000,1.000000,1.000000,0.000000,0.833333,5.500000,5.000000,6.000000,1.000000,19.143672,0.884585,1.062016,0.656844,0.160028,0.935635,20.248457,16.628892,0.768383,9.355838,0.432312,0.069151,0.003195,83.244086,129.335913,129.382419,129.289407,0.093013,0.999281
2025_04_25_IC_small_1,649,127,139,0,-1,0.931191,460.750000,444.333333,477.166667,32.833333,0.962825,87.312622,85.658947,88.966297,3.307350,0.705882,1.279412,1.058824,1.500000,0.441176,0.995533,0.759280,0.757581,0.760980,0.003399,1.000000,1.000000,1.000000,1.000000,0.000000,0.833333,5.500000,5.000000,6.000000,1.000000,22.661968,1.055927,1.905882,0.658817,0.095496,0.979597,21.023796,17.912209,0.834614,10.801063,0.503272,0.520951,0.024274,67.083317,141.587773,145.738897,137.436648,8.302249,0.943033
2025_04_25_IC_small_1,650,383,389,0,-1,0.786663,1439.305556,1267.444444,1611.166667,343.722222,0.951680,156.578027,152.701432,160.454623,7.753192,0.581589,1.939071,1.426087,2.452055,1.025968,0.868574,0.734727,0.683050,0.786404,0.103354,1.000000,1.000000,1.000000,1.000000,0.000000,1.000000,6.000000,6.000000,6.000000,0.000000,27.678046,0.730865,1.016393,0.832263,0.026363,1.382023,52.337579,22.865444,0.603784,13.643732,0.360276,3.942337,0.104101,20.378898,157.745004,172.768182,142.721826,30.046357,0.826089
2025_04_25_IC_small_1,651,383,391,0,-1,0.721662,1091.055556,914.666667,1267.444444,352.777778,0.870762,142.834055,132.966679,152.701432,19.734752,0.965002,2.496519,2.452055,2.540984,0.088929,0.951775,0.666580,0.650110,0.683050,0.032940,1.000000,1.000000,1.000000,1.000000,0.000000,1.000000,6.000000,6.000000,6.000000,0.000000,21.618990,0.656667,1.464567,0.757830,0.055400,1.449586,47.723742,17.909270,0.543986,10.504538,0.319070,2.943413,0.089405,14.546934,131.855574,137.683775,126.027373,11.656402,0.915339
2025_04_25_IC_small_1,652,383,424,0,-1,0.594146,1700.333333,1267.444444,2133.222222,865.777778,0.848562,166.327283,152.701432,179.953134,27.251702,0.519312,1.862718,1.273381,2.452055,1.178673,0.825136,0.755427,0.683050,0.827803,0.144753,1.000000,1.000000,1.000000,1.000000,0.000000,0.857143,6.500000,6.000000,7.000000,1.000000,52.611594,1.286536,1.779661,0.508340,0.243090,0.522247,21.356758,43.089540,1.053688,25.515771,0.623949,3.265496,0.079853,78.429539,113.007874,132.197548,93.818199,38.379349,0.709682
2025_04_25_IC_small_1,653,116,136,0,-1,0.761288,1054.277778,911.388889,1197.166667,285.777778,0.822943,126.627177,114.328296,138.926058,24.597762,0.864740,1.190098,1.103774,1.276423,0.172649,0.889592,0.827836,0.779466,0.876206,0.096740,1.000000,1.000000,1.000000,1.000000,0.000000,0.857143,6.500000,6.000000,7.000000,1.000000,31.203038,0.963216,1.258621,0.653246,0.149760,0.800356,25.927249,23.450762,0.723908,15.234805,0.470288,3.518249,0.108606,52.498039,124.839892,125.791050,123.888734,1.902316,0.984877
2025_04_25_IC_small_1,654,116,137,0,-1,0.959905,1173.166667,1149.166667,1197.166667,48.000000,0.982220,137.691001,136.455944,138.926058,2.470114,0.938788,1.318036,1.276423,1.359649,0.083226,0.994972,0.777506,0.775547,0.779466,0.003919,1.000000,1.000000,1.000000,1.000000,0.000000,0.857143,6.500000,6.000000,7.000000,1.000000,48.666602,1.420934,1.157658,0.427652,0.313468,0.186954,6.403124,35.841488,1.046475,24.204026,0.706692,0.639227,0.018664,86.460980,89.983833,99.246113,80.721552,18.524560,0.813347
2025_04_25_IC_small_1,655,116,140,0,-1,0.751172,1048.222222,899.277778,1197.166667,297.888889,0.892106,131.431394,123.936729,138.926058,14.989329,0.943443,1.314682,1.276423,1.352941,0.076518,0.943858,0.757585,0.735705,0.779466,0.043761,1.000000,1.000000,1.000000,1.000000,0.000000,0.833333,5.500000,5.000000,6.000000,1.000000,41.455683,1.283695,1.768212,0.530233,0.135971,0.618707,19.980546,32.278713,0.999526,20.585750,0.637448,3.814617,0.118121,84.505207,118.573603,127.056528,110.090678,16.965851,0.866470
2025_04_25_IC_small_1,656,130,126,0,-1,0.372623,962.361111,522.500000,1402.222222,879.722222,0.660155,118.240974,94.036208,142.445740,48.409532,0.966151,1.101045,1.082090,1.120000,0.037910,0.855024,0.805466,0.742516,0.868416,0.125900,1.000000,1.000000,1.000000,1.000000,0.000000,0.666667,5.000000,4.000000,6.000000,2.000000,33.450526,1.109387,1.441379,0.578453,0.238130,0.530640,16.000000,28.617014,0.949084,16.656872,0.552425,11.204747,0.371606,73.281805,120.250702,137.290610,103.210794,34.079816,0.751769
2025_04_25_IC_small_1,657,130,129,0,-1,0.728731,619.750000,522.500000,717.000000,194.500000,0.811536,104.955249,94.036208,115.874289,21.838081,0.652662,1.418025,1.120000,1.716049,0.596049,0.903751,0.706783,0.671050,0.742516,0.071466,1.000000,1.000000,1.000000,1.000000,0.000000,0.666667,5.000000,4.000000,6.000000,2.000000,22.492493,0.906314,1.079137,0.641993,0.184214,1.090920,27.073973,19.396177,0.781551,10.527057,0.424178,1.047234,0.042197,67.449836,134.851118,162.552812,107.149425,55.403387,0.659167
2025_04_25_IC_small_1,658,130,144,0,-1,0.533073,751.333333,522.500000,980.166667,457.666667,0.786026,106.835581,94.036208,119.634954,25.598745,0.899528,1.182549,1.120000,1.245098,0.125098,0.862804,0.801550,0.742516,0.860585,0.118068,1.000000,1.000000,1.000000,1.000000,0.000000,0.666667,5.000000,4.000000,6.000000,2.000000,25.849582,0.954460,1.440945,0.705246,0.102928,0.923829,25.019992,23.728149,0.876129,12.880479,0.475594,5.907379,0.218122,83.950089,149.898180,164.796360,135.000000,29.796360,0.819193
2025_04_25_IC_small_1,659,131,128,0,-1,0.608281,1081.166667,817.833333,1344.500000,526.666667,0.783324,124.418707,109.301707,139.535707,30.234000,0.921614,1.057858,1.014706,1.101010,0.086304,0.991336,0.864001,0.860242,0.867761,0.007518,1.000000,1.000000,1.000000,1.000000,0.000000,0.857143,6.500000,6.000000,7.000000,1.000000,32.591781,0.998749,1.594203,0.688543,0.128642,0.768892,25.090946,24.910907,0.763375,15.609389,0.478337,5.544182,0.169897,80.494919,123.996953,128.955908,119.037998,9.917910,0.923091
2025_04_25_IC_small_1,660,131,146,0,-1,0.548604,633.250000,448.666667,817.833333,369.166667,0.772782,96.884044,84.466381,109.301707,24.835326,0.975895,1.114608,1.101010,1.128205,0.027195,0.918640,0.825247,0.790253,0.860242,0.069990,1.000000,1.000000,1.000000,1.000000,0.000000,0.833333,5.500000,5.000000,6.000000,1.000000,32.542389,1.307460,1.115385,0.542010,0.288985,0.450191,11.205158,26.516058,1.065340,15.502043,0.622828,5.505039,0.221177,72.596360,132.185560,147.608838,116.762282,30.846556,0.791025
2025_04_25_IC_small_1,661,131,141,0,-1,0.738932,962.305556,817.833333,1106.777778,288.944444,0.875646,117.062893,109.301707,124.824079,15.522372,0.928977,1.143098,1.101010,1.185185,0.084175,0.963712,0.876438,0.860242,0.892634,0.032392,1.000000,1.000000,1.000000,1.000000,0.000000,0.857143,6.500000,6.000000,7.000000,1.000000,34.796486,1.124898,1.113636,0.568044,0.225616,0.449114,13.892444,26.806692,0.866604,17.393490,0.562295,3.654053,0.118128,83.304719,104.565814,109.075098,100.056530,9.018568,0.917318
2025_04_25_IC_small_1,662,131,149,0,-1,0.969092,805.194444,792.555556,817.833333,25.277778,0.991868,108.857313,108.412919,109.301707,0.888788,0.925893,1.060214,1.019417,1.101010,0.081593,0.985046,0.853810,0.847379,0.860242,0.012864,1.000000,1.000000,1.000000,1.000000,0.000000,1.000000,6.000000,6.000000,6.000000,0.000000,29.998101,1.057199,1.810811,0.626943,0.151723,0.670529,19.026298,24.060175,0.847933,14.942267,0.526598,0.635243,0.022387,83.124718,112.837863,136.674245,89.001482,47.672763,0.651194
2025_04_25_IC_small_1,663,135,139,0,-1,0.733288,563.944444,477.166667,650.722222,173.555556,0.911104,93.306515,88.966297,97.646733,8.680436,0.768627,1.326471,1.152941,1.500000,0.347059,0.883362,0.807596,0.757581,0.857610,0.100030,1.000000,1.000000,1.000000,1.000000,0.000000,1.000000,6.000000,6.000000,6.000000,0.000000,27.563559,1.164164,1.306452,0.588038,0.198749,0.662290,15.680845,20.595899,0.869880,12.588057,0.531664,4.507676,0.190384,65.005034,132.005875,160.346176,103.665574,56.680602,0.646511
2025_04_25_IC_small_1,664,135,142,0,-1,0.796807,584.611111,518.500000,650.722222,132.222222,0.934988,94.472625,91.298516,97.646733,6.348218,0.892964,1.222040,1.152941,1.291139,0.138198,0.911467,0.819647,0.781684,0.857610,0.075927,1.000000,1.000000,1.000000,1.000000,0.000000,0.833333,5.500000,5.000000,6.000000,1.000000,26.580094,1.101084,1.100719,0.585471,0.235484,0.632327,15.264338,22.931656,0.949947,13.262491,0.549401,3.082035,0.127674,84.902409,113.598469,123.926293,103.270644,20.655649,0.833323
2025_04_25_IC_small_1,665,135,147,0,-1,0.513255,959.277778,650.722222,1267.833333,617.111111,0.721763,116.467985,97.646733,135.289236,37.642503,0.946207,1.185714,1.152941,1.218487,0.065546,0.985246,0.864032,0.857610,0.870453,0.012843,1.000000,1.000000,1.000000,1.000000,0.000000,0.857143,6.500000,6.000000,7.000000,1.000000,31.229921,1.021990,1.823529,0.721120,0.090433,0.819571,25.044405,25.368691,0.830183,15.514816,0.507718,8.898175,0.291190,71.189058,141.618640,158.807271,124.430009,34.377262,0.783528
2025_04_25_IC_small_1,666,377,392,0,-1,0.778508,564.083333,493.833333,634.333333,140.500000,0.829587,94.738572,85.914353,103.562790,17.648437,0.997163,1.182531,1.180851,1.184211,0.003359,0.884018,0.791979,0.743224,0.840734,0.097510,1.000000,1.000000,1.000000,1.000000,0.000000,0.833333,5.500000,5.000000,6.000000,1.000000,25.715409,1.084848,1.064516,0.497046,0.293175,0.434338,10.295630,21.432415,0.904162,12.601360,0.531609,2.207972,0.093147,74.233952,102.005844,116.047722,87.963966,28.083756,0.757998
2025_04_25_IC_small_1,667,377,398,0,-1,0.974076,626.111111,617.888889,634.333333,16.444444,0.968586,101.936128,100.309465,103.562790,3.253325,0.714726,1.416512,1.180851,1.652174,0.471323,0.963127,0.757451,0.743224,0.771679,0.028454,1.000000,1.000000,1.000000,1.000000,0.000000,0.714286,6.000000,5.000000,7.000000,2.000000,30.094128,1.202722,2.297872,0.536170,0.173824,0.650589,16.278821,24.031500,0.960427,14.680789,0.586723,1.138035,0.045482,67.056547,132.589631,142.361774,122.817487,19.544287,0.862714
2025_04_25_IC_small_1,668,133,132,0,-1,0.371108,1148.722222,621.833333,1675.611111,1053.777778,0.635834,129.486823,100.660701,158.312945,57.652244,0.941690,1.050915,1.019355,1.082474,0.063119,0.917939,0.805666,0.771195,0.840137,0.068943,1.000000,1.000000,1.000000,1.000000,0.000000,0.571429,5.500000,4.000000,7.000000,3.000000,30.506759,0.926260,1.354839,0.709140,0.116651,0.868388,28.600699,26.118153,0.793011,14.780873,0.448784,9.952710,0.302189,61.353909,119.654349,121.824319,117.484379,4.339939,0.964375
2025_04_25_IC_small_1,669,133,143,0,-1,0.735317,733.750000,621.833333,845.666667,223.833333,0.865848,108.458731,100.660701,116.256760,15.596058,0.902062,1.141237,1.082474,1.200000,0.117526,0.980825,0.778733,0.771195,0.786272,0.015077,1.000000,1.000000,1.000000,1.000000,0.000000,0.800000,4.500000,4.000000,5.000000,1.000000,31.035812,1.149114,1.217949,0.604040,0.082112,0.781052,21.095023,26.145618,0.968053,15.466800,0.572665,4.415217,0.163475,85.300730,160.802963,174.129974,147.475952,26.654022,0.846930
2025_04_25_IC_small_1,670,134,138,0,-1,0.960078,503.250000,493.000000,513.500000,20.500000,0.981124,89.604157,88.750428,90.457886,1.707457,0.966962,1.337534,1.315068,1.360000,0.044932,0.997375,0.787566,0.786531,0.788601,0.002070,1.000000,1.000000,1.000000,1.000000,0.000000,0.833333,5.500000,5.000000,6.000000,1.000000,17.763906,0.791898,1.157407,0.826384,0.039576,1.236929,27.746872,14.814534,0.660418,8.715840,0.388544,0.588372,0.026229,36.176278,158.582841,176.045752,141.119930,34.925822,0.801609
2025_04_25_IC_small_1,671,134,139,0,-1,0.967884,485.083333,477.166667,493.000000,15.833333,0.997574,88.858363,88.750428,88.966297,0.215869,0.876712,1.407534,1.315068,1.500000,0.184932,0.963192,0.772056,0.757581,0.786531,0.028950,1.000000,1.000000,1.000000,1.000000,0.000000,1.000000,6.000000,6.000000,6.000000,0.000000,22.758419,1.033352,1.007752,0.520952,0.270572,0.561632,12.369317,18.910850,0.858652,10.836131,0.492017,0.901255,0.040922,49.116918,95.186766,105.494849,84.878683,20.616165,0.804577
2025_04_25_IC_small_1,672,134,151,0,-1,0.729885,426.416667,359.833333,493.000000,133.166667,0.862632,82.654711,76.558994,88.750428,12.191434,0.987407,1.306788,1.298507,1.315068,0.016561,0.980851,0.779000,0.771470,0.786531,0.015061,1.000000,1.000000,1.000000,1.000000,0.000000,0.833333,5.500000,5.000000,6.000000,1.000000,28.633780,1.390905,2.278481,0.481531,0.264999,0.391630,8.062258,22.657466,1.100602,14.311978,0.695214,4.818763,0.234075,88.012384,125.314325,143.343892,107.284759,36.059132,0.748443
2025_04_25_IC_small_1,673,124,128,0,-1,0.742159,1171.166667,997.833333,1344.500000,346.666667,0.908387,133.144039,126.752371,139.535707,12.783336,0.816176,1.128975,1.014706,1.243243,0.228537,0.899406,0.824115,0.780469,0.867761,0.087292,1.000000,1.000000,1.000000,1.000000,0.000000,0.714286,6.000000,5.000000,7.000000,2.000000,30.276959,0.887160,1.392157,0.729285,0.104241,0.957979,32.693866,23.006843,0.674135,14.699376,0.430714,4.041552,0.118423,40.531966,128.308782,129.027003,127.590561,1.436441,0.988867
2025_04_25_IC_small_1,674,124,148,0,-1,0.930182,963.000000,928.166667,997.833333,69.666667,0.919064,121.622934,116.493497,126.752371,10.258874,0.811466,1.126046,1.008850,1.243243,0.234394,0.908078,0.819971,0.780469,0.859473,0.079004,1.000000,1.000000,1.000000,1.000000,0.000000,0.833333,5.500000,5.000000,6.000000,1.000000,38.006194,1.224933,1.506410,0.502823,0.286951,0.384363,11.925696,30.166391,0.972257,18.943895,0.610558,0.356239,0.011482,85.595572,106.672877,117.783926,95.561828,22.222098,0.811332
2025_04_25_IC_small_1,675,124,145,0,-1,0.887523,941.716667,885.600000,997.833333,112.233333,0.898009,120.288594,113.824817,126.752371,12.927554,0.873378,1.333365,1.243243,1.423488,0.180244,0.908620,0.819715,0.780469,0.858961,0.078492,1.000000,1.000000,1.000000,1.000000,0.000000,0.833333,5.500000,5.000000,6.000000,1.000000,38.936890,1.269387,1.536926,0.559951,0.137347,0.570287,17.492856,28.722252,0.936378,19.435561,0.633622,2.677551,0.087291,82.990716,135.245220,150.745559,119.744881,31.000678,0.794351
2025_04_25_IC_small_1,676,124,112,0,-1,0.838921,917.468333,837.103333,997.833333,160.730000,0.892268,119.924697,113.097023,126.752371,13.655348,0.855889,1.153660,1.064078,1.243243,0.179166,0.949006,0.801438,0.780469,0.822407,0.041938,1.000000,1.000000,1.000000,1.000000,0.000000,0.714286,6.000000,5.000000,7.000000,2.000000,32.487680,1.073596,1.551471,0.640831,0.146382,0.828796,25.079872,24.697046,0.816145,16.064148,0.530860,5.220284,0.172511,72.840428,125.454065,137.756991,113.151138,24.605852,0.821382
2025_04_25_IC_small_1,677,126,137,0,-1,0.819532,1275.694444,1149.166667,1402.222222,253.055556,0.957950,139.450842,136.455944,142.445740,5.989796,0.795859,1.220869,1.082090,1.359649,0.277560,0.893059,0.821981,0.775547,0.868416,0.092869,1.000000,1.000000,1.000000,1.000000,0.000000,0.857143,6.500000,6.000000,7.000000,1.000000,33.987350,0.952752,1.060606,0.632107,0.163027,0.752483,26.843166,27.083400,0.759217,16.940449,0.474884,5.201528,0.145812,70.732972,109.914910,129.119172,90.710647,38.408525,0.702534
2025_04_25_IC_small_1,678,126,144,0,-1,0.699010,1191.194444,980.166667,1402.222222,422.055556,0.839863,131.040347,119.634954,142.445740,22.810786,0.869080,1.163594,1.082090,1.245098,0.163008,0.990982,0.864500,0.860585,0.868416,0.007831,1.000000,1.000000,1.000000,1.000000,0.000000,1.000000,6.000000,6.000000,6.000000,0.000000,39.462263,1.147928,1.107317,0.565811,0.234359,0.466236,16.027754,30.529411,0.888078,19.449080,0.565760,4.257780,0.123856,73.905461,108.827298,129.945206,87.709390,42.235816,0.674972
2025_04_25_IC_small_1,679,126,152,0,-1,0.904562,1476.194444,1402.222222,1550.166667,147.944444,0.951982,146.038213,142.445740,149.630686,7.184946,0.830283,1.192684,1.082090,1.303279,0.221189,0.998116,0.869236,0.868416,0.870055,0.001640,1.000000,1.000000,1.000000,1.000000,0.000000,1.000000,6.000000,6.000000,6.000000,0.000000,40.972974,1.066749,1.597561,0.590732,0.188040,0.539812,20.733762,30.934388,0.805390,20.486441,0.533373,1.121440,0.029197,88.463423,103.889715,117.335286,90.444144,26.891141,0.770818
2025_04_25_IC_small_1,680,128,146,0,-1,0.333705,896.583333,448.666667,1344.500000,895.833333,0.605339,112.001044,84.466381,139.535707,55.069327,0.899398,1.071456,1.014706,1.128205,0.113499,0.910680,0.829007,0.790253,0.867761,0.077508,1.000000,1.000000,1.000000,1.000000,0.000000,0.714286,6.000000,5.000000,7.000000,2.000000,28.428490,0.982849,1.330986,0.664672,0.153081,0.689337,19.938795,26.055514,0.900808,13.733043,0.474788,11.161133,0.385870,56.665646,113.816250,134.279336,93.353164,40.926172,0.695216
2025_04_25_IC_small_1,681,128,148,0,-1,0.690343,1136.333333,928.166667,1344.500000,416.333333,0.834865,128.014602,116.493497,139.535707,23.042210,0.994229,1.011778,1.008850,1.014706,0.005856,0.990450,0.863617,0.859473,0.867761,0.008287,1.000000,1.000000,1.000000,1.000000,0.000000,0.857143,6.500000,6.000000,7.000000,1.000000,35.821589,1.067179,1.286550,0.656191,0.123937,0.706183,23.704196,29.241823,0.871158,17.908147,0.533510,7.625940,0.227188,88.846478,123.311843,136.847610,109.776077,27.071534,0.802178
2025_04_25_IC_small_1,682,128,112,0,-1,0.622613,1090.801667,837.103333,1344.500000,507.396667,0.810524,126.316365,113.097023,139.535707,26.438684,0.953601,1.039392,1.014706,1.064078,0.049372,0.947734,0.845084,0.822407,0.867761,0.045354,1.000000,1.000000,1.000000,1.000000,0.000000,1.000000,7.000000,7.000000,7.000000,0.000000,40.996403,1.249887,1.211147,0.501326,0.349646,0.286361,9.392669,31.584104,0.962928,20.445710,0.623343,4.613131,0.140644,84.041822,99.606399,105.996791,93.216007,12.780785,0.879423
2025_04_25_IC_small_1,683,129,132,0,-1,0.427904,1196.305556,717.000000,1675.611111,958.611111,0.731932,137.093617,115.874289,158.312945,42.438656,0.594013,1.367702,1.019355,1.716049,0.696695,0.798738,0.755594,0.671050,0.840137,0.169087,1.000000,1.000000,1.000000,1.000000,0.000000,0.857143,6.500000,6.000000,7.000000,1.000000,35.677887,1.053827,1.300000,0.553517,0.238744,0.607332,20.561561,30.298218,0.894926,15.781525,0.466143,11.141803,0.329098,53.534625,103.813437,105.771283,101.855590,3.915693,0.962980
2025_04_25_IC_small_1,684,129,144,0,-1,0.731508,848.583333,717.000000,980.166667,263.166667,0.968566,117.754621,115.874289,119.634954,3.760665,0.725561,1.480574,1.245098,1.716049,0.470951,0.779761,0.765817,0.671050,0.860585,0.189535,1.000000,1.000000,1.000000,1.000000,0.000000,1.000000,6.000000,6.000000,6.000000,0.000000,29.909394,1.029859,1.032609,0.536105,0.280467,0.620743,18.027756,25.807758,0.888629,13.950609,0.480356,5.644382,0.194351,46.302629,114.904395,141.754575,88.054215,53.700359,0.621174
2025_04_25_IC_small_1,685,129,150,0,-1,0.577166,979.638889,717.000000,1242.277778,525.277778,0.867679,124.709737,115.874289,133.545185,17.670896,0.663274,1.427130,1.138211,1.716049,0.577838,0.766625,0.773190,0.671050,0.875331,0.204281,1.000000,1.000000,1.000000,1.000000,0.000000,0.857143,6.500000,6.000000,7.000000,1.000000,38.051405,1.227013,2.065041,0.569497,0.126124,0.669017,20.747155,30.957545,0.998263,18.892175,0.609201,6.107826,0.196954,84.299417,146.957974,161.428470,132.487478,28.940992,0.820719
2025_04_25_IC_small_1,686,406,396,0,-1,0.705572,1301.777778,1077.055556,1526.500000,449.444444,0.797626,142.668955,126.607531,158.730378,32.122848,0.960080,1.027462,1.006536,1.048387,0.041851,0.901691,0.802858,0.761354,0.844362,0.083009,1.000000,1.000000,1.000000,1.000000,0.000000,0.833333,5.500000,5.000000,6.000000,1.000000,30.657416,0.852910,1.213873,0.683486,0.134240,0.925732,33.274949,26.611099,0.740339,14.906742,0.414716,2.435948,0.067770,33.816333,120.573636,152.230053,88.917219,63.312834,0.584098
2025_04_25_IC_small_1,687,406,422,0,-1,0.913138,1030.277778,983.500000,1077.055556,93.555556,0.989717,125.956588,125.305645,126.607531,1.301885,0.916307,1.096266,1.048387,1.144144,0.095757,0.932211,0.815743,0.787124,0.844362,0.057239,1.000000,1.000000,1.000000,1.000000,0.000000,0.833333,5.500000,5.000000,6.000000,1.000000,36.457189,1.136104,1.030769,0.593277,0.133109,0.669978,21.499354,30.774562,0.959018,17.929455,0.558730,2.050113,0.063887,74.275094,127.778420,162.985524,92.571315,70.414210,0.567973
2025_04_25_IC_small_1,688,406,432,0,-1,0.425801,767.833333,458.611111,1077.055556,618.444444,0.692398,107.135169,87.662808,126.607531,38.944723,0.959969,1.070246,1.048387,1.092105,0.043718,0.888167,0.797149,0.749935,0.844362,0.094427,1.000000,1.000000,1.000000,1.000000,0.000000,1.000000,5.000000,5.000000,5.000000,0.000000,26.634532,0.982213,1.548387,0.738006,0.042978,0.969236,26.282652,22.530276,0.830858,13.129117,0.484168,8.457443,0.311889,70.047434,168.641093,174.152067,163.130120,11.021946,0.936711
2025_04_25_IC_small_1,689,406,380,0,-1,0.770447,1237.508543,1077.055556,1397.961531,320.905976,0.861243,136.806542,126.607531,147.005553,20.398023,0.675081,1.300683,1.048387,1.552979,0.504592,0.962739,0.828632,0.812901,0.844362,0.031462,1.000000,1.000000,1.000000,1.000000,0.000000,0.714286,6.000000,5.000000,7.000000,2.000000,40.019321,1.140024,1.571157,0.627550,0.163650,0.726275,25.495098,31.027944,0.883888,18.509347,0.527273,2.791424,0.079519,59.174262,144.759836,172.087417,117.432255,54.655162,0.682399
2025_04_25_IC_small_1,690,138,141,0,-1,0.463959,810.138889,513.500000,1106.777778,593.277778,0.724683,107.640982,90.457886,124.824079,34.366194,0.871460,1.272593,1.185185,1.360000,0.174815,0.883454,0.840618,0.788601,0.892634,0.104033,1.000000,1.000000,1.000000,1.000000,0.000000,0.714286,6.000000,5.000000,7.000000,2.000000,25.012934,0.894456,1.166667,0.719628,0.095354,0.841684,23.537205,20.068882,0.717658,12.460451,0.445583,7.780443,0.278227,72.702768,105.904451,109.128518,102.680383,6.448134,0.940912
2025_04_25_IC_small_1,691,138,151,0,-1,0.700747,436.666667,359.833333,513.500000,153.666667,0.846350,83.508440,76.558994,90.457886,13.898891,0.954785,1.329254,1.298507,1.360000,0.061493,0.978276,0.780035,0.771470,0.788601,0.017132,1.000000,1.000000,1.000000,1.000000,0.000000,1.000000,5.000000,5.000000,5.000000,0.000000,23.742815,1.140664,1.377193,0.558791,0.217366,0.645552,13.437096,19.218318,0.923296,11.863055,0.569931,3.882911,0.186545,79.252740,124.247456,136.899602,111.595310,25.304291,0.815162
2025_04_25_IC_small_1,692,138,155,0,-1,0.713525,616.583333,513.500000,719.666667,206.166667,0.880437,96.599952,90.457886,102.742019,12.284134,0.742721,1.185051,1.010101,1.360000,0.349899,0.920476,0.822667,0.788601,0.856732,0.068131,1.000000,1.000000,1.000000,1.000000,0.000000,0.833333,5.500000,5.000000,6.000000,1.000000,31.075166,1.255888,1.960000,0.526209,0.235032,0.436319,10.796090,24.777844,1.001385,15.182961,0.613612,3.215028,0.129934,70.179344,118.856096,139.726050,97.986143,41.739906,0.701273
2025_04_25_IC_small_1,693,392,388,0,-1,0.884566,526.055556,493.833333,558.277778,64.444444,0.933585,88.970319,85.914353,92.026284,6.111931,0.833333,1.302632,1.184211,1.421053,0.236842,0.985321,0.834564,0.828393,0.840734,0.012341,1.000000,1.000000,1.000000,1.000000,0.000000,0.857143,6.500000,6.000000,7.000000,1.000000,28.919208,1.261463,1.440678,0.512882,0.248918,0.379159,8.692270,22.428030,0.978316,14.227188,0.620594,1.425700,0.062189,77.247147,105.344121,118.960258,91.727984,27.232274,0.771081
2025_04_25_IC_small_1,694,392,401,0,-1,0.736753,428.833333,363.833333,493.833333,130.000000,0.878331,80.687781,75.461209,85.914353,10.453144,0.941661,1.220893,1.184211,1.257576,0.073365,0.955006,0.821820,0.802906,0.840734,0.037828,1.000000,1.000000,1.000000,1.000000,0.000000,0.833333,5.500000,5.000000,6.000000,1.000000,17.358914,0.840691,1.161616,0.840460,0.038671,1.165565,24.067036,14.654273,0.709705,8.639321,0.418402,2.316432,0.112185,72.182845,160.106297,162.916913,157.295681,5.621232,0.965496
2025_04_25_IC_small_1,695,392,398,0,-1,0.799227,555.861111,493.833333,617.888889,124.055556,0.856493,93.111909,85.914353,100.309465,14.395112,0.716759,1.418192,1.184211,1.652174,0.467963,0.917862,0.806206,0.771679,0.840734,0.069056,1.000000,1.000000,1.000000,1.000000,0.000000,0.857143,6.500000,6.000000,7.000000,1.000000,24.579187,1.044152,1.029197,0.616864,0.149468,0.759001,17.866791,20.171201,0.856895,11.194851,0.475570,2.205595,0.093696,54.576491,115.552280,129.674259,101.430302,28.243958,0.782193
2025_04_25_IC_small_1,696,392,413,0,-1,0.784070,561.833333,493.833333,629.833333,136.000000,0.894987,90.954719,85.914353,95.995085,10.080732,0.898345,1.124020,1.063830,1.184211,0.120381,0.978862,0.849812,0.840734,0.858890,0.018156,1.000000,1.000000,1.000000,1.000000,0.000000,1.000000,6.000000,6.000000,6.000000,0.000000,29.975437,1.266956,1.698113,0.525264,0.274745,0.379353,8.975275,23.222758,0.981544,14.635259,0.618581,1.255578,0.053069,81.753255,115.258346,138.184667,92.332024,45.852644,0.668178
2025_04_25_IC_small_1,697,388,394,0,-1,0.602639,742.333333,558.277778,926.388889,368.111111,0.765857,106.093707,92.026284,120.161131,28.134847,0.823230,1.573622,1.421053,1.726190,0.305138,0.973282,0.817327,0.806260,0.828393,0.022133,1.000000,1.000000,1.000000,1.000000,0.000000,0.875000,7.500000,7.000000,8.000000,1.000000,30.850485,1.141247,1.092025,0.535461,0.199708,0.472132,12.762793,25.198254,0.932155,15.505775,0.573602,7.779320,0.287779,88.165547,107.172488,144.398610,69.946367,74.452243,0.484398
2025_04_25_IC_small_1,698,388,400,0,-1,0.599761,446.555556,334.833333,558.277778,223.444444,0.856785,85.436511,78.846738,92.026284,13.179546,0.733950,1.678611,1.421053,1.936170,0.515118,0.817024,0.752605,0.676817,0.828393,0.151576,1.000000,1.000000,1.000000,1.000000,0.000000,0.571429,5.500000,4.000000,7.000000,3.000000,22.037027,1.051226,1.379630,0.569272,0.257962,0.726586,15.231546,17.540185,0.836714,10.676816,0.509313,2.222854,0.106036,70.341559,126.221568,127.618648,124.824489,2.794159,0.978105
2025_04_25_IC_small_1,699,388,401,0,-1,0.651707,461.055556,363.833333,558.277778,194.444444,0.819996,83.743747,75.461209,92.026284,16.565075,0.884961,1.339314,1.257576,1.421053,0.163477,0.969233,0.815650,0.802906,0.828393,0.025487,1.000000,1.000000,1.000000,1.000000,0.000000,0.714286,6.000000,5.000000,7.000000,2.000000,26.484263,1.240413,1.043796,0.523281,0.266598,0.437413,9.339284,20.729419,0.970880,13.221639,0.619247,3.172817,0.148602,83.093185,112.087463,113.198591,110.976335,2.222256,0.980369
2025_04_25_IC_small_1,700,389,424,0,-1,0.755274,1872.194444,1611.166667,2133.222222,522.055556,0.891647,170.203879,160.454623,179.953134,19.498510,0.892920,1.349734,1.273381,1.426087,0.152706,0.949989,0.807104,0.786404,0.827803,0.041399,1.000000,1.000000,1.000000,1.000000,0.000000,0.857143,6.500000,6.000000,7.000000,1.000000,45.431294,1.052550,1.591398,0.593556,0.215241,0.681740,29.425990,35.939959,0.832655,22.534855,0.522086,1.673772,0.038778,86.769670,116.619418,139.825217,93.413618,46.411599,0.668074
2025_04_25_IC_small_1,701,389,417,0,-1,0.870487,1506.833333,1402.500000,1611.166667,208.666667,0.990605,159.700920,158.947216,160.454623,1.507407,0.668478,1.779710,1.426087,2.133333,0.707246,0.887076,0.742002,0.697601,0.786404,0.088804,1.000000,1.000000,1.000000,1.000000,0.000000,1.000000,6.000000,6.000000,6.000000,0.000000,49.990310,1.288588,1.747191,0.468163,0.293773,0.450909,17.492856,37.241493,0.959965,23.169992,0.597247,2.921156,0.075298,50.142918,110.162060,116.565051,103.759069,12.805982,0.890139
2025_04_25_IC_small_1,702,136,142,0,-1,0.568912,714.944444,518.500000,911.388889,392.888889,0.798564,102.813406,91.298516,114.328296,23.029780,0.854883,1.197456,1.103774,1.291139,0.187366,0.892124,0.828945,0.781684,0.876206,0.094522,1.000000,1.000000,1.000000,1.000000,0.000000,0.714286,6.000000,5.000000,7.000000,2.000000,22.620455,0.854250,1.094203,0.823927,0.043243,1.094229,28.975085,18.007310,0.680037,11.306541,0.426986,5.095156,0.192416,50.564267,157.380302,158.198591,156.562013,1.636577,0.989655
2025_04_25_IC_small_1,703,136,140,0,-1,0.986711,905.333333,899.277778,911.388889,12.111111,0.922473,119.132513,114.328296,123.936729,9.608433,0.815833,1.228357,1.103774,1.352941,0.249168,0.839649,0.805955,0.735705,0.876206,0.140501,1.000000,1.000000,1.000000,1.000000,0.000000,0.714286,6.000000,5.000000,7.000000,2.000000,34.061230,1.132031,1.224242,0.519307,0.283597,0.480986,14.472196,27.037250,0.898588,16.570778,0.550733,0.302942,0.010068,58.187893,103.507602,107.152422,99.862783,7.289639,0.931969
2025_04_25_IC_small_1,704,136,153,0,-1,0.800731,820.583333,729.777778,911.388889,181.611111,0.933436,110.523200,106.718103,114.328296,7.610192,0.856376,1.196331,1.103774,1.288889,0.185115,0.919006,0.840722,0.805238,0.876206,0.070968,1.000000,1.000000,1.000000,1.000000,0.000000,0.714286,6.000000,5.000000,7.000000,2.000000,37.454883,1.309528,1.345912,0.532454,0.197454,0.423741,12.119773,29.046290,1.015540,18.713288,0.654269,1.622847,0.056739,86.777996,114.937739,130.689479,99.185999,31.503480,0.758944
2025_04_25_IC_small_1,705,136,156,0,-1,0.927570,946.972222,911.388889,982.555556,71.166667,0.966403,116.315604,114.328296,118.302912,3.974617,0.975674,1.090348,1.076923,1.103774,0.026851,0.993185,0.879212,0.876206,0.882218,0.006013,1.000000,1.000000,1.000000,1.000000,0.000000,1.000000,7.000000,7.000000,7.000000,0.000000,36.523370,1.187077,1.594203,0.543359,0.236573,0.379343,11.671428,28.638063,0.930790,17.885992,0.581328,0.260701,0.008473,85.910564,101.365381,113.954845,88.775917,25.178927,0.779045
2025_04_25_IC_small_1,706,434,429,0,-1,0.942820,492.666667,478.166667,507.166667,29.000000,0.987020,88.514524,87.936319,89.092730,1.156412,0.920416,1.346959,1.291139,1.402778,0.111639,0.967780,0.789992,0.777057,0.802927,0.025870,1.000000,1.000000,1.000000,1.000000,0.000000,0.833333,5.500000,5.000000,6.000000,1.000000,18.649647,0.840313,1.223214,0.780898,0.058525,1.151402,25.553865,15.651466,0.705221,9.182475,0.413743,0.329025,0.014825,49.901772,162.931871,167.471192,158.392550,9.078643,0.945790
2025_04_25_IC_small_1,707,434,416,0,-1,0.896142,536.555556,507.166667,565.944444,58.777778,0.940598,91.905978,89.092730,94.719225,5.626495,0.774510,1.145570,1.000000,1.291139,0.291139,0.987260,0.797812,0.792697,0.802927,0.010230,1.000000,1.000000,1.000000,1.000000,0.000000,0.833333,5.500000,5.000000,6.000000,1.000000,28.361939,1.224875,1.888889,0.512119,0.287171,0.465141,10.770330,23.727343,1.024719,13.591447,0.586977,0.775345,0.033485,76.609706,119.328563,135.827494,102.829633,32.997861,0.757061
2025_04_25_IC_small_1,708,434,420,0,-1,0.559581,706.750000,507.166667,906.333333,399.166667,0.782815,101.451743,89.092730,113.810757,24.718026,0.992341,1.286195,1.281250,1.291139,0.009889,0.913156,0.841108,0.802927,0.879288,0.076361,1.000000,1.000000,1.000000,1.000000,0.000000,0.857143,6.500000,6.000000,7.000000,1.000000,28.274876,1.074565,1.057692,0.581537,0.200920,0.534617,14.067299,22.211012,0.844112,13.839899,0.525975,5.942437,0.225838,67.217385,102.682784,106.701432,98.664135,8.037296,0.924675
2025_04_25_IC_small_1,709,434,454,0,-1,0.849162,468.916667,430.666667,507.166667,76.500000,0.995454,89.296165,89.092730,89.499600,0.406870,0.886843,1.373511,1.291139,1.455882,0.164743,0.841459,0.739278,0.675630,0.802927,0.127297,1.000000,1.000000,1.000000,1.000000,0.000000,0.833333,5.500000,5.000000,6.000000,1.000000,32.729597,1.512707,2.021739,0.435779,0.370179,0.326813,7.071068,24.314837,1.123791,14.757459,0.682065,1.309061,0.060503,52.486789,117.761445,121.430870,114.092020,7.338850,0.939564
2025_04_25_IC_small_1,710,434,443,0,-1,0.746565,593.250000,507.166667,679.333333,172.166667,0.879428,95.200166,89.092730,101.307601,12.214870,0.915535,1.350698,1.291139,1.410256,0.119117,0.965311,0.817354,0.802927,0.831780,0.028854,1.000000,1.000000,1.000000,1.000000,0.000000,1.000000,6.000000,6.000000,6.000000,0.000000,23.598787,0.971456,1.429825,0.690563,0.130496,0.894554,21.730675,18.472347,0.760423,11.259762,0.463514,2.864555,0.117921,59.836788,140.287330,152.300527,128.274132,24.026395,0.842244
2025_04_25_IC_small_1,711,434,441,0,-1,0.419300,858.361111,507.166667,1209.555556,702.388889,0.642185,113.913255,89.092730,138.733780,49.641050,0.897812,1.364617,1.291139,1.438095,0.146956,0.983547,0.796322,0.789717,0.802927,0.013210,1.000000,1.000000,1.000000,1.000000,0.000000,0.750000,7.000000,6.000000,8.000000,2.000000,33.778189,1.179014,1.202454,0.498504,0.229734,0.345538,9.899495,26.540037,0.926370,16.811176,0.586787,10.029529,0.350077,75.302729,77.008008,88.108035,65.907980,22.200054,0.748036
2025_04_25_IC_small_1,712,139,151,0,-1,0.754104,418.500000,359.833333,477.166667,117.333333,0.860539,82.762646,76.558994,88.966297,12.407303,0.865672,1.399254,1.298507,1.500000,0.201493,0.981997,0.764525,0.757581,0.771470,0.013889,1.000000,1.000000,1.000000,1.000000,0.000000,0.833333,5.500000,5.000000,6.000000,1.000000,23.133807,1.133637,1.271186,0.540293,0.152927,0.637045,13.000000,17.272561,0.846416,10.709999,0.524827,2.748604,0.134691,61.201537,117.246243,123.331226,111.161260,12.169966,0.901323
2025_04_25_IC_small_1,713,139,147,0,-1,0.376364,872.500000,477.166667,1267.833333,790.666667,0.657601,112.127767,88.966297,135.289236,46.322939,0.812325,1.359244,1.218487,1.500000,0.281513,0.870329,0.814017,0.757581,0.870453,0.112873,1.000000,1.000000,1.000000,1.000000,0.000000,0.857143,6.500000,6.000000,7.000000,1.000000,31.324995,1.090498,1.185185,0.611759,0.172684,0.607972,17.464249,25.846397,0.899775,14.933140,0.519858,13.145319,0.457620,69.430310,102.981052,108.434949,97.527156,10.907793,0.899407
2025_04_25_IC_small_1,714,139,157,0,-1,0.586440,645.416667,477.166667,813.666667,336.500000,0.793512,100.541728,88.966297,112.117159,23.150862,0.888889,1.416667,1.333333,1.500000,0.166667,0.931358,0.785498,0.757581,0.813415,0.055834,1.000000,1.000000,1.000000,1.000000,0.000000,0.857143,6.500000,6.000000,7.000000,1.000000,35.800607,1.421534,2.322917,0.488487,0.255778,0.374361,9.428090,26.849686,1.066120,17.502560,0.694974,7.269934,0.288667,72.812639,130.992291,132.179011,129.805571,2.373440,0.982044
2025_04_25_IC_small_1,715,142,147,0,-1,0.408965,893.166667,518.500000,1267.833333,749.333333,0.674839,113.293876,91.298516,135.289236,43.990720,0.943730,1.254813,1.218487,1.291139,0.072652,0.898019,0.826069,0.781684,0.870453,0.088769,1.000000,1.000000,1.000000,1.000000,0.000000,0.714286,6.000000,5.000000,7.000000,2.000000,28.395634,0.972832,1.034483,0.640614,0.182777,0.674842,19.697716,24.311229,0.832901,13.987242,0.479202,9.220430,0.315891,55.631188,118.308830,124.973963,111.643698,13.330265,0.893336
2025_04_25_IC_small_1,716,142,156,0,-1,0.527706,750.527778,518.500000,982.555556,464.055556,0.771735,104.800714,91.298516,118.302912,27.004397,0.834087,1.184031,1.076923,1.291139,0.214216,0.886044,0.831951,0.781684,0.882218,0.100534,1.000000,1.000000,1.000000,1.000000,0.000000,0.714286,6.000000,5.000000,7.000000,2.000000,28.705522,1.060882,1.472000,0.651847,0.166105,0.729747,19.745604,25.204015,0.931475,14.336067,0.529824,5.549949,0.205112,88.160409,128.763513,142.864958,114.662069,28.202889,0.802591
2025_04_25_IC_small_1,717,132,143,0,-1,0.504691,1260.638889,845.666667,1675.611111,829.944444,0.734348,137.284853,116.256760,158.312945,42.056185,0.849462,1.109677,1.019355,1.200000,0.180645,0.935885,0.813204,0.786272,0.840137,0.053866,1.000000,1.000000,1.000000,1.000000,0.000000,0.714286,6.000000,5.000000,7.000000,2.000000,45.232641,1.292092,1.373684,0.486521,0.318952,0.276789,9.689628,36.161687,1.032976,21.078117,0.602107,12.118458,0.346170,61.195317,98.423492,101.807315,95.039669,6.767647,0.933525
2025_04_25_IC_small_1,718,132,150,0,-1,0.741388,1458.944444,1242.277778,1675.611111,433.333333,0.843552,145.929065,133.545185,158.312945,24.767760,0.895576,1.078783,1.019355,1.138211,0.118857,0.959794,0.857734,0.840137,0.875331,0.035193,1.000000,1.000000,1.000000,1.000000,0.000000,1.000000,7.000000,7.000000,7.000000,0.000000,38.185506,1.002505,1.081448,0.606014,0.196718,0.602244,22.939534,31.108883,0.816718,18.394329,0.482916,3.880293,0.101871,75.050224,100.520244,104.324549,96.715940,7.608609,0.927068
2025_04_25_IC_small_1,719,132,154,0,-1,0.948817,1720.805556,1675.611111,1766.000000,90.388889,0.976827,160.190756,158.312945,162.068567,3.755621,0.999497,1.019611,1.019355,1.019868,0.000513,0.994368,0.842516,0.840137,0.844895,0.004758,1.000000,1.000000,1.000000,1.000000,0.000000,1.000000,7.000000,7.000000,7.000000,0.000000,45.153064,1.088576,1.306604,0.686649,0.052075,0.836729,34.706708,34.631620,0.834919,22.338098,0.538540,0.949798,0.022898,78.019401,151.137822,155.965712,146.309932,9.655779,0.938090
2025_04_25_IC_small_1,720,429,416,0,-1,0.844900,522.055556,478.166667,565.944444,87.777778,0.928389,91.327772,87.936319,94.719225,6.782907,0.712871,1.201389,1.000000,1.402778,0.402778,0.980269,0.784877,0.777057,0.792697,0.015641,1.000000,1.000000,1.000000,1.000000,0.000000,1.000000,5.000000,5.000000,5.000000,0.000000,23.072539,1.010699,1.143939,0.593372,0.177078,0.743687,16.977109,18.821136,0.824465,11.527420,0.504962,0.154982,0.006789,81.398928,114.227533,129.677249,98.777817,30.899432,0.761720
2025_04_25_IC_small_1,721,429,394,0,-1,0.516162,702.277778,478.166667,926.388889,448.222222,0.731820,104.048725,87.936319,120.161131,32.224812,0.812644,1.564484,1.402778,1.726190,0.323413,0.963779,0.791658,0.777057,0.806260,0.029204,1.000000,1.000000,1.000000,1.000000,0.000000,0.625000,6.500000,5.000000,8.000000,3.000000,39.649570,1.516130,2.869048,0.467265,0.253659,0.262767,6.871843,29.679905,1.134907,19.553267,0.747683,10.273566,0.392843,74.686829,119.636607,131.505361,107.767854,23.737507,0.819494
2025_04_25_IC_small_1,722,429,414,0,-1,0.460736,758.000000,478.166667,1037.833333,559.666667,0.703752,106.444904,87.936319,124.953490,37.017172,0.907902,1.338181,1.273585,1.402778,0.129193,0.930276,0.806177,0.777057,0.835297,0.058240,1.000000,1.000000,1.000000,1.000000,0.000000,0.714286,6.000000,5.000000,7.000000,2.000000,25.531477,0.944169,1.065359,0.726804,0.058377,0.942823,25.495098,20.749532,0.767330,12.319971,0.455600,8.379957,0.309896,61.104321,127.956815,142.765166,113.148463,29.616703,0.792550
2025_04_25_IC_small_1,723,429,441,0,-1,0.395324,843.861111,478.166667,1209.555556,731.388889,0.633849,113.335049,87.936319,138.733780,50.797462,0.975442,1.420437,1.402778,1.438095,0.035317,0.983969,0.783387,0.777057,0.789717,0.012660,1.000000,1.000000,1.000000,1.000000,0.000000,0.625000,6.500000,5.000000,8.000000,3.000000,35.666627,1.259288,1.878049,0.527082,0.188420,0.460349,13.038405,27.458261,0.969474,17.378390,0.613582,10.244704,0.361712,67.571902,105.247174,106.073574,104.420773,1.652801,0.984418
2025_04_25_IC_small_1,724,416,394,0,-1,0.610915,746.166667,565.944444,926.388889,360.444444,0.788268,107.440178,94.719225,120.161131,25.441905,0.579310,1.363095,1.000000,1.726190,0.726190,0.983178,0.799479,0.792697,0.806260,0.013563,1.000000,1.000000,1.000000,1.000000,0.000000,0.625000,6.500000,5.000000,8.000000,3.000000,30.109565,1.110517,1.298611,0.592509,0.166629,0.681856,18.487233,22.125672,0.816051,13.615406,0.502171,2.805859,0.103487,47.991809,113.589509,122.554897,104.624121,17.930775,0.853692
2025_04_25_IC_small_1,725,416,420,0,-1,0.624433,736.138889,565.944444,906.333333,340.388889,0.832252,104.264991,94.719225,113.810757,19.091531,0.780488,1.140625,1.000000,1.281250,0.281250,0.901522,0.835993,0.792697,0.879288,0.086591,1.000000,1.000000,1.000000,1.000000,0.000000,0.714286,6.000000,5.000000,7.000000,2.000000,28.226072,1.047448,1.058442,0.647136,0.146032,0.731908,19.723083,21.473390,0.796861,14.073072,0.522241,3.579246,0.132823,83.163059,120.643221,125.508370,115.778071,9.730300,0.922473
2025_04_25_IC_small_1,726,394,400,0,-1,0.361439,630.611111,334.833333,926.388889,591.555556,0.656175,99.503935,78.846738,120.161131,41.314392,0.891549,1.831180,1.726190,1.936170,0.209980,0.839452,0.741538,0.676817,0.806260,0.129443,1.000000,1.000000,1.000000,1.000000,0.000000,0.500000,6.000000,4.000000,8.000000,4.000000,18.128193,0.743948,1.150794,0.829226,0.056162,1.246703,30.379086,17.689529,0.725946,9.040199,0.370993,6.741062,0.276641,4.428864,160.201919,162.434985,157.968853,4.466132,0.972505
2025_04_25_IC_small_1,727,394,414,0,-1,0.892618,982.111111,926.388889,1037.833333,111.444444,0.961647,122.557310,120.161131,124.953490,4.792359,0.737801,1.499888,1.273585,1.726190,0.452606,0.965238,0.820778,0.806260,0.835297,0.029036,1.000000,1.000000,1.000000,1.000000,0.000000,0.875000,7.500000,7.000000,8.000000,1.000000,34.832110,1.111922,1.368098,0.506075,0.198354,0.387330,12.133516,27.556246,0.879660,17.133300,0.546935,0.251428,0.008026,60.840102,85.708536,115.346176,56.070896,59.275280,0.486110
2025_04_25_IC_small_1,728,137,140,0,-1,0.782548,1024.222222,899.277778,1149.166667,249.888889,0.908255,130.196337,123.936729,136.455944,12.519214,0.995066,1.356295,1.352941,1.359649,0.006708,0.948627,0.755626,0.735705,0.775547,0.039842,1.000000,1.000000,1.000000,1.000000,0.000000,0.714286,6.000000,5.000000,7.000000,2.000000,22.798901,0.713722,1.048485,0.886815,0.010333,1.409039,45.009875,18.716766,0.585931,11.396145,0.356758,2.155621,0.067482,5.577433,171.795867,174.403965,169.187770,5.216195,0.970091
2025_04_25_IC_small_1,729,137,152,0,-1,0.741318,1349.666667,1149.166667,1550.166667,401.000000,0.911952,143.043315,136.455944,149.630686,13.174743,0.958540,1.331464,1.303279,1.359649,0.056370,0.891376,0.822801,0.775547,0.870055,0.094509,1.000000,1.000000,1.000000,1.000000,0.000000,0.857143,6.500000,6.000000,7.000000,1.000000,43.958162,1.199870,1.095890,0.554857,0.167325,0.529987,19.416488,34.258744,0.935118,21.932183,0.598655,4.801613,0.131064,80.592319,109.441669,113.545542,105.337797,8.207746,0.927714
2025_04_25_IC_small_1,730,137,161,0,-1,0.989848,1143.333333,1137.500000,1149.166667,11.666667,0.953815,133.304806,130.153669,136.455944,6.302275,0.910599,1.298872,1.238095,1.359649,0.121554,0.919093,0.809682,0.775547,0.843817,0.068271,1.000000,1.000000,1.000000,1.000000,0.000000,1.000000,7.000000,7.000000,7.000000,0.000000,42.333026,1.251971,1.834532,0.494504,0.301676,0.377837,12.775845,33.691542,0.996405,20.644074,0.610535,4.252822,0.125774,82.178300,103.590293,122.657823,84.522762,38.135061,0.689094
2025_04_25_IC_small_1,731,400,401,0,-1,0.920293,349.333333,334.833333,363.833333,29.000000,0.957062,77.153974,75.461209,78.846738,3.385529,0.649517,1.596873,1.257576,1.936170,0.678594,0.842959,0.739861,0.676817,0.802906,0.126089,1.000000,1.000000,1.000000,1.000000,0.000000,0.800000,4.500000,4.000000,5.000000,1.000000,17.315600,0.926640,1.241758,0.568175,0.246501,0.802721,15.000000,15.717391,0.841112,8.649093,0.462854,0.756838,0.040502,55.566474,119.520239,121.976920,117.063558,4.913362,0.959719
2025_04_25_IC_small_1,732,400,414,0,-1,0.322627,686.333333,334.833333,1037.833333,703.000000,0.631009,101.900114,78.846738,124.953490,46.106752,0.657786,1.604878,1.273585,1.936170,0.662585,0.810271,0.756057,0.676817,0.835297,0.158480,1.000000,1.000000,1.000000,1.000000,0.000000,0.571429,5.500000,4.000000,7.000000,3.000000,28.604604,1.132544,1.867925,0.616081,0.138902,0.722024,18.236106,22.766326,0.901389,12.844349,0.508547,9.673319,0.382997,51.155961,134.056273,145.960251,122.152295,23.807956,0.836887
2025_04_25_IC_small_1,733,401,414,0,-1,0.350570,700.833333,363.833333,1037.833333,674.000000,0.603914,100.207350,75.461209,124.953490,49.492281,0.987430,1.265580,1.257576,1.273585,0.016009,0.961223,0.819101,0.802906,0.835297,0.032390,1.000000,1.000000,1.000000,1.000000,0.000000,0.714286,6.000000,5.000000,7.000000,2.000000,31.510249,1.228713,1.451852,0.589512,0.133532,0.537339,13.780018,24.608048,0.959568,15.720339,0.613000,13.676399,0.533299,82.671751,122.988628,125.193110,120.784147,4.408964,0.964783
2025_04_25_IC_small_1,734,401,413,0,-1,0.577666,496.833333,363.833333,629.833333,266.000000,0.786095,85.728147,75.461209,95.995085,20.533876,0.845937,1.160703,1.063830,1.257576,0.193746,0.934819,0.830898,0.802906,0.858890,0.055984,1.000000,1.000000,1.000000,1.000000,0.000000,0.833333,5.500000,5.000000,6.000000,1.000000,25.222020,1.142020,1.147287,0.594668,0.163312,0.601069,13.274872,19.612629,0.888034,12.548000,0.568157,4.151366,0.187968,83.163781,115.297372,125.843681,104.751063,21.092618,0.832390
2025_04_25_IC_small_1,735,379,375,0,-1,0.831546,1010.250000,917.333333,1103.166667,185.833333,0.915885,124.427403,118.964520,129.890287,10.925766,0.971045,1.057197,1.041667,1.072727,0.031061,0.991299,0.818096,0.814521,0.821670,0.007150,1.000000,1.000000,1.000000,1.000000,0.000000,1.000000,6.000000,6.000000,6.000000,0.000000,35.242281,1.109968,1.666667,0.581487,0.124887,0.628242,19.947152,26.442477,0.832815,17.007437,0.535655,2.457534,0.077401,70.678103,97.748871,99.068994,96.428748,2.640246,0.973349
2025_04_25_IC_small_1,736,379,391,0,-1,0.997093,916.000000,914.666667,917.333333,2.666667,0.894694,125.965600,118.964520,132.966679,14.002159,0.422170,1.806855,1.072727,2.540984,1.468256,0.798151,0.732316,0.650110,0.814521,0.164410,1.000000,1.000000,1.000000,1.000000,0.000000,1.000000,6.000000,6.000000,6.000000,0.000000,35.894567,1.185990,1.310559,0.521715,0.271015,0.691671,20.933758,29.087821,0.961089,14.847322,0.490569,3.658924,0.120894,43.967613,127.019443,143.902583,110.136303,33.766279,0.765353
2025_04_25_IC_small_1,737,379,397,0,-1,0.842750,1002.916667,917.333333,1088.500000,171.166667,0.915204,124.475710,118.964520,129.986900,11.022380,0.769565,1.233333,1.072727,1.393939,0.321212,0.993887,0.812031,0.809542,0.814521,0.004979,1.000000,1.000000,1.000000,1.000000,0.000000,1.000000,6.000000,6.000000,6.000000,0.000000,31.632928,0.999778,2.027273,0.736120,0.042958,1.009896,31.953091,25.556033,0.807714,14.932770,0.471959,2.954369,0.093375,61.392215,157.326437,170.837653,143.815221,27.022432,0.841824
2025_04_25_IC_small_1,738,375,396,0,-1,0.722677,1314.833333,1103.166667,1526.500000,423.333333,0.818308,144.310333,129.890287,158.730378,28.840092,0.966275,1.024101,1.006536,1.041667,0.035131,0.926593,0.791512,0.761354,0.821670,0.060317,1.000000,1.000000,1.000000,1.000000,0.000000,1.000000,6.000000,6.000000,6.000000,0.000000,32.830862,0.908380,1.627451,0.752825,0.039866,1.094412,39.554463,26.037841,0.720428,15.928811,0.440726,4.455540,0.123278,59.055808,151.825748,162.192679,141.458816,20.733863,0.872165
2025_04_25_IC_small_1,739,375,397,0,-1,0.986705,1095.833333,1088.500000,1103.166667,14.666667,0.999257,129.938594,129.890287,129.986900,0.096614,0.747283,1.217803,1.041667,1.393939,0.352273,0.985239,0.815606,0.809542,0.821670,0.012129,1.000000,1.000000,1.000000,1.000000,0.000000,1.000000,6.000000,6.000000,6.000000,0.000000,49.229392,1.487150,1.116279,0.453408,0.404030,0.202645,6.708204,37.494758,1.132663,23.911303,0.722326,0.320407,0.009679,68.428307,116.947184,119.756031,114.138336,5.617695,0.953091
2025_04_25_IC_small_1,740,375,380,0,-1,0.789125,1250.564099,1103.166667,1397.961531,294.794864,0.883574,138.447920,129.890287,147.005553,17.115267,0.670754,1.297323,1.041667,1.552979,0.511312,0.989327,0.817286,0.812901,0.821670,0.008770,1.000000,1.000000,1.000000,1.000000,0.000000,0.857143,6.500000,6.000000,7.000000,1.000000,40.405806,1.144587,1.236798,0.512959,0.320056,0.415896,14.681810,31.712858,0.898340,19.367537,0.548630,0.637028,0.018045,79.806093,92.104984,98.247679,85.962289,12.285390,0.874955
2025_04_25_IC_small_1,741,146,149,0,-1,0.566101,620.611111,448.666667,792.555556,343.888889,0.779117,96.439650,84.466381,108.412919,23.946539,0.903575,1.073811,1.019417,1.128205,0.108788,0.932585,0.818816,0.790253,0.847379,0.057126,1.000000,1.000000,1.000000,1.000000,0.000000,0.833333,5.500000,5.000000,6.000000,1.000000,21.002007,0.851419,1.286957,0.816034,0.061499,1.107266,27.313001,18.806603,0.762418,10.376143,0.420648,5.061324,0.205186,66.269193,157.291206,160.346176,154.236236,6.109940,0.961895
2025_04_25_IC_small_1,742,146,148,0,-1,0.483390,688.416667,448.666667,928.166667,479.500000,0.725074,100.479939,84.466381,116.493497,32.027117,0.894208,1.068527,1.008850,1.128205,0.119356,0.919461,0.824863,0.790253,0.859473,0.069221,1.000000,1.000000,1.000000,1.000000,0.000000,0.833333,5.500000,5.000000,6.000000,1.000000,28.011284,1.084708,1.487395,0.603375,0.207360,0.612280,15.811388,23.656027,0.916056,13.918759,0.538990,7.444859,0.288295,70.316376,118.607573,121.270558,115.944587,5.325971,0.956082
2025_04_25_IC_small_1,743,146,162,0,-1,0.778260,512.583333,448.666667,576.500000,127.833333,0.886200,89.889713,84.466381,95.313045,10.846665,0.714185,1.353958,1.128205,1.579710,0.451505,0.990972,0.793852,0.790253,0.797452,0.007199,1.000000,1.000000,1.000000,1.000000,0.000000,0.833333,5.500000,5.000000,6.000000,1.000000,25.593572,1.132655,1.385321,0.507129,0.344172,0.451319,10.198039,21.763392,0.963149,12.685096,0.561385,0.090716,0.004015,87.307706,108.099411,118.984560,97.214262,21.770298,0.817033
2025_04_25_IC_small_1,744,404,407,0,-1,0.681546,678.083333,549.666667,806.500000,256.833333,0.856367,103.574913,95.560966,111.588860,16.027895,0.975146,1.061906,1.048544,1.075269,0.026725,0.929342,0.785149,0.756394,0.813903,0.057509,1.000000,1.000000,1.000000,1.000000,0.000000,1.000000,6.000000,6.000000,6.000000,0.000000,31.675862,1.221970,1.634146,0.500950,0.220843,0.437966,11.352924,25.127898,0.969367,15.517277,0.598615,3.900231,0.150461,75.659503,104.414226,113.312321,95.516131,17.796190,0.842946
2025_04_25_IC_small_1,745,404,384,0,-1,0.547204,777.083333,549.666667,1004.500000,454.833333,0.769805,109.848741,95.560966,124.136516,28.575550,0.774826,1.231512,1.075269,1.387755,0.312486,0.923395,0.787770,0.756394,0.819145,0.062751,1.000000,1.000000,1.000000,1.000000,0.000000,1.000000,6.000000,6.000000,6.000000,0.000000,25.259368,0.916210,1.452381,0.690081,0.144772,0.933414,25.733679,19.292132,0.699766,11.911545,0.432057,6.572736,0.238407,42.253043,122.801975,134.544377,111.059573,23.484804,0.825449
2025_04_25_IC_small_1,746,404,399,0,-1,0.765730,633.750000,549.666667,717.833333,168.166667,0.857156,103.523556,95.560966,111.486145,15.925179,0.840336,1.177419,1.075269,1.279570,0.204301,0.959497,0.741076,0.725758,0.756394,0.030636,0.991711,0.995855,0.991711,1.000000,0.008289,1.000000,6.000000,6.000000,6.000000,0.000000,29.210608,1.162903,1.420168,0.501567,0.302564,0.574162,14.422205,24.772889,0.986233,13.554591,0.539622,0.817215,0.032534,69.246209,111.704744,134.175657,89.233832,44.941825,0.665052
2025_04_25_IC_small_1,747,404,415,0,-1,0.662249,689.833333,549.666667,830.000000,280.333333,0.847450,104.161937,95.560966,112.762908,17.201942,0.962083,1.096458,1.075269,1.117647,0.042378,0.922131,0.788331,0.756394,0.820267,0.063873,1.000000,1.000000,1.000000,1.000000,0.000000,0.833333,5.500000,5.000000,6.000000,1.000000,20.452049,0.782783,1.082707,0.830192,0.033583,1.221177,31.906112,17.361871,0.664510,10.203700,0.390537,3.915000,0.149843,76.029336,154.622430,177.739498,131.505361,46.234137,0.739877
2025_04_25_IC_small_1,748,404,423,0,-1,0.566083,760.333333,549.666667,971.000000,421.333333,0.788606,108.368993,95.560966,121.177020,25.616054,0.937949,1.041908,1.008547,1.075269,0.066722,0.910248,0.793685,0.756394,0.830976,0.074582,1.000000,1.000000,1.000000,1.000000,0.000000,0.857143,6.500000,6.000000,7.000000,1.000000,39.648495,1.452170,1.031250,0.471159,0.328255,0.281066,7.673910,29.701397,1.087847,19.821570,0.725987,7.514238,0.275217,88.771361,120.372256,125.673795,115.070718,10.603078,0.915630
2025_04_25_IC_small_1,749,407,384,0,-1,0.802887,905.500000,806.500000,1004.500000,198.000000,0.898921,117.862688,111.588860,124.136516,12.547655,0.755568,1.218149,1.048544,1.387755,0.339211,0.993601,0.816524,0.813903,0.819145,0.005242,1.000000,1.000000,1.000000,1.000000,0.000000,1.000000,6.000000,6.000000,6.000000,0.000000,37.357042,1.243312,1.231214,0.526644,0.199061,0.463430,13.924399,28.256462,0.940428,18.489641,0.615370,4.860655,0.161772,79.292140,116.157653,129.939492,102.375815,27.563676,0.787873
2025_04_25_IC_small_1,750,407,411,0,-1,0.970517,818.750000,806.500000,831.000000,24.500000,0.975530,112.988371,111.588860,114.387882,2.799021,0.739670,1.233063,1.048544,1.417582,0.369039,0.980569,0.805995,0.798088,0.813903,0.015815,1.000000,1.000000,1.000000,1.000000,0.000000,1.000000,6.000000,6.000000,6.000000,0.000000,24.412095,0.853182,1.141844,0.821152,0.045700,1.182604,33.837849,19.273573,0.673595,12.029931,0.420436,0.779270,0.027235,71.659854,157.501846,158.334708,156.668985,1.665723,0.989480
2025_04_25_IC_small_1,751,407,423,0,-1,0.830587,888.750000,806.500000,971.000000,164.500000,0.920875,116.382940,111.588860,121.177020,9.588159,0.961855,1.028545,1.008547,1.048544,0.039997,0.979454,0.822439,0.813903,0.830976,0.017073,1.000000,1.000000,1.000000,1.000000,0.000000,0.857143,6.500000,6.000000,7.000000,1.000000,29.013914,0.974278,1.452381,0.696124,0.127051,0.900551,26.818319,22.829857,0.766619,13.983419,0.469559,1.116899,0.037505,72.131776,123.008051,125.002219,121.013884,3.988335,0.968094
2025_04_25_IC_small_1,752,396,422,0,-1,0.644284,1255.000000,983.500000,1526.500000,543.000000,0.789424,142.018012,125.305645,158.730378,33.424733,0.879728,1.075340,1.006536,1.144144,0.137608,0.967261,0.774239,0.761354,0.787124,0.025770,1.000000,1.000000,1.000000,1.000000,0.000000,1.000000,6.000000,6.000000,6.000000,0.000000,38.228843,1.085565,1.594771,0.566788,0.234595,0.683419,24.067036,29.702638,0.843451,16.334591,0.463845,3.831063,0.108789,36.556511,121.548628,135.000000,108.097257,26.902743,0.800720
2025_04_25_IC_small_1,753,396,426,0,-1,0.449612,1106.416667,686.333333,1526.500000,840.166667,0.666028,132.224648,105.718918,158.730378,53.011460,0.779839,1.148617,1.006536,1.290698,0.284162,0.986613,0.766519,0.761354,0.771684,0.010330,1.000000,1.000000,1.000000,1.000000,0.000000,0.833333,5.500000,5.000000,6.000000,1.000000,47.177218,1.445637,1.093023,0.487479,0.255253,0.392418,12.806248,36.030206,1.104063,22.703888,0.695708,15.401409,0.471941,79.501969,130.807589,134.447325,127.167854,7.279471,0.945856
2025_04_25_IC_small_1,754,396,397,0,-1,0.713069,1307.500000,1088.500000,1526.500000,438.000000,0.818916,144.358639,129.986900,158.730378,28.743478,0.722080,1.200238,1.006536,1.393939,0.387403,0.940475,0.785448,0.761354,0.809542,0.048188,1.000000,1.000000,1.000000,1.000000,0.000000,1.000000,6.000000,6.000000,6.000000,0.000000,33.612964,0.932879,1.500000,0.671305,0.080880,0.936245,33.734256,25.164658,0.698408,16.174319,0.448895,5.399815,0.149864,49.398310,100.295732,104.402848,96.188616,8.214232,0.921322
2025_04_25_IC_small_1,755,396,380,0,-1,0.915795,1462.230766,1397.961531,1526.500000,128.538469,0.926134,152.867966,147.005553,158.730378,11.724825,0.648132,1.279757,1.006536,1.552979,0.546443,0.936589,0.787127,0.761354,0.812901,0.051547,1.000000,1.000000,1.000000,1.000000,0.000000,0.857143,6.500000,6.000000,7.000000,1.000000,46.359100,1.212640,1.059288,0.485422,0.343881,0.400038,15.293426,36.044712,0.942841,22.871405,0.598260,7.279778,0.190421,69.158238,94.948667,99.559641,90.337692,9.221949,0.907373
2025_04_25_IC_small_1,756,141,149,0,-1,0.716093,949.666667,792.555556,1106.777778,314.222222,0.868526,116.618499,108.412919,124.824079,16.411160,0.860133,1.102301,1.019417,1.185185,0.165768,0.949301,0.870006,0.847379,0.892634,0.045256,1.000000,1.000000,1.000000,1.000000,0.000000,0.857143,6.500000,6.000000,7.000000,1.000000,32.845437,1.069525,1.294118,0.628259,0.191471,0.623994,19.163043,25.047522,0.815606,16.267206,0.529698,3.465325,0.112839,74.317858,119.062853,123.269225,114.856480,8.412744,0.931753
2025_04_25_IC_small_1,757,141,155,0,-1,0.650236,913.222222,719.666667,1106.777778,387.111111,0.823095,113.783049,102.742019,124.824079,22.082060,0.852273,1.097643,1.010101,1.185185,0.175084,0.959780,0.874683,0.856732,0.892634,0.035902,1.000000,1.000000,1.000000,1.000000,0.000000,0.857143,6.500000,6.000000,7.000000,1.000000,34.937831,1.162756,1.016667,0.622115,0.154155,0.590570,17.745109,27.155014,0.903738,16.908341,0.562722,4.995014,0.166238,69.765459,126.570378,141.995322,111.145433,30.849889,0.782740
2025_04_25_IC_small_1,758,141,158,0,-1,0.695161,938.083333,769.388889,1106.777778,337.388889,0.880176,117.345593,109.867108,124.824079,14.956972,0.920722,1.236210,1.185185,1.287234,0.102049,0.897319,0.846806,0.800978,0.892634,0.091657,1.000000,1.000000,1.000000,1.000000,0.000000,0.857143,6.500000,6.000000,7.000000,1.000000,30.514642,1.000380,1.636364,0.686214,0.118178,0.808662,24.666667,24.763208,0.811827,14.631222,0.479664,5.816339,0.190680,63.658873,121.034851,123.149557,118.920145,4.229412,0.965656
2025_04_25_IC_small_1,759,144,152,0,-1,0.632298,1265.166667,980.166667,1550.166667,570.000000,0.799535,134.632820,119.634954,149.630686,29.995733,0.955358,1.274188,1.245098,1.303279,0.058181,0.989115,0.865320,0.860585,0.870055,0.009471,1.000000,1.000000,1.000000,1.000000,0.000000,1.000000,6.000000,6.000000,6.000000,0.000000,34.000161,0.962090,1.396226,0.731767,0.088592,0.860402,30.406505,26.321931,0.744822,16.595060,0.469584,5.887195,0.166588,61.639500,129.290836,139.610649,118.971022,20.639628,0.852163
2025_04_25_IC_small_1,760,144,150,0,-1,0.789008,1111.222222,980.166667,1242.277778,262.111111,0.895839,126.590069,119.634954,133.545185,13.910231,0.914154,1.191655,1.138211,1.245098,0.106887,0.983154,0.867958,0.860585,0.875331,0.014746,1.000000,1.000000,1.000000,1.000000,0.000000,0.857143,6.500000,6.000000,7.000000,1.000000,37.748983,1.134394,1.361446,0.581351,0.155659,0.510867,17.000000,28.379640,0.852836,18.868531,0.567018,3.538436,0.106333,89.228402,104.538056,123.318164,85.757947,37.560217,0.695420
2025_04_25_IC_small_1,761,144,163,0,-1,0.500595,735.416667,490.666667,980.166667,489.500000,0.758474,105.187476,90.739998,119.634954,28.894956,0.961796,1.221314,1.197531,1.245098,0.047567,0.870172,0.804721,0.748857,0.860585,0.111728,1.000000,1.000000,1.000000,1.000000,0.000000,0.833333,5.500000,5.000000,6.000000,1.000000,29.679940,1.110389,1.264286,0.545521,0.289405,0.492080,13.152946,25.418028,0.950942,14.835469,0.555026,8.189384,0.306382,85.167831,112.541236,115.219285,109.863187,5.356098,0.953514
2025_04_25_IC_small_1,762,140,153,0,-1,0.811515,814.527778,729.777778,899.277778,169.500000,0.861069,115.327416,106.718103,123.936729,17.218626,0.952657,1.320915,1.288889,1.352941,0.064052,0.913649,0.770472,0.735705,0.805238,0.069533,1.000000,1.000000,1.000000,1.000000,0.000000,1.000000,5.000000,5.000000,5.000000,0.000000,24.339062,0.853967,1.406015,0.698959,0.104901,1.044107,29.758285,19.648154,0.689380,11.745499,0.412106,1.670798,0.058622,38.348788,129.785246,130.122753,129.447739,0.675015,0.994812
2025_04_25_IC_small_1,763,140,161,0,-1,0.790574,1018.388889,899.277778,1137.500000,238.222222,0.952234,127.045199,123.936729,130.153669,6.216940,0.915114,1.295518,1.238095,1.352941,0.114846,0.871877,0.789761,0.735705,0.843817,0.108112,1.000000,1.000000,1.000000,1.000000,0.000000,0.714286,6.000000,5.000000,7.000000,2.000000,39.163010,1.229322,1.390244,0.507115,0.263079,0.461928,14.715827,29.763042,0.934258,19.116156,0.600054,0.842656,0.026451,71.396398,106.337682,111.602090,101.073273,10.528817,0.905658
2025_04_25_IC_small_1,764,151,155,0,-1,0.500000,539.750000,359.833333,719.666667,359.833333,0.745158,89.650507,76.558994,102.742019,26.183025,0.777894,1.154304,1.010101,1.298507,0.288406,0.900479,0.814101,0.771470,0.856732,0.085263,1.000000,1.000000,1.000000,1.000000,0.000000,0.833333,5.500000,5.000000,6.000000,1.000000,20.169013,0.880822,1.016129,0.769678,0.071638,1.016307,23.271346,17.642912,0.770502,10.037283,0.438349,4.816036,0.210326,71.257238,148.507930,171.901605,125.114255,46.787350,0.727825
2025_04_25_IC_small_1,765,151,157,0,-1,0.442237,586.750000,359.833333,813.666667,453.833333,0.682848,94.338077,76.558994,112.117159,35.558165,0.973881,1.315920,1.298507,1.333333,0.034826,0.948433,0.792442,0.771470,0.813415,0.041945,1.000000,1.000000,1.000000,1.000000,0.000000,0.714286,6.000000,5.000000,7.000000,2.000000,23.892764,1.006136,1.259843,0.645902,0.161199,0.791184,18.788294,18.751912,0.789652,10.435516,0.439445,5.558665,0.234078,39.132069,114.684046,124.878328,104.489763,20.388566,0.836733
2025_04_25_IC_small_1,766,143,160,0,-1,0.859217,786.138889,726.611111,845.666667,119.055556,0.903654,110.656312,105.055865,116.256760,11.200895,0.976703,1.186022,1.172043,1.200000,0.027957,0.950389,0.806794,0.786272,0.827316,0.041044,1.000000,1.000000,1.000000,1.000000,0.000000,1.000000,5.000000,5.000000,5.000000,0.000000,31.519598,1.124975,1.589147,0.674483,0.036465,0.895133,25.079872,29.510653,1.053273,15.756709,0.562377,2.392413,0.085388,89.249348,168.467476,168.524887,168.410066,0.114821,0.999319
2025_04_25_IC_small_1,767,143,154,0,-1,0.478860,1305.833333,845.666667,1766.000000,920.333333,0.717331,139.162663,116.256760,162.068567,45.811807,0.849890,1.109934,1.019868,1.200000,0.180132,0.930614,0.815584,0.786272,0.844895,0.058624,1.000000,1.000000,1.000000,1.000000,0.000000,0.714286,6.000000,5.000000,7.000000,2.000000,34.234381,0.962936,1.049261,0.620338,0.177664,0.679479,24.156895,28.734999,0.808251,16.217347,0.456158,8.992279,0.252933,49.696282,99.667999,102.226973,97.109025,5.117947,0.949935
2025_04_25_IC_small_1,768,411,421,0,-1,0.860545,898.333333,831.000000,965.666667,134.666667,0.915713,119.652315,114.387882,124.916749,10.528867,0.908984,1.488553,1.417582,1.559524,0.141941,0.974417,0.787879,0.777671,0.798088,0.020417,1.000000,1.000000,1.000000,1.000000,0.000000,1.000000,6.000000,6.000000,6.000000,0.000000,26.181714,0.874148,1.283688,0.646863,0.113451,0.876105,26.240342,19.684048,0.657206,12.580637,0.420039,1.077140,0.035963,31.952583,101.289469,108.764863,93.814075,14.950788,0.862540
2025_04_25_IC_small_1,769,411,423,0,-1,0.855819,901.000000,831.000000,971.000000,140.000000,0.943973,117.782451,114.387882,121.177020,6.789138,0.711456,1.213065,1.008547,1.417582,0.409035,0.960422,0.814532,0.798088,0.830976,0.032888,1.000000,1.000000,1.000000,1.000000,0.000000,0.857143,6.500000,6.000000,7.000000,1.000000,33.866220,1.129101,1.076023,0.521588,0.287736,0.453473,13.601471,29.191374,0.973241,16.939864,0.564776,0.672535,0.022422,86.502040,111.486503,146.309932,76.663073,69.646859,0.523977
2025_04_25_IC_small_1,770,411,436,0,-1,0.994217,833.416667,831.000000,835.833333,4.833333,0.980444,113.269398,112.150915,114.387882,2.236966,0.719677,1.218892,1.020202,1.417582,0.397380,0.955712,0.816580,0.798088,0.835072,0.036984,1.000000,1.000000,1.000000,1.000000,0.000000,1.000000,6.000000,6.000000,6.000000,0.000000,38.905906,1.347674,1.769231,0.500669,0.203280,0.381033,11.000000,29.418664,1.019043,18.941150,0.656109,1.310369,0.045390,75.416905,119.130053,150.597412,87.662694,62.934718,0.582100
2025_04_25_IC_small_1,771,391,397,0,-1,0.840300,1001.583333,914.666667,1088.500000,173.833333,0.977590,131.476790,129.986900,132.966679,2.979779,0.548583,1.967462,1.393939,2.540984,1.147044,0.803060,0.729826,0.650110,0.809542,0.159431,1.000000,1.000000,1.000000,1.000000,0.000000,1.000000,6.000000,6.000000,6.000000,0.000000,26.254073,0.830354,1.043750,0.587734,0.206590,0.885573,28.000000,24.197686,0.765315,12.785671,0.404380,3.940918,0.124642,32.099392,112.273414,145.520784,79.026044,66.494741,0.543057
2025_04_25_IC_small_1,772,391,424,0,-1,0.428772,1523.944444,914.666667,2133.222222,1218.555556,0.738896,156.459906,132.966679,179.953134,46.986455,0.501137,1.907182,1.273381,2.540984,1.267602,0.785344,0.738957,0.650110,0.827803,0.177693,1.000000,1.000000,1.000000,1.000000,0.000000,0.857143,6.500000,6.000000,7.000000,1.000000,58.089598,1.520068,1.229437,0.408186,0.487368,0.086349,3.299832,43.277404,1.132468,29.985909,0.784660,17.238965,0.451103,82.617545,103.233895,116.349113,90.118676,26.230437,0.774554
2025_04_25_IC_small_1,773,391,425,0,-1,0.578695,1247.616667,914.666667,1580.566667,665.900000,0.831730,146.417185,132.966679,159.867692,26.901013,0.479360,1.879514,1.218045,2.540984,1.322938,0.836538,0.713627,0.650110,0.777144,0.127033,1.000000,1.000000,1.000000,1.000000,0.000000,0.857143,6.500000,6.000000,7.000000,1.000000,48.372260,1.382069,2.315789,0.477195,0.213073,0.521381,18.248288,35.355530,1.010161,23.943418,0.684100,7.015561,0.200445,75.142958,116.565051,118.113209,115.016893,3.096315,0.973785
2025_04_25_IC_small_1,774,421,398,0,-1,0.639857,791.777778,617.888889,965.666667,347.777778,0.803011,112.613107,100.309465,124.916749,24.607284,0.943922,1.605849,1.559524,1.652174,0.092650,0.992295,0.774675,0.771679,0.777671,0.005992,1.000000,1.000000,1.000000,1.000000,0.000000,0.857143,6.500000,6.000000,7.000000,1.000000,43.090867,1.540815,1.693431,0.444933,0.279961,0.245719,6.871843,27.805410,0.994248,20.959762,0.749466,6.565198,0.234754,74.463365,104.997735,106.744052,103.251419,3.492633,0.967280
2025_04_25_IC_small_1,775,421,427,0,-1,0.888105,1026.500000,965.666667,1087.333333,121.666667,0.915858,130.654974,124.916749,136.393199,11.476450,0.915141,1.493354,1.427184,1.559524,0.132339,0.944477,0.756081,0.734492,0.777671,0.043179,1.000000,1.000000,1.000000,1.000000,0.000000,0.857143,6.500000,6.000000,7.000000,1.000000,26.081169,0.814401,1.165605,0.773760,0.058857,1.228914,39.355926,18.599602,0.580785,12.458796,0.389034,1.281061,0.040002,30.872732,122.914074,129.596209,116.231940,13.364269,0.896878
2025_04_25_IC_small_1,776,421,449,0,-1,0.978426,955.250000,944.833333,965.666667,20.833333,0.936655,120.960338,117.003927,124.916749,7.912822,0.665418,1.298630,1.037736,1.559524,0.521788,0.896668,0.822480,0.777671,0.867290,0.089619,1.000000,1.000000,1.000000,1.000000,0.000000,1.000000,6.000000,6.000000,6.000000,0.000000,35.146062,1.137168,2.207547,0.662421,0.067085,0.833882,25.772509,29.473176,0.953619,17.572350,0.568562,1.625041,0.052579,84.558038,157.232794,157.444585,157.021003,0.423582,0.997310
2025_04_25_IC_small_1,777,421,436,0,-1,0.865551,900.750000,835.833333,965.666667,129.833333,0.897805,118.533832,112.150915,124.916749,12.765833,0.654175,1.289863,1.020202,1.559524,0.539322,0.931262,0.806371,0.777671,0.835072,0.057401,1.000000,1.000000,1.000000,1.000000,0.000000,1.000000,6.000000,6.000000,6.000000,0.000000,35.789740,1.193271,1.000000,0.528322,0.260493,0.501227,15.033296,27.444327,0.915025,15.489636,0.516442,1.278230,0.042618,47.269797,109.567712,115.588513,103.546912,12.041602,0.895824
2025_04_25_IC_small_1,778,398,413,0,-1,0.981036,623.861111,617.888889,629.833333,11.944444,0.956989,98.152275,95.995085,100.309465,4.314380,0.643897,1.358002,1.063830,1.652174,0.588344,0.898460,0.815284,0.771679,0.858890,0.087211,1.000000,1.000000,1.000000,1.000000,0.000000,0.857143,6.500000,6.000000,7.000000,1.000000,22.638795,0.906388,1.224000,0.696135,0.138519,0.925384,23.113248,16.965276,0.679238,11.050460,0.442427,1.157821,0.046356,70.124154,119.838197,120.385031,119.291362,1.093669,0.990915
2025_04_25_IC_small_1,779,398,427,0,-1,0.568261,852.611111,617.888889,1087.333333,469.444444,0.735443,118.351332,100.309465,136.393199,36.083733,0.863822,1.539679,1.427184,1.652174,0.224989,0.951811,0.753085,0.734492,0.771679,0.037186,1.000000,1.000000,1.000000,1.000000,0.000000,1.000000,7.000000,7.000000,7.000000,0.000000,48.145564,1.665012,2.243478,0.417673,0.381247,0.176339,5.099020,32.570136,1.126369,24.273909,0.839461,12.182778,0.421315,85.721802,116.659683,127.152372,106.166994,20.985378,0.834959
2025_04_25_IC_small_1,780,412,418,0,-1,0.680887,1168.916667,947.000000,1390.833333,443.833333,0.931849,141.292636,136.308147,146.277126,9.968979,0.599812,1.661343,1.245763,2.076923,0.831160,0.784123,0.728663,0.640496,0.816831,0.176335,1.000000,1.000000,1.000000,1.000000,0.000000,0.714286,6.000000,5.000000,7.000000,2.000000,26.186413,0.769428,1.162500,0.675237,0.128253,1.087160,37.000000,23.178585,0.681050,12.990886,0.381707,4.751036,0.139598,21.775560,114.073071,122.072569,106.073574,15.998994,0.868939
2025_04_25_IC_small_1,781,412,431,0,-1,0.442900,1003.416667,616.000000,1390.833333,774.833333,0.695454,124.003046,101.728966,146.277126,44.548160,0.830508,1.372881,1.245763,1.500000,0.254237,0.915734,0.782415,0.748000,0.816831,0.068831,1.000000,1.000000,1.000000,1.000000,0.000000,0.571429,5.500000,4.000000,7.000000,3.000000,36.154743,1.164156,1.469388,0.586652,0.162445,0.654806,20.336065,31.798931,1.023902,16.975697,0.546605,7.948002,0.255920,61.720852,131.140847,166.040294,96.241400,69.798894,0.579627
2025_04_25_IC_small_1,782,412,437,0,-1,0.846606,1516.833333,1390.833333,1642.833333,252.000000,0.922029,152.462092,146.277126,158.647059,12.369933,0.786798,1.414548,1.245763,1.583333,0.337571,0.995847,0.818534,0.816831,0.820237,0.003406,0.997167,0.998584,0.997167,1.000000,0.002833,0.875000,7.500000,7.000000,8.000000,1.000000,47.828377,1.229114,2.525000,0.609925,0.083947,0.705655,27.459060,37.570747,0.965509,23.332587,0.599611,3.711803,0.095388,74.593827,155.540780,176.571256,134.510304,42.060952,0.761790
2025_04_25_IC_small_1,783,418,417,0,-1,0.675223,1174.750000,947.000000,1402.500000,455.500000,0.857569,147.627681,136.308147,158.947216,22.639070,0.973558,2.105128,2.076923,2.133333,0.056410,0.918141,0.669048,0.640496,0.697601,0.057105,1.000000,1.000000,1.000000,1.000000,0.000000,0.833333,5.500000,5.000000,6.000000,1.000000,21.275392,0.623698,1.254902,0.846179,0.016599,1.589808,54.230987,19.415491,0.569175,10.636188,0.311805,3.566239,0.104546,7.054278,171.436554,176.960600,165.912508,11.048092,0.937568
2025_04_25_IC_small_1,784,418,437,0,-1,0.576443,1294.916667,947.000000,1642.833333,695.833333,0.859191,147.477603,136.308147,158.647059,22.338912,0.762346,1.830128,1.583333,2.076923,0.493590,0.780867,0.730366,0.640496,0.820237,0.179741,0.997167,0.998584,0.997167,1.000000,0.002833,0.625000,6.500000,5.000000,8.000000,3.000000,44.244481,1.240988,1.722222,0.484490,0.252075,0.501746,17.888544,35.711060,1.001639,19.506309,0.547121,7.979324,0.223807,48.453478,104.562493,119.416121,89.708865,29.707256,0.751229
2025_04_25_IC_small_1,785,418,452,0,-1,0.741288,824.500000,702.000000,947.000000,245.000000,0.784203,121.600734,106.893322,136.308147,29.414825,0.660494,1.724359,1.371795,2.076923,0.705128,0.829603,0.706273,0.640496,0.772051,0.131555,1.000000,1.000000,1.000000,1.000000,0.000000,1.000000,5.000000,5.000000,5.000000,0.000000,39.651201,1.384744,1.950000,0.440483,0.400849,0.459342,13.152946,32.838729,1.146831,18.866896,0.658891,9.377152,0.327479,73.062525,126.261747,144.979921,107.543573,37.436348,0.741783
2025_04_25_IC_small_1,786,149,162,0,-1,0.727394,684.527778,576.500000,792.555556,216.055556,0.879167,101.862982,95.313045,108.412919,13.099874,0.645319,1.299564,1.019417,1.579710,0.560293,0.941081,0.822415,0.797452,0.847379,0.049927,1.000000,1.000000,1.000000,1.000000,0.000000,1.000000,6.000000,6.000000,6.000000,0.000000,29.796740,1.142452,1.184397,0.604218,0.135211,0.670703,17.492856,22.020085,0.844283,14.283467,0.547650,5.361593,0.205572,64.690374,123.815532,145.191502,102.439562,42.751940,0.705548
2025_04_25_IC_small_1,787,149,158,0,-1,0.970770,780.972222,769.388889,792.555556,23.166667,0.986764,109.140013,108.412919,109.867108,1.454188,0.791944,1.153326,1.019417,1.287234,0.267817,0.945242,0.824178,0.800978,0.847379,0.046401,1.000000,1.000000,1.000000,1.000000,0.000000,1.000000,6.000000,6.000000,6.000000,0.000000,34.834064,1.246517,1.340000,0.510312,0.252285,0.396510,11.080513,27.768278,0.993672,17.082921,0.611303,3.458054,0.123744,75.108008,105.955879,121.993962,89.917797,32.076166,0.737068
2025_04_25_IC_small_1,788,149,164,0,-1,0.665288,659.916667,527.277778,792.555556,265.277778,0.837716,99.616094,90.819269,108.412919,17.593650,0.919692,1.063926,1.019417,1.108434,0.089016,0.948016,0.825354,0.803329,0.847379,0.044050,1.000000,1.000000,1.000000,1.000000,0.000000,1.000000,6.000000,6.000000,6.000000,0.000000,27.553826,1.078113,1.283465,0.570146,0.209412,0.560980,14.337209,20.914003,0.818313,13.024544,0.509618,2.975723,0.116433,64.701478,101.036667,101.309932,100.763401,0.546532,0.994605
2025_04_25_IC_small_1,789,402,410,0,-1,0.778813,568.755556,498.033333,639.477778,141.444444,0.934337,94.842583,91.623066,98.062101,6.439034,0.929197,1.119821,1.078723,1.160920,0.082196,0.892125,0.790593,0.745519,0.835666,0.090148,1.000000,1.000000,1.000000,1.000000,0.000000,0.666667,5.000000,4.000000,6.000000,2.000000,19.509410,0.819645,1.038462,0.814202,0.020503,1.201249,28.592462,17.794404,0.747592,9.754684,0.409821,2.096387,0.088075,64.584438,174.076228,176.219677,171.932779,4.286898,0.975673
2025_04_25_IC_small_1,790,402,419,0,-1,0.503242,743.841667,498.033333,989.650000,491.616667,0.716376,109.760498,91.623066,127.897930,36.274864,0.973571,1.176677,1.160920,1.192434,0.031515,0.980605,0.752891,0.745519,0.760264,0.014745,1.000000,1.000000,1.000000,1.000000,0.000000,0.666667,5.000000,4.000000,6.000000,2.000000,34.488669,1.282694,1.507607,0.537931,0.118906,0.615508,16.549589,31.013714,1.153454,16.905951,0.628762,8.231526,0.306145,81.613070,138.289053,176.610876,99.967230,76.643646,0.566031
2025_04_25_IC_small_1,791,410,420,0,-1,0.705566,772.905556,639.477778,906.333333,266.855556,0.861624,105.936429,98.062101,113.810757,15.748656,0.841930,1.179987,1.078723,1.281250,0.202527,0.950390,0.857477,0.835666,0.879288,0.043622,1.000000,1.000000,1.000000,1.000000,0.000000,0.857143,6.500000,6.000000,7.000000,1.000000,27.838439,1.005120,1.191892,0.677305,0.131574,0.767613,21.260292,21.042004,0.759731,13.532332,0.488591,4.749367,0.171478,76.995408,118.646676,122.005383,115.287968,6.717415,0.944942
2025_04_25_IC_small_1,792,410,433,0,-1,0.726633,759.766667,639.477778,880.055556,240.577778,0.827386,108.291273,98.062101,118.520446,20.458345,0.971743,1.094408,1.078723,1.110092,0.031368,0.942108,0.811477,0.787288,0.835666,0.048379,1.000000,1.000000,1.000000,1.000000,0.000000,1.000000,6.000000,6.000000,6.000000,0.000000,37.708354,1.372370,1.542446,0.494396,0.259948,0.364953,10.027739,29.261206,1.064942,18.836292,0.685534,6.256062,0.227685,82.099434,113.017246,128.948268,97.086224,31.862044,0.752908
2025_04_25_IC_small_1,793,410,419,0,-1,0.646166,814.563889,639.477778,989.650000,350.172222,0.766722,112.980016,98.062101,127.897930,29.835830,0.904640,1.135579,1.078723,1.192434,0.113711,0.909770,0.797965,0.760264,0.835666,0.075402,1.000000,1.000000,1.000000,1.000000,0.000000,1.000000,6.000000,6.000000,6.000000,0.000000,36.762010,1.295655,1.016895,0.486210,0.258639,0.365894,10.381608,29.405405,1.036376,17.969910,0.633339,5.607839,0.197645,83.985978,98.994522,109.889052,88.099991,21.789061,0.801718
2025_04_25_IC_small_1,794,148,162,0,-1,0.621117,752.333333,576.500000,928.166667,351.666667,0.818183,105.903271,95.313045,116.493497,21.180452,0.638630,1.294280,1.008850,1.579710,0.570861,0.927838,0.828463,0.797452,0.859473,0.062022,1.000000,1.000000,1.000000,1.000000,0.000000,1.000000,6.000000,6.000000,6.000000,0.000000,32.398230,1.189444,1.303448,0.594721,0.165042,0.614939,16.749793,25.225199,0.926099,16.133721,0.592321,6.988753,0.256580,79.827467,127.678468,135.612054,119.744881,15.867173,0.882996
2025_04_25_IC_small_1,795,148,159,0,-1,0.847254,1011.833333,928.166667,1095.500000,167.333333,0.925261,121.198412,116.493497,125.903326,9.409829,0.915003,1.055707,1.008850,1.102564,0.093715,0.989657,0.863965,0.859473,0.868456,0.008983,1.000000,1.000000,1.000000,1.000000,0.000000,0.857143,6.500000,6.000000,7.000000,1.000000,28.676822,0.902295,1.411348,0.769014,0.086888,0.952570,30.274669,22.591056,0.710811,13.955892,0.439112,2.000870,0.062956,55.743388,134.275081,148.484677,120.065485,28.419192,0.808605
2025_04_25_IC_small_1,796,148,145,0,-1,0.954139,906.883333,885.600000,928.166667,42.566667,0.977092,115.159157,113.824817,116.493497,2.668680,0.708717,1.216169,1.008850,1.423488,0.414638,0.999404,0.859217,0.858961,0.859473,0.000512,1.000000,1.000000,1.000000,1.000000,0.000000,1.000000,6.000000,6.000000,6.000000,0.000000,31.988884,1.062315,1.575000,0.603965,0.179645,0.598682,18.027756,25.354750,0.842003,15.988047,0.530945,2.305865,0.076575,79.756253,109.454158,122.471192,96.437124,26.034068,0.787427
2025_04_25_IC_small_1,797,422,432,0,-1,0.466305,721.055556,458.611111,983.500000,524.888889,0.699592,106.484227,87.662808,125.305645,37.642838,0.954517,1.118125,1.092105,1.144144,0.052039,0.952754,0.768529,0.749935,0.787124,0.037189,1.000000,1.000000,1.000000,1.000000,0.000000,0.833333,5.500000,5.000000,6.000000,1.000000,30.710640,1.163811,1.409449,0.507144,0.352107,0.453522,11.967549,25.826205,0.978710,14.565207,0.551963,8.266734,0.313276,84.289008,103.168839,104.298565,102.039112,2.259453,0.978337
2025_04_25_IC_small_1,798,422,426,0,-1,0.697848,834.916667,686.333333,983.500000,297.166667,0.843688,115.512282,105.718918,125.305645,19.586727,0.886454,1.217421,1.144144,1.290698,0.146554,0.980385,0.779404,0.771684,0.787124,0.015440,1.000000,1.000000,1.000000,1.000000,0.000000,0.833333,5.500000,5.000000,6.000000,1.000000,26.482609,0.920194,1.480315,0.672122,0.111289,0.943945,27.166155,21.919111,0.761625,13.151984,0.456993,4.383265,0.152306,83.550250,116.630392,135.428639,97.832146,37.596493,0.722389
2025_04_25_IC_small_1,799,422,442,0,-1,0.737717,1158.333333,983.500000,1333.166667,349.666667,0.901139,132.179044,125.305645,139.052442,13.746797,0.978898,1.132072,1.120000,1.144144,0.024144,0.908460,0.826780,0.787124,0.866437,0.079314,1.000000,1.000000,1.000000,1.000000,0.000000,0.857143,6.500000,6.000000,7.000000,1.000000,47.819146,1.409070,1.080357,0.440261,0.333237,0.106243,3.605551,35.784421,1.054447,23.641466,0.696635,3.168429,0.093363,84.055916,93.593037,102.584453,84.601621,17.982832,0.824702
2025_04_25_IC_small_1,800,422,440,0,-1,0.970005,968.750000,954.000000,983.500000,29.500000,0.963092,122.993246,120.680847,125.305645,4.624799,0.922572,1.099850,1.055556,1.144144,0.088589,0.956228,0.805139,0.787124,0.823155,0.036031,1.000000,1.000000,1.000000,1.000000,0.000000,1.000000,6.000000,6.000000,6.000000,0.000000,27.094257,0.870530,1.658333,0.823120,0.013333,1.188799,37.000000,19.407821,0.623568,13.374485,0.429718,0.858889,0.027596,55.384160,157.280685,161.911245,152.650124,9.261121,0.942801
2025_04_25_IC_small_1,801,432,440,0,-1,0.480724,706.305556,458.611111,954.000000,495.388889,0.726402,104.171827,87.662808,120.680847,33.018039,0.966533,1.073830,1.055556,1.092105,0.036550,0.911050,0.786545,0.749935,0.823155,0.073220,1.000000,1.000000,1.000000,1.000000,0.000000,0.833333,5.500000,5.000000,6.000000,1.000000,35.160494,1.344516,1.054878,0.458886,0.287529,0.222972,5.830952,28.725132,1.098431,17.292044,0.661237,11.467376,0.438505,83.147890,89.121621,96.049643,82.193599,13.856044,0.855741
2025_04_25_IC_small_1,802,432,445,0,-1,0.358749,868.486218,458.611111,1278.361325,819.750214,0.601455,116.707039,87.662808,145.751270,58.088462,0.819079,1.212719,1.092105,1.333333,0.241228,0.991710,0.753069,0.749935,0.756204,0.006269,1.000000,1.000000,1.000000,1.000000,0.000000,0.833333,5.500000,5.000000,6.000000,1.000000,37.911317,1.326280,1.816000,0.533002,0.231613,0.543094,15.524175,27.220410,0.952272,17.586122,0.615229,13.852783,0.484622,58.924188,138.381688,141.911227,134.852150,7.059077,0.950257
2025_04_25_IC_small_1,803,399,415,0,-1,0.864859,773.916667,717.833333,830.000000,112.166667,0.988677,112.124527,111.486145,112.762908,1.276763,0.873455,1.198608,1.117647,1.279570,0.161923,0.884782,0.773013,0.725758,0.820267,0.094510,0.991711,0.995855,0.991711,1.000000,0.008289,0.833333,5.500000,5.000000,6.000000,1.000000,29.736898,1.069632,1.113333,0.586827,0.181544,0.758785,21.095023,23.900987,0.859715,14.087083,0.506710,4.252682,0.152968,74.976275,115.817884,143.130102,88.505666,54.624436,0.618358
2025_04_25_IC_small_1,804,399,428,0,-1,0.783091,817.250000,717.833333,916.666667,198.833333,0.936195,115.285223,111.486145,119.084301,7.598156,0.862525,1.381543,1.279570,1.483516,0.203947,0.893469,0.769025,0.725758,0.812292,0.086534,0.991711,0.995855,0.991711,1.000000,0.008289,0.857143,6.500000,6.000000,7.000000,1.000000,36.111995,1.265557,1.333333,0.448178,0.452738,0.288991,8.246211,28.276426,0.990957,17.998543,0.630765,0.548836,0.019234,81.702184,102.211271,109.476575,94.945967,14.530609,0.867272
2025_04_25_IC_small_1,805,399,408,0,-1,0.867889,670.416667,623.000000,717.833333,94.833333,0.899946,105.908849,100.331553,111.486145,11.154593,0.931803,1.235939,1.192308,1.279570,0.087262,0.933187,0.751739,0.725758,0.777719,0.051961,0.991711,0.995855,0.991711,1.000000,0.008289,0.666667,5.000000,4.000000,6.000000,2.000000,23.846543,0.921563,1.213740,0.648564,0.140460,0.978428,25.317978,20.110037,0.777164,11.575004,0.447323,0.484493,0.018723,65.786786,132.218121,151.927513,112.508729,39.418784,0.740542
2025_04_25_IC_small_1,806,426,397,0,-1,0.630531,887.416667,686.333333,1088.500000,402.166667,0.813304,117.852909,105.718918,129.986900,24.267982,0.925935,1.342319,1.290698,1.393939,0.103242,0.953236,0.790613,0.771684,0.809542,0.037857,1.000000,1.000000,1.000000,1.000000,0.000000,0.833333,5.500000,5.000000,6.000000,1.000000,36.650829,1.238405,2.235294,0.507533,0.217391,0.440558,13.038405,28.624644,0.967206,16.911454,0.571426,6.045710,0.204280,54.657830,111.490571,129.364059,93.617083,35.746976,0.723672
2025_04_25_IC_small_1,807,426,425,0,-1,0.434232,1133.450000,686.333333,1580.566667,894.233333,0.661290,132.793305,105.718918,159.867692,54.148774,0.943711,1.254371,1.218045,1.290698,0.072653,0.992975,0.774414,0.771684,0.777144,0.005460,1.000000,1.000000,1.000000,1.000000,0.000000,0.714286,6.000000,5.000000,7.000000,2.000000,31.160273,0.944905,1.172840,0.630253,0.177555,0.803380,26.493186,25.748156,0.780788,13.066942,0.396242,7.199261,0.218311,28.689965,111.726951,122.511914,100.941988,21.569926,0.823936
2025_04_25_IC_small_1,808,426,442,0,-1,0.514814,1009.750000,686.333333,1333.166667,646.833333,0.760281,122.385680,105.718918,139.052442,33.333524,0.867748,1.205349,1.120000,1.290698,0.170698,0.890641,0.819061,0.771684,0.866437,0.094753,1.000000,1.000000,1.000000,1.000000,0.000000,0.714286,6.000000,5.000000,7.000000,2.000000,34.779993,1.109224,1.880000,0.685974,0.038458,0.836061,26.214924,27.192296,0.867232,17.389775,0.554605,8.315940,0.265217,89.288198,159.344496,178.719251,139.969741,38.749510,0.783182
2025_04_25_IC_small_1,809,397,425,0,-1,0.688677,1334.533333,1088.500000,1580.566667,492.066667,0.813090,144.927296,129.986900,159.867692,29.880792,0.873815,1.305992,1.218045,1.393939,0.175894,0.959980,0.793343,0.777144,0.809542,0.032398,1.000000,1.000000,1.000000,1.000000,0.000000,0.857143,6.500000,6.000000,7.000000,1.000000,48.949501,1.345714,1.491979,0.508807,0.163665,0.455072,16.552945,37.367650,1.027307,24.383906,0.670359,7.747283,0.212987,85.214473,121.666662,143.871002,99.462322,44.408680,0.691330
2025_04_25_IC_small_1,810,155,158,0,-1,0.935374,744.527778,719.666667,769.388889,49.722222,0.935148,106.304563,102.742019,109.867108,7.125088,0.784707,1.148668,1.010101,1.287234,0.277133,0.934922,0.828855,0.800978,0.856732,0.055754,1.000000,1.000000,1.000000,1.000000,0.000000,1.000000,6.000000,6.000000,6.000000,0.000000,27.894456,1.022440,1.649573,0.587933,0.210611,0.626938,17.104255,22.298264,0.817318,13.199544,0.483815,0.602202,0.022073,46.889428,104.804185,110.523838,99.084532,11.439306,0.896499
2025_04_25_IC_small_1,811,155,157,0,-1,0.884474,766.666667,719.666667,813.666667,94.000000,0.916381,107.429589,102.742019,112.117159,9.375140,0.757576,1.171717,1.010101,1.333333,0.323232,0.949439,0.835074,0.813415,0.856732,0.043317,1.000000,1.000000,1.000000,1.000000,0.000000,0.857143,6.500000,6.000000,7.000000,1.000000,29.073326,1.050499,1.383459,0.547168,0.213043,0.491459,13.601471,23.842157,0.861483,14.463916,0.522621,1.379970,0.049862,80.106363,107.861729,152.503392,63.220066,89.283326,0.414549
2025_04_25_IC_small_1,812,155,170,0,-1,0.959240,705.000000,690.333333,719.666667,29.333333,0.983425,101.890546,101.039073,102.742019,1.702946,0.823045,1.118687,1.010101,1.227273,0.217172,0.991848,0.853240,0.849748,0.856732,0.006984,1.000000,1.000000,1.000000,1.000000,0.000000,1.000000,6.000000,6.000000,6.000000,0.000000,26.700024,1.005636,1.471074,0.664168,0.117258,0.761712,20.223748,20.685190,0.779091,12.775141,0.481166,1.084618,0.040851,67.858623,113.399681,117.874718,108.924644,8.950074,0.924071
2025_04_25_IC_small_1,813,424,417,0,-1,0.657456,1767.861111,1402.500000,2133.222222,730.722222,0.883270,169.450175,158.947216,179.953134,21.005917,0.596897,1.703357,1.273381,2.133333,0.859952,0.842713,0.762702,0.697601,0.827803,0.130203,1.000000,1.000000,1.000000,1.000000,0.000000,0.857143,6.500000,6.000000,7.000000,1.000000,38.002060,0.908740,1.296875,0.637820,0.140267,0.896336,37.483330,31.830421,0.761158,18.954745,0.453263,10.133469,0.242321,72.441506,105.692727,116.415714,94.969741,21.445973,0.815781
2025_04_25_IC_small_1,814,424,425,0,-1,0.740929,1856.894444,1580.566667,2133.222222,552.655556,0.888385,169.910413,159.867692,179.953134,20.085442,0.956544,1.245713,1.218045,1.273381,0.055336,0.938802,0.802473,0.777144,0.827803,0.050660,1.000000,1.000000,1.000000,1.000000,0.000000,1.000000,7.000000,7.000000,7.000000,0.000000,40.130261,0.933879,1.693252,0.680962,0.045446,0.907941,39.015666,27.268589,0.634573,19.778593,0.460271,7.150805,0.166408,59.999312,101.930951,125.537678,78.324224,47.213454,0.623910
2025_04_25_IC_small_1,815,424,450,0,-1,0.406193,1499.861111,866.500000,2133.222222,1266.722222,0.659281,149.296368,118.639602,179.953134,61.313532,0.939877,1.314110,1.273381,1.354839,0.081457,0.934527,0.800704,0.773605,0.827803,0.054199,1.000000,1.000000,1.000000,1.000000,0.000000,1.000000,7.000000,7.000000,7.000000,0.000000,45.465404,1.202420,1.196078,0.591625,0.152847,0.610574,23.086793,36.879080,0.975338,22.105017,0.584609,12.643467,0.334381,70.986175,144.165602,166.591162,121.740043,44.851119,0.730771
2025_04_25_IC_small_1,816,424,451,0,-1,0.300359,1386.977778,640.733333,2133.222222,1492.488889,0.570151,141.276773,102.600411,179.953134,77.352722,0.919935,1.222405,1.171429,1.273381,0.101953,0.923978,0.796338,0.764872,0.827803,0.062931,1.000000,1.000000,1.000000,1.000000,0.000000,0.714286,6.000000,5.000000,7.000000,2.000000,34.102419,0.953920,1.163842,0.659043,0.109194,0.735243,26.284765,31.081359,0.869414,16.985567,0.475124,14.847802,0.415326,57.703831,125.349533,162.338989,88.360078,73.978911,0.544294
2025_04_25_IC_small_1,817,153,156,0,-1,0.742734,856.166667,729.777778,982.555556,252.777778,0.902075,112.510508,106.718103,118.302912,11.584809,0.835544,1.182906,1.076923,1.288889,0.211966,0.912742,0.843728,0.805238,0.882218,0.076980,1.000000,1.000000,1.000000,1.000000,0.000000,0.714286,6.000000,5.000000,7.000000,2.000000,27.114701,0.929220,1.565574,0.751584,0.066641,0.956426,27.908581,20.871555,0.715267,13.552101,0.464430,4.131273,0.141579,71.253895,136.832446,146.859156,126.805737,20.053420,0.863451
2025_04_25_IC_small_1,818,153,161,0,-1,0.641563,933.638889,729.777778,1137.500000,407.722222,0.819939,118.435886,106.718103,130.153669,23.435566,0.960591,1.263492,1.238095,1.288889,0.050794,0.954280,0.824528,0.805238,0.843817,0.038579,1.000000,1.000000,1.000000,1.000000,0.000000,0.714286,6.000000,5.000000,7.000000,2.000000,33.857226,1.114802,1.242038,0.585457,0.243343,0.603753,18.336363,27.276162,0.898110,16.927309,0.557358,5.052812,0.166372,85.099251,120.201018,122.126880,118.275156,3.851723,0.968461
2025_04_25_IC_small_1,819,153,169,0,-1,0.976872,738.416667,729.777778,747.055556,17.277778,0.992447,106.315096,105.912088,106.718103,0.806015,0.998811,1.288123,1.287356,1.288889,0.001533,0.962172,0.821067,0.805238,0.836896,0.031658,1.000000,1.000000,1.000000,1.000000,0.000000,0.833333,5.500000,5.000000,6.000000,1.000000,31.207798,1.148470,2.161616,0.602954,0.131588,0.684314,18.595101,24.434358,0.899203,15.338558,0.564470,0.089817,0.003305,71.163822,128.243551,135.376715,121.110386,14.266329,0.894618
2025_04_25_IC_small_1,820,417,452,0,-1,0.500535,1052.250000,702.000000,1402.500000,700.500000,0.672508,132.920269,106.893322,158.947216,52.053895,0.643029,1.752564,1.371795,2.133333,0.761538,0.903568,0.734826,0.697601,0.772051,0.074450,1.000000,1.000000,1.000000,1.000000,0.000000,0.833333,5.500000,5.000000,6.000000,1.000000,40.132886,1.255227,1.714286,0.524207,0.176764,0.644787,20.615528,33.463950,1.046644,20.056584,0.627305,15.382744,0.481122,83.169160,128.980149,171.416379,86.543919,84.872460,0.504875
2025_04_25_IC_small_1,821,417,450,0,-1,0.617825,1134.500000,866.500000,1402.500000,536.000000,0.746409,138.793409,118.639602,158.947216,40.307615,0.635081,1.744086,1.354839,2.133333,0.778495,0.901753,0.735603,0.697601,0.773605,0.076004,1.000000,1.000000,1.000000,1.000000,0.000000,0.857143,6.500000,6.000000,7.000000,1.000000,44.721286,1.337232,2.043478,0.450473,0.293081,0.388719,13.000000,32.329438,0.966698,18.325584,0.547962,5.594936,0.167297,28.932747,98.618254,98.797411,98.439098,0.358313,0.996373
2025_04_25_IC_small_1,822,147,156,0,-1,0.774988,1125.194444,982.555556,1267.833333,285.277778,0.874444,126.796074,118.302912,135.289236,16.986324,0.883820,1.147705,1.076923,1.218487,0.141564,0.986664,0.876336,0.870453,0.882218,0.011765,1.000000,1.000000,1.000000,1.000000,0.000000,1.000000,7.000000,7.000000,7.000000,0.000000,36.979668,1.104656,1.476510,0.576852,0.180463,0.480641,16.090025,28.103525,0.839508,18.464673,0.551576,2.501715,0.074731,82.870606,97.671404,103.181729,92.161079,11.020650,0.893192
2025_04_25_IC_small_1,823,147,157,0,-1,0.641777,1040.750000,813.666667,1267.833333,454.166667,0.828722,123.703198,112.117159,135.289236,23.172077,0.913866,1.275910,1.218487,1.333333,0.114846,0.934473,0.841934,0.813415,0.870453,0.057038,1.000000,1.000000,1.000000,1.000000,0.000000,1.000000,7.000000,7.000000,7.000000,0.000000,30.107877,0.938942,1.039773,0.655865,0.145888,0.743828,23.851392,24.695339,0.770147,15.025700,0.468590,3.938146,0.122815,81.914074,104.654472,121.759480,87.549465,34.210015,0.719036
2025_04_25_IC_small_1,824,147,166,0,-1,0.555541,986.083333,704.333333,1267.833333,563.500000,0.763278,119.276281,103.263327,135.289236,32.025909,0.992842,1.222880,1.218487,1.227273,0.008785,0.953565,0.850244,0.830034,0.870453,0.040419,1.000000,1.000000,1.000000,1.000000,0.000000,0.714286,6.000000,5.000000,7.000000,2.000000,36.715842,1.181601,1.654135,0.601732,0.201978,0.572990,17.804494,28.715796,0.924141,16.889133,0.543531,6.065346,0.195197,62.632088,129.587995,141.447732,117.728257,23.719474,0.832309
2025_04_25_IC_small_1,825,147,167,0,-1,0.692608,1072.972222,878.111111,1267.833333,389.722222,0.847558,124.977347,114.665459,135.289236,20.623777,0.976804,1.232955,1.218487,1.247423,0.028935,0.964159,0.854854,0.839255,0.870453,0.031198,1.000000,1.000000,1.000000,1.000000,0.000000,0.857143,6.500000,6.000000,7.000000,1.000000,39.904125,1.223310,1.477987,0.560825,0.208559,0.470173,15.336956,29.393332,0.901089,18.888839,0.579061,6.667544,0.204402,67.003056,115.177606,119.066950,111.288263,7.778687,0.934670
2025_04_25_IC_small_1,826,156,167,0,-1,0.893701,930.333333,878.111111,982.555556,104.444444,0.969253,116.484186,114.665459,118.302912,3.637454,0.863318,1.162173,1.076923,1.247423,0.170500,0.951301,0.860737,0.839255,0.882218,0.042963,1.000000,1.000000,1.000000,1.000000,0.000000,0.857143,6.500000,6.000000,7.000000,1.000000,32.763488,1.074588,1.202532,0.636048,0.113848,0.676244,20.618223,25.551759,0.838055,16.369659,0.536898,0.544072,0.017845,87.072488,121.652402,145.530008,97.774796,47.755212,0.671853
2025_04_25_IC_small_1,827,156,169,0,-1,0.760319,864.805556,747.055556,982.555556,235.500000,0.895262,112.107500,105.912088,118.302912,12.390824,0.836538,1.182140,1.076923,1.287356,0.210433,0.948627,0.859557,0.836896,0.882218,0.045322,1.000000,1.000000,1.000000,1.000000,0.000000,0.857143,6.500000,6.000000,7.000000,1.000000,37.655408,1.283458,1.094972,0.506559,0.331417,0.290995,8.537499,28.768753,0.980563,18.808798,0.641085,2.788757,0.095053,89.774475,104.822851,112.083877,97.561825,14.522052,0.870436
2025_04_25_IC_small_1,828,156,174,0,-1,0.518263,745.888889,509.222222,982.555556,473.333333,0.780995,105.348434,92.393955,118.302912,25.908957,0.682407,1.327524,1.076923,1.578125,0.501202,0.849677,0.815910,0.749601,0.882218,0.132617,1.000000,1.000000,1.000000,1.000000,0.000000,0.714286,6.000000,5.000000,7.000000,2.000000,32.954677,1.222543,1.778761,0.558345,0.180918,0.509409,13.731553,25.978810,0.963754,16.411972,0.608846,5.677727,0.210631,85.519275,118.892002,122.258218,115.525786,6.732432,0.944933
2025_04_25_IC_small_1,829,152,163,0,-1,0.316525,1020.416667,490.666667,1550.166667,1059.500000,0.606426,120.185342,90.739998,149.630686,58.890688,0.918860,1.250405,1.197531,1.303279,0.105748,0.860700,0.809456,0.748857,0.870055,0.121198,1.000000,1.000000,1.000000,1.000000,0.000000,0.833333,5.500000,5.000000,6.000000,1.000000,35.849992,1.165415,1.678571,0.641957,0.132381,0.658239,20.248457,30.559430,0.993429,17.913582,0.582336,16.795662,0.545995,88.176565,124.191875,125.809693,122.574057,3.235636,0.974282
2025_04_25_IC_small_1,830,152,161,0,-1,0.733792,1343.833333,1137.500000,1550.166667,412.666667,0.869833,139.892178,130.153669,149.630686,19.477017,0.949985,1.270687,1.238095,1.303279,0.065183,0.969843,0.856936,0.843817,0.870055,0.026238,1.000000,1.000000,1.000000,1.000000,0.000000,0.857143,6.500000,6.000000,7.000000,1.000000,42.077135,1.151237,1.677215,0.593491,0.145231,0.564044,20.615528,30.621995,0.837823,21.023279,0.575200,4.958458,0.135664,75.302772,110.594902,132.004381,89.185423,42.818958,0.675625
2025_04_25_IC_small_1,831,152,172,0,-1,0.808587,1401.805556,1253.444444,1550.166667,296.722222,0.919996,143.645146,137.659605,149.630686,11.971081,0.804423,1.175833,1.048387,1.303279,0.254892,0.955333,0.850624,0.831193,0.870055,0.038862,1.000000,1.000000,1.000000,1.000000,0.000000,0.857143,6.500000,6.000000,7.000000,1.000000,33.785148,0.903634,1.471698,0.792312,0.055286,1.021982,38.209946,24.992479,0.668461,16.584385,0.443574,2.555582,0.068353,65.787610,142.591003,151.971917,133.210089,18.761828,0.876544
2025_04_25_IC_small_1,832,162,164,0,-1,0.914619,551.888889,527.277778,576.500000,49.222222,0.952852,93.066157,90.819269,95.313045,4.493776,0.701669,1.344072,1.108434,1.579710,0.471276,0.992684,0.800390,0.797452,0.803329,0.005877,1.000000,1.000000,1.000000,1.000000,0.000000,1.000000,6.000000,6.000000,6.000000,0.000000,30.449534,1.296471,2.098901,0.501476,0.220203,0.421975,9.910712,23.397529,0.996213,15.085648,0.642312,2.981191,0.126932,79.510119,101.901260,113.498566,90.303954,23.194612,0.795640
2025_04_25_IC_small_1,833,162,159,0,-1,0.526244,836.000000,576.500000,1095.500000,519.000000,0.757034,110.608186,95.313045,125.903326,30.590281,0.697953,1.341137,1.102564,1.579710,0.477146,0.918241,0.832954,0.797452,0.868456,0.071004,1.000000,1.000000,1.000000,1.000000,0.000000,0.857143,6.500000,6.000000,7.000000,1.000000,34.100077,1.194215,1.674419,0.531284,0.274389,0.391372,11.175370,27.072908,0.948118,17.013135,0.595815,5.873446,0.205693,82.471024,106.131553,107.940645,104.322461,3.618183,0.966480
2025_04_25_IC_small_1,834,162,173,0,-1,0.996338,575.444444,574.388889,576.500000,2.111111,0.998148,95.224808,95.136570,95.313045,0.176476,0.926606,1.521739,1.463768,1.579710,0.115942,0.999962,0.797467,0.797452,0.797482,0.000030,1.000000,1.000000,1.000000,1.000000,0.000000,1.000000,6.000000,6.000000,6.000000,0.000000,18.509779,0.771613,1.192661,0.844338,0.049527,1.241694,29.786276,15.308487,0.638162,9.196540,0.383374,0.077754,0.003241,35.913250,152.373777,154.905844,149.841709,5.064135,0.967308
2025_04_25_IC_small_1,835,414,413,0,-1,0.606873,833.833333,629.833333,1037.833333,408.000000,0.768247,110.474288,95.995085,124.953490,28.958405,0.835303,1.168707,1.063830,1.273585,0.209755,0.972530,0.847093,0.835297,0.858890,0.023593,1.000000,1.000000,1.000000,1.000000,0.000000,0.857143,6.500000,6.000000,7.000000,1.000000,34.106055,1.190191,1.337838,0.522663,0.286628,0.361350,10.354816,26.390302,0.920936,16.757649,0.584788,5.940140,0.207292,67.049419,100.775244,108.963208,92.587279,16.375930,0.849711
2025_04_25_IC_small_1,836,414,430,0,-1,0.589690,824.916667,612.000000,1037.833333,425.833333,0.815282,113.412897,101.872305,124.953490,23.081186,0.927187,1.227218,1.180851,1.273585,0.092734,0.887173,0.788175,0.741053,0.835297,0.094244,1.000000,1.000000,1.000000,1.000000,0.000000,0.714286,6.000000,5.000000,7.000000,2.000000,22.583495,0.793043,1.102041,0.799820,0.061925,1.155751,32.912341,18.401476,0.646187,11.290033,0.396461,4.321079,0.151739,31.196453,143.958675,162.962232,124.955118,38.007115,0.766773
2025_04_25_IC_small_1,837,414,441,0,-1,0.858029,1123.694444,1037.833333,1209.555556,171.722222,0.900671,131.843635,124.953490,138.733780,13.780290,0.885605,1.355840,1.273585,1.438095,0.164510,0.945433,0.812507,0.789717,0.835297,0.045580,1.000000,1.000000,1.000000,1.000000,0.000000,0.875000,7.500000,7.000000,8.000000,1.000000,46.322014,1.382869,1.951724,0.491926,0.242355,0.359482,12.041595,32.987543,0.984790,22.882087,0.683108,1.778910,0.053106,78.084805,94.555829,111.161260,77.950399,33.210861,0.701237
2025_04_25_IC_small_1,838,413,430,0,-1,0.971686,620.916667,612.000000,629.833333,17.833333,0.942308,98.933695,95.995085,101.872305,5.877219,0.900901,1.122340,1.063830,1.180851,0.117021,0.862803,0.799971,0.741053,0.858890,0.117837,1.000000,1.000000,1.000000,1.000000,0.000000,0.833333,5.500000,5.000000,6.000000,1.000000,26.729798,1.072729,1.088435,0.656373,0.090055,0.876402,21.837786,24.038173,0.964708,13.363968,0.536327,1.095425,0.043962,89.446196,160.258059,178.058514,142.457604,35.600910,0.800061
2025_04_25_IC_small_1,839,413,427,0,-1,0.579246,858.583333,629.833333,1087.333333,457.500000,0.703811,116.194142,95.995085,136.393199,40.398113,0.745405,1.245507,1.063830,1.427184,0.363355,0.855164,0.796691,0.734492,0.858890,0.124398,1.000000,1.000000,1.000000,1.000000,0.000000,0.857143,6.500000,6.000000,7.000000,1.000000,32.781178,1.128999,1.814159,0.564526,0.185965,0.635051,18.439089,26.257770,0.904330,14.829933,0.510750,3.290856,0.113339,55.550924,108.572783,134.541644,82.603923,51.937720,0.613965
2025_04_25_IC_small_1,840,430,427,0,-1,0.562845,849.666667,612.000000,1087.333333,475.333333,0.746902,119.132752,101.872305,136.393199,34.520894,0.827399,1.304018,1.180851,1.427184,0.246333,0.991147,0.737772,0.734492,0.741053,0.006560,1.000000,1.000000,1.000000,1.000000,0.000000,0.714286,6.000000,5.000000,7.000000,2.000000,24.914024,0.863371,1.129252,0.610404,0.190173,0.887576,25.612497,22.742857,0.788131,11.847169,0.410552,4.545183,0.157509,42.081774,116.358209,133.378854,99.337563,34.041291,0.744777
2025_04_25_IC_small_1,841,430,441,0,-1,0.505971,910.777778,612.000000,1209.555556,597.555556,0.734301,120.303042,101.872305,138.733780,36.861476,0.821122,1.309473,1.180851,1.438095,0.257244,0.938378,0.765385,0.741053,0.789717,0.048664,1.000000,1.000000,1.000000,1.000000,0.000000,0.625000,6.500000,5.000000,8.000000,3.000000,43.585097,1.464619,1.144279,0.433328,0.385293,0.180961,5.385165,32.935408,1.106751,21.387981,0.718715,10.845999,0.364465,78.655306,104.778498,119.087369,90.469627,28.617742,0.759691
2025_04_25_IC_small_1,842,430,444,0,-1,0.538732,874.000000,612.000000,1136.000000,524.000000,0.759976,117.959559,101.872305,134.046813,32.174508,0.829108,1.302547,1.180851,1.424242,0.243391,0.932768,0.767759,0.741053,0.794466,0.053413,1.000000,1.000000,1.000000,1.000000,0.000000,0.714286,6.000000,5.000000,7.000000,2.000000,36.220320,1.239504,2.008772,0.529538,0.199371,0.551801,16.124515,31.432010,1.075642,18.106467,0.619626,9.918817,0.339434,89.656393,104.646560,105.086354,104.206766,0.879588,0.991630
2025_04_25_IC_small_1,843,150,163,0,-1,0.394973,866.472222,490.666667,1242.277778,751.611111,0.679470,112.142591,90.739998,133.545185,42.805187,0.950465,1.167871,1.138211,1.197531,0.059319,0.855513,0.812094,0.748857,0.875331,0.126474,1.000000,1.000000,1.000000,1.000000,0.000000,0.714286,6.000000,5.000000,7.000000,2.000000,31.047129,1.081839,1.211921,0.619646,0.175777,0.641460,18.408935,25.291295,0.881277,14.700693,0.512246,8.314591,0.289722,69.282346,120.533040,126.818649,114.247431,12.571218,0.900872
2025_04_25_IC_small_1,844,150,154,0,-1,0.703442,1504.138889,1242.277778,1766.000000,523.722222,0.824004,147.806876,133.545185,162.068567,28.523382,0.896026,1.079039,1.019868,1.138211,0.118344,0.965230,0.860113,0.844895,0.875331,0.030435,1.000000,1.000000,1.000000,1.000000,0.000000,1.000000,7.000000,7.000000,7.000000,0.000000,44.205922,1.144197,1.544944,0.584757,0.211029,0.535201,20.677417,34.475488,0.892341,21.164211,0.547801,7.065685,0.182884,69.030032,113.348177,117.330835,109.365519,7.965317,0.932112
2025_04_25_IC_small_1,845,150,168,0,-1,0.923393,1194.694444,1147.111111,1242.277778,95.166667,0.951406,130.300418,127.055650,133.545185,6.489534,0.939689,1.103888,1.069565,1.138211,0.068646,0.980268,0.884141,0.875331,0.892950,0.017620,1.000000,1.000000,1.000000,1.000000,0.000000,1.000000,7.000000,7.000000,7.000000,0.000000,38.348747,1.109709,1.298851,0.561173,0.195447,0.423755,14.643922,28.781818,0.832868,18.714288,0.541541,1.084115,0.031371,74.892605,90.954951,109.530273,72.379628,37.150645,0.660818
2025_04_25_IC_small_1,846,150,171,0,-1,0.683020,1045.388889,848.500000,1242.277778,393.777778,0.860775,124.248793,114.952400,133.545185,18.592785,0.991415,1.133326,1.128440,1.138211,0.009771,0.921836,0.841121,0.806911,0.875331,0.068420,1.000000,1.000000,1.000000,1.000000,0.000000,0.714286,6.000000,5.000000,7.000000,2.000000,38.530071,1.197051,1.176166,0.594405,0.171706,0.594275,19.128222,28.929118,0.898769,19.067444,0.592387,6.020733,0.187052,78.335259,133.147558,134.321402,131.973714,2.347688,0.982522
2025_04_25_IC_small_1,847,158,164,0,-1,0.685320,648.333333,527.277778,769.388889,242.111111,0.826628,100.343188,90.819269,109.867108,19.047838,0.861097,1.197834,1.108434,1.287234,0.178800,0.997073,0.802153,0.800978,0.803329,0.002351,1.000000,1.000000,1.000000,1.000000,0.000000,1.000000,6.000000,6.000000,6.000000,0.000000,22.861562,0.901830,1.551402,0.757454,0.057241,1.065405,27.008229,19.084482,0.752834,10.997494,0.433823,2.896040,0.114241,50.714298,150.220139,169.318803,131.121475,38.197327,0.774406
2025_04_25_IC_small_1,848,158,170,0,-1,0.897249,729.861111,690.333333,769.388889,79.055556,0.919648,105.453090,101.039073,109.867108,8.828034,0.953418,1.257253,1.227273,1.287234,0.059961,0.942606,0.825363,0.800978,0.849748,0.048770,1.000000,1.000000,1.000000,1.000000,0.000000,1.000000,6.000000,6.000000,6.000000,0.000000,36.583915,1.354657,1.380645,0.506447,0.194101,0.381235,10.295630,27.184856,1.006622,18.262145,0.676225,2.775342,0.102768,87.430581,121.416996,131.601443,111.232549,20.368894,0.845223
2025_04_25_IC_small_1,849,158,175,0,-1,0.983035,776.027778,769.388889,782.666667,13.277778,0.964720,107.929026,105.990944,109.867108,3.876163,0.879303,1.209551,1.131868,1.287234,0.155366,0.914895,0.838232,0.800978,0.875486,0.074508,1.000000,1.000000,1.000000,1.000000,0.000000,0.857143,6.500000,6.000000,7.000000,1.000000,29.694158,1.065949,1.595041,0.626542,0.139457,0.707607,19.711813,22.533008,0.808881,14.466927,0.519328,0.826878,0.029683,69.338661,116.567948,133.591371,99.544526,34.046846,0.745142
2025_04_25_IC_small_1,850,163,168,0,-1,0.427741,818.888889,490.666667,1147.111111,656.444444,0.714175,108.897824,90.739998,127.055650,36.315652,0.893142,1.133548,1.069565,1.197531,0.127966,0.838632,0.820904,0.748857,0.892950,0.144094,1.000000,1.000000,1.000000,1.000000,0.000000,0.714286,6.000000,5.000000,7.000000,2.000000,23.707307,0.846387,1.181818,0.875149,0.023236,1.150355,32.221456,20.954252,0.748099,11.851717,0.423124,8.136138,0.290472,71.881413,165.561958,173.372941,157.750976,15.621964,0.909894
2025_04_25_IC_small_1,851,163,172,0,-1,0.391455,872.055556,490.666667,1253.444444,762.777778,0.659162,114.199802,90.739998,137.659605,46.919607,0.875457,1.122959,1.048387,1.197531,0.149144,0.900942,0.790025,0.748857,0.831193,0.082336,1.000000,1.000000,1.000000,1.000000,0.000000,0.714286,6.000000,5.000000,7.000000,2.000000,38.405787,1.334577,1.222857,0.474215,0.368669,0.233106,6.708204,31.784996,1.104508,18.973451,0.659315,10.797735,0.375214,85.049431,107.171890,110.127927,104.215853,5.912074,0.946316
2025_04_25_IC_small_1,852,415,428,0,-1,0.905455,873.333333,830.000000,916.666667,86.666667,0.946917,115.923604,112.762908,119.084301,6.321393,0.753377,1.300582,1.117647,1.483516,0.365869,0.990277,0.816280,0.812292,0.820267,0.007975,1.000000,1.000000,1.000000,1.000000,0.000000,0.714286,6.000000,5.000000,7.000000,2.000000,32.662786,1.105597,1.510791,0.604088,0.168034,0.697812,20.615528,24.917980,0.843445,15.474951,0.523809,2.155895,0.072975,60.022134,127.445427,147.497533,107.393322,40.104211,0.728102
2025_04_25_IC_small_1,853,415,423,0,-1,0.854789,900.500000,830.000000,971.000000,141.000000,0.930563,116.969964,112.762908,121.177020,8.414112,0.902384,1.063097,1.008547,1.117647,0.109100,0.987113,0.825622,0.820267,0.830976,0.010709,1.000000,1.000000,1.000000,1.000000,0.000000,0.714286,6.000000,5.000000,7.000000,2.000000,35.672332,1.189661,1.442308,0.556354,0.178697,0.537747,16.124515,26.796742,0.893663,17.091545,0.569998,0.259995,0.008671,71.556256,108.229240,113.423921,103.034558,10.389363,0.908402
2025_04_25_IC_small_1,854,415,435,0,-1,0.756954,963.250000,830.000000,1096.500000,266.500000,0.890179,119.718672,112.762908,126.674435,13.911528,0.918283,1.071981,1.026316,1.117647,0.091331,0.955245,0.839483,0.820267,0.858698,0.038431,1.000000,1.000000,1.000000,1.000000,0.000000,0.714286,6.000000,5.000000,7.000000,2.000000,30.982145,1.000664,1.756098,0.647282,0.107708,0.743558,23.021729,25.412897,0.820788,15.460860,0.499356,3.397863,0.109744,74.946810,121.624517,157.350873,85.898161,71.452711,0.545902
2025_04_25_IC_small_1,855,164,173,0,-1,0.917980,550.833333,527.277778,574.388889,47.111111,0.954620,92.977919,90.819269,95.136570,4.317301,0.757247,1.286101,1.108434,1.463768,0.355334,0.992722,0.800405,0.797482,0.803329,0.005847,1.000000,1.000000,1.000000,1.000000,0.000000,1.000000,6.000000,6.000000,6.000000,0.000000,32.594532,1.389102,1.565574,0.468540,0.306354,0.299673,7.031674,24.066786,1.025669,15.687803,0.668577,2.129074,0.090736,81.106200,108.649231,114.790203,102.508259,12.281944,0.893005
2025_04_25_IC_small_1,856,164,177,0,-1,0.822700,584.094444,527.277778,640.911111,113.633333,0.924471,94.529233,90.819269,98.239198,7.419929,0.946477,1.078770,1.049107,1.108434,0.059327,0.962621,0.818926,0.803329,0.834522,0.031194,1.000000,1.000000,1.000000,1.000000,0.000000,0.833333,5.500000,5.000000,6.000000,1.000000,21.962402,0.909816,1.619802,0.748725,0.067293,1.015667,24.517567,16.617988,0.688418,10.952977,0.453739,1.993692,0.082591,67.251443,139.949171,155.023013,124.875328,30.147685,0.805528
2025_04_25_IC_small_1,857,164,175,0,-1,0.673694,654.972222,527.277778,782.666667,255.388889,0.856859,98.405107,90.819269,105.990944,15.171675,0.979296,1.120151,1.108434,1.131868,0.023434,0.917580,0.839407,0.803329,0.875486,0.072157,1.000000,1.000000,1.000000,1.000000,0.000000,0.857143,6.500000,6.000000,7.000000,1.000000,34.009291,1.335302,1.018072,0.503675,0.354722,0.314648,8.013877,26.490289,1.040085,16.926767,0.664593,4.414363,0.173321,84.315575,118.243533,129.333999,107.153068,22.180931,0.828499
2025_04_25_IC_small_1,858,431,428,0,-1,0.672000,766.333333,616.000000,916.666667,300.666667,0.854260,110.406633,101.728966,119.084301,17.355335,0.989011,1.491758,1.483516,1.500000,0.016484,0.920850,0.780146,0.748000,0.812292,0.064293,1.000000,1.000000,1.000000,1.000000,0.000000,0.571429,5.500000,4.000000,7.000000,3.000000,33.484633,1.215505,2.406593,0.597215,0.089930,0.748351,20.615528,27.606546,1.002128,16.482047,0.598304,4.739361,0.172041,79.354156,146.755753,169.411143,124.100363,45.310781,0.732540
2025_04_25_IC_small_1,859,431,439,0,-1,0.760025,713.250000,616.000000,810.500000,194.500000,0.881890,108.541172,101.728966,115.353377,13.624411,0.986667,1.490000,1.480000,1.500000,0.020000,0.977235,0.756712,0.748000,0.765424,0.017425,1.000000,1.000000,1.000000,1.000000,0.000000,0.800000,4.500000,4.000000,5.000000,1.000000,21.287473,0.798950,1.216216,0.786594,0.015773,1.240811,33.060551,18.278251,0.686009,10.612243,0.398293,2.220835,0.083351,80.714109,166.519454,176.571256,156.467651,20.103605,0.886145
2025_04_25_IC_small_1,860,428,408,0,-1,0.679636,769.833333,623.000000,916.666667,293.666667,0.842525,109.707927,100.331553,119.084301,18.752748,0.803704,1.337912,1.192308,1.483516,0.291209,0.957438,0.795006,0.777719,0.812292,0.034573,1.000000,1.000000,1.000000,1.000000,0.000000,0.571429,5.500000,4.000000,7.000000,3.000000,27.012811,0.978079,1.177305,0.669966,0.113986,0.895735,24.738634,23.204049,0.840171,13.351656,0.483436,2.889588,0.104626,75.657534,141.587947,170.049373,113.126520,56.922853,0.665257
2025_04_25_IC_small_1,861,428,435,0,-1,0.835993,1006.583333,916.666667,1096.500000,179.833333,0.940082,122.879368,119.084301,126.674435,7.590135,0.691813,1.254916,1.026316,1.483516,0.457201,0.945958,0.835495,0.812292,0.858698,0.046406,1.000000,1.000000,1.000000,1.000000,0.000000,1.000000,7.000000,7.000000,7.000000,0.000000,39.036418,1.231628,1.303571,0.516354,0.224439,0.385126,12.206556,29.882656,0.942820,18.167921,0.573211,2.820714,0.088996,63.614437,102.647187,126.604306,78.690068,47.914238,0.621543
2025_04_25_IC_small_1,862,428,438,0,-1,0.705273,781.583333,646.500000,916.666667,270.166667,0.846906,109.968737,100.853173,119.084301,18.231128,0.867870,1.385508,1.287500,1.483516,0.196016,0.983302,0.805510,0.798729,0.812292,0.013564,1.000000,1.000000,1.000000,1.000000,0.000000,0.857143,6.500000,6.000000,7.000000,1.000000,25.456143,0.913998,1.318519,0.716750,0.078686,0.976423,27.194771,20.701576,0.743286,12.544011,0.450390,2.295582,0.082422,80.029004,134.792254,144.592487,124.992020,19.600467,0.864443
2025_04_25_IC_small_1,863,428,439,0,-1,0.884182,863.583333,810.500000,916.666667,106.166667,0.968670,117.218839,115.353377,119.084301,3.730924,0.997630,1.481758,1.480000,1.483516,0.003516,0.942302,0.788858,0.765424,0.812292,0.046868,1.000000,1.000000,1.000000,1.000000,0.000000,0.714286,6.000000,5.000000,7.000000,2.000000,38.418875,1.307970,1.431373,0.434486,0.345267,0.186126,5.467073,30.771179,1.047605,19.209413,0.653984,1.226754,0.041765,80.398235,89.290419,99.148853,79.431986,19.716867,0.801139
2025_04_25_IC_small_1,864,157,170,0,-1,0.848423,752.000000,690.333333,813.666667,123.333333,0.901192,106.578116,101.039073,112.117159,11.078086,0.920455,1.280303,1.227273,1.333333,0.106061,0.957243,0.831581,0.813415,0.849748,0.036333,1.000000,1.000000,1.000000,1.000000,0.000000,0.857143,6.500000,6.000000,7.000000,1.000000,32.338964,1.180275,1.011696,0.546575,0.250997,0.496413,13.601471,24.173671,0.882266,15.720933,0.573767,3.111085,0.113545,81.921100,99.007152,99.442340,98.571963,0.870377,0.991247
2025_04_25_IC_small_1,865,157,166,0,-1,0.865629,759.000000,704.333333,813.666667,109.333333,0.921031,107.690243,103.263327,112.117159,8.853832,0.920455,1.280303,1.227273,1.333333,0.106061,0.979978,0.821725,0.813415,0.830034,0.016619,1.000000,1.000000,1.000000,1.000000,0.000000,0.714286,6.000000,5.000000,7.000000,2.000000,26.355052,0.957250,1.246377,0.719414,0.106280,0.954236,26.272081,20.892544,0.758844,12.725873,0.462220,1.369383,0.049738,58.706471,152.396137,154.722278,150.069996,4.652282,0.969931
2025_04_25_IC_small_1,866,157,178,0,-1,0.822409,741.416667,669.166667,813.666667,144.500000,0.884931,105.666573,99.215987,112.117159,12.901172,0.920455,1.280303,1.227273,1.333333,0.106061,0.952207,0.833828,0.813415,0.854242,0.040827,1.000000,1.000000,1.000000,1.000000,0.000000,0.857143,6.500000,6.000000,7.000000,1.000000,37.975115,1.396321,2.073394,0.474420,0.245139,0.241735,6.574361,27.522542,1.011987,17.978896,0.661073,2.318538,0.085251,65.718659,100.404173,114.688858,86.119489,28.569369,0.750897
2025_04_25_IC_small_1,867,423,435,0,-1,0.885545,1033.750000,971.000000,1096.500000,125.500000,0.956602,123.925728,121.177020,126.674435,5.497416,0.982687,1.017431,1.008547,1.026316,0.017769,0.967716,0.844837,0.830976,0.858698,0.027722,1.000000,1.000000,1.000000,1.000000,0.000000,1.000000,7.000000,7.000000,7.000000,0.000000,33.669516,1.047682,1.213483,0.586407,0.190246,0.581307,18.681542,25.950843,0.807503,16.354512,0.508897,2.134929,0.066432,77.338481,101.825406,104.036243,99.614569,4.421674,0.957499
2025_04_25_IC_small_1,868,423,436,0,-1,0.860796,903.416667,835.833333,971.000000,135.166667,0.925513,116.663968,112.150915,121.177020,9.026104,0.988576,1.014375,1.008547,1.020202,0.011655,0.995095,0.833024,0.830976,0.835072,0.004096,1.000000,1.000000,1.000000,1.000000,0.000000,0.857143,6.500000,6.000000,7.000000,1.000000,29.320023,0.976168,1.156863,0.679105,0.103496,0.840292,25.238859,23.187952,0.772010,14.481716,0.482148,2.781111,0.092593,75.673971,116.477443,126.027373,106.927513,19.099860,0.848447
2025_04_25_IC_small_1,869,423,448,0,-1,0.499485,728.000000,485.000000,971.000000,486.000000,0.708775,103.532123,85.887226,121.177020,35.289794,0.806838,1.129274,1.008547,1.250000,0.241453,0.994274,0.828597,0.826218,0.830976,0.004759,1.000000,1.000000,1.000000,1.000000,0.000000,0.714286,6.000000,5.000000,7.000000,2.000000,31.897617,1.199529,1.666667,0.558566,0.228365,0.490317,13.038405,26.803285,1.007953,15.886010,0.597403,7.343716,0.276165,85.433484,128.601100,146.040940,111.161260,34.879680,0.761165
2025_04_25_IC_small_1,870,435,460,0,-1,0.612707,884.166667,671.833333,1096.500000,424.666667,0.808962,114.574628,102.474821,126.674435,24.199614,0.945023,1.056169,1.026316,1.086022,0.059706,0.936260,0.831332,0.803965,0.858698,0.054733,1.000000,1.000000,1.000000,1.000000,0.000000,1.000000,7.000000,7.000000,7.000000,0.000000,40.665690,1.377723,1.293750,0.463532,0.385957,0.172751,5.099020,30.864124,1.045653,19.061892,0.645803,6.121810,0.207402,55.701110,102.652416,105.842509,99.462322,6.380187,0.939720
2025_04_25_IC_small_1,871,435,453,0,-1,0.909330,1151.166667,1096.500000,1205.833333,109.333333,0.950560,129.968718,126.674435,133.263000,6.588564,0.970189,1.042084,1.026316,1.057851,0.031535,0.993659,0.855976,0.853253,0.858698,0.005445,0.999447,0.999724,0.999447,1.000000,0.000553,0.857143,6.500000,6.000000,7.000000,1.000000,32.972571,0.972089,1.273885,0.716989,0.082597,0.870586,29.529646,25.473892,0.751015,16.460417,0.485282,2.040691,0.060163,83.556919,116.564686,141.981057,91.148314,50.832743,0.641975
2025_04_25_IC_small_1,872,435,438,0,-1,0.589603,871.500000,646.500000,1096.500000,450.000000,0.796160,113.763804,100.853173,126.674435,25.821263,0.797138,1.156908,1.026316,1.287500,0.261184,0.930162,0.828713,0.798729,0.858698,0.059970,1.000000,1.000000,1.000000,1.000000,0.000000,0.857143,6.500000,6.000000,7.000000,1.000000,33.735579,1.152569,1.527559,0.572916,0.250335,0.546637,16.000000,27.750342,0.948085,16.593998,0.566930,7.341025,0.250805,77.495463,128.018050,156.317912,99.718187,56.599725,0.637919
2025_04_25_IC_small_1,873,435,448,0,-1,0.442316,790.750000,485.000000,1096.500000,611.500000,0.678015,106.280831,85.887226,126.674435,40.787209,0.821053,1.138158,1.026316,1.250000,0.223684,0.962175,0.842458,0.826218,0.858698,0.032481,1.000000,1.000000,1.000000,1.000000,0.000000,0.714286,6.000000,5.000000,7.000000,2.000000,28.413017,1.030649,1.145833,0.701720,0.081252,0.802956,22.135944,23.038977,0.835712,13.816110,0.501163,9.149777,0.331898,74.615070,136.667739,163.412661,109.922816,53.489845,0.672670
2025_04_25_IC_small_1,874,161,169,0,-1,0.656752,942.277778,747.055556,1137.500000,390.444444,0.813746,118.032878,105.912088,130.153669,24.241581,0.961735,1.262726,1.238095,1.287356,0.049261,0.991798,0.840357,0.836896,0.843817,0.006921,1.000000,1.000000,1.000000,1.000000,0.000000,0.857143,6.500000,6.000000,7.000000,1.000000,36.278007,1.188290,1.259259,0.550602,0.266612,0.469617,14.337209,29.167085,0.955371,17.925837,0.587163,7.773076,0.254608,81.018030,113.875402,125.254398,102.496405,22.757993,0.818306
2025_04_25_IC_small_1,875,161,172,0,-1,0.907499,1195.472222,1137.500000,1253.444444,115.944444,0.945475,133.906637,130.153669,137.659605,7.505936,0.846774,1.143241,1.048387,1.238095,0.189708,0.985039,0.837505,0.831193,0.843817,0.012624,1.000000,1.000000,1.000000,1.000000,0.000000,1.000000,7.000000,7.000000,7.000000,0.000000,46.289358,1.339181,1.419890,0.497610,0.385831,0.319549,11.045361,34.992207,1.012347,22.190324,0.641980,1.751517,0.050673,77.816875,113.346489,118.842660,107.850318,10.992342,0.907505
2025_04_25_IC_small_1,876,161,179,0,-1,0.785838,1292.500000,1137.500000,1447.500000,310.000000,0.872735,139.643369,130.153669,149.133069,18.979400,0.738513,1.457283,1.238095,1.676471,0.438375,0.969242,0.830840,0.817863,0.843817,0.025954,1.000000,1.000000,1.000000,1.000000,0.000000,1.000000,7.000000,7.000000,7.000000,0.000000,29.828674,0.831196,1.122807,0.791144,0.065184,1.068023,38.327536,24.964043,0.695640,14.817464,0.412899,2.320151,0.064653,61.647648,142.054215,149.459395,134.649035,14.810360,0.900907
2025_04_25_IC_small_1,877,420,433,0,-1,0.971006,893.194444,880.055556,906.333333,26.277778,0.960263,116.165601,113.810757,118.520446,4.709689,0.866413,1.195671,1.110092,1.281250,0.171158,0.895369,0.833288,0.787288,0.879288,0.092001,1.000000,1.000000,1.000000,1.000000,0.000000,0.857143,6.500000,6.000000,7.000000,1.000000,30.643289,1.025355,1.198758,0.651387,0.099362,0.781155,23.345235,23.352006,0.781381,14.760765,0.493910,0.323516,0.010825,63.540333,119.645645,123.527527,115.763764,7.763763,0.937150
2025_04_25_IC_small_1,878,420,443,0,-1,0.749540,792.833333,679.333333,906.333333,227.000000,0.890141,107.559179,101.307601,113.810757,12.503156,0.908523,1.345753,1.281250,1.410256,0.129006,0.945970,0.855534,0.831780,0.879288,0.047508,1.000000,1.000000,1.000000,1.000000,0.000000,0.857143,6.500000,6.000000,7.000000,1.000000,34.932345,1.243821,1.682171,0.555105,0.187198,0.456758,12.827921,27.127307,0.965911,17.452416,0.621421,2.527774,0.090005,80.621532,113.673466,125.024436,102.322497,22.701939,0.818420
2025_04_25_IC_small_1,879,420,447,0,-1,0.582383,717.083333,527.833333,906.333333,378.500000,0.783922,101.514769,89.218782,113.810757,24.591975,0.917601,1.228463,1.175676,1.281250,0.105574,0.947683,0.856287,0.833286,0.879288,0.046002,1.000000,1.000000,1.000000,1.000000,0.000000,0.857143,6.500000,6.000000,7.000000,1.000000,31.909224,1.202307,1.789474,0.577059,0.207089,0.495590,13.152946,25.493168,0.960557,15.885118,0.598535,6.431983,0.242351,87.872625,119.425670,127.860504,110.990837,16.869667,0.868062
2025_04_25_IC_small_1,880,160,154,0,-1,0.411445,1246.305556,726.611111,1766.000000,1039.388889,0.648219,133.562216,105.055865,162.068567,57.012702,0.870162,1.095955,1.019868,1.172043,0.152175,0.979193,0.836106,0.827316,0.844895,0.017580,1.000000,1.000000,1.000000,1.000000,0.000000,0.714286,6.000000,5.000000,7.000000,2.000000,35.751929,1.036595,1.503311,0.647931,0.151403,0.685036,23.626727,28.304007,0.820649,16.439616,0.476652,10.532924,0.305393,55.555276,119.994197,145.507486,94.480909,51.026577,0.649320
2025_04_25_IC_small_1,881,160,176,0,-1,0.672987,607.805556,489.000000,726.611111,237.611111,0.874374,98.457017,91.858168,105.055865,13.197697,0.991858,1.167272,1.162500,1.172043,0.009543,0.880262,0.777785,0.728254,0.827316,0.099061,1.000000,1.000000,1.000000,1.000000,0.000000,0.800000,4.500000,4.000000,5.000000,1.000000,28.667810,1.168468,1.270073,0.544144,0.201865,0.598414,14.681810,24.753367,1.008919,14.090225,0.574302,4.463837,0.181941,75.565133,134.352945,164.717108,103.988783,60.728326,0.631317
2025_04_25_IC_small_1,882,160,180,0,-1,0.720209,867.750000,726.611111,1008.888889,282.277778,0.820727,116.529665,105.055865,128.003465,22.947600,0.812731,1.307074,1.172043,1.442105,0.270062,0.935273,0.800541,0.773766,0.827316,0.053550,1.000000,1.000000,1.000000,1.000000,0.000000,0.714286,6.000000,5.000000,7.000000,2.000000,35.750078,1.217672,1.821705,0.513701,0.245943,0.460064,13.507200,30.123195,1.026016,17.874748,0.608826,5.072896,0.172786,79.477822,111.793325,131.234851,92.351800,38.883051,0.703714
2025_04_25_IC_small_1,883,427,449,0,-1,0.868945,1016.083333,944.833333,1087.333333,142.500000,0.857843,126.698563,117.003927,136.393199,19.389272,0.727121,1.232460,1.037736,1.427184,0.389449,0.846882,0.800891,0.734492,0.867290,0.132798,1.000000,1.000000,1.000000,1.000000,0.000000,0.857143,6.500000,6.000000,7.000000,1.000000,38.599637,1.211675,1.125628,0.463102,0.375461,0.291482,9.285592,32.472123,1.019327,18.393031,0.577372,0.039497,0.001240,52.749010,100.285659,113.824261,86.747057,27.077203,0.762114
2025_04_25_IC_small_1,884,427,444,0,-1,0.957160,1111.666667,1087.333333,1136.000000,48.666667,0.982797,135.220006,134.046813,136.393199,2.346386,0.997939,1.425713,1.424242,1.427184,0.002942,0.924511,0.764479,0.734492,0.794466,0.059974,1.000000,1.000000,1.000000,1.000000,0.000000,1.000000,7.000000,7.000000,7.000000,0.000000,38.405173,1.151936,1.402367,0.513590,0.234783,0.557926,18.601075,31.296284,0.938710,18.970787,0.569015,0.586585,0.017594,67.605081,110.700299,121.534792,99.865807,21.668985,0.821705
2025_04_25_IC_small_1,885,427,456,0,-1,0.854997,1008.500000,929.666667,1087.333333,157.666667,0.861592,126.954276,117.515353,136.393199,18.877846,0.773392,1.265479,1.103774,1.427184,0.323411,0.868239,0.790224,0.734492,0.845956,0.111464,1.000000,1.000000,1.000000,1.000000,0.000000,0.714286,6.000000,5.000000,7.000000,2.000000,38.072560,1.199794,2.078740,0.553936,0.189803,0.630267,20.000000,31.291379,0.986096,18.994806,0.598590,2.719679,0.085706,88.248549,134.509292,135.138228,133.880355,1.257873,0.990692
2025_04_25_IC_small_1,886,154,171,0,-1,0.480464,1307.250000,848.500000,1766.000000,917.500000,0.709283,138.510483,114.952400,162.068567,47.116166,0.903785,1.074154,1.019868,1.128440,0.108573,0.955042,0.825903,0.806911,0.844895,0.037984,1.000000,1.000000,1.000000,1.000000,0.000000,0.714286,6.000000,5.000000,7.000000,2.000000,31.655607,0.889792,1.025000,0.704263,0.129364,0.857757,30.515934,25.549073,0.718146,15.725765,0.442028,8.822108,0.247976,53.839327,119.920315,129.145179,110.695451,18.449728,0.857140
2025_04_25_IC_small_1,887,154,180,0,-1,0.571285,1387.444444,1008.888889,1766.000000,757.111111,0.789811,145.036016,128.003465,162.068567,34.065102,0.707207,1.230986,1.019868,1.442105,0.422238,0.915813,0.809331,0.773766,0.844895,0.071129,1.000000,1.000000,1.000000,1.000000,0.000000,1.000000,7.000000,7.000000,7.000000,0.000000,46.634227,1.264026,1.393782,0.555042,0.212501,0.534291,19.711813,33.731348,0.914292,22.509100,0.610112,9.084396,0.246234,77.369458,117.341267,122.140714,112.541820,9.598894,0.921411
2025_04_25_IC_small_1,888,154,182,0,-1,0.492544,1317.916667,869.833333,1766.000000,896.166667,0.757907,142.450734,122.832902,162.068567,39.235665,0.866504,1.098429,1.019868,1.176991,0.157124,0.857459,0.784679,0.724463,0.844895,0.120432,1.000000,1.000000,1.000000,1.000000,0.000000,0.714286,6.000000,5.000000,7.000000,2.000000,45.542571,1.273620,1.837662,0.462701,0.282622,0.242547,8.673075,35.801129,1.001196,22.577855,0.631401,9.094205,0.254324,73.781290,88.590222,88.778326,88.402118,0.376208,0.995762
2025_04_25_IC_small_1,889,454,443,0,-1,0.633955,555.000000,430.666667,679.333333,248.666667,0.883444,95.403600,89.499600,101.307601,11.808001,0.968661,1.433069,1.410256,1.455882,0.045626,0.812270,0.753705,0.675630,0.831780,0.156150,1.000000,1.000000,1.000000,1.000000,0.000000,0.833333,5.500000,5.000000,6.000000,1.000000,21.746276,0.929000,1.047244,0.634976,0.118919,0.909800,21.296844,16.585401,0.708528,10.433490,0.445718,4.635802,0.198041,42.027352,96.993862,107.719120,86.268603,21.450517,0.800866
2025_04_25_IC_small_1,890,454,441,0,-1,0.356054,820.111111,430.666667,1209.555556,778.888889,0.645118,114.116690,89.499600,138.733780,49.234180,0.987783,1.446989,1.438095,1.455882,0.017787,0.855535,0.732673,0.675630,0.789717,0.114087,1.000000,1.000000,1.000000,1.000000,0.000000,0.625000,6.500000,5.000000,8.000000,3.000000,22.902091,0.824837,1.086331,0.759681,0.048435,1.143781,31.757764,19.527142,0.703286,11.365421,0.409335,8.672036,0.312330,52.468504,148.994619,180.000000,117.989238,62.010762,0.655496
2025_04_25_IC_small_1,891,454,473,0,-1,0.684382,529.972222,430.666667,629.277778,198.611111,0.927165,93.015007,89.499600,96.530414,7.030814,0.711111,1.245588,1.035294,1.455882,0.420588,0.796132,0.762135,0.675630,0.848641,0.173011,1.000000,1.000000,1.000000,1.000000,0.000000,0.833333,5.500000,5.000000,6.000000,1.000000,24.365649,1.063122,2.082353,0.652768,0.054772,0.942110,21.592180,21.093015,0.920330,12.165105,0.530788,2.788424,0.121665,80.873639,164.365972,164.693861,164.038083,0.655778,0.996018
2025_04_25_IC_small_1,892,454,470,0,-1,0.791022,385.666667,340.666667,430.666667,90.000000,0.902625,85.142091,80.784582,89.499600,8.715018,0.679412,1.799370,1.455882,2.142857,0.686975,0.970898,0.665799,0.655968,0.675630,0.019662,1.000000,1.000000,1.000000,1.000000,0.000000,1.000000,5.000000,5.000000,5.000000,0.000000,25.316203,1.291325,1.528302,0.404907,0.418971,0.396930,7.781745,21.122328,1.077404,10.576303,0.539474,2.707558,0.138107,29.078686,101.884103,104.320991,99.447214,4.873777,0.953281
2025_04_25_IC_small_1,893,159,173,0,-1,0.524317,834.944444,574.388889,1095.500000,521.111111,0.755632,110.519948,95.136570,125.903326,30.766756,0.753237,1.283166,1.102564,1.463768,0.361204,0.918276,0.832969,0.797482,0.868456,0.070974,1.000000,1.000000,1.000000,1.000000,0.000000,0.857143,6.500000,6.000000,7.000000,1.000000,34.368011,1.204527,1.529412,0.575466,0.207998,0.527145,15.040686,26.004725,0.911411,17.119184,0.599992,7.464536,0.261616,89.074942,119.065780,135.913913,102.217646,33.696267,0.752076
2025_04_25_IC_small_1,894,159,181,0,-1,0.520817,833.027778,570.555556,1095.500000,524.944444,0.769257,111.377674,96.852022,125.903326,29.051304,0.791841,1.247485,1.102564,1.392405,0.289841,0.880121,0.816401,0.764347,0.868456,0.104109,1.000000,1.000000,1.000000,1.000000,0.000000,0.714286,6.000000,5.000000,7.000000,2.000000,30.783417,1.080411,1.653846,0.576873,0.210377,0.565925,16.124515,25.374884,0.890587,15.075165,0.529096,6.286497,0.220638,65.810826,111.152052,114.198438,108.105666,6.092772,0.946648
2025_04_25_IC_small_1,895,159,184,0,-1,0.614788,884.500000,673.500000,1095.500000,422.000000,0.809893,113.935748,101.968169,125.903326,23.935157,0.996999,1.104223,1.102564,1.105882,0.003318,0.937282,0.841222,0.813988,0.868456,0.054468,1.000000,1.000000,1.000000,1.000000,0.000000,0.714286,6.000000,5.000000,7.000000,2.000000,35.374311,1.198109,1.566176,0.557213,0.186735,0.476452,14.067299,26.094355,0.883802,17.614417,0.596591,6.910197,0.234045,82.517826,108.414132,109.253404,107.574860,1.678544,0.984636
2025_04_25_IC_small_1,896,159,165,0,-1,0.982930,1086.150000,1076.800000,1095.500000,18.700000,0.980982,124.706106,123.508885,125.903326,2.394441,0.912254,1.054191,1.005819,1.102564,0.096745,0.979038,0.877753,0.868456,0.887051,0.018595,1.000000,1.000000,1.000000,1.000000,0.000000,1.000000,7.000000,7.000000,7.000000,0.000000,33.123748,1.005075,1.367308,0.665088,0.150915,0.710312,23.409400,25.593571,0.776587,16.465920,0.499626,0.993263,0.030139,77.105136,116.272736,120.379126,112.166346,8.212780,0.931776
2025_04_25_IC_small_1,897,159,145,0,-1,0.808398,990.550000,885.600000,1095.500000,209.900000,0.904065,119.864072,113.824817,125.903326,12.078509,0.774551,1.263026,1.102564,1.423488,0.320923,0.989067,0.863709,0.858961,0.868456,0.009495,1.000000,1.000000,1.000000,1.000000,0.000000,0.857143,6.500000,6.000000,7.000000,1.000000,37.674931,1.198743,1.225919,0.574844,0.220164,0.503088,15.811388,30.206985,0.961128,18.227154,0.579953,5.464858,0.173881,69.351649,114.688667,115.078199,114.299134,0.779065,0.993230
2025_04_25_IC_small_1,898,173,177,0,-1,0.896207,607.650000,574.388889,640.911111,66.522222,0.968418,96.687884,95.136570,98.239198,3.102628,0.716717,1.256438,1.049107,1.463768,0.414661,0.955615,0.816002,0.797482,0.834522,0.037040,1.000000,1.000000,1.000000,1.000000,0.000000,0.833333,5.500000,5.000000,6.000000,1.000000,30.673565,1.244802,1.663653,0.519560,0.261417,0.444968,10.964589,24.159234,0.980436,15.334039,0.622290,1.606462,0.065194,78.517771,104.582236,106.695743,102.468728,4.227015,0.960383
2025_04_25_IC_small_1,899,173,184,0,-1,0.852842,623.944444,574.388889,673.500000,99.111111,0.933003,98.552369,95.136570,101.968169,6.831599,0.755504,1.284825,1.105882,1.463768,0.357886,0.979722,0.805735,0.797482,0.813988,0.016506,1.000000,1.000000,1.000000,1.000000,0.000000,0.833333,5.500000,5.000000,6.000000,1.000000,31.301924,1.254126,1.075342,0.513840,0.272861,0.448940,11.205158,24.807965,0.993943,15.285106,0.612405,2.313296,0.092683,69.908443,116.911171,117.311115,116.511227,0.799888,0.993181
2025_04_25_IC_small_1,900,173,185,0,-1,0.664776,719.211111,574.388889,864.033333,289.644444,0.816070,105.857756,95.136570,116.578942,21.442373,0.689161,1.236270,1.008772,1.463768,0.454996,0.998207,0.798198,0.797482,0.798914,0.001432,1.000000,1.000000,1.000000,1.000000,0.000000,0.833333,5.500000,5.000000,6.000000,1.000000,25.148947,0.942599,1.314961,0.629160,0.180112,0.791149,21.108187,20.440405,0.766120,12.513366,0.469009,5.193861,0.194669,53.003758,118.417807,128.195059,108.640555,19.554504,0.847463
2025_04_25_IC_small_1,901,170,175,0,-1,0.882027,736.500000,690.333333,782.666667,92.333333,0.953280,103.515009,101.039073,105.990944,4.951871,0.922263,1.179570,1.131868,1.227273,0.095405,0.970601,0.862617,0.849748,0.875486,0.025738,1.000000,1.000000,1.000000,1.000000,0.000000,0.857143,6.500000,6.000000,7.000000,1.000000,27.966951,1.031033,1.460317,0.614885,0.161575,0.617989,16.763055,22.677719,0.836039,13.963497,0.514780,0.800962,0.029528,86.343829,104.577448,115.176080,93.978817,21.197263,0.815958
2025_04_25_IC_small_1,902,170,178,0,-1,0.969338,679.750000,669.166667,690.333333,21.166667,0.981957,100.127530,99.215987,101.039073,1.823087,1.000000,1.227273,1.227273,1.227273,0.000000,0.994739,0.851995,0.849748,0.854242,0.004494,1.000000,1.000000,1.000000,1.000000,0.000000,1.000000,6.000000,6.000000,6.000000,0.000000,25.841307,0.991181,1.063830,0.735035,0.080912,0.916729,23.900256,20.450805,0.784421,12.920227,0.495574,0.693779,0.026611,89.127139,151.698977,174.438172,128.959783,45.478388,0.739286
2025_04_25_IC_small_1,903,170,187,0,-1,0.760100,607.527778,524.722222,690.333333,165.611111,0.857427,93.836372,86.633671,101.039073,14.405402,0.876699,1.151611,1.075949,1.227273,0.151323,0.967217,0.864148,0.849748,0.878549,0.028801,1.000000,1.000000,1.000000,1.000000,0.000000,1.000000,6.000000,6.000000,6.000000,0.000000,25.969619,1.056083,1.387387,0.634206,0.221526,0.661024,16.254914,21.746432,0.884343,12.867062,0.523253,2.695755,0.109626,76.943648,129.899745,143.205941,116.593549,26.612391,0.814167
2025_04_25_IC_small_1,904,166,167,0,-1,0.802100,791.222222,704.333333,878.111111,173.777778,0.900562,108.964393,103.263327,114.665459,11.402132,0.983847,1.237348,1.227273,1.247423,0.020150,0.989012,0.834645,0.830034,0.839255,0.009221,1.000000,1.000000,1.000000,1.000000,0.000000,0.833333,5.500000,5.000000,6.000000,1.000000,25.358197,0.902873,1.406504,0.710532,0.111958,0.901441,25.317978,20.453987,0.728260,12.593693,0.448396,2.154562,0.076713,63.831805,117.242659,135.000000,99.485319,35.514681,0.736928
2025_04_25_IC_small_1,905,166,178,0,-1,0.950071,686.750000,669.166667,704.333333,35.166667,0.960806,101.239657,99.215987,103.263327,4.047340,1.000000,1.227273,1.227273,1.227273,0.000000,0.971662,0.842138,0.830034,0.854242,0.024208,1.000000,1.000000,1.000000,1.000000,0.000000,0.833333,5.500000,5.000000,6.000000,1.000000,27.681057,1.056377,1.072848,0.606168,0.174008,0.643754,16.868775,21.855884,0.834074,13.673534,0.521816,1.005699,0.038380,75.252145,103.245826,111.250506,95.241146,16.009359,0.856096
2025_04_25_IC_small_1,906,166,191,0,-1,0.538618,1006.000000,704.333333,1307.666667,603.333333,0.744320,120.999233,103.263327,138.735139,35.471812,0.914182,1.174612,1.121951,1.227273,0.105322,0.972214,0.841895,0.830034,0.853756,0.023722,1.000000,1.000000,1.000000,1.000000,0.000000,0.625000,6.500000,5.000000,8.000000,3.000000,38.152201,1.216958,1.937008,0.584410,0.184062,0.542257,17.000000,28.159987,0.898232,18.752725,0.598164,8.647762,0.275841,73.757509,127.527383,129.145044,125.909723,3.235321,0.974948
2025_04_25_IC_small_1,907,449,459,0,-1,0.894632,895.055556,845.277778,944.833333,99.555556,0.963530,114.870368,112.736809,117.003927,4.267118,0.875308,1.111651,1.037736,1.185567,0.147831,0.963637,0.851521,0.835753,0.867290,0.031537,1.000000,1.000000,1.000000,1.000000,0.000000,1.000000,6.000000,6.000000,6.000000,0.000000,30.635145,1.024385,1.317568,0.609142,0.182453,0.628148,18.785337,25.686542,0.858912,15.315259,0.512115,1.534377,0.051307,83.958343,102.121318,104.535983,99.706652,4.829331,0.953802
2025_04_25_IC_small_1,908,449,436,0,-1,0.884636,890.333333,835.833333,944.833333,109.000000,0.958523,114.577421,112.150915,117.003927,4.853011,0.983104,1.028969,1.020202,1.037736,0.017534,0.962852,0.851181,0.835072,0.867290,0.032218,1.000000,1.000000,1.000000,1.000000,0.000000,1.000000,6.000000,6.000000,6.000000,0.000000,29.938480,1.003823,1.200000,0.621606,0.209472,0.660928,19.711813,24.262076,0.813496,14.704113,0.493022,2.077675,0.069663,68.830797,110.344146,121.679789,99.008504,22.671285,0.813681
2025_04_25_IC_small_1,909,449,456,0,-1,0.983948,937.250000,929.666667,944.833333,15.166667,0.995648,117.259640,117.003927,117.515353,0.511426,0.940171,1.070755,1.037736,1.103774,0.066038,0.975402,0.856623,0.845956,0.867290,0.021333,1.000000,1.000000,1.000000,1.000000,0.000000,0.833333,5.500000,5.000000,6.000000,1.000000,28.107807,0.918127,1.186667,0.740090,0.093892,0.916483,28.057481,22.800748,0.744775,14.053448,0.459049,0.081383,0.002658,79.144758,130.707482,150.377452,111.037511,39.339941,0.738392
2025_04_25_IC_small_1,910,449,474,0,-1,0.917505,905.861111,866.888889,944.833333,77.944444,0.977826,115.706703,114.409480,117.003927,2.594447,0.884331,1.105603,1.037736,1.173469,0.135734,0.959589,0.849766,0.832241,0.867290,0.035048,1.000000,1.000000,1.000000,1.000000,0.000000,1.000000,6.000000,6.000000,6.000000,0.000000,34.922065,1.160566,1.569231,0.565595,0.229002,0.511496,15.391195,27.042713,0.898711,16.867634,0.560562,2.676533,0.088949,75.215822,119.308602,137.849175,100.768028,37.081147,0.731002
2025_04_25_IC_small_1,911,177,175,0,-1,0.818881,711.788889,640.911111,782.666667,141.755556,0.926864,102.115071,98.239198,105.990944,7.751746,0.926881,1.090488,1.049107,1.131868,0.082761,0.953211,0.855004,0.834522,0.875486,0.040963,1.000000,1.000000,1.000000,1.000000,0.000000,0.714286,6.000000,5.000000,7.000000,2.000000,27.357213,1.026683,1.699029,0.646806,0.155274,0.711619,18.961950,20.584942,0.772528,13.490723,0.506291,1.143437,0.042912,72.176722,112.795675,127.971604,97.619746,30.351858,0.762823
2025_04_25_IC_small_1,912,177,194,0,-1,0.269304,406.755556,172.600000,640.911111,468.311111,0.578345,77.527667,56.816136,98.239198,41.423062,0.810674,1.171612,1.049107,1.294118,0.245011,0.805136,0.753213,0.671904,0.834522,0.162618,1.000000,1.000000,1.000000,1.000000,0.000000,0.800000,4.500000,4.000000,5.000000,1.000000,18.174375,0.945254,1.126214,0.791228,0.024175,1.076298,20.693960,18.158443,0.944425,9.074476,0.471966,9.748538,0.507024,76.061558,161.388489,163.616064,159.160915,4.455149,0.972771
2025_04_25_IC_small_1,913,177,185,0,-1,0.741767,752.472222,640.911111,864.033333,223.122222,0.842684,107.409070,98.239198,116.578942,18.339745,0.961553,1.028940,1.008772,1.049107,0.040335,0.957331,0.816718,0.798914,0.834522,0.035608,1.000000,1.000000,1.000000,1.000000,0.000000,1.000000,5.000000,5.000000,5.000000,0.000000,28.985200,1.059581,1.171233,0.665171,0.097124,0.844484,23.101130,25.839638,0.944592,14.490585,0.529717,4.823122,0.176314,85.144734,148.609212,172.109226,125.109199,47.000028,0.726917
2025_04_25_IC_small_1,914,167,174,0,-1,0.579906,693.666667,509.222222,878.111111,368.888889,0.805770,103.529707,92.393955,114.665459,22.271504,0.790446,1.412774,1.247423,1.578125,0.330702,0.893174,0.794428,0.749601,0.839255,0.089654,1.000000,1.000000,1.000000,1.000000,0.000000,0.833333,5.500000,5.000000,6.000000,1.000000,26.383918,1.010900,1.204545,0.586789,0.245195,0.664618,17.346149,23.637707,0.905678,12.942068,0.495875,6.594536,0.252670,89.905365,118.479931,139.966986,96.992875,42.974111,0.692970
2025_04_25_IC_small_1,915,167,186,0,-1,0.665190,731.111111,584.111111,878.111111,294.000000,0.831543,105.007365,95.349272,114.665459,19.316187,0.999708,1.247241,1.247059,1.247423,0.000364,0.962003,0.823311,0.807366,0.839255,0.031889,1.000000,1.000000,1.000000,1.000000,0.000000,0.833333,5.500000,5.000000,6.000000,1.000000,24.237440,0.900998,1.421488,0.794634,0.063336,1.077114,28.975085,20.817570,0.773868,12.089544,0.449414,4.170703,0.155041,81.176612,158.998314,170.217593,147.779034,22.438559,0.868177
2025_04_25_IC_small_1,916,167,191,0,-1,0.671510,1092.888889,878.111111,1307.666667,429.555556,0.826506,126.700299,114.665459,138.735139,24.069680,0.899415,1.184687,1.121951,1.247423,0.125471,0.983015,0.846506,0.839255,0.853756,0.014501,1.000000,1.000000,1.000000,1.000000,0.000000,0.750000,7.000000,6.000000,8.000000,2.000000,40.783870,1.239733,1.443787,0.479823,0.296081,0.214944,7.071068,31.598803,0.960529,19.974511,0.607178,1.580894,0.048055,65.183591,88.449088,99.090277,77.807899,21.282378,0.785222
2025_04_25_IC_small_1,917,169,174,0,-1,0.681639,628.138889,509.222222,747.055556,237.833333,0.872365,99.153021,92.393955,105.912088,13.518133,0.815751,1.432741,1.287356,1.578125,0.290769,0.895691,0.793249,0.749601,0.836896,0.087296,1.000000,1.000000,1.000000,1.000000,0.000000,0.833333,5.500000,5.000000,6.000000,1.000000,19.147256,0.767452,1.111111,0.844879,0.053067,1.234746,30.805844,16.468799,0.660095,9.572496,0.383680,3.310760,0.132700,26.596450,150.652864,154.393339,146.912390,7.480949,0.951546
2025_04_25_IC_small_1,918,169,179,0,-1,0.516101,1097.277778,747.055556,1447.500000,700.444444,0.710185,127.522578,105.912088,149.133069,43.220981,0.767897,1.481913,1.287356,1.676471,0.389114,0.977257,0.827380,0.817863,0.836896,0.019033,1.000000,1.000000,1.000000,1.000000,0.000000,0.857143,6.500000,6.000000,7.000000,1.000000,35.731417,1.093066,1.605634,0.613001,0.155511,0.656820,21.470911,27.317423,0.835672,17.791933,0.544276,10.141066,0.310227,82.411022,111.760689,123.424811,100.096567,23.328244,0.810992
2025_04_25_IC_small_1,919,169,196,0,-1,0.925274,777.222222,747.055556,807.388889,60.333333,0.981457,106.912592,105.912088,107.913095,2.001007,0.776786,1.143678,1.000000,1.287356,0.287356,0.960566,0.854075,0.836896,0.871253,0.034357,1.000000,1.000000,1.000000,1.000000,0.000000,0.857143,6.500000,6.000000,7.000000,1.000000,33.738579,1.210420,1.709677,0.543993,0.246497,0.436456,12.165525,25.137162,0.901832,16.854380,0.604675,1.057067,0.037924,85.560222,110.644643,128.278970,93.010316,35.268654,0.725063
2025_04_25_IC_small_1,920,168,171,0,-1,0.739684,997.805556,848.500000,1147.111111,298.611111,0.904741,121.004025,114.952400,127.055650,12.103250,0.947826,1.099003,1.069565,1.128440,0.058875,0.903646,0.849931,0.806911,0.892950,0.086040,1.000000,1.000000,1.000000,1.000000,0.000000,0.714286,6.000000,5.000000,7.000000,2.000000,38.019269,1.206998,2.103448,0.534330,0.209153,0.402685,12.684198,28.492273,0.904545,18.996464,0.603081,3.323793,0.105520,87.757516,99.226137,116.148325,82.303948,33.844377,0.708611
2025_04_25_IC_small_1,921,168,172,0,-1,0.915167,1200.277778,1147.111111,1253.444444,106.333333,0.922970,132.357628,127.055650,137.659605,10.603955,0.980199,1.058976,1.048387,1.069565,0.021178,0.930839,0.862072,0.831193,0.892950,0.061757,1.000000,1.000000,1.000000,1.000000,0.000000,1.000000,7.000000,7.000000,7.000000,0.000000,41.356379,1.194011,1.858209,0.573831,0.214071,0.511509,17.716910,31.803259,0.918200,20.652962,0.596277,0.765552,0.022102,84.537919,109.356246,126.591396,92.121096,34.470300,0.727704
2025_04_25_IC_small_1,922,168,189,0,-1,0.914276,1200.888889,1147.111111,1254.666667,107.555556,0.924982,132.207859,127.055650,137.360068,10.304418,0.945558,1.100356,1.069565,1.131148,0.061582,0.935815,0.864293,0.835636,0.892950,0.057314,1.000000,1.000000,1.000000,1.000000,0.000000,0.857143,6.500000,6.000000,7.000000,1.000000,40.819271,1.178210,1.209424,0.580603,0.221826,0.525576,18.208667,32.434521,0.936192,19.969502,0.576401,3.035935,0.087629,77.684289,115.843552,116.344023,115.343082,1.000941,0.991397
2025_04_25_IC_small_1,923,168,183,0,-1,0.657747,1445.555556,1147.111111,1744.000000,596.888889,0.730724,150.466037,127.055650,173.876423,46.820772,0.995802,1.071820,1.069565,1.074074,0.004509,0.811797,0.808923,0.724895,0.892950,0.168056,1.000000,1.000000,1.000000,1.000000,0.000000,0.857143,6.500000,6.000000,7.000000,1.000000,51.610736,1.364817,1.218341,0.489994,0.253363,0.378627,14.317821,36.714347,0.970890,25.113487,0.664112,11.239418,0.297220,77.335626,111.740081,125.483980,97.996182,27.487798,0.780946
2025_04_25_IC_small_1,924,168,195,0,-1,0.700597,1392.222222,1147.111111,1637.333333,490.222222,0.801812,142.758103,127.055650,158.460555,31.404905,0.736812,1.260589,1.069565,1.451613,0.382048,0.917650,0.856183,0.819416,0.892950,0.073534,1.000000,1.000000,1.000000,1.000000,0.000000,0.857143,6.500000,6.000000,7.000000,1.000000,46.514803,1.251525,1.986111,0.555434,0.213667,0.464469,17.262677,35.661799,0.959515,23.238274,0.625248,10.207181,0.274634,85.014486,117.317075,137.220698,97.413452,39.807246,0.709903
2025_04_25_IC_small_1,925,171,182,0,-1,0.975474,859.166667,848.500000,869.833333,21.333333,0.935844,118.892651,114.952400,122.832902,7.880502,0.958750,1.152716,1.128440,1.176991,0.048551,0.897823,0.765687,0.724463,0.806911,0.082448,1.000000,1.000000,1.000000,1.000000,0.000000,1.000000,5.000000,5.000000,5.000000,0.000000,36.018283,1.228832,1.000000,0.577405,0.128807,0.757433,22.201101,31.626386,1.078994,18.008742,0.614403,0.293844,0.010025,88.109301,154.066632,166.056769,142.076495,23.980274,0.855590
2025_04_25_IC_small_1,926,171,183,0,-1,0.486525,1296.250000,848.500000,1744.000000,895.500000,0.661116,144.414412,114.952400,173.876423,58.924023,0.951822,1.101257,1.074074,1.128440,0.054366,0.898358,0.765903,0.724895,0.806911,0.082016,1.000000,1.000000,1.000000,1.000000,0.000000,0.833333,5.500000,5.000000,6.000000,1.000000,34.531929,0.974236,1.275862,0.626793,0.179235,0.858311,30.422945,27.868919,0.786255,14.462493,0.408025,7.229242,0.203956,27.187635,123.639359,152.212072,95.066646,57.145426,0.624567
2025_04_25_IC_small_1,927,437,457,0,-1,0.672280,1373.638889,1104.444444,1642.833333,538.388889,0.847704,146.566413,134.485766,158.647059,24.161292,0.727921,1.367938,1.152542,1.583333,0.430791,0.935539,0.793800,0.767363,0.820237,0.052874,0.997167,0.998584,0.997167,1.000000,0.002833,0.625000,6.500000,5.000000,8.000000,3.000000,37.088610,1.005587,1.243523,0.571763,0.216841,0.642694,23.704196,29.468586,0.798985,17.649937,0.478545,2.778062,0.075322,87.833967,104.933911,122.141910,87.725911,34.415999,0.718229
2025_04_25_IC_small_1,928,437,439,0,-1,0.493355,1226.666667,810.500000,1642.833333,832.333333,0.727107,137.000218,115.353377,158.647059,43.293682,0.934737,1.531667,1.480000,1.583333,0.103333,0.933175,0.792831,0.765424,0.820237,0.054813,0.997167,0.998584,0.997167,1.000000,0.002833,0.625000,6.500000,5.000000,8.000000,3.000000,36.388930,1.054734,1.263158,0.593281,0.219361,0.667285,23.021729,32.600051,0.944913,17.378255,0.503709,5.455223,0.158120,59.062698,132.014229,166.040294,97.988164,68.052129,0.590147
2025_04_25_IC_small_1,929,437,452,0,-1,0.427311,1172.416667,702.000000,1642.833333,940.833333,0.673781,132.770190,106.893322,158.647059,51.753737,0.866397,1.477564,1.371795,1.583333,0.211538,0.941253,0.796144,0.772051,0.820237,0.048186,0.997167,0.998584,0.997167,1.000000,0.002833,0.625000,6.500000,5.000000,8.000000,3.000000,32.257622,0.962524,1.192982,0.633523,0.192693,0.744107,24.937700,26.769997,0.798781,16.098709,0.480364,7.479844,0.223188,63.840738,119.965522,125.311213,114.619831,10.691383,0.914681
2025_04_25_IC_small_1,930,437,467,0,-1,0.808461,1485.500000,1328.166667,1642.833333,314.666667,0.871962,148.490604,138.334148,158.647059,20.312910,0.657046,1.311828,1.040323,1.583333,0.543011,0.940450,0.846206,0.820237,0.872175,0.051938,0.997167,0.998584,0.997167,1.000000,0.002833,0.750000,7.000000,6.000000,8.000000,2.000000,42.552380,1.105603,1.223881,0.550980,0.254796,0.476418,18.336363,31.330445,0.814033,20.042293,0.520742,1.959227,0.050905,60.048408,104.195064,124.434127,83.956002,40.478125,0.674702
2025_04_25_IC_small_1,931,437,477,0,-1,0.669812,1371.611111,1100.388889,1642.833333,542.444444,0.863632,147.829849,137.012639,158.647059,21.634419,0.798920,1.424145,1.264957,1.583333,0.318376,0.898040,0.778421,0.736605,0.820237,0.083632,0.997167,0.998584,0.997167,1.000000,0.002833,0.875000,7.500000,7.000000,8.000000,1.000000,54.673759,1.483604,1.629032,0.466409,0.313176,0.322851,11.897712,37.214139,1.009827,26.696900,0.724436,5.285251,0.143418,77.981924,110.902392,133.323635,88.481150,44.842485,0.663657
2025_04_25_IC_small_1,932,437,479,0,-1,0.501268,1233.166667,823.500000,1642.833333,819.333333,0.765003,140.006279,121.365499,158.647059,37.281560,0.968421,1.558333,1.533333,1.583333,0.050000,0.856532,0.761398,0.702559,0.820237,0.117678,0.997167,0.998584,0.997167,1.000000,0.002833,0.625000,6.500000,5.000000,8.000000,3.000000,50.723954,1.465405,2.777778,0.468478,0.214151,0.329394,11.401754,35.900778,1.037167,24.582447,0.710182,10.183817,0.294209,78.402375,110.681898,133.790132,87.573664,46.216468,0.654560
2025_04_25_IC_small_1,933,174,186,0,-1,0.871790,546.666667,509.222222,584.111111,74.888889,0.969005,93.871613,92.393955,95.349272,2.955317,0.790215,1.412592,1.247059,1.578125,0.331066,0.928452,0.778484,0.749601,0.807366,0.057765,1.000000,1.000000,1.000000,1.000000,0.000000,1.000000,5.000000,5.000000,5.000000,0.000000,24.451249,1.046393,1.021277,0.586187,0.246951,0.741370,17.323715,20.141801,0.861970,11.892425,0.508937,3.043108,0.130230,63.683518,129.470510,143.712931,115.228090,28.484841,0.801793
2025_04_25_IC_small_1,934,174,196,0,-1,0.630703,658.305556,509.222222,807.388889,298.166667,0.856189,100.153525,92.393955,107.913095,15.519140,0.633663,1.289062,1.000000,1.578125,0.578125,0.860371,0.810427,0.749601,0.871253,0.121652,1.000000,1.000000,1.000000,1.000000,0.000000,0.714286,6.000000,5.000000,7.000000,2.000000,31.254480,1.226134,1.750000,0.546890,0.197899,0.517323,13.186694,23.471911,0.920818,15.542229,0.609732,2.863657,0.112343,79.613795,112.504693,112.596345,112.413041,0.183304,0.998372
2025_04_25_IC_small_1,935,176,180,0,-1,0.484692,748.944444,489.000000,1008.888889,519.888889,0.717623,109.930817,91.858168,128.003465,36.145296,0.806113,1.302303,1.162500,1.442105,0.279605,0.941182,0.751010,0.728254,0.773766,0.045512,1.000000,1.000000,1.000000,1.000000,0.000000,0.571429,5.500000,4.000000,7.000000,3.000000,25.166274,0.934223,1.123377,0.604174,0.185446,0.804691,21.676921,21.616362,0.802443,11.530349,0.428030,5.198337,0.192973,19.926063,116.983346,124.776366,109.190326,15.586040,0.875088
2025_04_25_IC_small_1,936,176,193,0,-1,0.651855,619.583333,489.000000,750.166667,261.166667,0.842110,100.469541,91.858168,109.080914,17.222746,0.878325,1.091776,1.021053,1.162500,0.141447,0.919206,0.760259,0.728254,0.792264,0.064010,1.000000,1.000000,1.000000,1.000000,0.000000,0.800000,4.500000,4.000000,5.000000,1.000000,24.070072,0.972479,1.768421,0.734282,0.004707,1.117383,27.656625,24.649856,0.995903,12.016313,0.485483,3.956322,0.159843,89.208188,166.643040,177.948316,155.337763,22.610553,0.872938
2025_04_25_IC_small_1,937,425,442,0,-1,0.843474,1456.866667,1333.166667,1580.566667,247.400000,0.869797,149.460067,139.052442,159.867692,20.815250,0.919506,1.169023,1.120000,1.218045,0.098045,0.896942,0.821790,0.777144,0.866437,0.089294,1.000000,1.000000,1.000000,1.000000,0.000000,1.000000,7.000000,7.000000,7.000000,0.000000,36.494223,0.956988,1.217617,0.583459,0.176063,0.634732,24.205142,28.853229,0.756619,16.260082,0.426388,0.222381,0.005831,47.631723,83.512668,86.686575,80.338761,6.347814,0.926773
2025_04_25_IC_small_1,938,425,458,0,-1,0.722160,1360.994444,1141.422222,1580.566667,439.144444,0.864391,149.027977,138.188263,159.867692,21.679429,0.863182,1.314578,1.218045,1.411111,0.193066,0.966524,0.764136,0.751128,0.777144,0.026016,1.000000,1.000000,1.000000,1.000000,0.000000,1.000000,7.000000,7.000000,7.000000,0.000000,48.867662,1.328986,1.836364,0.560273,0.031925,0.693077,25.484897,34.617669,0.941449,24.168899,0.657288,6.323323,0.171967,79.719038,163.480039,169.208098,157.751979,11.456119,0.932296
2025_04_25_IC_small_1,939,425,451,0,-1,0.405382,1110.650000,640.733333,1580.566667,939.833333,0.641783,131.234052,102.600411,159.867692,57.267280,0.961728,1.194737,1.171429,1.218045,0.046617,0.984210,0.771008,0.764872,0.777144,0.012271,1.000000,1.000000,1.000000,1.000000,0.000000,0.714286,6.000000,5.000000,7.000000,2.000000,45.638478,1.402771,1.126829,0.473761,0.310194,0.303295,9.867568,35.900862,1.103470,20.320534,0.624584,10.370335,0.318749,46.189568,111.117678,119.336788,102.898568,16.438220,0.862254
2025_04_25_IC_small_1,940,175,194,0,-1,0.220528,477.633333,172.600000,782.666667,610.066667,0.536047,81.403540,56.816136,105.990944,49.174808,0.874625,1.212993,1.131868,1.294118,0.162250,0.767464,0.773695,0.671904,0.875486,0.203582,1.000000,1.000000,1.000000,1.000000,0.000000,0.571429,5.500000,4.000000,7.000000,3.000000,25.428198,1.236963,1.112903,0.525468,0.344406,0.283649,5.830952,22.630492,1.100868,12.552048,0.610599,10.110852,0.491846,79.133416,111.347614,119.475889,103.219339,16.256550,0.863934
2025_04_25_IC_small_1,941,175,187,0,-1,0.670429,653.694444,524.722222,782.666667,257.944444,0.817369,96.312308,86.633671,105.990944,19.357273,0.950596,1.103909,1.075949,1.131868,0.055919,0.996514,0.877017,0.875486,0.878549,0.003063,1.000000,1.000000,1.000000,1.000000,0.000000,0.857143,6.500000,6.000000,7.000000,1.000000,27.769154,1.091491,1.206107,0.670197,0.137806,0.708596,18.027756,22.282726,0.875842,13.367653,0.525427,3.916626,0.153946,72.043879,133.248290,143.681338,122.815242,20.866095,0.854775
2025_04_25_IC_small_1,942,175,197,0,-1,0.893172,829.472222,782.666667,876.277778,93.611111,0.925743,110.241872,105.990944,114.492799,8.501855,0.913437,1.185499,1.131868,1.239130,0.107262,0.959503,0.857758,0.840031,0.875486,0.035455,1.000000,1.000000,1.000000,1.000000,0.000000,0.857143,6.500000,6.000000,7.000000,1.000000,30.313636,1.052956,1.578947,0.621680,0.151100,0.648911,18.681542,21.638219,0.751612,14.989231,0.520657,0.447137,0.015531,76.177384,113.219491,122.402739,104.036243,18.366495,0.849950
2025_04_25_IC_small_1,943,446,433,0,-1,0.870210,822.944444,765.833333,880.055556,114.222222,0.936607,114.763742,111.007038,118.520446,7.513408,0.860536,1.200046,1.110092,1.290000,0.179908,0.991996,0.784137,0.780986,0.787288,0.006302,1.000000,1.000000,1.000000,1.000000,0.000000,1.000000,6.000000,6.000000,6.000000,0.000000,38.512267,1.343308,1.057292,0.471814,0.290691,0.351503,10.077478,29.439285,1.026843,19.193564,0.669472,4.328120,0.150965,76.359175,105.510425,122.894344,88.126507,34.767837,0.717092
2025_04_25_IC_small_1,944,446,455,0,-1,0.778672,681.083333,596.333333,765.833333,169.500000,0.861187,103.302420,95.597802,111.007038,15.409236,0.904393,1.228333,1.166667,1.290000,0.123333,0.952445,0.800483,0.780986,0.819980,0.038994,1.000000,1.000000,1.000000,1.000000,0.000000,0.833333,5.500000,5.000000,6.000000,1.000000,24.846634,0.953922,1.348837,0.625903,0.198825,0.791480,20.615528,19.461609,0.747178,12.083125,0.463900,1.307768,0.050208,58.288538,111.151981,114.155012,108.148949,6.006063,0.947387
2025_04_25_IC_small_1,945,446,471,0,-1,0.826115,699.250000,632.666667,765.833333,133.166667,0.862225,103.360039,95.713040,111.007038,15.293998,0.945358,1.254756,1.219512,1.290000,0.070488,0.899913,0.824416,0.780986,0.867846,0.086860,1.000000,1.000000,1.000000,1.000000,0.000000,0.857143,6.500000,6.000000,7.000000,1.000000,31.769425,1.202782,1.478261,0.502925,0.254797,0.374580,9.893881,24.233953,0.917491,14.511409,0.549398,0.874785,0.033119,44.749677,99.880188,118.123735,81.636640,36.487095,0.691111
2025_04_25_IC_small_1,946,446,465,0,-1,0.883351,721.166667,676.500000,765.833333,89.333333,0.947771,108.108166,105.209294,111.007038,5.797743,0.911993,1.233235,1.176471,1.290000,0.113529,0.983391,0.774500,0.768015,0.780986,0.012971,1.000000,1.000000,1.000000,1.000000,0.000000,0.833333,5.500000,5.000000,6.000000,1.000000,30.192351,1.124832,1.446311,0.656037,0.015407,0.931388,25.000000,25.665990,0.956200,14.930524,0.556245,1.726778,0.064332,83.426485,162.148964,168.171010,156.126919,12.044090,0.928382
2025_04_25_IC_small_1,947,446,419,0,-1,0.773843,877.741667,765.833333,989.650000,223.816667,0.867935,119.452484,111.007038,127.897930,16.890893,0.924368,1.241217,1.192434,1.290000,0.097566,0.973467,0.770625,0.760264,0.780986,0.020722,1.000000,1.000000,1.000000,1.000000,0.000000,1.000000,6.000000,6.000000,6.000000,0.000000,40.419692,1.367091,1.668874,0.478844,0.212464,0.410385,12.133516,30.060527,1.016719,18.965238,0.641450,3.958317,0.133880,69.954289,106.193177,110.473084,101.913270,8.559814,0.922517
2025_04_25_IC_small_1,948,433,455,0,-1,0.677609,738.194444,596.333333,880.055556,283.722222,0.806593,107.059124,95.597802,118.520446,22.922644,0.951507,1.138379,1.110092,1.166667,0.056575,0.960130,0.803634,0.787288,0.819980,0.032692,1.000000,1.000000,1.000000,1.000000,0.000000,0.833333,5.500000,5.000000,6.000000,1.000000,28.734833,1.062567,1.672414,0.626109,0.114581,0.776154,20.989415,22.250715,0.822795,13.407179,0.495776,4.426077,0.163669,56.851412,121.121003,122.950644,119.291362,3.659282,0.970238
2025_04_25_IC_small_1,949,433,447,0,-1,0.599773,703.944444,527.833333,880.055556,352.222222,0.752771,103.869614,89.218782,118.520446,29.301664,0.944216,1.142884,1.110092,1.175676,0.065584,0.944799,0.810287,0.787288,0.833286,0.045998,1.000000,1.000000,1.000000,1.000000,0.000000,1.000000,6.000000,6.000000,6.000000,0.000000,26.701363,1.014483,1.071895,0.558346,0.204798,0.564816,14.866069,22.783379,0.865624,13.350220,0.507224,4.213230,0.160076,81.428943,103.493114,108.611969,98.374259,10.237710,0.905740
2025_04_25_IC_small_1,950,433,419,0,-1,0.889259,934.852778,880.055556,989.650000,109.594444,0.926680,123.209188,118.520446,127.897930,9.377485,0.930946,1.151263,1.110092,1.192434,0.082342,0.965675,0.773776,0.760264,0.787288,0.027024,1.000000,1.000000,1.000000,1.000000,0.000000,1.000000,6.000000,6.000000,6.000000,0.000000,23.412701,0.766067,1.045510,0.832568,0.032132,1.283104,39.214510,17.894549,0.585512,11.689044,0.382467,1.513759,0.049530,19.173862,157.212566,161.400409,153.024724,8.375685,0.948106
2025_04_25_IC_small_1,951,172,179,0,-1,0.865937,1350.472222,1253.444444,1447.500000,194.055556,0.923066,143.396337,137.659605,149.133069,11.473464,0.625354,1.362429,1.048387,1.676471,0.628083,0.983963,0.824528,0.817863,0.831193,0.013330,1.000000,1.000000,1.000000,1.000000,0.000000,1.000000,7.000000,7.000000,7.000000,0.000000,43.214165,1.176695,2.029630,0.566627,0.142913,0.572465,21.023796,34.658499,0.943730,21.238760,0.578319,5.872577,0.159907,78.475938,97.621085,102.690287,92.551884,10.138403,0.901272
2025_04_25_IC_small_1,952,172,189,0,-1,0.999026,1254.055556,1253.444444,1254.666667,1.222222,0.997824,137.509837,137.360068,137.659605,0.299537,0.926835,1.089767,1.048387,1.131148,0.082760,0.994683,0.833415,0.831193,0.835636,0.004443,1.000000,1.000000,1.000000,1.000000,0.000000,0.857143,6.500000,6.000000,7.000000,1.000000,36.569883,1.032679,1.227778,0.652483,0.111926,0.779903,27.618432,29.327435,0.828163,18.282169,0.516261,0.566286,0.015991,86.272017,133.436474,148.807425,118.065522,30.741903,0.793411
2025_04_25_IC_small_1,953,172,192,0,-1,0.909538,1196.750000,1140.055556,1253.444444,113.388889,0.950653,134.263047,130.866490,137.659605,6.793115,0.719892,1.252349,1.048387,1.456311,0.407924,0.993626,0.833859,0.831193,0.836525,0.005332,1.000000,1.000000,1.000000,1.000000,0.000000,0.857143,6.500000,6.000000,7.000000,1.000000,40.396687,1.168062,1.500000,0.531654,0.254509,0.443465,15.336956,31.510627,0.911124,18.191988,0.526018,0.422660,0.012221,60.503795,106.476812,108.494229,104.459395,4.034834,0.962811
2025_04_25_IC_small_1,954,442,440,0,-1,0.715589,1143.583333,954.000000,1333.166667,379.166667,0.867880,129.866644,120.680847,139.052442,18.371595,0.942460,1.087778,1.055556,1.120000,0.064444,0.950046,0.844796,0.823155,0.866437,0.043282,1.000000,1.000000,1.000000,1.000000,0.000000,0.857143,6.500000,6.000000,7.000000,1.000000,38.722573,1.149047,1.543046,0.575317,0.219048,0.537416,18.110770,29.058908,0.862289,19.291146,0.572442,3.568458,0.105890,80.237845,103.487271,104.765423,102.209120,2.556303,0.975600
2025_04_25_IC_small_1,955,442,469,0,-1,0.472892,981.805556,630.444444,1333.166667,702.722222,0.740311,120.997243,102.942045,139.052442,36.110397,0.938667,1.156591,1.120000,1.193182,0.073182,0.862847,0.807020,0.747603,0.866437,0.118834,1.000000,1.000000,1.000000,1.000000,0.000000,0.571429,5.500000,4.000000,7.000000,3.000000,30.992751,1.005912,1.253247,0.711614,0.075909,0.905229,27.890660,28.776451,0.933979,15.495693,0.502934,10.351981,0.335988,79.541401,158.988857,168.168262,149.809451,18.358812,0.890831
2025_04_25_IC_small_1,956,442,458,0,-1,0.856174,1237.294444,1141.422222,1333.166667,191.744444,0.993785,138.620352,138.188263,139.052442,0.864179,0.793701,1.265556,1.120000,1.411111,0.291111,0.866916,0.808783,0.751128,0.866437,0.115309,1.000000,1.000000,1.000000,1.000000,0.000000,1.000000,7.000000,7.000000,7.000000,0.000000,42.375586,1.205607,1.081731,0.492207,0.329581,0.368273,12.944325,32.766542,0.932225,18.236334,0.518833,3.112250,0.088545,46.213307,96.549204,104.105327,88.993081,15.112246,0.854837
2025_04_25_IC_small_1,957,442,462,0,-1,0.791474,1194.166667,1055.166667,1333.166667,278.000000,0.959675,136.248784,133.445127,139.052442,5.607315,0.663439,1.404086,1.120000,1.688172,0.568172,0.859386,0.805521,0.744604,0.866437,0.121833,1.000000,1.000000,1.000000,1.000000,0.000000,1.000000,7.000000,7.000000,7.000000,0.000000,34.941524,1.012858,1.465839,0.618210,0.181996,0.756018,26.081070,26.315628,0.762817,16.054087,0.465364,3.947269,0.114420,48.023822,114.524468,122.905243,106.143693,16.761550,0.863622
2025_04_25_IC_small_1,958,440,462,0,-1,0.904123,1004.583333,954.000000,1055.166667,101.166667,0.904348,127.062987,120.680847,133.445127,12.764280,0.625265,1.371864,1.055556,1.688172,0.632616,0.904574,0.783880,0.744604,0.823155,0.078551,1.000000,1.000000,1.000000,1.000000,0.000000,0.857143,6.500000,6.000000,7.000000,1.000000,44.038173,1.389870,1.496970,0.488712,0.277229,0.423429,13.416408,35.935865,1.134156,21.993159,0.694117,5.011859,0.158177,85.899523,127.315259,134.885637,119.744881,15.140756,0.887751
2025_04_25_IC_small_1,959,440,461,0,-1,0.803030,1071.000000,954.000000,1188.000000,234.000000,0.878648,129.014563,120.680847,137.348279,16.667432,0.844444,1.152778,1.055556,1.250000,0.194444,0.961387,0.807263,0.791371,0.823155,0.031784,1.000000,1.000000,1.000000,1.000000,0.000000,0.833333,5.500000,5.000000,6.000000,1.000000,35.780694,1.094977,1.720930,0.589098,0.172269,0.677414,22.135944,29.063721,0.889421,17.693175,0.541454,5.007801,0.153251,77.145530,131.092353,156.929588,105.255119,51.674469,0.670716
2025_04_25_IC_small_1,960,440,445,0,-1,0.746268,1116.180662,954.000000,1278.361325,324.361325,0.827992,133.216058,120.680847,145.751270,25.070423,0.791667,1.194444,1.055556,1.333333,0.277778,0.918665,0.789679,0.756204,0.823155,0.066951,1.000000,1.000000,1.000000,1.000000,0.000000,1.000000,6.000000,6.000000,6.000000,0.000000,34.597883,1.038335,1.298246,0.589967,0.175823,0.725882,24.186773,26.990626,0.810030,16.629391,0.499073,2.627959,0.078869,85.145874,111.702810,135.895174,87.510447,48.384727,0.643956
2025_04_25_IC_small_1,961,443,470,0,-1,0.501472,510.000000,340.666667,679.333333,338.666667,0.797419,91.046092,80.784582,101.307601,20.523018,0.658120,1.776557,1.410256,2.142857,0.732601,0.788631,0.743874,0.655968,0.831780,0.175813,1.000000,1.000000,1.000000,1.000000,0.000000,0.833333,5.500000,5.000000,6.000000,1.000000,32.014919,1.438188,2.512821,0.484951,0.188562,0.438362,9.758187,23.407460,1.051520,15.649504,0.703014,5.881917,0.264230,77.091079,129.462241,152.833666,106.090816,46.742850,0.694159
2025_04_25_IC_small_1,962,443,447,0,-1,0.776987,603.583333,527.833333,679.333333,151.500000,0.880672,95.263191,89.218782,101.307601,12.088819,0.833661,1.292966,1.175676,1.410256,0.234581,0.998193,0.832533,0.831780,0.833286,0.001506,1.000000,1.000000,1.000000,1.000000,0.000000,1.000000,6.000000,6.000000,6.000000,0.000000,21.067440,0.859218,1.336364,0.807183,0.047356,1.089700,26.718699,16.035054,0.653976,10.448038,0.426114,1.786650,0.072867,55.277671,150.759398,154.832130,146.686666,8.145463,0.947392
2025_04_25_IC_small_1,963,443,466,0,-1,0.801836,763.277778,679.333333,847.222222,167.888889,0.862816,109.361346,101.307601,117.415092,16.107491,0.801513,1.584875,1.410256,1.759494,0.349237,0.928433,0.802017,0.772253,0.831780,0.059528,1.000000,1.000000,1.000000,1.000000,0.000000,0.857143,6.500000,6.000000,7.000000,1.000000,38.390412,1.391685,1.850394,0.475900,0.219557,0.325361,8.975275,27.402311,0.993357,19.192135,0.695731,5.554874,0.201369,87.059805,88.823703,89.790126,87.857280,1.932846,0.978474
2025_04_25_IC_small_1,964,179,201,0,-1,0.171330,847.750000,248.000000,1447.500000,1199.500000,0.437295,107.174138,65.215208,149.133069,83.917861,0.681704,1.409664,1.142857,1.676471,0.533613,0.895949,0.775313,0.732763,0.817863,0.085100,1.000000,1.000000,1.000000,1.000000,0.000000,0.571429,5.500000,4.000000,7.000000,3.000000,30.397618,1.130148,1.049080,0.641212,0.139487,0.596022,16.031220,25.415270,0.944910,13.298603,0.494427,12.727232,0.473184,35.166667,130.516758,146.377618,114.655899,31.721719,0.783288
2025_04_25_IC_small_1,965,179,196,0,-1,0.557782,1127.444444,807.388889,1447.500000,640.111111,0.723603,128.523082,107.913095,149.133069,41.219973,0.596491,1.338235,1.000000,1.676471,0.676471,0.938720,0.844558,0.817863,0.871253,0.053390,1.000000,1.000000,1.000000,1.000000,0.000000,1.000000,7.000000,7.000000,7.000000,0.000000,44.365168,1.335081,1.540698,0.502993,0.232926,0.296382,9.848858,29.571417,0.889893,22.171081,0.667195,12.345848,0.371524,81.252999,102.189889,108.296218,96.083559,12.212660,0.887229
2025_04_25_IC_small_1,966,179,202,0,-1,0.453195,1051.750000,656.000000,1447.500000,791.500000,0.661906,123.922556,98.712043,149.133069,50.421026,0.680702,1.408824,1.141176,1.676471,0.535294,0.966734,0.831934,0.817863,0.846006,0.028143,1.000000,1.000000,1.000000,1.000000,0.000000,0.857143,6.500000,6.000000,7.000000,1.000000,30.659765,0.963257,1.163743,0.600281,0.171856,0.596935,19.000000,25.930646,0.814679,15.292387,0.480451,6.371180,0.200167,69.714759,100.726159,132.531882,68.920436,63.611446,0.520029
2025_04_25_IC_small_1,967,179,192,0,-1,0.787603,1293.777778,1140.055556,1447.500000,307.444444,0.877515,139.999779,130.866490,149.133069,18.266579,0.868677,1.566391,1.456311,1.676471,0.220160,0.977691,0.827194,0.817863,0.836525,0.018662,1.000000,1.000000,1.000000,1.000000,0.000000,0.857143,6.500000,6.000000,7.000000,1.000000,37.996394,1.058237,1.048309,0.598237,0.156776,0.652570,23.430749,30.407619,0.846882,18.904230,0.526502,2.440305,0.067965,70.061054,125.131205,162.988721,87.273689,75.715032,0.535458
2025_04_25_IC_small_1,968,441,444,0,-1,0.939188,1172.777778,1136.000000,1209.555556,73.555556,0.966216,136.390296,134.046813,138.733780,4.686967,0.990367,1.431169,1.424242,1.438095,0.013853,0.994022,0.792091,0.789717,0.794466,0.004749,1.000000,1.000000,1.000000,1.000000,0.000000,0.875000,7.500000,7.000000,8.000000,1.000000,26.007207,0.759520,1.231788,0.889997,0.011582,1.325820,45.398238,19.481337,0.568937,13.001338,0.379694,0.468575,0.013684,32.944847,150.598032,165.323607,135.872457,29.451150,0.821858
2025_04_25_IC_small_1,969,441,478,0,-1,0.512034,914.444444,619.333333,1209.555556,590.222222,0.711739,118.737977,98.742174,138.733780,39.991606,0.958730,1.469048,1.438095,1.500000,0.061905,0.989333,0.793974,0.789717,0.798232,0.008515,1.000000,1.000000,1.000000,1.000000,0.000000,0.750000,7.000000,6.000000,8.000000,2.000000,42.518548,1.425241,2.400000,0.512729,0.224787,0.431736,12.879786,32.278714,1.081997,21.073420,0.706390,12.013432,0.402696,78.734395,119.519862,122.944299,116.095424,6.848875,0.944293
2025_04_25_IC_small_1,970,441,473,0,-1,0.520255,919.416667,629.277778,1209.555556,580.277778,0.695796,117.632097,96.530414,138.733780,42.203366,0.719907,1.236695,1.035294,1.438095,0.402801,0.930566,0.819179,0.789717,0.848641,0.058924,1.000000,1.000000,1.000000,1.000000,0.000000,0.750000,7.000000,6.000000,8.000000,2.000000,39.224969,1.310468,1.553191,0.483573,0.255144,0.278408,8.333333,33.105805,1.106032,19.308572,0.645080,6.549537,0.218814,57.326501,99.297979,120.623278,77.972679,42.650600,0.646415
2025_04_25_IC_small_1,971,444,478,0,-1,0.545188,877.666667,619.333333,1136.000000,516.666667,0.736625,116.394493,98.742174,134.046813,35.304639,0.949495,1.462121,1.424242,1.500000,0.075758,0.995282,0.796349,0.794466,0.798232,0.003766,1.000000,1.000000,1.000000,1.000000,0.000000,0.857143,6.500000,6.000000,7.000000,1.000000,45.194343,1.542706,1.500000,0.433487,0.338682,0.123075,3.605551,32.679641,1.115517,22.580170,0.770773,10.329275,0.352589,86.089184,105.712308,108.032119,103.392498,4.639621,0.957053
2025_04_25_IC_small_1,972,444,475,0,-1,0.563820,888.250000,640.500000,1136.000000,495.500000,0.758934,117.889770,101.732726,134.046813,32.314086,0.909933,1.494730,1.424242,1.565217,0.140975,0.978887,0.786079,0.777692,0.794466,0.016774,1.000000,1.000000,1.000000,1.000000,0.000000,0.714286,6.000000,5.000000,7.000000,2.000000,35.256454,1.194877,2.363636,0.601780,0.070926,0.731606,21.587033,25.317425,0.858033,16.884973,0.572249,7.216795,0.244584,66.802346,115.546386,123.690068,107.402704,16.287363,0.868321
2025_04_25_IC_small_1,973,444,456,0,-1,0.818369,1032.833333,929.666667,1136.000000,206.333333,0.876674,125.781083,117.515353,134.046813,16.531460,0.774990,1.264008,1.103774,1.424242,0.320469,0.939133,0.820211,0.794466,0.845956,0.051490,1.000000,1.000000,1.000000,1.000000,0.000000,0.714286,6.000000,5.000000,7.000000,2.000000,31.483763,0.980878,1.148810,0.618452,0.196305,0.727322,23.345235,23.767650,0.740482,15.497524,0.482826,1.742341,0.054283,85.124992,119.726214,126.253838,113.198591,13.055247,0.896595
2025_04_25_IC_small_1,974,444,472,0,-1,0.892312,1074.833333,1013.666667,1136.000000,122.333333,0.980974,135.346738,134.046813,136.646662,2.599849,0.681910,1.756425,1.424242,2.088608,0.664365,0.858681,0.738329,0.682193,0.794466,0.112273,1.000000,1.000000,1.000000,1.000000,0.000000,0.875000,7.500000,7.000000,8.000000,1.000000,50.387752,1.537554,1.887417,0.399844,0.374942,0.164325,5.385165,36.598043,1.116769,25.181833,0.768410,4.006492,0.122256,88.566827,103.070200,125.134193,81.006208,44.127985,0.647355
2025_04_25_IC_small_1,975,178,187,0,-1,0.784143,596.944444,524.722222,669.166667,144.444444,0.873183,92.924829,86.633671,99.215987,12.582315,0.876699,1.151611,1.075949,1.227273,0.151323,0.972333,0.866395,0.854242,0.878549,0.024307,1.000000,1.000000,1.000000,1.000000,0.000000,1.000000,6.000000,6.000000,6.000000,0.000000,24.867603,1.019685,1.264463,0.645874,0.198371,0.685593,16.719915,20.637546,0.846233,12.423824,0.509433,2.566684,0.105246,87.042338,120.487761,126.528855,114.446667,12.082188,0.904510
2025_04_25_IC_small_1,976,178,191,0,-1,0.511726,988.416667,669.166667,1307.666667,638.500000,0.715147,118.975563,99.215987,138.735139,39.519152,0.914182,1.174612,1.121951,1.227273,0.105322,0.999432,0.853999,0.853756,0.854242,0.000485,1.000000,1.000000,1.000000,1.000000,0.000000,0.750000,7.000000,6.000000,8.000000,2.000000,35.098122,1.131651,1.010526,0.625256,0.102015,0.622706,19.313208,26.067602,0.840485,17.026092,0.548964,9.916798,0.319742,69.059962,117.387420,119.604451,115.170389,4.434062,0.962927
2025_04_25_IC_small_1,977,178,200,0,-1,0.869989,719.166667,669.166667,769.166667,100.000000,0.921063,103.467494,99.215987,107.719002,8.503016,0.783804,1.396531,1.227273,1.565789,0.338517,0.975135,0.843622,0.833001,0.854242,0.021241,1.000000,1.000000,1.000000,1.000000,0.000000,0.857143,6.500000,6.000000,7.000000,1.000000,32.778347,1.223025,2.500000,0.588469,0.094090,0.591002,15.839472,25.048533,0.934610,16.383777,0.611311,2.259738,0.084315,89.037800,126.775842,142.050250,111.501434,30.548816,0.784944
2025_04_25_IC_small_1,978,194,197,0,-1,0.196970,524.438889,172.600000,876.277778,703.677778,0.496242,85.654467,56.816136,114.492799,57.676663,0.957510,1.266624,1.239130,1.294118,0.054987,0.799856,0.755968,0.671904,0.840031,0.168127,1.000000,1.000000,1.000000,1.000000,0.000000,0.666667,5.000000,4.000000,6.000000,2.000000,20.629424,0.965351,1.327103,0.698497,0.127533,0.794135,16.970563,20.083790,0.939818,10.288490,0.481449,12.106393,0.566517,57.436150,132.895118,136.487868,129.302369,7.185499,0.947354
2025_04_25_IC_small_1,979,194,199,0,-1,0.161248,621.500000,172.600000,1070.400000,897.800000,0.454084,90.969289,56.816136,125.122443,68.306307,0.860919,1.204124,1.114130,1.294118,0.179987,0.782027,0.765543,0.671904,0.859183,0.187279,1.000000,1.000000,1.000000,1.000000,0.000000,0.500000,6.000000,4.000000,8.000000,4.000000,29.048906,1.266998,1.177778,0.647669,0.086887,0.580994,13.320661,28.981075,1.264039,14.514096,0.633047,17.191506,0.749825,81.510570,154.577317,172.109226,137.045408,35.063818,0.796270
2025_04_25_IC_small_1,980,460,453,0,-1,0.557153,938.833333,671.833333,1205.833333,534.000000,0.768967,117.868910,102.474821,133.263000,30.788178,0.974061,1.071936,1.057851,1.086022,0.028170,0.942235,0.828609,0.803965,0.853253,0.049288,0.999447,0.999724,0.999447,1.000000,0.000553,0.857143,6.500000,6.000000,7.000000,1.000000,30.236687,0.997172,1.503704,0.752964,0.023966,0.968192,29.357944,21.543154,0.710469,15.102917,0.498077,7.064936,0.232994,86.934016,166.538762,170.068347,163.009177,7.059170,0.958492
2025_04_25_IC_small_1,981,460,459,0,-1,0.794808,758.555556,671.833333,845.277778,173.444444,0.908974,107.605815,102.474821,112.736809,10.261987,0.916036,1.135794,1.086022,1.185567,0.099546,0.961965,0.819859,0.803965,0.835753,0.031788,1.000000,1.000000,1.000000,1.000000,0.000000,0.857143,6.500000,6.000000,7.000000,1.000000,33.292682,1.210788,2.061856,0.530583,0.246521,0.466526,12.827921,24.989156,0.908805,15.738419,0.572375,2.673653,0.097235,71.045798,113.568517,132.563113,94.573921,37.989192,0.713426
2025_04_25_IC_small_1,982,460,448,0,-1,0.721905,578.416667,485.000000,671.833333,186.833333,0.838130,94.181024,85.887226,102.474821,16.587595,0.868817,1.168011,1.086022,1.250000,0.163978,0.973067,0.815091,0.803965,0.826218,0.022253,1.000000,1.000000,1.000000,1.000000,0.000000,0.714286,6.000000,5.000000,7.000000,2.000000,24.381344,1.017109,1.443396,0.647035,0.109062,0.802436,19.235384,19.597495,0.817542,12.112873,0.505309,2.197773,0.091684,85.917402,110.043326,122.961636,97.125016,25.836620,0.789881
2025_04_25_IC_small_1,983,460,483,0,-1,0.780700,598.166667,524.500000,671.833333,147.333333,0.938857,99.341989,96.209157,102.474821,6.265664,0.814516,1.209677,1.086022,1.333333,0.247312,0.885698,0.758017,0.712070,0.803965,0.091895,1.000000,1.000000,1.000000,1.000000,0.000000,0.571429,5.500000,4.000000,7.000000,3.000000,27.932517,1.144266,1.782178,0.519897,0.264140,0.586535,14.317821,22.656131,0.928117,13.912635,0.569936,0.024317,0.000996,86.635789,104.888159,107.932856,101.843461,6.089395,0.943582
2025_04_25_IC_small_1,984,460,484,0,-1,0.512003,992.000000,671.833333,1312.166667,640.333333,0.698494,124.591501,102.474821,146.708180,44.233359,0.628749,1.406647,1.086022,1.727273,0.641251,0.952913,0.785037,0.766108,0.803965,0.037857,1.000000,1.000000,1.000000,1.000000,0.000000,0.875000,7.500000,7.000000,8.000000,1.000000,44.763785,1.440657,1.482558,0.463706,0.331009,0.278511,8.653837,32.824638,1.056413,22.179046,0.713800,13.856242,0.445943,85.736805,98.275900,99.804147,96.747653,3.056494,0.969375
2025_04_25_IC_small_1,985,453,438,0,-1,0.536144,926.166667,646.500000,1205.833333,559.333333,0.756798,117.058086,100.853173,133.263000,32.409827,0.821632,1.172676,1.057851,1.287500,0.229649,0.936098,0.825991,0.798729,0.853253,0.054525,0.999447,0.999724,0.999447,1.000000,0.000553,1.000000,6.000000,6.000000,6.000000,0.000000,30.588729,1.017057,1.113924,0.661586,0.157549,0.773758,23.271346,24.177825,0.803898,14.897103,0.495320,8.342627,0.277387,75.333860,121.056257,123.811757,118.300756,5.511002,0.955489
2025_04_25_IC_small_1,986,453,464,0,-1,0.963234,1183.666667,1161.500000,1205.833333,44.333333,0.977994,134.762286,133.263000,136.261573,2.998574,0.913926,1.107666,1.057851,1.157480,0.099629,0.921307,0.819681,0.786108,0.853253,0.067145,0.999447,0.999724,0.999447,1.000000,0.000553,1.000000,6.000000,6.000000,6.000000,0.000000,38.906227,1.130898,1.171717,0.588165,0.164250,0.648590,22.313424,27.851158,0.809557,18.559074,0.539462,0.053036,0.001542,72.256941,110.227217,112.418599,108.035836,4.382763,0.961014
2025_04_25_IC_small_1,987,453,481,0,-1,0.607464,969.166667,732.500000,1205.833333,473.333333,0.858421,123.829391,114.395782,133.263000,18.867217,0.860042,1.143926,1.057851,1.230000,0.172149,0.824365,0.778323,0.703392,0.853253,0.149861,0.999447,0.999724,0.999447,1.000000,0.000553,0.666667,5.000000,4.000000,6.000000,2.000000,35.175729,1.138560,1.748201,0.588310,0.163141,0.715028,22.090722,27.560883,0.892085,17.244104,0.558153,5.048424,0.163406,79.967211,123.199996,138.558321,107.841671,30.716651,0.778312
2025_04_25_IC_small_1,988,453,484,0,-1,0.918964,1259.000000,1205.833333,1312.166667,106.333333,0.908354,139.985590,133.263000,146.708180,13.445180,0.612440,1.392562,1.057851,1.727273,0.669421,0.897867,0.809681,0.766108,0.853253,0.087145,0.999447,0.999724,0.999447,1.000000,0.000553,0.750000,7.000000,6.000000,8.000000,2.000000,49.238138,1.387988,2.284615,0.445286,0.249404,0.188866,6.699917,37.004970,1.043144,24.605630,0.693615,6.498419,0.183186,76.032383,82.413083,93.184000,71.642165,21.541835,0.768825
2025_04_25_IC_small_1,989,187,197,0,-1,0.598808,700.500000,524.722222,876.277778,351.555556,0.756674,100.563235,86.633671,114.492799,27.859128,0.868310,1.157540,1.075949,1.239130,0.163181,0.956157,0.859290,0.840031,0.878549,0.038518,1.000000,1.000000,1.000000,1.000000,0.000000,1.000000,6.000000,6.000000,6.000000,0.000000,29.939084,1.140345,1.382813,0.559505,0.188120,0.452102,11.869663,22.817926,0.869109,14.740463,0.561447,6.123440,0.233235,67.339829,99.646088,105.376251,93.915924,11.460327,0.891244
2025_04_25_IC_small_1,990,187,206,0,-1,0.903229,499.333333,473.944444,524.722222,50.777778,0.969888,87.978503,86.633671,89.323335,2.689664,0.603849,1.428884,1.075949,1.781818,0.705869,0.849653,0.812505,0.746462,0.878549,0.132087,1.000000,1.000000,1.000000,1.000000,0.000000,0.833333,5.500000,5.000000,6.000000,1.000000,26.680492,1.194370,2.082353,0.578471,0.166222,0.641641,14.333333,20.832620,0.932586,13.339103,0.597134,0.830329,0.037170,87.288715,130.411388,134.356254,126.466522,7.889732,0.941278
2025_04_25_IC_small_1,991,187,200,0,-1,0.682196,646.944444,524.722222,769.166667,244.444444,0.804256,97.176337,86.633671,107.719002,21.085331,0.687161,1.320869,1.075949,1.565789,0.489840,0.948156,0.855775,0.833001,0.878549,0.045547,1.000000,1.000000,1.000000,1.000000,0.000000,0.857143,6.500000,6.000000,7.000000,1.000000,30.370238,1.199441,1.262411,0.527922,0.282310,0.372353,9.428090,24.097762,0.951716,15.108826,0.596707,3.962750,0.156505,77.032922,106.306728,121.969710,90.643746,31.325965,0.743166
2025_04_25_IC_small_1,992,504,472,0,-1,0.456215,738.058333,462.450000,1013.666667,551.216667,0.653135,112.947707,89.248751,136.646662,47.397911,0.761708,1.839758,1.590909,2.088608,0.497699,0.935054,0.705884,0.682193,0.729576,0.047383,1.000000,1.000000,1.000000,1.000000,0.000000,0.625000,6.500000,5.000000,8.000000,3.000000,36.852439,1.381722,2.261261,0.464062,0.164169,0.486772,12.982895,29.586385,1.109293,18.081721,0.677944,11.740620,0.440195,78.321483,122.425529,146.477464,98.373594,48.103870,0.671595
2025_04_25_IC_small_1,993,504,507,0,-1,0.974377,468.530556,462.450000,474.611111,12.161111,0.989782,89.709416,89.248751,90.170080,0.921329,0.780446,1.814685,1.590909,2.038462,0.447552,0.994598,0.731557,0.729576,0.733538,0.003963,1.000000,1.000000,1.000000,1.000000,0.000000,0.833333,5.500000,5.000000,6.000000,1.000000,16.722908,0.772595,1.070175,0.790844,0.039841,1.325826,28.697658,14.300914,0.660700,8.035725,0.371249,0.335079,0.015481,54.898987,159.063515,173.035110,145.091921,27.943189,0.838511
2025_04_25_IC_small_1,994,504,494,0,-1,0.574746,633.533333,462.450000,804.616667,342.166667,0.796608,100.642350,89.248751,112.035950,22.787199,0.808163,1.438312,1.285714,1.590909,0.305195,0.905704,0.767555,0.729576,0.805534,0.075959,1.000000,1.000000,1.000000,1.000000,0.000000,1.000000,5.000000,5.000000,5.000000,0.000000,25.916519,1.039354,1.427350,0.592523,0.146769,0.749084,18.678568,20.427792,0.819235,12.618466,0.506050,4.742764,0.190204,63.054679,127.692892,137.490250,117.895533,19.594716,0.857483
2025_04_25_IC_small_1,995,186,196,0,-1,0.723457,695.750000,584.111111,807.388889,223.277778,0.883575,101.631184,95.349272,107.913095,12.563823,0.801887,1.123529,1.000000,1.247059,0.247059,0.926672,0.839310,0.807366,0.871253,0.063887,1.000000,1.000000,1.000000,1.000000,0.000000,0.714286,6.000000,5.000000,7.000000,2.000000,31.928748,1.214414,1.371429,0.531431,0.283946,0.415882,10.934146,24.778920,0.942469,15.405076,0.585934,4.516120,0.171771,63.958532,109.382312,114.890594,103.874029,11.016566,0.904113
2025_04_25_IC_small_1,996,186,191,0,-1,0.446682,945.888889,584.111111,1307.666667,723.555556,0.687276,117.042205,95.349272,138.735139,43.385867,0.899678,1.184505,1.121951,1.247059,0.125108,0.945663,0.830561,0.807366,0.853756,0.046390,1.000000,1.000000,1.000000,1.000000,0.000000,0.625000,6.500000,5.000000,8.000000,3.000000,29.526490,0.978832,1.229299,0.641752,0.177640,0.689827,20.808652,24.058811,0.797573,14.620565,0.484686,6.741792,0.223497,65.141395,110.569104,111.974508,109.163700,2.810808,0.974898
2025_04_25_IC_small_1,997,186,203,0,-1,0.470820,912.368729,584.111111,1240.626347,656.515236,0.710274,114.796065,95.349272,134.242858,38.893586,0.964540,1.269982,1.247059,1.292905,0.045846,0.933259,0.836235,0.807366,0.865104,0.057738,1.000000,1.000000,1.000000,1.000000,0.000000,0.714286,6.000000,5.000000,7.000000,2.000000,34.533628,1.162926,1.497229,0.603177,0.166173,0.582839,17.307673,29.544500,0.994916,17.259906,0.581230,12.069259,0.406435,85.330599,121.579760,141.260954,101.898567,39.362387,0.721350
2025_04_25_IC_small_1,998,181,184,0,-1,0.847150,622.027778,570.555556,673.500000,102.944444,0.949826,99.410096,96.852022,101.968169,5.116147,0.794225,1.249144,1.105882,1.392405,0.286523,0.939014,0.789168,0.764347,0.813988,0.049642,1.000000,1.000000,1.000000,1.000000,0.000000,1.000000,5.000000,5.000000,5.000000,0.000000,21.444060,0.860547,1.354545,0.754945,0.080784,1.101929,27.459060,18.150092,0.728361,10.720927,0.430229,1.664308,0.066788,63.708025,150.011181,163.474204,136.548158,26.926046,0.835289
2025_04_25_IC_small_1,999,181,188,0,-1,0.783057,508.666667,446.777778,570.555556,123.777778,0.891683,91.606644,86.361265,96.852022,10.490757,0.954296,1.360586,1.328767,1.392405,0.063638,0.984857,0.758559,0.752772,0.764347,0.011575,1.000000,1.000000,1.000000,1.000000,0.000000,1.000000,5.000000,5.000000,5.000000,0.000000,17.196473,0.763890,1.166667,0.862304,0.010485,1.364907,30.726391,14.758530,0.655593,8.482559,0.376807,1.917783,0.085190,34.455255,172.916302,179.095934,166.736671,12.359262,0.930991
2025_04_25_IC_small_1,1000,181,204,0,-1,0.795131,512.111111,453.666667,570.555556,116.888889,0.843819,89.288800,81.725578,96.852022,15.126444,0.718182,1.196203,1.000000,1.392405,0.392405,0.895488,0.808950,0.764347,0.853553,0.089207,1.000000,1.000000,1.000000,1.000000,0.000000,0.833333,5.500000,5.000000,6.000000,1.000000,31.552869,1.396585,2.010989,0.473708,0.366891,0.304160,6.871843,24.627189,1.090042,15.512402,0.686606,5.527669,0.244664,78.032334,116.475336,144.162347,88.788326,55.374021,0.615891
2025_04_25_IC_small_1,1001,181,165,0,-1,0.529862,823.677778,570.555556,1076.800000,506.244444,0.784170,110.180454,96.852022,123.508885,26.656863,0.722361,1.199112,1.005819,1.392405,0.386586,0.861672,0.825699,0.764347,0.887051,0.122704,1.000000,1.000000,1.000000,1.000000,0.000000,0.714286,6.000000,5.000000,7.000000,2.000000,31.090551,1.096650,1.109057,0.579401,0.216070,0.552732,15.670212,25.393952,0.895715,15.372976,0.542248,5.431470,0.191583,85.486937,110.527264,139.727988,81.326540,58.401448,0.582035
2025_04_25_IC_small_1,1002,184,185,0,-1,0.779484,768.766667,673.500000,864.033333,190.533333,0.874671,109.273556,101.968169,116.578942,14.610773,0.912187,1.057327,1.008772,1.105882,0.097110,0.981481,0.806451,0.798914,0.813988,0.015074,1.000000,1.000000,1.000000,1.000000,0.000000,1.000000,5.000000,5.000000,5.000000,0.000000,25.661341,0.927301,1.591304,0.700172,0.105364,0.947305,26.214924,20.559870,0.742953,12.714679,0.459459,2.708831,0.097887,64.562212,135.768942,137.489553,134.048330,3.441223,0.974971
2025_04_25_IC_small_1,1003,184,205,0,-1,0.574610,530.250000,387.000000,673.500000,286.500000,0.792825,91.405552,80.842936,101.968169,21.125233,0.700392,1.342415,1.105882,1.578947,0.473065,0.914152,0.779049,0.744109,0.813988,0.069879,1.000000,1.000000,1.000000,1.000000,0.000000,0.833333,5.500000,5.000000,6.000000,1.000000,22.504695,0.986525,1.644444,0.712449,0.102310,1.009190,23.021729,20.493544,0.898363,11.202373,0.491072,6.348829,0.278310,83.964888,133.711888,144.162347,123.261429,20.900918,0.855018
2025_04_25_IC_small_1,1004,457,438,0,-1,0.585362,875.472222,646.500000,1104.444444,457.944444,0.749917,117.669470,100.853173,134.485766,33.632593,0.895179,1.220021,1.152542,1.287500,0.134958,0.960731,0.783046,0.767363,0.798729,0.031365,1.000000,1.000000,1.000000,1.000000,0.000000,0.833333,5.500000,5.000000,6.000000,1.000000,38.797637,1.322807,1.016043,0.500237,0.225593,0.436630,12.806248,29.625061,1.010068,19.393953,0.661238,9.967847,0.339854,87.572717,105.635839,118.669116,92.602562,26.066554,0.780343
2025_04_25_IC_small_1,1005,457,439,0,-1,0.733853,957.472222,810.500000,1104.444444,293.944444,0.857737,124.919572,115.353377,134.485766,19.132389,0.778745,1.316271,1.152542,1.480000,0.327458,0.997473,0.766394,0.765424,0.767363,0.001939,1.000000,1.000000,1.000000,1.000000,0.000000,1.000000,5.000000,5.000000,5.000000,0.000000,25.625375,0.830611,1.352941,0.763012,0.049349,1.170935,36.124784,22.757187,0.737643,12.781714,0.414302,3.521823,0.114155,49.572629,158.893598,174.285924,143.501271,30.784653,0.823367
2025_04_25_IC_small_1,1006,457,464,0,-1,0.950878,1132.972222,1104.444444,1161.500000,57.055556,0.986968,135.373670,134.485766,136.261573,1.775807,0.995734,1.155011,1.152542,1.157480,0.004938,0.976155,0.776736,0.767363,0.786108,0.018745,1.000000,1.000000,1.000000,1.000000,0.000000,0.833333,5.500000,5.000000,6.000000,1.000000,26.453094,0.785962,1.085890,0.860179,0.014956,1.319257,44.402202,21.231277,0.630813,13.218703,0.392748,0.577674,0.017164,46.493266,161.566613,174.490311,148.642915,25.847396,0.851869
2025_04_25_IC_small_1,1007,457,477,0,-1,0.996328,1102.416667,1100.388889,1104.444444,4.055556,0.981557,135.749203,134.485766,137.012639,2.526873,0.911131,1.208750,1.152542,1.264957,0.112415,0.959917,0.751984,0.736605,0.767363,0.030758,1.000000,1.000000,1.000000,1.000000,0.000000,0.714286,6.000000,5.000000,7.000000,2.000000,38.708288,1.165819,1.333333,0.494937,0.312571,0.525510,17.448336,32.063696,0.965697,17.744923,0.534443,4.062113,0.122343,61.924227,98.970039,104.534455,93.405624,11.128831,0.893539
2025_04_25_IC_small_1,1008,438,439,0,-1,0.797656,728.500000,646.500000,810.500000,164.000000,0.874298,108.103275,100.853173,115.353377,14.500204,0.869932,1.383750,1.287500,1.480000,0.192500,0.958303,0.782076,0.765424,0.798729,0.033304,1.000000,1.000000,1.000000,1.000000,0.000000,0.833333,5.500000,5.000000,6.000000,1.000000,31.248056,1.159576,1.834951,0.559811,0.188858,0.656055,17.679241,22.930242,0.850913,15.539548,0.576653,4.546953,0.168732,85.143743,120.077413,123.896167,116.258660,7.637507,0.938356
2025_04_25_IC_small_1,1009,438,464,0,-1,0.556608,904.000000,646.500000,1161.500000,515.000000,0.740144,118.557373,100.853173,136.261573,35.408400,0.899014,1.222490,1.157480,1.287500,0.130020,0.984199,0.792418,0.786108,0.798729,0.012621,1.000000,1.000000,1.000000,1.000000,0.000000,1.000000,6.000000,6.000000,6.000000,0.000000,46.189436,1.552400,1.597403,0.432072,0.401026,0.131129,3.901567,33.117372,1.113055,23.122715,0.777141,11.555826,0.388384,88.570798,110.420188,128.152406,92.687969,35.464437,0.723264
2025_04_25_IC_small_1,1010,188,190,0,-1,0.756823,518.555556,446.777778,590.333333,143.555556,0.919385,90.147524,86.361265,93.933783,7.572518,0.867677,1.240854,1.152941,1.328767,0.175826,0.895365,0.796758,0.752772,0.840744,0.087972,1.000000,1.000000,1.000000,1.000000,0.000000,1.000000,5.000000,5.000000,5.000000,0.000000,20.774500,0.914493,1.370370,0.661144,0.149132,0.878074,19.947152,17.111927,0.753267,10.330846,0.454764,2.978268,0.131103,51.429359,124.551328,128.088773,121.013884,7.074889,0.944766
2025_04_25_IC_small_1,1011,188,204,0,-1,0.984815,450.222222,446.777778,453.666667,6.888889,0.946322,84.043421,81.725578,86.361265,4.635687,0.752577,1.164384,1.000000,1.328767,0.328767,0.881927,0.803163,0.752772,0.853553,0.100782,1.000000,1.000000,1.000000,1.000000,0.000000,0.833333,5.500000,5.000000,6.000000,1.000000,25.742802,1.213237,1.283333,0.539449,0.190523,0.548042,11.628509,19.365460,0.912678,12.739345,0.600395,1.622064,0.076447,85.876700,110.520027,116.565051,104.475003,12.090048,0.896281
2025_04_25_IC_small_1,1012,188,207,0,-1,0.562850,620.277778,446.777778,793.777778,347.000000,0.790472,97.807009,86.361265,109.252754,22.891489,0.818337,1.208073,1.087379,1.328767,0.241388,0.900781,0.794230,0.752772,0.835688,0.082916,1.000000,1.000000,1.000000,1.000000,0.000000,0.833333,5.500000,5.000000,6.000000,1.000000,29.614397,1.201123,1.286713,0.528407,0.216838,0.483691,11.925696,23.764763,0.963869,14.797514,0.600169,7.402528,0.300237,87.363503,111.513010,117.299572,105.726448,11.573124,0.901337
2025_04_25_IC_small_1,1013,188,165,0,-1,0.414912,761.788889,446.777778,1076.800000,630.022222,0.699231,104.935075,86.361265,123.508885,37.147620,0.756956,1.167293,1.005819,1.328767,0.322948,0.848623,0.819911,0.752772,0.887051,0.134279,1.000000,1.000000,1.000000,1.000000,0.000000,0.714286,6.000000,5.000000,7.000000,2.000000,33.173325,1.229740,1.539670,0.555781,0.215976,0.449791,12.133516,25.587804,0.948544,15.516811,0.575211,7.057963,0.261640,67.451452,110.499332,121.421137,99.577527,21.843611,0.820100
2025_04_25_IC_small_1,1014,185,205,0,-1,0.447899,625.516667,387.000000,864.033333,477.033333,0.693461,98.710939,80.842936,116.578942,35.736007,0.638889,1.293860,1.008772,1.578947,0.570175,0.931401,0.771512,0.744109,0.798914,0.054805,1.000000,1.000000,1.000000,1.000000,0.000000,0.833333,5.500000,5.000000,6.000000,1.000000,32.021670,1.305229,1.236486,0.498289,0.300019,0.403511,9.899495,24.134814,0.983754,15.954920,0.650335,11.330896,0.461856,87.345479,110.241901,121.234785,99.249018,21.985766,0.818651
2025_04_25_IC_small_1,1015,185,199,0,-1,0.807206,967.216667,864.033333,1070.400000,206.366667,0.931719,120.850693,116.578942,125.122443,8.543501,0.905434,1.061451,1.008772,1.114130,0.105359,0.929854,0.829048,0.798914,0.859183,0.060269,1.000000,1.000000,1.000000,1.000000,0.000000,0.625000,6.500000,5.000000,8.000000,3.000000,25.718592,0.828144,1.173611,0.849199,0.031482,1.167425,36.255207,20.931261,0.673991,12.856025,0.413967,2.145481,0.069085,83.496288,149.308032,163.616064,135.000000,28.616064,0.825102
2025_04_25_IC_small_1,1016,469,458,0,-1,0.552332,885.933333,630.444444,1141.422222,510.977778,0.744941,120.565154,102.942045,138.188263,35.246218,0.845562,1.302146,1.193182,1.411111,0.217929,0.995307,0.749365,0.747603,0.751128,0.003525,1.000000,1.000000,1.000000,1.000000,0.000000,0.571429,5.500000,4.000000,7.000000,3.000000,26.906137,0.913720,1.154856,0.597325,0.225657,0.816051,24.030074,23.643611,0.802926,13.430027,0.456078,2.923631,0.099285,81.750407,104.226471,105.614286,102.838656,2.775630,0.973719
2025_04_25_IC_small_1,1017,469,486,0,-1,0.655234,796.305556,630.444444,962.166667,331.722222,0.848842,112.107787,102.942045,121.273529,18.331485,0.882993,1.123377,1.053571,1.193182,0.139610,0.909375,0.784855,0.747603,0.822107,0.074503,1.000000,1.000000,1.000000,1.000000,0.000000,0.666667,5.000000,4.000000,6.000000,2.000000,24.580818,0.875893,1.424000,0.802637,0.017721,1.181401,33.154520,21.872527,0.779388,12.232704,0.435890,4.661379,0.166100,71.335071,172.270578,175.327376,169.213780,6.113596,0.965130
2025_04_25_IC_small_1,1018,469,462,0,-1,0.597483,842.805556,630.444444,1055.166667,424.722222,0.771419,118.193586,102.942045,133.445127,30.503082,0.706789,1.440677,1.193182,1.688172,0.494990,0.995989,0.746104,0.744604,0.747603,0.002999,1.000000,1.000000,1.000000,1.000000,0.000000,0.571429,5.500000,4.000000,7.000000,3.000000,29.214266,1.014525,1.210191,0.526106,0.291717,0.620461,17.866791,25.025256,0.869053,14.579684,0.506309,2.485336,0.086308,75.804998,104.514094,104.981331,104.046857,0.934475,0.991099
2025_04_25_IC_small_1,1019,180,182,0,-1,0.862170,939.361111,869.833333,1008.888889,139.055556,0.959606,125.418183,122.832902,128.003465,5.170563,0.816162,1.309548,1.176991,1.442105,0.265114,0.936282,0.749115,0.724463,0.773766,0.049303,1.000000,1.000000,1.000000,1.000000,0.000000,0.714286,6.000000,5.000000,7.000000,2.000000,22.790795,0.744117,1.092715,0.832896,0.023006,1.346409,41.237793,17.660879,0.576626,11.374988,0.371392,1.716830,0.056054,3.493204,151.272503,159.056061,143.488944,15.567118,0.902128
2025_04_25_IC_small_1,1020,180,193,0,-1,0.743557,879.527778,750.166667,1008.888889,258.722222,0.852172,118.542190,109.080914,128.003465,18.922550,0.708029,1.231579,1.021053,1.442105,0.421053,0.976652,0.783015,0.773766,0.792264,0.018498,1.000000,1.000000,1.000000,1.000000,0.000000,0.714286,6.000000,5.000000,7.000000,2.000000,31.770684,1.074202,1.225166,0.515791,0.226700,0.508292,15.033296,24.779135,0.837810,14.924357,0.504609,0.366078,0.012377,45.549924,100.858798,128.856238,72.861358,55.994881,0.565447
2025_04_25_IC_small_1,1021,180,208,0,-1,0.877698,947.194444,885.500000,1008.888889,123.388889,0.954266,125.076408,122.149351,128.003465,5.854114,0.982304,1.455095,1.442105,1.468085,0.025980,0.963843,0.759778,0.745789,0.773766,0.027977,1.000000,1.000000,1.000000,1.000000,0.000000,0.714286,6.000000,5.000000,7.000000,2.000000,43.064693,1.400014,1.761905,0.477512,0.214757,0.436834,13.437096,30.618260,0.995386,21.509068,0.699250,2.468081,0.080236,80.401619,115.705869,117.467272,113.944466,3.522807,0.970010
2025_04_25_IC_small_1,1022,180,210,0,-1,0.829451,1112.611111,1008.888889,1216.333333,207.444444,0.936576,132.337615,128.003465,136.671765,8.668300,0.992021,1.447904,1.442105,1.453704,0.011598,0.945594,0.796026,0.773766,0.818286,0.044519,1.000000,1.000000,1.000000,1.000000,0.000000,1.000000,7.000000,7.000000,7.000000,0.000000,50.894499,1.527469,2.453782,0.420494,0.344834,0.102023,3.399346,34.134665,1.024465,25.431884,0.763273,3.217431,0.096563,85.169089,96.044891,97.227881,94.861902,2.365980,0.975666
2025_04_25_IC_small_1,1023,190,207,0,-1,0.743701,692.055556,590.333333,793.777778,203.444444,0.859784,101.593269,93.933783,109.252754,15.318971,0.943135,1.120160,1.087379,1.152941,0.065563,0.993986,0.838216,0.835688,0.840744,0.005056,1.000000,1.000000,1.000000,1.000000,0.000000,0.833333,5.500000,5.000000,6.000000,1.000000,25.522514,0.972827,1.487179,0.669853,0.186682,0.801352,21.023796,21.267569,0.810643,12.547549,0.478268,1.519293,0.057910,65.671384,129.302724,132.420668,126.184779,6.235889,0.952908
2025_04_25_IC_small_1,1024,190,198,0,-1,0.816989,656.452778,590.333333,722.572222,132.238889,0.898219,99.255787,93.933783,104.577791,10.644008,0.837607,1.264706,1.152941,1.376471,0.223529,0.987526,0.835500,0.830256,0.840744,0.010487,1.000000,1.000000,1.000000,1.000000,0.000000,0.833333,5.500000,5.000000,6.000000,1.000000,24.330719,0.950837,1.056338,0.720445,0.134168,0.921946,23.591430,20.445938,0.799021,11.808294,0.461464,1.156555,0.045198,55.628952,144.456048,149.291480,139.620617,9.670862,0.935222
2025_04_25_IC_small_1,1025,190,165,0,-1,0.548229,833.566667,590.333333,1076.800000,486.466667,0.760543,108.721334,93.933783,123.508885,29.575102,0.872394,1.079380,1.005819,1.152941,0.147122,0.947796,0.863897,0.840744,0.887051,0.046307,1.000000,1.000000,1.000000,1.000000,0.000000,0.714286,6.000000,5.000000,7.000000,2.000000,35.239066,1.234047,1.468085,0.545887,0.272004,0.377169,10.770330,26.593536,0.931286,17.603912,0.616476,8.083377,0.283074,87.339917,111.845066,117.564979,106.125152,11.439826,0.902694
2025_04_25_IC_small_1,1026,182,183,0,-1,0.498758,1306.916667,869.833333,1744.000000,874.166667,0.706438,148.354662,122.832902,173.876423,51.043521,0.912559,1.125533,1.074074,1.176991,0.102917,0.999405,0.724679,0.724463,0.724895,0.000431,1.000000,1.000000,1.000000,1.000000,0.000000,0.833333,5.500000,5.000000,6.000000,1.000000,28.498187,0.799902,1.276074,0.676684,0.138111,1.072089,38.195404,25.545150,0.717015,13.295251,0.373178,6.549377,0.183831,9.395660,130.902010,162.927435,98.876585,64.050850,0.606875
2025_04_25_IC_small_1,1027,182,210,0,-1,0.715127,1043.083333,869.833333,1216.333333,346.500000,0.898744,129.752333,122.832902,136.671765,13.838863,0.809650,1.315347,1.176991,1.453704,0.276713,0.885343,0.771374,0.724463,0.818286,0.093822,1.000000,1.000000,1.000000,1.000000,0.000000,0.714286,6.000000,5.000000,7.000000,2.000000,45.794598,1.422879,1.779221,0.476919,0.206040,0.389179,12.525529,33.433564,1.038811,22.745475,0.706722,2.973719,0.092396,82.342351,105.168633,121.649155,88.688112,32.961042,0.729048
2025_04_25_IC_small_1,1028,193,208,0,-1,0.847167,817.833333,750.166667,885.500000,135.333333,0.893013,115.615133,109.080914,122.149351,13.068436,0.695500,1.244569,1.021053,1.468085,0.447032,0.941339,0.769027,0.745789,0.792264,0.046475,1.000000,1.000000,1.000000,1.000000,0.000000,1.000000,5.000000,5.000000,5.000000,0.000000,29.260906,1.024066,1.553030,0.579772,0.193397,0.751434,21.470911,24.685227,0.863928,14.628480,0.511964,3.197581,0.111908,72.602886,111.371488,117.199296,105.543679,11.655617,0.900549
2025_04_25_IC_small_1,1029,193,213,0,-1,0.717920,897.541419,750.166667,1044.916172,294.749506,0.839231,119.529100,109.080914,129.977285,20.896371,0.621341,1.332178,1.021053,1.643304,0.622251,0.981039,0.784753,0.777242,0.792264,0.015022,1.000000,1.000000,1.000000,1.000000,0.000000,0.833333,5.500000,5.000000,6.000000,1.000000,41.182957,1.379332,2.032276,0.493878,0.265842,0.424389,12.671052,34.641174,1.160230,20.288983,0.679535,8.093099,0.271061,80.651337,134.908709,166.095121,103.722297,62.372824,0.624475
2025_04_25_IC_small_1,1030,201,196,0,-1,0.307163,527.694444,248.000000,807.388889,559.388889,0.604331,86.564152,65.215208,107.913095,42.697887,0.875000,1.071429,1.000000,1.142857,0.142857,0.841045,0.802008,0.732763,0.871253,0.138490,1.000000,1.000000,1.000000,1.000000,0.000000,0.571429,5.500000,4.000000,7.000000,3.000000,21.712551,0.983300,1.452830,0.663844,0.139548,0.719704,15.891997,19.433988,0.880111,10.844655,0.491124,9.623422,0.435818,68.936034,116.292512,117.538823,115.046201,2.492623,0.978793
2025_04_25_IC_small_1,1031,201,202,0,-1,0.378049,452.000000,248.000000,656.000000,408.000000,0.660661,81.963625,65.215208,98.712043,33.496835,0.998529,1.142017,1.141176,1.142857,0.001681,0.866145,0.789385,0.732763,0.846006,0.113243,1.000000,1.000000,1.000000,1.000000,0.000000,0.666667,5.000000,4.000000,6.000000,2.000000,17.864033,0.863821,1.130000,0.799768,0.031158,1.081858,22.373099,17.095120,0.826640,8.921100,0.431382,6.785296,0.328105,89.098632,170.841156,176.423666,165.258646,11.165020,0.936715
2025_04_25_IC_small_1,1032,201,212,0,-1,0.381702,448.861111,248.000000,649.722222,401.722222,0.663151,81.778283,65.215208,98.341358,33.126150,0.883838,1.076479,1.010101,1.142857,0.132756,0.867958,0.788501,0.732763,0.844239,0.111475,1.000000,1.000000,1.000000,1.000000,0.000000,0.666667,5.000000,4.000000,6.000000,2.000000,24.244449,1.175840,1.484848,0.561690,0.256513,0.529559,10.918893,20.974094,1.017230,11.902498,0.577263,7.305033,0.354289,85.214585,122.349574,133.349961,111.349187,22.000773,0.835015
2025_04_25_IC_small_1,1033,197,199,0,-1,0.818645,973.338889,876.277778,1070.400000,194.122222,0.915046,119.807621,114.492799,125.122443,10.629644,0.899123,1.176630,1.114130,1.239130,0.125000,0.977709,0.849607,0.840031,0.859183,0.019152,1.000000,1.000000,1.000000,1.000000,0.000000,0.750000,7.000000,6.000000,8.000000,2.000000,36.383206,1.167645,1.958333,0.597987,0.127322,0.599451,18.678568,27.510709,0.882900,17.648719,0.566400,1.959331,0.062881,71.819150,110.632605,127.612987,93.652223,33.960764,0.733877
2025_04_25_IC_small_1,1034,197,206,0,-1,0.540861,675.111111,473.944444,876.277778,402.333333,0.780166,101.908067,89.323335,114.492799,25.169464,0.695430,1.510474,1.239130,1.781818,0.542688,0.888612,0.793246,0.746462,0.840031,0.093569,1.000000,1.000000,1.000000,1.000000,0.000000,0.833333,5.500000,5.000000,6.000000,1.000000,29.558732,1.150766,1.120567,0.546768,0.304600,0.538357,13.828312,24.570938,0.956584,14.564401,0.567014,8.491137,0.330573,85.151511,118.240595,128.157227,108.323964,19.833262,0.845243
2025_04_25_IC_small_1,1035,197,215,0,-1,0.681192,1081.333333,876.277778,1286.388889,410.111111,0.847544,124.790297,114.492799,135.087796,20.594997,0.963768,1.262422,1.239130,1.285714,0.046584,0.948299,0.862930,0.840031,0.885829,0.045798,1.000000,1.000000,1.000000,1.000000,0.000000,0.857143,6.500000,6.000000,7.000000,1.000000,28.504271,0.870781,1.354167,0.832746,0.063810,1.052851,34.464152,23.594100,0.720780,14.241489,0.435065,4.506389,0.137666,88.894753,145.366103,149.426165,141.306040,8.120125,0.945658
2025_04_25_IC_small_1,1036,452,450,0,-1,0.810156,784.250000,702.000000,866.500000,164.500000,0.900992,112.766462,106.893322,118.639602,11.746280,0.987639,1.363317,1.354839,1.371795,0.016956,0.997991,0.772828,0.772051,0.773605,0.001554,1.000000,1.000000,1.000000,1.000000,0.000000,0.714286,6.000000,5.000000,7.000000,2.000000,29.152224,1.042423,1.492063,0.531638,0.257358,0.589735,16.492423,23.209605,0.829927,14.534146,0.519711,1.210642,0.043290,86.701238,97.145999,104.505787,89.786211,14.719576,0.859151
2025_04_25_IC_small_1,1037,452,467,0,-1,0.528548,1015.083333,702.000000,1328.166667,626.166667,0.772718,122.613735,106.893322,138.334148,31.440827,0.758366,1.206059,1.040323,1.371795,0.331472,0.885202,0.822113,0.772051,0.872175,0.100124,1.000000,1.000000,1.000000,1.000000,0.000000,0.833333,5.500000,5.000000,6.000000,1.000000,29.484628,0.936923,1.500000,0.771564,0.061489,1.007152,31.694724,25.302490,0.804028,14.673652,0.466279,8.197066,0.260475,81.511196,157.646583,161.424167,153.868999,7.555168,0.953197
2025_04_25_IC_small_1,1038,196,212,0,-1,0.804720,728.555556,649.722222,807.388889,157.666667,0.911301,103.127227,98.341358,107.913095,9.571738,0.990000,1.005051,1.000000,1.010101,0.010101,0.968993,0.857746,0.844239,0.871253,0.027015,1.000000,1.000000,1.000000,1.000000,0.000000,0.857143,6.500000,6.000000,7.000000,1.000000,30.202879,1.120612,1.168831,0.597854,0.224684,0.579697,15.624056,23.502486,0.872009,14.929954,0.553944,3.275124,0.121516,78.103055,123.103242,134.602645,111.603839,22.998806,0.829136
2025_04_25_IC_small_1,1039,196,203,0,-1,0.650791,1024.007618,807.388889,1240.626347,433.237458,0.803865,121.077976,107.913095,134.242858,26.329762,0.773452,1.146452,1.000000,1.292905,0.292905,0.992943,0.868179,0.865104,0.871253,0.006149,1.000000,1.000000,1.000000,1.000000,0.000000,1.000000,7.000000,7.000000,7.000000,0.000000,28.385535,0.892106,1.144364,0.780112,0.074571,0.951075,30.261820,23.156683,0.727773,14.096322,0.443022,4.138558,0.130067,69.962533,135.882710,143.210838,128.554582,14.656257,0.897660
2025_04_25_IC_small_1,1040,487,458,0,-1,0.536027,876.627778,611.833333,1141.422222,529.588889,0.766053,122.023887,105.859511,138.188263,32.328752,0.990515,1.404419,1.397727,1.411111,0.013384,0.913418,0.718611,0.686093,0.751128,0.065034,1.000000,1.000000,1.000000,1.000000,0.000000,0.714286,6.000000,5.000000,7.000000,2.000000,36.550425,1.249156,1.782353,0.531752,0.180128,0.692016,20.248457,28.259556,0.965805,17.401767,0.594727,11.203642,0.382898,66.917998,135.430005,143.076215,127.783794,15.292421,0.893117
2025_04_25_IC_small_1,1041,487,486,0,-1,0.635891,787.000000,611.833333,962.166667,350.333333,0.872899,113.566520,105.859511,121.273529,15.414019,0.753775,1.225649,1.053571,1.397727,0.344156,0.834555,0.754100,0.686093,0.822107,0.136013,1.000000,1.000000,1.000000,1.000000,0.000000,0.833333,5.500000,5.000000,6.000000,1.000000,27.149717,0.973910,1.551181,0.567536,0.139136,0.725463,20.223748,23.496807,0.842873,13.555492,0.486260,5.920973,0.212396,76.868695,96.515517,107.543258,85.487776,22.055481,0.794915
2025_04_25_IC_small_1,1042,487,488,0,-1,0.584058,829.694444,611.833333,1047.555556,435.722222,0.809948,118.279295,105.859511,130.699078,24.839567,0.974972,1.380236,1.362745,1.397727,0.034982,0.890310,0.728358,0.686093,0.770623,0.084529,1.000000,1.000000,1.000000,1.000000,0.000000,0.833333,5.500000,5.000000,6.000000,1.000000,20.895864,0.731888,1.193798,0.880771,0.007633,1.448145,41.345428,19.034137,0.666680,10.318358,0.361406,5.097645,0.178548,53.494538,169.737405,171.944761,167.530048,4.414714,0.974325
2025_04_25_IC_small_1,1043,487,468,0,-1,0.815778,680.916667,611.833333,750.000000,138.166667,0.993811,105.531925,105.204338,105.859511,0.655173,0.730352,1.209280,1.020833,1.397727,0.376894,0.805711,0.768815,0.686093,0.851538,0.165444,1.000000,1.000000,1.000000,1.000000,0.000000,0.833333,5.500000,5.000000,6.000000,1.000000,34.201645,1.312384,1.326531,0.474615,0.313426,0.406292,10.588253,26.745105,1.026262,16.955639,0.650621,1.000830,0.038404,79.590659,108.524903,113.300039,103.749767,9.550272,0.915708
2025_04_25_IC_small_1,1044,487,503,0,-1,0.362759,1149.222222,611.833333,1686.611111,1074.777778,0.595939,141.747216,105.859511,177.634921,71.775410,0.753113,1.626830,1.397727,1.855932,0.458205,0.979005,0.678891,0.671689,0.686093,0.014405,0.987445,0.993723,0.987445,1.000000,0.012555,0.555556,7.000000,5.000000,9.000000,4.000000,47.930626,1.456777,2.578512,0.438706,0.342551,0.408902,13.453624,36.599907,1.112398,21.509278,0.653741,7.837536,0.238210,39.273319,111.736932,122.974720,100.499144,22.475576,0.817234
2025_04_25_IC_small_1,1045,458,451,0,-1,0.561346,891.077778,640.733333,1141.422222,500.688889,0.742468,120.394337,102.600411,138.188263,35.587851,0.830146,1.291270,1.171429,1.411111,0.239683,0.982030,0.758000,0.751128,0.764872,0.013745,1.000000,1.000000,1.000000,1.000000,0.000000,0.714286,6.000000,5.000000,7.000000,2.000000,27.696864,0.937325,1.045977,0.549846,0.228038,0.659449,19.485949,24.930935,0.843720,13.103160,0.443441,4.613588,0.156134,42.825415,92.469339,99.349453,85.589225,13.760228,0.861497
2025_04_25_IC_small_1,1046,458,486,0,-1,0.842954,1051.794444,962.166667,1141.422222,179.255556,0.877596,129.730896,121.273529,138.188263,16.914733,0.746625,1.232341,1.053571,1.411111,0.357540,0.913662,0.786617,0.751128,0.822107,0.070979,1.000000,1.000000,1.000000,1.000000,0.000000,0.857143,6.500000,6.000000,7.000000,1.000000,37.082244,1.144447,1.345562,0.493584,0.345732,0.432686,14.019827,29.833268,0.920727,17.269391,0.532975,0.773046,0.023858,44.769188,105.247173,131.436009,79.058338,52.377671,0.601497
2025_04_25_IC_small_1,1047,458,468,0,-1,0.657075,945.711111,750.000000,1141.422222,391.422222,0.761312,121.696301,105.204338,138.188263,32.983924,0.723425,1.215972,1.020833,1.411111,0.390278,0.882084,0.801333,0.751128,0.851538,0.100410,1.000000,1.000000,1.000000,1.000000,0.000000,0.857143,6.500000,6.000000,7.000000,1.000000,30.405156,0.994102,1.279528,0.597531,0.214847,0.718468,21.974733,23.983158,0.784134,13.901992,0.454528,2.791101,0.091256,53.166035,112.597769,118.916167,106.279372,12.636795,0.893734
2025_04_25_IC_small_1,1048,205,204,0,-1,0.853049,420.333333,387.000000,453.666667,66.666667,0.989200,81.284257,80.842936,81.725578,0.882642,0.633333,1.289474,1.000000,1.578947,0.578947,0.871778,0.798831,0.744109,0.853553,0.109444,1.000000,1.000000,1.000000,1.000000,0.000000,1.000000,6.000000,6.000000,6.000000,0.000000,21.338637,1.041626,1.807692,0.727292,0.019231,1.026258,21.023796,17.781645,0.867995,10.426918,0.508981,0.986558,0.048158,69.145683,165.989798,168.505392,163.474204,5.031188,0.970142
2025_04_25_IC_small_1,1049,205,199,0,-1,0.361547,728.700000,387.000000,1070.400000,683.400000,0.646111,102.982689,80.842936,125.122443,44.279507,0.705616,1.346539,1.114130,1.578947,0.464817,0.866066,0.801646,0.744109,0.859183,0.115074,1.000000,1.000000,1.000000,1.000000,0.000000,0.750000,7.000000,6.000000,8.000000,2.000000,37.326261,1.424958,1.929348,0.476903,0.320777,0.190879,5.000000,27.477871,1.048988,18.645695,0.711813,12.803425,0.488780,88.899992,102.331329,103.765215,100.897443,2.867772,0.972363
2025_04_25_IC_small_1,1050,205,214,0,-1,0.686908,326.416667,265.833333,387.000000,121.166667,0.809664,73.149287,65.455639,80.842936,15.387297,0.786207,1.410163,1.241379,1.578947,0.337568,0.954358,0.761902,0.744109,0.779696,0.035587,1.000000,1.000000,1.000000,1.000000,0.000000,0.833333,5.500000,5.000000,6.000000,1.000000,20.099185,1.117344,1.000000,0.568248,0.169262,0.726717,13.072448,15.583411,0.866305,9.483199,0.527185,1.303063,0.072439,66.541212,127.122971,149.743563,104.502379,45.241184,0.697876
2025_04_25_IC_small_1,1051,205,218,0,-1,0.669937,482.333333,387.000000,577.666667,190.666667,0.854553,87.722785,80.842936,94.602635,13.759699,0.863636,1.471292,1.363636,1.578947,0.215311,0.917394,0.777610,0.744109,0.811112,0.067003,1.000000,1.000000,1.000000,1.000000,0.000000,1.000000,6.000000,6.000000,6.000000,0.000000,22.898968,1.047840,1.131579,0.486858,0.346752,0.403847,8.825468,19.566932,0.895368,10.585879,0.484402,3.629392,0.166078,67.393223,85.502523,87.033959,83.971088,3.062871,0.964808
2025_04_25_IC_small_1,1052,478,473,0,-1,0.984197,624.305556,619.333333,629.277778,9.944444,0.977601,97.636294,96.530414,98.742174,2.211760,0.690196,1.267647,1.035294,1.500000,0.464706,0.940600,0.823436,0.798232,0.848641,0.050409,1.000000,1.000000,1.000000,1.000000,0.000000,1.000000,6.000000,6.000000,6.000000,0.000000,21.263782,0.851031,1.090909,0.726381,0.109366,0.966545,24.149994,16.972661,0.679289,10.631532,0.425501,0.838212,0.033547,36.763882,118.793107,121.153792,116.432422,4.721369,0.961030
2025_04_25_IC_small_1,1053,478,475,0,-1,0.966953,629.916667,619.333333,640.500000,21.166667,0.970604,100.237450,98.742174,101.732726,2.990553,0.958333,1.532609,1.500000,1.565217,0.065217,0.974269,0.787962,0.777692,0.798232,0.020540,1.000000,1.000000,1.000000,1.000000,0.000000,0.833333,5.500000,5.000000,6.000000,1.000000,21.818484,0.869357,1.205128,0.699189,0.078582,0.996125,25.000000,16.513036,0.657962,10.779877,0.429524,0.223251,0.008895,47.135528,112.068155,132.917435,91.218875,41.698559,0.686282
2025_04_25_IC_small_1,1054,478,498,0,-1,0.904198,589.666667,560.000000,619.333333,59.333333,0.924269,95.003256,91.264338,98.742174,7.477836,0.864865,1.398649,1.297297,1.500000,0.202703,0.944786,0.821556,0.798232,0.844881,0.046650,1.000000,1.000000,1.000000,1.000000,0.000000,1.000000,6.000000,6.000000,6.000000,0.000000,26.201819,1.079358,2.158537,0.676962,0.080130,0.866055,21.023796,20.647685,0.850561,12.330008,0.507923,1.424551,0.058683,59.286028,150.733587,153.434949,148.032225,5.402724,0.964788
2025_04_25_IC_small_1,1055,478,492,0,-1,0.637174,795.666667,619.333333,972.000000,352.666667,0.829142,108.915895,98.742174,119.089617,20.347444,0.822006,1.366505,1.233010,1.500000,0.266990,0.926831,0.829740,0.798232,0.861248,0.063017,1.000000,1.000000,1.000000,1.000000,0.000000,1.000000,6.000000,6.000000,6.000000,0.000000,35.272301,1.258302,1.225000,0.533170,0.225178,0.431050,12.083046,27.313457,0.974379,16.341306,0.582959,4.774180,0.170314,59.095331,113.172981,122.869996,103.475966,19.394030,0.842158
2025_04_25_IC_small_1,1056,473,470,0,-1,0.541361,484.972222,340.666667,629.277778,288.611111,0.836882,88.657498,80.784582,96.530414,15.745831,0.483137,1.589076,1.035294,2.142857,1.107563,0.772963,0.752304,0.655968,0.848641,0.192673,1.000000,1.000000,1.000000,1.000000,0.000000,0.833333,5.500000,5.000000,6.000000,1.000000,18.659383,0.857064,1.152381,0.667553,0.105161,0.968938,21.095023,15.282215,0.701944,9.236682,0.424260,5.873842,0.269798,0.499957,112.992574,135.000000,90.985148,44.014852,0.673964
2025_04_25_IC_small_1,1057,473,489,0,-1,0.964164,640.972222,629.277778,652.666667,23.388889,0.953781,98.869303,96.530414,101.208192,4.677778,0.992157,1.039386,1.035294,1.043478,0.008184,0.943509,0.824671,0.800700,0.848641,0.047941,1.000000,1.000000,1.000000,1.000000,0.000000,0.857143,6.500000,6.000000,7.000000,1.000000,37.025186,1.462499,1.005952,0.449772,0.341668,0.167585,4.242641,28.059306,1.108346,18.510575,0.731170,2.363158,0.093345,87.803087,101.004722,106.569112,95.440332,11.128780,0.895572
2025_04_25_IC_small_1,1058,473,492,0,-1,0.647405,800.638889,629.277778,972.000000,342.722222,0.810570,107.810016,96.530414,119.089617,22.559204,0.839648,1.134152,1.035294,1.233010,0.197716,0.985362,0.854945,0.848641,0.861248,0.012607,1.000000,1.000000,1.000000,1.000000,0.000000,1.000000,6.000000,6.000000,6.000000,0.000000,33.474135,1.189931,1.849558,0.611605,0.143843,0.608480,17.117243,24.458740,0.869454,16.736138,0.594932,6.247723,0.222093,87.139754,123.545647,135.370242,111.721051,23.649191,0.825300
2025_04_25_IC_small_1,1059,450,451,0,-1,0.739450,753.616667,640.733333,866.500000,225.766667,0.864807,110.620007,102.600411,118.639602,16.039190,0.864626,1.263134,1.171429,1.354839,0.183410,0.988712,0.769239,0.764872,0.773605,0.008732,1.000000,1.000000,1.000000,1.000000,0.000000,0.714286,6.000000,5.000000,7.000000,2.000000,28.381002,1.036766,1.352381,0.592052,0.234093,0.774063,21.189620,23.838926,0.870843,12.334646,0.450588,0.991227,0.036210,48.524908,129.861172,149.899879,109.822465,40.077415,0.732639
2025_04_25_IC_small_1,1060,450,467,0,-1,0.652403,1097.333333,866.500000,1328.166667,461.666667,0.857631,128.486875,118.639602,138.334148,19.694547,0.767857,1.197581,1.040323,1.354839,0.314516,0.886983,0.822890,0.773605,0.872175,0.098570,1.000000,1.000000,1.000000,1.000000,0.000000,0.857143,6.500000,6.000000,7.000000,1.000000,40.827272,1.239436,1.044118,0.528959,0.280377,0.434661,14.317821,29.771112,0.903793,18.810210,0.571041,7.547291,0.229121,63.587042,111.616358,121.607502,101.625214,19.982289,0.835682
2025_04_25_IC_small_1,1061,450,480,0,-1,0.516389,1272.250000,866.500000,1678.000000,811.500000,0.741907,139.275610,118.639602,159.911619,41.272017,0.984127,1.344086,1.333333,1.354839,0.021505,0.938161,0.799101,0.773605,0.824597,0.050992,1.000000,1.000000,1.000000,1.000000,0.000000,0.857143,6.500000,6.000000,7.000000,1.000000,49.690107,1.411655,2.136364,0.509353,0.174298,0.397729,14.000000,32.977358,0.936860,24.613226,0.699242,11.729351,0.333221,79.706821,131.691788,136.297741,127.085835,9.211905,0.932413
2025_04_25_IC_small_1,1062,450,468,0,-1,0.865551,808.250000,750.000000,866.500000,116.500000,0.886756,111.921970,105.204338,118.639602,13.435263,0.753472,1.187836,1.020833,1.354839,0.334005,0.908480,0.812571,0.773605,0.851538,0.077933,1.000000,1.000000,1.000000,1.000000,0.000000,0.857143,6.500000,6.000000,7.000000,1.000000,28.212739,0.993013,1.187919,0.558356,0.237447,0.582619,16.552945,23.515109,0.827669,13.178450,0.463846,0.586216,0.020633,58.480393,96.900827,117.897271,75.904383,41.992888,0.643818
2025_04_25_IC_small_1,1063,451,468,0,-1,0.854311,695.366667,640.733333,750.000000,109.266667,0.975249,103.902375,102.600411,105.204338,2.603927,0.871443,1.096131,1.020833,1.171429,0.150595,0.898225,0.808205,0.764872,0.851538,0.086665,1.000000,1.000000,1.000000,1.000000,0.000000,0.833333,5.500000,5.000000,6.000000,1.000000,26.767446,1.015865,1.448911,0.715747,0.044245,0.978105,25.772509,23.826218,0.904241,13.040276,0.494898,1.672209,0.063463,70.525899,171.202278,174.273153,168.131404,6.141749,0.964758
2025_04_25_IC_small_1,1064,189,192,0,-1,0.908652,1197.361111,1140.055556,1254.666667,114.611111,0.952726,134.113279,130.866490,137.360068,6.493579,0.776721,1.293729,1.131148,1.456311,0.325163,0.998937,0.836081,0.835636,0.836525,0.000889,1.000000,1.000000,1.000000,1.000000,0.000000,1.000000,6.000000,6.000000,6.000000,0.000000,32.699207,0.945255,1.337580,0.641532,0.161304,0.746453,25.822041,25.869760,0.747832,16.344696,0.472486,2.597110,0.075076,72.632166,102.981194,103.264043,102.698345,0.565697,0.994522
2025_04_25_IC_small_1,1065,189,195,0,-1,0.766287,1446.000000,1254.666667,1637.333333,382.666667,0.866841,147.910312,137.360068,158.460555,21.100487,0.779235,1.291380,1.131148,1.451613,0.320465,0.980590,0.827526,0.819416,0.835636,0.016220,1.000000,1.000000,1.000000,1.000000,0.000000,1.000000,6.000000,6.000000,6.000000,0.000000,32.690281,0.861571,1.098446,0.784489,0.081086,1.061955,40.293369,25.528975,0.672831,16.224192,0.427598,3.051936,0.080436,59.196056,143.976181,146.242526,141.709837,4.532689,0.969006
2025_04_25_IC_small_1,1066,189,217,0,-1,0.762221,1105.500000,956.333333,1254.666667,298.333333,0.901307,130.581850,123.803632,137.360068,13.556436,0.922320,1.178781,1.131148,1.226415,0.095268,0.938286,0.809851,0.784066,0.835636,0.051571,0.995662,0.997831,0.995662,1.000000,0.004338,1.000000,6.000000,6.000000,6.000000,0.000000,41.550856,1.252552,1.573248,0.565080,0.175235,0.594213,19.711813,30.655031,0.924097,20.767429,0.626035,2.552651,0.076950,86.186990,119.355484,136.829737,101.881231,34.948506,0.744584
2025_04_25_IC_small_1,1067,189,223,0,-1,0.736716,1089.500000,924.333333,1254.666667,330.333333,0.877256,128.929994,120.499919,137.360068,16.860149,0.997607,1.129794,1.128440,1.131148,0.002707,0.957299,0.817795,0.799954,0.835636,0.035682,1.000000,1.000000,1.000000,1.000000,0.000000,1.000000,6.000000,6.000000,6.000000,0.000000,46.527507,1.413692,1.811189,0.450832,0.397838,0.173363,5.705748,36.253872,1.101538,22.615158,0.687139,3.487352,0.105960,75.939950,104.407115,118.663957,90.150273,28.513684,0.759711
2025_04_25_IC_small_1,1068,183,195,0,-1,0.938838,1690.666667,1637.333333,1744.000000,106.666667,0.911340,166.168489,158.460555,173.876423,15.415868,0.739918,1.262843,1.074074,1.451613,0.377539,0.884648,0.772156,0.724895,0.819416,0.094522,1.000000,1.000000,1.000000,1.000000,0.000000,1.000000,6.000000,6.000000,6.000000,0.000000,34.854104,0.847772,1.182648,0.689654,0.111790,1.023031,42.059482,28.654223,0.696969,17.411577,0.423510,1.316773,0.032028,60.508832,121.228095,124.783120,117.673069,7.110051,0.943021
2025_04_25_IC_small_1,1069,183,210,0,-1,0.697439,1480.166667,1216.333333,1744.000000,527.666667,0.786028,155.274094,136.671765,173.876423,37.204658,0.738854,1.263889,1.074074,1.453704,0.379630,0.885870,0.771590,0.724895,0.818286,0.093391,1.000000,1.000000,1.000000,1.000000,0.000000,0.857143,6.500000,6.000000,7.000000,1.000000,51.842827,1.352942,1.096386,0.471744,0.246706,0.387960,14.866069,38.029473,0.992455,25.644582,0.669246,9.865232,0.257453,86.701256,106.531877,108.384453,104.679301,3.705152,0.965815
2025_04_25_IC_small_1,1070,183,221,0,-1,0.859773,1621.722222,1499.444444,1744.000000,244.555556,0.886565,164.014566,154.152710,173.876423,19.723713,0.957077,1.051023,1.027972,1.074074,0.046102,0.914191,0.758915,0.724895,0.792936,0.068041,1.000000,1.000000,1.000000,1.000000,0.000000,0.857143,6.500000,6.000000,7.000000,1.000000,41.182831,1.023381,1.735632,0.602935,0.140900,0.845255,34.014703,34.559739,0.858799,20.230674,0.502726,2.694610,0.066960,66.739263,125.958579,132.638085,119.279072,13.359013,0.899282
2025_04_25_IC_small_1,1071,191,200,0,-1,0.588198,1038.416667,769.166667,1307.666667,538.500000,0.776436,123.227070,107.719002,138.735139,31.016136,0.716540,1.343870,1.121951,1.565789,0.443838,0.975690,0.843379,0.833001,0.853756,0.020755,1.000000,1.000000,1.000000,1.000000,0.000000,0.875000,7.500000,7.000000,8.000000,1.000000,34.877410,1.091701,1.144578,0.512903,0.286333,0.326793,10.440307,28.608571,0.895480,17.447605,0.546129,6.658143,0.208407,87.126985,87.739417,102.779361,72.699473,30.079888,0.707335
2025_04_25_IC_small_1,1072,191,209,0,-1,0.368468,894.750000,481.833333,1307.666667,825.833333,0.651262,114.544029,90.352919,138.735139,48.382220,0.972332,1.106430,1.090909,1.121951,0.031042,0.868737,0.797723,0.741690,0.853756,0.112067,1.000000,1.000000,1.000000,1.000000,0.000000,0.625000,6.500000,5.000000,8.000000,3.000000,24.168275,0.831777,1.333333,0.834177,0.050138,1.116800,32.449961,21.730219,0.747869,11.881392,0.408911,9.063125,0.311917,59.015965,150.058557,153.205898,146.911215,6.294682,0.958914
2025_04_25_IC_small_1,1073,191,220,0,-1,0.535942,1004.250000,700.833333,1307.666667,606.833333,0.725728,119.709537,100.683935,138.735139,38.051204,0.936779,1.086486,1.051020,1.121951,0.070931,0.982720,0.861263,0.853756,0.868769,0.015012,1.000000,1.000000,1.000000,1.000000,0.000000,0.750000,7.000000,6.000000,8.000000,2.000000,39.973765,1.276405,1.496732,0.523711,0.218267,0.317532,9.944289,32.865169,1.049420,20.021934,0.639322,11.604675,0.370550,86.837767,106.099905,138.145207,74.054604,64.090602,0.536064
2025_04_25_IC_small_1,1074,191,203,0,-1,0.948733,1274.146507,1240.626347,1307.666667,67.040319,0.967620,136.488998,134.242858,138.735139,4.492281,0.867776,1.207428,1.121951,1.292905,0.170954,0.986883,0.859430,0.853756,0.865104,0.011348,1.000000,1.000000,1.000000,1.000000,0.000000,0.875000,7.500000,7.000000,8.000000,1.000000,41.362806,1.158878,1.171136,0.607654,0.116303,0.608192,21.707654,29.324042,0.821584,18.812611,0.527081,1.120096,0.031382,54.999466,112.169126,114.762906,109.575347,5.187559,0.954798
2025_04_25_IC_small_1,1075,459,436,0,-1,0.988827,840.555556,835.833333,845.277778,9.444444,0.994803,112.443862,112.150915,112.736809,0.585893,0.860518,1.102885,1.020202,1.185567,0.165365,0.999185,0.835412,0.835072,0.835753,0.000681,1.000000,1.000000,1.000000,1.000000,0.000000,1.000000,6.000000,6.000000,6.000000,0.000000,29.378124,1.013311,1.678261,0.656155,0.130073,0.783930,22.727859,23.877634,0.823588,14.675287,0.506180,0.782973,0.027006,86.836573,134.392114,135.000000,133.784228,1.215772,0.990994
2025_04_25_IC_small_1,1076,459,448,0,-1,0.573776,665.138889,485.000000,845.277778,360.277778,0.761838,99.312017,85.887226,112.736809,26.849582,0.948454,1.217784,1.185567,1.250000,0.064433,0.988591,0.830985,0.826218,0.835753,0.009535,1.000000,1.000000,1.000000,1.000000,0.000000,0.833333,5.500000,5.000000,6.000000,1.000000,31.086969,1.216797,1.077922,0.561483,0.207350,0.510346,13.038405,25.104052,0.982616,15.449160,0.604707,7.654355,0.299605,84.384193,124.599304,142.464442,106.734165,35.730278,0.749199
2025_04_25_IC_small_1,1077,459,474,0,-1,0.975070,856.083333,845.277778,866.888889,21.611111,0.985380,113.573144,112.736809,114.409480,1.672671,0.989796,1.179518,1.173469,1.185567,0.012098,0.995798,0.833997,0.832241,0.835753,0.003511,1.000000,1.000000,1.000000,1.000000,0.000000,1.000000,6.000000,6.000000,6.000000,0.000000,38.525032,1.316721,1.431373,0.547697,0.172880,0.494635,14.472196,28.680570,0.980254,18.496833,0.632191,0.105677,0.003612,74.089777,126.758614,131.073055,122.444172,8.628883,0.934167
2025_04_25_IC_small_1,1078,436,448,0,-1,0.580259,660.416667,485.000000,835.833333,350.833333,0.765818,99.019071,85.887226,112.150915,26.263689,0.816162,1.135101,1.020202,1.250000,0.229798,0.989397,0.830645,0.826218,0.835072,0.008854,1.000000,1.000000,1.000000,1.000000,0.000000,0.833333,5.500000,5.000000,6.000000,1.000000,26.993141,1.059937,1.232558,0.639063,0.175647,0.724046,18.439089,23.547374,0.924632,13.331607,0.523491,6.926310,0.271975,69.937811,130.088531,141.911227,118.265835,23.645392,0.833379
2025_04_25_IC_small_1,1079,204,207,0,-1,0.571529,623.722222,453.666667,793.777778,340.111111,0.748041,95.489166,81.725578,109.252754,27.527176,0.919643,1.043689,1.000000,1.087379,0.087379,0.979069,0.844621,0.835688,0.853553,0.017866,1.000000,1.000000,1.000000,1.000000,0.000000,1.000000,6.000000,6.000000,6.000000,0.000000,29.579332,1.195764,1.759259,0.575940,0.169547,0.525534,13.000000,21.717206,0.877933,14.573593,0.589147,6.915101,0.279548,74.876974,118.208968,126.135377,110.282559,15.852818,0.874319
2025_04_25_IC_small_1,1080,204,218,0,-1,0.785343,515.666667,453.666667,577.666667,124.000000,0.863883,88.164107,81.725578,94.602635,12.877057,0.733333,1.181818,1.000000,1.363636,0.363636,0.950276,0.832333,0.811112,0.853553,0.042442,1.000000,1.000000,1.000000,1.000000,0.000000,1.000000,6.000000,6.000000,6.000000,0.000000,23.908606,1.054772,1.023256,0.665419,0.123465,0.811078,18.384776,19.541156,0.862094,11.216212,0.494824,1.913582,0.084421,66.810047,132.778037,161.095424,104.460649,56.634775,0.648440
2025_04_25_IC_small_1,1081,204,219,0,-1,0.444844,736.750000,453.666667,1019.833333,566.166667,0.671236,101.739749,81.725578,121.753921,40.028343,0.840909,1.094595,1.000000,1.189189,0.189189,0.987319,0.859035,0.853553,0.864516,0.010963,1.000000,1.000000,1.000000,1.000000,0.000000,0.857143,6.500000,6.000000,7.000000,1.000000,29.177249,1.096183,1.187500,0.559953,0.225993,0.406379,10.816654,24.493558,0.920217,14.355027,0.539315,7.920998,0.297590,82.561746,100.501076,126.027373,74.974778,51.052595,0.594909
2025_04_25_IC_small_1,1082,199,214,0,-1,0.248350,668.116667,265.833333,1070.400000,804.566667,0.523133,95.289041,65.455639,125.122443,59.666804,0.897494,1.177755,1.114130,1.241379,0.127249,0.907485,0.819439,0.779696,0.859183,0.079487,1.000000,1.000000,1.000000,1.000000,0.000000,0.625000,6.500000,5.000000,8.000000,3.000000,28.453635,1.160867,1.115760,0.633607,0.121610,0.566791,13.892444,23.080826,0.941664,14.226019,0.580401,15.378144,0.627406,85.233238,110.245874,111.132754,109.358994,1.773760,0.984039
2025_04_25_IC_small_1,1083,199,224,0,-1,0.286186,688.366667,306.333333,1070.400000,764.066667,0.577963,98.719321,72.316200,125.122443,52.806243,0.923960,1.071771,1.029412,1.114130,0.084719,0.856737,0.797638,0.736093,0.859183,0.123089,1.000000,1.000000,1.000000,1.000000,0.000000,0.500000,6.000000,4.000000,8.000000,4.000000,25.133166,1.000936,1.426016,0.681019,0.110891,0.757728,19.026298,20.007564,0.796807,12.020256,0.478710,10.285166,0.409610,48.768298,122.621552,125.598021,119.645082,5.952939,0.952603
2025_04_25_IC_small_1,1084,199,215,0,-1,0.832097,1178.394444,1070.400000,1286.388889,215.988889,0.926231,130.105119,125.122443,135.087796,9.965353,0.866546,1.199922,1.114130,1.285714,0.171584,0.969919,0.872506,0.859183,0.885829,0.026646,1.000000,1.000000,1.000000,1.000000,0.000000,0.875000,7.500000,7.000000,8.000000,1.000000,42.477224,1.238706,1.343042,0.512366,0.283965,0.288522,9.893881,31.479586,0.917997,21.207063,0.618433,4.801738,0.140027,79.715644,97.133316,111.305784,82.960848,28.344936,0.745342
2025_04_25_IC_small_1,1085,199,225,0,-1,0.526750,817.116667,563.833333,1070.400000,506.566667,0.742785,109.030783,92.939123,125.122443,32.183320,0.979157,1.102520,1.090909,1.114130,0.023221,0.954724,0.839733,0.820283,0.859183,0.038900,1.000000,1.000000,1.000000,1.000000,0.000000,0.625000,6.500000,5.000000,8.000000,3.000000,32.451521,1.149497,1.473913,0.513662,0.242519,0.320760,9.055385,25.846261,0.915525,16.032736,0.567911,5.058202,0.179171,77.886882,94.721339,119.734782,69.707897,50.026885,0.582186
2025_04_25_IC_small_1,1086,464,481,0,-1,0.630650,947.000000,732.500000,1161.500000,429.000000,0.839531,125.328678,114.395782,136.261573,21.865791,0.941041,1.193740,1.157480,1.230000,0.072520,0.894778,0.744750,0.703392,0.786108,0.082716,1.000000,1.000000,1.000000,1.000000,0.000000,0.666667,5.000000,4.000000,6.000000,2.000000,26.890715,0.879564,1.005208,0.584718,0.221665,0.799789,24.451767,24.208546,0.791834,13.431649,0.439334,4.518050,0.147780,2.573600,111.876954,114.730828,109.023080,5.707748,0.950251
2025_04_25_IC_small_1,1087,464,477,0,-1,0.947386,1130.944444,1100.388889,1161.500000,61.111111,0.994518,136.637106,136.261573,137.012639,0.751066,0.915035,1.211219,1.157480,1.264957,0.107477,0.937028,0.761357,0.736605,0.786108,0.049503,1.000000,1.000000,1.000000,1.000000,0.000000,0.857143,6.500000,6.000000,7.000000,1.000000,33.434270,0.994285,1.000000,0.569534,0.221545,0.741610,24.937700,28.696787,0.853399,16.512838,0.491067,4.482336,0.133298,78.279858,109.683346,127.262627,92.104065,35.158562,0.723732
2025_04_25_IC_small_1,1088,464,496,0,-1,0.916631,1113.083333,1064.666667,1161.500000,96.833333,0.944773,132.498907,128.736240,136.261573,7.525333,0.949626,1.128327,1.099174,1.157480,0.058307,0.973779,0.796692,0.786108,0.807276,0.021168,1.000000,1.000000,1.000000,1.000000,0.000000,0.857143,6.500000,6.000000,7.000000,1.000000,40.106153,1.202403,1.526946,0.517567,0.248559,0.487331,16.254914,31.707865,0.950618,20.017536,0.600136,0.420770,0.012615,83.722722,116.225682,120.256437,112.194926,8.061511,0.932964
2025_04_25_IC_small_1,1089,470,466,0,-1,0.402098,593.944444,340.666667,847.222222,506.555556,0.688026,99.099837,80.784582,117.415092,36.630510,0.821097,1.951175,1.759494,2.142857,0.383363,0.849421,0.714110,0.655968,0.772253,0.116285,1.000000,1.000000,1.000000,1.000000,0.000000,0.714286,6.000000,5.000000,7.000000,2.000000,17.655267,0.742376,1.241071,0.784973,0.074549,1.267743,30.149627,15.428159,0.648729,8.441274,0.354942,6.276743,0.263927,21.294717,151.586500,166.051904,137.121096,28.930807,0.825773
2025_04_25_IC_small_1,1090,470,489,0,-1,0.521961,496.666667,340.666667,652.666667,312.000000,0.798202,90.996387,80.784582,101.208192,20.423610,0.486957,1.593168,1.043478,2.142857,1.099379,0.819243,0.728334,0.655968,0.800700,0.144732,1.000000,1.000000,1.000000,1.000000,0.000000,0.714286,6.000000,5.000000,7.000000,2.000000,31.313428,1.423192,2.021739,0.500070,0.226510,0.545399,12.000000,25.001216,1.136303,15.102240,0.686395,5.500168,0.249982,71.357134,134.074582,138.589497,129.559668,9.029829,0.934845
2025_04_25_IC_small_1,1091,202,192,0,-1,0.575411,898.027778,656.000000,1140.055556,484.055556,0.754296,114.789266,98.712043,130.866490,32.154447,0.783608,1.298744,1.141176,1.456311,0.315134,0.988793,0.841266,0.836525,0.846006,0.009481,1.000000,1.000000,1.000000,1.000000,0.000000,1.000000,6.000000,6.000000,6.000000,0.000000,29.513380,0.994098,1.233333,0.641776,0.209440,0.708144,21.023796,24.881318,0.838076,14.512902,0.488837,6.252415,0.210600,62.885347,124.656591,140.194429,109.118753,31.075675,0.778339
2025_04_25_IC_small_1,1092,202,216,0,-1,0.870681,613.583333,571.166667,656.000000,84.833333,0.979065,97.678781,96.645520,98.712043,2.066523,0.783939,1.298436,1.141176,1.455696,0.314520,0.908314,0.807222,0.768439,0.846006,0.077567,1.000000,1.000000,1.000000,1.000000,0.000000,0.833333,5.500000,5.000000,6.000000,1.000000,27.306264,1.103025,1.126761,0.588634,0.243379,0.676601,16.749793,20.909021,0.844611,13.652326,0.551480,0.010220,0.000413,84.480049,131.746129,147.917813,115.574445,32.343368,0.781342
2025_04_25_IC_small_1,1093,202,212,0,-1,0.990430,652.861111,649.722222,656.000000,6.277778,0.996245,98.526700,98.341358,98.712043,0.370685,0.885140,1.075639,1.010101,1.141176,0.131075,0.997911,0.845122,0.844239,0.846006,0.001767,1.000000,1.000000,1.000000,1.000000,0.000000,1.000000,6.000000,6.000000,6.000000,0.000000,29.740088,1.163947,1.083333,0.566562,0.162703,0.525892,13.437096,21.882130,0.856407,14.584999,0.570817,0.529025,0.020705,78.706412,100.861313,118.330458,83.392167,34.938291,0.704740
2025_04_25_IC_small_1,1094,202,226,0,-1,0.982215,650.166667,644.333333,656.000000,11.666667,0.999176,98.671390,98.630737,98.712043,0.081306,0.940185,1.107047,1.072917,1.141176,0.068260,0.983835,0.839168,0.832331,0.846006,0.013675,1.000000,1.000000,1.000000,1.000000,0.000000,1.000000,6.000000,6.000000,6.000000,0.000000,33.540376,1.315406,1.512195,0.476998,0.219687,0.240342,6.128259,24.698086,0.968624,16.675983,0.654009,0.027066,0.001062,85.841200,91.168653,97.042813,85.294493,11.748320,0.878937
2025_04_25_IC_small_1,1095,475,498,0,-1,0.874317,600.250000,560.000000,640.500000,80.500000,0.897099,96.498532,91.264338,101.732726,10.468388,0.828829,1.431257,1.297297,1.565217,0.267920,0.920475,0.811287,0.777692,0.844881,0.067189,1.000000,1.000000,1.000000,1.000000,0.000000,0.833333,5.500000,5.000000,6.000000,1.000000,35.031315,1.430655,1.398496,0.467792,0.338054,0.273958,6.708204,25.975799,1.060834,16.094739,0.657298,1.333776,0.054471,56.476671,115.382732,115.419288,115.346176,0.073112,0.999367
2025_04_25_IC_small_1,1096,475,493,0,-1,0.809784,579.583333,518.666667,640.500000,121.833333,0.886973,95.983474,90.234222,101.732726,11.498504,0.861111,1.456522,1.347826,1.565217,0.217391,0.971521,0.789091,0.777692,0.800490,0.022798,1.000000,1.000000,1.000000,1.000000,0.000000,1.000000,5.000000,5.000000,5.000000,0.000000,26.024511,1.082497,2.192308,0.671848,0.031919,0.930099,22.360680,21.584374,0.897809,12.399077,0.515743,2.218585,0.092283,69.089144,166.198736,177.816761,154.580712,23.236049,0.869326
2025_04_25_IC_small_1,1097,475,472,0,-1,0.631865,827.083333,640.500000,1013.666667,373.166667,0.744495,119.189694,101.732726,136.646662,34.913936,0.749407,1.826912,1.565217,2.088608,0.523390,0.877201,0.729942,0.682193,0.777692,0.095499,1.000000,1.000000,1.000000,1.000000,0.000000,0.625000,6.500000,5.000000,8.000000,3.000000,25.103477,0.878570,1.161972,0.599390,0.171385,0.912634,26.076810,22.786683,0.797487,11.075033,0.387603,1.882367,0.065879,31.565590,120.803991,171.591088,70.016893,101.574195,0.408045
2025_04_25_IC_small_1,1098,192,216,0,-1,0.500999,855.611111,571.166667,1140.055556,568.888889,0.738505,113.756005,96.645520,130.866490,34.220970,0.999578,1.456003,1.455696,1.456311,0.000614,0.918608,0.802482,0.768439,0.836525,0.068086,1.000000,1.000000,1.000000,1.000000,0.000000,0.833333,5.500000,5.000000,6.000000,1.000000,26.635083,0.923806,1.335714,0.757810,0.072365,1.024200,29.529646,23.645902,0.820130,13.286221,0.460817,8.413961,0.291828,84.914266,156.633124,177.959446,135.306802,42.652644,0.760324
2025_04_25_IC_small_1,1099,192,217,0,-1,0.838848,1048.194444,956.333333,1140.055556,183.722222,0.946030,127.335061,123.803632,130.866490,7.062858,0.842138,1.341363,1.226415,1.456311,0.229896,0.937289,0.810295,0.784066,0.836525,0.052460,0.995662,0.997831,0.995662,1.000000,0.004338,1.000000,6.000000,6.000000,6.000000,0.000000,37.858212,1.170462,1.509434,0.528691,0.237922,0.486117,15.723302,29.069859,0.898753,16.563970,0.512108,5.231816,0.161752,47.583483,102.080520,119.906221,84.254818,35.651402,0.702673
2025_04_25_IC_small_1,1100,455,447,0,-1,0.885131,562.083333,527.833333,596.333333,68.500000,0.933272,92.408292,89.218782,95.597802,6.379020,0.992337,1.171171,1.166667,1.175676,0.009009,0.984032,0.826633,0.819980,0.833286,0.013306,1.000000,1.000000,1.000000,1.000000,0.000000,0.833333,5.500000,5.000000,6.000000,1.000000,27.442701,1.158053,1.367521,0.555161,0.244774,0.533779,12.649111,21.786006,0.919346,13.690265,0.577715,2.520904,0.106379,86.104432,123.701433,142.334379,105.068488,37.265891,0.738181
2025_04_25_IC_small_1,1101,455,463,0,-1,0.758245,524.250000,452.166667,596.333333,144.166667,0.890232,90.351008,85.104214,95.597802,10.493588,0.878843,1.095992,1.025316,1.166667,0.141350,0.956760,0.802252,0.784524,0.819980,0.035456,1.000000,1.000000,1.000000,1.000000,0.000000,1.000000,5.000000,5.000000,5.000000,0.000000,20.149412,0.882118,1.243478,0.665545,0.172945,0.875577,20.000000,17.269170,0.756025,10.072289,0.440953,2.721500,0.119144,79.549123,117.353326,130.236358,104.470294,25.766064,0.802159
2025_04_25_IC_small_1,1102,455,471,0,-1,0.942571,614.500000,596.333333,632.666667,36.333333,0.998796,95.655421,95.597802,95.713040,0.115238,0.956667,1.193089,1.166667,1.219512,0.052846,0.944845,0.843913,0.819980,0.867846,0.047866,1.000000,1.000000,1.000000,1.000000,0.000000,0.714286,6.000000,5.000000,7.000000,2.000000,26.353639,1.063230,1.423729,0.699178,0.062924,0.861107,21.343747,20.564791,0.829680,13.039383,0.526070,0.575165,0.023205,72.497305,156.672257,170.214411,143.130102,27.084309,0.840881
2025_04_25_IC_small_1,1103,447,463,0,-1,0.856647,490.000000,452.166667,527.833333,75.666667,0.953882,87.161498,85.104214,89.218782,4.114568,0.872108,1.100496,1.025316,1.175676,0.150359,0.941482,0.808905,0.784524,0.833286,0.048762,1.000000,1.000000,1.000000,1.000000,0.000000,0.833333,5.500000,5.000000,6.000000,1.000000,24.761634,1.119452,1.510204,0.610641,0.162982,0.730376,16.155494,20.053357,0.906595,12.379418,0.559663,0.205556,0.009293,88.949868,123.597953,124.695154,122.500753,2.194401,0.982402
2025_04_25_IC_small_1,1104,447,466,0,-1,0.623016,687.527778,527.833333,847.222222,319.388889,0.759858,103.316937,89.218782,117.415092,28.196311,0.668190,1.467585,1.175676,1.759494,0.583818,0.926756,0.802769,0.772253,0.833286,0.061033,1.000000,1.000000,1.000000,1.000000,0.000000,0.857143,6.500000,6.000000,7.000000,1.000000,37.264384,1.430997,2.272727,0.453117,0.301766,0.217983,5.676462,28.011752,1.075685,18.839622,0.723464,7.936614,0.304775,88.613878,99.022431,115.377744,82.667117,32.710627,0.716491
2025_04_25_IC_small_1,1105,206,200,0,-1,0.616179,621.555556,473.944444,769.166667,295.222222,0.829225,98.521169,89.323335,107.719002,18.395667,0.878759,1.673804,1.565789,1.781818,0.216029,0.896111,0.789731,0.746462,0.833001,0.086540,1.000000,1.000000,1.000000,1.000000,0.000000,0.714286,6.000000,5.000000,7.000000,2.000000,19.099371,0.771628,1.092437,0.823794,0.062299,1.198629,29.668539,16.216411,0.655154,9.436928,0.381258,3.894966,0.157359,38.227858,138.631622,142.263245,135.000000,7.263245,0.948945
2025_04_25_IC_small_1,1106,206,215,0,-1,0.368430,880.166667,473.944444,1286.388889,812.444444,0.661224,112.205565,89.323335,135.087796,45.764461,0.721574,1.533766,1.285714,1.781818,0.496104,0.842670,0.816145,0.746462,0.885829,0.139367,1.000000,1.000000,1.000000,1.000000,0.000000,0.714286,6.000000,5.000000,7.000000,2.000000,29.944651,1.039086,1.144737,0.665588,0.154642,0.730538,21.052844,25.498992,0.884821,14.797574,0.513479,12.691328,0.440392,81.087954,122.782439,135.194883,110.369995,24.824888,0.816377
2025_04_25_IC_small_1,1107,206,228,0,-1,0.770990,544.333333,473.944444,614.722222,140.777778,0.945705,91.887449,89.323335,94.451564,5.128229,0.612245,1.436364,1.090909,1.781818,0.690909,0.862059,0.806183,0.746462,0.865905,0.119444,0.999819,0.999910,0.999819,1.000000,0.000181,0.714286,6.000000,5.000000,7.000000,2.000000,30.998509,1.331441,1.968085,0.515576,0.218565,0.448430,10.440307,23.256676,0.998915,15.478798,0.664842,1.001921,0.043034,88.919988,119.933955,128.186653,111.681257,16.505396,0.871239
2025_04_25_IC_small_1,1108,200,209,0,-1,0.626436,625.500000,481.833333,769.166667,287.333333,0.838783,99.035961,90.352919,107.719002,17.366083,0.696715,1.328349,1.090909,1.565789,0.474880,0.890383,0.787346,0.741690,0.833001,0.091311,1.000000,1.000000,1.000000,1.000000,0.000000,0.714286,6.000000,5.000000,7.000000,2.000000,25.185885,1.013832,1.256000,0.594369,0.203837,0.713302,17.720045,20.527289,0.826305,12.502148,0.503261,2.201263,0.088610,62.903937,119.113143,140.389312,97.836974,42.552338,0.696898
2025_04_25_IC_small_1,1109,200,222,0,-1,0.367208,525.805556,282.444444,769.166667,486.722222,0.653179,89.039410,70.359818,107.719002,37.359184,0.666026,1.304323,1.042857,1.565789,0.522932,0.860692,0.774979,0.716958,0.833001,0.116044,1.000000,1.000000,1.000000,1.000000,0.000000,0.571429,5.500000,4.000000,7.000000,3.000000,23.708912,1.064614,1.659794,0.608193,0.174230,0.688683,15.336956,20.966136,0.941453,10.877476,0.488437,8.395997,0.377010,48.492268,117.618920,121.821809,113.416031,8.405778,0.930999
2025_04_25_IC_small_1,1110,200,228,0,-1,0.799205,691.944444,614.722222,769.166667,154.444444,0.876833,101.085283,94.451564,107.719002,13.267438,0.696715,1.328349,1.090909,1.565789,0.474880,0.962000,0.849453,0.833001,0.865905,0.032904,0.999819,0.999910,0.999819,1.000000,0.000181,1.000000,7.000000,7.000000,7.000000,0.000000,35.170312,1.339121,1.653226,0.515904,0.267242,0.353552,9.285592,25.333338,0.964575,17.574389,0.669151,5.056402,0.192524,83.884719,113.814328,121.573157,106.055499,15.517658,0.872360
2025_04_25_IC_small_1,1111,467,480,0,-1,0.791518,1503.083333,1328.166667,1678.000000,349.833333,0.865066,149.122884,138.334148,159.911619,21.577471,0.780242,1.186828,1.040323,1.333333,0.293011,0.945449,0.848386,0.824597,0.872175,0.047578,1.000000,1.000000,1.000000,1.000000,0.000000,1.000000,6.000000,6.000000,6.000000,0.000000,36.049013,0.931410,1.020202,0.671484,0.114431,0.788779,30.528675,27.500568,0.710541,17.620982,0.455279,2.831864,0.073168,80.566150,100.153181,102.094757,98.211604,3.883153,0.961965
2025_04_25_IC_small_1,1112,467,479,0,-1,0.620028,1075.833333,823.500000,1328.166667,504.666667,0.877336,129.849824,121.365499,138.334148,16.968649,0.678471,1.286828,1.040323,1.533333,0.493011,0.805526,0.787367,0.702559,0.872175,0.169616,1.000000,1.000000,1.000000,1.000000,0.000000,0.833333,5.500000,5.000000,6.000000,1.000000,33.887175,1.040430,1.095506,0.607344,0.143765,0.747661,24.351591,27.752052,0.852065,16.412203,0.503900,6.462629,0.198421,63.975912,113.065636,124.355531,101.775742,22.579789,0.818426
2025_04_25_IC_small_1,1113,467,499,0,-1,0.986197,1319.000000,1309.833333,1328.166667,18.333333,0.988709,139.124064,138.334148,139.913980,1.579832,0.895161,1.101242,1.040323,1.162162,0.121840,0.964051,0.856498,0.840821,0.872175,0.031354,1.000000,1.000000,1.000000,1.000000,0.000000,1.000000,6.000000,6.000000,6.000000,0.000000,44.518221,1.225796,1.583333,0.575339,0.193265,0.526050,19.104973,34.185775,0.941295,22.069638,0.607681,0.226636,0.006240,80.672025,133.323177,146.189900,120.456455,25.733444,0.823972
2025_04_25_IC_small_1,1114,481,496,0,-1,0.688009,898.583333,732.500000,1064.666667,332.166667,0.888606,121.566011,114.395782,128.736240,14.340458,0.893637,1.164587,1.099174,1.230000,0.130826,0.871316,0.755334,0.703392,0.807276,0.103884,1.000000,1.000000,1.000000,1.000000,0.000000,0.571429,5.500000,4.000000,7.000000,3.000000,29.687384,0.994653,1.169811,0.609362,0.221645,0.847965,25.309199,23.943774,0.802218,13.970277,0.468063,1.261899,0.042279,58.482419,125.761625,133.074246,118.449004,14.625242,0.890097
2025_04_25_IC_small_1,1115,481,484,0,-1,0.558237,1022.333333,732.500000,1312.166667,579.666667,0.779751,130.551981,114.395782,146.708180,32.312398,0.712105,1.478636,1.230000,1.727273,0.497273,0.918137,0.734750,0.703392,0.766108,0.062716,1.000000,1.000000,1.000000,1.000000,0.000000,0.500000,6.000000,4.000000,8.000000,4.000000,24.635045,0.778499,1.195946,0.829333,0.003206,1.344448,42.544095,20.946053,0.661922,12.023366,0.379954,5.483920,0.173299,30.668800,178.645261,179.483836,177.806686,1.677149,0.990656
2025_04_25_IC_small_1,1116,456,474,0,-1,0.932473,898.277778,866.888889,929.666667,62.777778,0.973570,115.962416,114.409480,117.515353,3.105873,0.940607,1.138621,1.103774,1.173469,0.069696,0.983788,0.839099,0.832241,0.845956,0.013715,1.000000,1.000000,1.000000,1.000000,0.000000,0.833333,5.500000,5.000000,6.000000,1.000000,30.008773,1.001404,1.049080,0.659965,0.171625,0.783710,23.485220,25.017804,0.834853,14.924726,0.498044,2.829702,0.094428,78.260242,129.689315,150.524111,108.854520,41.669591,0.723170
2025_04_25_IC_small_1,1117,456,472,0,-1,0.917133,971.666667,929.666667,1013.666667,84.000000,0.859994,127.081007,117.515353,136.646662,19.131310,0.528473,1.596191,1.103774,2.088608,0.984834,0.806416,0.764074,0.682193,0.845956,0.163764,1.000000,1.000000,1.000000,1.000000,0.000000,0.625000,6.500000,5.000000,8.000000,3.000000,36.327696,1.165684,1.933884,0.559565,0.190995,0.726069,22.627417,26.648952,0.855112,15.842683,0.508360,0.952445,0.030562,45.768965,115.367697,121.667216,109.068178,12.599039,0.896447
2025_04_25_IC_small_1,1118,209,222,0,-1,0.586187,382.138889,282.444444,481.833333,199.388889,0.778722,80.356369,70.359818,90.352919,19.993101,0.955952,1.066883,1.042857,1.090909,0.048052,0.966654,0.729324,0.716958,0.741690,0.024732,1.000000,1.000000,1.000000,1.000000,0.000000,0.800000,4.500000,4.000000,5.000000,1.000000,19.887594,1.026277,1.048387,0.572943,0.186305,0.806078,15.620499,17.258714,0.890616,9.750967,0.503188,2.544708,0.131317,61.718513,137.356884,148.746995,125.966774,22.780221,0.846853
2025_04_25_IC_small_1,1119,209,220,0,-1,0.687515,591.333333,481.833333,700.833333,219.000000,0.897392,95.518427,90.352919,100.683935,10.331016,0.963435,1.070965,1.051020,1.090909,0.039889,0.853725,0.805229,0.741690,0.868769,0.127079,1.000000,1.000000,1.000000,1.000000,0.000000,0.833333,5.500000,5.000000,6.000000,1.000000,26.450022,1.092435,1.096552,0.610392,0.188463,0.722750,17.499206,19.831839,0.819092,12.924896,0.533822,2.149365,0.088773,74.781705,130.232247,132.739498,127.724995,5.014503,0.962223
2025_04_25_IC_small_1,1120,209,229,0,-1,0.789172,546.194444,481.833333,610.555556,128.722222,0.951741,92.643616,90.352919,94.934313,4.581394,0.991736,1.095455,1.090909,1.100000,0.009091,0.871232,0.796501,0.741690,0.851312,0.109622,1.000000,1.000000,1.000000,1.000000,0.000000,0.833333,5.500000,5.000000,6.000000,1.000000,27.092317,1.161262,1.401639,0.468574,0.318212,0.302751,7.063207,23.459044,1.005529,13.514783,0.579286,3.975668,0.170410,88.303025,93.239170,111.929588,74.548751,37.380836,0.666033
2025_04_25_IC_small_1,1121,207,219,0,-1,0.778341,906.805556,793.777778,1019.833333,226.055556,0.897324,115.503337,109.252754,121.753921,12.501167,0.914387,1.138284,1.087379,1.189189,0.101811,0.966654,0.850102,0.835688,0.864516,0.028829,1.000000,1.000000,1.000000,1.000000,0.000000,0.857143,6.500000,6.000000,7.000000,1.000000,27.962582,0.930398,1.072289,0.730750,0.100628,0.905122,27.202941,20.797082,0.691980,13.963150,0.464595,4.136050,0.137619,74.430340,127.726853,131.763639,123.690068,8.073571,0.938727
2025_04_25_IC_small_1,1122,207,227,0,-1,0.815719,720.638889,647.500000,793.777778,146.277778,0.895946,103.568684,97.884613,109.252754,11.368141,0.970112,1.104129,1.087379,1.120879,0.033500,0.984064,0.842454,0.835688,0.849221,0.013533,1.000000,1.000000,1.000000,1.000000,0.000000,0.857143,6.500000,6.000000,7.000000,1.000000,31.878513,1.189051,1.030488,0.610546,0.100875,0.650932,17.451520,23.624455,0.881179,15.413425,0.574912,3.725334,0.138953,69.101629,114.631946,116.477039,112.786853,3.690186,0.968318
2025_04_25_IC_small_1,1123,207,198,0,-1,0.910295,758.175000,722.572222,793.777778,71.205556,0.957210,106.915273,104.577791,109.252754,4.674963,0.789976,1.231925,1.087379,1.376471,0.289092,0.993501,0.832972,0.830256,0.835688,0.005431,1.000000,1.000000,1.000000,1.000000,0.000000,1.000000,6.000000,6.000000,6.000000,0.000000,27.759735,1.008441,1.234043,0.611446,0.188941,0.677464,18.648801,23.395346,0.849894,13.857358,0.503403,1.064114,0.038657,88.699494,118.616499,149.274283,87.958715,61.315569,0.589242
2025_04_25_IC_small_1,1124,482,463,0,-1,0.923946,434.972222,417.777778,452.166667,34.388889,0.926386,81.971772,78.839330,85.104214,6.264883,0.970633,1.040827,1.025316,1.056338,0.031022,0.928831,0.814580,0.784524,0.844636,0.060111,1.000000,1.000000,1.000000,1.000000,0.000000,1.000000,5.000000,5.000000,5.000000,0.000000,24.051505,1.153444,1.457143,0.621719,0.153714,0.751500,15.670212,19.818686,0.950449,11.577616,0.555230,0.900119,0.043167,71.051269,152.121478,153.987838,150.255119,3.732720,0.975760
2025_04_25_IC_small_1,1125,482,466,0,-1,0.493115,632.500000,417.777778,847.222222,429.444444,0.671458,98.127211,78.839330,117.415092,38.575762,0.600365,1.407916,1.056338,1.759494,0.703156,0.914303,0.808444,0.772253,0.844636,0.072383,1.000000,1.000000,1.000000,1.000000,0.000000,0.714286,6.000000,5.000000,7.000000,2.000000,24.426253,0.985989,1.057554,0.624594,0.181686,0.741143,18.360586,20.818510,0.840359,11.068248,0.446780,5.014735,0.202425,34.727433,114.529234,117.915417,111.143051,6.772366,0.942566
2025_04_25_IC_small_1,1126,482,471,0,-1,0.660344,525.222222,417.777778,632.666667,214.888889,0.823705,87.276185,78.839330,95.713040,16.873709,0.866197,1.137925,1.056338,1.219512,0.163174,0.973255,0.856241,0.844636,0.867846,0.023210,1.000000,1.000000,1.000000,1.000000,0.000000,0.714286,6.000000,5.000000,7.000000,2.000000,22.070380,0.968159,1.066116,0.651858,0.149778,0.707332,16.124515,18.675114,0.819219,11.034594,0.484053,3.156193,0.138452,84.984936,103.453509,115.688143,91.218875,24.469268,0.788489
2025_04_25_IC_small_1,1127,482,490,0,-1,0.666667,522.222222,417.777778,626.666667,208.888889,0.817371,87.647041,78.839330,96.454752,17.615422,0.968310,1.073624,1.056338,1.090909,0.034571,0.997861,0.845541,0.844636,0.846446,0.001810,1.000000,1.000000,1.000000,1.000000,0.000000,0.833333,5.500000,5.000000,6.000000,1.000000,25.419289,1.117997,1.121951,0.644207,0.134681,0.715979,16.278821,21.411806,0.941739,12.688692,0.558077,4.248298,0.186850,88.359407,141.550236,141.554181,141.546291,0.007890,0.999944
2025_04_25_IC_small_1,1128,482,495,0,-1,0.659649,525.555556,417.777778,633.333333,215.555556,0.809577,88.111365,78.839330,97.383400,18.544069,0.829275,1.165074,1.056338,1.273810,0.217471,0.993580,0.841924,0.839213,0.844636,0.005422,1.000000,1.000000,1.000000,1.000000,0.000000,0.833333,5.500000,5.000000,6.000000,1.000000,26.080606,1.143743,1.697917,0.576151,0.246617,0.544019,12.405196,21.013668,0.921536,12.444802,0.545756,3.809265,0.167052,63.229031,118.345543,125.035096,111.655989,13.379107,0.892997
2025_04_25_IC_small_1,1129,463,466,0,-1,0.533705,649.694444,452.166667,847.222222,395.055556,0.724815,101.259653,85.104214,117.415092,32.310878,0.582734,1.392405,1.025316,1.759494,0.734177,0.984358,0.778388,0.772253,0.784524,0.012272,1.000000,1.000000,1.000000,1.000000,0.000000,0.714286,6.000000,5.000000,7.000000,2.000000,20.951476,0.831882,1.268293,0.671289,0.125657,0.924277,23.278507,17.678096,0.701912,10.229238,0.406153,4.458459,0.177024,23.223251,121.464437,154.832130,88.096745,66.735385,0.568982
2025_04_25_IC_small_1,1130,463,471,0,-1,0.714700,542.416667,452.166667,632.666667,180.500000,0.889160,90.408627,85.104214,95.713040,10.608826,0.840759,1.122414,1.025316,1.219512,0.194196,0.903990,0.826185,0.784524,0.867846,0.083322,1.000000,1.000000,1.000000,1.000000,0.000000,0.714286,6.000000,5.000000,7.000000,2.000000,28.617900,1.233076,1.234848,0.527118,0.284222,0.430876,10.000000,22.596347,0.973622,13.084930,0.563798,2.946860,0.126973,66.142221,115.462805,118.526006,112.399604,6.126403,0.948312
2025_04_25_IC_small_1,1131,466,495,0,-1,0.747541,740.277778,633.333333,847.222222,213.888889,0.829394,107.399246,97.383400,117.415092,20.031692,0.723964,1.516652,1.273810,1.759494,0.485684,0.920210,0.805733,0.772253,0.839213,0.066961,1.000000,1.000000,1.000000,1.000000,0.000000,0.857143,6.500000,6.000000,7.000000,1.000000,38.296688,1.411256,1.659259,0.509681,0.130657,0.437404,11.869663,28.520452,1.050996,18.703587,0.689238,5.173026,0.190629,72.163450,131.386607,138.951360,123.821853,15.129507,0.891117
2025_04_25_IC_small_1,1132,466,489,0,-1,0.770361,749.944444,652.666667,847.222222,194.555556,0.861969,109.311642,101.208192,117.415092,16.206900,0.593056,1.401486,1.043478,1.759494,0.716015,0.964471,0.786476,0.772253,0.800700,0.028448,1.000000,1.000000,1.000000,1.000000,0.000000,1.000000,7.000000,7.000000,7.000000,0.000000,28.139622,1.029729,1.704348,0.579071,0.193829,0.699119,19.104973,22.373253,0.818717,12.806680,0.468642,3.673804,0.134438,48.887641,103.187089,122.084770,84.289407,37.795363,0.690417
2025_04_25_IC_small_1,1133,214,218,0,-1,0.460185,421.750000,265.833333,577.666667,311.833333,0.691901,80.029137,65.455639,94.602635,29.146997,0.910345,1.302508,1.241379,1.363636,0.122257,0.961268,0.795404,0.779696,0.811112,0.031416,1.000000,1.000000,1.000000,1.000000,0.000000,0.833333,5.500000,5.000000,6.000000,1.000000,18.434828,0.913993,1.500000,0.780714,0.020615,1.079300,21.768989,14.173393,0.702713,9.195770,0.455924,6.244058,0.309579,69.585298,164.453334,171.526533,157.380135,14.146398,0.917526
2025_04_25_IC_small_1,1134,214,224,0,-1,0.867791,286.083333,265.833333,306.333333,40.500000,0.905131,68.885919,65.455639,72.316200,6.860561,0.829248,1.135396,1.029412,1.241379,0.211968,0.944078,0.757895,0.736093,0.779696,0.043602,1.000000,1.000000,1.000000,1.000000,0.000000,0.800000,4.500000,4.000000,5.000000,1.000000,18.755780,1.109587,1.105769,0.528991,0.286047,0.626709,10.593499,15.785983,0.933895,9.318532,0.551282,1.436967,0.085011,74.660586,119.005093,123.269225,114.740961,8.528263,0.930816
2025_04_25_IC_small_1,1135,214,231,0,-1,0.591398,357.666667,265.833333,449.500000,183.666667,0.784799,74.429961,65.455639,83.404283,17.948644,0.977407,1.227356,1.213333,1.241379,0.028046,0.960201,0.795854,0.779696,0.812013,0.032317,1.000000,1.000000,1.000000,1.000000,0.000000,0.833333,5.500000,5.000000,6.000000,1.000000,25.002626,1.333267,1.793103,0.481721,0.282852,0.326790,6.128259,18.774138,1.001132,12.123579,0.646491,3.812566,0.203305,69.499389,109.172728,109.612094,108.733362,0.878732,0.991983
2025_04_25_IC_small_1,1136,485,471,0,-1,0.866175,590.333333,548.000000,632.666667,84.666667,0.982694,96.555817,95.713040,97.398594,1.685554,0.997783,1.220867,1.219512,1.222222,0.002710,0.836455,0.796880,0.725914,0.867846,0.141932,1.000000,1.000000,1.000000,1.000000,0.000000,0.571429,5.500000,4.000000,7.000000,3.000000,25.265036,1.040521,1.118056,0.613684,0.167137,0.774755,18.811935,19.792701,0.815147,12.001713,0.494281,1.384459,0.057018,62.746537,132.561441,133.489342,131.633539,1.855803,0.986098
2025_04_25_IC_small_1,1137,485,490,0,-1,0.874468,587.333333,548.000000,626.666667,78.666667,0.990309,96.926673,96.454752,97.398594,0.943841,0.892562,1.156566,1.090909,1.222222,0.131313,0.857602,0.786180,0.725914,0.846446,0.120532,1.000000,1.000000,1.000000,1.000000,0.000000,0.666667,5.000000,4.000000,6.000000,2.000000,23.286868,0.961419,1.172932,0.650644,0.120885,0.892408,21.615324,18.103621,0.747424,11.412236,0.471164,0.490497,0.020251,65.434299,120.632614,143.321757,97.943472,45.378285,0.683382
2025_04_25_IC_small_1,1138,485,465,0,-1,0.810052,612.250000,548.000000,676.500000,128.500000,0.925760,101.303944,97.398594,105.209294,7.810700,0.962567,1.199346,1.176471,1.222222,0.045752,0.945182,0.746964,0.725914,0.768015,0.042101,1.000000,1.000000,1.000000,1.000000,0.000000,0.800000,4.500000,4.000000,5.000000,1.000000,23.665034,0.957730,1.497105,0.663333,0.082170,1.017853,25.150657,20.136895,0.814945,11.787462,0.477042,0.836981,0.033873,84.960556,153.158759,164.808563,141.508956,23.299606,0.858626
2025_04_25_IC_small_1,1139,471,490,0,-1,0.990516,629.666667,626.666667,632.666667,6.000000,0.992310,96.083896,95.713040,96.454752,0.741713,0.894545,1.155211,1.090909,1.219512,0.128603,0.975341,0.857146,0.846446,0.867846,0.021400,1.000000,1.000000,1.000000,1.000000,0.000000,0.857143,6.500000,6.000000,7.000000,1.000000,30.984656,1.234788,1.957447,0.543569,0.240427,0.429215,10.770330,23.666663,0.943155,14.870244,0.592603,0.260559,0.010384,67.930393,116.594277,130.422989,102.765566,27.657423,0.787941
2025_04_25_IC_small_1,1140,471,465,0,-1,0.935206,654.583333,632.666667,676.500000,43.833333,0.909739,100.461167,95.713040,105.209294,9.496255,0.964706,1.197991,1.176471,1.219512,0.043042,0.884967,0.817930,0.768015,0.867846,0.099831,1.000000,1.000000,1.000000,1.000000,0.000000,0.714286,6.000000,5.000000,7.000000,2.000000,28.725251,1.122903,1.457500,0.489189,0.275239,0.342776,8.768631,23.355526,0.912994,14.304269,0.559170,1.647232,0.064392,78.619650,85.375523,85.749345,85.001701,0.747644,0.991281
2025_04_25_IC_small_1,1141,483,484,0,-1,0.399721,918.333333,524.500000,1312.166667,787.666667,0.655786,121.458669,96.209157,146.708180,50.499023,0.771930,1.530303,1.333333,1.727273,0.393939,0.929463,0.739089,0.712070,0.766108,0.054039,1.000000,1.000000,1.000000,1.000000,0.000000,0.500000,6.000000,4.000000,8.000000,4.000000,26.036527,0.880716,1.017857,0.620408,0.170599,0.846331,25.019992,22.993818,0.777793,11.632469,0.393482,6.850704,0.231733,23.197883,117.810856,152.262996,83.358716,68.904281,0.547465
2025_04_25_IC_small_1,1142,483,500,0,-1,0.934087,543.005556,524.500000,561.511111,37.011111,0.955957,94.090499,91.971840,96.209157,4.237318,0.904110,1.269406,1.205479,1.333333,0.127854,0.853619,0.773124,0.712070,0.834177,0.122108,1.000000,1.000000,1.000000,1.000000,0.000000,0.800000,4.500000,4.000000,5.000000,1.000000,25.409378,1.090574,2.356164,0.681694,0.026243,1.001980,23.345235,24.681331,1.059326,12.405999,0.532467,0.147437,0.006328,73.090701,166.984272,174.484867,159.483678,15.001190,0.914026
2025_04_25_IC_small_1,1143,490,495,0,-1,0.989474,630.000000,626.666667,633.333333,6.666667,0.990464,96.919076,96.454752,97.383400,0.928647,0.856415,1.182359,1.090909,1.273810,0.182900,0.991455,0.842830,0.839213,0.846446,0.007233,1.000000,1.000000,1.000000,1.000000,0.000000,1.000000,6.000000,6.000000,6.000000,0.000000,22.800732,0.908406,1.223140,0.714213,0.121693,0.895317,22.472205,19.745194,0.786670,11.329032,0.451361,0.351234,0.013994,64.399929,135.349507,163.909184,106.789830,57.119353,0.651518
2025_04_25_IC_small_1,1144,490,509,0,-1,0.625931,509.458333,392.250000,626.666667,234.416667,0.828048,88.161982,79.869212,96.454752,16.585540,0.971641,1.075441,1.059972,1.090909,0.030937,0.912882,0.809576,0.772706,0.846446,0.073740,1.000000,1.000000,1.000000,1.000000,0.000000,0.666667,5.000000,4.000000,6.000000,2.000000,23.636725,1.054302,1.692790,0.708248,0.026482,0.933738,20.933758,20.467856,0.912957,11.784901,0.525659,4.704996,0.209864,82.726342,168.459240,176.795666,160.122814,16.672852,0.905694
2025_04_25_IC_small_1,1145,474,472,0,-1,0.855201,940.277778,866.888889,1013.666667,146.777778,0.837265,125.528071,114.409480,136.646662,22.237182,0.561843,1.631038,1.173469,2.088608,0.915138,0.819705,0.757217,0.682193,0.832241,0.150049,1.000000,1.000000,1.000000,1.000000,0.000000,0.750000,7.000000,6.000000,8.000000,2.000000,31.015633,1.012241,1.078788,0.517506,0.272083,0.609700,18.681542,26.363756,0.860420,15.356084,0.501169,2.228451,0.072729,66.590329,100.600258,100.792804,100.407711,0.385093,0.996179
2025_04_25_IC_small_1,1146,474,494,0,-1,0.928166,835.752778,804.616667,866.888889,62.272222,0.979254,113.222715,112.035950,114.409480,2.373530,0.912698,1.229592,1.173469,1.285714,0.112245,0.967910,0.818888,0.805534,0.832241,0.026707,1.000000,1.000000,1.000000,1.000000,0.000000,0.833333,5.500000,5.000000,6.000000,1.000000,28.169137,0.974563,1.634783,0.733922,0.071812,0.990703,28.635642,23.627176,0.817426,13.809152,0.477753,0.367214,0.012704,66.236325,161.731735,165.777842,157.685629,8.092213,0.951186
2025_04_25_IC_small_1,1147,216,226,0,-1,0.886446,607.750000,571.166667,644.333333,73.166667,0.979872,97.638128,96.645520,98.630737,1.985217,0.737047,1.264306,1.072917,1.455696,0.382780,0.923237,0.800385,0.768439,0.832331,0.063892,1.000000,1.000000,1.000000,1.000000,0.000000,0.833333,5.500000,5.000000,6.000000,1.000000,30.109918,1.221924,1.609756,0.514291,0.257507,0.465467,11.469767,23.229853,0.942716,14.754524,0.598770,1.913806,0.077666,69.549497,109.164242,115.039374,103.289109,11.750265,0.897859
2025_04_25_IC_small_1,1148,216,217,0,-1,0.597246,763.750000,571.166667,956.333333,385.166667,0.780636,110.224576,96.645520,123.803632,27.158112,0.842494,1.341056,1.226415,1.455696,0.229281,0.980070,0.776252,0.768439,0.784066,0.015627,0.995662,0.997831,0.995662,1.000000,0.004338,0.833333,5.500000,5.000000,6.000000,1.000000,30.201197,1.101756,1.484848,0.527937,0.272995,0.543004,14.884742,25.496880,0.930140,14.486458,0.528474,1.865319,0.068048,71.682347,109.949054,126.193480,93.704627,32.488853,0.742547
2025_04_25_IC_small_1,1149,216,232,0,-1,0.622073,744.666667,571.166667,918.166667,347.000000,0.813331,107.736176,96.645520,118.826833,22.181313,0.754425,1.276955,1.098214,1.455696,0.357482,0.940388,0.792795,0.768439,0.817151,0.048712,1.000000,1.000000,1.000000,1.000000,0.000000,1.000000,5.000000,5.000000,5.000000,0.000000,24.335093,0.897968,1.380952,0.667476,0.157677,0.886030,24.011571,20.236973,0.746747,11.894443,0.438906,5.328160,0.196610,42.826379,120.466898,123.411002,117.522794,5.888207,0.952288
2025_04_25_IC_small_1,1150,477,479,0,-1,0.748372,961.944444,823.500000,1100.388889,276.888889,0.885798,129.189069,121.365499,137.012639,15.647140,0.824972,1.399145,1.264957,1.533333,0.268376,0.953780,0.719582,0.702559,0.736605,0.034046,1.000000,1.000000,1.000000,1.000000,0.000000,0.714286,6.000000,5.000000,7.000000,2.000000,21.974708,0.710365,1.175676,0.880231,0.008057,1.497522,46.324939,17.747291,0.573707,10.754045,0.347640,2.842145,0.091877,19.341729,164.927349,176.054814,153.799885,22.254929,0.873591
2025_04_25_IC_small_1,1151,477,496,0,-1,0.967537,1082.527778,1064.666667,1100.388889,35.722222,0.939594,132.874440,128.736240,137.012639,8.276399,0.868941,1.182065,1.099174,1.264957,0.165784,0.912458,0.771940,0.736605,0.807276,0.070670,1.000000,1.000000,1.000000,1.000000,0.000000,1.000000,7.000000,7.000000,7.000000,0.000000,44.108657,1.340661,1.160976,0.456203,0.226835,0.327359,10.770330,32.550282,0.989350,21.741185,0.660813,0.352198,0.010705,75.554565,103.109283,112.480936,93.737630,18.743306,0.833365
2025_04_25_IC_small_1,1152,477,505,0,-1,0.836374,1208.027778,1100.388889,1315.666667,215.277778,0.921958,142.811572,137.012639,148.610505,11.597866,0.682224,1.559562,1.264957,1.854167,0.589209,0.983961,0.742609,0.736605,0.748612,0.012007,1.000000,1.000000,1.000000,1.000000,0.000000,0.875000,7.500000,7.000000,8.000000,1.000000,50.956603,1.467555,2.480620,0.401899,0.336706,0.155093,5.385165,38.612235,1.112036,25.038758,0.721118,4.404402,0.126847,68.450214,87.286722,93.911007,80.662437,13.248570,0.858924
2025_04_25_IC_small_1,1153,477,502,0,-1,0.794265,987.194444,874.000000,1100.388889,226.388889,0.901213,130.245109,123.477579,137.012639,13.535060,0.711538,1.521368,1.264957,1.777778,0.512821,0.977936,0.728479,0.720353,0.736605,0.016253,1.000000,1.000000,1.000000,1.000000,0.000000,0.714286,6.000000,5.000000,7.000000,2.000000,41.865415,1.334662,2.100775,0.512653,0.084330,0.645517,20.248457,31.358274,0.999696,20.923441,0.667036,2.715413,0.086567,88.342230,131.175682,134.236102,128.115262,6.120840,0.954402
2025_04_25_IC_small_1,1154,195,223,0,-1,0.564536,1280.833333,924.333333,1637.333333,713.000000,0.760441,139.480237,120.499919,158.460555,37.960636,0.777370,1.290027,1.128440,1.451613,0.323173,0.976248,0.809685,0.799954,0.819416,0.019462,1.000000,1.000000,1.000000,1.000000,0.000000,1.000000,6.000000,6.000000,6.000000,0.000000,38.865723,1.096866,1.382022,0.624130,0.093819,0.731718,25.927249,28.992285,0.818219,18.986509,0.535836,8.570898,0.241887,64.871505,115.517474,131.408741,99.626206,31.782535,0.758140
2025_04_25_IC_small_1,1155,195,221,0,-1,0.915784,1568.388889,1499.444444,1637.333333,137.888889,0.972814,156.306632,154.152710,158.460555,4.307845,0.708159,1.239792,1.027972,1.451613,0.423641,0.967683,0.806176,0.792936,0.819416,0.026481,1.000000,1.000000,1.000000,1.000000,0.000000,0.857143,6.500000,6.000000,7.000000,1.000000,48.427481,1.223123,1.077869,0.517841,0.293029,0.463653,18.357560,37.562435,0.948706,24.048007,0.607375,0.862206,0.021777,74.652357,115.517030,121.345214,109.688846,11.656368,0.903940
2025_04_25_IC_small_1,1156,195,233,0,-1,0.734731,1420.166667,1203.000000,1637.333333,434.333333,0.842934,146.016192,133.571830,158.460555,24.888725,0.930931,1.401482,1.351351,1.451613,0.100262,0.967072,0.833366,0.819416,0.847317,0.027900,1.000000,1.000000,1.000000,1.000000,0.000000,1.000000,6.000000,6.000000,6.000000,0.000000,49.172766,1.308687,2.338235,0.516367,0.155674,0.387506,14.560220,35.944751,0.956636,24.287205,0.646381,6.486279,0.172626,78.052950,106.444146,109.536655,103.351636,6.185019,0.943535
2025_04_25_IC_small_1,1157,498,493,0,-1,0.926190,539.333333,518.666667,560.000000,41.333333,0.988713,90.749280,90.234222,91.264338,1.030116,0.962511,1.322562,1.297297,1.347826,0.050529,0.947458,0.822685,0.800490,0.844881,0.044392,1.000000,1.000000,1.000000,1.000000,0.000000,0.833333,5.500000,5.000000,6.000000,1.000000,23.332830,1.004890,1.314815,0.617509,0.164400,0.717938,16.670000,18.670203,0.804082,11.552332,0.497532,0.284793,0.012265,75.552342,107.976662,125.953324,90.000000,35.953324,0.714550
2025_04_25_IC_small_1,1158,498,510,0,-1,0.790588,634.166667,560.000000,708.333333,148.333333,0.877444,97.637971,91.264338,104.011604,12.747266,0.813187,1.176121,1.054945,1.297297,0.242352,0.973842,0.833831,0.822780,0.844881,0.022101,1.000000,1.000000,1.000000,1.000000,0.000000,1.000000,6.000000,6.000000,6.000000,0.000000,25.455490,1.012572,1.223077,0.579010,0.226544,0.584015,14.681810,20.366926,0.810159,12.645741,0.503024,2.143182,0.085252,59.722566,105.198186,105.719979,104.676393,1.043586,0.990129
2025_04_25_IC_small_1,1159,498,513,0,-1,0.900000,532.000000,504.000000,560.000000,56.000000,0.977898,92.295710,91.264338,93.327083,2.062745,0.806088,1.453336,1.297297,1.609375,0.312078,0.860655,0.786016,0.727152,0.844881,0.117730,1.000000,1.000000,1.000000,1.000000,0.000000,0.833333,5.500000,5.000000,6.000000,1.000000,27.035607,1.172549,1.051095,0.550330,0.199248,0.622820,14.360439,22.758651,0.987055,13.260403,0.575111,1.639669,0.071113,66.400206,134.829487,136.597476,133.061498,3.535978,0.974114
2025_04_25_IC_small_1,1160,498,492,0,-1,0.576132,766.000000,560.000000,972.000000,412.000000,0.766350,105.176978,91.264338,119.089617,27.825279,0.950445,1.265154,1.233010,1.297297,0.064288,0.980996,0.853065,0.844881,0.861248,0.016367,1.000000,1.000000,1.000000,1.000000,0.000000,1.000000,6.000000,6.000000,6.000000,0.000000,26.714272,0.974240,1.338583,0.630688,0.166667,0.649879,17.820089,21.411228,0.780844,13.265465,0.483777,5.111106,0.186396,74.537084,105.879346,122.660913,89.097779,33.563134,0.726375
2025_04_25_IC_small_1,1161,218,219,0,-1,0.566432,798.750000,577.666667,1019.833333,442.166667,0.776999,108.178278,94.602635,121.753921,27.151285,0.872072,1.276413,1.189189,1.363636,0.174447,0.938226,0.837814,0.811112,0.864516,0.053404,1.000000,1.000000,1.000000,1.000000,0.000000,0.857143,6.500000,6.000000,7.000000,1.000000,29.241329,1.044902,1.663866,0.666466,0.112015,0.764735,21.400935,22.528923,0.805042,13.817052,0.493735,5.722663,0.204492,62.819732,120.182975,123.929797,116.436152,7.493645,0.939533
2025_04_25_IC_small_1,1162,218,236,0,-1,0.525101,440.500000,303.333333,577.666667,274.333333,0.717741,81.251407,67.900179,94.602635,26.702456,0.938667,1.321818,1.280000,1.363636,0.083636,0.981053,0.818944,0.811112,0.826777,0.015665,1.000000,1.000000,1.000000,1.000000,0.000000,0.833333,5.500000,5.000000,6.000000,1.000000,19.895155,0.959932,1.190476,0.663812,0.164586,0.804802,16.679995,17.318797,0.835624,9.936942,0.479453,4.923971,0.237579,86.507571,126.151669,133.854237,118.449101,15.405136,0.884911
2025_04_25_IC_small_1,1163,218,231,0,-1,0.778130,513.583333,449.500000,577.666667,128.166667,0.881627,89.003459,83.404283,94.602635,11.198352,0.889778,1.288485,1.213333,1.363636,0.150303,0.998890,0.811562,0.811112,0.812013,0.000901,1.000000,1.000000,1.000000,1.000000,0.000000,1.000000,6.000000,6.000000,6.000000,0.000000,27.453821,1.213801,1.146853,0.486286,0.226297,0.333471,7.542472,20.809597,0.920044,13.693022,0.605402,3.704780,0.163797,88.739668,90.931462,93.007771,88.855153,4.152618,0.955352
2025_04_25_IC_small_1,1164,212,226,0,-1,0.991706,647.027778,644.333333,649.722222,5.388889,0.997066,98.486047,98.341358,98.630737,0.289379,0.941453,1.041509,1.010101,1.072917,0.062816,0.985895,0.838285,0.832331,0.844239,0.011908,1.000000,1.000000,1.000000,1.000000,0.000000,1.000000,6.000000,6.000000,6.000000,0.000000,22.421546,0.881465,1.044118,0.828235,0.023569,1.117494,28.425341,18.167964,0.714243,11.171304,0.439181,0.245941,0.009669,89.917703,165.332228,174.289407,156.375049,17.914358,0.897215
2025_04_25_IC_small_1,1165,212,203,0,-1,0.523705,945.174285,649.722222,1240.626347,590.904125,0.732563,116.292108,98.341358,134.242858,35.901500,0.781265,1.151503,1.010101,1.292905,0.282804,0.975881,0.854671,0.844239,0.865104,0.020866,1.000000,1.000000,1.000000,1.000000,0.000000,0.857143,6.500000,6.000000,7.000000,1.000000,32.725379,1.078050,1.423699,0.587172,0.180748,0.517962,15.723302,25.893392,0.852988,16.252762,0.535404,7.976845,0.262776,76.681866,98.232226,99.621678,96.842773,2.778905,0.972105
2025_04_25_IC_small_1,1166,486,462,0,-1,0.911862,1008.666667,962.166667,1055.166667,93.000000,0.908789,127.359328,121.273529,133.445127,12.171598,0.624090,1.370872,1.053571,1.688172,0.634601,0.905727,0.783355,0.744604,0.822107,0.077502,1.000000,1.000000,1.000000,1.000000,0.000000,0.857143,6.500000,6.000000,7.000000,1.000000,42.275021,1.331452,1.029412,0.449911,0.413500,0.273158,8.673075,32.581607,1.026158,20.363659,0.641353,2.329109,0.073355,53.026541,104.264039,122.723189,85.804888,36.918301,0.699174
2025_04_25_IC_small_1,1167,486,497,0,-1,0.667836,1201.444444,962.166667,1440.722222,478.555556,0.833488,133.387379,121.273529,145.501229,24.227699,0.991971,1.049342,1.045113,1.053571,0.008459,0.961327,0.838643,0.822107,0.855179,0.033072,1.000000,1.000000,1.000000,1.000000,0.000000,1.000000,6.000000,6.000000,6.000000,0.000000,29.920325,0.867562,1.068571,0.750859,0.071581,0.960319,33.119313,23.379227,0.677898,14.956771,0.433683,4.653782,0.134940,67.365350,111.911228,114.443955,109.378502,5.065453,0.955739
2025_04_25_IC_small_1,1168,486,503,0,-1,0.570473,1324.388889,962.166667,1686.611111,724.444444,0.682712,149.454225,121.273529,177.634921,56.361392,0.567678,1.454752,1.053571,1.855932,0.802361,0.817034,0.746898,0.671689,0.822107,0.150418,0.987445,0.993723,0.987445,1.000000,0.012555,0.666667,7.500000,6.000000,9.000000,3.000000,55.312286,1.534594,1.628866,0.440965,0.246256,0.335234,12.083046,39.981957,1.109267,27.656139,0.767297,15.441772,0.428419,88.072238,129.791465,130.100908,129.482022,0.618886,0.995243
2025_04_25_IC_small_1,1169,224,225,0,-1,0.543305,435.083333,306.333333,563.833333,257.500000,0.778103,82.627661,72.316200,92.939123,20.622924,0.943627,1.060160,1.029412,1.090909,0.061497,0.897366,0.778188,0.736093,0.820283,0.084189,1.000000,1.000000,1.000000,1.000000,0.000000,0.800000,4.500000,4.000000,5.000000,1.000000,19.085310,0.925403,1.354167,0.784359,0.016089,1.143895,23.591430,18.711113,0.907259,9.542645,0.462701,4.540888,0.220177,84.628406,166.212008,170.647021,161.776995,8.870026,0.948021
2025_04_25_IC_small_1,1170,224,231,0,-1,0.681498,377.916667,306.333333,449.500000,143.166667,0.867056,77.860241,72.316200,83.404283,11.088083,0.848416,1.121373,1.029412,1.213333,0.183922,0.906505,0.774053,0.736093,0.812013,0.075919,1.000000,1.000000,1.000000,1.000000,0.000000,0.666667,5.000000,4.000000,6.000000,2.000000,19.726349,1.019350,1.165049,0.687832,0.036604,0.987240,19.104973,17.141819,0.885795,9.846999,0.508839,3.276665,0.169320,81.503688,146.354736,156.183794,136.525677,19.658117,0.874135
2025_04_25_IC_small_1,1171,222,228,0,-1,0.459467,448.583333,282.444444,614.722222,332.277778,0.744930,82.405691,70.359818,94.451564,24.091746,0.955952,1.066883,1.042857,1.090909,0.048052,0.827986,0.791432,0.716958,0.865905,0.148948,0.999819,0.999910,0.999819,1.000000,0.000181,0.571429,5.500000,4.000000,7.000000,3.000000,21.969696,1.056244,1.239316,0.606793,0.189671,0.685183,14.251706,17.277625,0.830662,10.405650,0.500276,4.768372,0.229250,69.707700,115.231344,116.605034,113.857653,2.747381,0.976439
2025_04_25_IC_small_1,1172,222,229,0,-1,0.462602,446.500000,282.444444,610.555556,328.111111,0.741142,82.647066,70.359818,94.934313,24.574495,0.948052,1.071429,1.042857,1.100000,0.057143,0.842180,0.784135,0.716958,0.851312,0.134354,1.000000,1.000000,1.000000,1.000000,0.000000,0.666667,5.000000,4.000000,6.000000,2.000000,16.991979,0.818585,1.121495,0.848633,0.021650,1.211627,25.150657,14.685939,0.707492,8.495983,0.409292,5.167837,0.248959,57.984639,169.691623,179.898771,159.484475,20.414296,0.886523
2025_04_25_IC_small_1,1173,208,210,0,-1,0.728008,1050.916667,885.500000,1216.333333,330.833333,0.893742,129.410558,122.149351,136.671765,14.522414,0.990204,1.460894,1.453704,1.468085,0.014381,0.911405,0.782037,0.745789,0.818286,0.072496,1.000000,1.000000,1.000000,1.000000,0.000000,0.714286,6.000000,5.000000,7.000000,2.000000,25.234226,0.780843,1.000000,0.775460,0.062564,1.149048,37.133393,18.914714,0.585293,12.518394,0.387367,3.416217,0.105711,0.549290,121.021368,145.304846,96.737889,48.566958,0.665758
2025_04_25_IC_small_1,1174,208,237,0,-1,0.650229,730.638889,575.777778,885.500000,309.722222,0.792077,109.450499,96.751648,122.149351,25.397703,0.726071,1.267010,1.065934,1.468085,0.402151,0.964868,0.759367,0.745789,0.772944,0.027155,1.000000,1.000000,1.000000,1.000000,0.000000,0.833333,5.500000,5.000000,6.000000,1.000000,35.927911,1.336785,2.118812,0.493485,0.343991,0.483696,13.000000,28.376464,1.055815,16.244733,0.604425,8.176085,0.304211,60.003794,128.934086,134.484907,123.383266,11.101641,0.917451
2025_04_25_IC_small_1,1175,208,213,0,-1,0.847436,965.208086,885.500000,1044.916172,159.416172,0.939775,126.063318,122.149351,129.977285,7.827934,0.893374,1.555695,1.468085,1.643304,0.175219,0.959533,0.761516,0.745789,0.777242,0.031453,1.000000,1.000000,1.000000,1.000000,0.000000,0.833333,5.500000,5.000000,6.000000,1.000000,26.026345,0.838444,1.126940,0.766402,0.058105,1.195440,37.107951,21.039710,0.677798,12.311235,0.396609,1.025518,0.033037,37.816806,152.967190,155.200356,150.734024,4.466332,0.971222
2025_04_25_IC_small_1,1176,488,480,0,-1,0.624288,1362.777778,1047.555556,1678.000000,630.444444,0.817321,145.305349,130.699078,159.911619,29.212541,0.978417,1.348039,1.333333,1.362745,0.029412,0.934545,0.797610,0.770623,0.824597,0.053974,1.000000,1.000000,1.000000,1.000000,0.000000,1.000000,6.000000,6.000000,6.000000,0.000000,32.191066,0.877986,1.160221,0.705380,0.085304,0.958097,35.128336,24.577508,0.670332,15.408262,0.420248,6.031654,0.164509,41.599616,104.919379,107.650124,102.188633,5.461491,0.949266
2025_04_25_IC_small_1,1177,488,468,0,-1,0.715952,898.777778,750.000000,1047.555556,297.555556,0.804936,117.951708,105.204338,130.699078,25.494740,0.749101,1.191789,1.020833,1.362745,0.341912,0.904978,0.811080,0.770623,0.851538,0.080915,1.000000,1.000000,1.000000,1.000000,0.000000,1.000000,6.000000,6.000000,6.000000,0.000000,40.954214,1.370804,1.883333,0.494437,0.331654,0.370883,11.080513,32.052220,1.072840,20.131086,0.673820,8.705949,0.291402,78.261138,117.961911,147.203637,88.720185,58.483451,0.602704
2025_04_25_IC_small_1,1178,488,519,0,-1,0.975479,1060.722222,1047.555556,1073.888889,26.333333,0.939359,134.917782,130.699078,139.136487,8.437408,0.729112,1.615896,1.362745,1.869048,0.506303,0.904576,0.733855,0.697087,0.770623,0.073536,1.000000,1.000000,1.000000,1.000000,0.000000,0.833333,5.500000,5.000000,6.000000,1.000000,44.343074,1.361549,2.421488,0.499088,0.178966,0.594421,19.359178,33.823498,1.038547,22.054325,0.677176,2.815162,0.086439,89.731709,140.036390,141.702885,138.369894,3.332991,0.976479
2025_04_25_IC_small_1,1179,488,514,0,-1,0.992526,1051.500000,1047.555556,1055.444444,7.888889,0.975808,129.118122,127.537166,130.699078,3.161912,0.999921,1.362691,1.362637,1.362745,0.000108,0.945083,0.793012,0.770623,0.815402,0.044779,1.000000,1.000000,1.000000,1.000000,0.000000,1.000000,6.000000,6.000000,6.000000,0.000000,41.838019,1.290230,1.068293,0.448116,0.399033,0.237322,7.695598,34.225959,1.055484,20.284316,0.625542,2.851655,0.087941,63.477485,101.292574,107.686055,94.899092,12.786962,0.881257
2025_04_25_IC_small_1,1180,488,503,0,-1,0.621101,1367.083333,1047.555556,1686.611111,639.055556,0.735774,154.167000,130.699078,177.634921,46.935843,0.734264,1.609339,1.362745,1.855932,0.493187,0.871618,0.721156,0.671689,0.770623,0.098934,0.987445,0.993723,0.987445,1.000000,0.012555,0.666667,7.500000,6.000000,9.000000,3.000000,40.327438,1.098327,1.833333,0.450539,0.296922,0.438215,16.090025,33.497413,0.912309,19.889447,0.541693,4.321686,0.117702,62.077064,77.997104,84.548591,71.445617,13.102974,0.845024
2025_04_25_IC_small_1,1181,480,468,0,-1,0.446961,1214.000000,750.000000,1678.000000,928.000000,0.657891,132.557979,105.204338,159.911619,54.707281,0.765625,1.177083,1.020833,1.333333,0.312500,0.968362,0.838067,0.824597,0.851538,0.026941,1.000000,1.000000,1.000000,1.000000,0.000000,1.000000,6.000000,6.000000,6.000000,0.000000,39.091427,1.143868,1.069149,0.593971,0.177238,0.562853,19.235384,27.930065,0.817272,18.413970,0.538818,10.740194,0.314273,68.558611,112.812312,115.016893,110.607730,4.409163,0.961665
2025_04_25_IC_small_1,1182,480,499,0,-1,0.780592,1493.916667,1309.833333,1678.000000,368.166667,0.874946,149.912800,139.913980,159.911619,19.997638,0.871622,1.247748,1.162162,1.333333,0.171171,0.980704,0.832709,0.824597,0.840821,0.016224,1.000000,1.000000,1.000000,1.000000,0.000000,1.000000,6.000000,6.000000,6.000000,0.000000,40.789405,1.057336,1.119403,0.611517,0.166118,0.674466,26.019224,31.605657,0.819277,18.551270,0.480883,3.697516,0.095846,55.145268,109.817370,115.598496,104.036243,11.562253,0.899979
2025_04_25_IC_small_1,1183,480,514,0,-1,0.628990,1366.722222,1055.444444,1678.000000,622.555556,0.797548,143.724393,127.537166,159.911619,32.374453,0.978495,1.347985,1.333333,1.362637,0.029304,0.988849,0.819999,0.815402,0.824597,0.009195,1.000000,1.000000,1.000000,1.000000,0.000000,1.000000,6.000000,6.000000,6.000000,0.000000,37.755527,1.028047,1.960317,0.726451,0.037255,0.953016,35.000000,30.526858,0.831217,18.814629,0.512304,8.977648,0.244453,75.663030,160.605971,163.761158,157.450783,6.310375,0.961466
2025_04_25_IC_small_1,1184,215,225,0,-1,0.438307,925.111111,563.833333,1286.388889,722.555556,0.687991,114.013459,92.939123,135.087796,42.148672,0.848485,1.188312,1.090909,1.285714,0.194805,0.926005,0.853056,0.820283,0.885829,0.065547,1.000000,1.000000,1.000000,1.000000,0.000000,0.714286,6.000000,5.000000,7.000000,2.000000,29.864148,1.001960,1.530769,0.712741,0.072604,0.795369,23.706539,23.136932,0.776258,14.804174,0.496689,10.014048,0.335977,67.678834,119.297509,128.959435,109.635583,19.323852,0.850156
2025_04_25_IC_small_1,1185,215,228,0,-1,0.477867,950.555556,614.722222,1286.388889,671.666667,0.699187,114.769680,94.451564,135.087796,40.636232,0.848485,1.188312,1.090909,1.285714,0.194805,0.977509,0.875867,0.865905,0.885829,0.019924,0.999819,0.999910,0.999819,1.000000,0.000181,1.000000,7.000000,7.000000,7.000000,0.000000,35.691756,1.176783,1.468966,0.579789,0.180158,0.437682,13.274872,26.996894,0.890107,17.776832,0.586115,9.914456,0.326887,78.948296,103.654071,110.689677,96.618464,14.071213,0.872877
2025_04_25_IC_small_1,1186,215,238,0,-1,0.448672,931.777778,577.166667,1286.388889,709.222222,0.691914,114.278458,93.469120,135.087796,41.618675,0.933333,1.242857,1.200000,1.285714,0.085714,0.937184,0.858007,0.830185,0.885829,0.055644,1.000000,1.000000,1.000000,1.000000,0.000000,0.714286,6.000000,5.000000,7.000000,2.000000,32.047811,1.070212,1.011696,0.629356,0.148015,0.595401,17.829439,25.721306,0.858944,15.897507,0.530885,8.883630,0.296662,68.856400,115.846157,121.684420,110.007893,11.676527,0.904043
2025_04_25_IC_small_1,1187,215,239,0,-1,0.636968,1052.888889,819.388889,1286.388889,467.000000,0.824355,123.224023,111.360250,135.087796,23.727546,0.830146,1.417247,1.285714,1.548780,0.263066,0.937324,0.858069,0.830309,0.885829,0.055520,1.000000,1.000000,1.000000,1.000000,0.000000,1.000000,7.000000,7.000000,7.000000,0.000000,37.018962,1.148031,1.555556,0.563431,0.180588,0.461026,14.866069,28.125220,0.872218,18.402352,0.570693,4.325335,0.134137,74.210673,105.920406,113.064618,98.776195,14.288423,0.873626
2025_04_25_IC_small_1,1188,220,229,0,-1,0.871185,655.694444,610.555556,700.833333,90.277778,0.942894,97.809124,94.934313,100.683935,5.749622,0.955473,1.075510,1.051020,1.100000,0.048980,0.979906,0.860040,0.851312,0.868769,0.017457,1.000000,1.000000,1.000000,1.000000,0.000000,1.000000,6.000000,6.000000,6.000000,0.000000,28.766921,1.124088,1.491935,0.645508,0.104808,0.700220,17.919573,22.249053,0.869398,14.366940,0.561399,1.289286,0.050380,84.134761,130.471384,140.597350,120.345417,20.251933,0.855958
2025_04_25_IC_small_1,1189,220,244,0,-1,0.954958,717.361111,700.833333,733.888889,33.055556,0.966909,102.406824,100.683935,104.129713,3.445778,0.929749,1.090728,1.051020,1.130435,0.079414,0.979009,0.859651,0.850532,0.868769,0.018237,1.000000,1.000000,1.000000,1.000000,0.000000,0.857143,6.500000,6.000000,7.000000,1.000000,33.666990,1.257084,1.390071,0.557543,0.246931,0.466527,12.494443,27.597000,1.030438,16.269060,0.607467,0.840799,0.031394,73.672199,126.219648,150.682623,101.756674,48.925948,0.675305
2025_04_25_IC_small_1,1190,220,203,0,-1,0.564903,970.729840,700.833333,1240.626347,539.793014,0.750013,117.463396,100.683935,134.242858,33.558923,0.812914,1.171963,1.051020,1.292905,0.241884,0.995782,0.866937,0.865104,0.868769,0.003665,1.000000,1.000000,1.000000,1.000000,0.000000,0.857143,6.500000,6.000000,7.000000,1.000000,31.295406,1.014507,1.028249,0.619920,0.200950,0.592346,18.272627,24.441022,0.792308,15.643317,0.507111,4.623255,0.149873,84.264883,104.013399,107.091888,100.934911,6.156977,0.942508
2025_04_25_IC_small_1,1191,219,227,0,-1,0.634908,833.666667,647.500000,1019.833333,372.333333,0.803955,109.819267,97.884613,121.753921,23.869308,0.942557,1.155034,1.120879,1.189189,0.068310,0.982308,0.856869,0.849221,0.864516,0.015295,1.000000,1.000000,1.000000,1.000000,0.000000,1.000000,7.000000,7.000000,7.000000,0.000000,39.459335,1.375349,2.017544,0.484310,0.314074,0.202904,5.821416,30.134036,1.050317,19.491337,0.679367,5.481256,0.191048,77.885582,105.008578,115.449508,94.567648,20.881860,0.819126
2025_04_25_IC_small_1,1192,219,236,0,-1,0.297434,661.583333,303.333333,1019.833333,716.500000,0.557684,94.827050,67.900179,121.753921,53.853741,0.929054,1.234595,1.189189,1.280000,0.090811,0.956346,0.845646,0.826777,0.864516,0.037740,1.000000,1.000000,1.000000,1.000000,0.000000,0.714286,6.000000,5.000000,7.000000,2.000000,31.330783,1.269705,1.564103,0.585860,0.193853,0.429310,10.593499,26.232367,1.063087,15.621030,0.633055,14.009071,0.567729,80.006256,125.265901,125.417055,125.114747,0.302309,0.997590
2025_04_25_IC_small_1,1193,219,235,0,-1,0.594868,813.250000,606.666667,1019.833333,413.166667,0.795021,109.275423,96.796926,121.753921,24.956995,0.935936,1.229889,1.189189,1.270588,0.081399,0.941161,0.839082,0.813649,0.864516,0.050868,1.000000,1.000000,1.000000,1.000000,0.000000,0.714286,6.000000,5.000000,7.000000,2.000000,30.330078,1.072389,1.320000,0.639524,0.140588,0.703206,19.888579,24.846647,0.878510,15.129567,0.534940,5.639715,0.199405,78.908353,119.817600,127.883700,111.751500,16.132200,0.873853
2025_04_25_IC_small_1,1194,219,245,0,-1,0.896715,967.166667,914.500000,1019.833333,105.333333,0.935473,117.825686,113.897451,121.753921,7.856470,0.983864,1.179595,1.170000,1.189189,0.019189,0.975905,0.875189,0.864516,0.885861,0.021345,1.000000,1.000000,1.000000,1.000000,0.000000,1.000000,7.000000,7.000000,7.000000,0.000000,29.138023,0.937283,1.434783,0.721167,0.094692,0.837304,26.029897,22.871629,0.735712,14.568446,0.468623,1.465483,0.047140,89.187497,111.497017,112.139576,110.854458,1.285118,0.988540
2025_04_25_IC_small_1,1195,225,239,0,-1,0.688114,691.611111,563.833333,819.388889,255.555556,0.834581,102.149687,92.939123,111.360250,18.421127,0.704366,1.319845,1.090909,1.548780,0.457871,0.987925,0.825296,0.820283,0.830309,0.010026,1.000000,1.000000,1.000000,1.000000,0.000000,0.714286,6.000000,5.000000,7.000000,2.000000,32.214655,1.230268,1.328671,0.561951,0.275926,0.542778,14.212670,27.529060,1.051326,15.650904,0.597703,4.495223,0.171671,69.176465,132.763066,137.299799,128.226333,9.073466,0.933915
2025_04_25_IC_small_1,1196,225,240,0,-1,0.470188,881.500000,563.833333,1199.166667,635.333333,0.665672,116.278013,92.939123,139.616902,46.677779,0.943237,1.059947,1.028986,1.090909,0.061924,0.942432,0.796671,0.773060,0.820283,0.047222,0.961513,0.980756,0.961513,1.000000,0.038487,0.625000,6.500000,5.000000,8.000000,3.000000,29.951386,1.026186,1.458333,0.628095,0.191908,0.766541,22.373099,27.631638,0.946708,14.758016,0.505635,8.105783,0.277718,71.741679,141.661976,156.183794,127.140159,29.043635,0.814042
2025_04_25_IC_small_1,1197,226,232,0,-1,0.701761,781.250000,644.333333,918.166667,273.833333,0.830038,108.728785,98.630737,118.826833,20.196096,0.976965,1.085565,1.072917,1.098214,0.025298,0.981762,0.824741,0.817151,0.832331,0.015180,1.000000,1.000000,1.000000,1.000000,0.000000,0.833333,5.500000,5.000000,6.000000,1.000000,29.756256,1.068735,1.326531,0.664932,0.112000,0.819193,22.808381,23.477453,0.843224,14.866862,0.533963,5.900030,0.211907,88.043063,145.604311,152.020526,139.188097,12.832429,0.915588
2025_04_25_IC_small_1,1198,226,247,0,-1,0.402457,1122.666667,644.333333,1601.000000,956.666667,0.647171,125.516819,98.630737,152.402901,53.772164,0.804687,1.203125,1.072917,1.333333,0.260417,0.960907,0.849262,0.832331,0.866193,0.033862,1.000000,1.000000,1.000000,1.000000,0.000000,0.750000,7.000000,6.000000,8.000000,2.000000,38.887972,1.189303,1.273256,0.528616,0.304558,0.305828,10.000000,33.269207,1.017466,19.027683,0.581920,11.617115,0.355284,78.356264,101.759690,112.479434,91.039946,21.439488,0.809392
2025_04_25_IC_small_1,1199,227,235,0,-1,0.936937,627.083333,606.666667,647.500000,40.833333,0.988888,97.340769,96.796926,97.884613,1.087688,0.882173,1.195734,1.120879,1.270588,0.149709,0.958112,0.831435,0.813649,0.849221,0.035573,1.000000,1.000000,1.000000,1.000000,0.000000,0.714286,6.000000,5.000000,7.000000,2.000000,21.940964,0.876296,1.102362,0.830972,0.033400,1.137535,28.481963,18.129513,0.724071,10.879923,0.434531,0.219900,0.008783,71.980853,161.884373,170.087895,153.680852,16.407043,0.903538
2025_04_25_IC_small_1,1200,227,242,0,-1,0.711454,554.083333,460.666667,647.500000,186.833333,0.878566,91.941358,85.998102,97.884613,11.886511,0.912433,1.071803,1.022727,1.120879,0.098152,0.921718,0.815982,0.782743,0.849221,0.066479,1.000000,1.000000,1.000000,1.000000,0.000000,0.714286,6.000000,5.000000,7.000000,2.000000,26.381968,1.124811,1.166667,0.566321,0.207650,0.577114,13.535960,21.937233,0.935307,12.833085,0.547146,5.070639,0.216190,82.159390,119.470185,156.037511,82.902858,73.134653,0.531301
2025_04_25_IC_small_1,1201,227,234,0,-1,0.751262,754.691667,647.500000,861.883333,214.383333,0.862315,105.699197,97.884613,113.513780,15.629167,0.981373,1.110440,1.100000,1.120879,0.020879,0.989784,0.844883,0.840545,0.849221,0.008676,1.000000,1.000000,1.000000,1.000000,0.000000,0.857143,6.500000,6.000000,7.000000,1.000000,36.090646,1.317084,1.561654,0.490148,0.249660,0.267897,7.340905,27.212135,0.993073,16.991821,0.620096,3.885221,0.141786,62.347625,96.857882,115.149445,78.566319,36.583126,0.682299
2025_04_25_IC_small_1,1202,227,211,0,-1,0.760274,749.583333,647.500000,851.666667,204.166667,0.852214,106.371878,97.884613,114.859142,16.974529,0.995263,1.123546,1.120879,1.126214,0.005334,0.955273,0.830230,0.811238,0.849221,0.037983,1.000000,1.000000,1.000000,1.000000,0.000000,0.714286,6.000000,5.000000,7.000000,2.000000,28.797331,1.054281,1.280000,0.584149,0.224569,0.606991,16.579773,21.736437,0.795779,14.397465,0.527096,3.769860,0.138016,85.764562,105.591336,118.761158,92.421513,26.339645,0.778213
2025_04_25_IC_small_1,1203,227,198,0,-1,0.896104,685.036111,647.500000,722.572222,75.072222,0.935998,101.231202,97.884613,104.577791,6.693178,0.814314,1.248675,1.120879,1.376471,0.255591,0.977668,0.839739,0.830256,0.849221,0.018965,1.000000,1.000000,1.000000,1.000000,0.000000,0.857143,6.500000,6.000000,7.000000,1.000000,33.408117,1.276905,1.848214,0.502417,0.256029,0.331497,8.673075,25.333992,0.968300,16.646068,0.636236,3.670794,0.140303,89.549127,106.555700,118.862723,94.248677,24.614046,0.792920
2025_04_25_IC_small_1,1204,479,505,0,-1,0.625918,1069.583333,823.500000,1315.666667,492.166667,0.816668,134.988002,121.365499,148.610505,27.245006,0.826966,1.693750,1.533333,1.854167,0.320833,0.938483,0.725586,0.702559,0.748612,0.046053,1.000000,1.000000,1.000000,1.000000,0.000000,0.625000,6.500000,5.000000,8.000000,3.000000,51.848650,1.596109,2.219858,0.451891,0.174523,0.401374,13.038405,39.560503,1.217831,25.347204,0.780288,9.403618,0.289481,79.531433,130.101700,134.665723,125.537678,9.128045,0.932217
2025_04_25_IC_small_1,1205,479,499,0,-1,0.628706,1066.666667,823.500000,1309.833333,486.333333,0.867429,130.639740,121.365499,139.913980,18.548481,0.757932,1.347748,1.162162,1.533333,0.371171,0.835563,0.771690,0.702559,0.840821,0.138262,1.000000,1.000000,1.000000,1.000000,0.000000,0.833333,5.500000,5.000000,6.000000,1.000000,30.357039,0.935671,1.380000,0.615011,0.168281,0.809046,26.248809,26.375092,0.812938,14.751858,0.454685,5.430443,0.167378,56.218718,107.278230,115.188014,99.368446,15.819568,0.862663
2025_04_25_IC_small_1,1206,236,231,0,-1,0.674824,376.416667,303.333333,449.500000,146.166667,0.814109,75.652231,67.900179,83.404283,15.504104,0.947917,1.246667,1.213333,1.280000,0.066667,0.982143,0.819395,0.812013,0.826777,0.014764,1.000000,1.000000,1.000000,1.000000,0.000000,0.833333,5.500000,5.000000,6.000000,1.000000,19.101644,0.989264,1.516484,0.679839,0.127961,0.863331,16.670000,15.314332,0.793121,9.523680,0.493226,2.072678,0.107343,73.507577,136.145305,137.290610,135.000000,2.290610,0.983316
2025_04_25_IC_small_1,1207,236,248,0,-1,0.483400,465.416667,303.333333,627.500000,324.166667,0.695863,82.738568,67.900179,97.576956,29.676777,0.950857,1.313077,1.280000,1.346154,0.066154,0.998295,0.827482,0.826777,0.828188,0.001412,1.000000,1.000000,1.000000,1.000000,0.000000,0.833333,5.500000,5.000000,6.000000,1.000000,21.463605,1.010851,1.219048,0.637309,0.206864,0.706441,15.000000,16.710326,0.786990,10.555410,0.497118,6.043708,0.284635,60.866322,125.829817,136.145763,115.513870,20.631892,0.848457
2025_04_25_IC_small_1,1208,236,245,0,-1,0.331693,608.916667,303.333333,914.500000,611.166667,0.596152,90.898815,67.900179,113.897451,45.997272,0.914063,1.225000,1.170000,1.280000,0.110000,0.933303,0.856319,0.826777,0.885861,0.059084,1.000000,1.000000,1.000000,1.000000,0.000000,0.714286,6.000000,5.000000,7.000000,2.000000,30.788722,1.292092,1.236641,0.569801,0.227590,0.375880,8.956686,25.723864,1.079538,15.209271,0.638278,13.139103,0.551401,78.178520,116.607308,123.728487,109.486130,14.242357,0.884890
2025_04_25_IC_small_1,1209,495,489,0,-1,0.970378,643.000000,633.333333,652.666667,19.333333,0.962209,99.295796,97.383400,101.208192,3.824792,0.819179,1.158644,1.043478,1.273810,0.230331,0.954108,0.819957,0.800700,0.839213,0.038513,1.000000,1.000000,1.000000,1.000000,0.000000,0.857143,6.500000,6.000000,7.000000,1.000000,26.707577,1.053274,1.379032,0.578888,0.175004,0.621337,15.755070,20.172281,0.795540,12.290398,0.484700,0.924375,0.036455,48.891649,102.159304,105.354739,98.963870,6.390869,0.939340
2025_04_25_IC_small_1,1210,495,512,0,-1,0.655000,524.083333,414.833333,633.333333,218.500000,0.834255,89.312973,81.242546,97.383400,16.140854,0.785047,1.136905,1.000000,1.273810,0.273810,0.941118,0.814506,0.789799,0.839213,0.049414,1.000000,1.000000,1.000000,1.000000,0.000000,0.833333,5.500000,5.000000,6.000000,1.000000,25.414729,1.116307,1.485714,0.676276,0.044522,0.857980,19.533447,23.293775,1.023147,12.697514,0.557721,4.932603,0.216658,87.318760,166.360084,176.795666,155.924502,20.871164,0.881948
2025_04_25_IC_small_1,1211,495,506,0,-1,0.886814,673.750000,633.333333,714.166667,80.833333,0.898796,102.866044,97.383400,108.348689,10.965289,0.641694,1.629442,1.273810,1.985075,0.711265,0.910940,0.801843,0.764473,0.839213,0.074740,1.000000,1.000000,1.000000,1.000000,0.000000,0.857143,6.500000,6.000000,7.000000,1.000000,29.865334,1.151101,1.803571,0.552690,0.170068,0.591552,15.347819,22.272128,0.858436,12.842420,0.494986,1.518719,0.058536,45.433743,103.950733,104.948317,102.953150,1.995167,0.980989
2025_04_25_IC_small_1,1212,489,506,0,-1,0.913886,683.416667,652.666667,714.166667,61.500000,0.934097,104.778441,101.208192,108.348689,7.140497,0.525662,1.514276,1.043478,1.985075,0.941596,0.954755,0.782587,0.764473,0.800700,0.036227,1.000000,1.000000,1.000000,1.000000,0.000000,1.000000,7.000000,7.000000,7.000000,0.000000,37.466605,1.433546,1.738095,0.480300,0.240702,0.391238,10.225241,28.750227,1.100040,18.724339,0.716430,2.727675,0.104366,88.919966,120.876904,151.692112,90.061697,61.630415,0.593714
2025_04_25_IC_small_1,1213,489,511,0,-1,0.879469,613.333333,574.000000,652.666667,78.666667,0.976277,100.007711,98.807231,101.208192,2.400962,0.705314,1.261465,1.043478,1.479452,0.435974,0.922729,0.769765,0.738830,0.800700,0.061871,1.000000,1.000000,1.000000,1.000000,0.000000,0.857143,6.500000,6.000000,7.000000,1.000000,33.050858,1.335236,1.990196,0.461961,0.390489,0.350387,8.673075,26.904868,1.086942,16.434011,0.663925,0.580850,0.023466,88.804581,109.493532,111.166507,107.820557,3.345950,0.969901
2025_04_25_IC_small_1,1214,489,492,0,-1,0.671468,812.333333,652.666667,972.000000,319.333333,0.849849,110.148905,101.208192,119.089617,17.881425,0.846286,1.138244,1.043478,1.233010,0.189531,0.929697,0.830974,0.800700,0.861248,0.060548,1.000000,1.000000,1.000000,1.000000,0.000000,0.857143,6.500000,6.000000,7.000000,1.000000,23.502074,0.828643,1.161765,0.819032,0.066612,1.100312,31.207193,18.064858,0.636936,11.708100,0.412808,4.204933,0.148259,53.864175,139.203866,141.709837,136.697896,5.011941,0.964632
2025_04_25_IC_small_1,1215,217,223,0,-1,0.966539,940.333333,924.333333,956.333333,32.000000,0.973315,122.151776,120.499919,123.803632,3.303712,0.920113,1.177428,1.128440,1.226415,0.097975,0.980138,0.792010,0.784066,0.799954,0.015888,0.995662,0.997831,0.995662,1.000000,0.004338,1.000000,6.000000,6.000000,6.000000,0.000000,24.396721,0.795621,1.253521,0.848082,0.028034,1.261599,38.685340,20.551300,0.670215,12.184846,0.397370,0.205521,0.006702,77.116962,166.356689,167.968496,164.744881,3.223615,0.980808
2025_04_25_IC_small_1,1216,217,232,0,-1,0.960091,937.250000,918.166667,956.333333,38.166667,0.959801,121.315232,118.826833,123.803632,4.976799,0.895467,1.162315,1.098214,1.226415,0.128201,0.959511,0.800608,0.784066,0.817151,0.033085,0.995662,0.997831,0.995662,1.000000,0.004338,0.833333,5.500000,5.000000,6.000000,1.000000,33.093493,1.081029,1.203488,0.563954,0.244865,0.624841,19.128222,25.543855,0.834413,16.490127,0.538665,1.219638,0.039841,76.434411,117.174810,123.954102,110.395518,13.558583,0.890616
2025_04_25_IC_small_1,1217,217,249,0,-1,0.983560,948.472222,940.611111,956.333333,15.722222,0.971685,122.050865,120.298098,123.803632,3.505534,0.992812,1.230855,1.226415,1.235294,0.008879,0.959953,0.800420,0.784066,0.816775,0.032709,0.995662,0.997831,0.995662,1.000000,0.004338,1.000000,6.000000,6.000000,6.000000,0.000000,35.354514,1.147985,1.833333,0.526598,0.252775,0.508822,15.670212,28.155444,0.914227,17.674238,0.573895,3.113578,0.101100,80.209570,105.083444,124.721713,85.445176,39.276537,0.685087
2025_04_25_IC_small_1,1218,210,221,0,-1,0.811189,1357.888889,1216.333333,1499.444444,283.111111,0.886600,145.412237,136.671765,154.152710,17.480945,0.707140,1.240838,1.027972,1.453704,0.425732,0.969021,0.805611,0.792936,0.818286,0.025350,1.000000,1.000000,1.000000,1.000000,0.000000,1.000000,7.000000,7.000000,7.000000,0.000000,34.638192,0.941273,1.274194,0.605245,0.182759,0.725104,26.683328,28.417892,0.772240,17.318938,0.470632,3.526790,0.095838,86.791006,107.716710,136.041627,79.391792,56.649834,0.583585
2025_04_25_IC_small_1,1219,210,237,0,-1,0.473372,896.055556,575.777778,1216.333333,640.555556,0.707912,116.711706,96.751648,136.671765,39.920117,0.733254,1.259819,1.065934,1.453704,0.387770,0.944590,0.795615,0.772944,0.818286,0.045342,1.000000,1.000000,1.000000,1.000000,0.000000,0.857143,6.500000,6.000000,7.000000,1.000000,36.124277,1.227228,1.123596,0.582009,0.177103,0.623650,18.357560,28.985963,0.984722,17.329628,0.588729,9.196400,0.312424,63.484838,130.229712,131.682219,128.777205,2.905014,0.977939
2025_04_25_IC_small_1,1220,210,241,0,-1,0.461222,888.666667,561.000000,1216.333333,655.333333,0.669449,114.083303,91.494841,136.671765,45.176923,0.776920,1.291558,1.129412,1.453704,0.324292,0.971685,0.830208,0.818286,0.842131,0.023845,1.000000,1.000000,1.000000,1.000000,0.000000,0.857143,6.500000,6.000000,7.000000,1.000000,32.307946,1.103387,2.018349,0.683605,0.096962,0.809630,23.706539,26.496693,0.904920,15.264479,0.521315,9.715479,0.331805,62.723246,143.286809,149.967615,136.606003,13.361612,0.910903
2025_04_25_IC_small_1,1221,228,229,0,-1,0.993222,612.638889,610.555556,614.722222,4.166667,0.994915,94.692938,94.451564,94.934313,0.482749,0.991736,1.095455,1.090909,1.100000,0.009091,0.983146,0.858609,0.851312,0.865905,0.014594,0.999819,0.999910,0.999819,1.000000,0.000181,0.857143,6.500000,6.000000,7.000000,1.000000,28.966145,1.170278,1.838384,0.522068,0.238404,0.356563,8.825468,22.778128,0.920272,14.225432,0.574730,2.478711,0.100144,77.894513,97.270886,128.500654,66.041118,62.459536,0.513936
2025_04_25_IC_small_1,1222,228,238,0,-1,0.938906,595.944444,577.166667,614.722222,37.555556,0.989598,93.960342,93.469120,94.451564,0.982443,0.909091,1.145455,1.090909,1.200000,0.109091,0.958748,0.848045,0.830185,0.865905,0.035721,0.999819,0.999910,0.999819,1.000000,0.000181,0.714286,6.000000,5.000000,7.000000,2.000000,22.617421,0.926604,1.112903,0.746612,0.096719,0.948098,23.142073,18.797943,0.770125,11.293549,0.462681,0.448578,0.018378,85.737752,144.685459,150.068488,139.302430,10.766059,0.928259
2025_04_25_IC_small_1,1223,228,246,0,-1,0.916674,589.111111,563.500000,614.722222,51.222222,0.976003,93.318265,92.184967,94.451564,2.266597,0.826446,1.205455,1.090909,1.320000,0.229091,0.962306,0.849586,0.833266,0.865905,0.032640,0.999819,0.999910,0.999819,1.000000,0.000181,0.857143,6.500000,6.000000,7.000000,1.000000,25.907245,1.067641,1.204724,0.607048,0.208459,0.627694,15.231546,20.116718,0.829013,12.949771,0.533662,2.806015,0.115636,88.789573,115.409958,129.186283,101.633634,27.552649,0.786722
2025_04_25_IC_small_1,1224,229,246,0,-1,0.922930,587.027778,563.500000,610.555556,47.055556,0.971039,93.559640,92.184967,94.934313,2.749346,0.833333,1.210000,1.100000,1.320000,0.220000,0.978802,0.842289,0.833266,0.851312,0.018046,1.000000,1.000000,1.000000,1.000000,0.000000,1.000000,6.000000,6.000000,6.000000,0.000000,27.205793,1.123102,1.069444,0.594078,0.149624,0.609517,14.764823,21.244688,0.877018,13.246176,0.546825,1.139763,0.047051,67.754579,111.252343,120.191623,102.313063,17.878560,0.851250
2025_04_25_IC_small_1,1225,229,244,0,-1,0.831945,672.222222,610.555556,733.888889,123.333333,0.911693,99.532013,94.934313,104.129713,9.195400,0.973077,1.115217,1.100000,1.130435,0.030435,0.999084,0.850922,0.850532,0.851312,0.000779,1.000000,1.000000,1.000000,1.000000,0.000000,0.857143,6.500000,6.000000,7.000000,1.000000,24.169953,0.933206,1.191176,0.688544,0.131777,0.818945,21.210584,19.462353,0.751445,12.073174,0.466147,1.722472,0.066505,76.810651,117.973366,118.300756,117.645975,0.654780,0.994465
2025_04_25_IC_small_1,1226,508,491,0,-1,0.983184,1103.972222,1094.611111,1113.333333,18.722222,0.835962,141.287265,128.663611,153.910919,25.247308,0.721118,1.214122,1.017391,1.410853,0.393461,0.710785,0.710761,0.590604,0.830918,0.240314,1.000000,1.000000,1.000000,1.000000,0.000000,0.857143,6.500000,6.000000,7.000000,1.000000,46.084393,1.387007,1.412698,0.469034,0.188360,0.592250,19.677963,35.023525,1.054107,23.018537,0.692791,5.784756,0.174104,87.093241,126.735016,148.358205,105.111828,43.246376,0.708500
2025_04_25_IC_small_1,1227,508,497,0,-1,0.772761,1277.027778,1113.333333,1440.722222,327.388889,0.945360,149.706074,145.501229,153.910919,8.409690,0.740767,1.227983,1.045113,1.410853,0.365740,0.690620,0.722891,0.590604,0.855179,0.264575,1.000000,1.000000,1.000000,1.000000,0.000000,1.000000,6.000000,6.000000,6.000000,0.000000,32.972214,0.924582,1.344086,0.534331,0.249712,0.761716,27.164110,28.885207,0.809977,14.195476,0.398059,5.661779,0.158763,24.310279,99.674236,118.376743,80.971728,37.405015,0.684017
2025_04_25_IC_small_1,1228,508,520,0,-1,0.728293,962.083333,810.833333,1113.333333,302.500000,0.747943,134.513771,115.116624,153.910919,38.794295,0.906948,1.345211,1.279570,1.410853,0.131283,0.768123,0.679748,0.590604,0.768892,0.178288,1.000000,1.000000,1.000000,1.000000,0.000000,0.666667,5.000000,4.000000,6.000000,2.000000,29.074880,0.940299,1.164835,0.504765,0.286791,0.811098,25.079872,24.661094,0.797554,12.826012,0.414801,0.625692,0.020235,15.357196,92.400544,104.925759,79.875328,25.050430,0.761256
2025_04_25_IC_small_1,1229,508,516,0,-1,0.884807,1185.805556,1113.333333,1258.277778,144.944444,0.915156,161.045450,153.910919,168.179980,14.269061,0.721680,1.682904,1.410853,1.954955,0.544102,0.946546,0.574819,0.559033,0.590604,0.031570,1.000000,1.000000,1.000000,1.000000,0.000000,0.857143,6.500000,6.000000,7.000000,1.000000,21.250745,0.617405,1.588235,0.723126,0.031202,1.729834,59.539903,17.622675,0.511998,9.845550,0.286046,1.006224,0.029234,9.884622,156.047040,167.905243,144.188836,23.716407,0.858751
2025_04_25_IC_small_1,1230,508,531,0,-1,0.632435,908.722222,704.111111,1113.333333,409.222222,0.720732,132.419695,110.928471,153.910919,42.982448,0.889922,1.498109,1.410853,1.585366,0.174513,0.821356,0.654832,0.590604,0.719060,0.128456,1.000000,1.000000,1.000000,1.000000,0.000000,0.833333,5.500000,5.000000,6.000000,1.000000,45.992164,1.535587,1.210526,0.359099,0.472519,0.211164,6.324555,34.168548,1.140820,21.679106,0.723822,1.091233,0.036434,28.500573,95.322265,105.188289,85.456242,19.732046,0.812412
2025_04_25_IC_small_1,1231,508,535,0,-1,0.471557,819.166667,525.000000,1113.333333,588.333333,0.622373,124.850461,95.790002,153.910919,58.120917,0.860675,1.312569,1.214286,1.410853,0.196567,0.821424,0.654802,0.590604,0.719000,0.128396,1.000000,1.000000,1.000000,1.000000,0.000000,0.833333,5.500000,5.000000,6.000000,1.000000,43.437059,1.543618,1.666667,0.435397,0.180977,0.573015,16.124515,31.498071,1.119344,21.595084,0.767422,16.454307,0.584735,86.067329,149.820899,173.233825,126.407973,46.825852,0.729696
2025_04_25_IC_small_1,1232,223,233,0,-1,0.768357,1063.666667,924.333333,1203.000000,278.666667,0.902136,127.035874,120.499919,133.571830,13.071910,0.835046,1.239896,1.128440,1.351351,0.222911,0.944103,0.823635,0.799954,0.847317,0.047363,1.000000,1.000000,1.000000,1.000000,0.000000,1.000000,6.000000,6.000000,6.000000,0.000000,31.422936,0.965565,1.026316,0.620566,0.209652,0.714716,23.259407,24.553216,0.754472,15.642866,0.480675,2.735526,0.084057,60.600745,114.177709,119.054604,109.300814,9.753790,0.918073
2025_04_25_IC_small_1,1233,223,249,0,-1,0.982694,932.472222,924.333333,940.611111,16.277778,0.998325,120.399009,120.298098,120.499919,0.201821,0.913499,1.181867,1.128440,1.235294,0.106854,0.979405,0.808364,0.799954,0.816775,0.016821,1.000000,1.000000,1.000000,1.000000,0.000000,1.000000,6.000000,6.000000,6.000000,0.000000,36.987776,1.211280,1.158470,0.557308,0.219846,0.585104,17.866791,28.419893,0.930698,16.785731,0.549701,0.899177,0.029446,64.568588,118.223291,126.636640,109.809943,16.826697,0.867126
2025_04_25_IC_small_1,1234,223,251,0,-1,0.818719,1026.666667,924.333333,1129.000000,204.666667,0.934795,124.702566,120.499919,128.905212,8.405293,0.975719,1.142481,1.128440,1.156522,0.028081,0.936919,0.826884,0.799954,0.853813,0.053859,1.000000,1.000000,1.000000,1.000000,0.000000,0.857143,6.500000,6.000000,7.000000,1.000000,41.995136,1.312277,2.200000,0.482324,0.265747,0.282966,9.055385,34.588607,1.080836,20.978228,0.655534,5.067602,0.158354,87.246602,101.317722,128.895649,73.739795,55.155854,0.572089
2025_04_25_IC_small_1,1235,491,462,0,-1,0.963965,1074.888889,1055.166667,1094.611111,39.444444,0.964169,131.054369,128.663611,133.445127,4.781516,0.602659,1.352782,1.017391,1.688172,0.670781,0.896122,0.787761,0.744604,0.830918,0.086314,1.000000,1.000000,1.000000,1.000000,0.000000,1.000000,7.000000,7.000000,7.000000,0.000000,38.056258,1.160814,1.403509,0.480724,0.345126,0.382061,12.525529,30.325725,0.925013,17.710614,0.540219,2.812045,0.085775,51.231558,96.653071,109.421646,83.884496,25.537150,0.766617
2025_04_25_IC_small_1,1236,491,461,0,-1,0.921390,1141.305556,1094.611111,1188.000000,93.388889,0.936769,133.005945,128.663611,137.348279,8.684668,0.813913,1.133696,1.017391,1.250000,0.232609,0.952405,0.811144,0.791371,0.830918,0.039548,1.000000,1.000000,1.000000,1.000000,0.000000,0.714286,6.000000,5.000000,7.000000,2.000000,35.091316,1.038938,1.959677,0.718974,0.023511,0.981050,33.136083,28.362471,0.839719,17.477897,0.517463,1.971169,0.058360,84.269030,171.472118,176.835426,166.108809,10.726618,0.939341
2025_04_25_IC_small_1,1237,491,476,0,-1,0.901038,1154.722222,1094.611111,1214.833333,120.222222,0.864944,138.708642,128.663611,148.753674,20.090063,0.709662,1.225510,1.017391,1.433628,0.416237,0.830296,0.760413,0.689908,0.830918,0.141010,0.993729,0.996864,0.993729,1.000000,0.006271,0.714286,6.000000,5.000000,7.000000,2.000000,37.992239,1.118416,1.166667,0.482552,0.254246,0.473658,16.090025,29.720989,0.874927,15.768586,0.464196,0.183329,0.005397,45.917533,90.267044,94.813551,85.720536,9.093014,0.904096
2025_04_25_IC_small_1,1238,491,497,0,-1,0.759766,1267.666667,1094.611111,1440.722222,346.111111,0.884279,137.082420,128.663611,145.501229,16.837618,0.973475,1.031252,1.017391,1.045113,0.027721,0.971631,0.843048,0.830918,0.855179,0.024260,1.000000,1.000000,1.000000,1.000000,0.000000,0.857143,6.500000,6.000000,7.000000,1.000000,40.362023,1.136290,1.576923,0.552485,0.188075,0.478960,17.013067,30.133343,0.848328,19.511795,0.549305,4.386221,0.123483,74.044668,95.645136,98.025220,93.265052,4.760168,0.951439
2025_04_25_IC_small_1,1239,491,501,0,-1,0.942276,1128.138889,1094.611111,1161.666667,67.055556,0.941053,132.693296,128.663611,136.722980,8.059369,0.702803,1.232505,1.017391,1.447619,0.430228,0.939832,0.805921,0.780923,0.830918,0.049995,1.000000,1.000000,1.000000,1.000000,0.000000,0.714286,6.000000,5.000000,7.000000,2.000000,35.287586,1.050724,1.168539,0.578231,0.212297,0.654320,21.974733,26.027639,0.775000,15.688063,0.467128,0.308128,0.009175,57.804385,100.994205,103.392498,98.595911,4.796586,0.953608
2025_04_25_IC_small_1,1240,491,516,0,-1,0.869928,1176.444444,1094.611111,1258.277778,163.666667,0.765035,148.421796,128.663611,168.179980,39.516369,0.520417,1.486173,1.017391,1.954955,0.937564,0.672790,0.694976,0.559033,0.830918,0.271885,1.000000,1.000000,1.000000,1.000000,0.000000,1.000000,7.000000,7.000000,7.000000,0.000000,57.664330,1.682227,2.231293,0.376189,0.326714,0.240565,8.246211,43.140561,1.258529,29.041221,0.847212,11.808701,0.344492,85.400035,125.068837,163.154744,86.982929,76.171816,0.533131
2025_04_25_IC_small_1,1241,462,461,0,-1,0.888187,1121.583333,1055.166667,1188.000000,132.833333,0.971582,135.396703,133.445127,137.348279,3.903152,0.740446,1.469086,1.250000,1.688172,0.438172,0.940905,0.767987,0.744604,0.791371,0.046766,1.000000,1.000000,1.000000,1.000000,0.000000,0.714286,6.000000,5.000000,7.000000,2.000000,27.923886,0.834163,1.125000,0.708908,0.133740,1.066251,35.693137,23.384398,0.698556,13.295858,0.397183,2.714364,0.081085,47.092444,122.503347,135.000000,110.006695,24.993305,0.814864
2025_04_25_IC_small_1,1242,462,497,0,-1,0.732387,1247.944444,1055.166667,1440.722222,385.555556,0.917141,139.473178,133.445127,145.501229,12.056102,0.619080,1.366642,1.045113,1.688172,0.643059,0.870700,0.799891,0.744604,0.855179,0.110574,1.000000,1.000000,1.000000,1.000000,0.000000,0.857143,6.500000,6.000000,7.000000,1.000000,46.472906,1.319500,1.660714,0.541950,0.144549,0.544834,19.189117,31.590673,0.896950,23.168535,0.657822,3.618890,0.102751,82.784964,140.225722,152.553134,127.898309,24.654824,0.838385
2025_04_25_IC_small_1,1243,461,476,0,-1,0.977912,1201.416667,1188.000000,1214.833333,26.833333,0.923327,143.050977,137.348279,148.753674,11.405395,0.871914,1.341814,1.250000,1.433628,0.183628,0.871789,0.740639,0.689908,0.791371,0.101463,0.993729,0.996864,0.993729,1.000000,0.006271,1.000000,5.000000,5.000000,5.000000,0.000000,35.244578,1.016839,1.089552,0.477082,0.305473,0.498044,17.262677,30.238600,0.872412,15.992595,0.461401,1.164001,0.033583,47.432990,85.889033,89.756190,82.021875,7.734314,0.913830
2025_04_25_IC_small_1,1244,461,445,0,-1,0.929315,1233.180662,1188.000000,1278.361325,90.361325,0.942347,141.549775,137.348279,145.751270,8.402991,0.937500,1.291667,1.250000,1.333333,0.083333,0.955562,0.773787,0.756204,0.791371,0.035167,1.000000,1.000000,1.000000,1.000000,0.000000,0.833333,5.500000,5.000000,6.000000,1.000000,33.402406,0.951343,1.029851,0.612981,0.199281,0.829387,29.120440,27.361640,0.779295,15.247742,0.434275,0.253573,0.007222,54.273958,115.878576,116.197186,115.559965,0.637221,0.994516
2025_04_25_IC_small_1,1245,231,248,0,-1,0.716335,538.500000,449.500000,627.500000,178.000000,0.854754,90.490619,83.404283,97.576956,14.172673,0.901333,1.279744,1.213333,1.346154,0.132821,0.980469,0.820101,0.812013,0.828188,0.016175,1.000000,1.000000,1.000000,1.000000,0.000000,1.000000,6.000000,6.000000,6.000000,0.000000,27.477308,1.188173,1.063380,0.503131,0.224801,0.366920,8.485281,20.902595,0.903869,13.461570,0.582105,1.855757,0.080247,72.911167,89.100971,89.347704,88.854237,0.493467,0.994477
2025_04_25_IC_small_1,1246,231,240,0,-1,0.374844,824.333333,449.500000,1199.166667,749.666667,0.597380,111.510593,83.404283,139.616902,56.212620,0.848065,1.121159,1.028986,1.213333,0.184348,0.952030,0.792537,0.773060,0.812013,0.038952,0.961513,0.980756,0.961513,1.000000,0.038487,0.750000,7.000000,6.000000,8.000000,2.000000,30.927616,1.107913,1.152866,0.699696,0.070259,0.912524,25.473298,24.472940,0.876689,15.434396,0.552903,13.137524,0.470623,86.830583,170.154097,178.531199,161.776995,16.754204,0.906155
2025_04_25_IC_small_1,1247,221,241,0,-1,0.374139,1030.222222,561.000000,1499.444444,938.444444,0.593534,122.823776,91.494841,154.152710,62.657868,0.910184,1.078692,1.027972,1.129412,0.101440,0.941583,0.817533,0.792936,0.842131,0.049195,1.000000,1.000000,1.000000,1.000000,0.000000,0.857143,6.500000,6.000000,7.000000,1.000000,37.590063,1.204653,1.203390,0.631942,0.126213,0.692709,21.615324,28.721681,0.920447,17.350335,0.556028,13.029257,0.417550,70.564674,147.278138,163.915684,130.640592,33.275091,0.796999
2025_04_25_IC_small_1,1248,221,243,0,-1,0.335458,1001.222222,503.000000,1499.444444,996.444444,0.628916,125.550937,96.949164,154.152710,57.203545,0.993487,1.024624,1.021277,1.027972,0.006695,0.848109,0.732716,0.672496,0.792936,0.120440,1.000000,1.000000,1.000000,1.000000,0.000000,0.571429,5.500000,4.000000,7.000000,3.000000,27.849841,0.910865,1.224490,0.659268,0.166519,0.911418,27.866746,23.852078,0.780113,13.412825,0.438684,8.802159,0.287886,43.710668,118.758447,120.516142,117.000752,3.515390,0.970831
2025_04_25_IC_small_1,1249,221,233,0,-1,0.802297,1351.222222,1203.000000,1499.444444,296.444444,0.866490,143.862270,133.571830,154.152710,20.580880,0.760699,1.189662,1.027972,1.351351,0.323379,0.935820,0.820126,0.792936,0.847317,0.054381,1.000000,1.000000,1.000000,1.000000,0.000000,0.857143,6.500000,6.000000,7.000000,1.000000,38.874615,1.059154,1.106061,0.533324,0.239372,0.482020,17.691806,31.792880,0.866209,19.103182,0.520473,0.484226,0.013193,58.753653,102.139480,135.303149,68.975811,66.327338,0.509787
2025_04_25_IC_small_1,1250,221,253,0,-1,0.570248,1177.250000,855.055556,1499.444444,644.388889,0.722620,132.773232,111.393754,154.152710,42.758956,0.920705,1.072238,1.027972,1.116505,0.088533,0.915705,0.829433,0.792936,0.865929,0.072994,1.000000,1.000000,1.000000,1.000000,0.000000,0.857143,6.500000,6.000000,7.000000,1.000000,44.124489,1.298467,1.385965,0.474539,0.267148,0.233160,7.923243,32.527784,0.957206,20.783126,0.611592,7.373563,0.216984,42.200103,92.631616,111.295572,73.967661,37.327912,0.664606
2025_04_25_IC_small_1,1251,235,242,0,-1,0.759341,533.666667,460.666667,606.666667,146.000000,0.888438,91.397514,85.998102,96.796926,10.798823,0.804924,1.146658,1.022727,1.270588,0.247861,0.962015,0.798196,0.782743,0.813649,0.030906,1.000000,1.000000,1.000000,1.000000,0.000000,1.000000,5.000000,5.000000,5.000000,0.000000,26.920351,1.168069,1.517857,0.558660,0.281387,0.604177,13.924399,21.881445,0.949432,12.167847,0.527961,3.999584,0.173541,55.316962,121.752719,136.496191,107.009247,29.486944,0.783972
2025_04_25_IC_small_1,1252,235,245,0,-1,0.663386,760.583333,606.666667,914.500000,307.833333,0.849860,105.347188,96.796926,113.897451,17.100526,0.920833,1.220294,1.170000,1.270588,0.100588,0.918483,0.849755,0.813649,0.885861,0.072212,1.000000,1.000000,1.000000,1.000000,0.000000,0.714286,6.000000,5.000000,7.000000,2.000000,31.282112,1.140199,1.533835,0.582424,0.239436,0.538162,14.764823,25.705195,0.936927,15.506622,0.565200,4.445735,0.162042,73.195026,122.892240,125.807757,119.976723,5.831034,0.953651
2025_04_25_IC_small_1,1253,235,254,0,-1,0.587969,819.233333,606.666667,1031.800000,425.133333,0.801221,108.804319,96.796926,120.811713,24.014787,0.965253,1.293457,1.270588,1.316327,0.045738,0.915903,0.851003,0.813649,0.888357,0.074708,1.000000,1.000000,1.000000,1.000000,0.000000,0.714286,6.000000,5.000000,7.000000,2.000000,26.834561,0.945674,1.379845,0.648862,0.140172,0.695555,19.737162,22.177825,0.781566,13.407995,0.472510,5.595601,0.197194,63.501866,103.653067,120.735488,86.570646,34.164842,0.717027
2025_04_25_IC_small_1,1254,238,246,0,-1,0.976321,570.333333,563.500000,577.166667,13.666667,0.986261,92.827044,92.184967,93.469120,1.284154,0.909091,1.260000,1.200000,1.320000,0.120000,0.996302,0.831725,0.830185,0.833266,0.003081,1.000000,1.000000,1.000000,1.000000,0.000000,0.833333,5.500000,5.000000,6.000000,1.000000,30.009054,1.256596,1.623853,0.522353,0.254676,0.418739,10.000000,23.114126,0.967879,14.260460,0.597141,1.330369,0.055708,61.103654,111.693442,115.089006,108.297878,6.791128,0.940992
2025_04_25_IC_small_1,1255,238,239,0,-1,0.704387,698.277778,577.166667,819.388889,242.222222,0.839340,102.414685,93.469120,111.360250,17.891129,0.774803,1.374390,1.200000,1.548780,0.348780,0.999851,0.830247,0.830185,0.830309,0.000124,1.000000,1.000000,1.000000,1.000000,0.000000,0.714286,6.000000,5.000000,7.000000,2.000000,24.904352,0.946048,1.259542,0.658513,0.182433,0.789753,20.789955,20.084554,0.762957,12.384223,0.470442,1.874995,0.071226,79.424367,125.439864,139.539385,111.340342,28.199043,0.797913
2025_04_25_IC_small_1,1256,238,256,0,-1,0.848012,628.888889,577.166667,680.611111,103.444444,0.885608,99.505702,93.469120,105.542283,12.073162,0.963542,1.178125,1.156250,1.200000,0.043750,0.924871,0.798999,0.767814,0.830185,0.062371,1.000000,1.000000,1.000000,1.000000,0.000000,0.833333,5.500000,5.000000,6.000000,1.000000,25.096197,1.001588,1.495652,0.652854,0.133481,0.866351,21.707654,19.633871,0.783587,12.366518,0.493547,2.090420,0.083429,60.179246,132.335079,150.150515,114.519643,35.630872,0.762699
2025_04_25_IC_small_1,1257,496,518,0,-1,0.630714,868.083333,671.500000,1064.666667,393.166667,0.805821,116.237282,103.738325,128.736240,24.997916,0.969859,1.116253,1.099174,1.133333,0.034160,0.971305,0.795693,0.784111,0.807276,0.023165,1.000000,1.000000,1.000000,1.000000,0.000000,0.714286,6.000000,5.000000,7.000000,2.000000,27.458458,0.938068,1.496241,0.751580,0.066622,1.060711,31.048349,23.533432,0.803977,13.331808,0.455457,4.003399,0.136769,60.250218,164.247867,172.458222,156.037511,16.420711,0.904784
2025_04_25_IC_small_1,1258,496,502,0,-1,0.820914,969.333333,874.000000,1064.666667,190.666667,0.959152,126.106910,123.477579,128.736240,5.258661,0.618285,1.438476,1.099174,1.777778,0.678604,0.892325,0.763814,0.720353,0.807276,0.086923,1.000000,1.000000,1.000000,1.000000,0.000000,0.714286,6.000000,5.000000,7.000000,2.000000,29.488690,0.948300,1.016043,0.537892,0.235213,0.633441,19.697716,26.527309,0.853068,14.499423,0.466274,3.243394,0.104301,65.053995,103.547426,132.026269,75.068583,56.957686,0.568588
2025_04_25_IC_small_1,1259,496,515,0,-1,0.670006,889.000000,713.333333,1064.666667,351.333333,0.835653,118.157530,107.578819,128.736240,21.157422,0.763063,1.269825,1.099174,1.440476,0.341303,0.959460,0.790912,0.774549,0.807276,0.032727,1.000000,1.000000,1.000000,1.000000,0.000000,0.857143,6.500000,6.000000,7.000000,1.000000,39.134380,1.319043,1.212644,0.496776,0.230596,0.408503,12.119773,30.934945,1.042677,19.010080,0.640744,9.869010,0.332640,71.663978,118.592508,156.216088,80.968928,75.247160,0.518314
2025_04_25_IC_small_1,1260,496,484,0,-1,0.811381,1188.416667,1064.666667,1312.166667,247.500000,0.877499,137.722210,128.736240,146.708180,17.971940,0.636364,1.413223,1.099174,1.727273,0.628099,0.949005,0.786692,0.766108,0.807276,0.041167,1.000000,1.000000,1.000000,1.000000,0.000000,0.875000,7.500000,7.000000,8.000000,1.000000,36.526919,1.061011,1.150000,0.484174,0.277049,0.393184,13.535960,31.586648,0.917509,18.306719,0.531762,5.958101,0.173067,83.058911,78.515610,93.286911,63.744310,29.542601,0.683315
2025_04_25_IC_small_1,1261,493,472,0,-1,0.511674,766.166667,518.666667,1013.666667,495.000000,0.660347,113.440442,90.234222,136.646662,46.412440,0.645323,1.718217,1.347826,2.088608,0.740782,0.852219,0.741341,0.682193,0.800490,0.118297,1.000000,1.000000,1.000000,1.000000,0.000000,0.625000,6.500000,5.000000,8.000000,3.000000,23.897994,0.875186,1.330827,0.632112,0.194475,0.958482,26.172505,20.348403,0.745194,10.119418,0.370591,3.354180,0.122836,13.556098,123.325091,134.483836,112.166346,22.317490,0.834051
2025_04_25_IC_small_1,1262,493,507,0,-1,0.915060,496.638889,474.611111,518.666667,44.055556,0.999289,90.202151,90.170080,90.234222,0.064142,0.661198,1.693144,1.347826,2.038462,0.690635,0.916362,0.767014,0.733538,0.800490,0.066951,1.000000,1.000000,1.000000,1.000000,0.000000,0.833333,5.500000,5.000000,6.000000,1.000000,29.170578,1.309277,1.786408,0.459676,0.340008,0.350551,7.810250,22.957023,1.030391,14.340374,0.643646,0.414702,0.018613,69.860726,106.437880,110.583222,102.292538,8.290684,0.925028
2025_04_25_IC_small_1,1263,493,510,0,-1,0.732235,613.500000,518.666667,708.333333,189.666667,0.867540,97.122913,90.234222,104.011604,13.777382,0.782701,1.201386,1.054945,1.347826,0.292881,0.972908,0.811635,0.800490,0.822780,0.022291,1.000000,1.000000,1.000000,1.000000,0.000000,0.833333,5.500000,5.000000,6.000000,1.000000,26.702685,1.081326,1.583333,0.603779,0.128769,0.697356,17.220788,21.485302,0.870048,13.288923,0.538135,3.005797,0.121720,69.835475,126.061631,128.326697,123.796565,4.530132,0.964698
2025_04_25_IC_small_1,1264,472,507,0,-1,0.468212,744.138889,474.611111,1013.666667,539.055556,0.659878,113.408371,90.170080,136.646662,46.476582,0.975991,2.063535,2.038462,2.088608,0.050146,0.930003,0.707865,0.682193,0.733538,0.051346,1.000000,1.000000,1.000000,1.000000,0.000000,0.750000,7.000000,6.000000,8.000000,2.000000,40.630326,1.515387,3.268293,0.437665,0.216469,0.374830,10.049876,30.452438,1.135783,20.314415,0.757665,11.701225,0.436420,84.886137,119.879056,123.223626,116.534485,6.689141,0.945715
2025_04_25_IC_small_1,1265,472,494,0,-1,0.793768,909.141667,804.616667,1013.666667,209.050000,0.819895,124.341306,112.035950,136.646662,24.610713,0.615584,1.687161,1.285714,2.088608,0.802893,0.846882,0.743863,0.682193,0.805534,0.123342,1.000000,1.000000,1.000000,1.000000,0.000000,0.625000,6.500000,5.000000,8.000000,3.000000,32.837961,1.090892,1.185185,0.474929,0.324299,0.487359,14.670454,26.328818,0.874655,14.558927,0.483654,0.822937,0.027338,32.612062,94.528179,95.627003,93.429354,2.197649,0.977019
2025_04_25_IC_small_1,1266,512,506,0,-1,0.580863,564.500000,414.833333,714.166667,299.333333,0.749825,94.795617,81.242546,108.348689,27.106143,0.503759,1.492537,1.000000,1.985075,0.985075,0.967934,0.777136,0.764473,0.789799,0.025326,1.000000,1.000000,1.000000,1.000000,0.000000,0.714286,6.000000,5.000000,7.000000,2.000000,22.504245,0.955770,1.000000,0.555745,0.272365,0.633115,14.907120,19.630997,0.833741,11.251749,0.477869,3.109461,0.132061,82.029066,106.785568,114.443955,99.127181,15.316773,0.866164
2025_04_25_IC_small_1,1267,512,524,0,-1,0.500392,621.925000,414.833333,829.016667,414.183333,0.699635,98.681931,81.242546,116.121315,34.878770,0.757258,1.160277,1.000000,1.320554,0.320554,0.978212,0.781195,0.772590,0.789799,0.017209,1.000000,1.000000,1.000000,1.000000,0.000000,1.000000,5.000000,5.000000,5.000000,0.000000,27.236905,1.108090,2.055378,0.643141,0.061851,0.843520,20.733762,20.707158,0.842437,13.448306,0.547123,8.201095,0.333648,74.446373,141.909622,143.178695,140.640549,2.538145,0.982273
2025_04_25_IC_small_1,1268,512,509,0,-1,0.945560,403.541667,392.250000,414.833333,22.583333,0.983096,80.555879,79.869212,81.242546,1.373334,0.943421,1.029986,1.000000,1.059972,0.059972,0.978357,0.781252,0.772706,0.789799,0.017093,1.000000,1.000000,1.000000,1.000000,0.000000,0.800000,4.500000,4.000000,5.000000,1.000000,18.681299,0.930048,1.484524,0.767714,0.020568,1.149375,23.086793,16.623630,0.827607,9.337891,0.464887,0.248947,0.012394,89.089071,154.123373,163.909184,144.337563,19.571621,0.880595
2025_04_25_IC_small_1,1269,232,249,0,-1,0.976138,929.388889,918.166667,940.611111,22.444444,0.987770,119.562466,118.826833,120.298098,1.471265,0.889031,1.166754,1.098214,1.235294,0.137080,0.999540,0.816963,0.816775,0.817151,0.000376,1.000000,1.000000,1.000000,1.000000,0.000000,0.833333,5.500000,5.000000,6.000000,1.000000,35.752699,1.172784,1.298246,0.551296,0.214837,0.545945,16.643317,26.443770,0.867426,17.869065,0.586153,1.194092,0.039169,87.812554,118.214338,125.104491,111.324186,13.780305,0.889850
2025_04_25_IC_small_1,1270,232,247,0,-1,0.573496,1259.583333,918.166667,1601.000000,682.833333,0.779689,135.614867,118.826833,152.402901,33.576068,0.823661,1.215774,1.098214,1.333333,0.235119,0.943382,0.841672,0.817151,0.866193,0.049042,1.000000,1.000000,1.000000,1.000000,0.000000,0.625000,6.500000,5.000000,8.000000,3.000000,30.170417,0.858165,1.016304,0.801333,0.063116,1.030676,36.235342,25.266459,0.718677,15.007661,0.426877,6.498980,0.184857,66.533414,128.539643,140.139757,116.939528,23.200229,0.834449
2025_04_25_IC_small_1,1271,237,241,0,-1,0.974334,568.388889,561.000000,575.777778,14.777778,0.945667,94.123245,91.494841,96.751648,5.256807,0.943796,1.097673,1.065934,1.129412,0.063478,0.917843,0.807537,0.772944,0.842131,0.069187,1.000000,1.000000,1.000000,1.000000,0.000000,1.000000,6.000000,6.000000,6.000000,0.000000,30.614056,1.284125,1.612613,0.440899,0.434122,0.172946,4.123106,24.180609,1.014270,15.291322,0.641404,1.194842,0.050118,77.109504,91.772658,91.833538,91.711778,0.121759,0.998674
2025_04_25_IC_small_1,1272,237,250,0,-1,0.962756,565.055556,554.333333,575.777778,21.444444,0.972147,98.137656,96.751648,99.523664,2.772016,0.835165,1.171125,1.065934,1.276316,0.210382,0.909872,0.738112,0.703280,0.772944,0.069664,1.000000,1.000000,1.000000,1.000000,0.000000,0.833333,5.500000,5.000000,6.000000,1.000000,30.594415,1.287111,1.120805,0.491037,0.263101,0.551388,13.106402,23.917588,1.006216,13.325999,0.560627,2.853773,0.120059,57.875174,121.904794,135.850979,107.958609,27.892369,0.794684
2025_04_25_IC_small_1,1273,237,252,0,-1,0.784617,654.805556,575.777778,733.833333,158.055556,0.902814,101.959191,96.751648,107.166735,10.415087,0.985525,1.058220,1.050505,1.065934,0.015429,0.962633,0.787946,0.772944,0.802948,0.030004,1.000000,1.000000,1.000000,1.000000,0.000000,1.000000,6.000000,6.000000,6.000000,0.000000,21.153110,0.828158,1.458716,0.826736,0.020702,1.229909,31.414788,17.085020,0.668890,10.246694,0.401165,2.137813,0.083697,45.196815,159.432925,173.939605,144.926246,29.013359,0.833199
2025_04_25_IC_small_1,1274,237,213,0,-1,0.551028,810.346975,575.777778,1044.916172,469.138395,0.744374,113.364466,96.751648,129.977285,33.225637,0.648653,1.354619,1.065934,1.643304,0.577370,0.994470,0.775093,0.772944,0.777242,0.004298,1.000000,1.000000,1.000000,1.000000,0.000000,1.000000,6.000000,6.000000,6.000000,0.000000,29.393826,1.043805,1.208657,0.545462,0.194293,0.594802,16.749793,24.737033,0.878437,14.639781,0.519874,8.547803,0.303541,68.099944,87.725825,94.035272,81.416379,12.618893,0.865807
2025_04_25_IC_small_1,1275,476,501,0,-1,0.956235,1188.250000,1161.666667,1214.833333,53.166667,0.919123,142.738327,136.722980,148.753674,12.030694,0.990335,1.440624,1.433628,1.447619,0.013991,0.883452,0.735416,0.689908,0.780923,0.091015,0.993729,0.996864,0.993729,1.000000,0.006271,1.000000,5.000000,5.000000,5.000000,0.000000,43.017963,1.248024,1.923611,0.562967,0.031980,0.800090,27.578172,34.458144,0.999690,21.180890,0.614494,1.552185,0.045032,78.414794,174.668234,178.449502,170.886966,7.562537,0.957621
2025_04_25_IC_small_1,1276,476,445,0,-1,0.950305,1246.597329,1214.833333,1278.361325,63.527991,0.979816,147.252472,145.751270,148.753674,3.002404,0.930041,1.383481,1.333333,1.433628,0.100295,0.912331,0.723056,0.689908,0.756204,0.066296,0.993729,0.996864,0.993729,1.000000,0.006271,0.833333,5.500000,5.000000,6.000000,1.000000,41.753284,1.182668,2.487179,0.592541,0.092920,0.914336,32.280025,35.037300,0.992437,20.450946,0.579276,1.291753,0.036589,77.130874,149.601919,154.046624,145.157214,8.889410,0.942294
2025_04_25_IC_small_1,1277,519,526,0,-1,0.971392,1058.527778,1043.166667,1073.888889,30.722222,0.920767,133.624405,128.112324,139.136487,11.024162,0.535032,1.434524,1.000000,1.869048,0.869048,0.872781,0.747892,0.697087,0.798696,0.101609,1.000000,1.000000,1.000000,1.000000,0.000000,0.833333,5.500000,5.000000,6.000000,1.000000,30.397191,0.934316,1.080460,0.614174,0.202115,0.908633,29.561612,24.864706,0.764264,14.606780,0.448967,1.241869,0.038171,46.822631,126.407633,147.994617,104.820649,43.173968,0.708273
2025_04_25_IC_small_1,1278,519,514,0,-1,0.982825,1064.666667,1055.444444,1073.888889,18.444444,0.916634,133.336826,127.537166,139.136487,11.599320,0.729054,1.615842,1.362637,1.869048,0.506410,0.854900,0.756245,0.697087,0.815402,0.118315,1.000000,1.000000,1.000000,1.000000,0.000000,0.833333,5.500000,5.000000,6.000000,1.000000,31.812153,0.974968,1.016760,0.565549,0.254879,0.753279,24.578672,27.974075,0.857340,15.433080,0.472988,2.013561,0.061711,52.975377,106.781209,110.611060,102.951358,7.659702,0.930751
2025_04_25_IC_small_1,1279,519,503,0,-1,0.636714,1380.250000,1073.888889,1686.611111,612.722222,0.783272,158.385704,139.136487,177.634921,38.498434,0.992983,1.862490,1.855932,1.869048,0.013115,0.963565,0.684388,0.671689,0.697087,0.025398,0.987445,0.993723,0.987445,1.000000,0.012555,0.555556,7.000000,5.000000,9.000000,4.000000,28.758006,0.778942,1.209945,0.709770,0.106341,1.296019,47.848139,22.980181,0.622443,12.835809,0.347672,4.824304,0.130672,23.683169,137.171008,137.260502,137.081515,0.178987,0.998696
2025_04_25_IC_small_1,1280,519,537,0,-1,0.673120,1334.638889,1073.888889,1595.388889,521.500000,0.891599,147.594611,139.136487,156.052735,16.916248,0.754307,1.639442,1.409836,1.869048,0.459212,0.846747,0.760170,0.697087,0.823254,0.126166,0.989252,0.994626,0.989252,1.000000,0.010748,0.500000,7.500000,5.000000,10.000000,5.000000,50.862327,1.398997,2.598361,0.497687,0.172477,0.489293,17.788885,36.864846,1.013988,24.459795,0.672780,4.695275,0.129146,70.887374,119.603760,127.874984,111.332536,16.542448,0.870636
2025_04_25_IC_small_1,1281,242,254,0,-1,0.446469,746.233333,460.666667,1031.800000,571.133333,0.711836,103.404908,85.998102,120.811713,34.813611,0.776956,1.169527,1.022727,1.316327,0.293599,0.881113,0.835550,0.782743,0.888357,0.105614,1.000000,1.000000,1.000000,1.000000,0.000000,0.714286,6.000000,5.000000,7.000000,2.000000,29.374498,1.096374,1.142857,0.629118,0.170054,0.637308,17.074998,22.276851,0.831462,14.398460,0.537408,7.989673,0.298207,70.989288,125.493780,136.933163,114.054397,22.878765,0.832920
2025_04_25_IC_small_1,1282,242,255,0,-1,0.513078,679.258333,460.666667,897.850000,437.183333,0.743713,100.815768,85.998102,115.633433,29.635331,0.802626,1.148477,1.022727,1.274227,0.251500,0.927624,0.813278,0.782743,0.843814,0.061072,1.000000,1.000000,1.000000,1.000000,0.000000,0.833333,5.500000,5.000000,6.000000,1.000000,26.783226,1.041596,1.042038,0.639183,0.176418,0.742877,19.102065,22.051432,0.857577,12.869288,0.500485,6.495817,0.252621,63.478993,128.836241,133.854237,123.818246,10.035991,0.925023
2025_04_25_IC_small_1,1283,242,234,0,-1,0.534488,661.275000,460.666667,861.883333,401.216667,0.757601,99.755941,85.998102,113.513780,27.515678,0.929752,1.061364,1.022727,1.100000,0.077273,0.931232,0.811644,0.782743,0.840545,0.057803,1.000000,1.000000,1.000000,1.000000,0.000000,0.833333,5.500000,5.000000,6.000000,1.000000,24.985791,0.983286,1.404237,0.693639,0.124927,0.879978,22.360680,20.373441,0.801773,12.490284,0.491540,5.291792,0.208252,84.439982,134.447075,143.497979,125.396170,18.101809,0.873853
2025_04_25_IC_small_1,1284,532,505,0,-1,0.567393,1031.083333,746.500000,1315.666667,569.166667,0.710360,127.088720,105.566935,148.610505,43.043570,0.651685,1.531250,1.208333,1.854167,0.645833,0.889350,0.795182,0.748612,0.841751,0.093140,1.000000,1.000000,1.000000,1.000000,0.000000,0.625000,6.500000,5.000000,8.000000,3.000000,41.260365,1.297613,2.103175,0.529428,0.216277,0.517934,16.468826,31.270252,0.983430,18.975703,0.596774,8.255466,0.259629,53.423644,118.999163,127.364802,110.633524,16.731277,0.868635
2025_04_25_IC_small_1,1285,532,521,0,-1,0.538277,1066.666667,746.500000,1386.833333,640.333333,0.726590,125.428893,105.566935,145.290851,39.723917,0.924497,1.257675,1.208333,1.307018,0.098684,0.980785,0.833664,0.825577,0.841751,0.016174,1.000000,1.000000,1.000000,1.000000,0.000000,0.714286,6.000000,5.000000,7.000000,2.000000,32.901481,1.019216,1.229814,0.679035,0.101875,0.807934,26.081070,26.304430,0.814853,16.119063,0.499333,7.826020,0.242433,80.006140,124.249346,139.803139,108.695552,31.107588,0.777490
2025_04_25_IC_small_1,1286,532,543,0,-1,0.868274,697.333333,648.166667,746.500000,98.333333,0.951668,103.015830,100.464726,105.566935,5.102209,0.986060,1.199911,1.191489,1.208333,0.016844,0.958706,0.824372,0.806992,0.841751,0.034759,1.000000,1.000000,1.000000,1.000000,0.000000,1.000000,5.000000,5.000000,5.000000,0.000000,28.858738,1.093522,1.492424,0.666254,0.091420,0.830657,21.921577,24.620617,0.932930,14.376323,0.544751,1.069001,0.040507,78.326041,162.942446,167.370336,158.514557,8.855779,0.947089
2025_04_25_IC_small_1,1287,532,533,0,-1,0.768268,859.083333,746.500000,971.666667,225.166667,0.823014,116.917810,105.566935,128.268685,22.701751,0.857264,1.308929,1.208333,1.409524,0.201190,0.881662,0.791946,0.742140,0.841751,0.099611,1.000000,1.000000,1.000000,1.000000,0.000000,0.714286,6.000000,5.000000,7.000000,2.000000,31.306907,1.070437,1.161677,0.560822,0.203026,0.643212,18.811935,25.410354,0.868823,14.194389,0.485330,2.082557,0.071206,39.685925,103.393036,116.299348,90.486724,25.812623,0.778050
2025_04_25_IC_small_1,1288,532,539,0,-1,0.983747,752.666667,746.500000,758.833333,12.333333,0.924376,109.885195,105.566935,114.203455,8.636521,0.735507,1.425595,1.208333,1.642857,0.434524,0.868588,0.786443,0.731135,0.841751,0.110616,1.000000,1.000000,1.000000,1.000000,0.000000,0.714286,6.000000,5.000000,7.000000,2.000000,27.849681,1.015132,1.617886,0.616251,0.158769,0.812243,22.283527,21.955202,0.800276,12.661074,0.461501,1.658430,0.060450,61.492709,120.416010,144.719567,96.112452,48.607115,0.664129
2025_04_25_IC_small_1,1289,246,244,0,-1,0.767827,648.694444,563.500000,733.888889,170.388889,0.885290,98.157340,92.184967,104.129713,11.944746,0.856390,1.225217,1.130435,1.320000,0.189565,0.979699,0.841899,0.833266,0.850532,0.017267,1.000000,1.000000,1.000000,1.000000,0.000000,0.857143,6.500000,6.000000,7.000000,1.000000,31.075914,1.222774,1.836538,0.549080,0.253972,0.472176,12.000000,22.896892,0.900946,15.537930,0.611386,1.782050,0.070120,84.043993,117.924356,121.507621,114.341090,7.166531,0.941020
2025_04_25_IC_small_1,1290,246,258,0,-1,0.624766,457.777778,352.055556,563.500000,211.444444,0.847564,85.158806,78.132645,92.184967,14.052322,0.894667,1.397705,1.320000,1.475410,0.155410,0.869706,0.778981,0.724696,0.833266,0.108570,1.000000,1.000000,1.000000,1.000000,0.000000,0.833333,5.500000,5.000000,6.000000,1.000000,16.252654,0.764807,1.092593,0.869954,0.022027,1.301543,27.658633,14.352318,0.675383,8.125930,0.382385,3.183865,0.149824,18.762960,160.850377,178.570651,143.130102,35.440549,0.801532
2025_04_25_IC_small_1,1291,246,256,0,-1,0.827932,622.055556,563.500000,680.611111,117.111111,0.873441,98.863625,92.184967,105.542283,13.357316,0.875947,1.238125,1.156250,1.320000,0.163750,0.921451,0.800540,0.767814,0.833266,0.065452,1.000000,1.000000,1.000000,1.000000,0.000000,1.000000,6.000000,6.000000,6.000000,0.000000,27.194086,1.091547,1.253623,0.524383,0.229749,0.502942,12.529964,22.277261,0.894190,13.550195,0.543893,0.829236,0.033285,79.543743,102.869524,130.391351,75.347697,55.043654,0.577858
2025_04_25_IC_small_1,1292,529,527,0,-1,0.892588,887.361111,837.000000,937.722222,100.722222,0.989542,115.143570,114.538318,115.748822,1.210505,0.934190,1.073564,1.037037,1.110092,0.073055,0.911555,0.840635,0.801740,0.879531,0.077790,1.000000,1.000000,1.000000,1.000000,0.000000,1.000000,6.000000,6.000000,6.000000,0.000000,28.726511,0.964734,1.636364,0.678580,0.094287,0.822775,24.499433,21.256738,0.713874,13.705901,0.460291,1.935223,0.064991,52.100032,107.683503,111.974508,103.392498,8.582010,0.923357
2025_04_25_IC_small_1,1293,529,518,0,-1,0.716097,804.611111,671.500000,937.722222,266.222222,0.896237,109.743574,103.738325,115.748822,12.010498,0.915033,1.085185,1.037037,1.133333,0.096296,0.891511,0.831821,0.784111,0.879531,0.095420,1.000000,1.000000,1.000000,1.000000,0.000000,0.833333,5.500000,5.000000,6.000000,1.000000,32.697857,1.156718,1.407407,0.566361,0.206932,0.539991,15.264338,27.212139,0.962656,16.306656,0.576864,5.418876,0.191698,89.785637,121.785978,149.981633,93.590323,56.391310,0.624012
2025_04_25_IC_small_1,1294,529,515,0,-1,0.760709,825.527778,713.333333,937.722222,224.388889,0.929416,111.663821,107.578819,115.748822,8.170004,0.719927,1.238757,1.037037,1.440476,0.403439,0.880639,0.827040,0.774549,0.879531,0.104982,1.000000,1.000000,1.000000,1.000000,0.000000,1.000000,6.000000,6.000000,6.000000,0.000000,28.944600,1.009744,1.601626,0.705881,0.083987,0.905006,25.942244,23.062458,0.804543,14.410333,0.502710,1.968497,0.068672,69.475353,143.505796,145.569991,141.441600,4.128391,0.971640
2025_04_25_IC_small_1,1295,529,540,0,-1,0.787606,838.138889,738.555556,937.722222,199.166667,0.948503,112.768439,109.788056,115.748822,5.960766,0.720653,1.238031,1.037037,1.439024,0.401987,0.875451,0.824758,0.769986,0.879531,0.109544,1.000000,1.000000,1.000000,1.000000,0.000000,0.833333,5.500000,5.000000,6.000000,1.000000,33.490577,1.158871,1.638462,0.545202,0.257648,0.501311,14.487543,25.346818,0.877073,16.654123,0.576281,1.630988,0.056437,79.352207,113.943025,120.018367,107.867682,12.150685,0.898760
2025_04_25_IC_small_1,1296,529,541,0,-1,0.502950,1401.083333,937.722222,1864.444444,926.722222,0.697316,140.870379,115.748822,165.991936,50.243114,0.687474,1.272756,1.037037,1.508475,0.471438,0.966795,0.864928,0.850326,0.879531,0.029205,1.000000,1.000000,1.000000,1.000000,0.000000,0.857143,6.500000,6.000000,7.000000,1.000000,47.197335,1.279035,1.559322,0.553508,0.177898,0.399919,14.757296,37.284628,1.010403,23.419827,0.634671,13.405040,0.363273,88.219949,110.626696,113.592758,107.660634,5.932124,0.947777
2025_04_25_IC_small_1,1297,529,530,0,-1,0.729518,1111.561111,937.722222,1285.400000,347.677778,0.842894,126.535992,115.748822,137.323161,21.574338,0.861678,1.120273,1.037037,1.203509,0.166472,0.973889,0.868048,0.856565,0.879531,0.022965,1.000000,1.000000,1.000000,1.000000,0.000000,1.000000,6.000000,6.000000,6.000000,0.000000,38.302691,1.152399,1.804545,0.624670,0.172255,0.625741,20.797970,27.388761,0.824035,19.150493,0.576174,5.392458,0.162241,87.146609,122.455003,137.462817,107.447188,30.015628,0.781645
2025_04_25_IC_small_1,1298,241,252,0,-1,0.764479,647.416667,561.000000,733.833333,172.833333,0.853762,99.330788,91.494841,107.166735,15.671893,0.930135,1.089958,1.050505,1.129412,0.078907,0.953472,0.822539,0.802948,0.842131,0.039183,1.000000,1.000000,1.000000,1.000000,0.000000,1.000000,6.000000,6.000000,6.000000,0.000000,31.956577,1.258757,1.208333,0.557729,0.156262,0.548634,13.928388,24.713489,0.973455,15.860314,0.624732,5.194289,0.204601,80.826460,117.138864,123.240217,111.037511,12.202706,0.900984
2025_04_25_IC_small_1,1299,241,253,0,-1,0.656098,708.027778,561.000000,855.055556,294.055556,0.821364,101.444298,91.494841,111.393754,19.898913,0.988572,1.122958,1.116505,1.129412,0.012907,0.972517,0.854030,0.842131,0.865929,0.023799,1.000000,1.000000,1.000000,1.000000,0.000000,1.000000,6.000000,6.000000,6.000000,0.000000,26.255729,0.992153,1.006410,0.643101,0.146495,0.690487,18.272627,19.943911,0.753642,13.058511,0.493456,3.921829,0.148198,74.207895,105.030583,125.272421,84.788744,40.483677,0.676835
2025_04_25_IC_small_1,1300,241,259,0,-1,0.391714,996.583333,561.000000,1432.166667,871.166667,0.564800,126.744917,91.494841,161.994992,70.500151,0.531488,1.627206,1.129412,2.125000,0.995588,0.814368,0.763968,0.685804,0.842131,0.156326,1.000000,1.000000,1.000000,1.000000,0.000000,0.857143,6.500000,6.000000,7.000000,1.000000,45.346738,1.473986,2.215385,0.458241,0.225521,0.320135,9.848858,32.142983,1.044801,22.416194,0.728633,18.032167,0.586132,73.551181,115.492948,117.023408,113.962489,3.060919,0.973844
2025_04_25_IC_small_1,1301,507,510,0,-1,0.670039,591.472222,474.611111,708.333333,233.722222,0.866923,97.090842,90.170080,104.011604,13.841524,0.517520,1.546703,1.054945,2.038462,0.983516,0.891536,0.778159,0.733538,0.822780,0.089242,1.000000,1.000000,1.000000,1.000000,0.000000,1.000000,6.000000,6.000000,6.000000,0.000000,23.446040,0.968843,1.339623,0.611058,0.207533,0.789460,19.104973,20.273441,0.837744,11.637528,0.480889,6.066360,0.250675,83.205666,111.910179,125.620213,98.200146,27.420067,0.781722
2025_04_25_IC_small_1,1302,507,522,0,-1,0.375781,868.805556,474.611111,1263.000000,788.388889,0.643066,115.194556,90.170080,140.219032,50.048952,0.635919,1.667379,1.296296,2.038462,0.742165,0.908706,0.770386,0.733538,0.807234,0.073695,1.000000,1.000000,1.000000,1.000000,0.000000,1.000000,6.000000,6.000000,6.000000,0.000000,36.970698,1.289879,1.040462,0.513941,0.242894,0.423329,12.133516,30.099643,1.050153,16.843694,0.587663,14.334616,0.500124,65.252104,113.085573,129.455797,96.715350,32.740447,0.747092
2025_04_25_IC_small_1,1303,243,233,0,-1,0.418121,853.000000,503.000000,1203.000000,700.000000,0.725820,115.260497,96.949164,133.571830,36.622665,0.755745,1.186314,1.021277,1.351351,0.330075,0.793677,0.759906,0.672496,0.847317,0.174821,1.000000,1.000000,1.000000,1.000000,0.000000,0.666667,5.000000,4.000000,6.000000,2.000000,23.795805,0.833304,1.186667,0.796710,0.028331,1.164083,33.241540,22.407831,0.784698,11.891328,0.416422,7.472615,0.261683,66.129787,171.886119,174.023437,169.748801,4.274635,0.975436
2025_04_25_IC_small_1,1304,243,253,0,-1,0.588266,679.027778,503.000000,855.055556,352.055556,0.870329,104.171459,96.949164,111.393754,14.444590,0.914709,1.068891,1.021277,1.116505,0.095228,0.776618,0.769213,0.672496,0.865929,0.193433,1.000000,1.000000,1.000000,1.000000,0.000000,0.666667,5.000000,4.000000,6.000000,2.000000,26.657624,1.031862,1.039216,0.615782,0.148456,0.810303,20.933758,22.448771,0.868946,12.958235,0.501586,6.393592,0.247483,57.956584,136.412189,165.516197,107.308181,58.208016,0.648324
2025_04_25_IC_small_1,1305,243,261,0,-1,0.273295,1171.750000,503.000000,1840.500000,1337.500000,0.586949,131.061934,96.949164,165.174704,68.225540,0.991720,1.017049,1.012821,1.021277,0.008456,0.793288,0.760114,0.672496,0.847732,0.175236,1.000000,1.000000,1.000000,1.000000,0.000000,0.500000,6.000000,4.000000,8.000000,4.000000,39.279854,1.202530,1.576923,0.545683,0.294076,0.456373,14.907120,33.030533,1.011210,18.530546,0.567302,17.342329,0.530925,84.788549,112.943245,126.264683,99.621806,26.642877,0.788992
2025_04_25_IC_small_1,1306,497,503,0,-1,0.854211,1563.666667,1440.722222,1686.611111,245.888889,0.819103,161.568075,145.501229,177.634921,32.133692,0.563120,1.450522,1.045113,1.855932,0.810819,0.785437,0.763434,0.671689,0.855179,0.183490,0.987445,0.993723,0.987445,1.000000,0.012555,0.666667,7.500000,6.000000,9.000000,3.000000,50.967125,1.289895,1.067729,0.470088,0.298533,0.430242,17.000000,37.730081,0.954887,23.339801,0.590692,0.106453,0.002694,42.609762,104.494503,115.455138,93.533868,21.921270,0.810132
2025_04_25_IC_small_1,1307,497,520,0,-1,0.562796,1125.777778,810.833333,1440.722222,629.888889,0.791173,130.308926,115.116624,145.501229,30.384605,0.816769,1.162341,1.045113,1.279570,0.234457,0.899101,0.812035,0.768892,0.855179,0.086286,1.000000,1.000000,1.000000,1.000000,0.000000,0.666667,5.000000,4.000000,6.000000,2.000000,33.353578,1.004142,1.308176,0.732124,0.048263,0.963862,32.015621,30.502359,0.918303,16.529546,0.497638,8.130442,0.244775,70.178006,168.049176,174.102513,161.995838,12.106674,0.930462
2025_04_25_IC_small_1,1308,534,526,0,-1,0.479629,771.750000,500.333333,1043.166667,542.833333,0.748734,112.017198,95.922071,128.112324,32.190254,0.949495,1.026596,1.000000,1.053191,0.053191,0.855560,0.741015,0.683333,0.798696,0.115364,1.000000,1.000000,1.000000,1.000000,0.000000,0.666667,5.000000,4.000000,6.000000,2.000000,26.797730,0.980413,1.052980,0.613500,0.209049,0.845613,23.113248,23.268339,0.851288,13.020089,0.476349,5.002179,0.183008,61.111465,135.543104,148.840695,122.245512,26.595184,0.821318
2025_04_25_IC_small_1,1309,534,521,0,-1,0.360774,943.583333,500.333333,1386.833333,886.500000,0.660207,120.606461,95.922071,145.290851,49.368781,0.805798,1.180105,1.053191,1.307018,0.253826,0.827703,0.754455,0.683333,0.825577,0.142244,1.000000,1.000000,1.000000,1.000000,0.000000,0.571429,5.500000,4.000000,7.000000,3.000000,31.528735,1.057863,1.219512,0.585745,0.241897,0.671047,20.000000,25.233539,0.846645,14.516338,0.487057,11.524820,0.386685,47.102542,115.088175,117.521118,112.655233,4.865885,0.958596
2025_04_25_IC_small_1,1310,534,539,0,-1,0.659345,629.583333,500.333333,758.833333,258.500000,0.839923,105.062763,95.922071,114.203455,18.281385,0.641073,1.348024,1.053191,1.642857,0.589666,0.934619,0.707234,0.683333,0.731135,0.047803,1.000000,1.000000,1.000000,1.000000,0.000000,0.571429,5.500000,4.000000,7.000000,3.000000,31.543171,1.263874,1.046512,0.511453,0.268961,0.685855,17.117243,22.676620,0.908608,12.699381,0.508840,2.463552,0.098710,40.440725,125.360993,139.797484,110.924502,28.872983,0.793466
2025_04_25_IC_small_1,1311,534,538,0,-1,0.440348,818.277778,500.333333,1136.222222,635.888889,0.692267,117.242120,95.922071,138.562169,42.640099,0.838103,1.154914,1.053191,1.256637,0.203446,0.918858,0.713504,0.683333,0.743676,0.060343,1.000000,1.000000,1.000000,1.000000,0.000000,0.800000,4.500000,4.000000,5.000000,1.000000,21.179904,0.755400,1.063380,0.773084,0.052957,1.272971,35.691580,20.264911,0.722766,10.528216,0.375498,6.289624,0.224325,40.428502,164.007728,169.793781,158.221675,11.572106,0.931846
2025_04_25_IC_small_1,1312,526,521,0,-1,0.752193,1215.000000,1043.166667,1386.833333,343.666667,0.881765,136.701588,128.112324,145.290851,17.178527,0.765101,1.153509,1.000000,1.307018,0.307018,0.967440,0.812137,0.798696,0.825577,0.026881,1.000000,1.000000,1.000000,1.000000,0.000000,0.857143,6.500000,6.000000,7.000000,1.000000,36.518951,1.050326,1.416667,0.561494,0.232922,0.578092,20.099751,28.899382,0.831179,18.060486,0.519440,0.785997,0.022606,71.052785,93.335913,93.638187,93.033640,0.604547,0.993544
2025_04_25_IC_small_1,1313,526,514,0,-1,0.988367,1049.305556,1043.166667,1055.444444,12.277778,0.995511,127.824745,127.537166,128.112324,0.575158,0.733871,1.181319,1.000000,1.362637,0.362637,0.979513,0.807049,0.798696,0.815402,0.016705,1.000000,1.000000,1.000000,1.000000,0.000000,1.000000,6.000000,6.000000,6.000000,0.000000,30.100318,0.929227,1.507692,0.730702,0.083997,1.013690,32.836294,26.496548,0.817975,15.036506,0.464192,0.108087,0.003337,86.201772,164.655051,177.082109,152.227993,24.854116,0.859646
2025_04_25_IC_small_1,1314,526,538,0,-1,0.918101,1089.694444,1043.166667,1136.222222,93.055556,0.924584,133.337247,128.112324,138.562169,10.449845,0.795775,1.128319,1.000000,1.256637,0.256637,0.931112,0.771186,0.743676,0.798696,0.055020,1.000000,1.000000,1.000000,1.000000,0.000000,0.833333,5.500000,5.000000,6.000000,1.000000,38.109376,1.154725,1.327044,0.484717,0.243799,0.438977,14.487543,31.226237,0.946164,19.294707,0.584635,5.035540,0.152578,88.774822,108.946062,149.931417,67.960707,81.970710,0.453279
2025_04_25_IC_small_1,1315,526,537,0,-1,0.653864,1319.277778,1043.166667,1595.388889,552.222222,0.820955,142.082530,128.112324,156.052735,27.940410,0.709302,1.204918,1.000000,1.409836,0.409836,0.970171,0.810975,0.798696,0.823254,0.024557,0.989252,0.994626,0.989252,1.000000,0.010748,0.600000,8.000000,6.000000,10.000000,4.000000,46.396143,1.284493,1.323077,0.461171,0.354845,0.221867,8.013877,34.392405,0.952165,22.834439,0.632179,3.684067,0.101995,74.150515,91.112237,98.094075,84.130400,13.963675,0.857650
2025_04_25_IC_small_1,1316,505,521,0,-1,0.948684,1351.250000,1315.666667,1386.833333,71.166667,0.977662,146.950678,145.290851,148.610505,3.319654,0.704908,1.580592,1.307018,1.854167,0.547149,0.906774,0.787094,0.748612,0.825577,0.076965,1.000000,1.000000,1.000000,1.000000,0.000000,0.875000,7.500000,7.000000,8.000000,1.000000,32.522014,0.884804,1.130890,0.584574,0.214739,0.719240,26.436507,27.604693,0.751022,15.775503,0.429193,2.887292,0.078553,43.450091,92.394506,92.832059,91.956953,0.875106,0.990573
2025_04_25_IC_small_1,1317,505,499,0,-1,0.995566,1312.750000,1309.833333,1315.666667,5.833333,0.941481,144.262243,139.913980,148.610505,8.696524,0.626784,1.508164,1.162162,1.854167,0.692005,0.890334,0.794717,0.748612,0.840821,0.092209,1.000000,1.000000,1.000000,1.000000,0.000000,0.750000,7.000000,6.000000,8.000000,2.000000,41.168551,1.136252,1.169154,0.561736,0.212743,0.637196,23.086793,31.076359,0.857708,17.542396,0.484170,1.967629,0.054307,45.215923,116.419823,125.965831,106.873815,19.092016,0.848435
2025_04_25_IC_small_1,1318,505,527,0,-1,0.636179,1076.333333,837.000000,1315.666667,478.666667,0.770728,131.574411,114.538318,148.610505,34.072187,0.598701,1.482129,1.110092,1.854167,0.744075,0.933734,0.775176,0.748612,0.801740,0.053128,1.000000,1.000000,1.000000,1.000000,0.000000,0.750000,7.000000,6.000000,8.000000,2.000000,41.441106,1.271140,1.256684,0.491872,0.230644,0.439176,14.317821,32.122360,0.985302,20.125946,0.617331,5.979442,0.183410,60.683533,101.099642,114.320381,87.878904,26.441477,0.768707
2025_04_25_IC_small_1,1319,505,502,0,-1,0.664302,1094.833333,874.000000,1315.666667,441.666667,0.830881,136.044042,123.477579,148.610505,25.132926,0.958801,1.815972,1.777778,1.854167,0.076389,0.962251,0.734482,0.720353,0.748612,0.028259,1.000000,1.000000,1.000000,1.000000,0.000000,0.625000,6.500000,5.000000,8.000000,3.000000,23.165737,0.703745,1.368794,0.789843,0.063708,1.297778,42.720019,18.772221,0.570276,11.357573,0.345028,3.377671,0.102609,14.207738,135.591910,137.973731,133.210089,4.763642,0.965474
2025_04_25_IC_small_1,1320,505,533,0,-1,0.738536,1143.666667,971.666667,1315.666667,344.000000,0.863120,138.439595,128.268685,148.610505,20.341820,0.760193,1.631845,1.409524,1.854167,0.444643,0.991355,0.745376,0.742140,0.748612,0.006472,1.000000,1.000000,1.000000,1.000000,0.000000,0.875000,7.500000,7.000000,8.000000,1.000000,55.786198,1.654305,1.926829,0.416932,0.271714,0.212235,7.156970,40.142643,1.190405,27.855530,0.826038,5.426786,0.160928,82.240973,118.106533,133.067128,103.145938,29.921190,0.775142
2025_04_25_IC_small_1,1321,248,245,0,-1,0.686167,771.000000,627.500000,914.500000,287.000000,0.856709,105.737204,97.576956,113.897451,16.320495,0.869143,1.258077,1.170000,1.346154,0.176154,0.934896,0.857025,0.828188,0.885861,0.057673,1.000000,1.000000,1.000000,1.000000,0.000000,0.857143,6.500000,6.000000,7.000000,1.000000,28.903252,1.045502,1.990000,0.707384,0.087981,0.831355,22.983086,22.089024,0.799015,14.046821,0.508108,3.479501,0.125862,71.075382,138.868312,142.736624,135.000000,7.736624,0.945798
2025_04_25_IC_small_1,1322,248,257,0,-1,0.640372,514.666667,401.833333,627.500000,225.666667,0.858746,90.685367,83.793778,97.576956,13.783178,0.968944,1.325251,1.304348,1.346154,0.041806,0.868367,0.773680,0.719171,0.828188,0.109017,1.000000,1.000000,1.000000,1.000000,0.000000,0.833333,5.500000,5.000000,6.000000,1.000000,23.413408,1.038387,1.485981,0.593469,0.151662,0.748132,16.868775,17.886131,0.793252,11.650571,0.516704,4.913544,0.217916,77.766744,121.755736,153.330076,90.181397,63.148678,0.588152
2025_04_25_IC_small_1,1323,248,240,0,-1,0.523280,913.333333,627.500000,1199.166667,571.666667,0.698891,118.596929,97.576956,139.616902,42.039946,0.764389,1.187570,1.028986,1.346154,0.317168,0.933436,0.800624,0.773060,0.828188,0.055128,0.961513,0.980756,0.961513,1.000000,0.038487,0.750000,7.000000,6.000000,8.000000,2.000000,37.575505,1.259255,1.577465,0.479471,0.300000,0.308163,9.195409,25.382452,0.850634,16.582255,0.555715,5.423125,0.181743,36.171521,100.048952,107.976808,92.121096,15.855712,0.853156
2025_04_25_IC_small_1,1324,248,262,0,-1,0.863479,584.666667,541.833333,627.500000,85.666667,0.961247,95.686234,93.795511,97.576956,3.781445,0.935897,1.392255,1.346154,1.438356,0.092202,0.934507,0.801068,0.773947,0.828188,0.054241,1.000000,1.000000,1.000000,1.000000,0.000000,1.000000,6.000000,6.000000,6.000000,0.000000,21.422593,0.886563,1.014706,0.736147,0.121437,1.036450,25.044405,18.483036,0.764911,10.478359,0.433642,1.855613,0.076794,71.173443,144.396212,152.006723,136.785702,15.221021,0.899866
2025_04_25_IC_small_1,1325,521,499,0,-1,0.944478,1348.333333,1309.833333,1386.833333,77.000000,0.962992,142.602416,139.913980,145.290851,5.376871,0.889171,1.234590,1.162162,1.307018,0.144855,0.981870,0.833199,0.825577,0.840821,0.015244,1.000000,1.000000,1.000000,1.000000,0.000000,0.857143,6.500000,6.000000,7.000000,1.000000,40.555835,1.104585,2.201613,0.688934,0.048146,0.863672,31.710496,31.911503,0.869146,20.057577,0.546291,1.438386,0.039176,80.286244,164.962845,168.756459,161.169232,7.587227,0.955040
2025_04_25_IC_small_1,1326,521,514,0,-1,0.761046,1221.138889,1055.444444,1386.833333,331.388889,0.877806,136.414009,127.537166,145.290851,17.753685,0.959182,1.334827,1.307018,1.362637,0.055620,0.987675,0.820489,0.815402,0.825577,0.010175,1.000000,1.000000,1.000000,1.000000,0.000000,0.857143,6.500000,6.000000,7.000000,1.000000,42.755521,1.226355,1.248677,0.509373,0.293032,0.392467,13.682917,33.140620,0.950571,19.199928,0.550711,1.168895,0.033527,50.990362,98.466641,107.049031,89.884251,17.164780,0.839655
2025_04_25_IC_small_1,1327,521,539,0,-1,0.547170,1072.833333,758.833333,1386.833333,628.000000,0.786033,129.747153,114.203455,145.290851,31.087396,0.795576,1.474937,1.307018,1.642857,0.335840,0.885605,0.778356,0.731135,0.825577,0.094442,1.000000,1.000000,1.000000,1.000000,0.000000,1.000000,7.000000,7.000000,7.000000,0.000000,49.709322,1.534543,2.303279,0.449442,0.259748,0.224739,7.280110,34.107640,1.052914,24.718776,0.763077,8.423510,0.260036,87.050607,121.502574,136.420266,106.584882,29.835384,0.781298
2025_04_25_IC_small_1,1328,499,514,0,-1,0.805785,1182.638889,1055.444444,1309.833333,254.388889,0.911540,133.725573,127.537166,139.913980,12.376814,0.852877,1.262400,1.162162,1.362637,0.200475,0.969768,0.828112,0.815402,0.840821,0.025419,1.000000,1.000000,1.000000,1.000000,0.000000,1.000000,6.000000,6.000000,6.000000,0.000000,38.506809,1.121352,1.274286,0.516179,0.283617,0.400228,13.743685,31.617449,0.920728,18.516884,0.539228,1.562964,0.045515,82.666235,88.198554,92.202598,84.194510,8.008088,0.913147
2025_04_25_IC_small_1,1329,245,254,0,-1,0.886315,973.150000,914.500000,1031.800000,117.300000,0.942768,117.354582,113.897451,120.811713,6.914262,0.888837,1.243163,1.170000,1.316327,0.146327,0.997191,0.887109,0.885861,0.888357,0.002496,1.000000,1.000000,1.000000,1.000000,0.000000,1.000000,7.000000,7.000000,7.000000,0.000000,36.027459,1.155423,1.510345,0.613143,0.130247,0.561007,17.492856,27.701413,0.888402,17.933238,0.575130,1.619006,0.051923,78.023325,115.349248,117.241742,113.456755,3.784986,0.967716
2025_04_25_IC_small_1,1330,245,262,0,-1,0.592491,728.166667,541.833333,914.500000,372.666667,0.823508,103.846481,93.795511,113.897451,20.101940,0.813429,1.304178,1.170000,1.438356,0.268356,0.873667,0.829904,0.773947,0.885861,0.111914,1.000000,1.000000,1.000000,1.000000,0.000000,0.857143,6.500000,6.000000,7.000000,1.000000,30.856419,1.153123,1.070064,0.537997,0.266995,0.434564,11.628509,25.390672,0.948864,15.059883,0.562797,4.669407,0.174499,66.780373,109.346579,138.215484,80.477675,57.737809,0.582262
2025_04_25_IC_small_1,1331,245,267,0,-1,0.930563,882.750000,851.000000,914.500000,63.500000,0.991432,113.409519,112.921586,113.897451,0.975865,0.916500,1.223298,1.170000,1.276596,0.106596,0.946716,0.862260,0.838659,0.885861,0.047202,1.000000,1.000000,1.000000,1.000000,0.000000,0.857143,6.500000,6.000000,7.000000,1.000000,33.119370,1.114894,1.591667,0.539780,0.265930,0.405355,12.041595,25.694055,0.864936,16.557673,0.557379,0.911993,0.030700,79.474573,95.439295,117.030860,73.847730,43.183130,0.631011
2025_04_25_IC_small_1,1332,501,516,0,-1,0.923220,1209.972222,1161.666667,1258.277778,96.611111,0.812956,152.451480,136.722980,168.179980,31.457000,0.740487,1.701287,1.447619,1.954955,0.507336,0.715862,0.669978,0.559033,0.780923,0.221890,1.000000,1.000000,1.000000,1.000000,0.000000,0.714286,6.000000,5.000000,7.000000,2.000000,43.781586,1.258897,1.295238,0.440608,0.290686,0.606567,21.095023,34.746090,0.999090,17.981257,0.517034,0.102569,0.002949,26.769003,92.586955,98.249344,86.924565,11.324779,0.884734
2025_04_25_IC_small_1,1333,501,525,0,-1,0.854281,1077.028493,992.390320,1161.666667,169.276347,0.938426,132.513709,128.304438,136.722980,8.418543,0.856404,1.343683,1.239747,1.447619,0.207872,0.970065,0.769235,0.757546,0.780923,0.023377,1.000000,1.000000,1.000000,1.000000,0.000000,0.800000,4.500000,4.000000,5.000000,1.000000,39.731259,1.211587,1.850946,0.600684,0.039847,0.804245,26.373387,35.856586,1.093431,19.762515,0.602649,2.370144,0.072277,81.468249,172.202834,176.615461,167.790208,8.825253,0.950031
2025_04_25_IC_small_1,1334,244,258,0,-1,0.479712,542.972222,352.055556,733.888889,381.833333,0.750340,91.131179,78.132645,104.129713,25.997068,0.766184,1.302922,1.130435,1.475410,0.344975,0.852050,0.787614,0.724696,0.850532,0.125836,1.000000,1.000000,1.000000,1.000000,0.000000,0.714286,6.000000,5.000000,7.000000,2.000000,31.667171,1.381232,1.341085,0.459872,0.296056,0.218086,5.000000,23.932141,1.043852,15.723599,0.685819,5.754768,0.251007,85.546975,100.073490,102.528808,97.618172,4.910636,0.952105
2025_04_25_IC_small_1,1335,244,260,0,-1,0.509614,553.944444,374.000000,733.888889,359.888889,0.739011,90.541381,76.953050,104.129713,27.176663,0.987342,1.137681,1.130435,1.144928,0.014493,0.933123,0.822092,0.793651,0.850532,0.056881,1.000000,1.000000,1.000000,1.000000,0.000000,0.714286,6.000000,5.000000,7.000000,2.000000,25.918941,1.116487,1.211382,0.614216,0.140357,0.657528,15.264338,19.417676,0.836438,12.925694,0.556788,6.404474,0.275880,89.191047,117.908388,131.912349,103.904428,28.007920,0.787678
2025_04_25_IC_small_1,1336,244,264,0,-1,0.935958,710.388889,686.888889,733.888889,47.000000,0.983440,105.006404,104.129713,105.883096,1.753383,0.543969,1.604280,1.130435,2.078125,0.947690,0.905216,0.810224,0.769916,0.850532,0.080617,1.000000,1.000000,1.000000,1.000000,0.000000,1.000000,7.000000,7.000000,7.000000,0.000000,35.760027,1.341866,2.084906,0.496344,0.218855,0.381855,10.176225,24.658447,0.925288,17.186183,0.644898,0.716887,0.026901,70.068840,115.209184,119.115711,111.302656,7.813056,0.934408
2025_04_25_IC_small_1,1337,510,513,0,-1,0.711529,606.166667,504.000000,708.333333,204.333333,0.897276,98.669343,93.327083,104.011604,10.684522,0.655500,1.332160,1.054945,1.609375,0.554430,0.883774,0.774966,0.727152,0.822780,0.095629,1.000000,1.000000,1.000000,1.000000,0.000000,0.833333,5.500000,5.000000,6.000000,1.000000,28.606141,1.166063,2.120879,0.558975,0.142792,0.657279,16.124515,22.153727,0.903046,14.095927,0.574588,2.583862,0.105325,74.113344,110.313360,118.726131,101.900590,16.825541,0.858283
2025_04_25_IC_small_1,1338,510,522,0,-1,0.560834,985.666667,708.333333,1263.000000,554.666667,0.741780,122.115318,104.011604,140.219032,36.207428,0.813815,1.175621,1.054945,1.296296,0.241351,0.981105,0.815007,0.807234,0.822780,0.015547,1.000000,1.000000,1.000000,1.000000,0.000000,1.000000,6.000000,6.000000,6.000000,0.000000,28.300764,0.910677,1.271429,0.758926,0.062986,1.022650,31.780497,21.833994,0.702586,13.709630,0.441156,6.153690,0.198017,52.308448,153.934032,165.084504,142.783560,22.300945,0.864912
2025_04_25_IC_small_1,1339,510,523,0,-1,0.764870,817.208333,708.333333,926.083333,217.750000,0.874864,111.450244,104.011604,118.888885,14.877280,0.722106,1.257937,1.054945,1.460929,0.405984,0.999324,0.823059,0.822780,0.823337,0.000556,1.000000,1.000000,1.000000,1.000000,0.000000,1.000000,6.000000,6.000000,6.000000,0.000000,42.261158,1.481648,1.359461,0.453971,0.399191,0.178768,5.099020,31.533810,1.105554,20.455859,0.717169,4.977383,0.174504,69.755966,112.582611,128.630864,96.534359,32.096505,0.750476
2025_04_25_IC_small_1,1340,239,240,0,-1,0.683299,1009.277778,819.388889,1199.166667,379.777778,0.797613,125.488576,111.360250,139.616902,28.256652,0.664384,1.288883,1.028986,1.548780,0.519795,0.931052,0.801684,0.773060,0.830309,0.057248,0.961513,0.980756,0.961513,1.000000,0.038487,0.875000,7.500000,7.000000,8.000000,1.000000,27.285525,0.862729,1.353741,0.693057,0.135163,0.943273,29.832868,23.115707,0.730886,13.547752,0.428361,4.810356,0.152097,66.131608,118.663068,132.692627,104.633508,28.059119,0.788540
2025_04_25_IC_small_1,1341,239,256,0,-1,0.830633,750.000000,680.611111,819.388889,138.777778,0.947755,108.451266,105.542283,111.360250,5.817967,0.746555,1.352515,1.156250,1.548780,0.392530,0.924733,0.799061,0.767814,0.830309,0.062495,1.000000,1.000000,1.000000,1.000000,0.000000,0.857143,6.500000,6.000000,7.000000,1.000000,33.864187,1.237873,1.095238,0.484248,0.283444,0.358362,9.803627,26.033172,0.951618,16.576078,0.605923,1.090254,0.039853,71.213200,90.589014,98.509143,82.668885,15.840258,0.839200
2025_04_25_IC_small_1,1342,239,263,0,-1,0.532511,627.861111,436.333333,819.388889,383.055556,0.803702,100.430363,89.500476,111.360250,21.859774,0.666955,1.290874,1.032967,1.548780,0.515813,0.824400,0.757408,0.684506,0.830309,0.145802,1.000000,1.000000,1.000000,1.000000,0.000000,0.714286,6.000000,5.000000,7.000000,2.000000,36.194711,1.462012,1.274510,0.471659,0.338672,0.362538,8.975275,26.216746,1.058972,17.026476,0.687750,4.432248,0.179032,61.061533,120.263611,129.686302,110.840919,18.845382,0.854685
2025_04_25_IC_small_1,1343,239,268,0,-1,0.947575,842.055556,819.388889,864.722222,45.333333,0.976893,110.073630,108.787011,111.360250,2.573239,0.670990,1.293998,1.039216,1.548780,0.509565,0.904289,0.874249,0.830309,0.918190,0.087881,1.000000,1.000000,1.000000,1.000000,0.000000,1.000000,7.000000,7.000000,7.000000,0.000000,36.741652,1.266274,2.215686,0.560071,0.200963,0.443892,12.879786,26.417634,0.910464,18.309403,0.631020,1.077936,0.037150,84.679051,116.360972,119.422481,113.299463,6.123018,0.948728
2025_04_25_IC_small_1,1344,233,251,0,-1,0.938487,1166.000000,1129.000000,1203.000000,74.000000,0.965063,131.238521,128.905212,133.571830,4.666617,0.855826,1.253937,1.156522,1.351351,0.194830,0.992391,0.850565,0.847317,0.853813,0.006497,1.000000,1.000000,1.000000,1.000000,0.000000,0.857143,6.500000,6.000000,7.000000,1.000000,35.334439,1.034912,1.094737,0.683807,0.081690,0.812210,27.730849,25.360463,0.742784,16.465016,0.482245,1.295039,0.037930,53.688678,118.379144,121.803537,114.954751,6.848786,0.943772
2025_04_25_IC_small_1,1345,233,261,0,-1,0.653627,1521.750000,1203.000000,1840.500000,637.500000,0.808670,149.373267,133.571830,165.174704,31.602875,0.749487,1.182086,1.012821,1.351351,0.338531,0.999510,0.847524,0.847317,0.847732,0.000415,1.000000,1.000000,1.000000,1.000000,0.000000,0.750000,7.000000,6.000000,8.000000,2.000000,47.498601,1.224422,1.492063,0.546387,0.156892,0.440496,17.088007,35.912926,0.925766,23.749256,0.612210,6.620609,0.170666,89.251901,106.973402,149.960289,63.986516,85.973773,0.426690
2025_04_25_IC_small_1,1346,527,518,0,-1,0.802270,754.250000,671.500000,837.000000,165.500000,0.905708,109.138321,103.738325,114.538318,10.799993,0.979493,1.121713,1.110092,1.133333,0.023242,0.978011,0.792926,0.784111,0.801740,0.017630,1.000000,1.000000,1.000000,1.000000,0.000000,0.833333,5.500000,5.000000,6.000000,1.000000,30.947320,1.128553,1.281046,0.509856,0.287261,0.464148,12.727922,24.689929,0.900365,14.638443,0.533818,1.249188,0.045554,58.231010,107.530409,108.434949,106.625870,1.809079,0.983316
2025_04_25_IC_small_1,1347,527,502,0,-1,0.957666,855.500000,837.000000,874.000000,37.000000,0.927604,119.007948,114.538318,123.477579,8.939262,0.624427,1.443935,1.110092,1.777778,0.667686,0.898486,0.761046,0.720353,0.801740,0.081388,1.000000,1.000000,1.000000,1.000000,0.000000,0.833333,5.500000,5.000000,6.000000,1.000000,39.896826,1.364124,1.968504,0.504742,0.183908,0.540612,15.811388,30.749805,1.051375,19.907946,0.680678,2.893744,0.098941,88.375469,136.955504,138.911007,135.000000,3.911007,0.971845
2025_04_25_IC_small_1,1348,527,540,0,-1,0.882384,787.777778,738.555556,837.000000,98.444444,0.958527,112.163187,109.788056,114.538318,4.750261,0.771420,1.274558,1.110092,1.439024,0.328933,0.960393,0.785863,0.769986,0.801740,0.031754,1.000000,1.000000,1.000000,1.000000,0.000000,0.833333,5.500000,5.000000,6.000000,1.000000,38.223321,1.362507,1.440000,0.482154,0.316255,0.386484,10.842304,30.258193,1.078583,18.454969,0.657845,4.303325,0.153396,70.984006,119.743912,128.007125,111.480699,16.526426,0.870894
2025_04_25_IC_small_1,1349,527,533,0,-1,0.861407,904.333333,837.000000,971.666667,134.666667,0.892956,121.403501,114.538318,128.268685,13.730368,0.787565,1.259808,1.110092,1.409524,0.299432,0.925661,0.771940,0.742140,0.801740,0.059600,1.000000,1.000000,1.000000,1.000000,0.000000,0.857143,6.500000,6.000000,7.000000,1.000000,25.279920,0.841227,1.578125,0.785265,0.047610,1.209249,36.339449,20.506489,0.682384,12.095918,0.402509,1.587333,0.052821,51.162199,146.987030,151.440380,142.533681,8.906698,0.941187
2025_04_25_IC_small_1,1350,518,502,0,-1,0.768307,772.750000,671.500000,874.000000,202.500000,0.840139,113.607952,103.738325,123.477579,19.739255,0.637500,1.455556,1.133333,1.777778,0.644444,0.918687,0.752232,0.720353,0.784111,0.063758,1.000000,1.000000,1.000000,1.000000,0.000000,1.000000,5.000000,5.000000,5.000000,0.000000,26.119934,0.941652,1.096154,0.618406,0.212229,0.901278,25.000000,21.569083,0.777589,11.895432,0.428843,1.201122,0.043302,38.456386,122.729479,128.893906,116.565051,12.328855,0.904349
2025_04_25_IC_small_1,1351,518,515,0,-1,0.941355,692.416667,671.500000,713.333333,41.833333,0.964301,105.658572,103.738325,107.578819,3.840494,0.786777,1.286905,1.133333,1.440476,0.307143,0.987805,0.779330,0.774549,0.784111,0.009562,1.000000,1.000000,1.000000,1.000000,0.000000,0.833333,5.500000,5.000000,6.000000,1.000000,26.144757,0.993689,1.239669,0.588770,0.252979,0.748655,19.697716,21.950088,0.834261,12.352922,0.469500,0.223451,0.008493,66.654194,113.706268,120.839686,106.572850,14.266837,0.881936
2025_04_25_IC_small_1,1352,503,520,0,-1,0.480747,1248.722222,810.833333,1686.611111,875.777778,0.648052,146.375772,115.116624,177.634921,62.518297,0.689449,1.567751,1.279570,1.855932,0.576362,0.873580,0.720290,0.671689,0.768892,0.097203,0.987445,0.993723,0.987445,1.000000,0.012555,0.444444,6.500000,4.000000,9.000000,5.000000,30.280905,0.870848,1.037915,0.560288,0.277128,0.806392,28.039654,27.387052,0.787624,14.795524,0.425504,4.924081,0.141612,8.302209,114.248508,124.026722,104.470294,19.556428,0.842321
2025_04_25_IC_small_1,1353,503,536,0,-1,0.746171,1472.555556,1258.500000,1686.611111,428.111111,0.779158,158.020251,138.405582,177.634921,39.229339,0.597675,1.482588,1.109244,1.855932,0.746689,0.813602,0.748631,0.671689,0.825574,0.153885,0.987445,0.993723,0.987445,1.000000,0.012555,0.666667,7.500000,6.000000,9.000000,3.000000,50.163807,1.310723,2.052980,0.434402,0.318815,0.315596,12.078447,41.191748,1.076293,25.368026,0.662838,0.298330,0.007795,41.642836,90.140474,112.313473,67.967474,44.345999,0.605159
2025_04_25_IC_small_1,1354,503,531,0,-1,0.417471,1195.361111,704.111111,1686.611111,982.500000,0.624474,144.281696,110.928471,177.634921,66.706450,0.854215,1.720649,1.585366,1.855932,0.270566,0.934121,0.695374,0.671689,0.719060,0.047371,0.987445,0.993723,0.987445,1.000000,0.012555,0.555556,7.000000,5.000000,9.000000,4.000000,32.991737,0.976037,1.259669,0.488551,0.339158,0.600333,20.292308,32.049516,0.948162,16.390801,0.484910,7.558389,0.223610,41.479408,94.701151,109.096187,80.306116,28.790071,0.736104
2025_04_25_IC_small_1,1355,503,537,0,-1,0.945914,1641.000000,1595.388889,1686.611111,91.222222,0.878503,166.843828,156.052735,177.634921,21.582186,0.759638,1.632884,1.409836,1.855932,0.446096,0.815895,0.747471,0.671689,0.823254,0.151565,0.998173,0.988349,0.987445,0.989252,0.001807,0.900000,9.500000,9.000000,10.000000,1.000000,66.896526,1.651548,1.768868,0.423170,0.259141,0.265389,10.749677,45.675285,1.127636,33.394918,0.824457,5.584085,0.137860,86.039318,129.718855,148.030747,111.406962,36.623785,0.752593
2025_04_25_IC_small_1,1356,520,531,0,-1,0.868380,757.472222,704.111111,810.833333,106.722222,0.963618,113.022548,110.928471,115.116624,4.188153,0.807113,1.432468,1.279570,1.585366,0.305796,0.935190,0.743976,0.719060,0.768892,0.049832,1.000000,1.000000,1.000000,1.000000,0.000000,0.800000,4.500000,4.000000,5.000000,1.000000,24.692694,0.897749,1.012500,0.690177,0.081998,1.090033,29.981476,20.688274,0.752161,11.954173,0.434616,2.046300,0.074397,47.165824,165.301773,174.936383,155.667162,19.269221,0.889850
2025_04_25_IC_small_1,1357,249,247,0,-1,0.587515,1270.805556,940.611111,1601.000000,660.388889,0.789343,136.350500,120.298098,152.402901,32.104803,0.926471,1.284314,1.235294,1.333333,0.098039,0.942948,0.841484,0.816775,0.866193,0.049418,1.000000,1.000000,1.000000,1.000000,0.000000,0.750000,7.000000,6.000000,8.000000,2.000000,46.547752,1.317106,2.325203,0.506144,0.216748,0.304171,10.749677,36.409626,1.030239,23.269623,0.658432,10.275204,0.290745,87.587046,105.366722,115.977691,94.755752,21.221939,0.817017
2025_04_25_IC_small_1,1358,249,251,0,-1,0.833137,1034.805556,940.611111,1129.000000,188.388889,0.933229,124.601655,120.298098,128.905212,8.607114,0.936232,1.195908,1.156522,1.235294,0.078772,0.956620,0.835294,0.816775,0.853813,0.037038,1.000000,1.000000,1.000000,1.000000,0.000000,0.857143,6.500000,6.000000,7.000000,1.000000,29.355788,0.913515,1.321678,0.798393,0.063109,1.069215,34.359214,25.150409,0.782649,14.650222,0.455896,1.634219,0.050855,89.929139,156.770580,159.623565,153.917595,5.705969,0.964254
2025_04_25_IC_small_1,1359,249,266,0,-1,0.671758,1170.416667,940.611111,1400.222222,459.611111,0.846130,131.236282,120.298098,142.174465,21.876367,0.985791,1.226518,1.217742,1.235294,0.017552,0.938294,0.843632,0.816775,0.870490,0.053715,1.000000,1.000000,1.000000,1.000000,0.000000,1.000000,6.000000,6.000000,6.000000,0.000000,33.399833,0.981065,1.206061,0.651699,0.167319,0.734595,25.008887,26.477999,0.777748,16.588916,0.487272,3.905626,0.114721,81.200874,116.341624,125.804953,106.878296,18.926657,0.849556
2025_04_25_IC_small_1,1360,250,252,0,-1,0.755394,644.083333,554.333333,733.833333,179.500000,0.928681,103.345199,99.523664,107.166735,7.643071,0.823076,1.163410,1.050505,1.276316,0.225811,0.875872,0.753114,0.703280,0.802948,0.099668,1.000000,1.000000,1.000000,1.000000,0.000000,0.833333,5.500000,5.000000,6.000000,1.000000,25.976917,1.026073,1.672897,0.522487,0.224997,0.605801,15.336956,20.884155,0.824912,12.913827,0.510089,4.522431,0.178633,71.887286,93.443850,108.785914,78.101786,30.684128,0.717940
2025_04_25_IC_small_1,1361,250,271,0,-1,0.687853,680.111111,554.333333,805.888889,251.555556,0.874623,106.657019,99.523664,113.790375,14.266711,0.890722,1.206579,1.136842,1.276316,0.139474,0.899196,0.742700,0.703280,0.782121,0.078841,1.000000,1.000000,1.000000,1.000000,0.000000,0.833333,5.500000,5.000000,6.000000,1.000000,28.195805,1.085864,2.031579,0.651155,0.022259,0.987713,25.647179,24.202104,0.932061,13.599623,0.523743,3.381465,0.130225,64.866085,159.308895,165.130966,153.486824,11.644142,0.929485
2025_04_25_IC_small_1,1362,250,213,0,-1,0.530505,799.624753,554.333333,1044.916172,490.582839,0.765700,114.750474,99.523664,129.977285,30.453621,0.776677,1.459810,1.276316,1.643304,0.366988,0.904840,0.740261,0.703280,0.777242,0.073962,1.000000,1.000000,1.000000,1.000000,0.000000,0.833333,5.500000,5.000000,6.000000,1.000000,40.801734,1.460610,2.336538,0.472983,0.271667,0.418322,11.685699,31.150966,1.115134,20.132890,0.720712,9.727611,0.348227,79.796507,137.809386,145.505022,130.113750,15.391272,0.894222
2025_04_25_IC_small_1,1363,257,240,0,-1,0.335094,800.500000,401.833333,1199.166667,797.333333,0.600169,111.705340,83.793778,139.616902,55.823124,0.788889,1.166667,1.028986,1.304348,0.275362,0.930291,0.746116,0.719171,0.773060,0.053889,0.961513,0.980756,0.961513,1.000000,0.038487,0.625000,6.500000,5.000000,8.000000,3.000000,22.627679,0.827719,1.091549,0.696094,0.112950,0.976754,26.701899,19.435682,0.710956,11.258851,0.411848,6.190404,0.226445,82.224980,120.172106,141.651096,98.693116,42.957980,0.696734
2025_04_25_IC_small_1,1364,257,262,0,-1,0.741618,471.833333,401.833333,541.833333,140.000000,0.893367,88.794645,83.793778,93.795511,10.001733,0.906832,1.371352,1.304348,1.438356,0.134008,0.929225,0.746559,0.719171,0.773947,0.054776,1.000000,1.000000,1.000000,1.000000,0.000000,0.833333,5.500000,5.000000,6.000000,1.000000,28.792220,1.329186,1.900000,0.475199,0.321618,0.452844,9.809293,21.964415,1.013982,13.228477,0.610689,3.072052,0.141821,68.145469,119.537806,121.263732,117.811880,3.451852,0.971534
2025_04_25_IC_small_1,1365,257,270,0,-1,0.388871,717.583333,401.833333,1033.333333,631.500000,0.677297,103.755857,83.793778,123.717935,39.924156,0.909091,1.369565,1.304348,1.434783,0.130435,0.847710,0.783770,0.719171,0.848369,0.129198,1.000000,1.000000,1.000000,1.000000,0.000000,0.625000,6.500000,5.000000,8.000000,3.000000,21.464310,0.822525,1.106061,0.838197,0.038942,1.165475,30.413813,18.499643,0.708917,10.633799,0.407493,7.457364,0.285770,47.365952,159.833555,167.980998,151.686113,16.294885,0.902996
2025_04_25_IC_small_1,1366,240,270,0,-1,0.861710,1116.250000,1033.333333,1199.166667,165.833333,0.886124,131.667419,123.717935,139.616902,15.898968,0.717172,1.231884,1.028986,1.434783,0.405797,0.911231,0.810715,0.773060,0.848369,0.075309,0.961513,0.980756,0.961513,1.000000,0.038487,1.000000,8.000000,8.000000,8.000000,0.000000,36.392376,1.090008,1.321212,0.482005,0.280478,0.330675,11.040330,29.299275,0.877559,18.746573,0.561489,1.172401,0.035115,73.483360,95.335142,124.007492,66.662791,57.344701,0.537571
2025_04_25_IC_small_1,1367,240,268,0,-1,0.721103,1031.944444,864.722222,1199.166667,334.444444,0.779182,124.201957,108.787011,139.616902,30.829892,0.990156,1.034101,1.028986,1.039216,0.010230,0.841940,0.845625,0.773060,0.918190,0.145129,0.961513,0.980756,0.961513,1.000000,0.038487,0.875000,7.500000,7.000000,8.000000,1.000000,40.725774,1.271982,1.083333,0.543720,0.237981,0.468493,15.000000,29.102296,0.908948,20.353062,0.635684,7.521858,0.234929,87.436552,117.878448,121.748987,114.007910,7.741077,0.936418
2025_04_25_IC_small_1,1368,258,256,0,-1,0.517264,516.333333,352.055556,680.611111,328.555556,0.740297,91.837464,78.132645,105.542283,27.409638,0.783681,1.315830,1.156250,1.475410,0.319160,0.943844,0.746255,0.724696,0.767814,0.043118,1.000000,1.000000,1.000000,1.000000,0.000000,0.833333,5.500000,5.000000,6.000000,1.000000,26.408175,1.177578,1.895833,0.533606,0.214601,0.618234,13.864423,21.553818,0.961116,11.703444,0.521873,3.649426,0.162733,52.835080,117.570352,129.059051,106.081652,22.977399,0.821962
2025_04_25_IC_small_1,1369,258,260,0,-1,0.941325,363.027778,352.055556,374.000000,21.944444,0.984903,77.542847,76.953050,78.132645,1.179595,0.776006,1.310169,1.144928,1.475410,0.330482,0.913117,0.759174,0.724696,0.793651,0.068955,1.000000,1.000000,1.000000,1.000000,0.000000,1.000000,5.000000,5.000000,5.000000,0.000000,16.995717,0.892112,1.592593,0.715588,0.063509,1.106733,21.084486,13.394026,0.703057,8.227225,0.431850,0.357668,0.018774,49.578942,139.360754,158.477400,120.244109,38.233291,0.758746
2025_04_25_IC_small_1,1370,258,273,0,-1,0.631742,454.666667,352.055556,557.277778,205.222222,0.844443,85.329146,78.132645,92.525647,14.393002,0.808120,1.333859,1.192308,1.475410,0.283102,0.885929,0.771352,0.724696,0.818008,0.093311,1.000000,1.000000,1.000000,1.000000,0.000000,0.714286,6.000000,5.000000,7.000000,2.000000,24.488552,1.155942,1.055556,0.510532,0.321298,0.496820,10.525102,19.137696,0.903363,11.978316,0.565417,4.557896,0.215148,57.936760,112.145027,121.484280,102.805775,18.678505,0.846248
2025_04_25_IC_small_1,1371,252,276,0,-1,0.853791,796.666667,733.833333,859.500000,125.666667,0.842131,117.211697,107.166735,127.256659,20.089924,0.574276,1.439887,1.050505,1.829268,0.778763,0.830630,0.734950,0.666952,0.802948,0.135996,1.000000,1.000000,1.000000,1.000000,0.000000,0.833333,5.500000,5.000000,6.000000,1.000000,41.139824,1.458689,2.256881,0.444102,0.394979,0.391634,11.045361,29.958434,1.062232,20.566387,0.729219,5.797551,0.205563,89.700106,129.166138,137.068544,121.263732,15.804812,0.884694
2025_04_25_IC_small_1,1372,252,259,0,-1,0.512394,1083.000000,733.833333,1432.166667,698.333333,0.661544,134.580863,107.166735,161.994992,54.828257,0.494355,1.587753,1.050505,2.125000,1.074495,0.854108,0.744376,0.685804,0.802948,0.117143,1.000000,1.000000,1.000000,1.000000,0.000000,0.857143,6.500000,6.000000,7.000000,1.000000,33.068416,1.018534,1.735714,0.602240,0.137350,0.871179,28.284271,25.937895,0.798908,15.939647,0.490954,10.297761,0.317179,57.202324,121.965349,135.000000,108.930697,26.069303,0.806894
2025_04_25_IC_small_1,1373,252,271,0,-1,0.910589,769.861111,733.833333,805.888889,72.055556,0.941791,110.478555,107.166735,113.790375,6.623640,0.924055,1.093674,1.050505,1.136842,0.086337,0.974062,0.792534,0.782121,0.802948,0.020827,1.000000,1.000000,1.000000,1.000000,0.000000,1.000000,6.000000,6.000000,6.000000,0.000000,38.804044,1.398910,1.016216,0.453117,0.213711,0.258013,7.156970,28.668249,1.033508,18.864806,0.680088,1.843006,0.066442,74.379177,98.852874,99.978486,97.727262,2.251224,0.977483
2025_04_25_IC_small_1,1374,247,269,0,-1,0.955653,1565.500000,1530.000000,1601.000000,71.000000,0.957702,155.768429,152.402901,159.133956,6.731055,0.903226,1.404762,1.333333,1.476190,0.142857,0.876518,0.812713,0.759234,0.866193,0.106959,1.000000,1.000000,1.000000,1.000000,0.000000,0.750000,7.000000,6.000000,8.000000,2.000000,47.215421,1.193398,1.200000,0.501530,0.318109,0.397416,15.723302,37.127187,0.938412,23.612022,0.596808,1.687127,0.042643,85.959568,103.156928,122.294304,84.019551,38.274753,0.687028
2025_04_25_IC_small_1,1375,247,277,0,-1,0.866958,1494.500000,1388.000000,1601.000000,213.000000,0.962600,149.552982,146.703062,152.402901,5.699839,0.912281,1.397436,1.333333,1.461538,0.128205,0.935635,0.838317,0.810440,0.866193,0.055753,1.000000,1.000000,1.000000,1.000000,0.000000,0.750000,7.000000,6.000000,8.000000,2.000000,42.543515,1.101188,1.664634,0.611913,0.181387,0.664575,25.675323,32.944098,0.852719,21.066632,0.545285,1.318093,0.034117,74.778160,120.167221,126.497965,113.836477,12.661487,0.899908
2025_04_25_IC_small_1,1376,247,266,0,-1,0.874592,1500.611111,1400.222222,1601.000000,200.777778,0.932886,147.288683,142.174465,152.402901,10.228436,0.913306,1.275538,1.217742,1.333333,0.115591,0.995064,0.868341,0.866193,0.870490,0.004297,1.000000,1.000000,1.000000,1.000000,0.000000,0.750000,7.000000,6.000000,8.000000,2.000000,46.826228,1.209479,1.314010,0.578070,0.160749,0.505632,19.576062,35.321534,0.912323,22.968564,0.593257,1.762603,0.045526,70.978314,114.399358,118.217356,110.581360,7.635996,0.935407
2025_04_25_IC_small_1,1377,247,265,0,-1,0.845756,1477.527778,1354.055556,1601.000000,246.944444,0.987929,153.333973,152.402901,154.265045,1.862144,0.989754,1.326503,1.319672,1.333333,0.013661,0.825461,0.790601,0.715009,0.866193,0.151184,1.000000,1.000000,1.000000,1.000000,0.000000,0.750000,7.000000,6.000000,8.000000,2.000000,60.415349,1.573112,1.573529,0.421091,0.471866,0.126374,4.853407,42.774685,1.113779,30.155653,0.785201,0.900938,0.023459,85.552084,108.866518,117.978119,99.754916,18.223203,0.845537
2025_04_25_IC_small_1,1378,254,274,0,-1,0.317180,679.533333,327.266667,1031.800000,704.533333,0.700709,102.732763,84.653814,120.811713,36.157899,0.970100,1.296647,1.276968,1.316327,0.039359,0.645998,0.731117,0.573877,0.888357,0.314480,1.000000,1.000000,1.000000,1.000000,0.000000,0.428571,5.000000,3.000000,7.000000,4.000000,21.746556,0.866187,1.170543,0.799599,0.026562,1.181363,29.659400,20.747522,0.826394,10.765937,0.428818,8.990836,0.358114,49.915211,154.310001,155.529856,153.090146,2.439710,0.984314
2025_04_25_IC_small_1,1379,254,267,0,-1,0.824772,941.400000,851.000000,1031.800000,180.800000,0.934691,116.866649,112.921586,120.811713,7.890127,0.969817,1.296461,1.276596,1.316327,0.039731,0.944057,0.863508,0.838659,0.888357,0.049697,1.000000,1.000000,1.000000,1.000000,0.000000,0.857143,6.500000,6.000000,7.000000,1.000000,34.037762,1.110647,1.520833,0.615905,0.149547,0.615659,18.867962,27.006083,0.881205,17.015033,0.555198,3.413909,0.111395,81.170852,115.698550,125.727398,105.669702,20.057696,0.840467
2025_04_25_IC_small_1,1380,254,272,0,-1,0.811624,934.616667,837.433333,1031.800000,194.366667,0.948971,117.729267,114.646822,120.811713,6.164891,0.834169,1.207183,1.098039,1.316327,0.218287,0.901257,0.844497,0.800638,0.888357,0.087719,1.000000,1.000000,1.000000,1.000000,0.000000,0.714286,6.000000,5.000000,7.000000,2.000000,39.108146,1.280973,1.329341,0.478378,0.272358,0.227120,6.933974,29.986649,0.982201,19.594216,0.641801,3.221678,0.105525,85.492484,94.968164,116.355689,73.580639,42.775050,0.632377
2025_04_25_IC_small_1,1381,254,255,0,-1,0.870178,964.825000,897.850000,1031.800000,133.950000,0.957138,118.222573,115.633433,120.811713,5.178279,0.968017,1.295277,1.274227,1.316327,0.042100,0.949860,0.866085,0.843814,0.888357,0.044542,1.000000,1.000000,1.000000,1.000000,0.000000,0.857143,6.500000,6.000000,7.000000,1.000000,41.554350,1.338611,2.471287,0.527744,0.230514,0.355810,11.045361,29.312540,0.944259,20.693099,0.666597,1.311514,0.042248,88.387962,107.080908,112.091365,102.070451,10.020914,0.910600
2025_04_25_IC_small_1,1382,274,272,0,-1,0.390797,582.350000,327.266667,837.433333,510.166667,0.738388,99.650318,84.653814,114.646822,29.993008,0.859880,1.187504,1.098039,1.276968,0.178929,0.716774,0.687257,0.573877,0.800638,0.226761,1.000000,1.000000,1.000000,1.000000,0.000000,0.600000,4.000000,3.000000,5.000000,2.000000,24.779214,1.053785,1.882353,0.622889,0.064223,0.978400,23.006569,24.380724,1.036839,12.389504,0.526888,8.333123,0.354383,86.010706,145.627040,157.924865,133.329215,24.595649,0.844257
2025_04_25_IC_small_1,1383,274,279,0,-1,0.991717,328.633333,327.266667,330.000000,2.733333,0.944357,82.298618,79.943421,84.653814,4.710393,0.865537,1.191116,1.105263,1.276968,0.171705,0.884423,0.611374,0.573877,0.648871,0.074994,1.000000,1.000000,1.000000,1.000000,0.000000,0.750000,3.500000,3.000000,4.000000,1.000000,12.938455,0.713719,1.000000,0.815773,0.000000,1.764534,31.987845,15.633021,0.862359,6.414663,0.353850,0.379307,0.020924,32.151531,115.066580,124.463458,105.669702,18.793756,0.849002
2025_04_25_IC_small_1,1384,516,535,0,-1,0.417237,891.638889,525.000000,1258.277778,733.277778,0.569568,131.984991,95.790002,168.179980,72.389978,0.621132,1.584620,1.214286,1.954955,0.740669,0.777515,0.639017,0.559033,0.719000,0.159966,1.000000,1.000000,1.000000,1.000000,0.000000,0.714286,6.000000,5.000000,7.000000,2.000000,38.509476,1.319154,1.300000,0.389687,0.381694,0.413909,12.083046,33.835837,1.159057,19.048935,0.652527,13.052159,0.447106,60.947951,98.112300,106.821410,89.403191,17.418219,0.836941
2025_04_25_IC_small_1,1385,516,542,0,-1,0.977218,1243.944444,1229.611111,1258.277778,28.666667,0.870552,157.294692,146.409405,168.179980,21.770575,0.525730,1.491366,1.027778,1.954955,0.927177,0.775529,0.639937,0.559033,0.720841,0.161808,1.000000,1.000000,1.000000,1.000000,0.000000,1.000000,7.000000,7.000000,7.000000,0.000000,58.314345,1.653416,1.541667,0.376427,0.179514,0.374247,13.199327,42.919576,1.216920,28.785598,0.816173,0.627373,0.017788,77.910540,132.132370,170.530106,93.734635,76.795470,0.549666
2025_04_25_IC_small_1,1386,516,525,0,-1,0.788689,1125.334049,992.390320,1258.277778,265.887458,0.762900,148.242209,128.304438,168.179980,39.875543,0.634156,1.597351,1.239747,1.954955,0.715208,0.737953,0.658290,0.559033,0.757546,0.198513,1.000000,1.000000,1.000000,1.000000,0.000000,0.571429,5.500000,4.000000,7.000000,3.000000,23.075073,0.689071,1.212291,0.586867,0.204649,1.149035,38.477988,22.247815,0.664367,11.518231,0.343959,0.108120,0.003229,4.101338,105.867066,106.448904,105.285227,1.163677,0.989068
2025_04_25_IC_small_1,1387,253,259,0,-1,0.597036,1143.611111,855.055556,1432.166667,577.111111,0.687637,136.694373,111.393754,161.994992,50.601238,0.525414,1.620752,1.116505,2.125000,1.008495,0.791986,0.775867,0.685804,0.865929,0.180125,1.000000,1.000000,1.000000,1.000000,0.000000,0.857143,6.500000,6.000000,7.000000,1.000000,39.170648,1.167786,1.163366,0.487573,0.293199,0.456048,15.297059,29.925595,0.892165,18.693655,0.557310,4.006413,0.119442,41.163947,101.644131,117.704171,85.584090,32.120080,0.727112
2025_04_25_IC_small_1,1388,253,261,0,-1,0.464578,1347.777778,855.055556,1840.500000,985.444444,0.674400,138.284229,111.393754,165.174704,53.780950,0.907135,1.064663,1.012821,1.116505,0.103684,0.978985,0.856831,0.847732,0.865929,0.018197,1.000000,1.000000,1.000000,1.000000,0.000000,0.750000,7.000000,6.000000,8.000000,2.000000,34.766387,0.963827,1.071429,0.653531,0.134233,0.677875,24.451767,28.141545,0.780167,17.037418,0.472328,8.187365,0.226978,81.306097,115.305278,153.070012,77.540544,75.529469,0.506569
2025_04_25_IC_small_1,1389,253,275,0,-1,0.527256,652.944444,450.833333,855.055556,404.222222,0.767326,98.434559,85.475365,111.393754,25.918390,0.955362,1.091586,1.066667,1.116505,0.049838,0.895491,0.820681,0.775432,0.865929,0.090497,1.000000,1.000000,1.000000,1.000000,0.000000,0.666667,5.000000,4.000000,6.000000,2.000000,24.564489,0.973349,1.417391,0.750829,0.051178,0.971400,24.515301,23.759228,0.941441,12.262880,0.485907,6.027266,0.238826,88.537598,168.976203,176.614717,161.337688,15.277029,0.913501
2025_04_25_IC_small_1,1390,515,517,0,-1,0.820185,791.527778,713.333333,869.722222,156.388889,0.914217,112.626015,107.578819,117.673211,10.094392,0.721439,1.239846,1.039216,1.440476,0.401261,0.981327,0.781918,0.774549,0.789287,0.014739,1.000000,1.000000,1.000000,1.000000,0.000000,0.833333,5.500000,5.000000,6.000000,1.000000,24.608918,0.875772,1.487603,0.729647,0.074785,1.069998,30.066593,19.069187,0.678627,12.298040,0.437658,2.724629,0.096963,87.481752,131.469257,140.042451,122.896062,17.146389,0.877563
2025_04_25_IC_small_1,1391,515,484,0,-1,0.543630,1012.750000,713.333333,1312.166667,598.833333,0.733284,127.143499,107.578819,146.708180,39.129361,0.833960,1.583874,1.440476,1.727273,0.286797,0.989103,0.770329,0.766108,0.774549,0.008441,1.000000,1.000000,1.000000,1.000000,0.000000,0.750000,7.000000,6.000000,8.000000,2.000000,41.887208,1.331186,2.307692,0.510613,0.157245,0.492907,15.509853,31.672226,1.006552,20.186634,0.641537,8.936959,0.284019,72.569634,116.598829,122.700657,110.497001,12.203656,0.900541
2025_04_25_IC_small_1,1392,515,530,0,-1,0.554950,999.366667,713.333333,1285.400000,572.066667,0.783399,122.450990,107.578819,137.323161,29.744342,0.835494,1.321992,1.203509,1.440476,0.236967,0.904249,0.815557,0.774549,0.856565,0.082017,1.000000,1.000000,1.000000,1.000000,0.000000,1.000000,6.000000,6.000000,6.000000,0.000000,41.485439,1.326244,1.089357,0.449374,0.379574,0.135633,4.242641,33.543708,1.072356,21.049162,0.672919,7.914116,0.253006,80.277179,96.127343,111.111211,81.143474,29.967737,0.730291
2025_04_25_IC_small_1,1393,517,484,0,-1,0.662814,1090.944444,869.722222,1312.166667,442.444444,0.802090,132.190695,117.673211,146.708180,29.034969,0.601651,1.383244,1.039216,1.727273,0.688057,0.970633,0.777698,0.766108,0.789287,0.023179,1.000000,1.000000,1.000000,1.000000,0.000000,0.625000,6.500000,5.000000,8.000000,3.000000,44.426741,1.352106,1.611111,0.467017,0.311249,0.336007,11.040330,33.909272,1.032012,21.958646,0.668300,7.828872,0.238268,70.175572,112.365511,114.403281,110.327741,4.075540,0.964376
2025_04_25_IC_small_1,1394,517,530,0,-1,0.676616,1077.561111,869.722222,1285.400000,415.677778,0.856907,127.498186,117.673211,137.323161,19.649950,0.863488,1.121362,1.039216,1.203509,0.164293,0.921456,0.822926,0.789287,0.856565,0.067278,1.000000,1.000000,1.000000,1.000000,0.000000,0.833333,5.500000,5.000000,6.000000,1.000000,30.701765,0.939703,1.537901,0.776682,0.019488,1.044697,34.132096,26.152474,0.800461,15.350435,0.469838,3.788940,0.115970,85.015538,156.702006,174.589936,138.814075,35.775862,0.795086
2025_04_25_IC_small_1,1395,517,500,0,-1,0.645621,715.616667,561.511111,869.722222,308.211111,0.781587,104.822525,91.971840,117.673211,25.701371,0.862077,1.122348,1.039216,1.205479,0.166264,0.946187,0.811732,0.789287,0.834177,0.044890,1.000000,1.000000,1.000000,1.000000,0.000000,1.000000,5.000000,5.000000,5.000000,0.000000,30.212667,1.136086,1.638889,0.547280,0.202809,0.533262,14.181365,23.402571,0.880006,14.990385,0.563683,4.767243,0.179263,84.662312,113.906539,122.111104,105.701974,16.409130,0.865621
2025_04_25_IC_small_1,1396,484,500,0,-1,0.427927,936.838889,561.511111,1312.166667,750.655556,0.626903,119.340010,91.971840,146.708180,54.736340,0.697909,1.466376,1.205479,1.727273,0.521793,0.918400,0.800143,0.766108,0.834177,0.068069,1.000000,1.000000,1.000000,1.000000,0.000000,0.625000,6.500000,5.000000,8.000000,3.000000,27.067931,0.903468,1.023810,0.643582,0.185494,0.791194,23.704196,23.723153,0.791827,12.285631,0.410067,5.976435,0.199480,13.434800,114.858786,127.561155,102.156417,25.404738,0.800843
2025_04_25_IC_small_1,1397,256,263,0,-1,0.641091,558.472222,436.333333,680.611111,244.277778,0.848006,97.521380,89.500476,105.542283,16.041806,0.893377,1.094609,1.032967,1.156250,0.123283,0.891501,0.726160,0.684506,0.767814,0.083307,1.000000,1.000000,1.000000,1.000000,0.000000,0.833333,5.500000,5.000000,6.000000,1.000000,16.224065,0.690722,1.016260,0.873766,0.019796,1.453899,34.149996,14.705552,0.626073,8.093706,0.344581,3.194832,0.136017,4.319559,169.055311,171.620426,166.490196,5.130230,0.970107
2025_04_25_IC_small_1,1398,256,273,0,-1,0.818790,618.944444,557.277778,680.611111,123.333333,0.876669,99.033965,92.525647,105.542283,13.016636,0.969758,1.174279,1.156250,1.192308,0.036058,0.938639,0.792911,0.767814,0.818008,0.050194,1.000000,1.000000,1.000000,1.000000,0.000000,0.857143,6.500000,6.000000,7.000000,1.000000,28.862913,1.161596,1.006757,0.531396,0.261287,0.542773,13.486619,21.498199,0.865201,14.391766,0.579201,5.808152,0.233751,85.498326,107.580721,128.135174,87.026269,41.108905,0.679175
2025_04_25_IC_small_1,1399,260,273,0,-1,0.671120,465.638889,374.000000,557.277778,183.277778,0.831694,84.739348,76.953050,92.525647,15.572597,0.960262,1.168618,1.144928,1.192308,0.047380,0.970225,0.805829,0.793651,0.818008,0.024356,1.000000,1.000000,1.000000,1.000000,0.000000,0.714286,6.000000,5.000000,7.000000,2.000000,29.364381,1.367509,1.363636,0.484902,0.258486,0.328936,7.063207,22.541397,1.049760,14.340247,0.667830,3.096881,0.144223,81.929846,109.288229,118.271611,100.304846,17.966765,0.848089
2025_04_25_IC_small_1,1400,260,278,0,-1,0.990642,372.250000,370.500000,374.000000,3.500000,0.993331,76.696467,76.439884,76.953050,0.513166,0.984328,1.135956,1.126984,1.144928,0.017943,0.996028,0.795234,0.793651,0.796816,0.003165,1.000000,1.000000,1.000000,1.000000,0.000000,1.000000,5.000000,5.000000,5.000000,0.000000,16.379452,0.848952,1.518987,0.792214,0.052384,1.158961,22.360680,14.012397,0.726267,8.058687,0.417684,0.002616,0.000136,50.873113,161.961017,163.212080,160.709954,2.502126,0.984669
2025_04_25_IC_small_1,1401,260,264,0,-1,0.544484,530.444444,374.000000,686.888889,312.888889,0.726774,91.418073,76.953050,105.883096,28.930046,0.550943,1.611526,1.144928,2.078125,0.933197,0.970093,0.781783,0.769916,0.793651,0.023736,1.000000,1.000000,1.000000,1.000000,0.000000,0.714286,6.000000,5.000000,7.000000,2.000000,24.342336,1.068874,1.029197,0.517681,0.327398,0.490929,11.180340,20.409807,0.896196,11.810765,0.518611,3.388644,0.148796,68.658740,101.481611,116.784996,86.178227,30.606768,0.737922
2025_04_25_IC_small_1,1402,262,267,0,-1,0.636702,696.416667,541.833333,851.000000,309.166667,0.830625,103.358549,93.795511,112.921586,19.126075,0.887538,1.357476,1.276596,1.438356,0.161760,0.922839,0.806303,0.773947,0.838659,0.064712,1.000000,1.000000,1.000000,1.000000,0.000000,1.000000,6.000000,6.000000,6.000000,0.000000,26.057563,0.993630,1.598131,0.734466,0.063061,0.998013,26.172505,20.210746,0.770679,12.195587,0.465044,4.799219,0.183004,58.288892,152.110298,156.283811,147.936786,8.347024,0.946591
2025_04_25_IC_small_1,1403,262,281,0,-1,0.857557,586.833333,541.833333,631.833333,90.000000,0.935698,97.018359,93.795511,100.241207,6.445696,0.792422,1.289071,1.139785,1.438356,0.298571,0.979471,0.782058,0.773947,0.790169,0.016221,1.000000,1.000000,1.000000,1.000000,0.000000,1.000000,6.000000,6.000000,6.000000,0.000000,25.803413,1.065957,1.481481,0.512108,0.284578,0.502566,12.165525,20.993196,0.867244,12.660100,0.522998,0.639176,0.026405,56.288296,102.117596,124.508523,79.726669,44.781854,0.640331
2025_04_25_IC_small_1,1404,262,270,0,-1,0.524355,787.583333,541.833333,1033.333333,491.500000,0.758140,108.756723,93.795511,123.717935,29.922424,0.997516,1.436569,1.434783,1.438356,0.003574,0.912277,0.811158,0.773947,0.848369,0.074422,1.000000,1.000000,1.000000,1.000000,0.000000,0.750000,7.000000,6.000000,8.000000,2.000000,36.601084,1.320795,1.865546,0.497023,0.161253,0.323884,8.975275,27.348361,0.986899,18.298572,0.660326,10.011886,0.361291,84.215782,92.491508,114.227745,70.755271,43.472475,0.619423
2025_04_25_IC_small_1,1405,536,531,0,-1,0.559484,981.305556,704.111111,1258.500000,554.388889,0.801474,124.667026,110.928471,138.405582,27.477110,0.699677,1.347305,1.109244,1.585366,0.476122,0.870982,0.772317,0.719060,0.825574,0.106514,1.000000,1.000000,1.000000,1.000000,0.000000,0.833333,5.500000,5.000000,6.000000,1.000000,26.461805,0.853463,1.012346,0.776217,0.033883,1.146318,35.541838,21.951544,0.707995,13.145684,0.423983,6.204953,0.200126,51.723748,167.614499,177.063661,158.165337,18.898324,0.893268
2025_04_25_IC_small_1,1406,536,535,0,-1,0.417163,891.750000,525.000000,1258.500000,733.500000,0.692096,117.097792,95.790002,138.405582,42.615579,0.913495,1.161765,1.109244,1.214286,0.105042,0.870909,0.772287,0.719000,0.825574,0.106574,1.000000,1.000000,1.000000,1.000000,0.000000,0.833333,5.500000,5.000000,6.000000,1.000000,34.248986,1.173147,1.601504,0.559537,0.249416,0.583316,17.029386,28.655715,0.981558,16.267101,0.557205,11.819392,0.404855,78.355967,117.913108,140.929566,94.896650,46.032917,0.673362
2025_04_25_IC_small_1,1407,536,544,0,-1,0.928751,1213.666667,1168.833333,1258.500000,89.666667,0.989739,137.695500,136.985418,138.405582,1.420164,0.973064,1.094304,1.079365,1.109244,0.029879,0.948108,0.804153,0.782733,0.825574,0.042841,1.000000,1.000000,1.000000,1.000000,0.000000,0.833333,5.500000,5.000000,6.000000,1.000000,30.749407,0.882798,1.467105,0.788538,0.019088,1.129886,39.355926,25.614737,0.735384,15.368388,0.441218,0.550947,0.015817,89.684242,174.650828,177.602253,171.699403,5.902850,0.966764
2025_04_25_IC_small_1,1408,536,537,0,-1,0.788836,1426.944444,1258.500000,1595.388889,336.888889,0.886915,147.229158,138.405582,156.052735,17.647153,0.786789,1.259540,1.109244,1.409836,0.300592,0.997190,0.824414,0.823254,0.825574,0.002320,0.989252,0.994626,0.989252,1.000000,0.010748,0.600000,8.000000,6.000000,10.000000,4.000000,39.878901,1.057548,1.331522,0.582778,0.216138,0.615103,23.194827,31.177527,0.826796,18.425569,0.488627,0.166962,0.004428,61.691467,97.324444,99.655779,94.993108,4.662672,0.953212
2025_04_25_IC_small_1,1409,536,542,0,-1,0.977045,1244.055556,1229.611111,1258.500000,28.888889,0.945333,142.407493,138.405582,146.409405,8.003823,0.926557,1.068511,1.027778,1.109244,0.081466,0.873140,0.773208,0.720841,0.825574,0.104732,1.000000,1.000000,1.000000,1.000000,0.000000,0.857143,6.500000,6.000000,7.000000,1.000000,38.169433,1.082189,1.288770,0.454084,0.318046,0.317691,11.205158,32.208649,0.913187,19.008607,0.538937,3.771053,0.106918,83.950263,69.420309,80.385668,58.454949,21.930719,0.727181
2025_04_25_IC_small_1,1410,531,535,0,-1,0.745621,614.555556,525.000000,704.111111,179.111111,0.863529,103.359237,95.790002,110.928471,15.138469,0.765934,1.399826,1.214286,1.585366,0.371080,0.999917,0.719030,0.719000,0.719060,0.000060,1.000000,1.000000,1.000000,1.000000,0.000000,1.000000,5.000000,5.000000,5.000000,0.000000,25.746721,1.041366,1.360902,0.539882,0.276216,0.759922,18.788294,21.614089,0.874215,12.691936,0.513345,4.605568,0.186279,84.134992,104.123973,106.938013,101.309932,5.628081,0.947371
2025_04_25_IC_small_1,1411,535,542,0,-1,0.426964,877.305556,525.000000,1229.611111,704.611111,0.654261,121.099704,95.790002,146.409405,50.619402,0.846405,1.121032,1.027778,1.214286,0.186508,0.997445,0.719921,0.719000,0.720841,0.001842,1.000000,1.000000,1.000000,1.000000,0.000000,0.714286,6.000000,5.000000,7.000000,2.000000,26.762683,0.923190,1.358108,0.690698,0.062312,1.095739,31.764760,21.412963,0.738649,11.950554,0.412240,7.191548,0.248076,38.224921,160.029720,160.615484,159.443955,1.171530,0.992706
2025_04_25_IC_small_1,1412,280,283,0,-1,0.934951,956.833333,924.666667,989.000000,64.333333,0.954546,127.975287,124.999185,130.951390,5.952205,0.884615,1.814815,1.703704,1.925926,0.222222,0.974552,0.734208,0.724746,0.743671,0.018925,1.000000,1.000000,1.000000,1.000000,0.000000,0.833333,5.500000,5.000000,6.000000,1.000000,21.152028,0.683904,1.000000,0.853460,0.029786,1.424112,44.045431,16.625735,0.537556,10.575889,0.341948,0.314517,0.010169,6.712361,150.833748,154.942385,146.725112,8.217273,0.946966
2025_04_25_IC_small_1,1413,280,251,0,-1,0.875996,1059.000000,989.000000,1129.000000,140.000000,0.984375,129.928301,128.905212,130.951390,2.046177,0.600502,1.541224,1.156522,1.925926,0.769404,0.848835,0.789280,0.724746,0.853813,0.129067,1.000000,1.000000,1.000000,1.000000,0.000000,0.857143,6.500000,6.000000,7.000000,1.000000,44.381702,1.364563,1.719745,0.490157,0.268335,0.412502,13.416408,34.405859,1.057845,22.095723,0.679357,1.357629,0.041742,75.855848,120.437715,149.780303,91.095126,58.685176,0.608192
2025_04_25_IC_small_1,1414,280,261,0,-1,0.537354,1414.750000,989.000000,1840.500000,851.500000,0.792805,148.063047,130.951390,165.174704,34.223314,0.525888,1.469373,1.012821,1.925926,0.913105,0.854924,0.786239,0.724746,0.847732,0.122986,1.000000,1.000000,1.000000,1.000000,0.000000,0.750000,7.000000,6.000000,8.000000,2.000000,33.645784,0.905072,1.151042,0.688516,0.116628,0.926392,34.438351,27.346030,0.735608,16.117240,0.433554,8.331375,0.224114,51.539096,120.098287,120.963757,119.232817,1.730939,0.985690
2025_04_25_IC_small_1,1415,283,251,0,-1,0.819014,1026.833333,924.666667,1129.000000,204.333333,0.969698,126.952199,124.999185,128.905212,3.906028,0.678828,1.430113,1.156522,1.703704,0.547182,0.870999,0.798742,0.743671,0.853813,0.110142,1.000000,1.000000,1.000000,1.000000,0.000000,0.714286,6.000000,5.000000,7.000000,2.000000,42.722499,1.334892,2.347826,0.494004,0.230076,0.395915,12.671052,31.802967,0.993704,21.138889,0.660498,0.359167,0.011222,81.711816,108.841962,113.962489,103.721435,10.241054,0.910137
2025_04_25_IC_small_1,1416,283,296,0,-1,0.659221,1163.666667,924.666667,1402.666667,478.000000,0.875514,133.885762,124.999185,142.772340,17.773155,0.637795,1.395159,1.086614,1.703704,0.617090,0.860012,0.804196,0.743671,0.864721,0.121051,1.000000,1.000000,1.000000,1.000000,0.000000,0.833333,5.500000,5.000000,6.000000,1.000000,31.133392,0.917570,1.061798,0.661999,0.178531,0.848575,28.792360,27.064451,0.797649,15.351168,0.452433,5.479050,0.161480,58.777257,125.717777,131.927430,119.508123,12.419307,0.905863
2025_04_25_IC_small_1,1417,283,266,0,-1,0.660371,1162.444444,924.666667,1400.222222,475.555556,0.879196,133.586825,124.999185,142.174465,17.175280,0.714762,1.460723,1.217742,1.703704,0.485962,0.854313,0.807080,0.743671,0.870490,0.126819,1.000000,1.000000,1.000000,1.000000,0.000000,0.833333,5.500000,5.000000,6.000000,1.000000,37.620069,1.109280,1.051282,0.590521,0.202232,0.659702,22.373099,30.804874,0.908325,18.742998,0.552664,7.424222,0.218914,80.465683,122.793072,131.317820,114.268323,17.049497,0.870166
2025_04_25_IC_small_1,1418,251,261,0,-1,0.613420,1484.750000,1129.000000,1840.500000,711.500000,0.780417,147.039958,128.905212,165.174704,36.269492,0.875747,1.084671,1.012821,1.156522,0.143701,0.992878,0.850773,0.847732,0.853813,0.006081,1.000000,1.000000,1.000000,1.000000,0.000000,0.875000,7.500000,7.000000,8.000000,1.000000,44.955077,1.175271,1.294686,0.519533,0.271595,0.340866,13.038405,33.224817,0.868604,21.230087,0.555023,8.654177,0.226248,66.162747,92.170451,95.084961,89.255941,5.829020,0.938697
2025_04_25_IC_small_1,1419,251,266,0,-1,0.806301,1264.611111,1129.000000,1400.222222,271.222222,0.906669,135.539839,128.905212,142.174465,13.269253,0.949726,1.187132,1.156522,1.217742,0.061220,0.980842,0.862151,0.853813,0.870490,0.016677,1.000000,1.000000,1.000000,1.000000,0.000000,0.857143,6.500000,6.000000,7.000000,1.000000,39.493481,1.112177,1.206349,0.581385,0.229034,0.524750,18.633900,30.221493,0.851068,19.170015,0.539847,1.933006,0.054435,70.133163,112.082427,124.960745,99.204109,25.756637,0.793882
2025_04_25_IC_small_1,1420,263,282,0,-1,0.641300,558.361111,436.333333,680.388889,244.055556,0.890781,94.987299,89.500476,100.474121,10.973645,0.772399,1.185158,1.032967,1.337349,0.304382,0.808200,0.765729,0.684506,0.846952,0.162445,1.000000,1.000000,1.000000,1.000000,0.000000,0.833333,5.500000,5.000000,6.000000,1.000000,25.939547,1.104448,1.957447,0.551532,0.193672,0.648525,15.231546,19.725939,0.839887,11.834706,0.503895,5.122567,0.218108,47.508616,112.263171,113.634313,110.892029,2.742284,0.975867
2025_04_25_IC_small_1,1421,263,273,0,-1,0.782973,496.805556,436.333333,557.277778,120.944444,0.967305,91.013062,89.500476,92.525647,3.025170,0.866359,1.112637,1.032967,1.192308,0.159341,0.836797,0.751257,0.684506,0.818008,0.133501,1.000000,1.000000,1.000000,1.000000,0.000000,0.714286,6.000000,5.000000,7.000000,2.000000,28.006126,1.258835,1.405172,0.500525,0.301482,0.541252,12.041595,21.981041,0.988016,13.243097,0.595258,1.056847,0.047504,64.832939,121.013164,140.673022,101.353306,39.319717,0.720489
2025_04_25_IC_small_1,1422,263,268,0,-1,0.504594,650.527778,436.333333,864.722222,428.388889,0.822713,99.143744,89.500476,108.787011,19.286534,0.993987,1.036091,1.032967,1.039216,0.006249,0.745496,0.801348,0.684506,0.918190,0.233683,1.000000,1.000000,1.000000,1.000000,0.000000,0.714286,6.000000,5.000000,7.000000,2.000000,24.741477,0.983859,1.377049,0.637989,0.129382,0.759605,19.102065,20.446450,0.813065,12.004153,0.477352,7.544905,0.300028,57.504672,107.404744,110.891218,103.918270,6.972947,0.937119
2025_04_25_IC_small_1,1423,276,259,0,-1,0.600140,1145.833333,859.500000,1432.166667,572.666667,0.785559,144.625825,127.256659,161.994992,34.738333,0.860832,1.977134,1.829268,2.125000,0.295732,0.972511,0.676378,0.666952,0.685804,0.018852,1.000000,1.000000,1.000000,1.000000,0.000000,0.714286,6.000000,5.000000,7.000000,2.000000,24.091899,0.717435,1.427586,0.745052,0.073964,1.379515,46.324939,22.216107,0.661576,11.548772,0.343912,5.333183,0.158817,33.248110,141.264404,152.723237,129.805571,22.917666,0.849940
2025_04_25_IC_small_1,1424,276,289,0,-1,0.741710,748.500000,637.500000,859.500000,222.000000,0.839312,117.032348,106.808036,127.256659,20.448623,0.753185,1.603523,1.377778,1.829268,0.451491,0.949757,0.684593,0.666952,0.702235,0.035282,1.000000,1.000000,1.000000,1.000000,0.000000,0.800000,4.500000,4.000000,5.000000,1.000000,21.274965,0.779788,1.297872,0.651125,0.158985,1.174545,32.045107,20.109902,0.737086,9.926518,0.363835,1.921936,0.070444,16.865301,140.645447,150.730073,130.560822,20.169251,0.866190
2025_04_25_IC_small_1,1425,276,271,0,-1,0.937625,832.694444,805.888889,859.500000,53.611111,0.894180,120.523517,113.790375,127.256659,13.466284,0.621474,1.483055,1.136842,1.829268,0.692426,0.852748,0.724537,0.666952,0.782121,0.115169,1.000000,1.000000,1.000000,1.000000,0.000000,0.833333,5.500000,5.000000,6.000000,1.000000,28.770499,0.997151,1.049689,0.521668,0.276012,0.706242,20.377002,23.773899,0.823975,13.887272,0.481316,0.694817,0.024082,42.188725,103.188476,122.952970,83.423983,39.528986,0.678503
2025_04_25_IC_small_1,1426,550,548,0,-1,0.630725,628.055556,485.833333,770.277778,284.444444,0.809438,107.020829,95.749867,118.291791,22.541924,0.621930,1.633683,1.252874,2.014493,0.761619,0.962660,0.678833,0.665918,0.691748,0.025830,1.000000,1.000000,1.000000,1.000000,0.000000,0.833333,5.500000,5.000000,6.000000,1.000000,22.659698,0.910110,1.418033,0.560789,0.183503,0.929195,23.134870,20.674495,0.830376,11.243935,0.451604,6.238301,0.250557,47.880453,92.933016,110.168466,75.697565,34.470901,0.687107
2025_04_25_IC_small_1,1427,550,551,0,-1,0.704106,587.916667,485.833333,690.000000,204.166667,0.882796,102.105950,95.749867,108.462034,12.712167,0.865079,1.350575,1.252874,1.448276,0.195402,0.903478,0.701490,0.665918,0.737061,0.071143,1.000000,1.000000,1.000000,1.000000,0.000000,1.000000,5.000000,5.000000,5.000000,0.000000,16.673477,0.690278,1.183333,0.841405,0.017434,1.484052,35.846897,15.471210,0.640504,8.231459,0.340780,2.687023,0.111242,25.948139,168.420430,168.539798,168.301062,0.238736,0.998584
2025_04_25_IC_small_1,1428,550,537,0,-1,0.304523,1040.611111,485.833333,1595.388889,1109.555556,0.613574,125.901301,95.749867,156.052735,60.302868,0.888666,1.331355,1.252874,1.409836,0.156963,0.808886,0.744586,0.665918,0.823254,0.157336,0.989252,0.994626,0.989252,1.000000,0.010748,0.500000,7.500000,5.000000,10.000000,5.000000,42.231063,1.362645,1.385057,0.511385,0.194837,0.413911,12.827921,31.487570,1.015991,20.705063,0.668078,14.320914,0.462085,84.430679,116.151630,148.189249,84.114012,64.075236,0.567612
2025_04_25_IC_small_1,1429,550,558,0,-1,0.683150,598.500000,485.833333,711.166667,225.333333,0.892344,101.525692,95.749867,107.301518,11.551651,0.896986,1.188342,1.123810,1.252874,0.129064,0.857929,0.721055,0.665918,0.776193,0.110275,1.000000,1.000000,1.000000,1.000000,0.000000,1.000000,5.000000,5.000000,5.000000,0.000000,32.159780,1.320477,1.573643,0.486437,0.241158,0.558475,13.601471,25.318786,1.039587,15.603387,0.640673,1.688025,0.069310,77.248509,135.241098,162.897271,107.584925,55.312346,0.660446
2025_04_25_IC_small_1,1430,550,554,0,-1,0.555661,680.083333,485.833333,874.333333,388.500000,0.824415,105.946316,95.749867,116.142766,20.392899,0.980070,1.265612,1.252874,1.278351,0.025477,0.817557,0.740220,0.665918,0.814522,0.148603,1.000000,1.000000,1.000000,1.000000,0.000000,0.833333,5.500000,5.000000,6.000000,1.000000,34.326664,1.330214,1.408451,0.467474,0.354246,0.400642,10.338708,27.027270,1.047350,14.241740,0.551890,7.308104,0.283201,34.104482,105.793624,119.739637,91.847610,27.892027,0.767061
2025_04_25_IC_small_1,1431,267,281,0,-1,0.742460,741.416667,631.833333,851.000000,219.166667,0.887706,106.581396,100.241207,112.921586,12.680379,0.892832,1.208190,1.139785,1.276596,0.136811,0.942181,0.814414,0.790169,0.838659,0.048490,1.000000,1.000000,1.000000,1.000000,0.000000,1.000000,6.000000,6.000000,6.000000,0.000000,26.656991,0.981693,1.183673,0.631744,0.165561,0.762671,20.709633,21.488461,0.791352,12.437346,0.458028,4.354721,0.160371,54.319637,110.123295,123.989520,96.257070,27.732450,0.776332
2025_04_25_IC_small_1,1432,267,279,0,-1,0.387779,590.500000,330.000000,851.000000,521.000000,0.707955,96.432504,79.943421,112.921586,32.978165,0.865789,1.190929,1.105263,1.276596,0.171333,0.773700,0.743765,0.648871,0.838659,0.189788,1.000000,1.000000,1.000000,1.000000,0.000000,0.666667,5.000000,4.000000,6.000000,2.000000,30.452848,1.286618,1.612903,0.542474,0.220858,0.580152,13.731553,25.428220,1.074330,14.333376,0.605578,9.213680,0.389274,71.448608,145.288343,155.529856,135.046829,20.483027,0.868302
2025_04_25_IC_small_1,1433,267,286,0,-1,0.857031,790.166667,729.333333,851.000000,121.666667,0.934908,109.246451,105.571317,112.921586,7.350269,0.976863,1.261827,1.247059,1.276596,0.029537,0.980525,0.830493,0.822326,0.838659,0.016333,1.000000,1.000000,1.000000,1.000000,0.000000,1.000000,6.000000,6.000000,6.000000,0.000000,29.206122,1.039769,1.108280,0.643330,0.123708,0.761804,21.398338,22.615719,0.805144,13.595985,0.484032,1.415917,0.050408,63.069812,123.151207,124.913814,121.388601,3.525213,0.971779
2025_04_25_IC_small_1,1434,281,284,0,-1,0.860222,683.166667,631.833333,734.500000,102.666667,0.930758,103.969821,100.241207,107.698436,7.457229,0.835842,1.251711,1.139785,1.363636,0.223851,0.992972,0.792965,0.790169,0.795761,0.005593,1.000000,1.000000,1.000000,1.000000,0.000000,1.000000,6.000000,6.000000,6.000000,0.000000,20.400205,0.781049,1.148437,0.808654,0.067699,1.191191,31.112698,17.055688,0.653000,10.081020,0.385965,1.304662,0.049951,64.202553,145.321523,172.342290,118.300756,54.041535,0.686429
2025_04_25_IC_small_1,1435,281,270,0,-1,0.611452,832.583333,631.833333,1033.333333,401.500000,0.810240,111.979571,100.241207,123.717935,23.476728,0.794396,1.287284,1.139785,1.434783,0.294998,0.931397,0.819269,0.790169,0.848369,0.058201,1.000000,1.000000,1.000000,1.000000,0.000000,0.750000,7.000000,6.000000,8.000000,2.000000,38.668365,1.350110,1.654135,0.511169,0.213192,0.377665,10.816654,28.135124,0.982341,18.899805,0.659889,4.383812,0.153061,70.664196,103.805754,121.263732,86.347777,34.915954,0.712066
2025_04_25_IC_small_1,1436,281,286,0,-1,0.866316,680.583333,631.833333,729.333333,97.500000,0.949512,102.906262,100.241207,105.571317,5.330110,0.913978,1.193422,1.139785,1.247059,0.107274,0.960895,0.806247,0.790169,0.822326,0.032157,1.000000,1.000000,1.000000,1.000000,0.000000,1.000000,6.000000,6.000000,6.000000,0.000000,36.005462,1.381042,1.758333,0.502661,0.214767,0.409335,10.671874,27.416674,1.051606,17.352718,0.665589,2.272225,0.087154,67.776718,126.314954,142.354329,110.275579,32.078751,0.774656
2025_04_25_IC_small_1,1437,259,290,0,-1,0.720354,1231.916667,1031.666667,1432.166667,400.500000,0.790476,145.024088,128.053184,161.994992,33.941808,0.524252,1.619518,1.114035,2.125000,1.010965,0.867425,0.738213,0.685804,0.790621,0.104817,1.000000,1.000000,1.000000,1.000000,0.000000,0.857143,6.500000,6.000000,7.000000,1.000000,35.412322,1.012308,1.344262,0.575319,0.217074,0.829934,29.032549,25.577105,0.731155,13.896810,0.397259,1.867853,0.053395,22.367763,101.127686,105.826154,96.429218,9.396936,0.911204
2025_04_25_IC_small_1,1438,259,275,0,-1,0.314791,941.500000,450.833333,1432.166667,981.333333,0.527642,123.735178,85.475365,161.994992,76.519627,0.501961,1.595833,1.066667,2.125000,1.058333,0.884415,0.730618,0.685804,0.775432,0.089628,1.000000,1.000000,1.000000,1.000000,0.000000,0.571429,5.500000,4.000000,7.000000,3.000000,23.878854,0.808400,1.214286,0.558719,0.231811,0.705454,20.837999,24.616404,0.833369,11.747989,0.397719,7.101257,0.240408,1.463428,100.948392,113.078221,88.818563,24.259659,0.785461
2025_04_25_IC_small_1,1439,506,511,0,-1,0.803734,644.083333,574.000000,714.166667,140.166667,0.911937,103.577960,98.807231,108.348689,9.541459,0.745288,1.732263,1.479452,1.985075,0.505623,0.966456,0.751651,0.738830,0.764473,0.025643,1.000000,1.000000,1.000000,1.000000,0.000000,0.857143,6.500000,6.000000,7.000000,1.000000,18.198882,0.718157,1.022556,0.878126,0.023850,1.408447,35.691580,15.148394,0.597780,9.062369,0.357615,1.125105,0.044398,11.884865,157.886809,158.771796,157.001821,1.769974,0.988852
2025_04_25_IC_small_1,1440,506,528,0,-1,0.975426,705.391667,696.616667,714.166667,17.550000,0.997657,108.221735,108.094780,108.348689,0.253909,0.770383,1.757171,1.529268,1.985075,0.455806,0.980014,0.756833,0.749194,0.764473,0.015279,1.000000,1.000000,1.000000,1.000000,0.000000,0.714286,6.000000,5.000000,7.000000,2.000000,37.989759,1.430407,2.320792,0.495042,0.190910,0.512129,13.601471,27.344541,1.029589,17.472040,0.657865,1.337822,0.050372,62.730241,129.978031,135.811501,124.144561,11.666940,0.914095
2025_04_25_IC_small_1,1441,506,524,0,-1,0.861462,771.591667,714.166667,829.016667,114.850000,0.933065,112.235002,108.348689,116.121315,7.772626,0.665241,1.652814,1.320554,1.985075,0.664521,0.989493,0.768532,0.764473,0.772590,0.008117,1.000000,1.000000,1.000000,1.000000,0.000000,0.714286,6.000000,5.000000,7.000000,2.000000,33.664605,1.212777,1.411926,0.466534,0.306941,0.370903,10.295630,25.475663,0.917768,16.276408,0.586362,4.070881,0.146655,60.051837,92.844479,104.915496,80.773462,24.142034,0.769891
2025_04_25_IC_small_1,1442,513,511,0,-1,0.878049,539.000000,504.000000,574.000000,70.000000,0.944537,96.067157,93.327083,98.807231,5.480148,0.919271,1.544414,1.479452,1.609375,0.129923,0.984194,0.732991,0.727152,0.738830,0.011678,1.000000,1.000000,1.000000,1.000000,0.000000,0.833333,5.500000,5.000000,6.000000,1.000000,29.628086,1.276846,1.500000,0.461843,0.356524,0.449704,10.434984,23.553651,1.015063,13.287255,0.572625,0.099166,0.004274,52.159032,117.931503,132.500190,103.362816,29.137374,0.780096
2025_04_25_IC_small_1,1443,513,492,0,-1,0.518519,738.000000,504.000000,972.000000,468.000000,0.783671,106.208350,93.327083,119.089617,25.762535,0.766142,1.421192,1.233010,1.609375,0.376365,0.844300,0.794200,0.727152,0.861248,0.134097,1.000000,1.000000,1.000000,1.000000,0.000000,0.833333,5.500000,5.000000,6.000000,1.000000,25.980702,0.968944,1.147059,0.624977,0.157182,0.748584,20.072092,21.796282,0.812887,12.861968,0.479684,7.572531,0.282416,67.153718,104.406022,104.534455,104.277589,0.256866,0.997543
2025_04_25_IC_small_1,1444,513,523,0,-1,0.544227,715.041667,504.000000,926.083333,422.083333,0.784994,106.107984,93.327083,118.888885,25.561802,0.907761,1.535152,1.460929,1.609375,0.148446,0.883177,0.775244,0.727152,0.823337,0.096185,1.000000,1.000000,1.000000,1.000000,0.000000,0.833333,5.500000,5.000000,6.000000,1.000000,22.598411,0.854680,1.146212,0.825500,0.023775,1.222923,32.335052,17.685041,0.668855,10.777953,0.407626,5.396572,0.204100,56.433320,162.519627,163.474204,161.565051,1.909152,0.988321
2025_04_25_IC_small_1,1445,511,492,0,-1,0.590535,773.000000,574.000000,972.000000,398.000000,0.829688,108.948424,98.807231,119.089617,20.282387,0.833423,1.356231,1.233010,1.479452,0.246442,0.857859,0.800039,0.738830,0.861248,0.122419,1.000000,1.000000,1.000000,1.000000,0.000000,1.000000,6.000000,6.000000,6.000000,0.000000,30.792613,1.116985,1.503876,0.624930,0.115244,0.754144,20.789955,25.053215,0.908792,15.302147,0.555077,7.097205,0.257447,75.981460,133.792138,152.102729,115.481547,36.621182,0.759234
2025_04_25_IC_small_1,1446,511,523,0,-1,0.619815,750.041667,574.000000,926.083333,352.083333,0.831089,108.848058,98.807231,118.888885,20.081654,0.987480,1.470190,1.460929,1.479452,0.018523,0.897360,0.781083,0.738830,0.823337,0.084507,1.000000,1.000000,1.000000,1.000000,0.000000,1.000000,6.000000,6.000000,6.000000,0.000000,29.630352,1.089553,1.010807,0.525512,0.244275,0.520317,14.149990,25.053822,0.921267,14.799852,0.544213,6.706754,0.246618,87.980437,86.581854,109.138102,64.025606,45.112496,0.586648
2025_04_25_IC_small_1,1447,269,277,0,-1,0.907190,1459.000000,1388.000000,1530.000000,142.000000,0.921884,152.918509,146.703062,159.133956,12.430894,0.990074,1.468864,1.461538,1.476190,0.014652,0.936817,0.784837,0.759234,0.810440,0.051206,1.000000,1.000000,1.000000,1.000000,0.000000,1.000000,6.000000,6.000000,6.000000,0.000000,29.702261,0.777840,1.177419,0.814214,0.060658,1.225869,46.810493,24.477951,0.641027,14.685288,0.384577,0.930727,0.024374,65.352511,141.039937,149.482484,132.597391,16.885094,0.887043
2025_04_25_IC_small_1,1448,269,292,0,-1,0.742375,1332.916667,1135.833333,1530.000000,394.166667,0.832042,145.770041,132.406126,159.133956,26.727831,0.984127,1.488095,1.476190,1.500000,0.023810,0.932540,0.786696,0.759234,0.814157,0.054923,1.000000,1.000000,1.000000,1.000000,0.000000,1.000000,6.000000,6.000000,6.000000,0.000000,35.981040,0.988255,1.304348,0.559218,0.149047,0.642506,23.392781,31.553611,0.866651,17.987752,0.494051,1.985262,0.054527,65.210313,113.618215,167.787673,59.448757,108.338916,0.354309
2025_04_25_IC_small_1,1449,269,265,0,-1,0.885004,1442.027778,1354.055556,1530.000000,175.944444,0.969404,156.699501,154.265045,159.133956,4.868912,0.893971,1.397931,1.319672,1.476190,0.156518,0.941750,0.737121,0.715009,0.759234,0.044225,1.000000,1.000000,1.000000,1.000000,0.000000,1.000000,6.000000,6.000000,6.000000,0.000000,36.007554,0.948657,1.060000,0.638075,0.129351,0.988942,37.536649,27.422327,0.722470,17.602047,0.463744,3.910732,0.103032,85.864446,116.439460,137.950779,94.928141,43.022638,0.688131
2025_04_25_IC_small_1,1450,540,545,0,-1,0.818344,820.527778,738.555556,902.500000,163.944444,0.929382,113.959087,109.788056,118.130118,8.342062,0.769370,1.273084,1.107143,1.439024,0.331882,0.947430,0.791348,0.769986,0.812710,0.042724,1.000000,1.000000,1.000000,1.000000,0.000000,0.833333,5.500000,5.000000,6.000000,1.000000,28.782307,1.006057,1.857143,0.724276,0.072717,1.034282,29.589788,23.673896,0.827498,13.669182,0.477793,1.021363,0.035701,63.241524,161.422649,165.476623,157.368676,8.107947,0.951002
2025_04_25_IC_small_1,1451,540,533,0,-1,0.760091,855.111111,738.555556,971.666667,233.111111,0.855923,119.028371,109.788056,128.268685,18.480629,0.979500,1.424274,1.409524,1.439024,0.029501,0.963836,0.756063,0.742140,0.769986,0.027846,1.000000,1.000000,1.000000,1.000000,0.000000,0.714286,6.000000,5.000000,7.000000,2.000000,29.579293,1.013893,1.043210,0.561402,0.180841,0.726679,21.200105,23.952294,0.821016,14.774668,0.506433,4.007967,0.137382,66.622258,97.761056,98.443191,97.078922,1.364269,0.986142
2025_04_25_IC_small_1,1452,540,541,0,-1,0.396126,1301.500000,738.555556,1864.444444,1125.888889,0.661406,137.889996,109.788056,165.991936,56.203880,0.953960,1.473749,1.439024,1.508475,0.069450,0.905519,0.810156,0.769986,0.850326,0.080340,1.000000,1.000000,1.000000,1.000000,0.000000,0.714286,6.000000,5.000000,7.000000,2.000000,31.934652,0.907807,1.099448,0.752849,0.087634,0.957090,33.668317,25.294318,0.719042,15.012034,0.426747,10.230981,0.290836,37.669830,137.129358,138.539559,135.719156,2.820403,0.979642
2025_04_25_IC_small_1,1453,282,273,0,-1,0.819058,618.833333,557.277778,680.388889,123.111111,0.920890,96.499884,92.525647,100.474121,7.948474,0.891545,1.264829,1.192308,1.337349,0.145042,0.965826,0.832480,0.818008,0.846952,0.028944,1.000000,1.000000,1.000000,1.000000,0.000000,0.857143,6.500000,6.000000,7.000000,1.000000,30.173547,1.214447,1.116438,0.512443,0.299982,0.378043,9.392669,23.502601,0.945950,15.046906,0.605619,0.587556,0.023648,83.205051,103.832418,108.434949,99.229886,9.205063,0.915110
2025_04_25_IC_small_1,1454,282,288,0,-1,0.735865,802.500000,680.388889,924.611111,244.222222,0.871290,107.895329,100.474121,115.316537,14.842416,0.799572,1.203328,1.069307,1.337349,0.268042,0.969333,0.860349,0.846952,0.873747,0.026795,1.000000,1.000000,1.000000,1.000000,0.000000,0.857143,6.500000,6.000000,7.000000,1.000000,31.515595,1.115760,1.333333,0.588518,0.236760,0.542853,15.333333,25.104670,0.888792,15.109309,0.534922,4.736518,0.167689,67.654555,109.822082,111.399618,108.244545,3.155073,0.971678
2025_04_25_IC_small_1,1455,282,268,0,-1,0.786829,772.555556,680.388889,864.722222,184.333333,0.923586,104.630566,100.474121,108.787011,8.312889,0.777071,1.188283,1.039216,1.337349,0.298134,0.922415,0.882571,0.846952,0.918190,0.071238,1.000000,1.000000,1.000000,1.000000,0.000000,0.857143,6.500000,6.000000,7.000000,1.000000,31.106807,1.121159,1.070064,0.610566,0.195527,0.557459,15.466810,24.345783,0.877477,15.547945,0.560383,1.989359,0.071701,88.585967,121.251703,142.447417,100.055989,42.391428,0.702406
2025_04_25_IC_small_1,1456,282,293,0,-1,0.889116,642.666667,604.944444,680.388889,75.444444,0.966705,98.801485,97.128850,100.474121,3.345271,0.897297,1.268675,1.200000,1.337349,0.137349,0.951415,0.826377,0.805803,0.846952,0.041149,1.000000,1.000000,1.000000,1.000000,0.000000,0.833333,5.500000,5.000000,6.000000,1.000000,21.866348,0.862920,1.031008,0.786435,0.076158,1.071261,27.145697,19.252978,0.759788,10.851329,0.428230,1.019579,0.040236,73.423568,155.277190,168.816645,141.737735,27.078911,0.839596
2025_04_25_IC_small_1,1457,282,302,0,-1,0.880762,726.444444,680.388889,772.500000,92.111111,0.919372,104.879855,100.474121,109.285589,8.811468,0.843559,1.461358,1.337349,1.585366,0.248016,0.959674,0.829875,0.812798,0.846952,0.034154,1.000000,1.000000,1.000000,1.000000,0.000000,1.000000,6.000000,6.000000,6.000000,0.000000,28.588531,1.061229,1.285714,0.603373,0.204841,0.664613,17.904065,23.161796,0.859784,14.150073,0.525262,0.730289,0.027109,78.898233,117.553437,134.421274,100.685599,33.735676,0.749030
2025_04_25_IC_small_1,1458,273,288,0,-1,0.602716,740.944444,557.277778,924.611111,367.333333,0.802362,103.921092,92.525647,115.316537,22.790890,0.896838,1.130807,1.069307,1.192308,0.123001,0.936206,0.845877,0.818008,0.873747,0.055740,1.000000,1.000000,1.000000,1.000000,0.000000,1.000000,7.000000,7.000000,7.000000,0.000000,25.187575,0.932629,1.517544,0.787155,0.039964,1.000347,27.016456,19.134545,0.708501,12.591331,0.466223,5.856219,0.216840,87.035190,143.762784,152.525568,135.000000,17.525568,0.885098
2025_04_25_IC_small_1,1459,273,278,0,-1,0.664839,463.888889,370.500000,557.277778,186.777778,0.826148,84.482765,76.439884,92.525647,16.085763,0.945212,1.159646,1.126984,1.192308,0.065324,0.974094,0.807412,0.796816,0.818008,0.021192,1.000000,1.000000,1.000000,1.000000,0.000000,0.714286,6.000000,5.000000,7.000000,2.000000,25.002852,1.166855,2.102564,0.570415,0.162275,0.606695,13.000000,19.388960,0.904861,12.492717,0.583021,3.672435,0.171388,81.288892,112.377657,125.770114,98.985200,26.784914,0.787033
2025_04_25_IC_small_1,1460,288,278,0,-1,0.400709,647.555556,370.500000,924.611111,554.111111,0.662870,95.878210,76.439884,115.316537,38.876654,0.948822,1.098146,1.069307,1.126984,0.057677,0.911953,0.835282,0.796816,0.873747,0.076931,1.000000,1.000000,1.000000,1.000000,0.000000,0.714286,6.000000,5.000000,7.000000,2.000000,31.415578,1.265334,1.052980,0.499848,0.318634,0.227843,5.656854,25.203942,1.015146,15.662036,0.630824,9.515171,0.383245,85.812852,97.885136,99.229886,96.540386,2.689500,0.972896
2025_04_25_IC_small_1,1461,288,285,0,-1,0.479120,683.805556,443.000000,924.611111,481.611111,0.729148,99.699690,84.082842,115.316537,31.233695,0.795763,1.206528,1.069307,1.343750,0.274443,0.901183,0.830577,0.787406,0.873747,0.086341,1.000000,1.000000,1.000000,1.000000,0.000000,0.714286,6.000000,5.000000,7.000000,2.000000,28.248331,1.097982,1.547826,0.603116,0.176829,0.594580,15.297059,22.685097,0.881745,14.094592,0.547842,6.285389,0.244306,88.116662,112.527415,117.149682,107.905148,9.244533,0.921088
2025_04_25_IC_small_1,1462,288,302,0,-1,0.835486,848.555556,772.500000,924.611111,152.111111,0.947701,112.301063,109.285589,115.316537,6.030948,0.674486,1.327336,1.069307,1.585366,0.516059,0.930244,0.843273,0.812798,0.873747,0.060949,1.000000,1.000000,1.000000,1.000000,0.000000,0.857143,6.500000,6.000000,7.000000,1.000000,29.009992,0.996885,1.283688,0.673625,0.144330,0.801897,23.335714,23.644127,0.812495,14.428557,0.495816,1.043978,0.035875,76.388205,126.107338,138.035569,114.179107,23.856462,0.827172
2025_04_25_IC_small_1,1463,278,285,0,-1,0.836343,406.750000,370.500000,443.000000,72.500000,0.909102,80.261363,76.439884,84.082842,7.642959,0.838686,1.235367,1.126984,1.343750,0.216766,0.988191,0.792111,0.787406,0.796816,0.009410,1.000000,1.000000,1.000000,1.000000,0.000000,1.000000,5.000000,5.000000,5.000000,0.000000,17.879063,0.887388,1.102041,0.719472,0.090965,1.025477,20.661290,15.129624,0.750925,8.910712,0.442264,1.640589,0.081427,53.062442,150.393811,154.477690,146.309932,8.167758,0.947127
2025_04_25_IC_small_1,1464,278,264,0,-1,0.539389,528.694444,370.500000,686.888889,316.388889,0.721927,91.161490,76.439884,105.883096,29.443212,0.542308,1.602555,1.126984,2.078125,0.951141,0.966240,0.783366,0.769916,0.796816,0.026900,1.000000,1.000000,1.000000,1.000000,0.000000,0.714286,6.000000,5.000000,7.000000,2.000000,22.009384,0.968362,1.023077,0.569106,0.259602,0.649452,14.761060,19.330226,0.850485,10.936277,0.481171,2.464274,0.108422,57.888538,107.382379,110.609693,104.155065,6.454628,0.941645
2025_04_25_IC_small_1,1465,291,284,0,-1,0.865441,685.083333,635.666667,734.500000,98.833333,0.997516,107.564693,107.430950,107.698436,0.267486,0.834752,1.250967,1.138298,1.363636,0.225338,0.869756,0.743940,0.692119,0.795761,0.103643,1.000000,1.000000,1.000000,1.000000,0.000000,0.666667,5.000000,4.000000,6.000000,2.000000,23.171540,0.885862,1.377049,0.628043,0.161538,0.947232,24.776781,19.815049,0.757542,11.250015,0.430095,0.988946,0.037808,41.715829,121.162792,124.222761,118.102824,6.119937,0.950734
2025_04_25_IC_small_1,1466,291,270,0,-1,0.615161,834.500000,635.666667,1033.333333,397.666667,0.868354,115.574442,107.430950,123.717935,16.286985,0.793359,1.286540,1.138298,1.434783,0.296485,0.815822,0.770244,0.692119,0.848369,0.156251,1.000000,1.000000,1.000000,1.000000,0.000000,0.500000,6.000000,4.000000,8.000000,4.000000,27.886869,0.972381,1.431818,0.666433,0.148991,0.937070,26.874192,21.644719,0.754725,13.735083,0.478925,3.591604,0.125235,63.906394,135.139873,142.483937,127.795809,14.688127,0.896914
2025_04_25_IC_small_1,1467,291,287,0,-1,0.720983,758.666667,635.666667,881.666667,246.000000,0.898547,113.495846,107.430950,119.560742,12.129792,0.849345,1.239252,1.138298,1.340206,0.201908,0.892983,0.733591,0.692119,0.775063,0.082945,1.000000,1.000000,1.000000,1.000000,0.000000,0.571429,5.500000,4.000000,7.000000,3.000000,20.200928,0.735846,1.069231,0.874265,0.017794,1.444504,39.655461,15.600387,0.568265,10.037256,0.365621,2.560922,0.093285,18.309065,162.652423,164.744881,160.559965,4.184916,0.974598
2025_04_25_IC_small_1,1468,284,270,0,-1,0.710806,883.916667,734.500000,1033.333333,298.833333,0.870516,115.708185,107.698436,123.717935,16.019498,0.950413,1.399209,1.363636,1.434783,0.071146,0.937989,0.822065,0.795761,0.848369,0.052608,1.000000,1.000000,1.000000,1.000000,0.000000,0.750000,7.000000,6.000000,8.000000,2.000000,38.004938,1.282929,1.038889,0.507533,0.294522,0.374720,11.100551,29.173997,0.984823,18.801265,0.634672,2.284349,0.077113,87.133097,104.645681,107.981430,101.309932,6.671497,0.938216
2025_04_25_IC_small_1,1469,270,287,0,-1,0.853226,957.500000,881.666667,1033.333333,151.666667,0.966398,121.639338,119.560742,123.717935,4.157192,0.934083,1.387494,1.340206,1.434783,0.094576,0.913592,0.811716,0.775063,0.848369,0.073306,1.000000,1.000000,1.000000,1.000000,0.000000,0.875000,7.500000,7.000000,8.000000,1.000000,38.855758,1.256688,1.248485,0.438234,0.341253,0.144640,4.472136,32.907009,1.064291,21.460699,0.694090,0.284939,0.009216,89.320205,93.526669,130.097239,56.956098,73.141141,0.437796
2025_04_25_IC_small_1,1470,270,268,0,-1,0.836828,949.027778,864.722222,1033.333333,168.611111,0.879315,116.252473,108.787011,123.717935,14.930924,0.724302,1.236999,1.039216,1.434783,0.395567,0.923959,0.883280,0.848369,0.918190,0.069820,1.000000,1.000000,1.000000,1.000000,0.000000,0.875000,7.500000,7.000000,8.000000,1.000000,34.798606,1.130712,2.179245,0.643962,0.092551,0.650672,20.024984,25.064939,0.814436,17.397581,0.565300,4.031031,0.130980,87.267347,115.221818,116.200115,114.243521,1.956594,0.983162
2025_04_25_IC_small_1,1471,561,547,0,-1,0.638071,782.361111,609.500000,955.222222,345.722222,0.851225,111.733400,102.753895,120.712904,17.959009,0.703479,1.304792,1.077670,1.531915,0.454245,0.880603,0.774594,0.725416,0.823772,0.098356,1.000000,1.000000,1.000000,1.000000,0.000000,0.500000,6.000000,4.000000,8.000000,4.000000,37.777862,1.359045,1.321429,0.501851,0.251660,0.459137,12.762793,29.044693,1.044872,18.635347,0.670400,5.748574,0.206803,75.781300,140.421884,171.418212,109.425555,61.992657,0.638354
2025_04_25_IC_small_1,1472,561,557,0,-1,0.578273,831.750000,609.500000,1054.000000,444.500000,0.798150,115.746957,102.753895,128.740018,25.986123,0.731557,1.275394,1.077670,1.473118,0.395448,0.907745,0.762278,0.725416,0.799141,0.073725,1.000000,1.000000,1.000000,1.000000,0.000000,0.571429,5.500000,4.000000,7.000000,3.000000,23.459460,0.820929,1.114094,0.733535,0.129346,1.096712,31.340425,20.497730,0.717288,11.262555,0.394117,4.197461,0.146884,45.852620,137.939669,140.629412,135.249925,5.379487,0.961747
2025_04_25_IC_small_1,1473,561,565,0,-1,0.470697,952.194444,609.500000,1294.888889,685.388889,0.754655,119.457025,102.753895,136.160154,33.406259,0.956701,1.054339,1.031008,1.077670,0.046662,0.826503,0.801554,0.725416,0.877692,0.152277,1.000000,1.000000,1.000000,1.000000,0.000000,0.571429,5.500000,4.000000,7.000000,3.000000,31.877407,1.050800,1.051429,0.708844,0.062954,0.909347,27.586228,30.888098,1.018189,15.863780,0.522930,8.308326,0.273874,89.778674,165.574421,179.221329,151.927513,27.293815,0.847709
2025_04_25_IC_small_1,1474,561,560,0,-1,0.347184,1182.527778,609.500000,1755.555556,1146.055556,0.579833,139.983353,102.753895,177.212810,74.458914,0.761622,1.246318,1.077670,1.414966,0.337296,0.968383,0.713948,0.702480,0.725416,0.022935,1.000000,1.000000,1.000000,1.000000,0.000000,0.500000,6.000000,4.000000,8.000000,4.000000,25.769732,0.774012,1.195402,0.626303,0.151230,0.933043,31.064449,24.274094,0.729090,11.962369,0.359298,7.412624,0.222643,15.283466,96.064027,101.131359,90.996695,10.134665,0.899787
2025_04_25_IC_small_1,1475,287,268,0,-1,0.980781,873.194444,864.722222,881.666667,16.944444,0.909889,114.173876,108.787011,119.560742,10.773732,0.775415,1.189711,1.039216,1.340206,0.300990,0.844121,0.846626,0.775063,0.918190,0.143127,1.000000,1.000000,1.000000,1.000000,0.000000,1.000000,7.000000,7.000000,7.000000,0.000000,39.714132,1.343986,1.331288,0.510123,0.266423,0.354215,10.466879,28.831630,0.975706,19.497388,0.659821,1.894937,0.064128,77.802459,106.409021,113.702646,99.115396,14.587250,0.871707
2025_04_25_IC_small_1,1476,287,312,0,-1,0.625898,716.750000,551.833333,881.666667,329.833333,0.758391,105.117273,90.673803,119.560742,28.886939,0.994792,1.343714,1.340206,1.347222,0.007016,0.918931,0.809252,0.775063,0.843440,0.068377,1.000000,1.000000,1.000000,1.000000,0.000000,0.857143,6.500000,6.000000,7.000000,1.000000,29.641315,1.114670,1.067485,0.541534,0.206604,0.523631,13.924399,24.931381,0.937552,14.811507,0.556991,4.859391,0.182739,75.313700,113.611055,130.319450,96.902659,33.416791,0.743578
2025_04_25_IC_small_1,1477,287,293,0,-1,0.686137,743.305556,604.944444,881.666667,276.722222,0.812381,108.344796,97.128850,119.560742,22.431892,0.895385,1.270103,1.200000,1.340206,0.140206,0.961852,0.790433,0.775063,0.805803,0.030740,1.000000,1.000000,1.000000,1.000000,0.000000,0.714286,6.000000,5.000000,7.000000,2.000000,23.315172,0.858936,1.300000,0.719809,0.087933,1.023970,27.794884,19.334563,0.712290,11.577437,0.426515,3.332103,0.122755,53.562071,132.328974,136.513657,128.144292,8.369365,0.938692
2025_04_25_IC_small_1,1478,268,293,0,-1,0.699582,734.833333,604.944444,864.722222,259.777778,0.892835,102.957930,97.128850,108.787011,11.658161,0.866013,1.119608,1.039216,1.200000,0.160784,0.877600,0.861996,0.805803,0.918190,0.112387,1.000000,1.000000,1.000000,1.000000,0.000000,0.714286,6.000000,5.000000,7.000000,2.000000,31.429126,1.164003,1.759259,0.608441,0.198571,0.586888,15.846486,25.318111,0.937677,15.672668,0.580450,2.696384,0.099863,85.584176,125.473294,132.740312,118.206276,14.534036,0.890508
2025_04_25_IC_small_1,1479,543,547,0,-1,0.678551,801.694444,648.166667,955.222222,307.055556,0.832262,110.588815,100.464726,120.712904,20.248178,0.777778,1.361702,1.191489,1.531915,0.340426,0.979631,0.815382,0.806992,0.823772,0.016780,1.000000,1.000000,1.000000,1.000000,0.000000,0.625000,6.500000,5.000000,8.000000,3.000000,32.418703,1.150297,1.720930,0.566171,0.205883,0.577129,16.265164,25.145447,0.892224,14.614468,0.518558,5.040794,0.178860,59.966232,116.681969,131.685154,101.678784,30.006369,0.772136
2025_04_25_IC_small_1,1480,543,546,0,-1,0.977972,641.027778,633.888889,648.166667,14.277778,0.995728,100.250142,100.035558,100.464726,0.429168,0.877006,1.118217,1.044944,1.191489,0.146546,0.986381,0.801497,0.796002,0.806992,0.010990,1.000000,1.000000,1.000000,1.000000,0.000000,1.000000,5.000000,5.000000,5.000000,0.000000,27.217714,1.075028,1.054422,0.630423,0.118343,0.802574,20.319668,21.738362,0.858608,13.399038,0.529227,0.965164,0.038121,81.505365,143.325477,145.175511,141.475444,3.700067,0.974513
2025_04_25_IC_small_1,1481,543,533,0,-1,0.667067,809.916667,648.166667,971.666667,323.500000,0.783237,114.366706,100.464726,128.268685,27.803959,0.845313,1.300507,1.191489,1.409524,0.218034,0.919637,0.774566,0.742140,0.806992,0.064852,1.000000,1.000000,1.000000,1.000000,0.000000,0.714286,6.000000,5.000000,7.000000,2.000000,23.821549,0.841295,1.141026,0.638045,0.191275,0.885030,25.059928,20.305976,0.717137,11.633240,0.410846,2.309833,0.081575,16.669871,107.721377,110.998719,104.444036,6.554683,0.940948
2025_04_25_IC_small_1,1482,543,539,0,-1,0.854162,703.500000,648.166667,758.833333,110.666667,0.879700,107.334091,100.464726,114.203455,13.738729,0.725254,1.417173,1.191489,1.642857,0.451368,0.906000,0.769064,0.731135,0.806992,0.075857,1.000000,1.000000,1.000000,1.000000,0.000000,0.714286,6.000000,5.000000,7.000000,2.000000,25.747305,0.971486,1.152174,0.540461,0.294717,0.637602,16.898389,22.146285,0.835614,11.389037,0.429726,0.422928,0.015958,42.779893,99.328730,102.140248,96.517212,5.623036,0.944948
2025_04_25_IC_small_1,1483,290,261,0,-1,0.560536,1436.083333,1031.666667,1840.500000,808.833333,0.775259,146.613944,128.053184,165.174704,37.121520,0.909146,1.063428,1.012821,1.114035,0.101215,0.932631,0.819177,0.790621,0.847732,0.057111,1.000000,1.000000,1.000000,1.000000,0.000000,0.750000,7.000000,6.000000,8.000000,2.000000,47.506465,1.266491,1.048246,0.529918,0.268535,0.429869,16.124515,37.522109,1.000315,22.445056,0.598370,10.299717,0.274584,74.801455,108.352404,116.258660,100.446148,15.812511,0.863989
2025_04_25_IC_small_1,1484,290,275,0,-1,0.436995,741.250000,450.833333,1031.666667,580.833333,0.667499,106.764274,85.475365,128.053184,42.577820,0.957480,1.090351,1.066667,1.114035,0.047368,0.980789,0.783027,0.775432,0.790621,0.015189,1.000000,1.000000,1.000000,1.000000,0.000000,0.666667,5.000000,4.000000,6.000000,2.000000,29.524871,1.106787,1.657895,0.593653,0.137381,0.681894,18.190352,27.616321,1.035242,14.578828,0.546511,9.202331,0.344964,89.015109,135.134678,174.752220,95.517136,79.235084,0.546586
2025_04_25_IC_small_1,1485,261,275,0,-1,0.244952,1145.666667,450.833333,1840.500000,1389.666667,0.517485,125.325034,85.475365,165.174704,79.699340,0.949519,1.039744,1.012821,1.066667,0.053846,0.914714,0.811582,0.775432,0.847732,0.072300,1.000000,1.000000,1.000000,1.000000,0.000000,0.500000,6.000000,4.000000,8.000000,4.000000,33.397337,1.041488,1.322785,0.673369,0.143439,0.683935,21.931712,30.016008,0.936042,14.930109,0.465592,13.356271,0.416512,41.680244,134.940727,164.036716,105.844739,58.191977,0.645250
2025_04_25_IC_small_1,1486,547,557,0,-1,0.906283,1004.611111,955.222222,1054.000000,98.777778,0.937649,124.726461,120.712904,128.740018,8.027114,0.961619,1.502517,1.473118,1.531915,0.058797,0.970100,0.811456,0.799141,0.823772,0.024631,1.000000,1.000000,1.000000,1.000000,0.000000,0.875000,7.500000,7.000000,8.000000,1.000000,39.221967,1.237832,1.343373,0.529697,0.233728,0.491178,15.563490,30.236109,0.954241,18.979277,0.598980,5.801928,0.183107,73.293718,104.926677,109.945033,99.908322,10.036711,0.908712
2025_04_25_IC_small_1,1487,547,546,0,-1,0.663604,794.555556,633.888889,955.222222,321.333333,0.828706,110.374231,100.035558,120.712904,20.677346,0.682116,1.288429,1.044944,1.531915,0.486971,0.966290,0.809887,0.796002,0.823772,0.027770,1.000000,1.000000,1.000000,1.000000,0.000000,0.625000,6.500000,5.000000,8.000000,3.000000,29.025191,1.035065,1.166667,0.527674,0.287792,0.467386,13.106402,24.206293,0.863218,14.199493,0.506367,2.417993,0.086228,77.948606,92.051324,97.263245,86.839402,10.423842,0.892829
2025_04_25_IC_small_1,1488,547,548,0,-1,0.806386,862.750000,770.277778,955.222222,184.944444,0.979943,119.502348,118.291791,120.712904,2.421113,0.760447,1.773204,1.531915,2.014493,0.482578,0.839733,0.757760,0.691748,0.823772,0.132024,1.000000,1.000000,1.000000,1.000000,0.000000,0.750000,7.000000,6.000000,8.000000,2.000000,40.045579,1.365333,1.583333,0.434806,0.371422,0.267496,7.845735,30.315067,1.033576,18.492753,0.630501,1.027677,0.035038,57.014778,97.036435,108.876356,85.196514,23.679842,0.782507
2025_04_25_IC_small_1,1489,547,539,0,-1,0.794405,857.027778,758.833333,955.222222,196.388889,0.946075,117.458180,114.203455,120.712904,6.509449,0.932470,1.587386,1.531915,1.642857,0.110942,0.887546,0.777454,0.731135,0.823772,0.092636,1.000000,1.000000,1.000000,1.000000,0.000000,0.875000,7.500000,7.000000,8.000000,1.000000,36.675552,1.254860,1.983871,0.586433,0.039607,0.740187,21.633308,26.910079,0.920733,18.111047,0.619673,2.533589,0.086687,78.319536,159.779580,163.378192,156.180968,7.197224,0.955947
2025_04_25_IC_small_1,1490,547,554,0,-1,0.915319,914.777778,874.333333,955.222222,80.888889,0.962140,118.427835,116.142766,120.712904,4.570138,0.834479,1.405133,1.278351,1.531915,0.253564,0.988771,0.819147,0.814522,0.823772,0.009250,1.000000,1.000000,1.000000,1.000000,0.000000,0.750000,7.000000,6.000000,8.000000,2.000000,28.637888,0.947086,1.192308,0.605817,0.176910,0.695280,21.023796,22.687027,0.750285,14.316675,0.473468,0.916213,0.030300,84.668879,84.748273,85.291499,84.205046,1.086453,0.987262
2025_04_25_IC_small_1,1491,547,560,0,-1,0.544114,1355.388889,955.222222,1755.555556,800.333333,0.681175,148.962857,120.712904,177.212810,56.499906,0.923658,1.473440,1.414966,1.531915,0.116949,0.852761,0.763126,0.702480,0.823772,0.121291,1.000000,1.000000,1.000000,1.000000,0.000000,1.000000,8.000000,8.000000,8.000000,0.000000,53.940282,1.481753,2.204082,0.457396,0.294585,0.343714,12.512216,36.239422,0.995506,22.936252,0.630065,5.674997,0.155894,27.372100,104.353859,111.122625,97.585094,13.537531,0.878175
2025_04_25_IC_small_1,1492,272,295,0,-1,0.658964,1054.133333,837.433333,1270.833333,433.400000,0.842605,125.354622,114.646822,136.062423,21.415601,0.831155,1.209570,1.098039,1.321101,0.223062,0.928141,0.831631,0.800638,0.862625,0.061987,1.000000,1.000000,1.000000,1.000000,0.000000,0.625000,6.500000,5.000000,8.000000,3.000000,30.115371,0.932549,1.203704,0.682843,0.137158,0.831991,26.867990,24.782122,0.767401,14.910069,0.461704,4.014550,0.124314,64.780640,122.946512,124.463458,121.429566,3.033893,0.975624
2025_04_25_IC_small_1,1493,272,255,0,-1,0.932710,867.641667,837.433333,897.850000,60.416667,0.991468,115.140127,114.646822,115.633433,0.986612,0.861730,1.186133,1.098039,1.274227,0.176188,0.948832,0.822226,0.800638,0.843814,0.043176,1.000000,1.000000,1.000000,1.000000,0.000000,0.833333,5.500000,5.000000,6.000000,1.000000,25.428515,0.863409,1.167622,0.812770,0.021005,1.128695,33.241540,20.529671,0.697072,12.703682,0.431345,0.265944,0.009030,87.616875,159.197015,176.820170,141.573860,35.246310,0.800666
2025_04_25_IC_small_1,1494,296,277,0,-1,0.989544,1395.333333,1388.000000,1402.666667,14.666667,0.973206,144.737701,142.772340,146.703062,3.930722,0.743473,1.274076,1.086614,1.461538,0.374924,0.937227,0.837581,0.810440,0.864721,0.054281,1.000000,1.000000,1.000000,1.000000,0.000000,1.000000,6.000000,6.000000,6.000000,0.000000,42.987334,1.150808,1.013761,0.529131,0.239728,0.428798,16.017352,32.429375,0.868163,19.967340,0.534543,1.714215,0.045891,55.812062,96.492018,113.038678,79.945358,33.093321,0.707239
2025_04_25_IC_small_1,1495,296,266,0,-1,0.998257,1401.444444,1400.222222,1402.666667,2.444444,0.995812,142.473403,142.174465,142.772340,0.597875,0.892319,1.152178,1.086614,1.217742,0.131128,0.993373,0.867606,0.864721,0.870490,0.005768,1.000000,1.000000,1.000000,1.000000,0.000000,1.000000,6.000000,6.000000,6.000000,0.000000,38.899065,1.039085,1.695364,0.684692,0.133315,0.776498,29.068884,31.491598,0.841215,19.275416,0.514892,1.138825,0.030421,77.355054,137.559292,148.895030,126.223554,22.671476,0.847735
2025_04_25_IC_small_1,1496,277,266,0,-1,0.991271,1394.111111,1388.000000,1400.222222,12.222222,0.969131,144.438764,142.174465,146.703062,4.528597,0.833192,1.339640,1.217742,1.461538,0.243797,0.931016,0.840465,0.810440,0.870490,0.060049,1.000000,1.000000,1.000000,1.000000,0.000000,1.000000,6.000000,6.000000,6.000000,0.000000,36.303531,0.972302,1.200000,0.640710,0.163027,0.736886,27.513633,29.699623,0.795432,18.082549,0.484297,1.690821,0.045285,73.839971,116.824228,135.582163,98.066292,37.515871,0.723298
2025_04_25_IC_small_1,1497,557,546,0,-1,0.601413,843.944444,633.888889,1054.000000,420.111111,0.777035,114.387788,100.035558,128.740018,28.704460,0.709341,1.259031,1.044944,1.473118,0.428174,0.996072,0.797571,0.796002,0.799141,0.003139,1.000000,1.000000,1.000000,1.000000,0.000000,0.714286,6.000000,5.000000,7.000000,2.000000,27.094271,0.940079,1.299270,0.733515,0.092522,1.018818,29.363621,23.392083,0.811626,12.694199,0.440446,4.165592,0.144532,48.219475,153.326561,162.828434,143.824689,19.003744,0.883290
2025_04_25_IC_small_1,1498,557,545,0,-1,0.856262,978.250000,902.500000,1054.000000,151.500000,0.917587,123.435068,118.130118,128.740018,10.609900,0.751564,1.290131,1.107143,1.473118,0.365975,0.983303,0.805926,0.799141,0.812710,0.013569,1.000000,1.000000,1.000000,1.000000,0.000000,0.857143,6.500000,6.000000,7.000000,1.000000,30.439742,0.973963,1.027473,0.541240,0.259221,0.539740,16.868775,25.971292,0.830988,15.219008,0.486954,1.230150,0.039360,67.404857,101.607774,131.867114,71.348433,60.518681,0.541063
2025_04_25_IC_small_1,1499,557,555,0,-1,0.855313,977.750000,901.500000,1054.000000,152.500000,0.908168,122.828789,116.917560,128.740018,11.822458,0.698227,1.250845,1.028571,1.473118,0.444547,0.964289,0.813938,0.799141,0.828736,0.029595,1.000000,1.000000,1.000000,1.000000,0.000000,0.714286,6.000000,5.000000,7.000000,2.000000,39.292159,1.257543,2.231481,0.515580,0.201057,0.437531,13.670731,27.833098,0.890797,19.643541,0.628690,2.972854,0.095146,86.032701,101.246185,103.532350,98.960020,4.572329,0.955837
2025_04_25_IC_small_1,1500,557,563,0,-1,0.932427,1018.388889,982.777778,1054.000000,71.222222,0.953168,125.725413,122.710808,128.740018,6.029210,0.755681,1.293163,1.113208,1.473118,0.359911,0.974370,0.809651,0.799141,0.820162,0.021021,1.000000,1.000000,1.000000,1.000000,0.000000,0.857143,6.500000,6.000000,7.000000,1.000000,48.064334,1.506373,1.357143,0.448362,0.299929,0.196280,6.262765,33.210826,1.040853,23.650201,0.741215,1.088341,0.034109,81.702323,106.359890,109.653824,103.065955,6.587869,0.939921
2025_04_25_IC_small_1,1501,557,565,0,-1,0.813969,1174.444444,1054.000000,1294.888889,240.888889,0.945504,132.450086,128.740018,136.160154,7.420136,0.699881,1.252063,1.031008,1.473118,0.442111,0.910502,0.838417,0.799141,0.877692,0.078551,1.000000,1.000000,1.000000,1.000000,0.000000,1.000000,7.000000,7.000000,7.000000,0.000000,38.031953,1.111234,1.425806,0.541099,0.216249,0.457859,15.670212,30.270718,0.884463,18.749850,0.547841,4.579224,0.133798,73.373061,104.593244,136.363928,72.822561,63.541366,0.534031
2025_04_25_IC_small_1,1502,292,265,0,-1,0.838838,1244.944444,1135.833333,1354.055556,218.222222,0.858303,143.335585,132.406126,154.265045,21.858919,0.879781,1.409836,1.319672,1.500000,0.180328,0.878219,0.764583,0.715009,0.814157,0.099149,1.000000,1.000000,1.000000,1.000000,0.000000,1.000000,6.000000,6.000000,6.000000,0.000000,42.107414,1.194543,1.577640,0.464752,0.255344,0.385859,13.601471,33.957746,0.963345,18.644901,0.528936,0.692192,0.019637,44.422968,95.665134,97.284186,94.046083,3.238103,0.966715
2025_04_25_IC_small_1,1503,292,294,0,-1,0.459721,829.000000,522.166667,1135.833333,613.666667,0.659616,109.871639,87.337153,132.406126,45.068973,0.716049,1.287037,1.074074,1.500000,0.425926,0.946428,0.837200,0.814157,0.860243,0.046085,1.000000,1.000000,1.000000,1.000000,0.000000,1.000000,6.000000,6.000000,6.000000,0.000000,26.249877,0.928327,1.025641,0.693618,0.142642,0.820962,23.213980,22.399904,0.792173,13.072349,0.462304,7.193167,0.254386,64.284636,126.310978,133.732924,118.889033,14.843892,0.889003
2025_04_25_IC_small_1,1504,265,294,0,-1,0.385632,938.111111,522.166667,1354.055556,831.888889,0.566150,120.801099,87.337153,154.265045,66.927892,0.813895,1.196873,1.074074,1.319672,0.245598,0.831171,0.787626,0.715009,0.860243,0.145234,1.000000,1.000000,1.000000,1.000000,0.000000,1.000000,6.000000,6.000000,6.000000,0.000000,35.761012,1.199059,1.010695,0.550209,0.189151,0.580000,17.298041,28.572048,0.958015,17.745605,0.595006,13.240031,0.443935,67.619429,134.677000,147.064884,122.289115,24.775769,0.831532
2025_04_25_IC_small_1,1505,265,264,0,-1,0.507283,1020.472222,686.888889,1354.055556,667.166667,0.686371,130.074070,105.883096,154.265045,48.381949,0.635030,1.698899,1.319672,2.078125,0.758453,0.928684,0.742462,0.715009,0.769916,0.054907,1.000000,1.000000,1.000000,1.000000,0.000000,0.857143,6.500000,6.000000,7.000000,1.000000,31.079182,0.986546,1.646617,0.620288,0.161254,0.901622,28.403834,25.821224,0.819643,15.536025,0.493160,11.113063,0.352762,87.126144,125.817779,133.045978,118.589580,14.456398,0.891343
2025_04_25_IC_small_1,1506,297,289,0,-1,0.672587,792.666667,637.500000,947.833333,310.333333,0.822533,118.330278,106.808036,129.852521,23.044484,0.908747,1.446953,1.377778,1.516129,0.138351,0.994125,0.704309,0.702235,0.706384,0.004150,1.000000,1.000000,1.000000,1.000000,0.000000,0.800000,4.500000,4.000000,5.000000,1.000000,22.987388,0.820456,1.310078,0.747702,0.044190,1.310420,36.715120,18.858738,0.673098,10.877447,0.388233,3.788245,0.135208,32.194370,159.699093,160.322687,159.075498,1.247189,0.992221
2025_04_25_IC_small_1,1507,297,271,0,-1,0.850243,876.861111,805.888889,947.833333,141.944444,0.876305,121.821448,113.790375,129.852521,16.062146,0.749832,1.326486,1.136842,1.516129,0.379287,0.903165,0.744253,0.706384,0.782121,0.075737,1.000000,1.000000,1.000000,1.000000,0.000000,0.833333,5.500000,5.000000,6.000000,1.000000,46.420948,1.568936,2.166667,0.415717,0.298983,0.226444,6.699917,37.689101,1.273817,23.766568,0.803263,6.632290,0.224158,74.148702,131.801209,177.572266,86.030153,91.542113,0.484480
2025_04_25_IC_small_1,1508,289,271,0,-1,0.791052,721.694444,637.500000,805.888889,168.388889,0.938639,110.299206,106.808036,113.790375,6.982338,0.825127,1.257310,1.136842,1.377778,0.240936,0.897859,0.742178,0.702235,0.782121,0.079887,1.000000,1.000000,1.000000,1.000000,0.000000,0.666667,5.000000,4.000000,6.000000,2.000000,29.868195,1.113717,1.836364,0.578562,0.204496,0.811716,21.768989,25.249073,0.941481,14.728716,0.549200,0.262521,0.009789,69.438085,129.831178,146.015195,113.647160,32.368035,0.778324
2025_04_25_IC_small_1,1509,295,279,0,-1,0.259672,800.416667,330.000000,1270.833333,940.833333,0.587550,108.002922,79.943421,136.062423,56.119002,0.836623,1.213182,1.105263,1.321101,0.215838,0.752205,0.755748,0.648871,0.862625,0.213754,1.000000,1.000000,1.000000,1.000000,0.000000,0.500000,6.000000,4.000000,8.000000,4.000000,31.373852,1.165997,1.098765,0.597452,0.180531,0.604107,16.254914,27.440547,1.019817,14.812359,0.550495,12.422643,0.461683,51.019038,140.220633,157.924865,122.516401,35.408464,0.775789
2025_04_25_IC_small_1,1510,295,286,0,-1,0.573902,1000.083333,729.333333,1270.833333,541.500000,0.775904,120.816870,105.571317,136.062423,30.491106,0.943954,1.284080,1.247059,1.321101,0.074042,0.953283,0.842476,0.822326,0.862625,0.040299,1.000000,1.000000,1.000000,1.000000,0.000000,0.750000,7.000000,6.000000,8.000000,2.000000,38.702812,1.235428,2.008264,0.581102,0.109991,0.537203,16.829207,28.358165,0.905217,19.305833,0.616259,7.969816,0.254404,89.842929,123.067323,134.762260,111.372387,23.389872,0.826436
2025_04_25_IC_small_1,1511,295,300,0,-1,0.377311,875.166667,479.500000,1270.833333,791.333333,0.649645,112.227325,88.392227,136.062423,47.670196,0.888587,1.247507,1.173913,1.321101,0.147188,0.894022,0.816915,0.771206,0.862625,0.091419,1.000000,1.000000,1.000000,1.000000,0.000000,0.625000,6.500000,5.000000,8.000000,3.000000,38.113974,1.324638,2.064220,0.547392,0.177966,0.417056,12.000000,31.148695,1.082562,18.597684,0.646356,14.594194,0.507216,81.238459,110.429474,136.539838,84.319109,52.220729,0.617542
2025_04_25_IC_small_1,1512,279,286,0,-1,0.452468,529.666667,330.000000,729.333333,399.333333,0.757246,92.757369,79.943421,105.571317,25.627895,0.886296,1.176161,1.105263,1.247059,0.141796,0.789068,0.735599,0.648871,0.822326,0.173455,1.000000,1.000000,1.000000,1.000000,0.000000,0.666667,5.000000,4.000000,6.000000,2.000000,19.869357,0.879719,1.182540,0.594998,0.240875,0.795585,17.969109,19.493947,0.863097,9.846997,0.435977,6.306772,0.279233,32.259682,113.075284,126.111212,100.039357,26.071855,0.793263
2025_04_25_IC_small_1,1513,294,285,0,-1,0.848388,482.583333,443.000000,522.166667,79.166667,0.962739,85.709998,84.082842,87.337153,3.254310,0.799311,1.208912,1.074074,1.343750,0.269676,0.915330,0.823824,0.787406,0.860243,0.072836,1.000000,1.000000,1.000000,1.000000,0.000000,0.833333,5.500000,5.000000,6.000000,1.000000,27.642879,1.259399,1.617647,0.485721,0.267945,0.305246,6.699917,20.889547,0.951720,13.032355,0.593749,0.315535,0.014376,69.334771,96.814664,107.950771,85.678557,22.272213,0.793682
2025_04_25_IC_small_1,1514,294,264,0,-1,0.760191,604.527778,522.166667,686.888889,164.722222,0.824845,96.610124,87.337153,105.883096,18.545943,0.516848,1.576100,1.074074,2.078125,1.004051,0.894998,0.815079,0.769916,0.860243,0.090327,1.000000,1.000000,1.000000,1.000000,0.000000,0.857143,6.500000,6.000000,7.000000,1.000000,31.173953,1.270862,1.756757,0.557490,0.203143,0.573479,14.067299,24.083484,0.981807,15.147526,0.617516,4.766860,0.194330,70.095178,136.413257,153.705210,119.121305,34.583905,0.774998
2025_04_25_IC_small_1,1515,285,264,0,-1,0.644937,564.944444,443.000000,686.888889,243.888889,0.794110,94.982969,84.082842,105.883096,21.800253,0.646617,1.710938,1.343750,2.078125,0.734375,0.977787,0.778661,0.769916,0.787406,0.017491,1.000000,1.000000,1.000000,1.000000,0.000000,0.714286,6.000000,5.000000,7.000000,2.000000,25.944877,1.098053,1.330508,0.565043,0.237241,0.665450,15.723302,21.100668,0.893034,12.071443,0.510894,3.406325,0.144164,47.179076,110.991739,120.616233,101.367245,19.248988,0.840411
2025_04_25_IC_small_1,1516,312,293,0,-1,0.912205,578.388889,551.833333,604.944444,53.111111,0.933541,93.901327,90.673803,97.128850,6.455046,0.890722,1.273611,1.200000,1.347222,0.147222,0.955377,0.824621,0.805803,0.843440,0.037637,1.000000,1.000000,1.000000,1.000000,0.000000,0.833333,5.500000,5.000000,6.000000,1.000000,26.312059,1.094358,1.621359,0.564573,0.217318,0.568586,13.670731,20.916291,0.869940,13.134134,0.546268,2.136520,0.088861,85.367798,109.302719,126.583684,92.021755,34.561930,0.726964
2025_04_25_IC_small_1,1517,312,302,0,-1,0.714347,662.166667,551.833333,772.500000,220.666667,0.829696,99.979696,90.673803,109.285589,18.611786,0.849786,1.466294,1.347222,1.585366,0.238144,0.963670,0.828119,0.812798,0.843440,0.030642,1.000000,1.000000,1.000000,1.000000,0.000000,1.000000,6.000000,6.000000,6.000000,0.000000,30.432227,1.186788,1.756522,0.578329,0.170400,0.591287,15.162087,22.718625,0.885975,14.783920,0.576540,5.305770,0.206913,68.248392,121.772602,143.240357,100.304846,42.935511,0.700255
2025_04_25_IC_small_1,1518,293,302,0,-1,0.783100,688.722222,604.944444,772.500000,167.555556,0.888762,103.207219,97.128850,109.285589,12.156739,0.756923,1.392683,1.200000,1.585366,0.385366,0.991394,0.809300,0.805803,0.812798,0.006995,1.000000,1.000000,1.000000,1.000000,0.000000,0.833333,5.500000,5.000000,6.000000,1.000000,30.951681,1.181599,1.335821,0.527934,0.238243,0.483725,12.671052,24.516559,0.935934,14.547349,0.555354,1.189048,0.045393,64.166561,107.617822,124.737888,90.497756,34.240132,0.725503
2025_04_25_IC_small_1,1519,546,545,0,-1,0.702370,768.194444,633.888889,902.500000,268.611111,0.846825,109.082838,100.035558,118.130118,18.094560,0.943820,1.076043,1.044944,1.107143,0.062199,0.979441,0.804356,0.796002,0.812710,0.016708,1.000000,1.000000,1.000000,1.000000,0.000000,0.833333,5.500000,5.000000,6.000000,1.000000,26.732615,0.968243,1.483871,0.687939,0.122943,0.917085,25.320172,21.414263,0.775615,12.612062,0.456803,2.892609,0.104769,59.885022,119.612792,144.826878,94.398705,50.428173,0.651804
2025_04_25_IC_small_1,1520,546,533,0,-1,0.652373,802.777778,633.888889,971.666667,337.777778,0.779891,114.152122,100.035558,128.268685,28.233127,0.741345,1.227234,1.044944,1.409524,0.364580,0.932334,0.769071,0.742140,0.796002,0.053862,1.000000,1.000000,1.000000,1.000000,0.000000,0.714286,6.000000,5.000000,7.000000,2.000000,36.816910,1.306752,2.104762,0.482668,0.305294,0.423282,11.925696,28.186962,1.000447,17.200252,0.610493,5.494445,0.195016,53.596714,121.683846,132.987239,110.380453,22.606785,0.830008
2025_04_25_IC_small_1,1521,545,533,0,-1,0.928816,937.083333,902.500000,971.666667,69.166667,0.920958,123.199402,118.130118,128.268685,10.138567,0.785473,1.258333,1.107143,1.409524,0.302381,0.913167,0.777425,0.742140,0.812710,0.070570,1.000000,1.000000,1.000000,1.000000,0.000000,0.857143,6.500000,6.000000,7.000000,1.000000,46.218324,1.510077,1.347594,0.441936,0.225700,0.254017,7.774603,33.418024,1.091857,22.057127,0.720666,0.396883,0.012967,65.732184,114.347121,132.614056,96.080186,36.533870,0.724510
2025_04_25_IC_small_1,1522,545,555,0,-1,0.998892,902.000000,901.500000,902.500000,1.000000,0.989735,117.523839,116.917560,118.130118,1.212558,0.929032,1.067857,1.028571,1.107143,0.078571,0.980663,0.820723,0.812710,0.828736,0.016025,1.000000,1.000000,1.000000,1.000000,0.000000,0.833333,5.500000,5.000000,6.000000,1.000000,31.773615,1.057946,1.108434,0.638972,0.107754,0.777311,23.345235,25.909686,0.862698,15.875834,0.528607,1.390284,0.046291,89.566790,131.810981,134.449096,129.172865,5.276231,0.960757
2025_04_25_IC_small_1,1523,545,541,0,-1,0.484058,1383.472222,902.500000,1864.444444,961.944444,0.711662,142.061027,118.130118,165.991936,47.861818,0.733949,1.307809,1.107143,1.508475,0.401332,0.955764,0.831518,0.812710,0.850326,0.037615,1.000000,1.000000,1.000000,1.000000,0.000000,0.857143,6.500000,6.000000,7.000000,1.000000,37.022675,1.011260,1.029268,0.540393,0.239153,0.416044,15.231546,31.656466,0.864684,18.424838,0.503268,8.823285,0.241005,88.897554,91.198684,115.485199,66.912168,48.573031,0.579400
2025_04_25_IC_small_1,1524,548,539,0,-1,0.985142,764.555556,758.833333,770.277778,11.444444,0.965439,116.247623,114.203455,118.291791,4.088336,0.815519,1.828675,1.642857,2.014493,0.371636,0.946129,0.711442,0.691748,0.731135,0.039387,1.000000,1.000000,1.000000,1.000000,0.000000,0.857143,6.500000,6.000000,7.000000,1.000000,31.644718,1.144458,1.093023,0.434007,0.454222,0.399283,11.040330,28.213314,1.020358,16.413473,0.593607,2.829208,0.102321,84.319108,91.722984,111.425294,72.020674,39.404620,0.646358
2025_04_25_IC_small_1,1525,548,538,0,-1,0.677929,953.250000,770.277778,1136.222222,365.944444,0.853709,128.426980,118.291791,138.562169,20.270378,0.623798,1.635565,1.256637,2.014493,0.757856,0.930174,0.717712,0.691748,0.743676,0.051928,1.000000,1.000000,1.000000,1.000000,0.000000,0.833333,5.500000,5.000000,6.000000,1.000000,26.913804,0.875790,1.079755,0.755420,0.018883,1.281582,39.384148,20.045397,0.652288,12.285792,0.399786,5.002633,0.162788,36.830810,167.824597,169.467288,166.181906,3.285382,0.980613
2025_04_25_IC_small_1,1526,548,537,0,-1,0.482815,1182.833333,770.277778,1595.388889,825.111111,0.758024,137.172263,118.291791,156.052735,37.760944,0.699847,1.712164,1.409836,2.014493,0.604657,0.840261,0.757501,0.691748,0.823254,0.131505,0.989252,0.994626,0.989252,1.000000,0.010748,0.600000,8.000000,6.000000,10.000000,4.000000,50.212986,1.483480,1.382979,0.421247,0.399652,0.128401,4.346135,36.519618,1.078927,24.232701,0.715925,6.034867,0.178293,58.228373,104.742270,107.842255,101.642285,6.199970,0.942509
2025_04_25_IC_small_1,1527,548,554,0,-1,0.880989,822.305556,770.277778,874.333333,104.055556,0.981833,117.217278,116.142766,118.291791,2.149025,0.634577,1.646422,1.278351,2.014493,0.736142,0.849269,0.753135,0.691748,0.814522,0.122773,1.000000,1.000000,1.000000,1.000000,0.000000,1.000000,6.000000,6.000000,6.000000,0.000000,26.410325,0.921456,1.070968,0.720585,0.030706,1.135341,32.540573,21.014437,0.733194,12.318463,0.429791,2.113903,0.073754,53.010443,165.740698,166.918598,164.562798,2.355800,0.985887
2025_04_25_IC_small_1,1528,539,538,0,-1,0.667856,947.527778,758.833333,1136.222222,377.388889,0.824204,126.382812,114.203455,138.562169,24.358714,0.764910,1.449747,1.256637,1.642857,0.386220,0.983137,0.737406,0.731135,0.743676,0.012541,1.000000,1.000000,1.000000,1.000000,0.000000,0.714286,6.000000,5.000000,7.000000,2.000000,32.910263,1.074536,1.492958,0.506355,0.262496,0.586094,17.950549,26.499465,0.865220,15.595385,0.509197,8.030474,0.262199,49.719654,91.889130,121.797420,61.980841,59.816579,0.508885
2025_04_25_IC_small_1,1529,538,537,0,-1,0.712191,1365.805556,1136.222222,1595.388889,459.166667,0.887919,147.307452,138.562169,156.052735,17.490566,0.891336,1.333237,1.256637,1.409836,0.153199,0.903338,0.783465,0.743676,0.823254,0.079578,0.989252,0.994626,0.989252,1.000000,0.010748,0.500000,7.500000,5.000000,10.000000,5.000000,34.876309,0.947080,1.389535,0.634914,0.156542,0.843130,31.048349,24.620763,0.668586,17.070991,0.463569,2.840163,0.077126,57.621943,97.332482,111.974508,82.690457,29.284051,0.738476
2025_04_25_IC_small_1,1530,544,537,0,-1,0.732632,1382.111111,1168.833333,1595.388889,426.555556,0.877815,146.519076,136.985418,156.052735,19.067317,0.765596,1.244601,1.079365,1.409836,0.330471,0.950780,0.802993,0.782733,0.823254,0.040520,0.989252,0.994626,0.989252,1.000000,0.010748,0.500000,7.500000,5.000000,10.000000,5.000000,37.427396,1.009770,1.085308,0.584106,0.227370,0.663363,24.587711,29.717236,0.801754,18.004524,0.485752,0.837505,0.022595,71.458088,104.486556,115.665623,93.307489,22.358134,0.806700
2025_04_25_IC_small_1,1531,544,542,0,-1,0.950572,1199.222222,1168.833333,1229.611111,60.777778,0.935633,141.697411,136.985418,146.409405,9.423987,0.952206,1.053571,1.027778,1.079365,0.051587,0.920929,0.751787,0.720841,0.782733,0.061892,1.000000,1.000000,1.000000,1.000000,0.000000,0.714286,6.000000,5.000000,7.000000,2.000000,42.137611,1.216900,1.450000,0.526285,0.253567,0.636581,22.042887,28.859554,0.833441,17.497963,0.505327,0.604914,0.017469,43.920710,105.223514,108.434949,102.012079,6.422870,0.940768
2025_04_25_IC_small_1,1532,544,552,0,-1,0.700950,1418.166667,1168.833333,1667.500000,498.666667,0.872417,147.001820,136.985418,157.018223,20.032805,0.884299,1.149977,1.079365,1.220588,0.141223,0.920955,0.816324,0.782733,0.849915,0.067182,1.000000,1.000000,1.000000,1.000000,0.000000,0.714286,6.000000,5.000000,7.000000,2.000000,38.130652,1.016502,1.295082,0.708734,0.036608,0.929695,34.874378,29.827109,0.795143,19.008436,0.506735,6.392663,0.170418,88.226745,154.928436,171.505624,138.351248,33.154376,0.806686
2025_04_25_IC_small_1,1533,544,553,0,-1,0.463623,855.365648,541.897963,1168.833333,626.935370,0.728560,118.393744,99.802071,136.985418,37.183347,0.927059,1.040000,1.000636,1.079365,0.078730,0.873443,0.733203,0.683673,0.782733,0.099060,1.000000,1.000000,1.000000,1.000000,0.000000,1.000000,5.000000,5.000000,5.000000,0.000000,30.646929,1.066594,1.097153,0.513856,0.291958,0.561176,16.124515,25.570197,0.889910,13.761123,0.478923,9.421864,0.327906,69.524794,90.710666,100.464628,80.956703,19.507925,0.805823
2025_04_25_IC_small_1,1534,551,537,0,-1,0.432496,1142.694444,690.000000,1595.388889,905.388889,0.695034,132.257384,108.462034,156.052735,47.590701,0.973458,1.429056,1.409836,1.448276,0.038440,0.895303,0.780157,0.737061,0.823254,0.086193,0.989252,0.994626,0.989252,1.000000,0.010748,0.500000,7.500000,5.000000,10.000000,5.000000,46.307052,1.398790,1.943262,0.509954,0.152053,0.410857,13.601471,33.426025,1.009695,21.867861,0.660559,10.391843,0.313905,68.636859,110.108791,135.791796,84.425786,51.366011,0.621730
2025_04_25_IC_small_1,1535,551,552,0,-1,0.413793,1178.750000,690.000000,1667.500000,977.500000,0.690761,132.740128,108.462034,157.018223,48.556189,0.842787,1.334432,1.220588,1.448276,0.227688,0.867217,0.793488,0.737061,0.849915,0.112854,1.000000,1.000000,1.000000,1.000000,0.000000,0.714286,6.000000,5.000000,7.000000,2.000000,27.660075,0.824408,1.155172,0.732403,0.076918,0.959126,32.180049,23.476294,0.699710,13.773657,0.410524,9.948616,0.296518,70.275396,104.963059,111.353384,98.572735,12.780649,0.885224
2025_04_25_IC_small_1,1536,551,558,0,-1,0.970237,700.583333,690.000000,711.166667,21.166667,0.989300,107.881776,107.301518,108.462034,1.160516,0.775964,1.286043,1.123810,1.448276,0.324466,0.949585,0.756627,0.737061,0.776193,0.039132,1.000000,1.000000,1.000000,1.000000,0.000000,1.000000,5.000000,5.000000,5.000000,0.000000,31.542138,1.191718,1.154321,0.508777,0.233298,0.561667,14.866069,26.323492,0.994549,15.719273,0.593902,1.227780,0.046388,86.790207,119.301237,154.488462,84.114012,70.374450,0.544468
2025_04_25_IC_small_1,1537,551,562,0,-1,0.422809,1160.972222,690.000000,1631.944444,941.944444,0.694249,132.345685,108.462034,156.229337,47.767304,0.754921,1.270805,1.093333,1.448276,0.354943,0.877230,0.788638,0.737061,0.840214,0.103153,1.000000,1.000000,1.000000,1.000000,0.000000,0.625000,6.500000,5.000000,8.000000,3.000000,45.422062,1.362692,1.880000,0.503392,0.183539,0.359034,11.967549,35.036668,1.051123,21.446729,0.643416,11.286761,0.338610,58.853680,115.746280,145.379710,86.112851,59.266860,0.592331
2025_04_25_IC_small_1,1538,537,552,0,-1,0.956755,1631.444444,1595.388889,1667.500000,72.111111,0.993851,156.535479,156.052735,157.018223,0.965488,0.865766,1.315212,1.220588,1.409836,0.189248,0.968630,0.836584,0.823254,0.849915,0.026662,0.989252,0.994626,0.989252,1.000000,0.010748,0.700000,8.500000,7.000000,10.000000,3.000000,55.382167,1.371230,1.769231,0.476692,0.355820,0.244967,9.893881,38.763696,0.959766,26.677547,0.660520,0.967261,0.023949,67.435833,109.418974,112.854820,105.983129,6.871691,0.939110
2025_04_25_IC_small_1,1539,542,553,0,-1,0.440707,885.754537,541.897963,1229.611111,687.713148,0.681664,123.105738,99.802071,146.409405,46.607334,0.973591,1.014207,1.000636,1.027778,0.027142,0.948437,0.702257,0.683673,0.720841,0.037169,1.000000,1.000000,1.000000,1.000000,0.000000,0.714286,6.000000,5.000000,7.000000,2.000000,44.115290,1.512234,1.212435,0.436562,0.197774,0.349580,10.198039,33.674698,1.154340,21.593810,0.740217,13.389218,0.458971,63.168021,134.171930,170.608348,97.735512,72.872836,0.572865
2025_04_25_IC_small_1,1540,542,549,0,-1,0.506384,926.133423,622.655735,1229.611111,606.955376,0.722521,126.096657,105.783908,146.409405,40.625496,0.699226,1.248829,1.027778,1.469880,0.442102,0.970016,0.710035,0.699228,0.720841,0.021614,1.000000,1.000000,1.000000,1.000000,0.000000,0.714286,6.000000,5.000000,7.000000,2.000000,28.450148,0.948040,1.500000,0.647730,0.104351,1.043466,31.313824,23.304368,0.776568,12.637922,0.421132,5.409980,0.180276,40.411650,138.924617,156.345836,121.503399,34.842437,0.777145
2025_04_25_IC_small_1,1541,555,541,0,-1,0.483522,1382.972222,901.500000,1864.444444,962.944444,0.704357,141.454748,116.917560,165.991936,49.074376,0.681862,1.268523,1.028571,1.508475,0.479903,0.974610,0.839531,0.828736,0.850326,0.021590,1.000000,1.000000,1.000000,1.000000,0.000000,0.714286,6.000000,5.000000,7.000000,2.000000,43.563718,1.190197,1.766667,0.582461,0.183180,0.527653,19.313208,33.139071,0.905387,21.658451,0.591727,12.227010,0.334052,78.800889,116.181486,122.297268,110.065705,12.231563,0.899985
2025_04_25_IC_small_1,1542,555,563,0,-1,0.917298,942.138889,901.500000,982.777778,81.277778,0.952789,119.814184,116.917560,122.710808,5.793248,0.923971,1.070889,1.028571,1.113208,0.084636,0.989654,0.824449,0.820162,0.828736,0.008574,1.000000,1.000000,1.000000,1.000000,0.000000,0.833333,5.500000,5.000000,6.000000,1.000000,28.787197,0.938087,1.652542,0.755796,0.070142,1.020422,31.313824,22.107574,0.720418,14.149622,0.461093,0.396575,0.012923,78.631098,150.386621,153.401695,147.371546,6.030149,0.960690
2025_04_25_IC_small_1,1543,555,556,0,-1,0.817391,1002.200000,901.500000,1102.900000,201.400000,0.904558,123.085671,116.917560,129.253782,12.336222,0.660912,1.292431,1.028571,1.556291,0.527720,0.998980,0.829159,0.828736,0.829582,0.000846,1.000000,1.000000,1.000000,1.000000,0.000000,0.833333,5.500000,5.000000,6.000000,1.000000,28.905087,0.914213,1.248980,0.715527,0.131627,0.925898,29.274562,23.782808,0.752205,14.299650,0.452271,0.766705,0.024249,76.770184,130.374727,134.305540,126.443915,7.861625,0.941465
2025_04_25_IC_small_1,1544,541,556,0,-1,0.591544,1483.672222,1102.900000,1864.444444,761.544444,0.778675,147.622859,129.253782,165.991936,36.738154,0.969275,1.532383,1.508475,1.556291,0.047817,0.975605,0.839954,0.829582,0.850326,0.020743,1.000000,1.000000,1.000000,1.000000,0.000000,0.857143,6.500000,6.000000,7.000000,1.000000,52.718935,1.380273,2.005277,0.507439,0.214333,0.316355,12.083046,38.808774,1.016081,26.197786,0.685903,10.360860,0.271265,80.790205,113.302141,123.207090,103.397192,19.809898,0.839215
2025_04_25_IC_small_1,1545,541,530,0,-1,0.689428,1574.922222,1285.400000,1864.444444,579.044444,0.827288,151.657548,137.323161,165.991936,28.668775,0.797832,1.355992,1.203509,1.508475,0.304966,0.992715,0.853446,0.850326,0.856565,0.006240,1.000000,1.000000,1.000000,1.000000,0.000000,0.857143,6.500000,6.000000,7.000000,1.000000,41.873000,1.059651,1.439732,0.644560,0.175762,0.702323,27.752878,34.320779,0.868532,20.933857,0.529759,7.337517,0.185685,77.230950,120.432427,125.988304,114.876549,11.111755,0.911803
2025_04_25_IC_small_1,1546,552,566,0,-1,0.248476,1040.916667,414.333333,1667.500000,1253.166667,0.539875,120.894221,84.770219,157.018223,72.248003,0.908345,1.282169,1.220588,1.343750,0.123162,0.852506,0.787237,0.724558,0.849915,0.125357,1.000000,1.000000,1.000000,1.000000,0.000000,0.571429,5.500000,4.000000,7.000000,3.000000,35.138104,1.148488,1.661765,0.638831,0.150909,0.644280,19.711813,31.592081,1.032586,17.370679,0.567760,18.662294,0.609976,82.013594,136.444408,138.438786,134.450029,3.988757,0.971188
2025_04_25_IC_small_1,1547,552,562,0,-1,0.978677,1649.722222,1631.944444,1667.500000,35.555556,0.994976,156.623780,156.229337,157.018223,0.788885,0.895743,1.156961,1.093333,1.220588,0.127255,0.988586,0.845065,0.840214,0.849915,0.009701,1.000000,1.000000,1.000000,1.000000,0.000000,0.875000,7.500000,7.000000,8.000000,1.000000,50.891669,1.252990,1.037879,0.555765,0.212612,0.493780,20.055479,34.540808,0.850420,23.442053,0.577160,1.391957,0.034271,66.020514,117.014157,117.980759,116.047555,1.933204,0.983614
2025_04_25_IC_small_1,1548,552,559,0,-1,0.907111,1752.877193,1667.500000,1838.254385,170.754385,0.917167,164.108702,157.018223,171.199182,14.180960,0.996901,1.218697,1.216806,1.220588,0.003782,0.927335,0.819036,0.788156,0.849915,0.061759,1.000000,1.000000,1.000000,1.000000,0.000000,1.000000,7.000000,7.000000,7.000000,0.000000,39.774199,0.950287,1.120690,0.537694,0.167214,0.501480,20.989415,33.484132,0.800004,19.705464,0.470804,1.457612,0.034825,60.173164,72.466230,95.002135,49.930326,45.071809,0.525571
2025_04_25_IC_small_1,1549,552,553,0,-1,0.324976,1104.698982,541.897963,1667.500000,1125.602037,0.635608,128.410147,99.802071,157.018223,57.216152,0.819798,1.110612,1.000636,1.220588,0.219953,0.804401,0.766794,0.683673,0.849915,0.166242,1.000000,1.000000,1.000000,1.000000,0.000000,0.714286,6.000000,5.000000,7.000000,2.000000,35.708383,1.113907,1.271452,0.583175,0.227215,0.602467,19.313208,29.306060,0.914190,14.687568,0.458172,12.329145,0.384602,39.976347,114.764735,141.499723,88.029748,53.469975,0.622120
2025_04_25_IC_small_1,1550,558,554,0,-1,0.813382,792.750000,711.166667,874.333333,163.166667,0.923876,111.722142,107.301518,116.142766,8.841248,0.879109,1.201080,1.123810,1.278351,0.154541,0.952943,0.795357,0.776193,0.814522,0.038329,1.000000,1.000000,1.000000,1.000000,0.000000,0.833333,5.500000,5.000000,6.000000,1.000000,26.496741,0.942327,1.113924,0.629986,0.150005,0.810981,22.803509,20.573420,0.731671,13.226649,0.470391,1.507170,0.053601,71.252103,106.845034,108.434949,105.255119,3.179830,0.970675
2025_04_25_IC_small_1,1551,558,564,0,-1,0.672958,883.972222,711.166667,1056.777778,345.611111,0.784876,122.006459,107.301518,136.711401,29.409883,0.751548,1.309568,1.123810,1.495327,0.371518,0.915408,0.743363,0.710533,0.776193,0.065660,1.000000,1.000000,1.000000,1.000000,0.000000,0.833333,5.500000,5.000000,6.000000,1.000000,34.774978,1.175310,1.163043,0.569903,0.109355,0.786999,23.285666,27.141672,0.917323,16.022039,0.541506,5.123405,0.173159,56.811297,143.011562,152.953711,133.069413,19.884298,0.869998
2025_04_25_IC_small_1,1552,558,562,0,-1,0.435779,1171.555556,711.166667,1631.944444,920.777778,0.686821,131.765428,107.301518,156.229337,48.927819,0.972881,1.108571,1.093333,1.123810,0.030476,0.923803,0.808203,0.776193,0.840214,0.064022,1.000000,1.000000,1.000000,1.000000,0.000000,0.625000,6.500000,5.000000,8.000000,3.000000,29.084760,0.867360,1.314815,0.750743,0.098018,0.976509,32.744805,24.363823,0.726573,14.410650,0.429751,8.157394,0.243268,76.407451,125.601069,131.803451,119.398687,12.404764,0.905884
2025_04_25_IC_small_1,1553,554,564,0,-1,0.827358,965.555556,874.333333,1056.777778,182.444444,0.849547,126.427083,116.142766,136.711401,20.568635,0.854897,1.386839,1.278351,1.495327,0.216977,0.872331,0.762527,0.710533,0.814522,0.103989,1.000000,1.000000,1.000000,1.000000,0.000000,1.000000,6.000000,6.000000,6.000000,0.000000,42.844114,1.380348,1.924242,0.455704,0.352474,0.355859,11.045361,33.090231,1.066099,21.060453,0.678524,6.334909,0.204098,72.653639,118.387697,118.495639,118.279755,0.215884,0.998178
2025_04_25_IC_small_1,1554,554,560,0,-1,0.498038,1314.944444,874.333333,1755.555556,881.222222,0.655386,146.677788,116.142766,177.212810,61.070044,0.903450,1.346658,1.278351,1.414966,0.136615,0.862445,0.758501,0.702480,0.814522,0.112041,1.000000,1.000000,1.000000,1.000000,0.000000,0.750000,7.000000,6.000000,8.000000,2.000000,51.761231,1.448505,1.137339,0.502021,0.151950,0.514655,18.390819,40.446727,1.131876,25.453615,0.712303,17.026022,0.476462,81.268066,138.484675,163.585876,113.383475,50.202402,0.693113
2025_04_25_IC_small_1,1555,563,565,0,-1,0.758967,1138.833333,982.777778,1294.888889,312.111111,0.901224,129.435481,122.710808,136.160154,13.449346,0.926160,1.072108,1.031008,1.113208,0.082200,0.934453,0.848927,0.820162,0.877692,0.057530,1.000000,1.000000,1.000000,1.000000,0.000000,0.857143,6.500000,6.000000,7.000000,1.000000,32.608959,0.968575,1.551724,0.687372,0.116493,0.814045,27.406406,24.920936,0.740220,16.286764,0.483762,3.338500,0.099163,81.200203,109.082228,113.982248,104.182207,9.800042,0.914021
2025_04_25_IC_small_1,1556,563,569,0,-1,0.673651,1220.830556,982.777778,1458.883333,476.105556,0.835763,134.767858,122.710808,146.824908,24.114100,0.960495,1.091219,1.069231,1.113208,0.043977,0.964425,0.835288,0.820162,0.850415,0.030253,1.000000,1.000000,1.000000,1.000000,0.000000,1.000000,6.000000,6.000000,6.000000,0.000000,36.493906,1.049511,1.541096,0.659466,0.119409,0.774109,26.917570,28.156571,0.809741,17.308188,0.497758,5.415086,0.155730,59.477706,133.974466,139.553768,128.395165,11.158603,0.920041
2025_04_25_IC_small_1,1557,563,567,0,-1,0.889570,928.513889,874.250000,982.777778,108.527778,0.933174,118.610676,114.510544,122.710808,8.200264,0.940678,1.080189,1.047170,1.113208,0.066038,0.978915,0.828995,0.820162,0.837827,0.017666,1.000000,1.000000,1.000000,1.000000,0.000000,0.833333,5.500000,5.000000,6.000000,1.000000,36.707157,1.205153,1.373418,0.559450,0.188024,0.541472,16.492423,29.362929,0.964031,17.895391,0.587534,2.222559,0.072970,73.580858,122.366239,135.397669,109.334809,26.062860,0.807509
2025_04_25_IC_small_1,1558,563,556,0,-1,0.891085,1042.838889,982.777778,1102.900000,120.122222,0.949379,125.982295,122.710808,129.253782,6.542974,0.715295,1.334749,1.113208,1.556291,0.443084,0.988644,0.824872,0.820162,0.829582,0.009420,1.000000,1.000000,1.000000,1.000000,0.000000,1.000000,6.000000,6.000000,6.000000,0.000000,35.084851,1.086904,1.008466,0.525493,0.297905,0.443556,14.317821,29.874367,0.925487,17.256729,0.534601,1.313020,0.040676,73.225639,97.830557,109.476575,86.184539,23.292036,0.787242
2025_04_25_IC_small_1,1559,566,562,0,-1,0.253889,1023.138889,414.333333,1631.944444,1217.611111,0.542601,120.499778,84.770219,156.229337,71.459118,0.813643,1.218542,1.093333,1.343750,0.250417,0.862349,0.782386,0.724558,0.840214,0.115656,1.000000,1.000000,1.000000,1.000000,0.000000,0.500000,6.000000,4.000000,8.000000,4.000000,33.500474,1.102851,1.335366,0.565470,0.242554,0.456819,13.876439,29.159383,0.959940,15.392711,0.506735,11.516055,0.379114,49.557002,105.510669,107.569212,103.452127,4.117085,0.961726
2025_04_25_IC_small_1,1560,566,568,0,-1,0.615753,543.611111,414.333333,672.888889,258.555556,0.817829,94.211466,84.770219,103.652713,18.882494,0.972516,1.325284,1.306818,1.343750,0.036932,0.920622,0.755795,0.724558,0.787031,0.062473,1.000000,1.000000,1.000000,1.000000,0.000000,0.800000,4.500000,4.000000,5.000000,1.000000,20.418833,0.882113,1.130435,0.817922,0.008533,1.278307,29.589788,21.320740,0.921076,10.065203,0.434826,4.516109,0.195100,73.064849,154.065355,176.300776,131.829934,44.470842,0.747756
2025_04_25_IC_small_1,1561,566,559,0,-1,0.225395,1126.293859,414.333333,1838.254385,1423.921052,0.495156,127.984701,84.770219,171.199182,86.428963,0.905530,1.280278,1.216806,1.343750,0.126944,0.919308,0.756357,0.724558,0.788156,0.063598,1.000000,1.000000,1.000000,1.000000,0.000000,0.571429,5.500000,4.000000,7.000000,3.000000,34.437526,1.089277,1.235457,0.625186,0.111156,0.682972,21.592180,32.192051,1.018252,17.102753,0.540969,16.942192,0.535891,70.657130,146.464468,166.369858,126.559079,39.810778,0.760709
2025_04_25_IC_small_1,1562,565,560,0,-1,0.737595,1525.222222,1294.888889,1755.555556,460.666667,0.768343,156.686482,136.160154,177.212810,41.052655,0.728645,1.222987,1.031008,1.414966,0.383958,0.800372,0.790086,0.702480,0.877692,0.175212,1.000000,1.000000,1.000000,1.000000,0.000000,0.875000,7.500000,7.000000,8.000000,1.000000,38.875479,0.998293,1.187500,0.516929,0.285860,0.527172,20.529112,31.237980,0.802168,17.027916,0.437264,0.329828,0.008470,22.272678,88.660777,97.674241,79.647312,18.026929,0.815438
2025_04_25_IC_small_1,1563,565,572,0,-1,0.305003,844.916667,394.944444,1294.888889,899.944444,0.614702,109.929016,83.697879,136.160154,52.462275,0.937280,1.065504,1.031008,1.100000,0.068992,0.807188,0.793077,0.708463,0.877692,0.169230,1.000000,1.000000,1.000000,1.000000,0.000000,0.571429,5.500000,4.000000,7.000000,3.000000,27.753324,0.993714,1.421053,0.718084,0.096295,0.857417,23.946700,23.448838,0.839591,13.876518,0.496852,11.621205,0.416100,88.666859,137.761987,151.762554,123.761420,28.001135,0.815494
2025_04_25_IC_small_1,1564,565,573,0,-1,0.758967,1138.833333,982.777778,1294.888889,312.111111,0.920189,130.726616,125.293078,136.160154,10.867076,0.938679,1.064684,1.031008,1.098361,0.067353,0.896332,0.832198,0.786703,0.877692,0.090989,1.000000,1.000000,1.000000,1.000000,0.000000,0.714286,6.000000,5.000000,7.000000,2.000000,43.087887,1.279828,1.458824,0.446425,0.296429,0.122468,4.123106,34.168835,1.014908,22.084918,0.655983,4.768256,0.141630,86.690564,91.209706,123.981224,58.438188,65.543036,0.471347
2025_04_25_IC_small_1,1565,565,569,0,-1,0.887589,1376.886111,1294.888889,1458.883333,163.994444,0.927364,141.492531,136.160154,146.824908,10.664754,0.964252,1.050119,1.031008,1.069231,0.038223,0.968922,0.864054,0.850415,0.877692,0.027277,1.000000,1.000000,1.000000,1.000000,0.000000,0.857143,6.500000,6.000000,7.000000,1.000000,46.713610,1.259468,1.210526,0.557292,0.227526,0.455606,16.898389,32.925097,0.887709,22.729304,0.612816,3.674555,0.099071,75.692765,113.117637,116.264025,109.971249,6.292776,0.945875
2025_04_25_IC_small_1,1566,564,562,0,-1,0.647557,1344.361111,1056.777778,1631.944444,575.166667,0.875069,146.470369,136.711401,156.229337,19.517936,0.731167,1.294330,1.093333,1.495327,0.401994,0.845657,0.775373,0.710533,0.840214,0.129682,1.000000,1.000000,1.000000,1.000000,0.000000,0.750000,7.000000,6.000000,8.000000,2.000000,38.778928,1.063814,1.460606,0.472941,0.300391,0.351906,12.827921,34.049400,0.934070,17.832274,0.489189,7.476508,0.205101,37.352380,81.164956,87.087074,75.242838,11.844236,0.863995
2025_04_25_IC_small_1,1567,564,560,0,-1,0.601962,1406.166667,1056.777778,1755.555556,698.777778,0.771453,156.962105,136.711401,177.212810,40.501408,0.946259,1.455147,1.414966,1.495327,0.080361,0.988667,0.706507,0.702480,0.710533,0.008052,1.000000,1.000000,1.000000,1.000000,0.000000,0.750000,7.000000,6.000000,8.000000,2.000000,26.294654,0.706775,1.000000,0.759713,0.064379,1.320329,49.121165,22.479899,0.604238,12.591857,0.338457,5.154499,0.138548,17.209208,126.616932,128.336770,124.897093,3.439677,0.973198
2025_04_25_IC_small_1,1568,564,570,0,-1,0.943692,1088.305556,1056.777778,1119.833333,63.055556,0.994859,137.064662,136.711401,137.417923,0.706522,0.905119,1.424388,1.353448,1.495327,0.141879,0.953471,0.727869,0.710533,0.745206,0.034674,1.000000,1.000000,1.000000,1.000000,0.000000,0.833333,5.500000,5.000000,6.000000,1.000000,33.647780,1.020062,1.729730,0.575467,0.147451,0.850587,28.057481,26.093598,0.791050,14.221359,0.431133,1.160834,0.035192,34.984744,114.241460,116.581291,111.901629,4.679662,0.959859
2025_04_25_IC_small_1,1569,564,575,0,-1,0.928868,1097.241667,1056.777778,1137.705556,80.927778,0.985302,135.706699,134.701996,136.711401,2.009405,0.835053,1.643012,1.495327,1.790698,0.295371,0.901763,0.749235,0.710533,0.787937,0.077405,1.000000,1.000000,1.000000,1.000000,0.000000,1.000000,6.000000,6.000000,6.000000,0.000000,50.865052,1.535827,1.856250,0.453236,0.285362,0.373617,12.373807,40.046565,1.209172,25.414523,0.767370,0.999190,0.030170,85.019316,136.577393,137.118162,136.036624,1.081538,0.992112
2025_04_25_IC_small_1,1570,562,568,0,-1,0.412323,1152.416667,672.888889,1631.944444,959.055556,0.663465,129.941025,103.652713,156.229337,52.576624,0.836638,1.200076,1.093333,1.306818,0.213485,0.936703,0.813623,0.787031,0.840214,0.053183,1.000000,1.000000,1.000000,1.000000,0.000000,0.625000,6.500000,5.000000,8.000000,3.000000,31.024637,0.935358,1.203297,0.607047,0.185986,0.624858,20.725722,25.755034,0.776486,15.365059,0.463239,8.399071,0.253223,73.481852,93.118369,105.989640,80.247098,25.742542,0.757122
2025_04_25_IC_small_1,1571,562,570,0,-1,0.686196,1375.888889,1119.833333,1631.944444,512.111111,0.879591,146.823630,137.417923,156.229337,18.811414,0.807813,1.223391,1.093333,1.353448,0.260115,0.886924,0.792710,0.745206,0.840214,0.095008,1.000000,1.000000,1.000000,1.000000,0.000000,0.625000,6.500000,5.000000,8.000000,3.000000,44.847713,1.214377,1.248804,0.608049,0.085763,0.746974,27.586228,36.720137,0.994301,22.381411,0.606039,5.856972,0.158594,84.930404,155.941878,161.011297,150.872460,10.138837,0.937030
2025_04_25_IC_small_1,1572,562,576,0,-1,0.957059,1668.555556,1631.944444,1705.166667,73.222222,0.931251,161.996139,156.229337,167.762941,11.533603,0.935407,1.131082,1.093333,1.168831,0.075498,0.906139,0.800782,0.761350,0.840214,0.078864,1.000000,1.000000,1.000000,1.000000,0.000000,0.875000,7.500000,7.000000,8.000000,1.000000,53.414013,1.307709,1.788043,0.494869,0.223314,0.402620,16.445195,38.037562,0.931255,24.501464,0.599857,0.646698,0.015833,53.132103,105.902621,118.508474,93.296769,25.211705,0.787258
2025_04_25_IC_small_1,1573,560,572,0,-1,0.224968,1075.250000,394.944444,1755.555556,1360.611111,0.472302,130.455344,83.697879,177.212810,93.514931,0.777404,1.257483,1.100000,1.414966,0.314966,0.991556,0.705472,0.702480,0.708463,0.005982,1.000000,1.000000,1.000000,1.000000,0.000000,0.500000,6.000000,4.000000,8.000000,4.000000,40.962996,1.326252,1.101852,0.512765,0.235992,0.507352,15.670212,34.424287,1.114549,19.734069,0.638927,22.106507,0.715739,58.290144,122.864696,138.564339,107.165053,31.399286,0.773396
2025_04_25_IC_small_1,1574,560,575,0,-1,0.648060,1446.630556,1137.705556,1755.555556,617.850000,0.760114,155.957403,134.701996,177.212810,42.510813,0.790176,1.602832,1.414966,1.790698,0.375732,0.891544,0.745209,0.702480,0.787937,0.085457,1.000000,1.000000,1.000000,1.000000,0.000000,0.750000,7.000000,6.000000,8.000000,2.000000,46.975423,1.242256,2.272109,0.491595,0.205266,0.528382,19.980546,35.784592,0.946316,21.867627,0.578285,6.212964,0.164301,56.873909,103.410817,107.755351,99.066283,8.689068,0.919363
2025_04_25_IC_small_1,1575,560,577,0,-1,0.545506,1356.611111,957.666667,1755.555556,797.888889,0.714417,151.908288,126.603766,177.212810,50.609044,0.964651,1.389957,1.364948,1.414966,0.050018,0.935628,0.726646,0.702480,0.750812,0.048331,0.995898,0.997949,0.995898,1.000000,0.004102,0.750000,7.000000,6.000000,8.000000,2.000000,57.910382,1.589950,1.782888,0.422940,0.245485,0.273024,9.944289,40.418690,1.109709,28.790245,0.790446,12.479422,0.342627,82.500399,119.544217,125.425772,113.662662,11.763110,0.906215
2025_04_25_IC_small_1,1576,568,578,0,-1,0.752251,783.694444,672.888889,894.500000,221.611111,0.816112,115.330338,103.652713,127.007963,23.355250,0.867809,1.406350,1.306818,1.505882,0.199064,0.885394,0.741932,0.696832,0.787031,0.090199,1.000000,1.000000,1.000000,1.000000,0.000000,0.800000,4.500000,4.000000,5.000000,1.000000,36.524781,1.308000,1.533333,0.492082,0.339205,0.547808,15.297059,29.619473,1.060712,18.262059,0.653988,6.916610,0.247693,89.527010,134.574973,138.785409,130.364537,8.420873,0.939325
2025_04_25_IC_small_1,1577,568,571,0,-1,0.497535,1012.666667,672.888889,1352.444444,679.555556,0.650899,131.449084,103.652713,159.245454,55.592742,0.833538,1.437307,1.306818,1.567797,0.260978,0.851537,0.728608,0.670186,0.787031,0.116845,1.000000,1.000000,1.000000,1.000000,0.000000,1.000000,5.000000,5.000000,5.000000,0.000000,28.605439,0.912226,1.156425,0.599476,0.169821,0.906482,28.425341,28.307600,0.902728,14.095125,0.449493,6.945127,0.221480,45.693016,134.802487,166.369858,103.235116,63.134741,0.620516
2025_04_25_IC_small_1,1578,568,576,0,-1,0.394618,1189.027778,672.888889,1705.166667,1032.277778,0.617852,135.707827,103.652713,167.762941,64.110228,0.894410,1.237825,1.168831,1.306818,0.137987,0.967370,0.774191,0.761350,0.787031,0.025681,1.000000,1.000000,1.000000,1.000000,0.000000,0.714286,6.000000,5.000000,7.000000,2.000000,49.138965,1.461735,1.076596,0.469883,0.212966,0.286011,9.614803,38.906547,1.157351,24.404838,0.725970,18.235955,0.542464,79.761449,115.068675,135.501887,94.635463,40.866423,0.698407
2025_04_25_IC_small_1,1579,572,573,0,-1,0.401865,688.861111,394.944444,982.777778,587.833333,0.668017,104.495478,83.697879,125.293078,41.595199,0.998510,1.099180,1.098361,1.100000,0.001639,0.900546,0.747583,0.708463,0.786703,0.078241,1.000000,1.000000,1.000000,1.000000,0.000000,0.800000,4.500000,4.000000,5.000000,1.000000,22.766783,0.888937,1.122302,0.774344,0.018025,1.160902,29.732137,19.355868,0.755757,11.338077,0.442699,8.287202,0.323577,77.559290,164.221077,178.642896,149.799257,28.843639,0.838540
2025_04_25_IC_small_1,1580,572,577,0,-1,0.412403,676.305556,394.944444,957.666667,562.722222,0.661101,105.150822,83.697879,126.603766,42.905887,0.805891,1.232474,1.100000,1.364948,0.264948,0.943596,0.729637,0.708463,0.750812,0.042349,0.995898,0.997949,0.995898,1.000000,0.004102,0.666667,5.000000,4.000000,6.000000,2.000000,30.094725,1.184379,1.392063,0.515385,0.296874,0.564699,14.348829,24.453463,0.962367,13.108131,0.515871,5.252197,0.206700,41.314579,113.795136,127.409175,100.181098,27.228077,0.786294
2025_04_25_IC_small_1,1581,570,576,0,-1,0.656730,1412.500000,1119.833333,1705.166667,585.333333,0.819120,152.590432,137.417923,167.762941,30.345018,0.863595,1.261140,1.168831,1.353448,0.184617,0.978795,0.753278,0.745206,0.761350,0.016144,1.000000,1.000000,1.000000,1.000000,0.000000,0.714286,6.000000,5.000000,7.000000,2.000000,28.500780,0.762485,1.256983,0.757296,0.081180,1.186089,44.334586,22.928583,0.613412,14.249987,0.381232,4.487958,0.120067,12.691361,117.794636,119.758500,115.830771,3.927729,0.967203
2025_04_25_IC_small_1,1582,570,575,0,-1,0.984291,1128.769444,1119.833333,1137.705556,17.872222,0.980236,136.059960,134.701996,137.417923,2.715927,0.755822,1.572073,1.353448,1.790698,0.437249,0.945768,0.766572,0.745206,0.787937,0.042731,1.000000,1.000000,1.000000,1.000000,0.000000,0.833333,5.500000,5.000000,6.000000,1.000000,32.689815,0.973001,1.015152,0.611160,0.118977,0.843390,28.335294,24.340310,0.724481,14.820646,0.441131,0.508715,0.015142,36.259486,107.837053,109.373560,106.300546,3.073014,0.971904
2025_04_25_IC_small_1,1583,573,577,0,-1,0.974449,970.222222,957.666667,982.777778,25.111111,0.989647,125.948422,125.293078,126.603766,1.310688,0.804690,1.231655,1.098361,1.364948,0.266588,0.954377,0.768758,0.750812,0.786703,0.035892,0.995898,0.997949,0.995898,1.000000,0.004102,0.833333,5.500000,5.000000,6.000000,1.000000,30.700319,0.985636,1.224747,0.577589,0.175976,0.745286,23.213980,25.908691,0.831800,15.196883,0.487897,2.963865,0.095155,76.509184,115.254741,152.047682,78.461799,73.585884,0.516034
2025_04_25_IC_small_1,1584,573,569,0,-1,0.673651,1220.830556,982.777778,1458.883333,476.105556,0.853350,136.058993,125.293078,146.824908,21.531830,0.973479,1.083796,1.069231,1.098361,0.029130,0.925082,0.818559,0.786703,0.850415,0.063712,1.000000,1.000000,1.000000,1.000000,0.000000,0.833333,5.500000,5.000000,6.000000,1.000000,32.661679,0.939301,1.284024,0.727494,0.108794,0.959815,33.374974,26.290252,0.756069,16.226564,0.466652,3.652039,0.105027,83.296890,142.912369,159.777211,126.047527,33.729684,0.788896
2025_04_25_IC_small_1,1585,578,571,0,-1,0.661395,1123.472222,894.500000,1352.444444,457.944444,0.797561,143.126709,127.007963,159.245454,32.237492,0.960509,1.536839,1.505882,1.567797,0.061914,0.961760,0.683509,0.670186,0.696832,0.026647,1.000000,1.000000,1.000000,1.000000,0.000000,0.800000,4.500000,4.000000,5.000000,1.000000,29.713882,0.891188,1.075676,0.659759,0.085449,1.190366,39.689069,24.422122,0.732476,13.291397,0.398640,4.720819,0.141588,31.207248,147.293089,176.606704,117.979474,58.627230,0.668035
2025_04_25_IC_small_1,1586,578,576,0,-1,0.524582,1299.833333,894.500000,1705.166667,810.666667,0.757068,147.385452,127.007963,167.762941,40.754978,0.776177,1.337357,1.168831,1.505882,0.337051,0.915258,0.729091,0.696832,0.761350,0.064518,1.000000,1.000000,1.000000,1.000000,0.000000,0.571429,5.500000,4.000000,7.000000,3.000000,27.764853,0.779891,1.127778,0.759399,0.075651,1.226953,43.680659,23.898519,0.671289,13.522617,0.379839,6.918370,0.194331,47.051035,132.819663,135.000000,130.639325,4.360675,0.967699
2025_04_25_IC_small_1,1587,578,580,0,-1,0.391895,1588.500000,894.500000,2282.500000,1388.000000,0.677275,157.267873,127.007963,187.527784,60.519822,0.709598,1.287227,1.068571,1.505882,0.437311,0.854356,0.756228,0.696832,0.815623,0.118791,0.988666,0.994333,0.988666,1.000000,0.011334,0.400000,7.000000,4.000000,10.000000,6.000000,43.505095,1.120057,1.609626,0.600456,0.126010,0.729656,28.341175,35.340929,0.909867,21.579959,0.555585,12.554486,0.323221,76.001944,121.918979,153.958183,89.879775,64.078408,0.583793
2025_04_25_IC_small_1,1588,571,580,0,-1,0.592528,1817.472222,1352.444444,2282.500000,930.055556,0.849183,173.386619,159.245454,187.527784,28.282330,0.681575,1.318184,1.068571,1.567797,0.499225,0.821686,0.742904,0.670186,0.815623,0.145437,0.988666,0.994333,0.988666,1.000000,0.011334,0.500000,7.500000,5.000000,10.000000,5.000000,65.824075,1.557024,1.376923,0.424335,0.234636,0.220915,9.339284,46.119216,1.090919,31.697172,0.749775,2.779296,0.065742,59.013567,105.167397,123.607864,86.726929,36.880935,0.701630
2025_04_25_IC_small_1,1589,571,559,0,-1,0.735722,1595.349415,1352.444444,1838.254385,485.809941,0.930176,165.222318,159.245454,171.199182,11.953728,0.776125,1.392301,1.216806,1.567797,0.350991,0.850321,0.729171,0.670186,0.788156,0.117970,1.000000,1.000000,1.000000,1.000000,0.000000,0.714286,6.000000,5.000000,7.000000,2.000000,54.461773,1.367519,1.716604,0.503726,0.089914,0.606573,24.156895,42.117158,1.057550,27.185683,0.682625,4.767304,0.119706,85.097590,142.064105,152.298277,131.829934,20.468343,0.865604
2025_04_25_IC_small_1,1590,571,574,0,-1,0.689418,1657.082016,1352.444444,1961.719587,609.275143,0.882422,169.854790,159.245454,180.464125,21.218671,0.801927,1.412527,1.257258,1.567797,0.310538,0.885381,0.713566,0.670186,0.756946,0.086760,1.000000,1.000000,1.000000,1.000000,0.000000,0.833333,5.500000,5.000000,6.000000,1.000000,28.379709,0.700155,1.185929,0.826769,0.026201,1.421909,57.634866,20.491226,0.505539,14.099183,0.347841,4.719646,0.116438,9.266724,117.034488,119.549333,114.519643,5.029691,0.957928
2025_04_25_IC_small_1,1591,576,580,0,-1,0.747061,1993.833333,1705.166667,2282.500000,577.333333,0.894603,177.645363,167.762941,187.527784,19.764844,0.914222,1.118701,1.068571,1.168831,0.100260,0.933459,0.788487,0.761350,0.815623,0.054272,0.988666,0.994333,0.988666,1.000000,0.011334,0.700000,8.500000,7.000000,10.000000,3.000000,49.231323,1.105463,1.331967,0.464693,0.326632,0.302094,13.453624,40.556525,0.910675,23.292542,0.523021,4.615859,0.103647,52.567610,85.067879,94.733266,75.402491,19.330775,0.795945
2025_04_25_IC_small_1,1592,576,579,0,-1,0.643485,1401.208333,1097.250000,1705.166667,607.916667,0.794367,150.514173,133.265406,167.762941,34.497535,0.926053,1.125616,1.082400,1.168831,0.086431,0.980627,0.768871,0.761350,0.776391,0.015041,1.000000,1.000000,1.000000,1.000000,0.000000,0.571429,5.500000,4.000000,7.000000,3.000000,40.949843,1.100530,1.290973,0.647031,0.041886,0.910144,33.865748,35.481612,0.953571,20.474531,0.550254,8.662012,0.232792,86.359597,155.696153,162.115022,149.277283,12.837739,0.920811
2025_04_25_IC_small_1,1593,581,580,0,-1,0.610442,1837.916667,1393.333333,2282.500000,889.166667,0.808401,169.562694,151.597604,187.527784,35.930180,0.910009,1.121407,1.068571,1.174242,0.105671,0.934094,0.788746,0.761869,0.815623,0.053754,0.988666,0.994333,0.988666,1.000000,0.011334,0.400000,7.000000,4.000000,10.000000,6.000000,42.261519,0.993186,1.662857,0.624835,0.164226,0.789996,33.615473,31.411635,0.738204,19.139533,0.449797,5.088428,0.119583,61.287581,108.277264,122.057376,94.497152,27.560224,0.774203
2025_04_25_IC_small_1,1594,581,582,0,-1,0.569258,1093.250000,793.166667,1393.333333,600.166667,0.797693,136.262978,120.928353,151.597604,30.669252,0.953520,1.202862,1.174242,1.231481,0.057239,0.894618,0.721725,0.681582,0.761869,0.080287,1.000000,1.000000,1.000000,1.000000,0.000000,1.000000,4.000000,4.000000,4.000000,0.000000,28.492694,0.870131,1.101695,0.740123,0.000000,1.219257,39.924930,28.832550,0.880510,14.240815,0.434896,8.292797,0.253252,75.317264,177.581798,178.977672,176.185925,2.791747,0.984402
2025_04_25_IC_small_1,1595,581,574,0,-1,0.710261,1677.526460,1393.333333,1961.719587,568.386254,0.840043,166.030865,151.597604,180.464125,28.866521,0.933971,1.215750,1.174242,1.257258,0.083016,0.993539,0.759408,0.756946,0.761869,0.004923,1.000000,1.000000,1.000000,1.000000,0.000000,0.666667,5.000000,4.000000,6.000000,2.000000,46.266546,1.133724,1.644834,0.612284,0.040685,0.853397,34.826554,42.874790,1.050612,22.681990,0.555804,7.719323,0.189156,80.859495,148.965552,174.875281,123.055823,51.819458,0.703678
2025_04_25_IC_small_1,1596,580,582,0,-1,0.347499,1537.833333,793.166667,2282.500000,1489.333333,0.644856,154.228068,120.928353,187.527784,66.599432,0.867712,1.150026,1.068571,1.231481,0.162910,0.835658,0.748602,0.681582,0.815623,0.134041,0.988666,0.994333,0.988666,1.000000,0.011334,0.400000,7.000000,4.000000,10.000000,6.000000,42.887487,1.129529,1.112613,0.508628,0.270402,0.431870,16.397832,37.076795,0.976492,20.724241,0.545815,8.783808,0.231339,73.216090,92.266745,102.844716,81.688774,21.155942,0.794292
2025_04_25_IC_small_1,1597,580,574,0,-1,0.859461,2122.109793,1961.719587,2282.500000,320.780413,0.962333,183.995955,180.464125,187.527784,7.063659,0.849922,1.162915,1.068571,1.257258,0.188687,0.928059,0.786285,0.756946,0.815623,0.058677,0.988666,0.994333,0.988666,1.000000,0.011334,0.600000,8.000000,6.000000,10.000000,4.000000,68.613164,1.490508,1.010660,0.438855,0.431096,0.210491,9.689628,48.950381,1.063366,33.860133,0.735556,4.531803,0.098446,69.774936,118.379647,121.872493,114.886801,6.985692,0.942680
2025_04_25_IC_small_1,1598,580,584,0,-1,0.633837,1864.617034,1446.734068,2282.500000,835.765932,0.817026,170.371470,153.215156,187.527784,34.312629,0.879722,1.141620,1.068571,1.214669,0.146098,0.949523,0.795038,0.774453,0.815623,0.041170,0.988666,0.994333,0.988666,1.000000,0.011334,0.600000,8.000000,6.000000,10.000000,4.000000,54.451910,1.269106,1.306590,0.443183,0.444282,0.181368,7.781745,43.320607,1.009669,25.852269,0.602536,6.370152,0.148469,50.097707,95.806283,97.758037,93.854528,3.903509,0.960070
2025_04_25_IC_small_1,1599,580,583,0,-1,0.564532,1785.521667,1288.543333,2282.500000,993.956667,0.752152,164.288561,141.049339,187.527784,46.478446,0.929063,1.109366,1.068571,1.150160,0.081588,0.997878,0.814757,0.813892,0.815623,0.001731,0.988666,0.994333,0.988666,1.000000,0.011334,0.500000,7.500000,5.000000,10.000000,5.000000,46.282999,1.106299,1.232493,0.684891,0.045337,0.867741,36.302739,36.381541,0.869625,23.059852,0.551198,10.963290,0.262055,88.900013,153.340176,159.309843,147.370509,11.939333,0.925056
2025_04_25_IC_small_1,1600,580,579,0,-1,0.480723,1689.875000,1097.250000,2282.500000,1185.250000,0.710644,160.396595,133.265406,187.527784,54.262379,0.987224,1.075486,1.068571,1.082400,0.013829,0.951900,0.796007,0.776391,0.815623,0.039232,0.988666,0.994333,0.988666,1.000000,0.011334,0.400000,7.000000,4.000000,10.000000,6.000000,42.117926,1.041231,1.486082,0.603477,0.164337,0.686101,27.752878,34.824261,0.860918,20.580582,0.508789,10.024395,0.247821,67.185995,111.319947,119.488182,103.151712,16.336471,0.863280
2025_04_25_IC_small_1,1601,582,584,0,-1,0.548246,1119.950367,793.166667,1446.734068,653.567401,0.789271,137.071754,120.928353,153.215156,32.286803,0.986348,1.223075,1.214669,1.231481,0.016812,0.880082,0.728017,0.681582,0.774453,0.092871,1.000000,1.000000,1.000000,1.000000,0.000000,0.666667,5.000000,4.000000,6.000000,2.000000,26.865265,0.811650,1.048657,0.780720,0.025732,1.272928,42.133386,23.639147,0.714183,13.401827,0.404894,7.681902,0.232085,55.433719,163.372081,163.443406,163.300756,0.142651,0.999127
2025_04_25_IC_small_1,1602,0,1,0,-1,0.456533,1393.948951,873.833955,1914.063946,1040.229991,0.662957,143.178094,114.159226,172.196962,58.037735,0.980496,1.041546,1.031288,1.051803,0.020515,0.962717,0.826884,0.811176,0.842591,0.031414,1.000000,1.000000,1.000000,1.000000,0.000000,0.857143,6.500000,6.000000,7.000000,1.000000,35.681791,0.973440,1.377972,0.638710,0.143832,0.711405,26.076810,28.363228,0.773781,16.375314,0.446737,9.162226,0.249956,35.534552,107.316334,124.695154,89.937515,34.757639,0.721259
2025_04_25_IC_small_1,1603,9,17,0,-1,0.689317,883.852907,721.303181,1046.402634,325.099453,0.832649,118.228872,107.432648,129.025096,21.592448,0.997758,1.173857,1.172540,1.175175,0.002635,0.994248,0.787607,0.785335,0.789879,0.004543,1.000000,1.000000,1.000000,1.000000,0.000000,0.857143,6.500000,6.000000,7.000000,1.000000,42.626686,1.439963,1.390962,0.504795,0.189182,0.450692,13.341664,29.236117,0.987619,20.873399,0.705120,5.959222,0.201307,76.968646,140.368750,145.737500,135.000000,10.737500,0.926323
2025_04_25_IC_small_1,1604,44,54,0,-1,0.643136,1205.580125,943.746714,1467.413535,523.666821,0.782238,138.170385,121.288066,155.052704,33.764637,0.909784,1.284823,1.224129,1.345516,0.121386,0.951425,0.786595,0.767015,0.806175,0.039160,1.000000,1.000000,1.000000,1.000000,0.000000,1.000000,6.000000,6.000000,6.000000,0.000000,46.462880,1.346218,1.385101,0.491825,0.346425,0.407587,14.067299,31.915559,0.924723,21.557026,0.624594,11.636561,0.337158,62.551948,118.973759,132.754257,105.193260,27.560997,0.792391
2025_04_25_IC_small_1,1605,84,95,0,-1,0.286663,696.743389,310.463281,1083.023497,772.560216,0.572239,106.303790,77.381565,135.226015,57.844450,0.950222,1.266189,1.233871,1.298507,0.064636,0.875423,0.697905,0.651546,0.744264,0.092718,1.000000,1.000000,1.000000,1.000000,0.000000,0.571429,5.500000,4.000000,7.000000,3.000000,30.077608,1.190502,1.006061,0.536917,0.159816,0.633571,16.006943,26.625692,1.053872,15.028964,0.594861,12.477813,0.493884,76.327873,137.135495,175.478908,98.792082,76.686827,0.562986
2025_04_25_IC_small_1,1606,559,553,0,-1,0.294789,1190.076174,541.897963,1838.254385,1296.356422,0.582959,135.500627,99.802071,171.199182,71.397111,0.822346,1.108721,1.000636,1.216806,0.216170,0.867433,0.735914,0.683673,0.788156,0.104483,1.000000,1.000000,1.000000,1.000000,0.000000,0.714286,6.000000,5.000000,7.000000,2.000000,34.594790,1.045893,1.635762,0.723358,0.034668,1.022735,33.828776,29.271763,0.884964,15.529770,0.469507,14.189690,0.428992,55.015993,161.743348,168.569951,154.916744,13.653206,0.919006
2025_04_25_IC_small_1,1607,559,549,0,-1,0.338721,1230.455060,622.655735,1838.254385,1215.598651,0.617900,138.491545,105.783908,171.199182,65.415274,0.827827,1.343343,1.216806,1.469880,0.253074,0.887169,0.743692,0.699228,0.788156,0.088928,1.000000,1.000000,1.000000,1.000000,0.000000,0.714286,6.000000,5.000000,7.000000,2.000000,51.583309,1.521005,1.484375,0.466986,0.181654,0.289657,9.823405,43.736967,1.289645,25.504812,0.752044,21.868878,0.644834,76.536652,130.063487,171.501271,88.625702,82.875569,0.516764
2025_04_25_IC_small_1,1608,559,574,0,-1,0.937063,1899.986986,1838.254385,1961.719587,123.465202,0.948660,175.831654,171.199182,180.464125,9.264943,0.967825,1.237032,1.216806,1.257258,0.040452,0.960402,0.772551,0.756946,0.788156,0.031210,1.000000,1.000000,1.000000,1.000000,0.000000,0.857143,6.500000,6.000000,7.000000,1.000000,66.292204,1.521053,2.268329,0.405953,0.411486,0.099721,4.346135,49.256423,1.130173,32.171994,0.738176,1.298156,0.029786,46.258291,99.436237,110.720084,88.152390,22.567694,0.796173
2025_04_25_IC_small_1,1609,553,549,0,-1,0.870301,582.276849,541.897963,622.655735,80.757771,0.943452,102.792990,99.802071,105.783908,5.981838,0.680760,1.235258,1.000636,1.469880,0.469244,0.977754,0.691450,0.683673,0.699228,0.015555,1.000000,1.000000,1.000000,1.000000,0.000000,1.000000,5.000000,5.000000,5.000000,0.000000,25.148435,1.042816,1.179104,0.538109,0.214464,0.843325,20.337532,21.622295,0.896600,12.572117,0.521321,0.814330,0.033767,80.147030,128.609321,140.761089,116.457554,24.303535,0.827342
2025_04_25_IC_small_1,1610,584,583,0,-1,0.890657,1367.638701,1288.543333,1446.734068,158.190735,0.920597,147.132247,141.049339,153.215156,12.165817,0.946891,1.182414,1.150160,1.214669,0.064509,0.951543,0.794173,0.774453,0.813892,0.039439,1.000000,1.000000,1.000000,1.000000,0.000000,0.833333,5.500000,5.000000,6.000000,1.000000,36.945456,0.999441,1.460002,0.649718,0.085972,0.869126,32.128215,28.976482,0.783866,18.365497,0.496820,2.019423,0.054629,76.074327,116.365858,129.799596,102.932120,26.867476,0.793008
2025_04_25_IC_small_1,1611,575,577,0,-1,0.841753,1047.686111,957.666667,1137.705556,180.038889,0.939880,130.652881,126.603766,134.701996,8.098230,0.762244,1.577823,1.364948,1.790698,0.425749,0.952882,0.769374,0.750812,0.787937,0.037126,0.995898,0.997949,0.995898,1.000000,0.004102,1.000000,6.000000,6.000000,6.000000,0.000000,25.834794,0.798898,1.129870,0.821004,0.040259,1.271246,41.109610,20.705188,0.640273,12.588223,0.389270,1.585482,0.049028,38.000292,155.118880,171.655772,138.581987,33.073785,0.807325
2025_04_25_IC_small_1,1612,569,567,0,-1,0.599260,1166.566667,874.250000,1458.883333,584.633333,0.779912,130.667726,114.510544,146.824908,32.314364,0.979367,1.058200,1.047170,1.069231,0.022061,0.985198,0.844121,0.837827,0.850415,0.012588,1.000000,1.000000,1.000000,1.000000,0.000000,0.833333,5.500000,5.000000,6.000000,1.000000,32.379291,0.955662,1.213873,0.619207,0.201454,0.645434,21.868293,27.336960,0.806840,16.187055,0.477755,5.836546,0.172263,87.055407,104.075121,111.943075,96.207167,15.735908,0.859429
2025_04_25_IC_small_1,1613,567,556,0,-1,0.792683,988.575000,874.250000,1102.900000,228.650000,0.885936,121.882163,114.510544,129.253782,14.743238,0.672862,1.301731,1.047170,1.556291,0.509122,0.990159,0.833705,0.829582,0.837827,0.008245,1.000000,1.000000,1.000000,1.000000,0.000000,0.833333,5.500000,5.000000,6.000000,1.000000,37.570431,1.196936,2.059829,0.611476,0.159684,0.672055,21.095023,30.865226,0.983319,18.780118,0.598306,4.668209,0.148722,83.933714,146.105181,151.021745,141.188616,9.833129,0.934889
2025_04_25_IC_small_1,1614,522,523,0,-1,0.733241,1094.541667,926.083333,1263.000000,336.916667,0.847880,129.553958,118.888885,140.219032,21.330147,0.887310,1.378612,1.296296,1.460929,0.164632,0.980442,0.815285,0.807234,0.823337,0.016103,1.000000,1.000000,1.000000,1.000000,0.000000,1.000000,6.000000,6.000000,6.000000,0.000000,35.215698,1.067622,2.175926,0.640585,0.077483,0.786417,25.940102,25.594086,0.775927,16.843777,0.510647,4.025540,0.122041,60.957776,99.240425,109.895274,88.585577,21.309697,0.806091
2025_04_25_IC_small_1,1615,528,524,0,-1,0.840293,762.816667,696.616667,829.016667,132.400000,0.930878,112.108048,108.094780,116.121315,8.026535,0.863520,1.424911,1.320554,1.529268,0.208715,0.969717,0.760892,0.749194,0.772590,0.023396,1.000000,1.000000,1.000000,1.000000,0.000000,1.000000,5.000000,5.000000,5.000000,0.000000,21.268640,0.770796,1.200946,0.832350,0.030999,1.312815,36.224608,17.840880,0.646571,10.333084,0.374481,1.413408,0.051223,35.200196,163.743214,172.404450,155.081977,17.322473,0.899524
2025_04_25_IC_small_1,1616,317,300,0,-1,0.922470,499.650000,479.500000,519.800000,40.300000,0.978472,89.364624,88.392227,90.337022,1.944796,0.939130,1.211957,1.173913,1.250000,0.076087,0.963509,0.785810,0.771206,0.800414,0.029208,1.000000,1.000000,1.000000,1.000000,0.000000,1.000000,5.000000,5.000000,5.000000,0.000000,22.077585,0.987886,1.925926,0.692269,0.036375,0.985431,22.022716,19.331088,0.864991,11.026671,0.493401,1.555141,0.069587,73.383229,168.458253,176.356541,160.559965,15.796576,0.910428
2025_04_25_IC_small_1,1617,255,234,0,-1,0.959941,879.866667,861.883333,897.850000,35.966667,0.981669,114.573607,113.513780,115.633433,2.119654,0.863269,1.187113,1.100000,1.274227,0.174227,0.996126,0.842180,0.840545,0.843814,0.003269,1.000000,1.000000,1.000000,1.000000,0.000000,1.000000,6.000000,6.000000,6.000000,0.000000,29.763032,1.003440,1.487669,0.598713,0.185586,0.623082,18.481222,23.438087,0.790199,14.881085,0.501705,0.495834,0.016717,64.348023,108.949746,125.215716,92.683775,32.531941,0.740193
2025_04_25_IC_small_1,1618,234,211,0,-1,0.988146,856.775000,851.666667,861.883333,10.216667,0.988287,114.186461,113.513780,114.859142,1.345362,0.976724,1.113107,1.100000,1.126214,0.026214,0.965133,0.825892,0.811238,0.840545,0.029307,1.000000,1.000000,1.000000,1.000000,0.000000,0.833333,5.500000,5.000000,6.000000,1.000000,28.702212,0.980582,1.457859,0.767752,0.016438,1.040304,30.450324,23.443165,0.800912,14.028793,0.479279,0.213348,0.007289,67.193698,162.314583,172.200123,152.429042,19.771081,0.885185
2025_04_25_IC_small_1,1619,211,198,0,-1,0.848421,787.119444,722.572222,851.666667,129.094444,0.910487,109.718467,104.577791,114.859142,10.281351,0.818189,1.251342,1.126214,1.376471,0.250257,0.977094,0.820747,0.811238,0.830256,0.019018,1.000000,1.000000,1.000000,1.000000,0.000000,0.833333,5.500000,5.000000,6.000000,1.000000,28.341684,1.011047,1.031250,0.662593,0.114485,0.832042,23.323808,21.837167,0.779008,13.902954,0.495967,2.796794,0.099771,75.771412,131.269937,140.163756,122.376118,17.787638,0.873094
2025_04_25_IC_small_1,1620,165,145,0,-1,0.822437,981.200000,885.600000,1076.800000,191.200000,0.921592,118.666851,113.824817,123.508885,9.684068,0.706588,1.214653,1.005819,1.423488,0.417669,0.968334,0.873006,0.858961,0.887051,0.028090,1.000000,1.000000,1.000000,1.000000,0.000000,0.857143,6.500000,6.000000,7.000000,1.000000,37.264139,1.191049,1.876485,0.604958,0.184593,0.566274,17.716910,29.774687,0.951668,18.474176,0.590478,1.729970,0.055294,80.223837,129.512339,133.702938,125.321740,8.381198,0.937315
2025_04_25_IC_small_1,1621,112,100,0,-1,0.699449,711.307222,585.511111,837.103333,251.592222,0.847840,104.492626,95.888229,113.097023,17.208795,0.939781,1.032039,1.000000,1.064078,0.064078,0.973034,0.811318,0.800229,0.822407,0.022177,1.000000,1.000000,1.000000,1.000000,0.000000,0.714286,6.000000,5.000000,7.000000,2.000000,26.712420,1.005548,1.697080,0.665345,0.141489,0.848255,22.533925,21.231517,0.799228,13.282888,0.500014,4.356184,0.163982,88.531818,138.778411,157.893553,119.663269,38.230284,0.757873
