pairIndex,fileName,firstPolygonId,secondPolygonId,observed_division,estimated_division,classification,randomScore,threshold_op,threshold,division_timing
1,sample10_22h.json,0,1,1,1,TP,0.6369616873214543,>=,0.05,8
2,sample10_22h.json,0,2,0,0,TN,0.2697867137638703,>=,0.05,-1
3,sample10_22h.json,0,4,0,0,TN,0.04097352393619469,>=,0.05,-1
4,sample10_22h.json,0,55,0,0,TN,0.016527635528529094,>=,0.05,-1
5,sample10_22h.json,1,4,0,0,TN,0.8132702392002724,>=,0.05,-1
6,sample10_22h.json,1,5,0,0,TN,0.9127555772777217,>=,0.05,-1
7,sample10_22h.json,2,4,0,0,TN,0.6066357757671799,>=,0.05,-1
8,sample10_22h.json,2,7,1,1,TP,0.7294965609839984,>=,0.05,8
9,sample10_22h.json,3,6,1,1,TP,0.5436249914654229,>=,0.05,7
10,sample10_22h.json,4,5,0,1,FP,0.9350724237877682,>=,0.05,-1
11,sample10_22h.json,4,7,0,0,TN,0.8158535541215322,>=,0.05,-1
12,sample10_22h.json,4,10,0,0,TN,0.002738500170148095,>=,0.05,-1
13,sample10_22h.json,4,12,0,0,TN,0.8574042765875693,>=,0.05,-1
14,sample10_22h.json,5,9,0,0,TN,0.033585575305464355,>=,0.05,-1
15,sample10_22h.json,5,10,0,0,TN,0.7296554464299441,>=,0.05,-1
16,sample10_22h.json,6,8,0,0,TN,0.17565562060255901,>=,0.05,-1
17,sample10_22h.json,6,11,0,0,TN,0.8631789223498866,>=,0.05,-1
18,sample10_22h.json,7,12,0,0,TN,0.5414612202490917,>=,0.05,-1
19,sample10_22h.json,7,13,0,0,TN,0.2997118905373848,>=,0.05,-1
20,sample10_22h.json,8,11,0,0,TN,0.42268722119765845,>=,0.05,-1
21,sample10_22h.json,8,15,1,0,FN,0.028319671145462966,>=,0.05,7
22,sample10_22h.json,8,19,0,0,TN,0.12428327649956394,>=,0.05,-1
23,sample10_22h.json,9,10,0,0,TN,0.6706244146936303,>=,0.05,-1
24,sample10_22h.json,9,11,0,1,FP,0.6471895115742501,>=,0.05,-1
25,sample10_22h.json,9,14,0,0,TN,0.6153851114812539,>=,0.05,-1
26,sample10_22h.json,9,17,0,0,TN,0.38367755426188344,>=,0.05,-1
27,sample10_22h.json,9,18,0,0,TN,0.997209935789211,>=,0.05,-1
28,sample10_22h.json,10,12,0,0,TN,0.9808353387762301,>=,0.05,-1
29,sample10_22h.json,10,14,0,0,TN,0.6855419844806947,>=,0.05,-1
30,sample10_22h.json,10,16,0,1,FP,0.6504592762678163,>=,0.05,-1
31,sample10_22h.json,11,18,0,0,TN,0.6884467305709401,>=,0.05,-1
32,sample10_22h.json,11,19,1,0,FN,0.3889214239791038,>=,0.05,22
33,sample10_22h.json,11,22,0,0,TN,0.13509650502241122,>=,0.05,-1
34,sample10_22h.json,12,13,1,1,TP,0.7214883401940817,>=,0.05,8
35,sample10_22h.json,12,16,0,0,TN,0.5253543224757259,>=,0.05,-1
36,sample10_22h.json,13,16,0,0,TN,0.31024187555895566,>=,0.05,-1
37,sample10_22h.json,14,16,1,0,FN,0.4858353588317891,>=,0.05,12
38,sample10_22h.json,14,17,0,1,FP,0.8894878343490003,>=,0.05,-1
39,sample10_22h.json,14,20,0,0,TN,0.9340435159562497,>=,0.05,-1
40,sample10_22h.json,14,21,0,0,TN,0.35779519670907023,>=,0.05,-1
41,sample10_22h.json,15,19,0,1,FP,0.5715298307297609,>=,0.05,-1
42,sample10_22h.json,16,21,0,0,TN,0.32186939107594215,>=,0.05,-1
43,sample10_22h.json,17,18,1,0,FN,0.5943000301996968,>=,0.05,8
44,sample10_22h.json,17,20,0,0,TN,0.33791122550713326,>=,0.05,-1
45,sample10_22h.json,17,23,0,0,TN,0.39161900052816123,>=,0.05,-1
46,sample10_22h.json,18,22,0,1,FP,0.8902743520047923,>=,0.05,-1
47,sample10_22h.json,18,23,0,0,TN,0.22715759353337972,>=,0.05,-1
48,sample10_22h.json,18,27,0,0,TN,0.6231871446860424,>=,0.05,-1
49,sample10_22h.json,19,22,0,0,TN,0.08401534358238483,>=,0.05,-1
50,sample10_22h.json,19,24,0,0,TN,0.8326441476533978,>=,0.05,-1
51,sample10_22h.json,19,29,0,0,TN,0.7870983074886834,>=,0.05,-1
52,sample10_22h.json,19,31,0,0,TN,0.23936944299295215,>=,0.05,-1
53,sample10_22h.json,20,21,0,1,FP,0.8764842308107038,>=,0.05,-1
54,sample10_22h.json,20,23,1,0,FN,0.05856803480519435,>=,0.05,4
55,sample10_22h.json,20,26,0,0,TN,0.3361170605456604,>=,0.05,-1
56,sample10_22h.json,20,32,0,0,TN,0.15027946689483906,>=,0.05,-1
57,sample10_22h.json,21,25,0,0,TN,0.450339366649287,>=,0.05,-1
58,sample10_22h.json,21,26,0,0,TN,0.7963242702872942,>=,0.05,-1
59,sample10_22h.json,22,27,0,0,TN,0.23064220899374743,>=,0.05,-1
60,sample10_22h.json,22,29,1,0,FN,0.05202130106440961,>=,0.05,22
61,sample10_22h.json,22,33,0,0,TN,0.4045518398215282,>=,0.05,-1
62,sample10_22h.json,22,37,0,0,TN,0.19851304450925533,>=,0.05,-1
63,sample10_22h.json,23,27,0,0,TN,0.0907530456191219,>=,0.05,-1
64,sample10_22h.json,23,32,0,1,FP,0.5803323859868507,>=,0.05,-1
65,sample10_22h.json,24,30,1,0,FN,0.2986961328189226,>=,0.05,2
66,sample10_22h.json,24,31,0,1,FP,0.6719948779563594,>=,0.05,-1
67,sample10_22h.json,24,36,0,0,TN,0.1995154439682133,>=,0.05,-1
68,sample10_22h.json,25,26,0,1,FP,0.9421131105064978,>=,0.05,-1
69,sample10_22h.json,25,28,1,0,FN,0.36511016824482856,>=,0.05,8
70,sample10_22h.json,26,32,0,0,TN,0.10549527957022953,>=,0.05,-1
71,sample10_22h.json,26,35,0,0,TN,0.6291081515397092,>=,0.05,-1
72,sample10_22h.json,27,32,0,0,TN,0.9271545530678674,>=,0.05,-1
73,sample10_22h.json,27,33,1,0,FN,0.440377154715784,>=,0.05,8
74,sample10_22h.json,27,38,0,1,FP,0.9545904936907372,>=,0.05,-1
75,sample10_22h.json,29,31,0,0,TN,0.499895813687647,>=,0.05,-1
76,sample10_22h.json,29,37,0,0,TN,0.42522862484907553,>=,0.05,-1
77,sample10_22h.json,29,41,0,0,TN,0.6202134520153778,>=,0.05,-1
78,sample10_22h.json,29,43,0,1,FP,0.9950965052353241,>=,0.05,-1
79,sample10_22h.json,30,34,0,1,FP,0.9489436749377653,>=,0.05,-1
80,sample10_22h.json,30,36,0,0,TN,0.4600451393090961,>=,0.05,-1
81,sample10_22h.json,31,36,1,0,FN,0.7577288453082914,>=,0.05,12
82,sample10_22h.json,31,41,0,0,TN,0.49742269548761897,>=,0.05,-1
83,sample10_22h.json,32,35,1,0,FN,0.5293121601967704,>=,0.05,4
84,sample10_22h.json,32,38,0,0,TN,0.7857857007138075,>=,0.05,-1
85,sample10_22h.json,32,40,0,0,TN,0.4146558493556708,>=,0.05,-1
86,sample10_22h.json,33,37,0,1,FP,0.7344835717887294,>=,0.05,-1
87,sample10_22h.json,33,38,0,0,TN,0.7111428779897498,>=,0.05,-1
88,sample10_22h.json,33,42,0,0,TN,0.9320596866133782,>=,0.05,-1
89,sample10_22h.json,34,36,0,0,TN,0.1149326332809052,>=,0.05,-1
90,sample10_22h.json,34,39,0,0,TN,0.7290151170763094,>=,0.05,-1
91,sample10_22h.json,34,45,0,0,TN,0.9274239286245599,>=,0.05,-1
92,sample10_22h.json,34,47,0,0,TN,0.9679261899246464,>=,0.05,-1
93,sample10_22h.json,35,40,0,0,TN,0.014706304965369288,>=,0.05,-1
94,sample10_22h.json,35,44,0,1,FP,0.8636400902455758,>=,0.05,-1
95,sample10_22h.json,36,41,0,1,FP,0.9811950400663443,>=,0.05,-1
96,sample10_22h.json,36,45,0,0,TN,0.9572101796109636,>=,0.05,-1
97,sample10_22h.json,36,46,0,0,TN,0.1487640122324979,>=,0.05,-1
98,sample10_22h.json,37,42,0,0,TN,0.972628813822955,>=,0.05,-1
99,sample10_22h.json,37,43,1,0,FN,0.8899355557205206,>=,0.05,7
100,sample10_22h.json,38,40,1,0,FN,0.8223738275430704,>=,0.05,2
101,sample10_22h.json,38,42,0,0,TN,0.4799879238078322,>=,0.05,-1
102,sample10_22h.json,39,47,0,0,TN,0.23237291963930384,>=,0.05,-1
103,sample10_22h.json,39,49,1,1,TP,0.8018805787183079,>=,0.05,14
104,sample10_22h.json,40,42,0,1,FP,0.9235301597834695,>=,0.05,-1
105,sample10_22h.json,40,44,0,0,TN,0.2661302722922926,>=,0.05,-1
106,sample10_22h.json,40,48,0,0,TN,0.5389344076221869,>=,0.05,-1
107,sample10_22h.json,40,50,0,0,TN,0.4427528289745315,>=,0.05,-1
108,sample10_22h.json,41,43,0,0,TN,0.931017315981155,>=,0.05,-1
109,sample10_22h.json,41,46,1,0,FN,0.040510711188434634,>=,0.05,10
110,sample10_22h.json,42,43,0,0,TN,0.7320061956565608,>=,0.05,-1
111,sample10_22h.json,42,48,1,0,FN,0.6143732469489966,>=,0.05,8
112,sample10_22h.json,43,48,0,0,TN,0.028365365113521057,>=,0.05,-1
113,sample10_22h.json,44,50,0,0,TN,0.7192197728267403,>=,0.05,-1
114,sample10_22h.json,45,46,0,0,TN,0.015991729523571974,>=,0.05,-1
115,sample10_22h.json,45,47,1,1,TP,0.7579510023564281,>=,0.05,12
116,sample10_22h.json,45,51,0,0,TN,0.512758723262078,>=,0.05,-1
117,sample10_22h.json,45,53,0,0,TN,0.9291042207970062,>=,0.05,-1
118,sample10_22h.json,46,51,0,1,FP,0.06608249672407474,>=,0.05,-1
119,sample10_22h.json,47,49,0,0,TN,0.8413172796123832,>=,0.05,-1
120,sample10_22h.json,47,53,0,0,TN,0.0666900087671014,>=,0.05,-1
121,sample10_22h.json,47,54,0,0,TN,0.34430997880412517,>=,0.05,-1
122,sample10_22h.json,48,50,0,0,TN,0.4302987319478333,>=,0.05,-1
123,sample10_22h.json,48,52,0,1,FP,0.9660620807840702,>=,0.05,-1
124,sample10_22h.json,49,54,0,0,TN,0.562231842228457,>=,0.05,-1
125,sample10_22h.json,50,52,1,0,FN,0.25886459317093224,>=,0.05,8
126,sample10_22h.json,51,53,1,0,FN,0.24167571409434496,>=,0.05,7
127,sample10_22h.json,53,54,0,1,FP,0.8881183206591798,>=,0.05,-1
128,sample10_22h.json,55,56,1,1,TP,0.22586942841732438,>=,0.05,7
1,sample10_44h.json,0,1,1,0,FN,0.1245547058352835,>=,0.05,2
2,sample10_44h.json,0,7,0,0,TN,0.2883307570075776,>=,0.05,-1
3,sample10_44h.json,1,3,0,0,TN,0.5861230648127328,>=,0.05,-1
4,sample10_44h.json,1,6,0,0,TN,0.5540905021732678,>=,0.05,-1
5,sample10_44h.json,1,7,0,1,FP,0.8097107759127777,>=,0.05,-1
6,sample10_44h.json,2,3,1,0,FN,0.5604759520061858,>=,0.05,12
7,sample10_44h.json,2,4,0,0,TN,0.2884212144312105,>=,0.05,-1
8,sample10_44h.json,2,9,0,0,TN,0.4128963426808927,>=,0.05,-1
9,sample10_44h.json,2,11,0,0,TN,0.8181209709709104,>=,0.05,-1
10,sample10_44h.json,2,13,0,0,TN,0.6265064624197535,>=,0.05,-1
11,sample10_44h.json,2,14,0,1,FP,0.9590776426974422,>=,0.05,-1
12,sample10_44h.json,3,6,0,0,TN,0.3694044110916809,>=,0.05,-1
13,sample10_44h.json,3,8,0,0,TN,0.5526115105212872,>=,0.05,-1
14,sample10_44h.json,3,9,0,1,FP,0.5939242016131683,>=,0.05,-1
15,sample10_44h.json,4,5,1,1,TP,0.84829120827506,>=,0.05,10
16,sample10_44h.json,4,14,0,0,TN,0.14547353818653175,>=,0.05,-1
17,sample10_44h.json,5,10,0,0,TN,0.40651033674812664,>=,0.05,-1
18,sample10_44h.json,5,14,0,0,TN,0.909958961662297,>=,0.05,-1
19,sample10_44h.json,5,17,0,0,TN,0.043066888568204176,>=,0.05,-1
20,sample10_44h.json,5,19,0,0,TN,0.8227062801815019,>=,0.05,-1
21,sample10_44h.json,6,7,1,0,FN,0.41538403737122465,>=,0.05,2
22,sample10_44h.json,6,8,0,1,FP,0.8298039852781027,>=,0.05,-1
23,sample10_44h.json,6,20,0,0,TN,0.009954560807291957,>=,0.05,-1
24,sample10_44h.json,6,21,0,0,TN,0.36504615775827065,>=,0.05,-1
25,sample10_44h.json,7,18,0,0,TN,0.07863003716563988,>=,0.05,-1
26,sample10_44h.json,7,21,0,0,TN,0.6526145763366384,>=,0.05,-1
27,sample10_44h.json,8,9,1,0,FN,0.2738490985995572,>=,0.05,2
28,sample10_44h.json,8,16,0,0,TN,0.7026520706597863,>=,0.05,-1
29,sample10_44h.json,8,20,0,0,TN,0.9438014269420908,>=,0.05,-1
30,sample10_44h.json,9,11,0,0,TN,0.12681710226124776,>=,0.05,-1
31,sample10_44h.json,9,16,0,0,TN,0.8647782954007741,>=,0.05,-1
32,sample10_44h.json,10,12,1,0,FN,0.059464151600338466,>=,0.05,22
33,sample10_44h.json,10,17,0,0,TN,0.38077050831088943,>=,0.05,-1
34,sample10_44h.json,10,23,0,0,TN,0.42977406117857664,>=,0.05,-1
35,sample10_44h.json,11,13,1,1,TP,0.48884954683346427,>=,0.05,2
36,sample10_44h.json,11,16,0,0,TN,0.9764623219360445,>=,0.05,-1
37,sample10_44h.json,11,27,0,0,TN,0.7756911881018284,>=,0.05,-1
38,sample10_44h.json,11,30,0,0,TN,0.308857362719261,>=,0.05,-1
39,sample10_44h.json,12,15,0,0,TN,0.26983678550080015,>=,0.05,-1
40,sample10_44h.json,12,23,0,1,FP,0.8631202041893178,>=,0.05,-1
41,sample10_44h.json,12,24,0,0,TN,0.8813071727376899,>=,0.05,-1
42,sample10_44h.json,13,14,0,0,TN,0.5107065055436453,>=,0.05,-1
43,sample10_44h.json,13,27,0,0,TN,0.34429573096232524,>=,0.05,-1
44,sample10_44h.json,14,19,0,0,TN,0.9949173481609178,>=,0.05,-1
45,sample10_44h.json,14,25,0,0,TN,0.3159435453677002,>=,0.05,-1
46,sample10_44h.json,14,27,0,0,TN,0.18271237892656245,>=,0.05,-1
47,sample10_44h.json,15,22,1,1,TP,0.8800981213040697,>=,0.05,8
48,sample10_44h.json,15,24,0,0,TN,0.812335398111254,>=,0.05,-1
49,sample10_44h.json,16,20,0,0,TN,0.6678894055713512,>=,0.05,-1
50,sample10_44h.json,16,29,0,1,FP,0.9584136317779519,>=,0.05,-1
51,sample10_44h.json,16,30,0,0,TN,0.9257145772144187,>=,0.05,-1
52,sample10_44h.json,17,19,1,1,TP,0.7482485033017541,>=,0.05,10
53,sample10_44h.json,17,23,0,0,TN,0.8607014095476777,>=,0.05,-1
54,sample10_44h.json,17,31,0,0,TN,0.24714674032210748,>=,0.05,-1
55,sample10_44h.json,18,21,0,0,TN,0.1412465569010316,>=,0.05,-1
56,sample10_44h.json,18,26,0,0,TN,0.670061849314936,>=,0.05,-1
57,sample10_44h.json,18,28,0,1,FP,0.7146185366547527,>=,0.05,-1
58,sample10_44h.json,19,25,0,0,TN,0.16705292878227218,>=,0.05,-1
59,sample10_44h.json,19,31,0,0,TN,0.395557273104876,>=,0.05,-1
60,sample10_44h.json,20,21,1,1,TP,0.9102557662160548,>=,0.05,2
61,sample10_44h.json,20,29,0,0,TN,0.561400767550223,>=,0.05,-1
62,sample10_44h.json,21,26,0,0,TN,0.5783359149262727,>=,0.05,-1
63,sample10_44h.json,21,29,0,0,TN,0.19412977289079358,>=,0.05,-1
64,sample10_44h.json,22,24,0,0,TN,0.5260222486178752,>=,0.05,-1
65,sample10_44h.json,22,32,0,0,TN,0.5234347273949199,>=,0.05,-1
66,sample10_44h.json,22,33,0,0,TN,0.08893564024627199,>=,0.05,-1
67,sample10_44h.json,23,24,0,0,TN,0.9819426931267062,>=,0.05,-1
68,sample10_44h.json,23,31,0,0,TN,0.5713956004557744,>=,0.05,-1
69,sample10_44h.json,23,34,1,0,FN,0.006408882664310167,>=,0.05,10
70,sample10_44h.json,23,38,0,0,TN,0.7726492012253886,>=,0.05,-1
71,sample10_44h.json,24,32,1,0,FN,0.9782657138401457,>=,0.05,22
72,sample10_44h.json,24,34,0,1,FP,0.5898700283209505,>=,0.05,-1
73,sample10_44h.json,25,27,0,0,TN,0.319681636282665,>=,0.05,-1
74,sample10_44h.json,25,31,1,0,FN,0.1875077157277849,>=,0.05,6
75,sample10_44h.json,25,39,0,1,FP,0.6725266339168693,>=,0.05,-1
76,sample10_44h.json,25,43,0,0,TN,0.19510739845680503,>=,0.05,-1
77,sample10_44h.json,26,28,1,0,FN,0.5776878925178592,>=,0.05,4
78,sample10_44h.json,26,29,0,0,TN,0.6022391763796258,>=,0.05,-1
79,sample10_44h.json,26,37,0,1,FP,0.962423093124381,>=,0.05,-1
80,sample10_44h.json,26,42,0,0,TN,0.07226526552987678,>=,0.05,-1
81,sample10_44h.json,26,46,0,0,TN,0.4999728236586185,>=,0.05,-1
82,sample10_44h.json,27,30,0,1,FP,0.7440974792826482,>=,0.05,-1
83,sample10_44h.json,27,36,1,0,FN,0.1772267404746588,>=,0.05,14
84,sample10_44h.json,27,39,0,0,TN,0.3880667317845192,>=,0.05,-1
85,sample10_44h.json,27,45,0,0,TN,0.06289549845497133,>=,0.05,-1
86,sample10_44h.json,28,42,0,0,TN,0.7258808637757768,>=,0.05,-1
87,sample10_44h.json,29,30,1,0,FN,0.08776788675948677,>=,0.05,10
88,sample10_44h.json,29,37,0,0,TN,0.3950917083579676,>=,0.05,-1
89,sample10_44h.json,29,41,0,0,TN,0.8735226311207321,>=,0.05,-1
90,sample10_44h.json,30,36,0,0,TN,0.4723003367500115,>=,0.05,-1
91,sample10_44h.json,30,41,0,0,TN,0.9126219336408856,>=,0.05,-1
92,sample10_44h.json,31,38,0,0,TN,0.7659171177388724,>=,0.05,-1
93,sample10_44h.json,31,43,0,1,FP,0.9153239601117659,>=,0.05,-1
94,sample10_44h.json,32,33,0,0,TN,0.12740300904890633,>=,0.05,-1
95,sample10_44h.json,32,34,0,0,TN,0.07356290533063203,>=,0.05,-1
96,sample10_44h.json,32,44,0,0,TN,0.07032625356921807,>=,0.05,-1
97,sample10_44h.json,32,48,0,1,FP,0.8688542943473193,>=,0.05,-1
98,sample10_44h.json,33,35,1,1,TP,0.6340699793474432,>=,0.05,6
99,sample10_44h.json,33,44,0,0,TN,0.496571693798853,>=,0.05,-1
100,sample10_44h.json,33,47,0,0,TN,0.16354341619648027,>=,0.05,-1
101,sample10_44h.json,34,38,0,0,TN,0.6737334377272737,>=,0.05,-1
102,sample10_44h.json,34,48,0,0,TN,0.318017387845798,>=,0.05,-1
103,sample10_44h.json,35,40,0,0,TN,0.7108798632659449,>=,0.05,-1
104,sample10_44h.json,35,47,0,0,TN,0.4603553288673248,>=,0.05,-1
105,sample10_44h.json,35,54,0,0,TN,0.5074698605445271,>=,0.05,-1
106,sample10_44h.json,36,41,0,1,FP,0.7896657324598704,>=,0.05,-1
107,sample10_44h.json,36,45,0,0,TN,0.09274547552338075,>=,0.05,-1
108,sample10_44h.json,36,49,0,0,TN,0.5787585033235025,>=,0.05,-1
109,sample10_44h.json,37,41,1,0,FN,0.19723494729586855,>=,0.05,10
110,sample10_44h.json,37,46,0,0,TN,0.8081367518135681,>=,0.05,-1
111,sample10_44h.json,37,50,0,0,TN,0.4888460361292599,>=,0.05,-1
112,sample10_44h.json,38,43,1,0,FN,0.9886953333678197,>=,0.05,12
113,sample10_44h.json,38,48,0,0,TN,0.18294332467571872,>=,0.05,-1
114,sample10_44h.json,38,56,0,1,FP,0.9630191401242673,>=,0.05,-1
115,sample10_44h.json,38,57,0,0,TN,0.800917036608609,>=,0.05,-1
116,sample10_44h.json,38,60,0,0,TN,0.4812604965752686,>=,0.05,-1
117,sample10_44h.json,39,43,0,0,TN,0.8135340641796355,>=,0.05,-1
118,sample10_44h.json,39,45,1,0,FN,0.6028489052411163,>=,0.05,8
119,sample10_44h.json,39,52,0,0,TN,0.6551210639913803,>=,0.05,-1
120,sample10_44h.json,40,51,1,1,TP,0.9136907627073889,>=,0.05,8
121,sample10_44h.json,40,54,0,0,TN,0.06527041641129139,>=,0.05,-1
122,sample10_44h.json,41,49,0,0,TN,0.8349882039584006,>=,0.05,-1
123,sample10_44h.json,41,50,0,0,TN,0.3818147799662388,>=,0.05,-1
124,sample10_44h.json,41,53,0,0,TN,0.3255456161007044,>=,0.05,-1
125,sample10_44h.json,42,46,1,1,TP,0.9940267712099843,>=,0.05,4
126,sample10_44h.json,43,52,0,0,TN,0.7811905020763782,>=,0.05,-1
127,sample10_44h.json,43,55,0,0,TN,0.48553513877958776,>=,0.05,-1
128,sample10_44h.json,43,56,0,0,TN,0.4226283964247812,>=,0.05,-1
129,sample10_44h.json,44,47,1,1,TP,0.8775289058717961,>=,0.05,2
130,sample10_44h.json,44,48,0,0,TN,0.08681487221489415,>=,0.05,-1
131,sample10_44h.json,44,59,0,0,TN,0.708418756913866,>=,0.05,-1
132,sample10_44h.json,45,49,0,1,FP,0.789154623705146,>=,0.05,-1
133,sample10_44h.json,45,52,0,0,TN,0.7991963797161148,>=,0.05,-1
134,sample10_44h.json,45,58,0,0,TN,0.3222867247398318,>=,0.05,-1
135,sample10_44h.json,46,50,0,0,TN,0.7966391827460546,>=,0.05,-1
136,sample10_44h.json,47,54,0,0,TN,0.22532844187566514,>=,0.05,-1
137,sample10_44h.json,47,59,0,0,TN,0.3623079504845691,>=,0.05,-1
138,sample10_44h.json,47,68,0,0,TN,0.41744811220437983,>=,0.05,-1
139,sample10_44h.json,47,172,0,0,TN,0.5414099836301646,>=,0.05,-1
140,sample10_44h.json,48,59,1,0,FN,0.11261366554055718,>=,0.05,12
141,sample10_44h.json,48,60,0,0,TN,0.40694780063930613,>=,0.05,-1
142,sample10_44h.json,48,64,0,0,TN,0.0003006901069229073,>=,0.05,-1
143,sample10_44h.json,49,53,0,0,TN,0.744380726347399,>=,0.05,-1
144,sample10_44h.json,49,58,0,0,TN,0.851875912234257,>=,0.05,-1
145,sample10_44h.json,49,65,0,0,TN,0.13893167912019755,>=,0.05,-1
146,sample10_44h.json,50,53,0,0,TN,0.7037857692667978,>=,0.05,-1
147,sample10_44h.json,50,61,0,1,FP,0.8211030883946387,>=,0.05,-1
148,sample10_44h.json,51,54,0,0,TN,0.9818283228717938,>=,0.05,-1
149,sample10_44h.json,52,55,1,0,FN,0.8437905623687267,>=,0.05,6
150,sample10_44h.json,52,58,0,0,TN,0.42410648544401286,>=,0.05,-1
151,sample10_44h.json,52,170,0,1,FP,0.9796887085096565,>=,0.05,-1
152,sample10_44h.json,52,171,0,0,TN,0.9739844048523552,>=,0.05,-1
153,sample10_44h.json,53,61,1,0,FN,0.503676979200579,>=,0.05,8
154,sample10_44h.json,53,65,0,1,FP,0.7534465385839052,>=,0.05,-1
155,sample10_44h.json,54,68,0,0,TN,0.9138376676731629,>=,0.05,-1
156,sample10_44h.json,54,77,0,0,TN,0.47614707196875306,>=,0.05,-1
157,sample10_44h.json,54,86,0,0,TN,0.8637862410970849,>=,0.05,-1
158,sample10_44h.json,54,172,0,1,FP,0.7015685660618728,>=,0.05,-1
159,sample10_44h.json,55,56,0,0,TN,0.2939242559745576,>=,0.05,-1
160,sample10_44h.json,55,67,0,1,FP,0.7676522699834736,>=,0.05,-1
161,sample10_44h.json,55,69,0,0,TN,0.5706847858594991,>=,0.05,-1
162,sample10_44h.json,55,171,0,0,TN,0.09384515343330624,>=,0.05,-1
163,sample10_44h.json,56,57,1,0,FN,0.3913804263046642,>=,0.05,2
164,sample10_44h.json,56,67,0,0,TN,0.07374101339780592,>=,0.05,-1
165,sample10_44h.json,56,71,0,0,TN,0.4761669632169956,>=,0.05,-1
166,sample10_44h.json,56,74,0,0,TN,0.4285396081429238,>=,0.05,-1
167,sample10_44h.json,57,60,0,0,TN,0.42373744297044735,>=,0.05,-1
168,sample10_44h.json,57,74,0,1,FP,0.5863003535907844,>=,0.05,-1
169,sample10_44h.json,58,65,1,0,FN,0.12269066017607344,>=,0.05,10
170,sample10_44h.json,58,76,0,1,FP,0.9337689099568427,>=,0.05,-1
171,sample10_44h.json,58,170,0,0,TN,0.684050448075033,>=,0.05,-1
172,sample10_44h.json,59,64,0,0,TN,0.8237813583927717,>=,0.05,-1
173,sample10_44h.json,59,68,0,1,FP,0.8968012322637599,>=,0.05,-1
174,sample10_44h.json,59,78,0,0,TN,0.5833200469234759,>=,0.05,-1
175,sample10_44h.json,60,64,1,0,FN,0.0402182209046007,>=,0.05,6
176,sample10_44h.json,60,74,0,0,TN,0.711486824117758,>=,0.05,-1
177,sample10_44h.json,60,81,0,0,TN,0.5690258542633582,>=,0.05,-1
178,sample10_44h.json,60,83,0,1,FP,0.8259572221703992,>=,0.05,-1
179,sample10_44h.json,61,65,0,0,TN,0.5321604734743441,>=,0.05,-1
180,sample10_44h.json,63,66,1,1,TP,0.8132440953641924,>=,0.05,22
181,sample10_44h.json,64,78,0,1,FP,0.9970102930724918,>=,0.05,-1
182,sample10_44h.json,64,81,0,0,TN,0.35055481136788813,>=,0.05,-1
183,sample10_44h.json,65,76,0,0,TN,0.1710214400206741,>=,0.05,-1
184,sample10_44h.json,66,75,0,0,TN,0.3916747994539028,>=,0.05,-1
185,sample10_44h.json,66,79,0,0,TN,0.7530499898656764,>=,0.05,-1
186,sample10_44h.json,66,80,0,0,TN,0.43922893185830647,>=,0.05,-1
187,sample10_44h.json,67,69,1,0,FN,0.5883801094292148,>=,0.05,6
188,sample10_44h.json,67,71,0,0,TN,0.12735847192167105,>=,0.05,-1
189,sample10_44h.json,68,78,0,0,TN,0.7261235109339803,>=,0.05,-1
190,sample10_44h.json,68,86,0,0,TN,0.28008240186649946,>=,0.05,-1
191,sample10_44h.json,68,96,0,0,TN,0.19061756040401823,>=,0.05,-1
192,sample10_44h.json,68,100,0,0,TN,0.8629499985831945,>=,0.05,-1
193,sample10_44h.json,68,172,0,0,TN,0.5644128211205941,>=,0.05,-1
194,sample10_44h.json,69,71,0,0,TN,0.48449894234625035,>=,0.05,-1
195,sample10_44h.json,69,84,0,0,TN,0.8988237652484845,>=,0.05,-1
196,sample10_44h.json,69,89,0,0,TN,0.08601243606100262,>=,0.05,-1
197,sample10_44h.json,69,171,0,1,FP,0.6961544503408927,>=,0.05,-1
198,sample10_44h.json,71,74,1,0,FN,0.32798228976460253,>=,0.05,4
199,sample10_44h.json,71,88,0,0,TN,0.17540974998508108,>=,0.05,-1
200,sample10_44h.json,71,89,0,1,FP,0.6747986499672789,>=,0.05,-1
201,sample10_44h.json,74,83,0,0,TN,0.3628219508629361,>=,0.05,-1
202,sample10_44h.json,74,88,0,0,TN,0.32989583249393584,>=,0.05,-1
203,sample10_44h.json,75,80,0,1,FP,0.9436777652291878,>=,0.05,-1
204,sample10_44h.json,75,82,1,0,FN,0.19929834067948615,>=,0.05,2
205,sample10_44h.json,75,94,0,0,TN,0.512173657837735,>=,0.05,-1
206,sample10_44h.json,76,85,0,0,TN,0.024013200671349266,>=,0.05,-1
207,sample10_44h.json,76,87,0,0,TN,0.16336809113695616,>=,0.05,-1
208,sample10_44h.json,76,93,0,0,TN,0.8834187336335619,>=,0.05,-1
209,sample10_44h.json,76,170,0,0,TN,0.7892475482526763,>=,0.05,-1
210,sample10_44h.json,77,86,0,1,FP,0.5568354900539902,>=,0.05,-1
211,sample10_44h.json,77,90,0,0,TN,0.22245339599136027,>=,0.05,-1
212,sample10_44h.json,77,102,0,0,TN,0.5577475826213064,>=,0.05,-1
213,sample10_44h.json,78,81,1,0,FN,0.012146526113612555,>=,0.05,8
214,sample10_44h.json,78,96,0,0,TN,0.7129936309379207,>=,0.05,-1
215,sample10_44h.json,79,80,1,0,FN,0.7167506805637281,>=,0.05,6
216,sample10_44h.json,79,92,0,1,FP,0.6460450235663548,>=,0.05,-1
217,sample10_44h.json,79,95,0,0,TN,0.6113386842752012,>=,0.05,-1
218,sample10_44h.json,79,97,0,0,TN,0.07371643262453753,>=,0.05,-1
219,sample10_44h.json,80,94,0,0,TN,0.24640596905097556,>=,0.05,-1
220,sample10_44h.json,80,95,0,0,TN,0.5743780480979319,>=,0.05,-1
221,sample10_44h.json,81,83,0,0,TN,0.3941867660288976,>=,0.05,-1
222,sample10_44h.json,81,96,0,0,TN,0.992023228581445,>=,0.05,-1
223,sample10_44h.json,81,98,0,1,FP,0.9237453573751813,>=,0.05,-1
224,sample10_44h.json,81,108,0,0,TN,0.15200790252253704,>=,0.05,-1
225,sample10_44h.json,82,94,0,1,FP,0.5899605926495307,>=,0.05,-1
226,sample10_44h.json,83,88,1,0,FN,0.6962151061034566,>=,0.05,10
227,sample10_44h.json,83,98,0,0,TN,0.13654341430088612,>=,0.05,-1
228,sample10_44h.json,84,85,1,0,FN,0.31259564710117127,>=,0.05,10
229,sample10_44h.json,84,89,0,0,TN,0.7159178469254943,>=,0.05,-1
230,sample10_44h.json,84,101,0,1,FP,0.9011080934228366,>=,0.05,-1
231,sample10_44h.json,84,170,0,0,TN,0.34174265020613526,>=,0.05,-1
232,sample10_44h.json,84,171,0,0,TN,0.2389437116912806,>=,0.05,-1
233,sample10_44h.json,85,93,0,1,FP,0.8217920027302146,>=,0.05,-1
234,sample10_44h.json,85,101,0,0,TN,0.5849826802256783,>=,0.05,-1
235,sample10_44h.json,85,105,0,0,TN,0.4765884217057704,>=,0.05,-1
236,sample10_44h.json,85,170,0,0,TN,0.25615002142789234,>=,0.05,-1
237,sample10_44h.json,86,100,0,0,TN,0.07265834864832099,>=,0.05,-1
238,sample10_44h.json,86,102,0,0,TN,0.017891420896975263,>=,0.05,-1
239,sample10_44h.json,86,111,0,0,TN,0.5799701805640948,>=,0.05,-1
240,sample10_44h.json,87,93,1,0,FN,0.1911102734600748,>=,0.05,10
241,sample10_44h.json,87,106,0,1,FP,0.9755329784268204,>=,0.05,-1
242,sample10_44h.json,88,89,0,0,TN,0.10747722838614726,>=,0.05,-1
243,sample10_44h.json,88,98,0,0,TN,0.4520887883271084,>=,0.05,-1
244,sample10_44h.json,88,99,0,1,FP,0.39465979707096,>=,0.05,-1
245,sample10_44h.json,88,107,0,0,TN,0.23231147528553098,>=,0.05,-1
246,sample10_44h.json,89,99,1,0,FN,0.7487557250039351,>=,0.05,6
247,sample10_44h.json,89,101,0,0,TN,0.6437047620803104,>=,0.05,-1
248,sample10_44h.json,89,104,0,0,TN,0.7257576850518699,>=,0.05,-1
249,sample10_44h.json,90,92,0,0,TN,0.08280857589649471,>=,0.05,-1
250,sample10_44h.json,90,102,0,1,FP,0.3527434156964051,>=,0.05,-1
251,sample10_44h.json,90,113,0,0,TN,0.5198330743342318,>=,0.05,-1
252,sample10_44h.json,90,114,0,0,TN,0.42672114373024106,>=,0.05,-1
253,sample10_44h.json,92,97,0,0,TN,0.040617561872745234,>=,0.05,-1
254,sample10_44h.json,92,103,0,0,TN,0.1940274549007932,>=,0.05,-1
255,sample10_44h.json,92,113,0,0,TN,0.9450246483046265,>=,0.05,-1
256,sample10_44h.json,92,115,0,0,TN,0.1625697247533182,>=,0.05,-1
257,sample10_44h.json,93,105,0,0,TN,0.8520523324627752,>=,0.05,-1
258,sample10_44h.json,93,106,0,0,TN,0.8221371590644401,>=,0.05,-1
259,sample10_44h.json,94,95,0,0,TN,0.391293757078108,>=,0.05,-1
260,sample10_44h.json,94,103,0,0,TN,0.4667835198442635,>=,0.05,-1
261,sample10_44h.json,95,97,1,1,TP,0.8240018076499193,>=,0.05,4
262,sample10_44h.json,95,103,0,0,TN,0.6806863255702125,>=,0.05,-1
263,sample10_44h.json,96,100,1,0,FN,0.8369437364290709,>=,0.05,22
264,sample10_44h.json,96,108,0,0,TN,0.7575965858321237,>=,0.05,-1
265,sample10_44h.json,96,121,0,0,TN,0.6912714794406046,>=,0.05,-1
266,sample10_44h.json,96,123,0,1,FP,0.9129741060068781,>=,0.05,-1
267,sample10_44h.json,97,103,0,0,TN,0.8228071330945887,>=,0.05,-1
268,sample10_44h.json,98,107,0,0,TN,0.17906268758299326,>=,0.05,-1
269,sample10_44h.json,98,108,0,0,TN,0.7482242750812449,>=,0.05,-1
270,sample10_44h.json,98,116,0,0,TN,0.0866813231145428,>=,0.05,-1
271,sample10_44h.json,99,104,0,0,TN,0.4258562402940216,>=,0.05,-1
272,sample10_44h.json,99,107,0,0,TN,0.39675188715342524,>=,0.05,-1
273,sample10_44h.json,99,110,0,0,TN,0.20216809397548463,>=,0.05,-1
274,sample10_44h.json,100,111,0,1,FP,0.9379051086359893,>=,0.05,-1
275,sample10_44h.json,100,123,0,0,TN,0.09477667836116699,>=,0.05,-1
276,sample10_44h.json,101,104,1,0,FN,0.004899414988575601,>=,0.05,2
277,sample10_44h.json,101,105,0,0,TN,0.32292080366397835,>=,0.05,-1
278,sample10_44h.json,102,111,0,0,TN,0.990744718241222,>=,0.05,-1
279,sample10_44h.json,102,114,1,0,FN,0.2646951283884399,>=,0.05,22
280,sample10_44h.json,103,109,0,1,FP,0.830694265517731,>=,0.05,-1
281,sample10_44h.json,103,112,0,0,TN,0.17311363702046545,>=,0.05,-1
282,sample10_44h.json,103,115,0,0,TN,0.5863783547983777,>=,0.05,-1
283,sample10_44h.json,104,105,0,0,TN,0.958409335179392,>=,0.05,-1
284,sample10_44h.json,104,110,0,0,TN,0.7165132345658071,>=,0.05,-1
285,sample10_44h.json,104,117,0,1,FP,0.9805079751784863,>=,0.05,-1
286,sample10_44h.json,104,118,0,0,TN,0.5745566490890397,>=,0.05,-1
287,sample10_44h.json,105,106,1,0,FN,0.9833347065534214,>=,0.05,10
288,sample10_44h.json,105,118,0,1,FP,0.8370470317200038,>=,0.05,-1
289,sample10_44h.json,107,110,0,1,FP,0.7782482261019282,>=,0.05,-1
290,sample10_44h.json,107,116,0,0,TN,0.8884898869115002,>=,0.05,-1
291,sample10_44h.json,107,119,0,0,TN,0.6314915172616167,>=,0.05,-1
292,sample10_44h.json,107,124,0,0,TN,0.35636454637657144,>=,0.05,-1
293,sample10_44h.json,108,116,0,0,TN,0.528282440056993,>=,0.05,-1
294,sample10_44h.json,108,121,0,0,TN,0.22650039568236358,>=,0.05,-1
295,sample10_44h.json,108,127,0,1,FP,0.7775441238817054,>=,0.05,-1
296,sample10_44h.json,109,112,1,0,FN,0.17007850161486648,>=,0.05,12
297,sample10_44h.json,110,117,0,0,TN,0.5771979489865907,>=,0.05,-1
298,sample10_44h.json,110,119,1,0,FN,0.5358989295791143,>=,0.05,4
299,sample10_44h.json,110,122,0,0,TN,0.6719028034776905,>=,0.05,-1
300,sample10_44h.json,111,114,0,0,TN,0.76048659866525,>=,0.05,-1
301,sample10_44h.json,111,123,0,0,TN,0.10982788606390892,>=,0.05,-1
302,sample10_44h.json,111,125,1,0,FN,0.6249409616679835,>=,0.05,20
303,sample10_44h.json,112,115,0,0,TN,0.41395588246519277,>=,0.05,-1
304,sample10_44h.json,112,120,0,1,FP,0.6142014356679537,>=,0.05,-1
305,sample10_44h.json,113,114,0,1,FP,0.6939845431464953,>=,0.05,-1
306,sample10_44h.json,113,115,0,0,TN,0.5854795857606219,>=,0.05,-1
307,sample10_44h.json,113,126,0,0,TN,0.7328860768587152,>=,0.05,-1
308,sample10_44h.json,113,135,0,0,TN,0.520025257204648,>=,0.05,-1
309,sample10_44h.json,114,125,0,0,TN,0.4628678091292717,>=,0.05,-1
310,sample10_44h.json,114,126,0,0,TN,0.2867688654485352,>=,0.05,-1
311,sample10_44h.json,114,129,0,0,TN,0.22915166999670655,>=,0.05,-1
312,sample10_44h.json,114,133,0,0,TN,0.6953021060918184,>=,0.05,-1
313,sample10_44h.json,114,137,0,0,TN,0.6957113528124577,>=,0.05,-1
314,sample10_44h.json,115,120,0,0,TN,0.19548251297659636,>=,0.05,-1
315,sample10_44h.json,115,132,0,1,FP,0.9718374166111121,>=,0.05,-1
316,sample10_44h.json,115,135,0,0,TN,0.671150780289396,>=,0.05,-1
317,sample10_44h.json,115,141,0,0,TN,0.5312161232098263,>=,0.05,-1
318,sample10_44h.json,116,124,1,1,TP,0.8411753515449676,>=,0.05,10
319,sample10_44h.json,116,127,0,0,TN,0.48652043330315486,>=,0.05,-1
320,sample10_44h.json,117,118,0,0,TN,0.4759448701003268,>=,0.05,-1
321,sample10_44h.json,117,122,1,0,FN,0.2582744000775369,>=,0.05,6
322,sample10_44h.json,118,122,0,0,TN,0.15613548139069233,>=,0.05,-1
323,sample10_44h.json,118,128,0,0,TN,0.7116205788809175,>=,0.05,-1
324,sample10_44h.json,119,122,0,0,TN,0.8441109682390425,>=,0.05,-1
325,sample10_44h.json,119,124,0,0,TN,0.677798778095959,>=,0.05,-1
326,sample10_44h.json,119,128,0,0,TN,0.3688215166959502,>=,0.05,-1
327,sample10_44h.json,119,130,0,1,FP,0.5757220912190522,>=,0.05,-1
328,sample10_44h.json,120,132,0,0,TN,0.5634124736739899,>=,0.05,-1
329,sample10_44h.json,120,140,0,0,TN,0.9365660834742939,>=,0.05,-1
330,sample10_44h.json,121,123,0,0,TN,0.3876742119556893,>=,0.05,-1
331,sample10_44h.json,121,127,1,0,FN,0.1647826520660035,>=,0.05,8
332,sample10_44h.json,121,134,0,1,FP,0.8769328933290108,>=,0.05,-1
333,sample10_44h.json,122,128,0,1,FP,0.8947284968868684,>=,0.05,-1
334,sample10_44h.json,123,125,0,0,TN,0.04826559500189531,>=,0.05,-1
335,sample10_44h.json,123,131,0,0,TN,0.19822403083948237,>=,0.05,-1
336,sample10_44h.json,123,134,1,0,FN,0.6362836535994598,>=,0.05,4
337,sample10_44h.json,124,127,0,0,TN,0.7888451556348379,>=,0.05,-1
338,sample10_44h.json,124,130,0,0,TN,0.6066925067405504,>=,0.05,-1
339,sample10_44h.json,124,136,0,0,TN,0.19158919612655823,>=,0.05,-1
340,sample10_44h.json,125,129,0,0,TN,0.1176415752621991,>=,0.05,-1
341,sample10_44h.json,125,131,0,1,FP,0.5059726340651836,>=,0.05,-1
342,sample10_44h.json,126,133,0,1,FP,0.8155104066590114,>=,0.05,-1
343,sample10_44h.json,126,135,0,0,TN,0.2170671810721262,>=,0.05,-1
344,sample10_44h.json,126,139,1,0,FN,0.07513269487278362,>=,0.05,6
345,sample10_44h.json,127,134,0,0,TN,0.5510449957933047,>=,0.05,-1
346,sample10_44h.json,127,136,0,0,TN,0.19181714813525463,>=,0.05,-1
347,sample10_44h.json,128,130,0,0,TN,0.06742372048426959,>=,0.05,-1
348,sample10_44h.json,129,131,0,0,TN,0.7732645980412682,>=,0.05,-1
349,sample10_44h.json,129,137,1,1,TP,0.8212266060779224,>=,0.05,22
350,sample10_44h.json,129,146,0,0,TN,0.3983355510982354,>=,0.05,-1
351,sample10_44h.json,129,155,0,0,TN,0.2940763601682844,>=,0.05,-1
352,sample10_44h.json,130,136,1,0,FN,0.2771208894369578,>=,0.05,10
353,sample10_44h.json,131,142,1,0,FN,0.36097142582835084,>=,0.05,4
354,sample10_44h.json,131,146,0,0,TN,0.5769076431162621,>=,0.05,-1
355,sample10_44h.json,132,140,0,0,TN,0.5278200781124773,>=,0.05,-1
356,sample10_44h.json,132,141,0,0,TN,0.3553491811726963,>=,0.05,-1
357,sample10_44h.json,132,149,0,0,TN,0.6374209792381814,>=,0.05,-1
358,sample10_44h.json,133,135,0,0,TN,0.67576744194746,>=,0.05,-1
359,sample10_44h.json,133,137,0,0,TN,0.5582789479750343,>=,0.05,-1
360,sample10_44h.json,133,139,0,0,TN,0.38729491505187397,>=,0.05,-1
361,sample10_44h.json,133,143,0,0,TN,0.6239027819391343,>=,0.05,-1
362,sample10_44h.json,133,144,0,0,TN,0.5919027832141105,>=,0.05,-1
363,sample10_44h.json,134,142,0,0,TN,0.3403238573806664,>=,0.05,-1
364,sample10_44h.json,135,139,0,0,TN,0.30320101266424526,>=,0.05,-1
365,sample10_44h.json,135,141,0,0,TN,0.5457488790192866,>=,0.05,-1
366,sample10_44h.json,135,143,1,1,TP,0.6123417390018507,>=,0.05,14
367,sample10_44h.json,137,144,0,0,TN,0.6107984389218087,>=,0.05,-1
368,sample10_44h.json,137,155,0,0,TN,0.3828380088978549,>=,0.05,-1
369,sample10_44h.json,137,158,0,0,TN,0.5657739072162552,>=,0.05,-1
370,sample10_44h.json,140,149,0,1,FP,0.9857696351964191,>=,0.05,-1
371,sample10_44h.json,140,151,0,0,TN,0.42802451904395167,>=,0.05,-1
372,sample10_44h.json,140,152,0,0,TN,0.8430147145899906,>=,0.05,-1
373,sample10_44h.json,141,143,0,0,TN,0.08132369130695694,>=,0.05,-1
374,sample10_44h.json,141,149,0,0,TN,0.8752282537019719,>=,0.05,-1
375,sample10_44h.json,141,150,0,1,FP,0.9417061555298863,>=,0.05,-1
376,sample10_44h.json,141,153,0,0,TN,0.26186401585393726,>=,0.05,-1
377,sample10_44h.json,142,146,0,0,TN,0.012101415672192695,>=,0.05,-1
378,sample10_44h.json,142,173,0,1,FP,0.4830084134337993,>=,0.05,-1
379,sample10_44h.json,143,144,0,0,TN,0.18271225766227794,>=,0.05,-1
380,sample10_44h.json,143,150,0,0,TN,0.9716312542852679,>=,0.05,-1
381,sample10_44h.json,144,150,0,0,TN,0.8976984351175483,>=,0.05,-1
382,sample10_44h.json,144,156,0,1,FP,0.9606648859302717,>=,0.05,-1
383,sample10_44h.json,144,157,0,0,TN,0.6038696577407527,>=,0.05,-1
384,sample10_44h.json,144,158,0,0,TN,0.5151603669026421,>=,0.05,-1
385,sample10_44h.json,146,155,0,1,FP,0.8327178493802309,>=,0.05,-1
386,sample10_44h.json,146,173,1,0,FN,0.6523489656890211,>=,0.05,4
387,sample10_44h.json,149,152,0,0,TN,0.24855767636724513,>=,0.05,-1
388,sample10_44h.json,149,153,1,0,FN,0.9342860382578622,>=,0.05,20
389,sample10_44h.json,150,153,0,0,TN,0.43969944996553134,>=,0.05,-1
390,sample10_44h.json,150,156,0,0,TN,0.773556228309299,>=,0.05,-1
391,sample10_44h.json,150,157,0,0,TN,0.5009379569884868,>=,0.05,-1
392,sample10_44h.json,150,160,0,0,TN,0.18335624310512755,>=,0.05,-1
393,sample10_44h.json,150,161,0,0,TN,0.2959268470094133,>=,0.05,-1
394,sample10_44h.json,151,152,0,1,FP,0.5744107688028172,>=,0.05,-1
395,sample10_44h.json,152,153,0,0,TN,0.14300208426428052,>=,0.05,-1
396,sample10_44h.json,152,161,0,0,TN,0.013737858616478582,>=,0.05,-1
397,sample10_44h.json,153,161,0,1,FP,0.43389122434993144,>=,0.05,-1
398,sample10_44h.json,155,158,0,0,TN,0.7621971718592196,>=,0.05,-1
399,sample10_44h.json,155,163,0,0,TN,0.614157273742888,>=,0.05,-1
400,sample10_44h.json,155,173,0,0,TN,0.32414637580737604,>=,0.05,-1
401,sample10_44h.json,156,157,1,0,FN,0.7172409392954933,>=,0.05,10
402,sample10_44h.json,157,158,0,0,TN,0.4845146331098733,>=,0.05,-1
403,sample10_44h.json,157,160,0,0,TN,0.9995013522570269,>=,0.05,-1
404,sample10_44h.json,157,174,0,1,FP,0.7760316524447806,>=,0.05,-1
405,sample10_44h.json,158,160,0,1,FP,0.830631441271759,>=,0.05,-1
406,sample10_44h.json,158,163,0,0,TN,0.2595489061387781,>=,0.05,-1
407,sample10_44h.json,158,164,0,0,TN,0.15229496284881394,>=,0.05,-1
408,sample10_44h.json,158,174,0,0,TN,0.19930390910700002,>=,0.05,-1
409,sample10_44h.json,160,161,0,0,TN,0.43226496434626605,>=,0.05,-1
410,sample10_44h.json,160,164,0,0,TN,0.5121491196209004,>=,0.05,-1
411,sample10_44h.json,160,167,0,0,TN,0.19460934773223448,>=,0.05,-1
412,sample10_44h.json,160,168,0,0,TN,0.7799447709885816,>=,0.05,-1
413,sample10_44h.json,160,174,0,0,TN,0.8684311544172296,>=,0.05,-1
414,sample10_44h.json,163,164,0,0,TN,0.31600498576024083,>=,0.05,-1
415,sample10_44h.json,164,167,0,1,FP,0.50806419675629,>=,0.05,-1
416,sample10_44h.json,167,168,0,0,TN,0.5943746025127589,>=,0.05,-1
417,sample10_44h.json,168,169,1,1,TP,0.7223781739311237,>=,0.05,16
418,sample10_44h.json,170,171,1,0,FN,0.1474724544653564,>=,0.05,4
1,sample11_42h.json,0,1,1,0,FN,0.28087106140315643,>=,0.05,36
2,sample11_42h.json,0,2,0,0,TN,0.7307059958584028,>=,0.05,-1
3,sample11_42h.json,0,6,0,0,TN,0.5681923142926266,>=,0.05,-1
4,sample11_42h.json,0,17,0,1,FP,0.8999457934389484,>=,0.05,-1
5,sample11_42h.json,1,11,0,1,FP,0.4478583619887434,>=,0.05,-1
6,sample11_42h.json,1,17,0,0,TN,0.406612845033848,>=,0.05,-1
7,sample11_42h.json,2,3,1,0,FN,0.3065072175307022,>=,0.05,12
8,sample11_42h.json,2,6,0,0,TN,0.23137257265474553,>=,0.05,-1
9,sample11_42h.json,2,8,0,1,FP,0.6507663347633983,>=,0.05,-1
10,sample11_42h.json,2,10,0,0,TN,0.2646860018226955,>=,0.05,-1
11,sample11_42h.json,3,4,0,1,FP,0.8622755206430474,>=,0.05,-1
12,sample11_42h.json,3,8,0,0,TN,0.2706483956521083,>=,0.05,-1
13,sample11_42h.json,4,8,0,0,TN,0.6733596312251477,>=,0.05,-1
14,sample11_42h.json,4,9,0,0,TN,0.5681841419017319,>=,0.05,-1
15,sample11_42h.json,4,16,0,0,TN,0.6284587978789083,>=,0.05,-1
16,sample11_42h.json,5,7,0,1,FP,0.8954167756318381,>=,0.05,-1
17,sample11_42h.json,5,12,0,0,TN,0.16998845146941277,>=,0.05,-1
18,sample11_42h.json,5,15,0,0,TN,0.1498155458754621,>=,0.05,-1
19,sample11_42h.json,6,10,0,0,TN,0.12190222133530626,>=,0.05,-1
20,sample11_42h.json,6,17,0,0,TN,0.07643902091821697,>=,0.05,-1
21,sample11_42h.json,6,20,0,0,TN,0.5342310236037406,>=,0.05,-1
22,sample11_42h.json,6,21,0,0,TN,0.16573115195227217,>=,0.05,-1
23,sample11_42h.json,7,9,1,0,FN,0.8071679300934899,>=,0.05,24
24,sample11_42h.json,7,15,0,0,TN,0.022610530546880114,>=,0.05,-1
25,sample11_42h.json,7,18,0,0,TN,0.3746069717348577,>=,0.05,-1
26,sample11_42h.json,8,10,1,0,FN,0.47320397138856884,>=,0.05,36
27,sample11_42h.json,8,16,0,0,TN,0.2165283006768245,>=,0.05,-1
28,sample11_42h.json,9,16,0,1,FP,0.3559062195172905,>=,0.05,-1
29,sample11_42h.json,9,18,0,0,TN,0.22279143552845215,>=,0.05,-1
30,sample11_42h.json,10,16,0,0,TN,0.28182810633472577,>=,0.05,-1
31,sample11_42h.json,10,20,0,1,FP,0.9268710607285915,>=,0.05,-1
32,sample11_42h.json,10,22,0,0,TN,0.4171753663098261,>=,0.05,-1
33,sample11_42h.json,10,24,0,0,TN,0.38586494126072,>=,0.05,-1
34,sample11_42h.json,11,14,0,0,TN,0.6111744524341742,>=,0.05,-1
35,sample11_42h.json,11,17,0,0,TN,0.6641418567485056,>=,0.05,-1
36,sample11_42h.json,11,19,0,0,TN,0.6602765449276847,>=,0.05,-1
37,sample11_42h.json,11,26,0,0,TN,0.08475896722401388,>=,0.05,-1
38,sample11_42h.json,12,15,1,1,TP,0.5819025790346892,>=,0.05,12
39,sample11_42h.json,13,14,1,1,TP,0.7359235998979756,>=,0.05,12
40,sample11_42h.json,14,19,0,0,TN,0.7955683661434495,>=,0.05,-1
41,sample11_42h.json,15,18,0,0,TN,0.5885342519393526,>=,0.05,-1
42,sample11_42h.json,15,27,0,0,TN,0.1305730582345579,>=,0.05,-1
43,sample11_42h.json,16,18,0,0,TN,0.08374032389677899,>=,0.05,-1
44,sample11_42h.json,16,23,1,0,FN,0.3230536931058179,>=,0.05,12
45,sample11_42h.json,16,24,0,0,TN,0.9275588094659627,>=,0.05,-1
46,sample11_42h.json,17,21,0,0,TN,0.4726175288334824,>=,0.05,-1
47,sample11_42h.json,17,25,0,0,TN,0.8954739071476481,>=,0.05,-1
48,sample11_42h.json,17,28,0,0,TN,0.4596749532770249,>=,0.05,-1
49,sample11_42h.json,18,23,0,1,FP,0.755118106560127,>=,0.05,-1
50,sample11_42h.json,18,27,0,0,TN,0.48512717568964037,>=,0.05,-1
51,sample11_42h.json,18,29,0,0,TN,0.7087022614323838,>=,0.05,-1
52,sample11_42h.json,18,31,0,0,TN,0.3171792766671796,>=,0.05,-1
53,sample11_42h.json,19,26,0,1,FP,0.8898652636367038,>=,0.05,-1
54,sample11_42h.json,19,32,0,0,TN,0.26570806873658315,>=,0.05,-1
55,sample11_42h.json,20,21,0,0,TN,0.0061768287842781655,>=,0.05,-1
56,sample11_42h.json,20,22,0,0,TN,0.721165786116842,>=,0.05,-1
57,sample11_42h.json,20,30,0,0,TN,0.6766044632445796,>=,0.05,-1
58,sample11_42h.json,20,33,0,0,TN,0.6569014499256771,>=,0.05,-1
59,sample11_42h.json,20,35,0,0,TN,0.6874150023133265,>=,0.05,-1
60,sample11_42h.json,21,28,0,1,FP,0.5862642110184831,>=,0.05,-1
61,sample11_42h.json,21,30,1,0,FN,0.11527895307851443,>=,0.05,12
62,sample11_42h.json,22,24,1,1,TP,0.6692037223800513,>=,0.05,12
63,sample11_42h.json,22,33,0,0,TN,0.006598523780704801,>=,0.05,-1
64,sample11_42h.json,23,24,0,0,TN,0.18284287895470064,>=,0.05,-1
65,sample11_42h.json,23,31,0,0,TN,0.42087840519534825,>=,0.05,-1
66,sample11_42h.json,24,31,0,0,TN,0.37836938040865464,>=,0.05,-1
67,sample11_42h.json,24,33,0,0,TN,0.1189651624145176,>=,0.05,-1
68,sample11_42h.json,24,36,0,0,TN,0.42695760403988736,>=,0.05,-1
69,sample11_42h.json,25,26,0,0,TN,0.6236172436233424,>=,0.05,-1
70,sample11_42h.json,25,28,1,0,FN,0.377463431532434,>=,0.05,12
71,sample11_42h.json,25,34,0,1,FP,0.7084994832867091,>=,0.05,-1
72,sample11_42h.json,25,38,0,0,TN,0.23092209537827701,>=,0.05,-1
73,sample11_42h.json,26,32,0,0,TN,0.14382527227092345,>=,0.05,-1
74,sample11_42h.json,26,34,1,0,FN,0.7488998444884865,>=,0.05,12
75,sample11_42h.json,27,29,1,0,FN,0.6687281297620549,>=,0.05,12
76,sample11_42h.json,27,40,0,0,TN,0.4293706932947625,>=,0.05,-1
77,sample11_42h.json,28,30,0,0,TN,0.13676728481771305,>=,0.05,-1
78,sample11_42h.json,28,38,0,0,TN,0.6636837393289772,>=,0.05,-1
79,sample11_42h.json,28,39,0,0,TN,0.7499557499262143,>=,0.05,-1
80,sample11_42h.json,28,43,0,0,TN,0.16394265320782597,>=,0.05,-1
81,sample11_42h.json,29,31,0,0,TN,0.6893017369301842,>=,0.05,-1
82,sample11_42h.json,29,37,0,0,TN,0.3556370863817859,>=,0.05,-1
83,sample11_42h.json,29,40,0,1,FP,0.915118614889683,>=,0.05,-1
84,sample11_42h.json,30,35,0,1,FP,0.7515396876083913,>=,0.05,-1
85,sample11_42h.json,30,39,0,0,TN,0.2737311702333963,>=,0.05,-1
86,sample11_42h.json,31,36,0,1,FP,0.938026319637804,>=,0.05,-1
87,sample11_42h.json,31,37,1,0,FN,0.02523275610463449,>=,0.05,24
88,sample11_42h.json,32,34,0,0,TN,0.18482401447839825,>=,0.05,-1
89,sample11_42h.json,32,41,0,0,TN,0.241902971147135,>=,0.05,-1
90,sample11_42h.json,32,46,0,1,FP,0.7320800833698843,>=,0.05,-1
91,sample11_42h.json,32,48,0,0,TN,0.5261680305016215,>=,0.05,-1
92,sample11_42h.json,33,35,0,0,TN,0.4643754078940663,>=,0.05,-1
93,sample11_42h.json,33,36,1,0,FN,0.2225333387721835,>=,0.05,36
94,sample11_42h.json,33,42,0,1,FP,0.7564671103596112,>=,0.05,-1
95,sample11_42h.json,34,38,0,0,TN,0.11710640805159289,>=,0.05,-1
96,sample11_42h.json,34,41,0,0,TN,0.24734122040485584,>=,0.05,-1
97,sample11_42h.json,35,39,0,0,TN,0.8063603195749761,>=,0.05,-1
98,sample11_42h.json,35,42,1,0,FN,0.451047464466092,>=,0.05,12
99,sample11_42h.json,36,37,0,0,TN,0.8768177365996089,>=,0.05,-1
100,sample11_42h.json,36,42,0,0,TN,0.601664104232256,>=,0.05,-1
101,sample11_42h.json,36,44,0,0,TN,0.789544646958382,>=,0.05,-1
102,sample11_42h.json,36,47,0,0,TN,0.18740327292912107,>=,0.05,-1
103,sample11_42h.json,37,40,0,0,TN,0.31622186767646676,>=,0.05,-1
104,sample11_42h.json,37,44,0,0,TN,0.3767060518006826,>=,0.05,-1
105,sample11_42h.json,37,45,0,1,FP,0.4941992058820347,>=,0.05,-1
106,sample11_42h.json,38,41,0,0,TN,0.4724670244775304,>=,0.05,-1
107,sample11_42h.json,38,43,0,1,FP,0.8224661575824719,>=,0.05,-1
108,sample11_42h.json,38,48,0,0,TN,0.1731905319120426,>=,0.05,-1
109,sample11_42h.json,38,49,0,0,TN,0.8514859146296521,>=,0.05,-1
110,sample11_42h.json,38,53,0,0,TN,0.8890462941434096,>=,0.05,-1
111,sample11_42h.json,39,42,0,0,TN,0.07551903556109762,>=,0.05,-1
112,sample11_42h.json,39,43,1,0,FN,0.009390369621182337,>=,0.05,12
113,sample11_42h.json,39,50,0,0,TN,0.29275297281953516,>=,0.05,-1
114,sample11_42h.json,39,51,0,0,TN,0.4007447677615643,>=,0.05,-1
115,sample11_42h.json,39,54,0,1,FP,0.9704494067485071,>=,0.05,-1
116,sample11_42h.json,40,45,1,0,FN,0.07140859705348279,>=,0.05,12
117,sample11_42h.json,41,48,1,1,TP,0.7813052652283013,>=,0.05,24
118,sample11_42h.json,42,47,0,0,TN,0.47542495358772874,>=,0.05,-1
119,sample11_42h.json,42,50,0,0,TN,0.12987352477313463,>=,0.05,-1
120,sample11_42h.json,42,55,0,0,TN,0.36608030867065855,>=,0.05,-1
121,sample11_42h.json,43,49,0,0,TN,0.3809014070809107,>=,0.05,-1
122,sample11_42h.json,43,51,0,0,TN,0.24357250030214583,>=,0.05,-1
123,sample11_42h.json,44,45,0,0,TN,0.2943637575238798,>=,0.05,-1
124,sample11_42h.json,44,47,0,0,TN,0.419918831202575,>=,0.05,-1
125,sample11_42h.json,44,56,0,1,FP,0.9622613949147543,>=,0.05,-1
126,sample11_42h.json,45,56,0,0,TN,0.458860568981583,>=,0.05,-1
127,sample11_42h.json,46,48,0,0,TN,0.9501350121123174,>=,0.05,-1
128,sample11_42h.json,46,52,0,0,TN,0.03053207158355553,>=,0.05,-1
129,sample11_42h.json,46,58,0,0,TN,0.0661102585732195,>=,0.05,-1
130,sample11_42h.json,47,55,0,0,TN,0.027815906197269258,>=,0.05,-1
131,sample11_42h.json,47,56,0,0,TN,0.6659446382623543,>=,0.05,-1
132,sample11_42h.json,47,57,1,0,FN,0.22023269111379518,>=,0.05,12
133,sample11_42h.json,48,52,0,0,TN,0.5764201812930485,>=,0.05,-1
134,sample11_42h.json,48,53,0,0,TN,0.7953661356054246,>=,0.05,-1
135,sample11_42h.json,49,51,0,1,FP,0.33181391865850374,>=,0.05,-1
136,sample11_42h.json,49,53,0,0,TN,0.2456774927090868,>=,0.05,-1
137,sample11_42h.json,49,54,0,0,TN,0.7254085871405749,>=,0.05,-1
138,sample11_42h.json,49,62,0,0,TN,0.4758977932995704,>=,0.05,-1
139,sample11_42h.json,50,54,0,0,TN,0.1492101460493006,>=,0.05,-1
140,sample11_42h.json,50,55,1,0,FN,0.08744511746968864,>=,0.05,12
141,sample11_42h.json,51,54,1,0,FN,0.7371675011394206,>=,0.05,12
142,sample11_42h.json,52,53,0,1,FP,0.8604123348789248,>=,0.05,-1
143,sample11_42h.json,52,58,1,0,FN,0.8903620782835129,>=,0.05,12
144,sample11_42h.json,52,61,0,0,TN,0.5100890074847036,>=,0.05,-1
145,sample11_42h.json,53,61,0,0,TN,0.15345456636464716,>=,0.05,-1
146,sample11_42h.json,53,65,0,0,TN,0.22565741227847802,>=,0.05,-1
147,sample11_42h.json,54,55,0,0,TN,0.4535238890209351,>=,0.05,-1
148,sample11_42h.json,54,59,0,0,TN,0.8518573736056136,>=,0.05,-1
149,sample11_42h.json,54,62,0,0,TN,0.6501974188352687,>=,0.05,-1
150,sample11_42h.json,54,64,0,0,TN,0.2742069569533242,>=,0.05,-1
151,sample11_42h.json,55,57,0,1,FP,0.7559386415571794,>=,0.05,-1
152,sample11_42h.json,55,59,0,0,TN,0.4354401753206102,>=,0.05,-1
153,sample11_42h.json,56,57,0,0,TN,0.9827639451941653,>=,0.05,-1
154,sample11_42h.json,56,60,0,0,TN,0.4287271374848053,>=,0.05,-1
155,sample11_42h.json,56,63,0,0,TN,0.8371963489035462,>=,0.05,-1
156,sample11_42h.json,57,59,0,0,TN,0.01454163136101938,>=,0.05,-1
157,sample11_42h.json,57,60,0,0,TN,0.7182212650931682,>=,0.05,-1
158,sample11_42h.json,58,61,0,0,TN,0.39847844278491207,>=,0.05,-1
159,sample11_42h.json,58,68,0,1,FP,0.4990093079898348,>=,0.05,-1
160,sample11_42h.json,59,60,0,0,TN,0.19882580036557884,>=,0.05,-1
161,sample11_42h.json,59,64,0,0,TN,0.9295115137269889,>=,0.05,-1
162,sample11_42h.json,59,67,0,0,TN,0.19964501338118745,>=,0.05,-1
163,sample11_42h.json,59,69,0,1,FP,0.5615867040751434,>=,0.05,-1
164,sample11_42h.json,59,70,0,0,TN,0.5973456235768031,>=,0.05,-1
165,sample11_42h.json,60,63,0,1,FP,0.8584434272995116,>=,0.05,-1
166,sample11_42h.json,60,67,1,0,FN,0.4666665396856099,>=,0.05,12
167,sample11_42h.json,61,65,0,1,FP,0.8298912811609488,>=,0.05,-1
168,sample11_42h.json,61,68,0,0,TN,0.5238965642269047,>=,0.05,-1
169,sample11_42h.json,62,64,1,1,TP,0.9563346594226189,>=,0.05,12
170,sample11_42h.json,62,65,0,0,TN,0.7166078337322687,>=,0.05,-1
171,sample11_42h.json,63,67,0,0,TN,0.9121052609840152,>=,0.05,-1
172,sample11_42h.json,64,65,0,0,TN,0.9423605323086545,>=,0.05,-1
173,sample11_42h.json,64,69,0,0,TN,0.8022461563180587,>=,0.05,-1
174,sample11_42h.json,65,68,0,0,TN,0.12236754659550675,>=,0.05,-1
175,sample11_42h.json,65,69,0,0,TN,0.12442859823434937,>=,0.05,-1
176,sample11_42h.json,67,70,0,0,TN,0.6162417502970512,>=,0.05,-1
177,sample11_42h.json,67,73,0,1,FP,0.2712066827619659,>=,0.05,-1
178,sample11_42h.json,69,70,0,0,TN,0.38515232422627244,>=,0.05,-1
179,sample11_42h.json,69,72,1,0,FN,0.17382817662362737,>=,0.05,12
180,sample11_42h.json,70,72,0,1,FP,0.7621716630603876,>=,0.05,-1
181,sample11_42h.json,70,73,1,0,FN,0.8544977036455471,>=,0.05,12
182,sample11_42h.json,72,73,0,0,TN,0.1328046270642882,>=,0.05,-1
1,sample12_42h.json,0,1,1,1,TP,0.5168349367640347,>=,0.05,12
2,sample12_42h.json,0,2,0,0,TN,0.39501292999758697,>=,0.05,-1
3,sample12_42h.json,0,4,0,0,TN,0.7900153179807999,>=,0.05,-1
4,sample12_42h.json,1,3,0,0,TN,0.4649923001754772,>=,0.05,-1
5,sample12_42h.json,1,4,0,0,TN,0.7308090491481728,>=,0.05,-1
6,sample12_42h.json,2,4,0,0,TN,0.5661038765794069,>=,0.05,-1
7,sample12_42h.json,2,7,0,0,TN,0.9782481140195477,>=,0.05,-1
8,sample12_42h.json,2,8,0,0,TN,0.4196330759479471,>=,0.05,-1
9,sample12_42h.json,3,4,1,1,TP,0.9876708696600728,>=,0.05,12
10,sample12_42h.json,3,5,0,0,TN,0.4154385832931349,>=,0.05,-1
11,sample12_42h.json,3,7,0,0,TN,0.1826686513908088,>=,0.05,-1
12,sample12_42h.json,4,7,0,0,TN,0.78208106043741,>=,0.05,-1
13,sample12_42h.json,5,6,1,1,TP,0.2717190023531588,>=,0.05,12
14,sample12_42h.json,5,7,0,0,TN,0.5657547308350559,>=,0.05,-1
15,sample12_42h.json,5,9,0,0,TN,0.6460150798913267,>=,0.05,-1
16,sample12_42h.json,6,9,0,0,TN,0.19967725815300985,>=,0.05,-1
17,sample12_42h.json,6,11,0,0,TN,0.03440693567802455,>=,0.05,-1
18,sample12_42h.json,7,8,0,1,FP,0.9870333435599575,>=,0.05,-1
19,sample12_42h.json,7,9,0,0,TN,0.8173901430779064,>=,0.05,-1
20,sample12_42h.json,7,10,0,0,TN,0.12370525495947704,>=,0.05,-1
21,sample12_42h.json,7,12,0,0,TN,0.8479694301231584,>=,0.05,-1
22,sample12_42h.json,7,13,0,0,TN,0.25813020175160895,>=,0.05,-1
23,sample12_42h.json,8,10,0,0,TN,0.24728474038832604,>=,0.05,-1
24,sample12_42h.json,9,11,0,1,FP,0.7726163503831625,>=,0.05,-1
25,sample12_42h.json,9,13,0,0,TN,0.7573620123571221,>=,0.05,-1
26,sample12_42h.json,9,16,0,0,TN,0.8459573439320407,>=,0.05,-1
27,sample12_42h.json,9,19,0,0,TN,0.13665200788665877,>=,0.05,-1
28,sample12_42h.json,10,12,1,1,TP,0.7475861752250856,>=,0.05,12
29,sample12_42h.json,11,15,1,0,FN,0.46982387427320615,>=,0.05,12
30,sample12_42h.json,11,16,0,0,TN,0.3258834081273855,>=,0.05,-1
31,sample12_42h.json,12,13,0,0,TN,0.7343028775489074,>=,0.05,-1
32,sample12_42h.json,13,19,0,1,FP,0.8451430809582015,>=,0.05,-1
33,sample12_42h.json,13,20,0,0,TN,0.3224607575631726,>=,0.05,-1
34,sample12_42h.json,13,21,0,0,TN,0.15481155666046198,>=,0.05,-1
35,sample12_42h.json,14,17,1,1,TP,0.991684718333888,>=,0.05,12
36,sample12_42h.json,14,18,0,0,TN,0.9191899892378982,>=,0.05,-1
37,sample12_42h.json,15,16,0,0,TN,0.28984114981603737,>=,0.05,-1
38,sample12_42h.json,15,18,0,1,FP,0.8144143079996651,>=,0.05,-1
39,sample12_42h.json,15,23,0,0,TN,0.08969322221638654,>=,0.05,-1
40,sample12_42h.json,16,19,0,0,TN,0.9125459074536547,>=,0.05,-1
41,sample12_42h.json,16,20,0,1,FP,0.7746522352650038,>=,0.05,-1
42,sample12_42h.json,16,22,0,0,TN,0.19686311476052654,>=,0.05,-1
43,sample12_42h.json,16,23,0,0,TN,0.2956872469976992,>=,0.05,-1
44,sample12_42h.json,17,18,0,0,TN,0.5955548548409993,>=,0.05,-1
45,sample12_42h.json,18,23,0,0,TN,0.355757664231393,>=,0.05,-1
46,sample12_42h.json,18,25,0,0,TN,0.7362338159474545,>=,0.05,-1
47,sample12_42h.json,18,26,0,0,TN,0.5923628693439936,>=,0.05,-1
48,sample12_42h.json,19,20,1,0,FN,0.20702865256798964,>=,0.05,12
49,sample12_42h.json,20,21,0,0,TN,0.6101095098839756,>=,0.05,-1
50,sample12_42h.json,20,22,0,0,TN,0.014059085148911854,>=,0.05,-1
51,sample12_42h.json,20,24,0,0,TN,0.11174781530304423,>=,0.05,-1
52,sample12_42h.json,21,24,0,1,FP,0.16120781710665166,>=,0.05,-1
53,sample12_42h.json,22,23,0,1,FP,0.3536777120194139,>=,0.05,-1
54,sample12_42h.json,22,24,0,0,TN,0.011909738341017828,>=,0.05,-1
55,sample12_42h.json,22,28,0,0,TN,0.9299075236636783,>=,0.05,-1
56,sample12_42h.json,23,25,1,0,FN,0.23950895547226136,>=,0.05,12
57,sample12_42h.json,23,28,0,0,TN,0.2706385504450568,>=,0.05,-1
58,sample12_42h.json,25,26,0,0,TN,0.37564232570525413,>=,0.05,-1
59,sample12_42h.json,25,27,0,1,FP,0.9407387157284419,>=,0.05,-1
60,sample12_42h.json,25,28,0,0,TN,0.35181932914803804,>=,0.05,-1
61,sample12_42h.json,25,29,0,0,TN,0.4311328562045973,>=,0.05,-1
62,sample12_42h.json,26,27,1,0,FN,0.29850727250244835,>=,0.05,12
63,sample12_42h.json,26,30,0,1,FP,0.9762450350517937,>=,0.05,-1
64,sample12_42h.json,27,29,0,0,TN,0.36485722486725036,>=,0.05,-1
65,sample12_42h.json,27,30,0,0,TN,0.0835374209896318,>=,0.05,-1
66,sample12_42h.json,28,29,1,1,TP,0.6579823942390767,>=,0.05,12
67,sample12_42h.json,29,30,0,0,TN,0.7166049207154763,>=,0.05,-1
1,sample1_18h.json,0,2,0,0,TN,0.3722410241950189,>=,0.05,-1
2,sample1_18h.json,0,5,0,0,TN,0.21138515544988745,>=,0.05,-1
3,sample1_18h.json,0,6,0,1,FP,0.4092514511835781,>=,0.05,-1
4,sample1_18h.json,1,2,1,0,FN,0.4390682105123638,>=,0.05,4
5,sample1_18h.json,1,3,0,1,FP,0.9952998033878611,>=,0.05,-1
6,sample1_18h.json,1,4,0,0,TN,0.8584353255541872,>=,0.05,-1
7,sample1_18h.json,1,5,0,0,TN,0.6209088984199513,>=,0.05,-1
8,sample1_18h.json,1,7,0,0,TN,0.19391794786825467,>=,0.05,-1
9,sample1_18h.json,1,8,0,0,TN,0.687914521389034,>=,0.05,-1
10,sample1_18h.json,2,5,0,1,FP,0.7589990022820635,>=,0.05,-1
11,sample1_18h.json,3,4,1,0,FN,0.0753887386943477,>=,0.05,2
12,sample1_18h.json,4,8,0,0,TN,0.37948651670215705,>=,0.05,-1
13,sample1_18h.json,4,9,0,0,TN,0.32684779754580884,>=,0.05,-1
14,sample1_18h.json,5,6,0,0,TN,0.5704313226114667,>=,0.05,-1
15,sample1_18h.json,5,7,1,0,FN,0.653053218368288,>=,0.05,2
16,sample1_18h.json,6,7,0,0,TN,0.18138778838836134,>=,0.05,-1
17,sample1_18h.json,6,11,0,0,TN,0.4696594361137143,>=,0.05,-1
18,sample1_18h.json,7,8,0,1,FP,0.9921678865358946,>=,0.05,-1
19,sample1_18h.json,7,10,0,0,TN,0.01585263922737412,>=,0.05,-1
20,sample1_18h.json,7,11,0,0,TN,0.3709936118290369,>=,0.05,-1
21,sample1_18h.json,8,9,0,0,TN,0.33431246385630486,>=,0.05,-1
22,sample1_18h.json,8,10,0,0,TN,0.4055830200225494,>=,0.05,-1
23,sample1_18h.json,8,12,1,0,FN,0.8691937155246815,>=,0.05,2
24,sample1_18h.json,9,12,0,0,TN,0.43830503829947387,>=,0.05,-1
25,sample1_18h.json,9,13,1,1,TP,0.8830780014959977,>=,0.05,18
26,sample1_18h.json,10,11,0,1,FP,0.5755398430302386,>=,0.05,-1
27,sample1_18h.json,10,12,0,0,TN,0.4246176949346334,>=,0.05,-1
28,sample1_18h.json,10,14,1,0,FN,0.2523030876577458,>=,0.05,10
29,sample1_18h.json,10,15,0,0,TN,0.8236138553216305,>=,0.05,-1
30,sample1_18h.json,10,18,0,0,TN,0.6442005180032749,>=,0.05,-1
31,sample1_18h.json,11,15,1,0,FN,0.2122260698821593,>=,0.05,8
32,sample1_18h.json,12,13,0,0,TN,0.13007049345508348,>=,0.05,-1
33,sample1_18h.json,12,14,0,0,TN,0.12543132865315298,>=,0.05,-1
34,sample1_18h.json,12,17,0,1,FP,0.9090719628493051,>=,0.05,-1
35,sample1_18h.json,13,17,0,0,TN,0.4033915375960583,>=,0.05,-1
36,sample1_18h.json,14,17,0,0,TN,0.8203077943609558,>=,0.05,-1
37,sample1_18h.json,14,18,0,1,FP,0.8953620927597769,>=,0.05,-1
38,sample1_18h.json,14,20,0,0,TN,0.2263330477942842,>=,0.05,-1
39,sample1_18h.json,15,16,0,0,TN,0.03257234981461099,>=,0.05,-1
40,sample1_18h.json,15,18,0,0,TN,0.18033608654568278,>=,0.05,-1
41,sample1_18h.json,15,19,0,1,FP,0.7729787056611062,>=,0.05,-1
42,sample1_18h.json,16,19,0,0,TN,0.015413176121161998,>=,0.05,-1
43,sample1_18h.json,17,20,0,0,TN,0.5641320600178602,>=,0.05,-1
44,sample1_18h.json,17,21,0,0,TN,0.19126676558804678,>=,0.05,-1
45,sample1_18h.json,18,19,0,0,TN,0.7666606823802343,>=,0.05,-1
46,sample1_18h.json,18,20,0,0,TN,0.4793756964294549,>=,0.05,-1
47,sample1_18h.json,18,22,1,0,FN,0.5490799390767672,>=,0.05,14
48,sample1_18h.json,19,22,0,0,TN,0.2934082569002835,>=,0.05,-1
49,sample1_18h.json,19,23,1,0,FN,0.45657850369813724,>=,0.05,10
50,sample1_18h.json,20,21,0,0,TN,0.045712602945798264,>=,0.05,-1
51,sample1_18h.json,20,22,0,1,FP,0.8095196470699202,>=,0.05,-1
52,sample1_18h.json,20,24,0,0,TN,0.907498923376134,>=,0.05,-1
53,sample1_18h.json,21,24,1,1,TP,0.7526475197183664,>=,0.05,2
54,sample1_18h.json,22,23,0,0,TN,0.4956222724478515,>=,0.05,-1
1,sample1_38h.json,0,1,0,1,FP,0.8437843494440268,>=,0.05,-1
2,sample1_38h.json,0,2,1,0,FN,0.0038208757991569087,>=,0.05,6
3,sample1_38h.json,1,2,0,0,TN,0.6659574069882108,>=,0.05,-1
4,sample1_38h.json,1,5,0,0,TN,0.7673859173155502,>=,0.05,-1
5,sample1_38h.json,2,4,0,0,TN,0.3266562371922701,>=,0.05,-1
6,sample1_38h.json,2,5,0,1,FP,0.8565716909439779,>=,0.05,-1
7,sample1_38h.json,2,6,0,0,TN,0.00019000160734350402,>=,0.05,-1
8,sample1_38h.json,2,7,0,0,TN,0.6321202114386374,>=,0.05,-1
9,sample1_38h.json,2,8,0,0,TN,0.30102398098061556,>=,0.05,-1
10,sample1_38h.json,3,4,0,1,FP,0.6286279237601524,>=,0.05,-1
11,sample1_38h.json,3,6,0,0,TN,0.25135865955029335,>=,0.05,-1
12,sample1_38h.json,3,9,1,0,FN,0.20977987008694876,>=,0.05,8
13,sample1_38h.json,4,6,1,0,FN,0.626160386805535,>=,0.05,10
14,sample1_38h.json,5,7,0,0,TN,0.4969348206161799,>=,0.05,-1
15,sample1_38h.json,5,10,1,0,FN,0.18728068830903188,>=,0.05,2
16,sample1_38h.json,6,8,0,0,TN,0.8861749299123011,>=,0.05,-1
17,sample1_38h.json,6,9,0,1,FP,0.8823866619873597,>=,0.05,-1
18,sample1_38h.json,6,11,0,0,TN,0.5495684050294842,>=,0.05,-1
19,sample1_38h.json,7,8,0,1,FP,0.706096027537059,>=,0.05,-1
20,sample1_38h.json,7,10,0,0,TN,0.4513867350535361,>=,0.05,-1
21,sample1_38h.json,7,12,0,0,TN,0.8014433643708679,>=,0.05,-1
22,sample1_38h.json,7,13,0,0,TN,0.8338562462810244,>=,0.05,-1
23,sample1_38h.json,7,15,0,0,TN,0.7641596992838674,>=,0.05,-1
24,sample1_38h.json,8,11,0,0,TN,0.2431488392814517,>=,0.05,-1
25,sample1_38h.json,8,12,1,0,FN,0.02448846019798312,>=,0.05,6
26,sample1_38h.json,9,11,0,0,TN,0.6582530782913107,>=,0.05,-1
27,sample1_38h.json,9,14,0,0,TN,0.4112576944834281,>=,0.05,-1
28,sample1_38h.json,10,13,0,1,FP,0.8942608451139047,>=,0.05,-1
29,sample1_38h.json,11,12,0,0,TN,0.8598475275467088,>=,0.05,-1
30,sample1_38h.json,11,14,0,0,TN,0.533752093995238,>=,0.05,-1
31,sample1_38h.json,11,17,0,0,TN,0.3774441506555125,>=,0.05,-1
32,sample1_38h.json,11,19,0,0,TN,0.7129895409253554,>=,0.05,-1
33,sample1_38h.json,11,20,0,1,FP,0.709369695512404,>=,0.05,-1
34,sample1_38h.json,12,15,0,0,TN,0.6822828931380144,>=,0.05,-1
35,sample1_38h.json,12,17,0,1,FP,0.8424240543403356,>=,0.05,-1
36,sample1_38h.json,13,15,0,0,TN,0.5773185852448267,>=,0.05,-1
37,sample1_38h.json,13,16,1,0,FN,0.5160434798402053,>=,0.05,2
38,sample1_38h.json,14,18,1,0,FN,0.5169081336074016,>=,0.05,6
39,sample1_38h.json,14,19,0,1,FP,0.8889806580193464,>=,0.05,-1
40,sample1_38h.json,14,23,0,0,TN,0.3667511334276281,>=,0.05,-1
41,sample1_38h.json,15,16,0,1,FP,0.8419158598104048,>=,0.05,-1
42,sample1_38h.json,15,17,0,0,TN,0.5048895637581793,>=,0.05,-1
43,sample1_38h.json,15,22,0,0,TN,0.08533895076932674,>=,0.05,-1
44,sample1_38h.json,15,24,0,0,TN,0.4489819873125963,>=,0.05,-1
45,sample1_38h.json,16,21,0,0,TN,0.291196397645873,>=,0.05,-1
46,sample1_38h.json,16,24,0,0,TN,0.5278850446638402,>=,0.05,-1
47,sample1_38h.json,16,26,0,0,TN,0.8533098553353946,>=,0.05,-1
48,sample1_38h.json,17,20,0,0,TN,0.17945552722045732,>=,0.05,-1
49,sample1_38h.json,17,22,1,0,FN,0.4752246242920236,>=,0.05,8
50,sample1_38h.json,18,23,0,0,TN,0.5825022517351911,>=,0.05,-1
51,sample1_38h.json,18,25,0,1,FP,0.7698203115008191,>=,0.05,-1
52,sample1_38h.json,19,20,1,0,FN,0.9409769625013746,>=,0.05,2
53,sample1_38h.json,19,23,0,0,TN,0.5506078812350768,>=,0.05,-1
54,sample1_38h.json,19,27,0,0,TN,0.9216180188623789,>=,0.05,-1
55,sample1_38h.json,20,22,0,0,TN,0.3365589623455405,>=,0.05,-1
56,sample1_38h.json,20,27,0,0,TN,0.76431977131766,>=,0.05,-1
57,sample1_38h.json,21,26,0,0,TN,0.7637254583177344,>=,0.05,-1
58,sample1_38h.json,21,28,1,1,TP,0.5512789807712775,>=,0.05,8
59,sample1_38h.json,22,24,0,0,TN,0.17378871872749102,>=,0.05,-1
60,sample1_38h.json,22,27,0,0,TN,0.38620429566027503,>=,0.05,-1
61,sample1_38h.json,22,29,0,0,TN,0.2908501182392267,>=,0.05,-1
62,sample1_38h.json,22,30,0,1,FP,0.9668786192650846,>=,0.05,-1
63,sample1_38h.json,23,25,1,0,FN,0.6446224609754608,>=,0.05,6
64,sample1_38h.json,23,27,0,1,FP,0.9090378367619917,>=,0.05,-1
65,sample1_38h.json,23,31,0,0,TN,0.2961597696343873,>=,0.05,-1
66,sample1_38h.json,23,35,0,0,TN,0.42894005858578843,>=,0.05,-1
67,sample1_38h.json,24,26,1,1,TP,0.5673723256985629,>=,0.05,4
68,sample1_38h.json,24,29,0,0,TN,0.3547281833903093,>=,0.05,-1
69,sample1_38h.json,25,33,0,0,TN,0.45649962715394876,>=,0.05,-1
70,sample1_38h.json,25,35,0,0,TN,0.599307057201131,>=,0.05,-1
71,sample1_38h.json,26,28,0,0,TN,0.028285974350577336,>=,0.05,-1
72,sample1_38h.json,26,29,0,0,TN,0.3398111548971746,>=,0.05,-1
73,sample1_38h.json,26,32,0,0,TN,0.00022169971029817326,>=,0.05,-1
74,sample1_38h.json,27,30,0,0,TN,0.48253762200167294,>=,0.05,-1
75,sample1_38h.json,27,31,1,0,FN,0.6080006650804403,>=,0.05,10
76,sample1_38h.json,28,32,0,0,TN,0.09299046006566758,>=,0.05,-1
77,sample1_38h.json,28,37,0,0,TN,0.24209440214479672,>=,0.05,-1
78,sample1_38h.json,29,30,0,0,TN,0.8039918210590137,>=,0.05,-1
79,sample1_38h.json,29,32,0,1,FP,0.8402815598495977,>=,0.05,-1
80,sample1_38h.json,29,36,1,0,FN,0.38773325427036465,>=,0.05,2
81,sample1_38h.json,30,31,0,0,TN,0.8142237305412268,>=,0.05,-1
82,sample1_38h.json,30,34,1,0,FN,0.27714025303214274,>=,0.05,2
83,sample1_38h.json,30,36,0,0,TN,0.7061082223134817,>=,0.05,-1
84,sample1_38h.json,31,34,0,0,TN,0.5454566236571144,>=,0.05,-1
85,sample1_38h.json,31,35,0,0,TN,0.4400990789026624,>=,0.05,-1
86,sample1_38h.json,31,38,0,1,FP,0.6564422761737766,>=,0.05,-1
87,sample1_38h.json,32,36,0,0,TN,0.01339067909718994,>=,0.05,-1
88,sample1_38h.json,32,37,1,0,FN,0.1624434427083553,>=,0.05,2
89,sample1_38h.json,32,40,0,0,TN,0.2938234643879565,>=,0.05,-1
90,sample1_38h.json,33,35,1,1,TP,0.6805626097695981,>=,0.05,2
91,sample1_38h.json,33,41,0,0,TN,0.7062353133613742,>=,0.05,-1
92,sample1_38h.json,34,36,0,1,FP,0.6807608241860267,>=,0.05,-1
93,sample1_38h.json,34,38,0,0,TN,0.7676171065637424,>=,0.05,-1
94,sample1_38h.json,34,39,0,0,TN,0.07955156101373462,>=,0.05,-1
95,sample1_38h.json,35,38,0,0,TN,0.1058889084153547,>=,0.05,-1
96,sample1_38h.json,35,41,0,0,TN,0.8553511602621139,>=,0.05,-1
97,sample1_38h.json,35,43,0,0,TN,0.3568377529611344,>=,0.05,-1
98,sample1_38h.json,36,39,0,0,TN,0.5683712904835098,>=,0.05,-1
99,sample1_38h.json,36,40,0,0,TN,0.5035028057334142,>=,0.05,-1
100,sample1_38h.json,37,40,0,1,FP,0.6266625713376246,>=,0.05,-1
101,sample1_38h.json,37,42,0,0,TN,0.07694671122795227,>=,0.05,-1
102,sample1_38h.json,38,39,0,0,TN,0.7697902263664144,>=,0.05,-1
103,sample1_38h.json,38,43,0,0,TN,0.12340232816315366,>=,0.05,-1
104,sample1_38h.json,38,45,1,0,FN,0.6813744618340352,>=,0.05,2
105,sample1_38h.json,39,40,0,0,TN,0.40214209915071075,>=,0.05,-1
106,sample1_38h.json,39,44,1,0,FN,0.49226163606213835,>=,0.05,2
107,sample1_38h.json,39,45,0,1,FP,0.6716937343607445,>=,0.05,-1
108,sample1_38h.json,39,47,0,0,TN,0.3710027506956368,>=,0.05,-1
109,sample1_38h.json,40,42,1,0,FN,0.04603747135147218,>=,0.05,4
110,sample1_38h.json,40,44,0,0,TN,0.9642115517216056,>=,0.05,-1
111,sample1_38h.json,41,43,1,0,FN,0.522676899407916,>=,0.05,2
112,sample1_38h.json,41,46,0,1,FP,0.7421446410608609,>=,0.05,-1
113,sample1_38h.json,42,44,0,0,TN,0.5312948337241725,>=,0.05,-1
114,sample1_38h.json,42,48,0,1,FP,0.8196869026699722,>=,0.05,-1
115,sample1_38h.json,42,49,0,0,TN,0.5646161790877259,>=,0.05,-1
116,sample1_38h.json,43,45,0,0,TN,0.12275687838719596,>=,0.05,-1
117,sample1_38h.json,43,46,0,0,TN,0.6419065646558053,>=,0.05,-1
118,sample1_38h.json,43,50,0,0,TN,0.1727406694369843,>=,0.05,-1
119,sample1_38h.json,43,51,0,1,FP,0.8236541350166275,>=,0.05,-1
120,sample1_38h.json,43,52,0,0,TN,0.6810616004728154,>=,0.05,-1
121,sample1_38h.json,44,47,0,1,FP,0.9398086381431077,>=,0.05,-1
122,sample1_38h.json,44,49,0,0,TN,0.6290807895415105,>=,0.05,-1
123,sample1_38h.json,45,47,0,0,TN,0.22516309745477103,>=,0.05,-1
124,sample1_38h.json,45,50,0,0,TN,0.5571375458252831,>=,0.05,-1
125,sample1_38h.json,46,51,1,0,FN,0.771772276959897,>=,0.05,6
126,sample1_38h.json,47,49,0,0,TN,0.7118882975250763,>=,0.05,-1
127,sample1_38h.json,47,50,0,0,TN,0.3422967060014851,>=,0.05,-1
128,sample1_38h.json,47,57,0,0,TN,0.6553511506038042,>=,0.05,-1
129,sample1_38h.json,47,58,0,0,TN,0.9352690613010743,>=,0.05,-1
130,sample1_38h.json,48,49,0,0,TN,0.6848100430995354,>=,0.05,-1
131,sample1_38h.json,48,54,0,0,TN,0.36730140225246877,>=,0.05,-1
132,sample1_38h.json,48,55,0,0,TN,0.9107583303834285,>=,0.05,-1
133,sample1_38h.json,49,54,1,0,FN,0.8276241927281727,>=,0.05,10
134,sample1_38h.json,49,58,0,1,FP,0.8551837602671677,>=,0.05,-1
135,sample1_38h.json,50,52,1,0,FN,0.10684137669330163,>=,0.05,12
136,sample1_38h.json,50,57,0,0,TN,0.290828833640688,>=,0.05,-1
137,sample1_38h.json,51,52,0,0,TN,0.7901278026602023,>=,0.05,-1
138,sample1_38h.json,51,53,0,0,TN,0.2748074958846842,>=,0.05,-1
139,sample1_38h.json,52,53,0,0,TN,0.0737059355578561,>=,0.05,-1
140,sample1_38h.json,52,57,0,1,FP,0.6832660124725859,>=,0.05,-1
141,sample1_38h.json,52,59,0,0,TN,0.799269956479039,>=,0.05,-1
142,sample1_38h.json,52,60,0,0,TN,0.6417678081403646,>=,0.05,-1
143,sample1_38h.json,53,60,0,0,TN,0.34484333642500453,>=,0.05,-1
144,sample1_38h.json,53,63,0,1,FP,0.5597733189675487,>=,0.05,-1
145,sample1_38h.json,54,55,0,0,TN,0.02151995144746044,>=,0.05,-1
146,sample1_38h.json,54,58,0,0,TN,0.5626616557530582,>=,0.05,-1
147,sample1_38h.json,54,61,0,1,FP,0.8568011747150781,>=,0.05,-1
148,sample1_38h.json,54,62,0,0,TN,0.07805323501457007,>=,0.05,-1
149,sample1_38h.json,55,56,1,1,TP,0.383319396547832,>=,0.05,2
150,sample1_38h.json,55,61,0,0,TN,0.16486371752648665,>=,0.05,-1
151,sample1_38h.json,56,61,0,0,TN,0.3800078966332565,>=,0.05,-1
152,sample1_38h.json,57,58,0,0,TN,0.013007673374885287,>=,0.05,-1
153,sample1_38h.json,57,59,1,0,FN,0.8277629198311454,>=,0.05,6
154,sample1_38h.json,57,64,0,0,TN,0.4962433103412679,>=,0.05,-1
155,sample1_38h.json,58,62,1,0,FN,0.43591806556227874,>=,0.05,20
156,sample1_38h.json,58,64,0,0,TN,0.6017947156364513,>=,0.05,-1
157,sample1_38h.json,59,60,0,1,FP,0.8500282042549004,>=,0.05,-1
158,sample1_38h.json,59,64,0,0,TN,0.2912607248243877,>=,0.05,-1
159,sample1_38h.json,59,65,0,0,TN,0.2675169724052795,>=,0.05,-1
160,sample1_38h.json,60,63,1,0,FN,0.04949420771216173,>=,0.05,20
161,sample1_38h.json,60,65,0,0,TN,0.26639909373329085,>=,0.05,-1
162,sample1_38h.json,61,62,0,0,TN,0.06621184820476289,>=,0.05,-1
163,sample1_38h.json,61,66,1,0,FN,0.041558487173887326,>=,0.05,20
164,sample1_38h.json,61,67,0,0,TN,0.5527305622103671,>=,0.05,-1
165,sample1_38h.json,62,64,0,0,TN,0.18383488740355458,>=,0.05,-1
166,sample1_38h.json,62,67,0,0,TN,0.07425772206542136,>=,0.05,-1
167,sample1_38h.json,64,65,1,1,TP,0.9167147414133402,>=,0.05,12
168,sample1_38h.json,64,67,0,0,TN,0.1487338924706233,>=,0.05,-1
169,sample1_38h.json,64,68,0,0,TN,0.09483079072396783,>=,0.05,-1
170,sample1_38h.json,65,68,0,0,TN,0.9706780583272027,>=,0.05,-1
171,sample1_38h.json,66,67,0,1,FP,0.6669669639016361,>=,0.05,-1
172,sample1_38h.json,66,69,0,0,TN,0.7257540416698312,>=,0.05,-1
173,sample1_38h.json,67,68,0,0,TN,0.5632039958201955,>=,0.05,-1
174,sample1_38h.json,67,69,1,0,FN,0.07038971412017925,>=,0.05,16
175,sample1_38h.json,68,69,0,1,FP,0.8418772404125445,>=,0.05,-1
1,sample1_58h.json,0,1,1,1,TP,0.4180290042052578,>=,0.05,16
2,sample1_58h.json,0,2,0,0,TN,0.3924678243761738,>=,0.05,-1
3,sample1_58h.json,0,5,0,0,TN,0.13530924400438926,>=,0.05,-1
4,sample1_58h.json,0,6,0,0,TN,0.11321988583128051,>=,0.05,-1
5,sample1_58h.json,1,3,0,0,TN,0.5222459329102984,>=,0.05,-1
6,sample1_58h.json,1,4,0,0,TN,0.5687435895691126,>=,0.05,-1
7,sample1_58h.json,1,6,0,0,TN,0.5186855427460793,>=,0.05,-1
8,sample1_58h.json,2,5,1,0,FN,0.6131246779542143,>=,0.05,10
9,sample1_58h.json,2,7,0,1,FP,0.8776434630874401,>=,0.05,-1
10,sample1_58h.json,3,4,0,0,TN,0.5042048449445539,>=,0.05,-1
11,sample1_58h.json,3,8,0,1,FP,0.37914767869986854,>=,0.05,-1
12,sample1_58h.json,3,10,0,0,TN,0.25657270258042775,>=,0.05,-1
13,sample1_58h.json,4,6,1,0,FN,0.30684664245492477,>=,0.05,12
14,sample1_58h.json,4,8,0,0,TN,0.5608070533590342,>=,0.05,-1
15,sample1_58h.json,4,14,0,1,FP,0.795372341166364,>=,0.05,-1
16,sample1_58h.json,5,6,0,1,FP,0.4411210299320396,>=,0.05,-1
17,sample1_58h.json,5,7,0,0,TN,0.0407623273086144,>=,0.05,-1
18,sample1_58h.json,5,9,0,0,TN,0.1881545037427702,>=,0.05,-1
19,sample1_58h.json,6,9,0,0,TN,0.09065223342495876,>=,0.05,-1
20,sample1_58h.json,6,13,0,0,TN,0.3333434140297783,>=,0.05,-1
21,sample1_58h.json,6,14,0,0,TN,0.6843766580709426,>=,0.05,-1
22,sample1_58h.json,7,9,1,0,FN,0.5907147319048698,>=,0.05,2
23,sample1_58h.json,7,12,0,0,TN,0.6621275899582407,>=,0.05,-1
24,sample1_58h.json,8,10,1,0,FN,0.4545951309204591,>=,0.05,8
25,sample1_58h.json,8,14,0,0,TN,0.10978053695110701,>=,0.05,-1
26,sample1_58h.json,8,16,0,0,TN,0.2962559550393429,>=,0.05,-1
27,sample1_58h.json,9,12,0,1,FP,0.5109604789214502,>=,0.05,-1
28,sample1_58h.json,9,13,0,0,TN,0.4971649650726536,>=,0.05,-1
29,sample1_58h.json,9,15,0,0,TN,0.24366138788293934,>=,0.05,-1
30,sample1_58h.json,10,16,0,1,FP,0.8253015581668586,>=,0.05,-1
31,sample1_58h.json,11,12,0,0,TN,0.43331333598704,>=,0.05,-1
32,sample1_58h.json,11,17,0,1,FP,0.8454561251606802,>=,0.05,-1
33,sample1_58h.json,11,18,0,0,TN,0.2654926303315115,>=,0.05,-1
34,sample1_58h.json,12,15,0,0,TN,0.94193958587313,>=,0.05,-1
35,sample1_58h.json,12,17,1,0,FN,0.11185734640122513,>=,0.05,4
36,sample1_58h.json,13,14,1,0,FN,0.7691824905147556,>=,0.05,10
37,sample1_58h.json,13,15,0,0,TN,0.02018645300971933,>=,0.05,-1
38,sample1_58h.json,13,19,0,0,TN,0.23632066354151104,>=,0.05,-1
39,sample1_58h.json,13,20,0,1,FP,0.8705533043101933,>=,0.05,-1
40,sample1_58h.json,14,16,0,0,TN,0.3501049998112872,>=,0.05,-1
41,sample1_58h.json,14,20,0,0,TN,0.9324794930587861,>=,0.05,-1
42,sample1_58h.json,15,17,0,0,TN,0.9294170006228567,>=,0.05,-1
43,sample1_58h.json,15,19,0,0,TN,0.8001925768935053,>=,0.05,-1
44,sample1_58h.json,15,23,0,0,TN,0.3961054492248157,>=,0.05,-1
45,sample1_58h.json,15,24,0,1,FP,0.8582685034359774,>=,0.05,-1
46,sample1_58h.json,16,20,0,0,TN,0.45710433692881935,>=,0.05,-1
47,sample1_58h.json,16,21,0,0,TN,0.12617219508562783,>=,0.05,-1
48,sample1_58h.json,16,22,0,0,TN,0.8519583689191783,>=,0.05,-1
49,sample1_58h.json,17,18,0,0,TN,0.8162467044218958,>=,0.05,-1
50,sample1_58h.json,17,24,0,0,TN,0.13556544045230434,>=,0.05,-1
51,sample1_58h.json,18,24,0,0,TN,0.8665265169784578,>=,0.05,-1
52,sample1_58h.json,18,28,0,0,TN,0.5189630531037512,>=,0.05,-1
53,sample1_58h.json,18,30,0,1,FP,0.743590758512176,>=,0.05,-1
54,sample1_58h.json,19,20,1,0,FN,0.2681760207996594,>=,0.05,10
55,sample1_58h.json,19,23,0,0,TN,0.21546148382164965,>=,0.05,-1
56,sample1_58h.json,19,27,0,1,FP,0.8483128149076781,>=,0.05,-1
57,sample1_58h.json,20,22,0,0,TN,0.6002137980585972,>=,0.05,-1
58,sample1_58h.json,20,26,0,0,TN,0.1477054656086515,>=,0.05,-1
59,sample1_58h.json,20,27,0,0,TN,0.3658700862517067,>=,0.05,-1
60,sample1_58h.json,21,22,1,1,TP,0.859035818221462,>=,0.05,2
61,sample1_58h.json,21,25,0,0,TN,0.4682835817141465,>=,0.05,-1
62,sample1_58h.json,22,25,0,0,TN,0.3368528956123934,>=,0.05,-1
63,sample1_58h.json,22,26,0,0,TN,0.3409538648840309,>=,0.05,-1
64,sample1_58h.json,23,24,1,0,FN,0.8246442022339677,>=,0.05,14
65,sample1_58h.json,23,27,0,0,TN,0.4542990275397899,>=,0.05,-1
66,sample1_58h.json,23,28,0,1,FP,0.9483535027347262,>=,0.05,-1
67,sample1_58h.json,23,29,0,0,TN,0.3122001509015734,>=,0.05,-1
68,sample1_58h.json,24,28,0,0,TN,0.7564803291690853,>=,0.05,-1
69,sample1_58h.json,25,26,0,0,TN,0.28570549269068624,>=,0.05,-1
70,sample1_58h.json,25,33,0,0,TN,0.7678388019758179,>=,0.05,-1
71,sample1_58h.json,26,27,0,0,TN,0.017597976477304877,>=,0.05,-1
72,sample1_58h.json,26,29,0,0,TN,0.12982098156158361,>=,0.05,-1
73,sample1_58h.json,26,32,1,0,FN,0.25925690652952893,>=,0.05,6
74,sample1_58h.json,26,33,0,1,FP,0.870091964631436,>=,0.05,-1
75,sample1_58h.json,27,29,1,0,FN,0.32249837634659284,>=,0.05,20
76,sample1_58h.json,28,30,0,0,TN,0.48352554120081614,>=,0.05,-1
77,sample1_58h.json,28,31,0,0,TN,0.10704452004473874,>=,0.05,-1
78,sample1_58h.json,28,34,0,0,TN,0.5666782860196686,>=,0.05,-1
79,sample1_58h.json,28,35,0,0,TN,0.09599453394338342,>=,0.05,-1
80,sample1_58h.json,28,36,0,0,TN,0.14160233782312348,>=,0.05,-1
81,sample1_58h.json,29,31,0,1,FP,0.8009723951910761,>=,0.05,-1
82,sample1_58h.json,29,32,0,0,TN,0.24391028624261135,>=,0.05,-1
83,sample1_58h.json,30,35,1,0,FN,0.06125371109147981,>=,0.05,2
84,sample1_58h.json,31,32,0,0,TN,0.6018248802352767,>=,0.05,-1
85,sample1_58h.json,31,34,1,0,FN,0.1465001560206799,>=,0.05,2
86,sample1_58h.json,31,38,0,0,TN,0.05281672374379953,>=,0.05,-1
87,sample1_58h.json,32,33,0,0,TN,0.8305523165288154,>=,0.05,-1
88,sample1_58h.json,32,37,0,0,TN,0.39718282095416035,>=,0.05,-1
89,sample1_58h.json,32,38,0,1,FP,0.8654750760717376,>=,0.05,-1
90,sample1_58h.json,32,40,0,0,TN,0.7440314680528893,>=,0.05,-1
91,sample1_58h.json,33,37,0,0,TN,0.2009640299899489,>=,0.05,-1
92,sample1_58h.json,34,36,0,0,TN,0.0848112958859929,>=,0.05,-1
93,sample1_58h.json,34,38,0,0,TN,0.17135725240697341,>=,0.05,-1
94,sample1_58h.json,34,39,0,1,FP,0.49458016446717656,>=,0.05,-1
95,sample1_58h.json,34,41,0,0,TN,0.35774813957259866,>=,0.05,-1
96,sample1_58h.json,35,36,0,1,FP,0.8319820431690634,>=,0.05,-1
97,sample1_58h.json,35,42,0,0,TN,0.46924084305357583,>=,0.05,-1
98,sample1_58h.json,36,39,1,0,FN,0.5547497004438227,>=,0.05,8
99,sample1_58h.json,36,42,0,0,TN,0.3874522444574018,>=,0.05,-1
100,sample1_58h.json,36,43,0,0,TN,0.7549003383649948,>=,0.05,-1
101,sample1_58h.json,37,40,1,1,TP,0.688939791286174,>=,0.05,12
102,sample1_58h.json,38,40,0,0,TN,0.6857723340752234,>=,0.05,-1
103,sample1_58h.json,38,41,1,0,FN,0.7715943884023879,>=,0.05,12
104,sample1_58h.json,38,45,0,0,TN,0.39860612871710566,>=,0.05,-1
105,sample1_58h.json,39,41,0,0,TN,0.11908584123976218,>=,0.05,-1
106,sample1_58h.json,39,43,0,0,TN,0.8179334441482549,>=,0.05,-1
107,sample1_58h.json,39,44,0,0,TN,0.34552248556107346,>=,0.05,-1
108,sample1_58h.json,40,45,0,0,TN,0.691762616056458,>=,0.05,-1
109,sample1_58h.json,40,47,0,0,TN,0.9884659093745672,>=,0.05,-1
110,sample1_58h.json,41,44,0,0,TN,0.701761735444785,>=,0.05,-1
111,sample1_58h.json,41,45,0,1,FP,0.9066857311312557,>=,0.05,-1
112,sample1_58h.json,41,48,0,0,TN,0.01335494863448805,>=,0.05,-1
113,sample1_58h.json,42,43,0,0,TN,0.6037174698534201,>=,0.05,-1
114,sample1_58h.json,42,46,1,0,FN,0.09732269218818412,>=,0.05,18
115,sample1_58h.json,43,44,1,0,FN,0.8725046308244404,>=,0.05,4
116,sample1_58h.json,43,46,0,1,FP,0.9602477530312853,>=,0.05,-1
117,sample1_58h.json,43,49,0,0,TN,0.03415357753568293,>=,0.05,-1
118,sample1_58h.json,44,48,0,0,TN,0.13326135036890807,>=,0.05,-1
119,sample1_58h.json,44,49,0,1,FP,0.8327610351493956,>=,0.05,-1
120,sample1_58h.json,44,50,0,0,TN,0.6868864269896168,>=,0.05,-1
121,sample1_58h.json,45,47,0,0,TN,0.9816577765860093,>=,0.05,-1
122,sample1_58h.json,45,48,0,0,TN,0.7565091948524348,>=,0.05,-1
123,sample1_58h.json,45,51,0,0,TN,0.5941900745245673,>=,0.05,-1
124,sample1_58h.json,46,49,0,0,TN,0.5392432537065587,>=,0.05,-1
125,sample1_58h.json,46,53,0,0,TN,0.00986735970751551,>=,0.05,-1
126,sample1_58h.json,47,51,0,1,FP,0.7838147042162945,>=,0.05,-1
127,sample1_58h.json,47,52,0,0,TN,0.38400178640768756,>=,0.05,-1
128,sample1_58h.json,47,55,0,0,TN,0.10665319951510266,>=,0.05,-1
129,sample1_58h.json,48,50,0,1,FP,0.5468347971127406,>=,0.05,-1
130,sample1_58h.json,48,51,0,0,TN,0.3699627401117499,>=,0.05,-1
131,sample1_58h.json,48,54,1,0,FN,0.6058579549524877,>=,0.05,18
132,sample1_58h.json,49,50,1,0,FN,0.016672126722240388,>=,0.05,10
133,sample1_58h.json,49,53,0,0,TN,0.16497611157512027,>=,0.05,-1
134,sample1_58h.json,50,53,0,0,TN,0.5398309298185687,>=,0.05,-1
135,sample1_58h.json,50,54,0,0,TN,0.6099074162239753,>=,0.05,-1
136,sample1_58h.json,50,56,0,0,TN,0.08221415927282527,>=,0.05,-1
137,sample1_58h.json,50,57,0,0,TN,0.6363778754449417,>=,0.05,-1
138,sample1_58h.json,51,54,0,0,TN,0.8412211483671104,>=,0.05,-1
139,sample1_58h.json,51,55,1,0,FN,0.2867836259119313,>=,0.05,12
140,sample1_58h.json,52,55,0,0,TN,0.5213307786402108,>=,0.05,-1
141,sample1_58h.json,52,58,0,1,FP,0.9061192749231478,>=,0.05,-1
142,sample1_58h.json,52,60,0,0,TN,0.7029596852457668,>=,0.05,-1
143,sample1_58h.json,53,56,1,0,FN,0.2067223279584668,>=,0.05,4
144,sample1_58h.json,54,55,0,1,FP,0.9664926749985038,>=,0.05,-1
145,sample1_58h.json,54,57,0,0,TN,0.3420750439623803,>=,0.05,-1
146,sample1_58h.json,54,59,0,0,TN,0.8242024408289295,>=,0.05,-1
147,sample1_58h.json,55,58,0,0,TN,0.4525174757234932,>=,0.05,-1
148,sample1_58h.json,55,59,0,0,TN,0.7897675622034946,>=,0.05,-1
149,sample1_58h.json,56,57,0,0,TN,0.920922674130749,>=,0.05,-1
150,sample1_58h.json,56,61,0,1,FP,0.9027233339116116,>=,0.05,-1
151,sample1_58h.json,57,59,0,1,FP,0.8046024606542672,>=,0.05,-1
152,sample1_58h.json,57,61,1,0,FN,0.3229723309001037,>=,0.05,24
153,sample1_58h.json,57,64,0,0,TN,0.9126296644637996,>=,0.05,-1
154,sample1_58h.json,57,68,0,0,TN,0.15333977409208044,>=,0.05,-1
155,sample1_58h.json,58,59,0,0,TN,0.26019497662267865,>=,0.05,-1
156,sample1_58h.json,58,60,0,0,TN,0.6463532240715741,>=,0.05,-1
157,sample1_58h.json,58,63,1,0,FN,0.7481811202419492,>=,0.05,2
158,sample1_58h.json,59,63,0,0,TN,0.05033628319554151,>=,0.05,-1
159,sample1_58h.json,59,64,1,0,FN,0.26886417202219004,>=,0.05,14
160,sample1_58h.json,59,65,0,0,TN,0.3690332136597736,>=,0.05,-1
161,sample1_58h.json,60,62,1,0,FN,0.8472465243609197,>=,0.05,20
162,sample1_58h.json,60,63,0,0,TN,0.0019173575277701138,>=,0.05,-1
163,sample1_58h.json,60,66,0,1,FP,0.889995580142049,>=,0.05,-1
164,sample1_58h.json,61,68,0,0,TN,0.33473055846829436,>=,0.05,-1
165,sample1_58h.json,62,66,0,0,TN,0.6165735537428427,>=,0.05,-1
166,sample1_58h.json,62,69,0,1,FP,0.9357607872283482,>=,0.05,-1
167,sample1_58h.json,62,70,0,0,TN,0.061598544897392804,>=,0.05,-1
168,sample1_58h.json,63,65,0,1,FP,0.5452534544692407,>=,0.05,-1
169,sample1_58h.json,63,66,0,0,TN,0.22221749204972863,>=,0.05,-1
170,sample1_58h.json,64,65,0,0,TN,0.7022474860130695,>=,0.05,-1
171,sample1_58h.json,64,67,0,1,FP,0.8178183296912478,>=,0.05,-1
172,sample1_58h.json,64,68,0,0,TN,0.2462494439205265,>=,0.05,-1
173,sample1_58h.json,65,66,0,0,TN,0.8598945712694445,>=,0.05,-1
174,sample1_58h.json,65,67,1,0,FN,0.1774134705314514,>=,0.05,14
175,sample1_58h.json,65,70,0,0,TN,0.48007226916250967,>=,0.05,-1
176,sample1_58h.json,66,70,1,0,FN,0.13128261119878604,>=,0.05,2
177,sample1_58h.json,67,68,0,0,TN,0.30751670721706326,>=,0.05,-1
178,sample1_58h.json,69,70,0,0,TN,0.3741268879378249,>=,0.05,-1
1,sample2_12h.json,0,1,1,1,TP,0.6952669150405878,>=,0.05,2
2,sample2_12h.json,0,2,0,0,TN,0.3168501192011717,>=,0.05,-1
3,sample2_12h.json,1,2,0,0,TN,0.5296553251483823,>=,0.05,-1
4,sample2_12h.json,1,5,0,0,TN,0.6513202131274192,>=,0.05,-1
5,sample2_12h.json,2,4,0,1,FP,0.7857353223182313,>=,0.05,-1
6,sample2_12h.json,2,5,0,0,TN,0.29353842921599294,>=,0.05,-1
7,sample2_12h.json,2,6,1,0,FN,0.056349439060443984,>=,0.05,12
8,sample2_12h.json,3,4,1,0,FN,0.23705207687420748,>=,0.05,6
9,sample2_12h.json,3,9,0,0,TN,0.5459469771383435,>=,0.05,-1
10,sample2_12h.json,4,6,0,0,TN,0.8776772577642765,>=,0.05,-1
11,sample2_12h.json,4,8,0,0,TN,0.6575448689174724,>=,0.05,-1
12,sample2_12h.json,4,9,0,0,TN,0.607278810468621,>=,0.05,-1
13,sample2_12h.json,5,6,0,0,TN,0.03177242506839173,>=,0.05,-1
14,sample2_12h.json,5,7,1,1,TP,0.49803681919601495,>=,0.05,6
15,sample2_12h.json,5,10,0,0,TN,0.33090179806351594,>=,0.05,-1
16,sample2_12h.json,6,7,0,0,TN,0.34741642664974226,>=,0.05,-1
17,sample2_12h.json,6,8,0,1,FP,0.9593880455018128,>=,0.05,-1
18,sample2_12h.json,7,8,0,0,TN,0.16346740496988044,>=,0.05,-1
19,sample2_12h.json,7,10,0,0,TN,0.0883677177585066,>=,0.05,-1
20,sample2_12h.json,7,12,0,0,TN,0.3050891606763261,>=,0.05,-1
21,sample2_12h.json,7,14,0,0,TN,0.6426983422873438,>=,0.05,-1
22,sample2_12h.json,8,9,0,0,TN,0.2696085847831856,>=,0.05,-1
23,sample2_12h.json,8,12,1,0,FN,0.7058208604199626,>=,0.05,2
24,sample2_12h.json,9,11,0,0,TN,0.6950918695550626,>=,0.05,-1
25,sample2_12h.json,9,12,0,0,TN,0.43819407606230476,>=,0.05,-1
26,sample2_12h.json,9,15,0,1,FP,0.8346992928069484,>=,0.05,-1
27,sample2_12h.json,10,13,0,1,FP,0.32378354211943594,>=,0.05,-1
28,sample2_12h.json,10,14,0,0,TN,0.6231937935705739,>=,0.05,-1
29,sample2_12h.json,10,16,0,0,TN,0.540022972411323,>=,0.05,-1
30,sample2_12h.json,10,19,0,0,TN,0.07169412267120479,>=,0.05,-1
31,sample2_12h.json,11,15,0,0,TN,0.34722576907158753,>=,0.05,-1
32,sample2_12h.json,11,17,1,1,TP,0.5631385524840993,>=,0.05,12
33,sample2_12h.json,12,14,0,1,FP,0.9760574447376523,>=,0.05,-1
34,sample2_12h.json,12,15,0,0,TN,0.7836516468724274,>=,0.05,-1
35,sample2_12h.json,12,18,0,0,TN,0.4809069961107222,>=,0.05,-1
36,sample2_12h.json,13,19,0,0,TN,0.19647047256994332,>=,0.05,-1
37,sample2_12h.json,14,16,1,0,FN,0.2699624701089316,>=,0.05,6
38,sample2_12h.json,14,18,0,0,TN,0.042424021918729404,>=,0.05,-1
39,sample2_12h.json,15,17,0,0,TN,0.5815808121114838,>=,0.05,-1
40,sample2_12h.json,15,18,1,0,FN,0.42423022686762035,>=,0.05,12
41,sample2_12h.json,15,20,0,0,TN,0.65854274728412,>=,0.05,-1
42,sample2_12h.json,16,18,0,0,TN,0.5314625331171092,>=,0.05,-1
43,sample2_12h.json,16,19,0,1,FP,0.4167841381885743,>=,0.05,-1
44,sample2_12h.json,16,21,0,0,TN,0.3520259749571497,>=,0.05,-1
45,sample2_12h.json,17,20,0,0,TN,0.04062224652090485,>=,0.05,-1
46,sample2_12h.json,18,20,0,1,FP,0.9829670705788488,>=,0.05,-1
47,sample2_12h.json,18,21,0,0,TN,0.0751972884863652,>=,0.05,-1
48,sample2_12h.json,18,22,0,0,TN,0.025466089827207772,>=,0.05,-1
49,sample2_12h.json,18,23,0,0,TN,0.21530291800605605,>=,0.05,-1
50,sample2_12h.json,19,21,0,0,TN,0.1361862466674435,>=,0.05,-1
51,sample2_12h.json,19,25,1,0,FN,0.7944328371222266,>=,0.05,12
52,sample2_12h.json,20,23,1,0,FN,0.1516296644606545,>=,0.05,4
53,sample2_12h.json,20,24,0,0,TN,0.3399500669714246,>=,0.05,-1
54,sample2_12h.json,21,22,0,0,TN,0.013248380983513885,>=,0.05,-1
55,sample2_12h.json,21,25,0,1,FP,0.9315690877063811,>=,0.05,-1
56,sample2_12h.json,21,26,0,0,TN,0.3210403945645063,>=,0.05,-1
57,sample2_12h.json,22,23,0,1,FP,0.8428784127039487,>=,0.05,-1
58,sample2_12h.json,22,26,1,0,FN,0.9619348413460918,>=,0.05,10
59,sample2_12h.json,23,24,0,0,TN,0.7274520208179809,>=,0.05,-1
60,sample2_12h.json,23,26,0,0,TN,0.2607418542537089,>=,0.05,-1
61,sample2_12h.json,23,27,0,0,TN,0.49214547473655834,>=,0.05,-1
62,sample2_12h.json,24,27,0,0,TN,0.7826519390154763,>=,0.05,-1
63,sample2_12h.json,24,29,0,1,FP,0.6986461570509097,>=,0.05,-1
64,sample2_12h.json,26,27,0,1,FP,0.8275716982308023,>=,0.05,-1
65,sample2_12h.json,26,28,0,0,TN,0.5445742427218005,>=,0.05,-1
66,sample2_12h.json,27,28,0,0,TN,0.6575026051497537,>=,0.05,-1
67,sample2_12h.json,27,29,1,0,FN,0.36319622405254226,>=,0.05,10
1,sample2_26h.json,0,1,1,0,FN,0.19140628724709818,>=,0.05,12
2,sample2_26h.json,0,2,0,1,FP,0.6972402657739201,>=,0.05,-1
3,sample2_26h.json,1,2,0,0,TN,0.002882341053802362,>=,0.05,-1
4,sample2_26h.json,1,3,0,1,FP,0.783880941299395,>=,0.05,-1
5,sample2_26h.json,1,4,0,0,TN,0.0072332203980695065,>=,0.05,-1
6,sample2_26h.json,1,7,0,0,TN,0.616800920631613,>=,0.05,-1
7,sample2_26h.json,2,4,1,0,FN,0.5946138506606733,>=,0.05,8
8,sample2_26h.json,3,7,0,0,TN,0.10551242079876066,>=,0.05,-1
9,sample2_26h.json,3,9,1,0,FN,0.5922022917999895,>=,0.05,12
10,sample2_26h.json,4,5,0,1,FP,0.7578470632733478,>=,0.05,-1
11,sample2_26h.json,4,7,0,0,TN,0.5359919582166901,>=,0.05,-1
12,sample2_26h.json,4,8,0,0,TN,0.6727605506157384,>=,0.05,-1
13,sample2_26h.json,4,10,0,0,TN,0.7086717127055003,>=,0.05,-1
14,sample2_26h.json,5,6,1,0,FN,0.20590988238547225,>=,0.05,2
15,sample2_26h.json,5,8,0,0,TN,0.9266165064133105,>=,0.05,-1
16,sample2_26h.json,5,13,0,0,TN,0.3275414490412224,>=,0.05,-1
17,sample2_26h.json,5,14,0,0,TN,0.5837019560930296,>=,0.05,-1
18,sample2_26h.json,6,11,0,0,TN,0.10318288831478728,>=,0.05,-1
19,sample2_26h.json,6,14,0,1,FP,0.9964050170391298,>=,0.05,-1
20,sample2_26h.json,7,9,0,1,FP,0.6541411085423814,>=,0.05,-1
21,sample2_26h.json,7,10,0,0,TN,0.46178563346818413,>=,0.05,-1
22,sample2_26h.json,7,12,1,0,FN,0.5661197462911464,>=,0.05,6
23,sample2_26h.json,8,10,1,0,FN,0.027188322292675537,>=,0.05,2
24,sample2_26h.json,8,13,0,0,TN,0.24007964606358656,>=,0.05,-1
25,sample2_26h.json,8,17,0,1,FP,0.9746890565837918,>=,0.05,-1
26,sample2_26h.json,8,18,0,0,TN,0.08103152002912051,>=,0.05,-1
27,sample2_26h.json,9,12,0,0,TN,0.14170089404569386,>=,0.05,-1
28,sample2_26h.json,9,16,0,0,TN,0.57307726116772,>=,0.05,-1
29,sample2_26h.json,10,12,0,1,FP,0.7739721253411203,>=,0.05,-1
30,sample2_26h.json,10,15,0,0,TN,0.8528731602842214,>=,0.05,-1
31,sample2_26h.json,10,18,0,0,TN,0.8612282828422183,>=,0.05,-1
32,sample2_26h.json,11,14,0,0,TN,0.7602221564048733,>=,0.05,-1
33,sample2_26h.json,11,19,1,0,FN,0.3476577357467211,>=,0.05,14
34,sample2_26h.json,12,15,0,0,TN,0.581581153904974,>=,0.05,-1
35,sample2_26h.json,12,16,0,0,TN,0.8131231184406524,>=,0.05,-1
36,sample2_26h.json,13,14,1,0,FN,0.13884584151447088,>=,0.05,4
37,sample2_26h.json,13,17,0,0,TN,0.08142057315466611,>=,0.05,-1
38,sample2_26h.json,13,19,0,1,FP,0.4585851958450149,>=,0.05,-1
39,sample2_26h.json,13,21,0,0,TN,0.3103403364285561,>=,0.05,-1
40,sample2_26h.json,13,23,0,0,TN,0.003734730026382249,>=,0.05,-1
41,sample2_26h.json,14,19,0,0,TN,0.516863517689244,>=,0.05,-1
42,sample2_26h.json,15,16,1,0,FN,0.3729777764220863,>=,0.05,2
43,sample2_26h.json,15,18,0,1,FP,0.8831345443419867,>=,0.05,-1
44,sample2_26h.json,15,20,0,0,TN,0.3341760256989055,>=,0.05,-1
45,sample2_26h.json,16,20,0,1,FP,0.6626710635814592,>=,0.05,-1
46,sample2_26h.json,17,18,1,0,FN,0.5680783804283241,>=,0.05,4
47,sample2_26h.json,17,21,0,0,TN,0.29966661013815954,>=,0.05,-1
48,sample2_26h.json,18,20,0,0,TN,0.4676120564259997,>=,0.05,-1
49,sample2_26h.json,18,21,0,0,TN,0.36765996078549423,>=,0.05,-1
50,sample2_26h.json,18,22,0,0,TN,0.23758604997457922,>=,0.05,-1
51,sample2_26h.json,19,23,0,0,TN,0.08812253790930158,>=,0.05,-1
52,sample2_26h.json,19,25,0,0,TN,0.05212132581284923,>=,0.05,-1
53,sample2_26h.json,19,26,0,0,TN,0.22270312231213518,>=,0.05,-1
54,sample2_26h.json,20,22,0,0,TN,0.08331928511482978,>=,0.05,-1
55,sample2_26h.json,20,24,0,0,TN,0.1506312452155365,>=,0.05,-1
56,sample2_26h.json,20,27,0,0,TN,0.12491988549150479,>=,0.05,-1
57,sample2_26h.json,21,22,1,0,FN,0.37329888023476876,>=,0.05,2
58,sample2_26h.json,21,23,0,1,FP,0.23817385100892718,>=,0.05,-1
59,sample2_26h.json,22,23,0,0,TN,0.0044088663224430835,>=,0.05,-1
60,sample2_26h.json,22,27,0,0,TN,0.03291211771933644,>=,0.05,-1
61,sample2_26h.json,22,28,0,1,FP,0.9900536153551075,>=,0.05,-1
62,sample2_26h.json,22,29,0,0,TN,0.24514448354512286,>=,0.05,-1
63,sample2_26h.json,23,25,1,0,FN,0.04082760139286301,>=,0.05,14
64,sample2_26h.json,23,29,0,0,TN,0.6260097898081132,>=,0.05,-1
65,sample2_26h.json,24,27,0,0,TN,0.5516410473905112,>=,0.05,-1
66,sample2_26h.json,24,31,0,0,TN,0.38885151921681604,>=,0.05,-1
67,sample2_26h.json,24,32,0,1,FP,0.733331833675533,>=,0.05,-1
68,sample2_26h.json,25,26,0,1,FP,0.9369829015551946,>=,0.05,-1
69,sample2_26h.json,25,29,0,0,TN,0.39635525239483294,>=,0.05,-1
70,sample2_26h.json,25,34,0,0,TN,0.37532582691540106,>=,0.05,-1
71,sample2_26h.json,26,30,1,0,FN,0.5141833478905778,>=,0.05,12
72,sample2_26h.json,26,34,0,0,TN,0.23447609972464034,>=,0.05,-1
73,sample2_26h.json,27,28,1,0,FN,0.17397391084045366,>=,0.05,2
74,sample2_26h.json,27,31,0,1,FP,0.38868101611537376,>=,0.05,-1
75,sample2_26h.json,27,33,0,0,TN,0.6770190274219668,>=,0.05,-1
76,sample2_26h.json,28,29,0,0,TN,0.01477000491945013,>=,0.05,-1
77,sample2_26h.json,28,33,0,0,TN,0.1383952476761443,>=,0.05,-1
78,sample2_26h.json,29,34,0,1,FP,0.8081081213705834,>=,0.05,-1
79,sample2_26h.json,29,35,1,0,FN,0.332145291639766,>=,0.05,12
80,sample2_26h.json,29,38,0,0,TN,0.5591559142258661,>=,0.05,-1
81,sample2_26h.json,30,34,0,0,TN,0.05549368547185474,>=,0.05,-1
82,sample2_26h.json,30,36,0,1,FP,0.5507735100335186,>=,0.05,-1
83,sample2_26h.json,31,32,1,0,FN,0.027738093358870453,>=,0.05,10
84,sample2_26h.json,31,33,0,0,TN,0.20725843621143214,>=,0.05,-1
85,sample2_26h.json,31,37,0,0,TN,0.44789679853894804,>=,0.05,-1
86,sample2_26h.json,31,39,0,0,TN,0.523812301502496,>=,0.05,-1
87,sample2_26h.json,32,39,0,0,TN,0.12530838949638745,>=,0.05,-1
88,sample2_26h.json,33,35,0,0,TN,0.45903669789284485,>=,0.05,-1
89,sample2_26h.json,33,37,0,1,FP,0.7804835015321541,>=,0.05,-1
90,sample2_26h.json,34,36,1,0,FN,0.705787415532297,>=,0.05,12
91,sample2_26h.json,34,38,0,0,TN,0.369079644193114,>=,0.05,-1
92,sample2_26h.json,35,37,0,0,TN,0.4961446812931869,>=,0.05,-1
93,sample2_26h.json,35,38,0,1,FP,0.7990027925904307,>=,0.05,-1
94,sample2_26h.json,35,41,0,0,TN,0.2631760625764509,>=,0.05,-1
95,sample2_26h.json,36,40,0,0,TN,0.14022047838405616,>=,0.05,-1
96,sample2_26h.json,36,42,0,0,TN,0.9690072223509325,>=,0.05,-1
97,sample2_26h.json,36,44,0,0,TN,0.873007348410714,>=,0.05,-1
98,sample2_26h.json,37,39,1,0,FN,0.8741878474623905,>=,0.05,6
99,sample2_26h.json,37,41,0,0,TN,0.4771722614914966,>=,0.05,-1
100,sample2_26h.json,38,40,1,0,FN,0.035352088188460584,>=,0.05,6
101,sample2_26h.json,38,41,0,0,TN,0.7429635082731386,>=,0.05,-1
102,sample2_26h.json,39,41,0,0,TN,0.790157858482888,>=,0.05,-1
103,sample2_26h.json,39,46,0,1,FP,0.9651307886119497,>=,0.05,-1
104,sample2_26h.json,40,41,0,0,TN,0.03578055936215785,>=,0.05,-1
105,sample2_26h.json,40,42,0,0,TN,0.8128116582970133,>=,0.05,-1
106,sample2_26h.json,40,43,0,0,TN,0.33679812170584567,>=,0.05,-1
107,sample2_26h.json,40,45,0,1,FP,0.6665897137616186,>=,0.05,-1
108,sample2_26h.json,41,43,1,1,TP,0.90056029605617,>=,0.05,4
109,sample2_26h.json,41,46,0,0,TN,0.25161810467999846,>=,0.05,-1
110,sample2_26h.json,42,44,0,1,FP,0.9934282195815692,>=,0.05,-1
111,sample2_26h.json,42,45,1,0,FN,0.037848691412873614,>=,0.05,8
112,sample2_26h.json,42,49,0,0,TN,0.11471558572938301,>=,0.05,-1
113,sample2_26h.json,42,50,0,0,TN,0.48067774111907613,>=,0.05,-1
114,sample2_26h.json,43,45,0,0,TN,0.7189508165431672,>=,0.05,-1
115,sample2_26h.json,43,46,0,0,TN,0.9264939323012852,>=,0.05,-1
116,sample2_26h.json,43,47,0,0,TN,0.8472714475500778,>=,0.05,-1
117,sample2_26h.json,43,48,0,0,TN,0.9705133415909647,>=,0.05,-1
118,sample2_26h.json,44,50,0,0,TN,0.4413586394246871,>=,0.05,-1
119,sample2_26h.json,45,48,0,0,TN,0.406315392012355,>=,0.05,-1
120,sample2_26h.json,45,49,0,0,TN,0.5894500922944562,>=,0.05,-1
121,sample2_26h.json,46,47,1,0,FN,0.6919489770114057,>=,0.05,10
122,sample2_26h.json,47,48,0,1,FP,0.902881155174481,>=,0.05,-1
123,sample2_26h.json,47,51,0,0,TN,0.5920234257685243,>=,0.05,-1
124,sample2_26h.json,48,49,1,0,FN,0.9059679495820856,>=,0.05,8
125,sample2_26h.json,48,51,0,0,TN,0.41567836584721196,>=,0.05,-1
126,sample2_26h.json,49,50,0,0,TN,0.7713584350478655,>=,0.05,-1
127,sample2_26h.json,49,51,0,1,FP,0.9980674567330113,>=,0.05,-1
128,sample2_26h.json,49,52,0,0,TN,0.07876970472818312,>=,0.05,-1
129,sample2_26h.json,50,52,0,1,FP,0.7072440369438052,>=,0.05,-1
130,sample2_26h.json,51,52,0,0,TN,0.9031598588825651,>=,0.05,-1
1,sample2_40h.json,0,2,1,0,FN,0.8944909043468074,>=,0.05,12
2,sample2_40h.json,0,4,0,1,FP,0.8727585905064119,>=,0.05,-1
3,sample2_40h.json,1,2,0,1,FP,0.27874715668162764,>=,0.05,-1
4,sample2_40h.json,2,4,0,0,TN,0.4063009048306149,>=,0.05,-1
5,sample2_40h.json,2,6,0,0,TN,0.5080966961754236,>=,0.05,-1
6,sample2_40h.json,3,5,1,1,TP,0.9696728125819605,>=,0.05,2
7,sample2_40h.json,3,7,0,0,TN,0.2655625707001805,>=,0.05,-1
8,sample2_40h.json,4,5,0,0,TN,0.660496100841534,>=,0.05,-1
9,sample2_40h.json,4,6,1,0,FN,0.7597791414559913,>=,0.05,10
10,sample2_40h.json,4,9,0,0,TN,0.1466882319095667,>=,0.05,-1
11,sample2_40h.json,5,7,0,0,TN,0.8703437965211187,>=,0.05,-1
12,sample2_40h.json,5,8,0,0,TN,0.5052290228293579,>=,0.05,-1
13,sample2_40h.json,5,9,0,0,TN,0.9562958764887672,>=,0.05,-1
14,sample2_40h.json,5,12,0,0,TN,0.8896911572963954,>=,0.05,-1
15,sample2_40h.json,6,9,0,1,FP,0.9474389718648755,>=,0.05,-1
16,sample2_40h.json,6,11,0,0,TN,0.18281794506295856,>=,0.05,-1
17,sample2_40h.json,6,14,0,0,TN,0.8346490669725638,>=,0.05,-1
18,sample2_40h.json,7,8,1,0,FN,0.8628193481161649,>=,0.05,8
19,sample2_40h.json,7,10,0,1,FP,0.9472783133470418,>=,0.05,-1
20,sample2_40h.json,7,13,0,0,TN,0.649547041328845,>=,0.05,-1
21,sample2_40h.json,8,12,0,0,TN,0.3685320628242328,>=,0.05,-1
22,sample2_40h.json,8,13,0,0,TN,0.5868920866466956,>=,0.05,-1
23,sample2_40h.json,9,12,1,0,FN,0.1578820957249074,>=,0.05,4
24,sample2_40h.json,9,14,0,0,TN,0.9961861755797515,>=,0.05,-1
25,sample2_40h.json,10,13,0,0,TN,0.7222199893269942,>=,0.05,-1
26,sample2_40h.json,11,14,0,0,TN,0.3395567095887363,>=,0.05,-1
27,sample2_40h.json,11,17,1,1,TP,0.9188747162343676,>=,0.05,8
28,sample2_40h.json,11,19,0,0,TN,0.7123908747730557,>=,0.05,-1
29,sample2_40h.json,12,13,0,0,TN,0.33312454395992885,>=,0.05,-1
30,sample2_40h.json,12,14,0,1,FP,0.9293845054583103,>=,0.05,-1
31,sample2_40h.json,12,15,0,0,TN,0.3243418734507054,>=,0.05,-1
32,sample2_40h.json,12,16,0,0,TN,0.3199610234502863,>=,0.05,-1
33,sample2_40h.json,13,15,0,0,TN,0.029724695889211672,>=,0.05,-1
34,sample2_40h.json,13,18,0,1,FP,0.7009080928666303,>=,0.05,-1
35,sample2_40h.json,13,21,0,0,TN,0.10800157695018353,>=,0.05,-1
36,sample2_40h.json,14,16,1,0,FN,0.048672246638759575,>=,0.05,2
37,sample2_40h.json,14,17,0,0,TN,0.6560677562824467,>=,0.05,-1
38,sample2_40h.json,15,16,0,0,TN,0.9683552068906633,>=,0.05,-1
39,sample2_40h.json,15,21,0,0,TN,0.06417629048724471,>=,0.05,-1
40,sample2_40h.json,15,22,0,0,TN,0.7598467671421846,>=,0.05,-1
41,sample2_40h.json,15,26,0,0,TN,0.22866049204664185,>=,0.05,-1
42,sample2_40h.json,15,29,0,1,FP,0.8612330488057818,>=,0.05,-1
43,sample2_40h.json,15,33,0,0,TN,0.012144285720426251,>=,0.05,-1
44,sample2_40h.json,16,17,0,0,TN,0.19414925110151404,>=,0.05,-1
45,sample2_40h.json,16,22,0,1,FP,0.9751452710466864,>=,0.05,-1
46,sample2_40h.json,16,23,0,0,TN,0.5753904748336897,>=,0.05,-1
47,sample2_40h.json,17,19,0,0,TN,0.13171911854898544,>=,0.05,-1
48,sample2_40h.json,17,23,0,0,TN,0.004719357160004378,>=,0.05,-1
49,sample2_40h.json,17,27,0,0,TN,0.4090322144224343,>=,0.05,-1
50,sample2_40h.json,18,21,0,0,TN,0.4344264414439891,>=,0.05,-1
51,sample2_40h.json,19,24,1,0,FN,0.5328033964475818,>=,0.05,2
52,sample2_40h.json,19,27,0,1,FP,0.6807979123700109,>=,0.05,-1
53,sample2_40h.json,20,21,0,0,TN,0.15397513816797948,>=,0.05,-1
54,sample2_40h.json,20,25,1,0,FN,0.31836271317067555,>=,0.05,8
55,sample2_40h.json,20,26,0,0,TN,0.052985721519301365,>=,0.05,-1
56,sample2_40h.json,21,26,1,1,TP,0.9965038654273245,>=,0.05,2
57,sample2_40h.json,22,23,0,0,TN,0.4238503113700631,>=,0.05,-1
58,sample2_40h.json,22,32,0,0,TN,0.6784851110540516,>=,0.05,-1
59,sample2_40h.json,22,33,0,0,TN,0.2852632140504945,>=,0.05,-1
60,sample2_40h.json,23,27,0,0,TN,0.14221787699006117,>=,0.05,-1
61,sample2_40h.json,23,30,0,0,TN,0.19353455406725684,>=,0.05,-1
62,sample2_40h.json,23,32,1,0,FN,0.01519034340601011,>=,0.05,4
63,sample2_40h.json,24,27,0,0,TN,0.6882786011315314,>=,0.05,-1
64,sample2_40h.json,24,28,0,1,FP,0.9896895416653955,>=,0.05,-1
65,sample2_40h.json,24,30,0,0,TN,0.09160093709710837,>=,0.05,-1
66,sample2_40h.json,24,35,0,0,TN,0.1652399904741988,>=,0.05,-1
67,sample2_40h.json,25,26,0,0,TN,0.8016968258810094,>=,0.05,-1
68,sample2_40h.json,25,31,0,0,TN,0.6363889632375562,>=,0.05,-1
69,sample2_40h.json,25,36,0,1,FP,0.9477998112020981,>=,0.05,-1
70,sample2_40h.json,25,37,0,0,TN,0.3647120655441536,>=,0.05,-1
71,sample2_40h.json,26,29,0,0,TN,0.42806236272923326,>=,0.05,-1
72,sample2_40h.json,26,31,0,0,TN,0.28640252521902043,>=,0.05,-1
73,sample2_40h.json,27,30,1,0,FN,0.8043891931718715,>=,0.05,4
74,sample2_40h.json,28,34,0,0,TN,0.18751631487223186,>=,0.05,-1
75,sample2_40h.json,28,35,0,0,TN,0.3798008869435249,>=,0.05,-1
76,sample2_40h.json,28,38,0,0,TN,0.6593980374623443,>=,0.05,-1
77,sample2_40h.json,28,45,0,0,TN,0.9133841380901355,>=,0.05,-1
78,sample2_40h.json,28,46,0,0,TN,0.8128296162522526,>=,0.05,-1
79,sample2_40h.json,29,31,0,0,TN,0.08496261587290155,>=,0.05,-1
80,sample2_40h.json,29,33,0,0,TN,0.8640794944806949,>=,0.05,-1
81,sample2_40h.json,29,39,1,0,FN,0.7913256657064283,>=,0.05,2
82,sample2_40h.json,29,41,0,0,TN,0.47073436747045316,>=,0.05,-1
83,sample2_40h.json,30,32,0,1,FP,0.5537765922140939,>=,0.05,-1
84,sample2_40h.json,30,35,0,0,TN,0.4432132376626746,>=,0.05,-1
85,sample2_40h.json,30,38,0,0,TN,0.055462328315721954,>=,0.05,-1
86,sample2_40h.json,30,40,0,0,TN,0.320281923509786,>=,0.05,-1
87,sample2_40h.json,31,37,1,0,FN,0.9130845251817841,>=,0.05,8
88,sample2_40h.json,31,41,0,1,FP,0.5986382880621386,>=,0.05,-1
89,sample2_40h.json,32,33,0,0,TN,0.09818189217637663,>=,0.05,-1
90,sample2_40h.json,32,40,0,0,TN,0.5514409062392723,>=,0.05,-1
91,sample2_40h.json,32,43,0,0,TN,0.6184311379949738,>=,0.05,-1
92,sample2_40h.json,33,39,0,1,FP,0.8112386298776488,>=,0.05,-1
93,sample2_40h.json,33,43,0,0,TN,0.5815857623189855,>=,0.05,-1
94,sample2_40h.json,34,45,0,0,TN,0.20134379645159273,>=,0.05,-1
95,sample2_40h.json,35,38,1,1,TP,0.9699284384611543,>=,0.05,2
96,sample2_40h.json,36,37,0,0,TN,0.29626488921986127,>=,0.05,-1
97,sample2_40h.json,36,42,0,0,TN,0.7253639332902304,>=,0.05,-1
98,sample2_40h.json,36,44,1,0,FN,0.6877254468463578,>=,0.05,8
99,sample2_40h.json,37,41,0,0,TN,0.9232767482499823,>=,0.05,-1
100,sample2_40h.json,37,42,0,1,FP,0.7650268426147872,>=,0.05,-1
101,sample2_40h.json,38,40,0,0,TN,0.3877049607967491,>=,0.05,-1
102,sample2_40h.json,38,46,0,0,TN,0.048017423417903715,>=,0.05,-1
103,sample2_40h.json,39,41,0,0,TN,0.6563378068365956,>=,0.05,-1
104,sample2_40h.json,39,43,0,0,TN,0.011885340029185065,>=,0.05,-1
105,sample2_40h.json,39,47,0,0,TN,0.05240291107898698,>=,0.05,-1
106,sample2_40h.json,39,49,0,0,TN,0.023161239773150433,>=,0.05,-1
107,sample2_40h.json,40,43,0,0,TN,0.5731304825670096,>=,0.05,-1
108,sample2_40h.json,40,46,1,1,TP,0.7874425114599553,>=,0.05,12
109,sample2_40h.json,40,50,0,0,TN,0.07025205916566668,>=,0.05,-1
110,sample2_40h.json,41,42,0,0,TN,0.31929649126012305,>=,0.05,-1
111,sample2_40h.json,41,48,0,0,TN,0.3791795049599731,>=,0.05,-1
112,sample2_40h.json,41,49,0,0,TN,0.8994313825403332,>=,0.05,-1
113,sample2_40h.json,42,44,0,0,TN,0.6463360791251781,>=,0.05,-1
114,sample2_40h.json,42,48,1,0,FN,0.404750998061712,>=,0.05,2
115,sample2_40h.json,43,47,1,1,TP,0.9220087587572329,>=,0.05,8
116,sample2_40h.json,43,50,0,0,TN,0.6871312080823443,>=,0.05,-1
117,sample2_40h.json,44,48,0,0,TN,0.672246468862194,>=,0.05,-1
118,sample2_40h.json,44,51,0,1,FP,0.7120932769706187,>=,0.05,-1
119,sample2_40h.json,45,46,0,0,TN,0.5418278877889166,>=,0.05,-1
120,sample2_40h.json,45,53,1,1,TP,0.4674985323709647,>=,0.05,4
121,sample2_40h.json,46,50,0,0,TN,0.972491623274669,>=,0.05,-1
122,sample2_40h.json,46,53,0,0,TN,0.5718270150892478,>=,0.05,-1
123,sample2_40h.json,46,56,0,0,TN,0.4061976273896819,>=,0.05,-1
124,sample2_40h.json,47,49,0,0,TN,0.09357603053272023,>=,0.05,-1
125,sample2_40h.json,47,50,0,0,TN,0.1922593468006304,>=,0.05,-1
126,sample2_40h.json,47,52,0,0,TN,0.9832895848581314,>=,0.05,-1
127,sample2_40h.json,48,49,0,1,FP,0.9617045770773358,>=,0.05,-1
128,sample2_40h.json,48,51,0,0,TN,0.002976136901003401,>=,0.05,-1
129,sample2_40h.json,48,54,0,0,TN,0.07779515476408427,>=,0.05,-1
130,sample2_40h.json,48,55,0,0,TN,0.6788904646350759,>=,0.05,-1
131,sample2_40h.json,49,52,0,0,TN,0.21801661628300062,>=,0.05,-1
132,sample2_40h.json,49,54,0,0,TN,0.663653018588982,>=,0.05,-1
133,sample2_40h.json,49,57,0,0,TN,0.20982199805580348,>=,0.05,-1
134,sample2_40h.json,49,58,0,0,TN,0.39684265151939624,>=,0.05,-1
135,sample2_40h.json,49,62,0,0,TN,0.3258861949464129,>=,0.05,-1
136,sample2_40h.json,50,52,1,0,FN,0.2464836490875102,>=,0.05,12
137,sample2_40h.json,50,56,0,1,FP,0.7751144234184928,>=,0.05,-1
138,sample2_40h.json,50,60,0,0,TN,0.3038138272136174,>=,0.05,-1
139,sample2_40h.json,50,61,0,0,TN,0.9146551523255316,>=,0.05,-1
140,sample2_40h.json,51,55,1,0,FN,0.18872080860046891,>=,0.05,6
141,sample2_40h.json,52,57,0,1,FP,0.8949361088360288,>=,0.05,-1
142,sample2_40h.json,52,60,0,0,TN,0.15348855289675456,>=,0.05,-1
143,sample2_40h.json,53,56,0,0,TN,0.29594452657589165,>=,0.05,-1
144,sample2_40h.json,53,61,0,0,TN,0.9837029416064158,>=,0.05,-1
145,sample2_40h.json,54,55,0,0,TN,0.04731794038949255,>=,0.05,-1
146,sample2_40h.json,54,58,0,1,FP,0.8382944902559409,>=,0.05,-1
147,sample2_40h.json,54,59,0,0,TN,0.1636833948346328,>=,0.05,-1
148,sample2_40h.json,55,59,0,1,FP,0.5190957467905465,>=,0.05,-1
149,sample2_40h.json,56,61,1,0,FN,0.9581999799237879,>=,0.05,10
150,sample2_40h.json,57,60,1,0,FN,0.11892989568066403,>=,0.05,4
151,sample2_40h.json,57,62,0,0,TN,0.37690351180002635,>=,0.05,-1
152,sample2_40h.json,57,67,0,0,TN,0.5081799643797116,>=,0.05,-1
153,sample2_40h.json,58,59,0,0,TN,0.6522325136291333,>=,0.05,-1
154,sample2_40h.json,58,62,1,0,FN,0.33623810195298665,>=,0.05,8
155,sample2_40h.json,58,63,0,0,TN,0.24874676748009694,>=,0.05,-1
156,sample2_40h.json,58,66,0,0,TN,0.9078203088214287,>=,0.05,-1
157,sample2_40h.json,59,63,1,0,FN,0.008068107915057965,>=,0.05,4
158,sample2_40h.json,60,61,0,1,FP,0.9812231685569505,>=,0.05,-1
159,sample2_40h.json,60,65,0,0,TN,0.14930397248331428,>=,0.05,-1
160,sample2_40h.json,60,67,0,0,TN,0.2310301668342275,>=,0.05,-1
161,sample2_40h.json,61,65,0,0,TN,0.7316312352046624,>=,0.05,-1
162,sample2_40h.json,62,66,0,1,FP,0.7530611951948528,>=,0.05,-1
163,sample2_40h.json,62,67,0,0,TN,0.5130191102867431,>=,0.05,-1
164,sample2_40h.json,63,64,0,0,TN,0.02154749461735672,>=,0.05,-1
165,sample2_40h.json,63,66,0,0,TN,0.22266032452771278,>=,0.05,-1
166,sample2_40h.json,63,68,0,0,TN,0.2079863453812555,>=,0.05,-1
167,sample2_40h.json,63,69,0,0,TN,0.8923172906395322,>=,0.05,-1
168,sample2_40h.json,64,68,0,1,FP,0.45883471987744406,>=,0.05,-1
169,sample2_40h.json,64,73,0,0,TN,0.7674430515709446,>=,0.05,-1
170,sample2_40h.json,65,67,0,0,TN,0.9062356278005628,>=,0.05,-1
171,sample2_40h.json,65,70,0,0,TN,0.3931510270623203,>=,0.05,-1
172,sample2_40h.json,65,71,0,1,FP,0.9238844141325961,>=,0.05,-1
173,sample2_40h.json,66,67,0,0,TN,0.6804144312524434,>=,0.05,-1
174,sample2_40h.json,66,69,0,0,TN,0.604859934776749,>=,0.05,-1
175,sample2_40h.json,66,72,0,0,TN,0.45068128950363906,>=,0.05,-1
176,sample2_40h.json,66,74,0,0,TN,0.4421114973707443,>=,0.05,-1
177,sample2_40h.json,66,75,0,0,TN,0.3239866143658905,>=,0.05,-1
178,sample2_40h.json,67,70,0,0,TN,0.2789035146145268,>=,0.05,-1
179,sample2_40h.json,67,72,1,1,TP,0.48514431097777966,>=,0.05,10
180,sample2_40h.json,68,69,1,0,FN,0.4076604927390114,>=,0.05,6
181,sample2_40h.json,68,73,0,0,TN,0.2623171760632541,>=,0.05,-1
182,sample2_40h.json,68,78,0,0,TN,0.07372605981494151,>=,0.05,-1
183,sample2_40h.json,69,74,0,1,FP,0.9732692900650494,>=,0.05,-1
184,sample2_40h.json,69,78,0,0,TN,0.5727314561615166,>=,0.05,-1
185,sample2_40h.json,70,71,0,0,TN,0.335967016763969,>=,0.05,-1
186,sample2_40h.json,70,72,0,0,TN,0.8403078146120643,>=,0.05,-1
187,sample2_40h.json,70,76,0,0,TN,0.4870476851626736,>=,0.05,-1
188,sample2_40h.json,70,77,1,1,TP,0.8358466860149937,>=,0.05,6
189,sample2_40h.json,71,76,1,0,FN,0.16476661089780598,>=,0.05,2
190,sample2_40h.json,72,75,0,0,TN,0.14559734006768144,>=,0.05,-1
191,sample2_40h.json,72,77,0,0,TN,0.23526156170263923,>=,0.05,-1
192,sample2_40h.json,73,78,0,1,FP,0.8602274555677152,>=,0.05,-1
193,sample2_40h.json,74,75,0,0,TN,0.7646201305730171,>=,0.05,-1
194,sample2_40h.json,74,78,0,0,TN,0.32804084674257716,>=,0.05,-1
195,sample2_40h.json,74,79,0,0,TN,0.9335354233655815,>=,0.05,-1
196,sample2_40h.json,75,79,1,1,TP,0.8603542064177171,>=,0.05,4
197,sample2_40h.json,76,77,0,0,TN,0.38808052925555103,>=,0.05,-1
1,sample2_54h.json,0,2,1,1,TP,0.5998572323747073,>=,0.05,6
2,sample2_54h.json,0,3,0,0,TN,0.9848328040306227,>=,0.05,-1
3,sample2_54h.json,1,3,0,0,TN,0.7062988328752062,>=,0.05,-1
4,sample2_54h.json,1,4,0,0,TN,0.19774057094293784,>=,0.05,-1
5,sample2_54h.json,1,5,1,1,TP,0.5986301695147362,>=,0.05,6
6,sample2_54h.json,2,3,0,0,TN,0.8912510757122825,>=,0.05,-1
7,sample2_54h.json,2,6,0,0,TN,0.5323273489747063,>=,0.05,-1
8,sample2_54h.json,3,5,0,0,TN,0.46737549790927657,>=,0.05,-1
9,sample2_54h.json,3,6,0,0,TN,0.7453939905468852,>=,0.05,-1
10,sample2_54h.json,3,8,0,0,TN,0.45404422794919563,>=,0.05,-1
11,sample2_54h.json,3,9,0,0,TN,0.6331435645342001,>=,0.05,-1
12,sample2_54h.json,3,11,0,0,TN,0.007026813564760759,>=,0.05,-1
13,sample2_54h.json,3,13,0,1,FP,0.7628109812835009,>=,0.05,-1
14,sample2_54h.json,4,5,0,0,TN,0.9610293105416994,>=,0.05,-1
15,sample2_54h.json,4,7,0,1,FP,0.8452218296953826,>=,0.05,-1
16,sample2_54h.json,4,10,0,0,TN,0.8167113896323054,>=,0.05,-1
17,sample2_54h.json,4,12,0,0,TN,0.47358766608220837,>=,0.05,-1
18,sample2_54h.json,4,16,0,0,TN,0.7353595166075823,>=,0.05,-1
19,sample2_54h.json,4,17,0,0,TN,0.4891591034454307,>=,0.05,-1
20,sample2_54h.json,5,9,0,0,TN,0.11354244797895374,>=,0.05,-1
21,sample2_54h.json,5,10,0,0,TN,0.033535288949166686,>=,0.05,-1
22,sample2_54h.json,6,8,0,0,TN,0.3481959769162324,>=,0.05,-1
23,sample2_54h.json,6,11,0,1,FP,0.8366304577280097,>=,0.05,-1
24,sample2_54h.json,6,15,0,0,TN,0.4701650052633163,>=,0.05,-1
25,sample2_54h.json,6,18,0,0,TN,0.11102368562823584,>=,0.05,-1
26,sample2_54h.json,6,19,0,0,TN,0.033555299416283435,>=,0.05,-1
27,sample2_54h.json,7,12,1,0,FN,0.5278584449570645,>=,0.05,12
28,sample2_54h.json,8,11,1,0,FN,0.24840914690106253,>=,0.05,12
29,sample2_54h.json,9,10,1,1,TP,0.6387182191618228,>=,0.05,8
30,sample2_54h.json,9,13,0,0,TN,0.29572872041511367,>=,0.05,-1
31,sample2_54h.json,10,13,0,0,TN,0.44359375037734816,>=,0.05,-1
32,sample2_54h.json,10,16,0,0,TN,0.1413904580667783,>=,0.05,-1
33,sample2_54h.json,11,13,0,0,TN,0.40582154417959104,>=,0.05,-1
34,sample2_54h.json,11,19,0,0,TN,0.5686287274817549,>=,0.05,-1
35,sample2_54h.json,11,22,0,0,TN,0.5304712628616216,>=,0.05,-1
36,sample2_54h.json,12,17,0,0,TN,0.10217302601690226,>=,0.05,-1
37,sample2_54h.json,12,20,0,1,FP,0.8600405275554288,>=,0.05,-1
38,sample2_54h.json,12,21,0,0,TN,0.7138786034477888,>=,0.05,-1
39,sample2_54h.json,13,16,0,0,TN,0.14883130948880796,>=,0.05,-1
40,sample2_54h.json,13,22,0,0,TN,0.11025265113634064,>=,0.05,-1
41,sample2_54h.json,13,23,0,0,TN,0.17336420624808002,>=,0.05,-1
42,sample2_54h.json,13,25,0,0,TN,0.4102431929572202,>=,0.05,-1
43,sample2_54h.json,14,15,0,0,TN,0.2448316181874698,>=,0.05,-1
44,sample2_54h.json,14,18,0,0,TN,0.22865106826061043,>=,0.05,-1
45,sample2_54h.json,14,19,0,0,TN,0.6276481524354312,>=,0.05,-1
46,sample2_54h.json,14,22,0,0,TN,0.1194091305621433,>=,0.05,-1
47,sample2_54h.json,14,27,0,0,TN,0.21301015446904314,>=,0.05,-1
48,sample2_54h.json,14,28,0,1,FP,0.9144493969038116,>=,0.05,-1
49,sample2_54h.json,15,18,1,0,FN,0.11769803576672733,>=,0.05,8
50,sample2_54h.json,16,17,1,0,FN,0.2227733959514211,>=,0.05,8
51,sample2_54h.json,16,23,0,1,FP,0.9084952765991617,>=,0.05,-1
52,sample2_54h.json,17,21,0,1,FP,0.7810633599451495,>=,0.05,-1
53,sample2_54h.json,17,23,0,0,TN,0.4482685710560146,>=,0.05,-1
54,sample2_54h.json,18,19,0,1,FP,0.9695473688968136,>=,0.05,-1
55,sample2_54h.json,19,22,1,0,FN,0.3269282394063592,>=,0.05,8
56,sample2_54h.json,20,21,0,0,TN,0.5937047564519918,>=,0.05,-1
57,sample2_54h.json,20,24,0,0,TN,0.2033673355469099,>=,0.05,-1
58,sample2_54h.json,20,26,1,0,FN,0.45922898288507086,>=,0.05,8
59,sample2_54h.json,21,23,0,0,TN,0.24530361742822515,>=,0.05,-1
60,sample2_54h.json,21,26,0,0,TN,0.7207618290479699,>=,0.05,-1
61,sample2_54h.json,21,29,0,0,TN,0.1842023311080182,>=,0.05,-1
62,sample2_54h.json,21,32,0,0,TN,0.8860008916890204,>=,0.05,-1
63,sample2_54h.json,22,25,0,1,FP,0.8969396419899271,>=,0.05,-1
64,sample2_54h.json,22,28,0,0,TN,0.7685603961061744,>=,0.05,-1
65,sample2_54h.json,22,30,0,0,TN,0.8859314778914571,>=,0.05,-1
66,sample2_54h.json,22,34,0,0,TN,0.30238372832212845,>=,0.05,-1
67,sample2_54h.json,22,36,0,0,TN,0.051789884539872655,>=,0.05,-1
68,sample2_54h.json,23,25,0,0,TN,0.9083141925527348,>=,0.05,-1
69,sample2_54h.json,23,29,0,0,TN,0.576870547025274,>=,0.05,-1
70,sample2_54h.json,23,33,0,0,TN,0.043945430290197485,>=,0.05,-1
71,sample2_54h.json,23,35,0,0,TN,0.7759383489336007,>=,0.05,-1
72,sample2_54h.json,24,26,0,0,TN,0.32151504877164494,>=,0.05,-1
73,sample2_54h.json,24,31,0,0,TN,0.9520073955698587,>=,0.05,-1
74,sample2_54h.json,24,38,0,1,FP,0.9846149766496523,>=,0.05,-1
75,sample2_54h.json,24,40,0,0,TN,0.6026409664346928,>=,0.05,-1
76,sample2_54h.json,24,42,0,0,TN,0.9078380945069285,>=,0.05,-1
77,sample2_54h.json,25,33,0,0,TN,0.35704315537784104,>=,0.05,-1
78,sample2_54h.json,25,36,0,0,TN,0.27465348947949964,>=,0.05,-1
79,sample2_54h.json,25,39,0,0,TN,0.7301720233504028,>=,0.05,-1
80,sample2_54h.json,26,32,0,1,FP,0.5588547085017032,>=,0.05,-1
81,sample2_54h.json,27,28,0,0,TN,0.02469721686522497,>=,0.05,-1
82,sample2_54h.json,27,30,0,0,TN,0.34872898139011066,>=,0.05,-1
83,sample2_54h.json,27,34,0,0,TN,0.008636209165301167,>=,0.05,-1
84,sample2_54h.json,27,37,0,1,FP,0.30905108318694563,>=,0.05,-1
85,sample2_54h.json,27,41,0,0,TN,0.4676895777090083,>=,0.05,-1
86,sample2_54h.json,28,30,1,0,FN,0.36195165947459573,>=,0.05,4
87,sample2_54h.json,29,32,0,0,TN,0.5241434438238848,>=,0.05,-1
88,sample2_54h.json,29,35,1,0,FN,0.02947543868916236,>=,0.05,8
89,sample2_54h.json,30,34,0,1,FP,0.9489151320167019,>=,0.05,-1
90,sample2_54h.json,31,40,0,1,FP,0.2111101187204838,>=,0.05,-1
91,sample2_54h.json,31,44,1,0,FN,0.08412346430196604,>=,0.05,14
92,sample2_54h.json,32,38,1,0,FN,0.6060581486104437,>=,0.05,8
93,sample2_54h.json,33,35,0,0,TN,0.6710470741424237,>=,0.05,-1
94,sample2_54h.json,33,39,0,0,TN,0.3208782511090035,>=,0.05,-1
95,sample2_54h.json,33,46,0,1,FP,0.9154554600966737,>=,0.05,-1
96,sample2_54h.json,33,50,0,0,TN,0.154527997273451,>=,0.05,-1
97,sample2_54h.json,34,36,1,0,FN,0.1720032032281965,>=,0.05,6
98,sample2_54h.json,34,41,0,0,TN,0.8436339490418474,>=,0.05,-1
99,sample2_54h.json,34,45,0,0,TN,0.44913365997283206,>=,0.05,-1
100,sample2_54h.json,35,38,0,0,TN,0.5597829593066047,>=,0.05,-1
101,sample2_54h.json,35,42,0,1,FP,0.7677895302852475,>=,0.05,-1
102,sample2_54h.json,35,46,0,0,TN,0.4755177114639767,>=,0.05,-1
103,sample2_54h.json,36,39,0,1,FP,0.8904573390303999,>=,0.05,-1
104,sample2_54h.json,36,43,0,0,TN,0.22390208394699507,>=,0.05,-1
105,sample2_54h.json,36,45,0,0,TN,0.48954517024207256,>=,0.05,-1
106,sample2_54h.json,37,41,1,0,FN,0.1699060052640694,>=,0.05,8
107,sample2_54h.json,38,42,0,0,TN,0.23792900015891083,>=,0.05,-1
108,sample2_54h.json,39,43,0,0,TN,0.6133887424201363,>=,0.05,-1
109,sample2_54h.json,39,48,0,0,TN,0.6019984387713697,>=,0.05,-1
110,sample2_54h.json,39,50,0,0,TN,0.3813078882621621,>=,0.05,-1
111,sample2_54h.json,40,42,0,0,TN,0.009152080302616938,>=,0.05,-1
112,sample2_54h.json,40,44,0,0,TN,0.4483226085800276,>=,0.05,-1
113,sample2_54h.json,40,49,1,0,FN,0.26972137370945304,>=,0.05,14
114,sample2_54h.json,41,45,0,0,TN,0.9952797535879743,>=,0.05,-1
115,sample2_54h.json,41,47,0,1,FP,0.5784604834977765,>=,0.05,-1
116,sample2_54h.json,42,46,0,0,TN,0.885679012265012,>=,0.05,-1
117,sample2_54h.json,42,49,0,0,TN,0.6912523197042427,>=,0.05,-1
118,sample2_54h.json,42,52,0,0,TN,0.09142453216616109,>=,0.05,-1
119,sample2_54h.json,42,54,0,0,TN,0.49069573432734626,>=,0.05,-1
120,sample2_54h.json,43,45,1,1,TP,0.9497064823629617,>=,0.05,2
121,sample2_54h.json,43,48,0,0,TN,0.5313641361254197,>=,0.05,-1
122,sample2_54h.json,43,56,0,0,TN,0.14138544428161337,>=,0.05,-1
123,sample2_54h.json,43,58,0,0,TN,0.7624793424273595,>=,0.05,-1
124,sample2_54h.json,44,49,0,0,TN,0.7780073936150816,>=,0.05,-1
125,sample2_54h.json,44,51,0,1,FP,0.7345368403244252,>=,0.05,-1
126,sample2_54h.json,44,57,0,0,TN,0.6607172609758833,>=,0.05,-1
127,sample2_54h.json,44,59,0,0,TN,0.8508870829375965,>=,0.05,-1
128,sample2_54h.json,45,47,0,0,TN,0.43031875012027543,>=,0.05,-1
129,sample2_54h.json,45,53,0,0,TN,0.3403270425372228,>=,0.05,-1
130,sample2_54h.json,45,56,0,0,TN,0.8956115976990034,>=,0.05,-1
131,sample2_54h.json,46,50,0,0,TN,0.08575609245631044,>=,0.05,-1
132,sample2_54h.json,46,52,1,0,FN,0.9691118670620643,>=,0.05,8
133,sample2_54h.json,46,55,0,0,TN,0.17840618099979666,>=,0.05,-1
134,sample2_54h.json,47,53,1,0,FN,0.3343155489827936,>=,0.05,8
135,sample2_54h.json,48,50,0,1,FP,0.8018604681995695,>=,0.05,-1
136,sample2_54h.json,48,55,0,0,TN,0.12491622549609249,>=,0.05,-1
137,sample2_54h.json,48,58,0,0,TN,0.3728902551690262,>=,0.05,-1
138,sample2_54h.json,48,64,1,0,FN,0.6488199317970121,>=,0.05,14
139,sample2_54h.json,48,67,0,0,TN,0.33058787739787143,>=,0.05,-1
140,sample2_54h.json,49,54,0,1,FP,0.8449786951931725,>=,0.05,-1
141,sample2_54h.json,49,57,0,0,TN,0.2944030600297214,>=,0.05,-1
142,sample2_54h.json,50,55,1,0,FN,0.5898281502941495,>=,0.05,6
143,sample2_54h.json,51,59,1,0,FN,0.3526258096492165,>=,0.05,8
144,sample2_54h.json,52,54,0,0,TN,0.10966210275875443,>=,0.05,-1
145,sample2_54h.json,52,55,0,0,TN,0.2784275630372318,>=,0.05,-1
146,sample2_54h.json,52,62,0,1,FP,0.8161614707623757,>=,0.05,-1
147,sample2_54h.json,52,63,0,0,TN,0.3169429184176765,>=,0.05,-1
148,sample2_54h.json,52,68,0,0,TN,0.34530797565888416,>=,0.05,-1
149,sample2_54h.json,53,56,0,1,FP,0.8885642332059525,>=,0.05,-1
150,sample2_54h.json,53,60,0,0,TN,0.9157559803436246,>=,0.05,-1
151,sample2_54h.json,53,61,0,0,TN,0.5740389639008476,>=,0.05,-1
152,sample2_54h.json,53,66,0,0,TN,0.11040001757950324,>=,0.05,-1
153,sample2_54h.json,54,57,0,0,TN,0.2592105953590712,>=,0.05,-1
154,sample2_54h.json,54,62,1,0,FN,0.7915053732621572,>=,0.05,6
155,sample2_54h.json,55,63,0,0,TN,0.37922993004323924,>=,0.05,-1
156,sample2_54h.json,55,64,0,1,FP,0.9282111759273302,>=,0.05,-1
157,sample2_54h.json,56,58,1,0,FN,0.37918227747224864,>=,0.05,4
158,sample2_54h.json,56,60,0,0,TN,0.9870330716991289,>=,0.05,-1
159,sample2_54h.json,57,59,0,1,FP,0.6555597166917098,>=,0.05,-1
160,sample2_54h.json,57,62,0,0,TN,0.27875482674129026,>=,0.05,-1
161,sample2_54h.json,57,70,1,0,FN,0.5471947548771876,>=,0.05,14
162,sample2_54h.json,58,60,0,1,FP,0.8003338486443846,>=,0.05,-1
163,sample2_54h.json,58,65,0,0,TN,0.24818818589472003,>=,0.05,-1
164,sample2_54h.json,58,67,0,0,TN,0.29523327456214155,>=,0.05,-1
165,sample2_54h.json,59,70,0,0,TN,0.4164151295345546,>=,0.05,-1
166,sample2_54h.json,60,65,1,0,FN,0.3628681470791191,>=,0.05,8
167,sample2_54h.json,60,66,0,0,TN,0.9394745467314806,>=,0.05,-1
168,sample2_54h.json,60,71,0,0,TN,0.647165936426841,>=,0.05,-1
169,sample2_54h.json,61,66,0,0,TN,0.589851037881546,>=,0.05,-1
170,sample2_54h.json,61,69,1,1,TP,0.9467443867351563,>=,0.05,2
171,sample2_54h.json,62,68,0,0,TN,0.4019614601285826,>=,0.05,-1
172,sample2_54h.json,62,70,0,0,TN,0.6861992168302598,>=,0.05,-1
173,sample2_54h.json,62,72,0,0,TN,0.16855004777996285,>=,0.05,-1
174,sample2_54h.json,63,64,0,0,TN,0.8338771992471672,>=,0.05,-1
175,sample2_54h.json,63,68,1,1,TP,0.32814609181207965,>=,0.05,4
176,sample2_54h.json,63,74,0,0,TN,0.4781052613922724,>=,0.05,-1
177,sample2_54h.json,64,67,0,0,TN,0.027457083230067347,>=,0.05,-1
178,sample2_54h.json,64,73,0,0,TN,0.14687654362521319,>=,0.05,-1
179,sample2_54h.json,64,74,0,0,TN,0.8143685017104593,>=,0.05,-1
180,sample2_54h.json,64,76,0,0,TN,0.6757794576246121,>=,0.05,-1
181,sample2_54h.json,64,79,0,0,TN,0.00492668830891041,>=,0.05,-1
182,sample2_54h.json,65,67,0,1,FP,0.7617529041059438,>=,0.05,-1
183,sample2_54h.json,65,71,0,0,TN,0.6268117820180373,>=,0.05,-1
184,sample2_54h.json,66,69,0,0,TN,0.9479864513098263,>=,0.05,-1
185,sample2_54h.json,66,71,0,1,FP,0.9304457864139448,>=,0.05,-1
186,sample2_54h.json,66,77,0,0,TN,0.42178387835039755,>=,0.05,-1
187,sample2_54h.json,67,71,0,0,TN,0.11114064360786735,>=,0.05,-1
188,sample2_54h.json,67,73,1,0,FN,0.4195206703932861,>=,0.05,14
189,sample2_54h.json,67,75,0,0,TN,0.39681680648620954,>=,0.05,-1
190,sample2_54h.json,68,72,0,0,TN,0.5000221267318777,>=,0.05,-1
191,sample2_54h.json,68,74,0,0,TN,0.24927308756644517,>=,0.05,-1
192,sample2_54h.json,70,72,0,0,TN,0.3262311429208977,>=,0.05,-1
193,sample2_54h.json,70,78,0,0,TN,0.06402678066874734,>=,0.05,-1
194,sample2_54h.json,70,80,0,1,FP,0.7524087286269706,>=,0.05,-1
195,sample2_54h.json,70,82,0,0,TN,0.2793475812924914,>=,0.05,-1
196,sample2_54h.json,71,75,1,0,FN,0.6808232551422854,>=,0.05,4
197,sample2_54h.json,71,77,0,0,TN,0.27672830139940796,>=,0.05,-1
198,sample2_54h.json,72,74,0,1,FP,0.8413619416210883,>=,0.05,-1
199,sample2_54h.json,72,82,1,0,FN,0.2382458187674792,>=,0.05,12
200,sample2_54h.json,72,84,0,0,TN,0.12060343678587404,>=,0.05,-1
201,sample2_54h.json,73,75,0,1,FP,0.781006581389943,>=,0.05,-1
202,sample2_54h.json,73,79,0,0,TN,0.2280902522021464,>=,0.05,-1
203,sample2_54h.json,73,83,0,0,TN,0.17456506810729044,>=,0.05,-1
204,sample2_54h.json,73,85,0,0,TN,0.570955193767553,>=,0.05,-1
205,sample2_54h.json,74,76,1,0,FN,0.06246707886314218,>=,0.05,4
206,sample2_54h.json,74,84,0,0,TN,0.5585136544970946,>=,0.05,-1
207,sample2_54h.json,75,81,0,0,TN,0.01836571052635816,>=,0.05,-1
208,sample2_54h.json,75,83,0,0,TN,0.4283937525256477,>=,0.05,-1
209,sample2_54h.json,76,79,0,0,TN,0.4152890026941264,>=,0.05,-1
210,sample2_54h.json,76,84,0,0,TN,0.08544032693986425,>=,0.05,-1
211,sample2_54h.json,76,85,0,0,TN,0.0820699673516172,>=,0.05,-1
212,sample2_54h.json,76,88,0,1,FP,0.5870443447546069,>=,0.05,-1
213,sample2_54h.json,77,81,1,0,FN,0.004119828194307895,>=,0.05,6
214,sample2_54h.json,78,80,1,0,FN,0.7317210952609475,>=,0.05,14
215,sample2_54h.json,78,86,0,1,FP,0.3685571661505237,>=,0.05,-1
216,sample2_54h.json,79,85,1,0,FN,0.2628257039719273,>=,0.05,2
217,sample2_54h.json,80,82,0,0,TN,0.9510429621275862,>=,0.05,-1
218,sample2_54h.json,80,86,0,0,TN,0.022371398725433256,>=,0.05,-1
219,sample2_54h.json,80,89,0,0,TN,0.6269643719971874,>=,0.05,-1
220,sample2_54h.json,81,83,0,0,TN,0.017866352407634678,>=,0.05,-1
221,sample2_54h.json,81,87,0,1,FP,0.38200259342180465,>=,0.05,-1
222,sample2_54h.json,81,91,0,0,TN,0.3125590859297549,>=,0.05,-1
223,sample2_54h.json,81,92,0,0,TN,0.0803419948728501,>=,0.05,-1
224,sample2_54h.json,82,84,0,1,FP,0.783189790216296,>=,0.05,-1
225,sample2_54h.json,82,89,0,0,TN,0.5718592324973173,>=,0.05,-1
226,sample2_54h.json,82,94,0,0,TN,0.07733634594947136,>=,0.05,-1
227,sample2_54h.json,83,85,0,1,FP,0.9771695630814656,>=,0.05,-1
228,sample2_54h.json,83,87,0,0,TN,0.1107412789221145,>=,0.05,-1
229,sample2_54h.json,83,90,0,0,TN,0.49207843198311574,>=,0.05,-1
230,sample2_54h.json,83,93,0,0,TN,0.03050959749016091,>=,0.05,-1
231,sample2_54h.json,84,88,0,0,TN,0.4058204702043672,>=,0.05,-1
232,sample2_54h.json,84,94,0,0,TN,0.4915757889048268,>=,0.05,-1
233,sample2_54h.json,84,95,0,0,TN,0.8563074483360563,>=,0.05,-1
234,sample2_54h.json,85,88,0,0,TN,0.6775456581416597,>=,0.05,-1
235,sample2_54h.json,85,90,0,0,TN,0.35227755674227423,>=,0.05,-1
236,sample2_54h.json,86,89,1,0,FN,0.1843011028884718,>=,0.05,6
237,sample2_54h.json,86,96,0,0,TN,0.04521892608758249,>=,0.05,-1
238,sample2_54h.json,87,91,1,0,FN,0.32851250712592617,>=,0.05,6
239,sample2_54h.json,87,93,0,0,TN,0.0628261890468863,>=,0.05,-1
240,sample2_54h.json,88,90,0,0,TN,0.17590578320438333,>=,0.05,-1
241,sample2_54h.json,88,95,0,0,TN,0.6507473540102657,>=,0.05,-1
242,sample2_54h.json,88,97,0,0,TN,0.2015505186672336,>=,0.05,-1
243,sample2_54h.json,88,100,0,0,TN,0.3739183782437625,>=,0.05,-1
244,sample2_54h.json,89,94,0,0,TN,0.007087912202419444,>=,0.05,-1
245,sample2_54h.json,89,96,0,1,FP,0.9126756407433325,>=,0.05,-1
246,sample2_54h.json,89,98,0,0,TN,0.8408571199526906,>=,0.05,-1
247,sample2_54h.json,90,93,0,0,TN,0.09461984073558938,>=,0.05,-1
248,sample2_54h.json,90,97,0,1,FP,0.6845686214734392,>=,0.05,-1
249,sample2_54h.json,90,101,0,0,TN,0.4917866806065607,>=,0.05,-1
250,sample2_54h.json,90,102,0,0,TN,0.821891862823941,>=,0.05,-1
251,sample2_54h.json,91,92,0,0,TN,0.17874257240087899,>=,0.05,-1
252,sample2_54h.json,91,93,0,0,TN,0.18010430205623884,>=,0.05,-1
253,sample2_54h.json,91,99,0,1,FP,0.9540027078139908,>=,0.05,-1
254,sample2_54h.json,92,99,0,0,TN,0.20826349215076145,>=,0.05,-1
255,sample2_54h.json,92,104,1,0,FN,0.4349928786859921,>=,0.05,14
256,sample2_54h.json,93,99,1,0,FN,0.16722467094125704,>=,0.05,10
257,sample2_54h.json,93,102,0,0,TN,0.3249856908149964,>=,0.05,-1
258,sample2_54h.json,94,95,1,0,FN,0.3304464366587917,>=,0.05,14
259,sample2_54h.json,94,98,0,0,TN,0.6077064852861721,>=,0.05,-1
260,sample2_54h.json,94,105,0,1,FP,0.5291297206604151,>=,0.05,-1
261,sample2_54h.json,95,100,0,1,FP,0.9567768271287739,>=,0.05,-1
262,sample2_54h.json,95,103,0,0,TN,0.8078313276553718,>=,0.05,-1
263,sample2_54h.json,95,105,0,0,TN,0.743448561441666,>=,0.05,-1
264,sample2_54h.json,95,108,0,0,TN,0.2967148090734735,>=,0.05,-1
265,sample2_54h.json,96,98,1,0,FN,0.30287289556789476,>=,0.05,14
266,sample2_54h.json,96,109,0,0,TN,0.4575044134154458,>=,0.05,-1
267,sample2_54h.json,97,100,0,0,TN,0.2933662438325476,>=,0.05,-1
268,sample2_54h.json,97,101,1,0,FN,0.18578393930803416,>=,0.05,4
269,sample2_54h.json,97,106,0,0,TN,0.19668042099465066,>=,0.05,-1
270,sample2_54h.json,98,105,0,0,TN,0.3790978481892755,>=,0.05,-1
271,sample2_54h.json,98,109,0,0,TN,0.3362060492973602,>=,0.05,-1
272,sample2_54h.json,98,110,0,1,FP,0.9411001275051991,>=,0.05,-1
273,sample2_54h.json,99,102,0,0,TN,0.6050263087788307,>=,0.05,-1
274,sample2_54h.json,99,104,0,0,TN,0.8698238814806686,>=,0.05,-1
275,sample2_54h.json,99,107,0,0,TN,0.09861885062207187,>=,0.05,-1
276,sample2_54h.json,100,103,1,0,FN,0.03913203422961253,>=,0.05,12
277,sample2_54h.json,100,106,0,0,TN,0.8337309600640775,>=,0.05,-1
278,sample2_54h.json,101,102,0,0,TN,0.43732535521817295,>=,0.05,-1
279,sample2_54h.json,101,106,0,1,FP,0.5506693153632958,>=,0.05,-1
280,sample2_54h.json,102,106,0,0,TN,0.27271504732636564,>=,0.05,-1
281,sample2_54h.json,102,107,1,1,TP,0.4332149820481689,>=,0.05,10
282,sample2_54h.json,102,113,0,0,TN,0.13269913200316574,>=,0.05,-1
283,sample2_54h.json,103,106,0,0,TN,0.9916310033986956,>=,0.05,-1
284,sample2_54h.json,103,108,0,0,TN,0.5496507390804779,>=,0.05,-1
285,sample2_54h.json,103,111,0,0,TN,0.09881812361017117,>=,0.05,-1
286,sample2_54h.json,103,112,0,1,FP,0.8515773231687674,>=,0.05,-1
287,sample2_54h.json,104,107,0,0,TN,0.43007960911756615,>=,0.05,-1
288,sample2_54h.json,104,114,0,1,FP,0.6351972845619607,>=,0.05,-1
289,sample2_54h.json,104,115,0,0,TN,0.15725146523684685,>=,0.05,-1
290,sample2_54h.json,105,108,1,0,FN,0.3955885220804445,>=,0.05,10
291,sample2_54h.json,105,110,0,0,TN,0.4979869605106759,>=,0.05,-1
292,sample2_54h.json,106,112,0,0,TN,0.4972525965901765,>=,0.05,-1
293,sample2_54h.json,106,113,0,0,TN,0.8197560944897663,>=,0.05,-1
294,sample2_54h.json,107,113,0,0,TN,0.4957894393921992,>=,0.05,-1
295,sample2_54h.json,107,114,0,0,TN,0.30249978369252195,>=,0.05,-1
296,sample2_54h.json,108,110,0,0,TN,0.2677551252364595,>=,0.05,-1
297,sample2_54h.json,108,111,0,0,TN,0.3077018565348695,>=,0.05,-1
298,sample2_54h.json,108,116,0,1,FP,0.4723342567591403,>=,0.05,-1
299,sample2_54h.json,108,119,0,0,TN,0.26429476517189865,>=,0.05,-1
300,sample2_54h.json,109,110,0,0,TN,0.030946489790594334,>=,0.05,-1
301,sample2_54h.json,109,116,0,0,TN,0.19923613832933318,>=,0.05,-1
302,sample2_54h.json,109,118,1,1,TP,0.5781557539306126,>=,0.05,14
303,sample2_54h.json,110,116,1,0,FN,0.27053349089734435,>=,0.05,4
304,sample2_54h.json,111,112,1,0,FN,0.3318294129071354,>=,0.05,12
305,sample2_54h.json,111,117,0,0,TN,0.25857775295644436,>=,0.05,-1
306,sample2_54h.json,111,119,0,0,TN,0.0967733906118915,>=,0.05,-1
307,sample2_54h.json,111,122,0,0,TN,0.1803932451158643,>=,0.05,-1
308,sample2_54h.json,111,123,0,0,TN,0.2544807262890961,>=,0.05,-1
309,sample2_54h.json,111,124,0,1,FP,0.8393499896576193,>=,0.05,-1
310,sample2_54h.json,112,113,0,0,TN,0.22122571929055002,>=,0.05,-1
311,sample2_54h.json,112,117,0,0,TN,0.8283978188799815,>=,0.05,-1
312,sample2_54h.json,113,114,1,0,FN,0.7432996082096608,>=,0.05,8
313,sample2_54h.json,113,117,0,1,FP,0.974294518618006,>=,0.05,-1
314,sample2_54h.json,114,115,0,0,TN,0.7535901442281856,>=,0.05,-1
315,sample2_54h.json,114,117,0,0,TN,0.11511305406895778,>=,0.05,-1
316,sample2_54h.json,114,120,0,0,TN,0.940042753149567,>=,0.05,-1
317,sample2_54h.json,115,120,0,1,FP,0.84209462101656,>=,0.05,-1
318,sample2_54h.json,115,121,1,0,FN,0.44362860166890183,>=,0.05,10
319,sample2_54h.json,116,118,0,0,TN,0.4335889432333494,>=,0.05,-1
320,sample2_54h.json,116,119,0,0,TN,0.03095428350192686,>=,0.05,-1
321,sample2_54h.json,116,125,0,0,TN,0.21764153820011978,>=,0.05,-1
322,sample2_54h.json,117,120,0,0,TN,0.7148861153856778,>=,0.05,-1
323,sample2_54h.json,117,122,1,0,FN,0.11052679940667098,>=,0.05,4
324,sample2_54h.json,118,125,0,0,TN,0.9917448929479346,>=,0.05,-1
325,sample2_54h.json,118,128,0,0,TN,0.021682473723917628,>=,0.05,-1
326,sample2_54h.json,119,123,0,1,FP,0.9909734607433263,>=,0.05,-1
327,sample2_54h.json,119,125,0,0,TN,0.29620757236084005,>=,0.05,-1
328,sample2_54h.json,119,131,0,0,TN,0.4608652140308759,>=,0.05,-1
329,sample2_54h.json,120,121,0,0,TN,0.545471452311808,>=,0.05,-1
330,sample2_54h.json,120,122,0,0,TN,0.2895531860961642,>=,0.05,-1
331,sample2_54h.json,120,126,0,0,TN,0.22049757029073724,>=,0.05,-1
332,sample2_54h.json,120,127,1,0,FN,0.05056919522688941,>=,0.05,2
333,sample2_54h.json,120,129,0,0,TN,0.8234330044314044,>=,0.05,-1
334,sample2_54h.json,121,126,0,1,FP,0.9723093710442625,>=,0.05,-1
335,sample2_54h.json,122,124,0,0,TN,0.125557475910951,>=,0.05,-1
336,sample2_54h.json,122,127,0,1,FP,0.8598308385500755,>=,0.05,-1
337,sample2_54h.json,122,130,0,0,TN,0.7205394471173371,>=,0.05,-1
338,sample2_54h.json,122,132,0,0,TN,0.7502253411766355,>=,0.05,-1
339,sample2_54h.json,123,124,0,0,TN,0.3878054604022535,>=,0.05,-1
340,sample2_54h.json,123,130,0,0,TN,0.05757491001785908,>=,0.05,-1
341,sample2_54h.json,123,131,0,0,TN,0.6904231236078299,>=,0.05,-1
342,sample2_54h.json,123,133,1,0,FN,0.962126428598185,>=,0.05,14
343,sample2_54h.json,124,130,1,0,FN,0.6587582466894398,>=,0.05,8
344,sample2_54h.json,125,128,1,0,FN,0.2340523135811453,>=,0.05,6
345,sample2_54h.json,125,131,0,1,FP,0.5367352640993169,>=,0.05,-1
346,sample2_54h.json,126,129,1,0,FN,0.12167514305103067,>=,0.05,8
347,sample2_54h.json,126,135,0,0,TN,0.7178785461495898,>=,0.05,-1
348,sample2_54h.json,127,129,0,0,TN,0.6728641938888136,>=,0.05,-1
349,sample2_54h.json,127,132,0,0,TN,0.44679399936959696,>=,0.05,-1
350,sample2_54h.json,127,134,0,0,TN,0.008664493702769449,>=,0.05,-1
351,sample2_54h.json,128,131,0,0,TN,0.06036607189347276,>=,0.05,-1
352,sample2_54h.json,129,134,0,0,TN,0.6819776863692039,>=,0.05,-1
353,sample2_54h.json,129,135,0,1,FP,0.6924133433279736,>=,0.05,-1
354,sample2_54h.json,130,132,0,0,TN,0.575209326882013,>=,0.05,-1
355,sample2_54h.json,130,133,0,0,TN,0.22769122278762266,>=,0.05,-1
356,sample2_54h.json,130,136,0,1,FP,0.6631315871769631,>=,0.05,-1
357,sample2_54h.json,131,133,0,0,TN,0.10550520156020027,>=,0.05,-1
358,sample2_54h.json,132,134,1,1,TP,0.6276805748772624,>=,0.05,10
359,sample2_54h.json,132,136,0,0,TN,0.5723179079542482,>=,0.05,-1
360,sample2_54h.json,133,136,0,0,TN,0.3554936366950181,>=,0.05,-1
361,sample2_54h.json,133,138,0,0,TN,0.21916604161578568,>=,0.05,-1
362,sample2_54h.json,133,139,0,1,FP,0.724582703328062,>=,0.05,-1
363,sample2_54h.json,134,135,0,0,TN,0.18099195501280663,>=,0.05,-1
364,sample2_54h.json,134,136,0,0,TN,0.15735465806728177,>=,0.05,-1
365,sample2_54h.json,134,140,0,0,TN,0.6327641190657303,>=,0.05,-1
366,sample2_54h.json,135,137,1,0,FN,0.6606245308704506,>=,0.05,8
367,sample2_54h.json,135,140,0,0,TN,0.10196909823662736,>=,0.05,-1
368,sample2_54h.json,136,138,1,0,FN,0.26228830703560857,>=,0.05,10
369,sample2_54h.json,136,140,0,0,TN,0.09859603408525375,>=,0.05,-1
370,sample2_54h.json,137,140,0,1,FP,0.9138314623815939,>=,0.05,-1
371,sample2_54h.json,137,141,0,0,TN,0.008386515104713554,>=,0.05,-1
372,sample2_54h.json,138,139,0,0,TN,0.35101157772023706,>=,0.05,-1
373,sample2_54h.json,140,141,0,0,TN,0.15682100743132144,>=,0.05,-1
1,sample3_18h.json,0,1,1,0,FN,0.46699487701586573,>=,0.05,10
2,sample3_18h.json,0,2,0,1,FP,0.9068373573892988,>=,0.05,-1
3,sample3_18h.json,1,2,0,0,TN,0.7073763763166132,>=,0.05,-1
4,sample3_18h.json,1,4,0,1,FP,0.3601737546127023,>=,0.05,-1
5,sample3_18h.json,1,5,0,0,TN,0.18665369543619015,>=,0.05,-1
6,sample3_18h.json,2,3,0,0,TN,0.7050121337798091,>=,0.05,-1
7,sample3_18h.json,2,4,1,0,FN,0.5419158729876399,>=,0.05,6
8,sample3_18h.json,2,6,0,0,TN,0.7202899696480967,>=,0.05,-1
9,sample3_18h.json,2,8,0,0,TN,0.04485528608273248,>=,0.05,-1
10,sample3_18h.json,3,6,1,0,FN,0.17314062416030673,>=,0.05,10
11,sample3_18h.json,3,10,0,1,FP,0.31987330167994266,>=,0.05,-1
12,sample3_18h.json,4,5,0,0,TN,0.4665366967925877,>=,0.05,-1
13,sample3_18h.json,4,8,0,0,TN,0.5694460203270971,>=,0.05,-1
14,sample3_18h.json,4,9,0,0,TN,0.5620939947453618,>=,0.05,-1
15,sample3_18h.json,5,7,1,1,TP,0.5429156619294302,>=,0.05,8
16,sample3_18h.json,5,9,0,0,TN,0.5661163410614428,>=,0.05,-1
17,sample3_18h.json,6,8,0,0,TN,0.4174756231277408,>=,0.05,-1
18,sample3_18h.json,6,10,0,0,TN,0.2788128488010406,>=,0.05,-1
19,sample3_18h.json,6,11,0,0,TN,0.5181295408812886,>=,0.05,-1
20,sample3_18h.json,7,12,0,0,TN,0.12186051327530956,>=,0.05,-1
21,sample3_18h.json,8,9,0,0,TN,0.7492713697689894,>=,0.05,-1
22,sample3_18h.json,8,11,0,1,FP,0.9529357238210107,>=,0.05,-1
23,sample3_18h.json,8,13,1,0,FN,0.05409648745004281,>=,0.05,2
24,sample3_18h.json,9,12,1,1,TP,0.7823271411112287,>=,0.05,2
25,sample3_18h.json,9,13,0,0,TN,0.22383289116797334,>=,0.05,-1
26,sample3_18h.json,10,11,1,0,FN,0.33641135493437,>=,0.05,8
27,sample3_18h.json,10,14,0,0,TN,0.033538175582148444,>=,0.05,-1
28,sample3_18h.json,11,13,0,0,TN,0.969085796919129,>=,0.05,-1
29,sample3_18h.json,11,14,0,0,TN,0.562095605392616,>=,0.05,-1
30,sample3_18h.json,11,15,0,0,TN,0.08158143224417713,>=,0.05,-1
31,sample3_18h.json,12,13,0,0,TN,0.3215556345506657,>=,0.05,-1
32,sample3_18h.json,13,15,0,1,FP,0.9772810662190627,>=,0.05,-1
33,sample3_18h.json,14,15,0,0,TN,0.06004125756237322,>=,0.05,-1
34,sample3_18h.json,14,16,1,1,TP,0.9179061054689658,>=,0.05,16
35,sample3_18h.json,15,16,0,0,TN,0.2795104489997109,>=,0.05,-1
36,sample3_18h.json,15,17,1,0,FN,0.0778871010990333,>=,0.05,4
37,sample3_18h.json,16,17,0,0,TN,0.6246458072149826,>=,0.05,-1
1,sample3_40h.json,0,1,0,1,FP,0.8962364702586018,>=,0.05,-1
2,sample3_40h.json,0,2,0,0,TN,0.3664157043082755,>=,0.05,-1
3,sample3_40h.json,0,4,0,0,TN,0.3466208986054826,>=,0.05,-1
4,sample3_40h.json,1,3,0,0,TN,0.2623695223720204,>=,0.05,-1
5,sample3_40h.json,1,4,1,0,FN,0.31124718849717736,>=,0.05,10
6,sample3_40h.json,2,4,0,0,TN,0.06753173481650931,>=,0.05,-1
7,sample3_40h.json,2,8,0,1,FP,0.5052710782907881,>=,0.05,-1
8,sample3_40h.json,2,13,0,0,TN,0.34156808067745337,>=,0.05,-1
9,sample3_40h.json,2,14,0,0,TN,0.1661422987550203,>=,0.05,-1
10,sample3_40h.json,3,4,0,0,TN,0.7223702289359587,>=,0.05,-1
11,sample3_40h.json,3,5,1,0,FN,0.893237138614123,>=,0.05,4
12,sample3_40h.json,3,6,0,1,FP,0.8071544045306774,>=,0.05,-1
13,sample3_40h.json,3,7,0,0,TN,0.13554653811251816,>=,0.05,-1
14,sample3_40h.json,4,6,0,0,TN,0.913540072609296,>=,0.05,-1
15,sample3_40h.json,4,8,0,0,TN,0.4088080622845276,>=,0.05,-1
16,sample3_40h.json,4,9,0,1,FP,0.9145871139702365,>=,0.05,-1
17,sample3_40h.json,5,7,0,0,TN,0.08363663611481464,>=,0.05,-1
18,sample3_40h.json,5,10,0,1,FP,0.9837899231995703,>=,0.05,-1
19,sample3_40h.json,5,11,0,0,TN,0.09673950818429478,>=,0.05,-1
20,sample3_40h.json,6,7,1,0,FN,0.7454248080083349,>=,0.05,4
21,sample3_40h.json,6,9,0,0,TN,0.7144129789505205,>=,0.05,-1
22,sample3_40h.json,7,9,0,0,TN,0.7571675360416631,>=,0.05,-1
23,sample3_40h.json,7,11,0,0,TN,0.24466405446134287,>=,0.05,-1
24,sample3_40h.json,7,12,0,1,FP,0.7479296517191851,>=,0.05,-1
25,sample3_40h.json,8,9,1,0,FN,0.5129011930759605,>=,0.05,4
26,sample3_40h.json,8,13,0,0,TN,0.04704944116497645,>=,0.05,-1
27,sample3_40h.json,8,15,0,0,TN,0.09752909616287808,>=,0.05,-1
28,sample3_40h.json,9,12,0,0,TN,0.2802373069974956,>=,0.05,-1
29,sample3_40h.json,9,15,0,0,TN,0.8474489466751813,>=,0.05,-1
30,sample3_40h.json,10,11,1,0,FN,0.4255827659082505,>=,0.05,6
31,sample3_40h.json,11,12,0,0,TN,0.27404391134657835,>=,0.05,-1
32,sample3_40h.json,11,16,0,1,FP,0.534901519526517,>=,0.05,-1
33,sample3_40h.json,12,15,0,0,TN,0.3302189673009046,>=,0.05,-1
34,sample3_40h.json,12,16,0,0,TN,0.30807645459596156,>=,0.05,-1
35,sample3_40h.json,12,17,1,0,FN,0.198202044408185,>=,0.05,12
36,sample3_40h.json,13,14,1,1,TP,0.35129666943737936,>=,0.05,10
37,sample3_40h.json,13,15,0,0,TN,0.16569354012449022,>=,0.05,-1
38,sample3_40h.json,13,18,0,0,TN,0.5741042041228148,>=,0.05,-1
39,sample3_40h.json,14,18,0,0,TN,0.3768382806343239,>=,0.05,-1
40,sample3_40h.json,14,21,0,0,TN,0.03942476007075291,>=,0.05,-1
41,sample3_40h.json,15,17,0,0,TN,0.2161204928134729,>=,0.05,-1
42,sample3_40h.json,15,18,0,1,FP,0.47841272693509507,>=,0.05,-1
43,sample3_40h.json,15,19,0,0,TN,0.2780280759290419,>=,0.05,-1
44,sample3_40h.json,16,17,0,0,TN,0.8823342649864353,>=,0.05,-1
45,sample3_40h.json,16,20,1,0,FN,0.05823821478746494,>=,0.05,10
46,sample3_40h.json,17,19,0,0,TN,0.647926596490149,>=,0.05,-1
47,sample3_40h.json,17,20,0,1,FP,0.8609854918582227,>=,0.05,-1
48,sample3_40h.json,17,22,0,0,TN,0.92080915554894,>=,0.05,-1
49,sample3_40h.json,18,19,0,0,TN,0.4842043341192257,>=,0.05,-1
50,sample3_40h.json,18,21,1,0,FN,0.4031034359075707,>=,0.05,10
51,sample3_40h.json,18,23,0,0,TN,0.03565117932836115,>=,0.05,-1
52,sample3_40h.json,18,25,0,0,TN,0.4646460759129756,>=,0.05,-1
53,sample3_40h.json,19,22,0,1,FP,0.6499032246183618,>=,0.05,-1
54,sample3_40h.json,19,23,1,0,FN,0.3382219614807911,>=,0.05,4
55,sample3_40h.json,20,22,0,0,TN,0.1617409675229191,>=,0.05,-1
56,sample3_40h.json,20,24,0,0,TN,0.4706226206098999,>=,0.05,-1
57,sample3_40h.json,21,25,0,0,TN,0.1623186436481444,>=,0.05,-1
58,sample3_40h.json,22,23,0,0,TN,0.557934362530886,>=,0.05,-1
59,sample3_40h.json,22,24,0,0,TN,0.4569960616228804,>=,0.05,-1
60,sample3_40h.json,23,24,0,1,FP,0.9948072571761711,>=,0.05,-1
61,sample3_40h.json,23,25,0,0,TN,0.16289550242355533,>=,0.05,-1
62,sample3_40h.json,23,26,0,0,TN,0.6352125796416974,>=,0.05,-1
63,sample3_40h.json,23,27,0,0,TN,0.19941530350343617,>=,0.05,-1
64,sample3_40h.json,24,26,0,0,TN,0.4184713880953479,>=,0.05,-1
65,sample3_40h.json,24,30,0,0,TN,0.7474378049531065,>=,0.05,-1
66,sample3_40h.json,25,27,0,0,TN,0.49716008592188543,>=,0.05,-1
67,sample3_40h.json,25,28,0,0,TN,0.36069919696415176,>=,0.05,-1
68,sample3_40h.json,25,29,0,1,FP,0.8891332526566073,>=,0.05,-1
69,sample3_40h.json,26,27,1,1,TP,0.872129589439194,>=,0.05,12
70,sample3_40h.json,26,30,0,0,TN,0.38252904965642753,>=,0.05,-1
71,sample3_40h.json,26,31,0,0,TN,0.09466299609774897,>=,0.05,-1
72,sample3_40h.json,27,29,0,0,TN,0.34286637343206705,>=,0.05,-1
73,sample3_40h.json,27,31,0,0,TN,0.18661772157622847,>=,0.05,-1
74,sample3_40h.json,28,29,0,0,TN,0.7448722496229889,>=,0.05,-1
75,sample3_40h.json,29,31,0,0,TN,0.6385599094133181,>=,0.05,-1
76,sample3_40h.json,30,31,1,1,TP,0.5051434064833209,>=,0.05,14
1,sample3_58h.json,0,2,1,0,FN,0.01637450320720435,>=,0.05,10
2,sample3_58h.json,0,6,0,1,FP,0.966092252357217,>=,0.05,-1
3,sample3_58h.json,1,3,1,0,FN,0.013467539926380168,>=,0.05,4
4,sample3_58h.json,2,4,0,1,FP,0.5274495190953211,>=,0.05,-1
5,sample3_58h.json,2,6,0,0,TN,0.43164437452278226,>=,0.05,-1
6,sample3_58h.json,3,4,0,0,TN,0.261894262177536,>=,0.05,-1
7,sample3_58h.json,3,5,0,1,FP,0.8899970915164611,>=,0.05,-1
8,sample3_58h.json,4,5,1,0,FN,0.34306050045190717,>=,0.05,16
9,sample3_58h.json,4,6,0,0,TN,0.5651075335563349,>=,0.05,-1
10,sample3_58h.json,5,6,0,0,TN,0.1305626010816987,>=,0.05,-1
11,sample3_58h.json,5,7,0,0,TN,0.05243896492268241,>=,0.05,-1
12,sample3_58h.json,5,9,0,0,TN,0.8402254112739863,>=,0.05,-1
13,sample3_58h.json,6,7,0,0,TN,0.1288692065510012,>=,0.05,-1
14,sample3_58h.json,6,8,0,0,TN,0.13525353801469742,>=,0.05,-1
15,sample3_58h.json,6,10,0,0,TN,0.6568394060384296,>=,0.05,-1
16,sample3_58h.json,6,11,0,0,TN,0.2149016899927222,>=,0.05,-1
17,sample3_58h.json,6,13,0,0,TN,0.7808733016964908,>=,0.05,-1
18,sample3_58h.json,7,8,1,1,TP,0.07465786398989394,>=,0.05,12
19,sample3_58h.json,7,9,0,0,TN,0.031181993623845328,>=,0.05,-1
20,sample3_58h.json,7,12,0,0,TN,0.3792793509895479,>=,0.05,-1
21,sample3_58h.json,8,11,0,0,TN,0.8669603598509457,>=,0.05,-1
22,sample3_58h.json,8,12,0,0,TN,0.13446391670740065,>=,0.05,-1
23,sample3_58h.json,8,14,0,0,TN,0.00528894307627259,>=,0.05,-1
24,sample3_58h.json,9,12,0,1,FP,0.482085624038749,>=,0.05,-1
25,sample3_58h.json,10,13,0,0,TN,0.4488867952938961,>=,0.05,-1
26,sample3_58h.json,10,18,0,1,FP,0.4379668099585602,>=,0.05,-1
27,sample3_58h.json,10,22,0,0,TN,0.22985088782476315,>=,0.05,-1
28,sample3_58h.json,10,23,0,0,TN,0.7102817267042136,>=,0.05,-1
29,sample3_58h.json,10,24,0,0,TN,0.8516591013913051,>=,0.05,-1
30,sample3_58h.json,11,13,1,0,FN,0.45390875838839495,>=,0.05,10
31,sample3_58h.json,11,14,0,1,FP,0.9259085185547542,>=,0.05,-1
32,sample3_58h.json,11,15,0,0,TN,0.7166897129067505,>=,0.05,-1
33,sample3_58h.json,12,14,1,0,FN,0.07678306717268679,>=,0.05,6
34,sample3_58h.json,13,15,0,1,FP,0.9404376484705964,>=,0.05,-1
35,sample3_58h.json,13,17,0,0,TN,0.3928898542518362,>=,0.05,-1
36,sample3_58h.json,13,18,0,0,TN,0.6282655738326912,>=,0.05,-1
37,sample3_58h.json,13,19,0,0,TN,0.17547470710204727,>=,0.05,-1
38,sample3_58h.json,14,15,0,0,TN,0.521237962135635,>=,0.05,-1
39,sample3_58h.json,14,16,0,0,TN,0.22047611616578855,>=,0.05,-1
40,sample3_58h.json,15,16,0,0,TN,0.6548026427208539,>=,0.05,-1
41,sample3_58h.json,15,17,1,0,FN,0.3058608661892308,>=,0.05,6
42,sample3_58h.json,16,17,0,1,FP,0.9968229160841414,>=,0.05,-1
43,sample3_58h.json,16,20,0,0,TN,0.10889262243383335,>=,0.05,-1
44,sample3_58h.json,16,21,0,0,TN,0.5640071146235252,>=,0.05,-1
45,sample3_58h.json,16,25,0,0,TN,0.1835684523857759,>=,0.05,-1
46,sample3_58h.json,17,19,0,0,TN,0.29544179342042076,>=,0.05,-1
47,sample3_58h.json,17,20,0,0,TN,0.8603612391524639,>=,0.05,-1
48,sample3_58h.json,18,19,0,0,TN,0.5012759150992551,>=,0.05,-1
49,sample3_58h.json,18,22,1,0,FN,0.08901166989892462,>=,0.05,14
50,sample3_58h.json,19,20,0,0,TN,0.728612141642588,>=,0.05,-1
51,sample3_58h.json,19,22,0,1,FP,0.44409889748444664,>=,0.05,-1
52,sample3_58h.json,19,26,0,0,TN,0.08268565022201235,>=,0.05,-1
53,sample3_58h.json,19,27,0,0,TN,0.48455701549052577,>=,0.05,-1
54,sample3_58h.json,19,29,0,0,TN,0.44552787956563755,>=,0.05,-1
55,sample3_58h.json,20,25,0,1,FP,0.5837876609857143,>=,0.05,-1
56,sample3_58h.json,20,26,0,0,TN,0.43437789128934134,>=,0.05,-1
57,sample3_58h.json,20,28,0,0,TN,0.6009016825939314,>=,0.05,-1
58,sample3_58h.json,21,25,0,0,TN,0.703839784629583,>=,0.05,-1
59,sample3_58h.json,21,30,0,1,FP,0.9894622450493522,>=,0.05,-1
60,sample3_58h.json,22,24,0,0,TN,0.5576250108393436,>=,0.05,-1
61,sample3_58h.json,22,27,0,0,TN,0.4406174058310032,>=,0.05,-1
62,sample3_58h.json,23,24,0,0,TN,0.7120464453979377,>=,0.05,-1
63,sample3_58h.json,23,31,1,1,TP,0.913859016724957,>=,0.05,6
64,sample3_58h.json,24,27,0,0,TN,0.023008186318389967,>=,0.05,-1
65,sample3_58h.json,24,31,0,0,TN,0.03606044102155548,>=,0.05,-1
66,sample3_58h.json,24,32,0,1,FP,0.9773233226793769,>=,0.05,-1
67,sample3_58h.json,24,35,0,0,TN,0.5460085556461709,>=,0.05,-1
68,sample3_58h.json,25,28,0,0,TN,0.05177665940135068,>=,0.05,-1
69,sample3_58h.json,25,30,0,0,TN,0.6603729695495729,>=,0.05,-1
70,sample3_58h.json,26,28,0,0,TN,0.09652767315266164,>=,0.05,-1
71,sample3_58h.json,26,29,0,0,TN,0.1061438025173359,>=,0.05,-1
72,sample3_58h.json,26,33,0,0,TN,0.4027331535371337,>=,0.05,-1
73,sample3_58h.json,27,29,0,1,FP,0.6637025553890682,>=,0.05,-1
74,sample3_58h.json,27,32,1,0,FN,0.8201205305942049,>=,0.05,8
75,sample3_58h.json,28,33,0,1,FP,0.8538694704084296,>=,0.05,-1
76,sample3_58h.json,28,34,0,0,TN,0.3867791625789003,>=,0.05,-1
77,sample3_58h.json,28,37,0,0,TN,0.980181894577855,>=,0.05,-1
78,sample3_58h.json,29,32,0,0,TN,0.13946544077145073,>=,0.05,-1
79,sample3_58h.json,29,33,0,0,TN,0.6707136553052996,>=,0.05,-1
80,sample3_58h.json,29,38,0,0,TN,0.23162895302445385,>=,0.05,-1
81,sample3_58h.json,29,39,0,0,TN,0.7082324151484334,>=,0.05,-1
82,sample3_58h.json,30,34,0,0,TN,0.46933997571460373,>=,0.05,-1
83,sample3_58h.json,30,36,0,0,TN,0.030293157486611877,>=,0.05,-1
84,sample3_58h.json,31,35,0,0,TN,0.04465792525380674,>=,0.05,-1
85,sample3_58h.json,31,40,0,0,TN,0.2959027419707818,>=,0.05,-1
86,sample3_58h.json,32,35,0,0,TN,0.09741625155082811,>=,0.05,-1
87,sample3_58h.json,32,39,0,0,TN,0.6880756351461902,>=,0.05,-1
88,sample3_58h.json,33,37,1,0,FN,0.46075326388153504,>=,0.05,10
89,sample3_58h.json,33,38,0,0,TN,0.6440159543835708,>=,0.05,-1
90,sample3_58h.json,34,36,0,0,TN,0.6666011747355162,>=,0.05,-1
91,sample3_58h.json,34,37,0,0,TN,0.04749685619740418,>=,0.05,-1
92,sample3_58h.json,34,41,1,0,FN,0.4145848959677375,>=,0.05,6
93,sample3_58h.json,34,44,0,0,TN,0.6828831762988674,>=,0.05,-1
94,sample3_58h.json,35,39,0,0,TN,0.9031155838251314,>=,0.05,-1
95,sample3_58h.json,35,40,0,1,FP,0.945998687301501,>=,0.05,-1
96,sample3_58h.json,35,45,1,0,FN,0.3827069233677618,>=,0.05,10
97,sample3_58h.json,36,41,0,0,TN,0.5763469329439368,>=,0.05,-1
98,sample3_58h.json,36,43,1,1,TP,0.9340188528479867,>=,0.05,4
99,sample3_58h.json,37,38,0,0,TN,0.0451780741843546,>=,0.05,-1
100,sample3_58h.json,37,42,0,1,FP,0.9761881239205912,>=,0.05,-1
101,sample3_58h.json,37,44,0,0,TN,0.45478928050356293,>=,0.05,-1
102,sample3_58h.json,38,39,0,0,TN,0.8493482957659864,>=,0.05,-1
103,sample3_58h.json,38,42,1,0,FN,0.1678310855007209,>=,0.05,2
104,sample3_58h.json,38,46,0,1,FP,0.9358434062985099,>=,0.05,-1
105,sample3_58h.json,39,45,0,1,FP,0.7744561955883273,>=,0.05,-1
106,sample3_58h.json,39,46,1,0,FN,0.6529291850944683,>=,0.05,8
107,sample3_58h.json,40,45,0,0,TN,0.17306246094020483,>=,0.05,-1
108,sample3_58h.json,40,51,1,0,FN,0.43827236001354075,>=,0.05,8
109,sample3_58h.json,41,43,0,0,TN,0.5856894601767181,>=,0.05,-1
110,sample3_58h.json,41,44,0,0,TN,0.4019494556037465,>=,0.05,-1
111,sample3_58h.json,41,48,0,1,FP,0.8928702360037072,>=,0.05,-1
112,sample3_58h.json,41,50,0,0,TN,0.5507870637930132,>=,0.05,-1
113,sample3_58h.json,42,44,0,0,TN,0.08905328745015184,>=,0.05,-1
114,sample3_58h.json,42,46,0,0,TN,0.8753364582634418,>=,0.05,-1
115,sample3_58h.json,42,49,0,0,TN,0.3113074306678528,>=,0.05,-1
116,sample3_58h.json,42,53,0,0,TN,0.17157087496975132,>=,0.05,-1
117,sample3_58h.json,43,47,0,0,TN,0.6428802035330303,>=,0.05,-1
118,sample3_58h.json,43,48,0,0,TN,0.8079735830133148,>=,0.05,-1
119,sample3_58h.json,43,52,0,0,TN,0.29030450883265724,>=,0.05,-1
120,sample3_58h.json,44,49,0,0,TN,0.48738459181101224,>=,0.05,-1
121,sample3_58h.json,44,50,1,1,TP,0.9679813977597043,>=,0.05,12
122,sample3_58h.json,45,46,0,0,TN,0.44196157064482877,>=,0.05,-1
123,sample3_58h.json,45,51,0,0,TN,0.3730536314312227,>=,0.05,-1
124,sample3_58h.json,45,53,0,0,TN,0.5504218755090866,>=,0.05,-1
125,sample3_58h.json,45,59,0,0,TN,0.707080371802351,>=,0.05,-1
126,sample3_58h.json,46,53,0,0,TN,0.6432305668741429,>=,0.05,-1
127,sample3_58h.json,47,52,0,0,TN,0.03319615618325911,>=,0.05,-1
128,sample3_58h.json,47,54,0,1,FP,0.9396644130308779,>=,0.05,-1
129,sample3_58h.json,48,50,0,0,TN,0.4585198864431205,>=,0.05,-1
130,sample3_58h.json,48,52,1,0,FN,0.7042209664032754,>=,0.05,6
131,sample3_58h.json,49,50,0,0,TN,0.5986618824278916,>=,0.05,-1
132,sample3_58h.json,49,53,0,0,TN,0.16422924797478633,>=,0.05,-1
133,sample3_58h.json,49,55,0,1,FP,0.9947412270301161,>=,0.05,-1
134,sample3_58h.json,49,58,0,0,TN,0.7871177184880243,>=,0.05,-1
135,sample3_58h.json,50,52,0,0,TN,0.6727244602147018,>=,0.05,-1
136,sample3_58h.json,50,56,0,0,TN,0.26969606209939323,>=,0.05,-1
137,sample3_58h.json,50,58,0,0,TN,0.19147154630332874,>=,0.05,-1
138,sample3_58h.json,52,54,0,0,TN,0.08964067653443397,>=,0.05,-1
139,sample3_58h.json,52,56,0,1,FP,0.5576369454953913,>=,0.05,-1
140,sample3_58h.json,52,57,0,0,TN,0.2111010785902797,>=,0.05,-1
141,sample3_58h.json,52,61,0,0,TN,0.4209138290181349,>=,0.05,-1
142,sample3_58h.json,53,55,1,0,FN,0.7610484327764304,>=,0.05,6
143,sample3_58h.json,53,59,0,1,FP,0.6065691320009224,>=,0.05,-1
144,sample3_58h.json,54,57,1,0,FN,0.31751015606873556,>=,0.05,6
145,sample3_58h.json,54,60,0,0,TN,0.09283990438338019,>=,0.05,-1
146,sample3_58h.json,55,58,0,0,TN,0.3081763314442926,>=,0.05,-1
147,sample3_58h.json,55,59,0,0,TN,0.19730407636980407,>=,0.05,-1
148,sample3_58h.json,55,62,0,0,TN,0.5452660992798924,>=,0.05,-1
149,sample3_58h.json,56,58,0,0,TN,0.4224035169810777,>=,0.05,-1
150,sample3_58h.json,56,61,1,0,FN,0.3588024741195469,>=,0.05,4
151,sample3_58h.json,56,63,0,0,TN,0.386369946178162,>=,0.05,-1
152,sample3_58h.json,57,60,0,0,TN,0.40799213983592153,>=,0.05,-1
153,sample3_58h.json,57,61,0,1,FP,0.42621410530314374,>=,0.05,-1
154,sample3_58h.json,57,64,0,0,TN,0.32713324219218687,>=,0.05,-1
155,sample3_58h.json,58,62,0,1,FP,0.7596851720495723,>=,0.05,-1
156,sample3_58h.json,58,63,1,0,FN,0.5291720724061698,>=,0.05,16
157,sample3_58h.json,58,66,0,0,TN,0.011292205339423544,>=,0.05,-1
158,sample3_58h.json,59,62,0,0,TN,0.41065628498067364,>=,0.05,-1
159,sample3_58h.json,59,65,1,0,FN,0.22500099338655666,>=,0.05,16
160,sample3_58h.json,59,67,0,0,TN,0.5954455821268306,>=,0.05,-1
161,sample3_58h.json,60,64,0,1,FP,0.8393793953020007,>=,0.05,-1
162,sample3_58h.json,60,68,0,0,TN,0.7433668784968451,>=,0.05,-1
163,sample3_58h.json,61,63,0,0,TN,0.12300714599112383,>=,0.05,-1
164,sample3_58h.json,61,64,0,0,TN,0.5005019888828461,>=,0.05,-1
165,sample3_58h.json,62,65,0,0,TN,0.46551460344090934,>=,0.05,-1
166,sample3_58h.json,62,66,1,0,FN,0.4395869134482585,>=,0.05,6
167,sample3_58h.json,63,64,0,0,TN,0.3690591042071152,>=,0.05,-1
168,sample3_58h.json,63,66,0,1,FP,0.6866963491790639,>=,0.05,-1
169,sample3_58h.json,63,69,0,0,TN,0.1216880420075267,>=,0.05,-1
170,sample3_58h.json,63,70,0,0,TN,0.04988983598563412,>=,0.05,-1
171,sample3_58h.json,64,68,1,0,FN,0.643474957224139,>=,0.05,18
172,sample3_58h.json,64,69,0,0,TN,0.2005357719917038,>=,0.05,-1
173,sample3_58h.json,65,66,0,0,TN,0.35864124520570795,>=,0.05,-1
174,sample3_58h.json,65,67,0,0,TN,0.9220595617948883,>=,0.05,-1
175,sample3_58h.json,65,71,0,0,TN,0.1418979048018072,>=,0.05,-1
176,sample3_58h.json,65,72,0,1,FP,0.8497903132121951,>=,0.05,-1
177,sample3_58h.json,66,70,0,0,TN,0.40575356915415606,>=,0.05,-1
178,sample3_58h.json,66,72,0,0,TN,0.19174334189636766,>=,0.05,-1
179,sample3_58h.json,67,71,1,1,TP,0.9848841964188106,>=,0.05,16
180,sample3_58h.json,68,69,0,0,TN,0.6076639106708613,>=,0.05,-1
181,sample3_58h.json,68,73,0,1,FP,0.2222372353293144,>=,0.05,-1
182,sample3_58h.json,69,70,0,1,FP,0.7634153272861846,>=,0.05,-1
183,sample3_58h.json,69,73,1,0,FN,0.3705335841009443,>=,0.05,14
184,sample3_58h.json,70,72,0,0,TN,0.5322583483160743,>=,0.05,-1
185,sample3_58h.json,70,74,1,0,FN,0.3565648301163523,>=,0.05,2
186,sample3_58h.json,71,72,0,0,TN,0.16351291813548963,>=,0.05,-1
187,sample3_58h.json,71,76,0,0,TN,0.8279477502797666,>=,0.05,-1
188,sample3_58h.json,72,74,0,0,TN,0.7066513804477977,>=,0.05,-1
189,sample3_58h.json,72,75,1,0,FN,0.26059567452551824,>=,0.05,12
190,sample3_58h.json,72,76,0,0,TN,0.5276875777513274,>=,0.05,-1
191,sample3_58h.json,74,75,0,0,TN,0.01273384832183777,>=,0.05,-1
192,sample3_58h.json,75,76,0,1,FP,0.8448286534336077,>=,0.05,-1
1,sample4_20h.json,0,1,1,0,FN,0.22233290186417032,>=,0.05,8
2,sample4_20h.json,0,6,0,0,TN,0.3076880879306454,>=,0.05,-1
3,sample4_20h.json,0,13,0,1,FP,0.8906457420872285,>=,0.05,-1
4,sample4_20h.json,1,3,0,0,TN,0.19654050536992496,>=,0.05,-1
5,sample4_20h.json,1,9,0,1,FP,0.6763916252218681,>=,0.05,-1
6,sample4_20h.json,1,13,0,0,TN,0.055200868076807796,>=,0.05,-1
7,sample4_20h.json,2,5,1,0,FN,0.5722041101007396,>=,0.05,10
8,sample4_20h.json,2,8,0,1,FP,0.7701382420842734,>=,0.05,-1
9,sample4_20h.json,2,14,0,0,TN,0.5666061560680484,>=,0.05,-1
10,sample4_20h.json,3,7,1,1,TP,0.9946127911954954,>=,0.05,4
11,sample4_20h.json,3,9,0,0,TN,0.5908292204340151,>=,0.05,-1
12,sample4_20h.json,4,6,1,0,FN,0.4204328293115571,>=,0.05,8
13,sample4_20h.json,4,8,0,0,TN,0.29600934863095407,>=,0.05,-1
14,sample4_20h.json,4,15,0,0,TN,0.6335117732931369,>=,0.05,-1
15,sample4_20h.json,4,17,0,1,FP,0.720248514469027,>=,0.05,-1
16,sample4_20h.json,5,10,0,0,TN,0.4079605338349357,>=,0.05,-1
17,sample4_20h.json,5,14,0,1,FP,0.9505166973348648,>=,0.05,-1
18,sample4_20h.json,5,19,0,0,TN,0.6878178633169914,>=,0.05,-1
19,sample4_20h.json,5,20,0,0,TN,0.609623596881155,>=,0.05,-1
20,sample4_20h.json,6,13,0,0,TN,0.2896820083531164,>=,0.05,-1
21,sample4_20h.json,6,15,0,1,FP,0.9835513571251898,>=,0.05,-1
22,sample4_20h.json,7,9,0,0,TN,0.24252663375937877,>=,0.05,-1
23,sample4_20h.json,8,14,1,0,FN,0.49357871277556764,>=,0.05,8
24,sample4_20h.json,8,17,0,0,TN,0.4596043470253519,>=,0.05,-1
25,sample4_20h.json,9,13,0,0,TN,0.470159940918207,>=,0.05,-1
26,sample4_20h.json,9,18,0,0,TN,0.3607369790707017,>=,0.05,-1
27,sample4_20h.json,9,21,0,0,TN,0.7128533031591178,>=,0.05,-1
28,sample4_20h.json,10,11,1,1,TP,0.8149495387949676,>=,0.05,12
29,sample4_20h.json,10,20,0,0,TN,0.13556934818979816,>=,0.05,-1
30,sample4_20h.json,10,29,0,0,TN,0.04080533744573256,>=,0.05,-1
31,sample4_20h.json,12,16,1,0,FN,0.4445405010581428,>=,0.05,12
32,sample4_20h.json,12,23,0,1,FP,0.9995572489918279,>=,0.05,-1
33,sample4_20h.json,12,25,0,0,TN,0.6669710278892623,>=,0.05,-1
34,sample4_20h.json,13,15,0,0,TN,0.6096962486188283,>=,0.05,-1
35,sample4_20h.json,13,21,0,0,TN,0.4469414584653064,>=,0.05,-1
36,sample4_20h.json,13,22,0,0,TN,0.7972226796656671,>=,0.05,-1
37,sample4_20h.json,14,17,0,0,TN,0.0654722048033689,>=,0.05,-1
38,sample4_20h.json,14,19,0,0,TN,0.6174855964898012,>=,0.05,-1
39,sample4_20h.json,14,24,0,0,TN,0.8144856448253969,>=,0.05,-1
40,sample4_20h.json,15,17,0,0,TN,0.3631586432337486,>=,0.05,-1
41,sample4_20h.json,15,22,1,0,FN,0.4504499835023371,>=,0.05,10
42,sample4_20h.json,15,26,0,0,TN,0.302695971405632,>=,0.05,-1
43,sample4_20h.json,16,18,0,0,TN,0.4561917835986883,>=,0.05,-1
44,sample4_20h.json,16,25,0,1,FP,0.6579789348703406,>=,0.05,-1
45,sample4_20h.json,16,27,0,0,TN,0.00037808488215040903,>=,0.05,-1
46,sample4_20h.json,17,24,1,0,FN,0.041926908915283834,>=,0.05,2
47,sample4_20h.json,17,26,0,0,TN,0.522103428194514,>=,0.05,-1
48,sample4_20h.json,18,21,0,1,FP,0.19904020680777346,>=,0.05,-1
49,sample4_20h.json,18,27,0,0,TN,0.22297760760016605,>=,0.05,-1
50,sample4_20h.json,18,28,0,0,TN,0.43825042523726654,>=,0.05,-1
51,sample4_20h.json,18,33,0,0,TN,0.5540957444498913,>=,0.05,-1
52,sample4_20h.json,19,20,1,0,FN,0.7424233358066786,>=,0.05,8
53,sample4_20h.json,19,24,0,0,TN,0.20005605923612735,>=,0.05,-1
54,sample4_20h.json,19,31,0,1,FP,0.8676414494744913,>=,0.05,-1
55,sample4_20h.json,20,29,0,1,FP,0.8476108169064911,>=,0.05,-1
56,sample4_20h.json,20,31,0,0,TN,0.5788082244206142,>=,0.05,-1
57,sample4_20h.json,21,22,0,0,TN,0.13094969186846472,>=,0.05,-1
58,sample4_20h.json,21,28,1,0,FN,0.43346470722185315,>=,0.05,8
59,sample4_20h.json,21,30,0,0,TN,0.06554458151820919,>=,0.05,-1
60,sample4_20h.json,22,26,0,1,FP,0.9667620925789264,>=,0.05,-1
61,sample4_20h.json,22,30,0,0,TN,0.15315561434310698,>=,0.05,-1
62,sample4_20h.json,23,25,1,0,FN,0.8783070576614102,>=,0.05,4
63,sample4_20h.json,23,27,0,0,TN,0.5252983293206503,>=,0.05,-1
64,sample4_20h.json,23,35,0,0,TN,0.31616399383900207,>=,0.05,-1
65,sample4_20h.json,24,26,0,0,TN,0.08015822710132214,>=,0.05,-1
66,sample4_20h.json,24,31,0,0,TN,0.5649183597566616,>=,0.05,-1
67,sample4_20h.json,24,32,0,0,TN,0.3933688149039055,>=,0.05,-1
68,sample4_20h.json,25,27,0,0,TN,0.1185242555058027,>=,0.05,-1
69,sample4_20h.json,26,30,0,0,TN,0.08110177289032827,>=,0.05,-1
70,sample4_20h.json,26,32,1,0,FN,0.4697900031084593,>=,0.05,8
71,sample4_20h.json,26,36,0,0,TN,0.13594413622320622,>=,0.05,-1
72,sample4_20h.json,27,33,0,0,TN,0.26712537747267373,>=,0.05,-1
73,sample4_20h.json,27,35,0,1,FP,0.9807155778549794,>=,0.05,-1
74,sample4_20h.json,27,40,0,0,TN,0.706857655835302,>=,0.05,-1
75,sample4_20h.json,28,30,0,0,TN,0.7233154269444892,>=,0.05,-1
76,sample4_20h.json,28,33,0,1,FP,0.9764469526488561,>=,0.05,-1
77,sample4_20h.json,28,38,0,0,TN,0.18465131964726322,>=,0.05,-1
78,sample4_20h.json,29,31,0,0,TN,0.8989235452350448,>=,0.05,-1
79,sample4_20h.json,29,34,1,0,FN,0.08199178210613633,>=,0.05,2
80,sample4_20h.json,29,44,0,0,TN,0.6778846631308025,>=,0.05,-1
81,sample4_20h.json,30,36,1,0,FN,0.2762055088686307,>=,0.05,8
82,sample4_20h.json,30,38,0,0,TN,0.8408381234942115,>=,0.05,-1
83,sample4_20h.json,30,41,0,1,FP,0.9046087872513998,>=,0.05,-1
84,sample4_20h.json,30,47,0,0,TN,0.5252509321050917,>=,0.05,-1
85,sample4_20h.json,31,32,0,0,TN,0.390929990683603,>=,0.05,-1
86,sample4_20h.json,31,42,0,0,TN,0.3568990109578407,>=,0.05,-1
87,sample4_20h.json,31,44,0,0,TN,0.9405739807950295,>=,0.05,-1
88,sample4_20h.json,32,36,0,0,TN,0.8591425695818391,>=,0.05,-1
89,sample4_20h.json,32,42,0,1,FP,0.8727263610805709,>=,0.05,-1
90,sample4_20h.json,32,43,0,0,TN,0.6756700595486751,>=,0.05,-1
91,sample4_20h.json,33,38,0,0,TN,0.018656226755092375,>=,0.05,-1
92,sample4_20h.json,33,40,0,0,TN,0.43452939969122006,>=,0.05,-1
93,sample4_20h.json,33,45,0,0,TN,0.9215666809514211,>=,0.05,-1
94,sample4_20h.json,33,52,0,0,TN,0.09094036308382081,>=,0.05,-1
95,sample4_20h.json,34,37,0,0,TN,0.3629415773264685,>=,0.05,-1
96,sample4_20h.json,34,44,0,1,FP,0.9077140260263293,>=,0.05,-1
97,sample4_20h.json,34,53,0,0,TN,0.2812724146789036,>=,0.05,-1
98,sample4_20h.json,35,39,1,0,FN,0.7796950013480941,>=,0.05,10
99,sample4_20h.json,35,40,0,0,TN,0.2909510927380283,>=,0.05,-1
100,sample4_20h.json,35,48,0,0,TN,0.42158654711314536,>=,0.05,-1
101,sample4_20h.json,35,51,0,0,TN,0.1793438981394323,>=,0.05,-1
102,sample4_20h.json,36,43,0,0,TN,0.881395374887217,>=,0.05,-1
103,sample4_20h.json,36,47,0,1,FP,0.9335821299951016,>=,0.05,-1
104,sample4_20h.json,36,49,0,0,TN,0.6417632681204906,>=,0.05,-1
105,sample4_20h.json,37,50,0,1,FP,0.8882748777483289,>=,0.05,-1
106,sample4_20h.json,37,53,0,0,TN,0.3695905964734534,>=,0.05,-1
107,sample4_20h.json,37,60,0,0,TN,0.9968391559436833,>=,0.05,-1
108,sample4_20h.json,38,41,0,0,TN,0.8355979991890781,>=,0.05,-1
109,sample4_20h.json,38,45,1,1,TP,0.7249207909542671,>=,0.05,8
110,sample4_20h.json,39,46,0,0,TN,0.06839514759830434,>=,0.05,-1
111,sample4_20h.json,39,51,0,1,FP,0.9010790996654803,>=,0.05,-1
112,sample4_20h.json,40,48,1,1,TP,0.8336296992392119,>=,0.05,6
113,sample4_20h.json,40,52,0,0,TN,0.34326102707971196,>=,0.05,-1
114,sample4_20h.json,41,45,0,0,TN,0.479542539610463,>=,0.05,-1
115,sample4_20h.json,41,47,1,0,FN,0.07629484090505234,>=,0.05,8
116,sample4_20h.json,41,62,0,0,TN,0.2990151681785028,>=,0.05,-1
117,sample4_20h.json,42,43,0,0,TN,0.39594459918677793,>=,0.05,-1
118,sample4_20h.json,42,44,1,0,FN,0.37856819738804803,>=,0.05,8
119,sample4_20h.json,42,56,0,0,TN,0.7712348178852195,>=,0.05,-1
120,sample4_20h.json,43,49,0,1,FP,0.8946708057849313,>=,0.05,-1
121,sample4_20h.json,43,56,0,0,TN,0.42069255567067254,>=,0.05,-1
122,sample4_20h.json,43,59,0,0,TN,0.1632834293216402,>=,0.05,-1
123,sample4_20h.json,44,53,0,0,TN,0.9059225568440323,>=,0.05,-1
124,sample4_20h.json,44,56,0,0,TN,0.14360089151590194,>=,0.05,-1
125,sample4_20h.json,45,52,0,0,TN,0.6082564317874811,>=,0.05,-1
126,sample4_20h.json,45,55,0,0,TN,0.5176997813102219,>=,0.05,-1
127,sample4_20h.json,45,62,0,0,TN,0.3999074118948034,>=,0.05,-1
128,sample4_20h.json,46,51,1,0,FN,0.1452316433762355,>=,0.05,10
129,sample4_20h.json,46,61,0,0,TN,0.6116745697235921,>=,0.05,-1
130,sample4_20h.json,46,64,0,1,FP,0.9246687905693799,>=,0.05,-1
131,sample4_20h.json,47,49,0,0,TN,0.24153627334771555,>=,0.05,-1
132,sample4_20h.json,47,57,0,0,TN,0.9471739312881362,>=,0.05,-1
133,sample4_20h.json,47,62,0,0,TN,0.5231916337105056,>=,0.05,-1
134,sample4_20h.json,48,51,0,0,TN,0.7110547333242644,>=,0.05,-1
135,sample4_20h.json,48,52,0,0,TN,0.5171230054773985,>=,0.05,-1
136,sample4_20h.json,48,58,0,0,TN,0.16392454074524687,>=,0.05,-1
137,sample4_20h.json,49,57,0,0,TN,0.08172143295140422,>=,0.05,-1
138,sample4_20h.json,49,59,1,0,FN,0.0341518314783128,>=,0.05,6
139,sample4_20h.json,49,63,0,0,TN,0.046146706503778945,>=,0.05,-1
140,sample4_20h.json,50,54,1,0,FN,0.4483774009965167,>=,0.05,8
141,sample4_20h.json,50,60,0,0,TN,0.348147831461306,>=,0.05,-1
142,sample4_20h.json,50,68,0,0,TN,0.7163273542004074,>=,0.05,-1
143,sample4_20h.json,51,58,0,0,TN,0.4017823413895625,>=,0.05,-1
144,sample4_20h.json,51,64,0,0,TN,0.4880971788102698,>=,0.05,-1
145,sample4_20h.json,51,69,0,0,TN,0.1351219919824609,>=,0.05,-1
146,sample4_20h.json,52,55,1,1,TP,0.7191725322750262,>=,0.05,6
147,sample4_20h.json,52,58,0,0,TN,0.30570279320503957,>=,0.05,-1
148,sample4_20h.json,53,56,0,0,TN,0.7636001760469519,>=,0.05,-1
149,sample4_20h.json,53,60,0,1,FP,0.6838974970129003,>=,0.05,-1
150,sample4_20h.json,53,65,0,0,TN,0.6431588814113924,>=,0.05,-1
151,sample4_20h.json,53,67,0,0,TN,0.013949826634577556,>=,0.05,-1
152,sample4_20h.json,54,68,0,1,FP,0.8164744094318808,>=,0.05,-1
153,sample4_20h.json,55,58,0,0,TN,0.6187362247449026,>=,0.05,-1
154,sample4_20h.json,55,62,0,0,TN,0.6065634991216183,>=,0.05,-1
155,sample4_20h.json,55,70,0,0,TN,0.8357423042047453,>=,0.05,-1
156,sample4_20h.json,55,72,0,0,TN,0.21022235874476625,>=,0.05,-1
157,sample4_20h.json,56,59,0,0,TN,0.5935538053300978,>=,0.05,-1
158,sample4_20h.json,56,65,1,1,TP,0.9739242737947762,>=,0.05,6
159,sample4_20h.json,56,66,0,0,TN,0.8297852952045203,>=,0.05,-1
160,sample4_20h.json,57,62,0,1,FP,0.9198851264732312,>=,0.05,-1
161,sample4_20h.json,57,63,1,0,FN,0.5235952394730654,>=,0.05,8
162,sample4_20h.json,57,71,0,0,TN,0.07598848116007151,>=,0.05,-1
163,sample4_20h.json,58,69,0,0,TN,0.662570718562839,>=,0.05,-1
164,sample4_20h.json,58,70,0,1,FP,0.828170233168711,>=,0.05,-1
165,sample4_20h.json,58,74,0,0,TN,0.286491107069643,>=,0.05,-1
166,sample4_20h.json,58,76,0,0,TN,0.46046314076859873,>=,0.05,-1
167,sample4_20h.json,58,77,0,0,TN,0.2834554985906864,>=,0.05,-1
168,sample4_20h.json,59,63,0,0,TN,0.1800407740494685,>=,0.05,-1
169,sample4_20h.json,59,66,0,1,FP,0.8527579170836737,>=,0.05,-1
170,sample4_20h.json,59,73,0,0,TN,0.6785274192089095,>=,0.05,-1
171,sample4_20h.json,60,67,1,0,FN,0.5372333894611012,>=,0.05,10
172,sample4_20h.json,60,68,0,0,TN,0.8285429059526651,>=,0.05,-1
173,sample4_20h.json,61,64,1,0,FN,0.24596745344247495,>=,0.05,12
174,sample4_20h.json,62,71,1,0,FN,0.6741593223610418,>=,0.05,10
175,sample4_20h.json,62,72,0,0,TN,0.9497155310066655,>=,0.05,-1
176,sample4_20h.json,63,71,0,0,TN,0.8077348787893226,>=,0.05,-1
177,sample4_20h.json,63,73,0,1,FP,0.7014181726499726,>=,0.05,-1
178,sample4_20h.json,63,78,0,0,TN,0.85780057180878,>=,0.05,-1
179,sample4_20h.json,64,69,0,0,TN,0.33709714084570774,>=,0.05,-1
180,sample4_20h.json,64,75,0,0,TN,0.3593800264610033,>=,0.05,-1
181,sample4_20h.json,64,81,0,0,TN,0.009670767623561782,>=,0.05,-1
182,sample4_20h.json,65,66,0,0,TN,0.6940134352537544,>=,0.05,-1
183,sample4_20h.json,65,67,0,0,TN,0.8622074719117224,>=,0.05,-1
184,sample4_20h.json,65,79,0,0,TN,0.42015099782663,>=,0.05,-1
185,sample4_20h.json,65,83,0,0,TN,0.8841688071977156,>=,0.05,-1
186,sample4_20h.json,66,73,0,0,TN,0.8248118879328025,>=,0.05,-1
187,sample4_20h.json,66,83,0,0,TN,0.7671673183897753,>=,0.05,-1
188,sample4_20h.json,66,89,0,0,TN,0.3635199744760401,>=,0.05,-1
189,sample4_20h.json,67,68,0,0,TN,0.7879843022124371,>=,0.05,-1
190,sample4_20h.json,67,79,0,0,TN,0.6137939524426634,>=,0.05,-1
191,sample4_20h.json,67,80,0,1,FP,0.9530778238199777,>=,0.05,-1
192,sample4_20h.json,68,80,0,0,TN,0.14331702169632032,>=,0.05,-1
193,sample4_20h.json,68,82,0,0,TN,0.79569844889866,>=,0.05,-1
194,sample4_20h.json,69,74,0,0,TN,0.43896652970162486,>=,0.05,-1
195,sample4_20h.json,69,75,1,0,FN,0.2535470032460698,>=,0.05,2
196,sample4_20h.json,69,81,0,0,TN,0.031304145377360704,>=,0.05,-1
197,sample4_20h.json,69,86,0,1,FP,0.928915238393157,>=,0.05,-1
198,sample4_20h.json,70,72,1,0,FN,0.042042740349919394,>=,0.05,10
199,sample4_20h.json,70,76,0,0,TN,0.8629853619497441,>=,0.05,-1
200,sample4_20h.json,70,85,0,0,TN,0.38151116736556523,>=,0.05,-1
201,sample4_20h.json,71,72,0,1,FP,0.8952476846277406,>=,0.05,-1
202,sample4_20h.json,71,78,0,0,TN,0.31368622753205966,>=,0.05,-1
203,sample4_20h.json,71,84,0,0,TN,0.6646883762096734,>=,0.05,-1
204,sample4_20h.json,71,88,0,0,TN,0.36501026146019644,>=,0.05,-1
205,sample4_20h.json,72,84,0,0,TN,0.3350739197063488,>=,0.05,-1
206,sample4_20h.json,72,85,0,0,TN,0.6467234605368113,>=,0.05,-1
207,sample4_20h.json,72,90,0,0,TN,0.7755344911696426,>=,0.05,-1
208,sample4_20h.json,73,78,0,0,TN,0.14126684393627553,>=,0.05,-1
209,sample4_20h.json,73,87,0,0,TN,0.08444028174718854,>=,0.05,-1
210,sample4_20h.json,73,89,0,0,TN,0.23756514510393478,>=,0.05,-1
211,sample4_20h.json,74,77,0,0,TN,0.1462416499218192,>=,0.05,-1
212,sample4_20h.json,74,86,0,0,TN,0.2430018084393215,>=,0.05,-1
213,sample4_20h.json,74,91,0,1,FP,0.923389246280982,>=,0.05,-1
214,sample4_20h.json,75,81,0,1,FP,0.9064322062730888,>=,0.05,-1
215,sample4_20h.json,76,77,1,0,FN,0.6179208348347395,>=,0.05,10
216,sample4_20h.json,76,85,0,1,FP,0.906421751642991,>=,0.05,-1
217,sample4_20h.json,76,91,0,0,TN,0.2926542654373948,>=,0.05,-1
218,sample4_20h.json,77,91,0,0,TN,0.09417421251504177,>=,0.05,-1
219,sample4_20h.json,78,87,1,0,FN,0.36572647058803864,>=,0.05,8
220,sample4_20h.json,78,88,0,1,FP,0.8796037337143668,>=,0.05,-1
221,sample4_20h.json,79,80,0,0,TN,0.028219850982729833,>=,0.05,-1
222,sample4_20h.json,79,83,0,1,FP,0.8749762434510607,>=,0.05,-1
223,sample4_20h.json,79,127,0,0,TN,0.4577070497132998,>=,0.05,-1
224,sample4_20h.json,80,82,1,0,FN,0.7444458812709381,>=,0.05,2
225,sample4_20h.json,80,127,0,0,TN,0.5271386471194486,>=,0.05,-1
226,sample4_20h.json,81,86,1,0,FN,0.09027115145509701,>=,0.05,12
227,sample4_20h.json,82,127,0,1,FP,0.7337690787184016,>=,0.05,-1
228,sample4_20h.json,83,89,0,0,TN,0.12759521760008696,>=,0.05,-1
229,sample4_20h.json,83,92,0,0,TN,0.9450271905828918,>=,0.05,-1
230,sample4_20h.json,83,97,0,0,TN,0.5116771653147454,>=,0.05,-1
231,sample4_20h.json,83,127,0,0,TN,0.6453274593457138,>=,0.05,-1
232,sample4_20h.json,83,128,0,0,TN,0.014502442902499801,>=,0.05,-1
233,sample4_20h.json,84,88,0,0,TN,0.1372363321351926,>=,0.05,-1
234,sample4_20h.json,84,90,1,1,TP,0.8174061018341093,>=,0.05,8
235,sample4_20h.json,84,94,0,0,TN,0.058152578981267244,>=,0.05,-1
236,sample4_20h.json,84,100,0,0,TN,0.04197836852663894,>=,0.05,-1
237,sample4_20h.json,84,101,0,0,TN,0.0866033813894046,>=,0.05,-1
238,sample4_20h.json,85,90,0,0,TN,0.17433342140649977,>=,0.05,-1
239,sample4_20h.json,85,91,0,0,TN,0.7506097010396964,>=,0.05,-1
240,sample4_20h.json,85,95,0,0,TN,0.6651497350775334,>=,0.05,-1
241,sample4_20h.json,85,99,0,0,TN,0.7907779894274846,>=,0.05,-1
242,sample4_20h.json,86,91,0,0,TN,0.7618151559688505,>=,0.05,-1
243,sample4_20h.json,86,98,0,0,TN,0.06476367518459436,>=,0.05,-1
244,sample4_20h.json,87,88,0,0,TN,0.24723316102498294,>=,0.05,-1
245,sample4_20h.json,87,89,0,0,TN,0.9287067509377919,>=,0.05,-1
246,sample4_20h.json,87,96,0,0,TN,0.535447004549779,>=,0.05,-1
247,sample4_20h.json,87,102,0,1,FP,0.7039873589374575,>=,0.05,-1
248,sample4_20h.json,88,94,1,0,FN,0.9770334597326129,>=,0.05,10
249,sample4_20h.json,88,96,0,0,TN,0.9269040402931404,>=,0.05,-1
250,sample4_20h.json,89,92,1,1,TP,0.9268384771594633,>=,0.05,4
251,sample4_20h.json,89,102,0,0,TN,0.41036931785230457,>=,0.05,-1
252,sample4_20h.json,90,95,0,0,TN,0.5357191245684514,>=,0.05,-1
253,sample4_20h.json,90,100,0,0,TN,0.06718595100724234,>=,0.05,-1
254,sample4_20h.json,91,98,0,0,TN,0.04772387520140997,>=,0.05,-1
255,sample4_20h.json,91,99,0,0,TN,0.5345060612091117,>=,0.05,-1
256,sample4_20h.json,91,104,0,0,TN,0.23003956815674031,>=,0.05,-1
257,sample4_20h.json,92,97,0,0,TN,0.35234564013939196,>=,0.05,-1
258,sample4_20h.json,92,102,0,0,TN,0.249396612999633,>=,0.05,-1
259,sample4_20h.json,92,132,0,0,TN,0.4668576439734409,>=,0.05,-1
260,sample4_20h.json,94,96,0,1,FP,0.927313876759558,>=,0.05,-1
261,sample4_20h.json,94,101,0,0,TN,0.23031480648401448,>=,0.05,-1
262,sample4_20h.json,94,105,0,0,TN,0.08154861862327556,>=,0.05,-1
263,sample4_20h.json,95,99,1,1,TP,0.9532614152491694,>=,0.05,10
264,sample4_20h.json,95,100,0,0,TN,0.6371252733733771,>=,0.05,-1
265,sample4_20h.json,95,106,0,0,TN,0.3703036673975033,>=,0.05,-1
266,sample4_20h.json,95,107,0,0,TN,0.5029090425676995,>=,0.05,-1
267,sample4_20h.json,96,102,1,0,FN,0.09689174067052819,>=,0.05,10
268,sample4_20h.json,96,105,0,0,TN,0.31109061988224307,>=,0.05,-1
269,sample4_20h.json,96,112,0,0,TN,0.03862993109318469,>=,0.05,-1
270,sample4_20h.json,97,128,0,0,TN,0.15008284793256577,>=,0.05,-1
271,sample4_20h.json,97,132,0,1,FP,0.4743335329733943,>=,0.05,-1
272,sample4_20h.json,98,104,1,0,FN,0.0825027657576517,>=,0.05,12
273,sample4_20h.json,99,104,0,0,TN,0.323431940417758,>=,0.05,-1
274,sample4_20h.json,99,107,0,0,TN,0.5921796227935341,>=,0.05,-1
275,sample4_20h.json,100,101,1,1,TP,0.8621714654435758,>=,0.05,8
276,sample4_20h.json,100,106,0,0,TN,0.2285324290169911,>=,0.05,-1
277,sample4_20h.json,100,109,0,0,TN,0.3628435395819428,>=,0.05,-1
278,sample4_20h.json,100,111,0,0,TN,0.2772665369397054,>=,0.05,-1
279,sample4_20h.json,101,105,0,0,TN,0.28633718092799254,>=,0.05,-1
280,sample4_20h.json,101,110,0,0,TN,0.9601484958049613,>=,0.05,-1
281,sample4_20h.json,101,111,0,0,TN,0.4330846282453017,>=,0.05,-1
282,sample4_20h.json,102,112,0,0,TN,0.8094252966835653,>=,0.05,-1
283,sample4_20h.json,102,113,0,0,TN,0.14976141474642413,>=,0.05,-1
284,sample4_20h.json,102,114,0,0,TN,0.4613931265489727,>=,0.05,-1
285,sample4_20h.json,102,132,0,0,TN,0.46757570120140723,>=,0.05,-1
286,sample4_20h.json,104,107,0,1,FP,0.6223290339219107,>=,0.05,-1
287,sample4_20h.json,105,110,1,1,TP,0.6727370818634266,>=,0.05,8
288,sample4_20h.json,105,112,0,0,TN,0.39234644559183274,>=,0.05,-1
289,sample4_20h.json,106,107,1,0,FN,0.19828639032476658,>=,0.05,10
290,sample4_20h.json,106,109,0,1,FP,0.9447393578908352,>=,0.05,-1
291,sample4_20h.json,109,111,1,0,FN,0.3704301874557362,>=,0.05,6
292,sample4_20h.json,110,111,0,0,TN,0.12494847875260773,>=,0.05,-1
293,sample4_20h.json,110,112,0,0,TN,0.5417135202413597,>=,0.05,-1
294,sample4_20h.json,110,115,0,0,TN,0.20689735929383501,>=,0.05,-1
295,sample4_20h.json,110,117,0,0,TN,0.8007543145473153,>=,0.05,-1
296,sample4_20h.json,111,115,0,1,FP,0.690716585003959,>=,0.05,-1
297,sample4_20h.json,112,114,0,1,FP,0.5999315850630904,>=,0.05,-1
298,sample4_20h.json,112,117,0,0,TN,0.015462253165475004,>=,0.05,-1
299,sample4_20h.json,112,125,1,0,FN,0.4225528394273822,>=,0.05,2
300,sample4_20h.json,113,114,0,0,TN,0.5521624539224089,>=,0.05,-1
301,sample4_20h.json,113,118,0,0,TN,0.7638257397863354,>=,0.05,-1
302,sample4_20h.json,113,132,1,0,FN,0.34091129817758703,>=,0.05,6
303,sample4_20h.json,113,133,0,1,FP,0.9356296351458572,>=,0.05,-1
304,sample4_20h.json,114,118,0,0,TN,0.44644518004421874,>=,0.05,-1
305,sample4_20h.json,114,119,1,0,FN,0.08618008450338566,>=,0.05,2
306,sample4_20h.json,114,125,0,0,TN,0.4359997089612143,>=,0.05,-1
307,sample4_20h.json,115,117,0,0,TN,0.841130317424876,>=,0.05,-1
308,sample4_20h.json,115,120,1,0,FN,0.18809454261195413,>=,0.05,2
309,sample4_20h.json,115,121,0,0,TN,0.32249030082023133,>=,0.05,-1
310,sample4_20h.json,117,121,1,1,TP,0.9775362034651536,>=,0.05,8
311,sample4_20h.json,117,124,0,0,TN,0.07343387828614267,>=,0.05,-1
312,sample4_20h.json,117,125,0,0,TN,0.3388898841069585,>=,0.05,-1
313,sample4_20h.json,118,119,0,1,FP,0.43938107694998363,>=,0.05,-1
314,sample4_20h.json,118,123,0,0,TN,0.48130949025043146,>=,0.05,-1
315,sample4_20h.json,118,133,0,0,TN,0.5484283847726763,>=,0.05,-1
316,sample4_20h.json,119,123,0,0,TN,0.6850455777375591,>=,0.05,-1
317,sample4_20h.json,119,125,0,0,TN,0.3909801301269801,>=,0.05,-1
318,sample4_20h.json,119,126,0,0,TN,0.03448562702658664,>=,0.05,-1
319,sample4_20h.json,120,121,0,0,TN,0.33871300243140423,>=,0.05,-1
320,sample4_20h.json,121,124,0,0,TN,0.021252851070693524,>=,0.05,-1
321,sample4_20h.json,123,126,0,1,FP,0.5008948779625525,>=,0.05,-1
322,sample4_20h.json,124,125,0,1,FP,0.8691343361402004,>=,0.05,-1
323,sample4_20h.json,124,126,1,0,FN,0.08420292650692729,>=,0.05,8
324,sample4_20h.json,125,126,0,0,TN,0.40675245125230786,>=,0.05,-1
325,sample4_20h.json,127,128,0,0,TN,0.9130643532354686,>=,0.05,-1
326,sample4_20h.json,127,130,1,0,FN,0.8303037012386367,>=,0.05,12
327,sample4_20h.json,128,129,1,0,FN,0.7383083951277972,>=,0.05,16
328,sample4_20h.json,128,130,0,1,FP,0.7106253602471283,>=,0.05,-1
329,sample4_20h.json,128,132,0,0,TN,0.007716893129963154,>=,0.05,-1
330,sample4_20h.json,128,134,0,0,TN,0.4357568790156132,>=,0.05,-1
331,sample4_20h.json,129,130,0,0,TN,0.8894748357123763,>=,0.05,-1
332,sample4_20h.json,129,134,0,1,FP,0.722213407448866,>=,0.05,-1
333,sample4_20h.json,132,133,0,0,TN,0.35193956112234837,>=,0.05,-1
334,sample4_20h.json,132,134,0,0,TN,0.5605961701144389,>=,0.05,-1
335,sample4_20h.json,133,134,1,0,FN,0.6191786269510866,>=,0.05,10
1,sample4_36h.json,0,3,0,1,FP,0.8636485207022646,>=,0.05,-1
2,sample4_36h.json,0,4,1,0,FN,0.5486483665833549,>=,0.05,8
3,sample4_36h.json,0,6,0,0,TN,0.8543594735178157,>=,0.05,-1
4,sample4_36h.json,0,12,0,0,TN,0.7368238841358069,>=,0.05,-1
5,sample4_36h.json,1,2,1,1,TP,0.9967133542597499,>=,0.05,8
6,sample4_36h.json,1,7,0,0,TN,0.34120572973804997,>=,0.05,-1
7,sample4_36h.json,2,4,0,0,TN,0.5156867293291237,>=,0.05,-1
8,sample4_36h.json,2,7,0,0,TN,0.6310170784268293,>=,0.05,-1
9,sample4_36h.json,3,5,0,0,TN,0.014880490799124235,>=,0.05,-1
10,sample4_36h.json,3,6,1,0,FN,0.5391613509588855,>=,0.05,10
11,sample4_36h.json,4,7,0,1,FP,0.4700635774965394,>=,0.05,-1
12,sample4_36h.json,4,9,0,0,TN,0.27871262016262954,>=,0.05,-1
13,sample4_36h.json,4,12,0,0,TN,0.6156160365740815,>=,0.05,-1
14,sample4_36h.json,5,6,0,0,TN,0.7212883667809308,>=,0.05,-1
15,sample4_36h.json,5,8,0,0,TN,0.6702224609515043,>=,0.05,-1
16,sample4_36h.json,5,11,0,1,FP,0.9063560989199191,>=,0.05,-1
17,sample4_36h.json,6,11,0,0,TN,0.46502902835232274,>=,0.05,-1
18,sample4_36h.json,6,12,0,1,FP,0.71207482647939,>=,0.05,-1
19,sample4_36h.json,6,14,0,0,TN,0.17949301682389784,>=,0.05,-1
20,sample4_36h.json,7,9,0,0,TN,0.6528818460808762,>=,0.05,-1
22,sample4_36h.json,8,10,0,0,TN,0.1320013199130856,>=,0.05,-1
23,sample4_36h.json,8,11,0,0,TN,0.7959794339880975,>=,0.05,-1
24,sample4_36h.json,8,16,0,0,TN,0.8119756340564916,>=,0.05,-1
25,sample4_36h.json,8,17,0,0,TN,0.13927150568257063,>=,0.05,-1
26,sample4_36h.json,8,20,0,1,FP,0.9249449897368734,>=,0.05,-1
27,sample4_36h.json,9,12,0,0,TN,0.4891371803253022,>=,0.05,-1
28,sample4_36h.json,9,13,0,1,FP,0.9132319726907049,>=,0.05,-1
29,sample4_36h.json,9,15,0,0,TN,0.8650493989147376,>=,0.05,-1
30,sample4_36h.json,9,19,0,0,TN,0.35340365097167625,>=,0.05,-1
31,sample4_36h.json,9,24,0,0,TN,0.7289840724025519,>=,0.05,-1
32,sample4_36h.json,10,17,0,1,FP,0.8815269795011699,>=,0.05,-1
33,sample4_36h.json,11,14,0,0,TN,0.9989421425924231,>=,0.05,-1
34,sample4_36h.json,11,16,0,0,TN,0.25338585638618505,>=,0.05,-1
35,sample4_36h.json,11,21,0,0,TN,0.7889847573427001,>=,0.05,-1
36,sample4_36h.json,12,14,0,0,TN,0.3870305267206726,>=,0.05,-1
37,sample4_36h.json,12,15,1,0,FN,0.06804721429514671,>=,0.05,6
38,sample4_36h.json,13,18,0,0,TN,0.28079565596480793,>=,0.05,-1
39,sample4_36h.json,13,19,0,0,TN,0.15921836885703422,>=,0.05,-1
40,sample4_36h.json,13,22,0,0,TN,0.7221603102501477,>=,0.05,-1
41,sample4_36h.json,14,15,0,1,FP,0.5453015285744726,>=,0.05,-1
42,sample4_36h.json,14,21,1,0,FN,0.15198618487119575,>=,0.05,8
43,sample4_36h.json,14,26,0,0,TN,0.6046699705749903,>=,0.05,-1
44,sample4_36h.json,15,24,0,0,TN,0.16083100688499996,>=,0.05,-1
45,sample4_36h.json,15,26,0,0,TN,0.5720633364213485,>=,0.05,-1
46,sample4_36h.json,15,28,0,0,TN,0.34391058590336965,>=,0.05,-1
47,sample4_36h.json,16,20,1,0,FN,0.758551027218112,>=,0.05,16
48,sample4_36h.json,16,21,0,0,TN,0.4935766594576658,>=,0.05,-1
49,sample4_36h.json,16,32,0,1,FP,0.82389836459407,>=,0.05,-1
50,sample4_36h.json,16,37,0,0,TN,0.3518427835974599,>=,0.05,-1
51,sample4_36h.json,17,20,0,0,TN,0.40495595554909714,>=,0.05,-1
52,sample4_36h.json,17,23,0,0,TN,0.2730414592664804,>=,0.05,-1
53,sample4_36h.json,17,29,0,0,TN,0.6936933337030499,>=,0.05,-1
54,sample4_36h.json,18,22,1,0,FN,0.9277455289423802,>=,0.05,10
55,sample4_36h.json,18,25,0,0,TN,0.07055492492387949,>=,0.05,-1
56,sample4_36h.json,18,31,0,0,TN,0.5839165331405933,>=,0.05,-1
57,sample4_36h.json,18,34,0,1,FP,0.533990797685188,>=,0.05,-1
58,sample4_36h.json,19,22,0,1,FP,0.8421444094313265,>=,0.05,-1
60,sample4_36h.json,19,33,0,0,TN,0.4768010433461838,>=,0.05,-1
61,sample4_36h.json,20,29,0,0,TN,0.6308061600305901,>=,0.05,-1
62,sample4_36h.json,20,37,0,0,TN,0.2980528470484759,>=,0.05,-1
63,sample4_36h.json,20,38,0,0,TN,0.6167975802969314,>=,0.05,-1
64,sample4_36h.json,21,26,0,1,FP,0.8206708950277708,>=,0.05,-1
65,sample4_36h.json,21,32,0,0,TN,0.11871381546707793,>=,0.05,-1
66,sample4_36h.json,22,33,0,0,TN,0.6716771832853714,>=,0.05,-1
67,sample4_36h.json,22,34,0,0,TN,0.11728287802705106,>=,0.05,-1
68,sample4_36h.json,23,29,0,1,FP,0.7807944828154916,>=,0.05,-1
70,sample4_36h.json,24,28,0,1,FP,0.5218234927123361,>=,0.05,-1
71,sample4_36h.json,24,33,0,0,TN,0.6078733649920399,>=,0.05,-1
72,sample4_36h.json,24,39,0,0,TN,0.3987660699565818,>=,0.05,-1
73,sample4_36h.json,25,27,1,0,FN,0.4815193244615493,>=,0.05,10
74,sample4_36h.json,25,31,0,0,TN,0.17738849408831792,>=,0.05,-1
76,sample4_36h.json,26,32,0,0,TN,0.8197374775116257,>=,0.05,-1
77,sample4_36h.json,26,41,0,0,TN,0.24658349020425363,>=,0.05,-1
78,sample4_36h.json,27,31,0,1,FP,0.602402721604044,>=,0.05,-1
79,sample4_36h.json,27,36,0,0,TN,0.6852601295789615,>=,0.05,-1
80,sample4_36h.json,28,39,0,0,TN,0.29578761141444876,>=,0.05,-1
81,sample4_36h.json,28,41,0,0,TN,0.12056816725127051,>=,0.05,-1
82,sample4_36h.json,29,30,0,0,TN,0.1589524000181679,>=,0.05,-1
83,sample4_36h.json,29,38,0,0,TN,0.14253692784400362,>=,0.05,-1
84,sample4_36h.json,29,42,0,0,TN,0.4775274460585003,>=,0.05,-1
85,sample4_36h.json,29,43,0,0,TN,0.3435826624568744,>=,0.05,-1
86,sample4_36h.json,30,42,0,0,TN,0.14782516127523282,>=,0.05,-1
87,sample4_36h.json,30,44,0,1,FP,0.8929596489092908,>=,0.05,-1
88,sample4_36h.json,31,34,1,0,FN,0.2568564585178976,>=,0.05,6
89,sample4_36h.json,31,36,0,0,TN,0.00032938982731045563,>=,0.05,-1
90,sample4_36h.json,31,45,0,0,TN,0.31503272861265375,>=,0.05,-1
92,sample4_36h.json,32,41,0,0,TN,0.2577710241466822,>=,0.05,-1
93,sample4_36h.json,32,51,0,0,TN,0.39603029823095426,>=,0.05,-1
94,sample4_36h.json,33,34,0,0,TN,0.23662781064111227,>=,0.05,-1
95,sample4_36h.json,33,39,0,0,TN,0.33806965911291986,>=,0.05,-1
96,sample4_36h.json,33,46,0,1,FP,0.5563159313099336,>=,0.05,-1
97,sample4_36h.json,33,48,0,0,TN,0.06738199741003348,>=,0.05,-1
98,sample4_36h.json,34,45,0,0,TN,0.06826852806768946,>=,0.05,-1
99,sample4_36h.json,34,46,0,0,TN,0.25486639000184386,>=,0.05,-1
100,sample4_36h.json,35,36,1,0,FN,0.440738394076571,>=,0.05,12
101,sample4_36h.json,35,40,0,0,TN,0.5270221215985852,>=,0.05,-1
102,sample4_36h.json,35,49,0,0,TN,0.3041220660828571,>=,0.05,-1
103,sample4_36h.json,36,45,0,0,TN,0.028823595595626417,>=,0.05,-1
104,sample4_36h.json,36,47,0,1,FP,0.8855259691411344,>=,0.05,-1
105,sample4_36h.json,36,49,0,0,TN,0.2851204689144571,>=,0.05,-1
106,sample4_36h.json,37,38,0,1,FP,0.5006365112113772,>=,0.05,-1
107,sample4_36h.json,37,51,0,0,TN,0.09661369156985389,>=,0.05,-1
108,sample4_36h.json,37,53,0,0,TN,0.14282200315327487,>=,0.05,-1
109,sample4_36h.json,37,54,0,0,TN,0.674144414269649,>=,0.05,-1
110,sample4_36h.json,38,43,1,0,FN,0.2383696178285868,>=,0.05,14
111,sample4_36h.json,38,53,0,0,TN,0.6115760388490742,>=,0.05,-1
112,sample4_36h.json,39,41,0,0,TN,0.5251374414661751,>=,0.05,-1
113,sample4_36h.json,39,48,0,1,FP,0.5316965211276772,>=,0.05,-1
114,sample4_36h.json,39,50,0,0,TN,0.8999314905564993,>=,0.05,-1
115,sample4_36h.json,40,49,0,0,TN,0.4729467923037546,>=,0.05,-1
116,sample4_36h.json,40,52,0,1,FP,0.9137742546457904,>=,0.05,-1
117,sample4_36h.json,40,55,0,0,TN,0.601337037535623,>=,0.05,-1
118,sample4_36h.json,41,50,0,1,FP,0.7422871815690494,>=,0.05,-1
119,sample4_36h.json,41,51,0,0,TN,0.47099198686833954,>=,0.05,-1
120,sample4_36h.json,41,56,0,0,TN,0.6343168283964277,>=,0.05,-1
121,sample4_36h.json,42,43,0,1,FP,0.899055171952793,>=,0.05,-1
123,sample4_36h.json,42,58,0,0,TN,0.5899678888149416,>=,0.05,-1
124,sample4_36h.json,42,61,0,0,TN,0.6976963463034942,>=,0.05,-1
125,sample4_36h.json,43,53,0,0,TN,0.19395537464995483,>=,0.05,-1
126,sample4_36h.json,43,58,0,0,TN,0.07859506911298808,>=,0.05,-1
127,sample4_36h.json,44,61,0,0,TN,0.9528789693342643,>=,0.05,-1
128,sample4_36h.json,45,46,0,0,TN,0.1831590048176971,>=,0.05,-1
129,sample4_36h.json,45,47,1,0,FN,0.31339741603317517,>=,0.05,10
130,sample4_36h.json,45,59,0,0,TN,0.40758455224222634,>=,0.05,-1
131,sample4_36h.json,45,60,0,1,FP,0.8170356204225626,>=,0.05,-1
132,sample4_36h.json,46,48,1,0,FN,0.2966553812745578,>=,0.05,2
133,sample4_36h.json,46,60,0,0,TN,0.15718175854132255,>=,0.05,-1
134,sample4_36h.json,46,62,0,0,TN,0.42746557877193647,>=,0.05,-1
135,sample4_36h.json,46,63,0,0,TN,0.8251744734639861,>=,0.05,-1
136,sample4_36h.json,47,49,0,0,TN,0.04403821438936417,>=,0.05,-1
137,sample4_36h.json,47,59,0,0,TN,0.5336077392069584,>=,0.05,-1
138,sample4_36h.json,48,50,0,0,TN,0.7040403784893301,>=,0.05,-1
139,sample4_36h.json,48,62,0,0,TN,0.46651169192178255,>=,0.05,-1
140,sample4_36h.json,49,55,0,0,TN,0.8725339693128583,>=,0.05,-1
141,sample4_36h.json,49,59,0,0,TN,0.38123996526393433,>=,0.05,-1
142,sample4_36h.json,49,64,0,1,FP,0.7069650227253274,>=,0.05,-1
143,sample4_36h.json,50,56,0,0,TN,0.16876999881894972,>=,0.05,-1
144,sample4_36h.json,50,62,0,0,TN,0.1363221200940159,>=,0.05,-1
145,sample4_36h.json,50,65,0,0,TN,0.6340253281468564,>=,0.05,-1
146,sample4_36h.json,50,67,0,0,TN,0.4300570640667857,>=,0.05,-1
147,sample4_36h.json,51,54,0,0,TN,0.5399447670042812,>=,0.05,-1
148,sample4_36h.json,51,56,0,1,FP,0.6166109563999285,>=,0.05,-1
149,sample4_36h.json,51,68,0,0,TN,0.2812825089587394,>=,0.05,-1
150,sample4_36h.json,52,55,0,0,TN,0.4887054580679099,>=,0.05,-1
151,sample4_36h.json,52,57,0,0,TN,0.8410212909767735,>=,0.05,-1
152,sample4_36h.json,52,66,1,0,FN,0.09052976517293365,>=,0.05,4
153,sample4_36h.json,52,69,0,0,TN,0.5712263203951307,>=,0.05,-1
154,sample4_36h.json,53,54,1,1,TP,0.8282301496129323,>=,0.05,14
155,sample4_36h.json,53,58,0,0,TN,0.020728599419055138,>=,0.05,-1
156,sample4_36h.json,53,70,0,0,TN,0.7154605262672716,>=,0.05,-1
157,sample4_36h.json,53,71,0,0,TN,0.20183848910978153,>=,0.05,-1
158,sample4_36h.json,54,68,0,0,TN,0.3323240215928246,>=,0.05,-1
159,sample4_36h.json,54,71,0,0,TN,0.003762028383704652,>=,0.05,-1
160,sample4_36h.json,55,64,0,0,TN,0.3411336886250588,>=,0.05,-1
161,sample4_36h.json,55,66,0,0,TN,0.8352393480119849,>=,0.05,-1
162,sample4_36h.json,55,69,0,0,TN,0.08018372845049648,>=,0.05,-1
163,sample4_36h.json,55,75,0,1,FP,0.9168526312003393,>=,0.05,-1
164,sample4_36h.json,55,76,0,0,TN,0.430073714233404,>=,0.05,-1
165,sample4_36h.json,56,65,0,0,TN,0.49446329723577354,>=,0.05,-1
166,sample4_36h.json,56,68,0,0,TN,0.2850720548514497,>=,0.05,-1
167,sample4_36h.json,57,69,0,0,TN,0.9353681571941577,>=,0.05,-1
168,sample4_36h.json,57,72,0,0,TN,0.1979548000179877,>=,0.05,-1
169,sample4_36h.json,57,73,0,1,FP,0.779088114302219,>=,0.05,-1
170,sample4_36h.json,58,61,0,1,FP,0.5263536451042641,>=,0.05,-1
172,sample4_36h.json,59,60,1,0,FN,0.31523623960649994,>=,0.05,8
173,sample4_36h.json,59,64,0,0,TN,0.678354199530724,>=,0.05,-1
174,sample4_36h.json,59,79,0,0,TN,0.7929029318898597,>=,0.05,-1
175,sample4_36h.json,59,80,0,1,FP,0.8786379064594365,>=,0.05,-1
176,sample4_36h.json,60,63,0,0,TN,0.06204244680149684,>=,0.05,-1
177,sample4_36h.json,60,80,0,0,TN,0.01846329291569415,>=,0.05,-1
178,sample4_36h.json,60,84,0,0,TN,0.27151527822008914,>=,0.05,-1
179,sample4_36h.json,61,70,0,0,TN,0.3290146051558642,>=,0.05,-1
180,sample4_36h.json,61,81,0,0,TN,0.268201537626646,>=,0.05,-1
181,sample4_36h.json,61,85,0,0,TN,0.18886498036243715,>=,0.05,-1
182,sample4_36h.json,62,63,1,0,FN,0.2810747932350547,>=,0.05,4
183,sample4_36h.json,62,67,0,1,FP,0.7309972372101532,>=,0.05,-1
184,sample4_36h.json,62,74,0,0,TN,0.3591437325961845,>=,0.05,-1
185,sample4_36h.json,63,74,0,0,TN,0.5868761334501704,>=,0.05,-1
186,sample4_36h.json,63,82,0,0,TN,0.5513206527106024,>=,0.05,-1
187,sample4_36h.json,63,84,0,1,FP,0.8159823907382353,>=,0.05,-1
188,sample4_36h.json,64,75,0,0,TN,0.6664365191792997,>=,0.05,-1
189,sample4_36h.json,64,78,0,0,TN,0.8217835888395898,>=,0.05,-1
190,sample4_36h.json,64,79,0,0,TN,0.5528004480721876,>=,0.05,-1
191,sample4_36h.json,65,67,1,0,FN,0.04959588856596853,>=,0.05,6
192,sample4_36h.json,65,68,0,0,TN,0.3628516302202578,>=,0.05,-1
193,sample4_36h.json,65,74,0,0,TN,0.2757171320162537,>=,0.05,-1
194,sample4_36h.json,65,83,0,0,TN,0.2081091432317813,>=,0.05,-1
195,sample4_36h.json,66,69,0,1,FP,0.6499072772407023,>=,0.05,-1
196,sample4_36h.json,67,74,0,0,TN,0.8284065310063533,>=,0.05,-1
198,sample4_36h.json,68,83,0,1,FP,0.774408151263812,>=,0.05,-1
199,sample4_36h.json,68,86,0,0,TN,0.30618250680356685,>=,0.05,-1
200,sample4_36h.json,68,88,0,0,TN,0.4539412423497817,>=,0.05,-1
201,sample4_36h.json,69,72,1,0,FN,0.29449926516904024,>=,0.05,8
202,sample4_36h.json,69,76,0,0,TN,0.3667382533649858,>=,0.05,-1
203,sample4_36h.json,69,93,0,0,TN,0.4494271874296202,>=,0.05,-1
204,sample4_36h.json,70,71,0,1,FP,0.9892179892291275,>=,0.05,-1
205,sample4_36h.json,70,85,0,0,TN,0.0807245958434688,>=,0.05,-1
206,sample4_36h.json,70,90,0,0,TN,0.4086942089490371,>=,0.05,-1
207,sample4_36h.json,71,88,0,0,TN,0.9158339002567294,>=,0.05,-1
208,sample4_36h.json,71,90,0,0,TN,0.5783962486406096,>=,0.05,-1
209,sample4_36h.json,71,98,0,0,TN,0.35883278381635275,>=,0.05,-1
210,sample4_36h.json,72,73,0,0,TN,0.7569791441586442,>=,0.05,-1
211,sample4_36h.json,72,77,0,0,TN,0.9810748980472047,>=,0.05,-1
212,sample4_36h.json,72,93,0,0,TN,0.7500842834314583,>=,0.05,-1
213,sample4_36h.json,72,94,0,1,FP,0.9112773017490774,>=,0.05,-1
214,sample4_36h.json,72,97,0,0,TN,0.5641163303157528,>=,0.05,-1
216,sample4_36h.json,74,82,0,0,TN,0.3009621789929061,>=,0.05,-1
218,sample4_36h.json,74,95,0,0,TN,0.1349909695207382,>=,0.05,-1
219,sample4_36h.json,74,96,0,1,FP,0.9426238709425301,>=,0.05,-1
220,sample4_36h.json,75,76,1,0,FN,0.19433794498554402,>=,0.05,12
221,sample4_36h.json,75,78,0,0,TN,0.7954593819943464,>=,0.05,-1
222,sample4_36h.json,75,91,0,0,TN,0.5938856075950704,>=,0.05,-1
223,sample4_36h.json,75,93,0,0,TN,0.4067973524298958,>=,0.05,-1
224,sample4_36h.json,75,99,0,0,TN,0.30707912689371597,>=,0.05,-1
225,sample4_36h.json,76,93,0,0,TN,0.01625971012975136,>=,0.05,-1
226,sample4_36h.json,77,87,0,1,FP,0.905795103060842,>=,0.05,-1
227,sample4_36h.json,77,94,0,0,TN,0.5630147567025565,>=,0.05,-1
228,sample4_36h.json,78,79,1,1,TP,0.7684094251077606,>=,0.05,14
229,sample4_36h.json,78,91,0,0,TN,0.6593803573497996,>=,0.05,-1
230,sample4_36h.json,79,80,0,0,TN,0.8920545605360195,>=,0.05,-1
231,sample4_36h.json,79,91,0,0,TN,0.10335279105780926,>=,0.05,-1
232,sample4_36h.json,79,92,0,0,TN,0.6922226725800488,>=,0.05,-1
233,sample4_36h.json,80,82,0,0,TN,0.7034163672953061,>=,0.05,-1
234,sample4_36h.json,80,84,0,0,TN,0.4708703115720084,>=,0.05,-1
235,sample4_36h.json,80,92,0,0,TN,0.19293678833807437,>=,0.05,-1
236,sample4_36h.json,80,102,0,0,TN,0.4401484975832859,>=,0.05,-1
238,sample4_36h.json,81,104,0,0,TN,0.019201809121781266,>=,0.05,-1
239,sample4_36h.json,82,84,1,0,FN,0.7190655816784962,>=,0.05,8
240,sample4_36h.json,82,95,0,1,FP,0.9873602570055574,>=,0.05,-1
241,sample4_36h.json,82,102,0,0,TN,0.8495758596148045,>=,0.05,-1
242,sample4_36h.json,82,106,0,0,TN,0.49513072224815025,>=,0.05,-1
243,sample4_36h.json,83,86,0,0,TN,0.7140137949350125,>=,0.05,-1
244,sample4_36h.json,83,96,0,0,TN,0.3209231679476696,>=,0.05,-1
245,sample4_36h.json,83,100,0,0,TN,0.34498977088311267,>=,0.05,-1
246,sample4_36h.json,85,90,0,0,TN,0.3825811498283965,>=,0.05,-1
247,sample4_36h.json,85,104,0,0,TN,0.7790306206860717,>=,0.05,-1
248,sample4_36h.json,86,88,1,0,FN,0.3540549012516522,>=,0.05,2
249,sample4_36h.json,86,100,0,1,FP,0.6023335389154414,>=,0.05,-1
250,sample4_36h.json,86,101,0,0,TN,0.7939547430064233,>=,0.05,-1
251,sample4_36h.json,87,89,1,0,FN,0.930170529056462,>=,0.05,6
252,sample4_36h.json,87,94,0,0,TN,0.6988130765905259,>=,0.05,-1
253,sample4_36h.json,87,103,0,0,TN,0.5380742287901629,>=,0.05,-1
254,sample4_36h.json,87,110,0,0,TN,0.8156383974846311,>=,0.05,-1
255,sample4_36h.json,87,114,0,0,TN,0.3898802637340134,>=,0.05,-1
256,sample4_36h.json,88,98,0,0,TN,0.466703868599354,>=,0.05,-1
257,sample4_36h.json,88,101,0,1,FP,0.855072104669119,>=,0.05,-1
258,sample4_36h.json,88,113,0,0,TN,0.05794901439269695,>=,0.05,-1
259,sample4_36h.json,89,110,0,1,FP,0.8376770357916327,>=,0.05,-1
260,sample4_36h.json,90,98,0,0,TN,0.7812706747078099,>=,0.05,-1
261,sample4_36h.json,90,104,0,1,FP,0.9710216571535244,>=,0.05,-1
262,sample4_36h.json,90,108,0,0,TN,0.2891514404025155,>=,0.05,-1
263,sample4_36h.json,91,92,1,0,FN,0.591895967727678,>=,0.05,10
264,sample4_36h.json,91,99,0,1,FP,0.89345451822829,>=,0.05,-1
265,sample4_36h.json,91,105,0,0,TN,0.023087632040396433,>=,0.05,-1
266,sample4_36h.json,92,102,0,1,FP,0.8232149215971336,>=,0.05,-1
267,sample4_36h.json,92,105,0,0,TN,0.8156940566302805,>=,0.05,-1
268,sample4_36h.json,93,97,0,0,TN,0.6506491594744802,>=,0.05,-1
269,sample4_36h.json,93,99,0,0,TN,0.5782307418079303,>=,0.05,-1
270,sample4_36h.json,93,109,0,1,FP,0.9569361489399159,>=,0.05,-1
271,sample4_36h.json,94,97,1,0,FN,0.3953159193195218,>=,0.05,6
272,sample4_36h.json,94,103,0,0,TN,0.39106400140938313,>=,0.05,-1
273,sample4_36h.json,94,107,0,0,TN,0.3636175080641577,>=,0.05,-1
275,sample4_36h.json,95,106,0,0,TN,0.5037311367553354,>=,0.05,-1
276,sample4_36h.json,95,111,0,0,TN,0.7047591426418165,>=,0.05,-1
277,sample4_36h.json,96,100,0,0,TN,0.4393645624890987,>=,0.05,-1
278,sample4_36h.json,96,111,0,0,TN,0.43313556139849363,>=,0.05,-1
279,sample4_36h.json,96,116,0,0,TN,0.18824644036938365,>=,0.05,-1
280,sample4_36h.json,96,117,0,0,TN,0.5495322356626902,>=,0.05,-1
281,sample4_36h.json,97,107,0,0,TN,0.2132704314847419,>=,0.05,-1
282,sample4_36h.json,97,109,0,0,TN,0.6221994111834637,>=,0.05,-1
283,sample4_36h.json,97,115,0,1,FP,0.9798431096582774,>=,0.05,-1
284,sample4_36h.json,98,108,1,0,FN,0.4454725706671543,>=,0.05,16
285,sample4_36h.json,98,113,0,0,TN,0.15224582531746134,>=,0.05,-1
286,sample4_36h.json,98,118,0,1,FP,0.9925505390734051,>=,0.05,-1
287,sample4_36h.json,98,123,0,0,TN,0.3901084246828882,>=,0.05,-1
288,sample4_36h.json,99,105,0,0,TN,0.49981457384277517,>=,0.05,-1
289,sample4_36h.json,99,109,0,0,TN,0.8735266251167285,>=,0.05,-1
290,sample4_36h.json,99,112,1,0,FN,0.7084225926160324,>=,0.05,8
291,sample4_36h.json,100,101,1,0,FN,0.46534040536425136,>=,0.05,12
292,sample4_36h.json,100,117,0,0,TN,0.8629472954580061,>=,0.05,-1
293,sample4_36h.json,100,120,0,0,TN,0.24842154085159696,>=,0.05,-1
294,sample4_36h.json,101,113,0,0,TN,0.18169199120976243,>=,0.05,-1
295,sample4_36h.json,101,120,0,0,TN,0.651923093277921,>=,0.05,-1
296,sample4_36h.json,102,105,0,0,TN,0.3820750931222525,>=,0.05,-1
297,sample4_36h.json,102,106,1,0,FN,0.5348473085270995,>=,0.05,10
298,sample4_36h.json,102,119,0,0,TN,0.7512569954153192,>=,0.05,-1
299,sample4_36h.json,103,107,1,1,TP,0.4720787491807301,>=,0.05,4
300,sample4_36h.json,103,114,0,0,TN,0.9397737143436157,>=,0.05,-1
301,sample4_36h.json,104,108,0,0,TN,0.1470640238279899,>=,0.05,-1
302,sample4_36h.json,104,127,0,0,TN,0.839009468232808,>=,0.05,-1
303,sample4_36h.json,105,112,0,1,FP,0.7889593375296171,>=,0.05,-1
304,sample4_36h.json,105,119,0,0,TN,0.11803839093591062,>=,0.05,-1
305,sample4_36h.json,105,121,0,0,TN,0.5512384097996134,>=,0.05,-1
306,sample4_36h.json,105,125,0,0,TN,0.7839491473676398,>=,0.05,-1
307,sample4_36h.json,105,126,0,0,TN,0.4148001586779898,>=,0.05,-1
308,sample4_36h.json,106,111,0,0,TN,0.48520412937097757,>=,0.05,-1
309,sample4_36h.json,106,119,0,1,FP,0.7454933116990742,>=,0.05,-1
310,sample4_36h.json,107,114,0,0,TN,0.8615562439028218,>=,0.05,-1
311,sample4_36h.json,107,115,0,0,TN,0.3936040116900691,>=,0.05,-1
312,sample4_36h.json,108,123,0,0,TN,0.8371165126505468,>=,0.05,-1
313,sample4_36h.json,108,127,0,1,FP,0.8123338925916144,>=,0.05,-1
314,sample4_36h.json,109,112,0,0,TN,0.11862289383549562,>=,0.05,-1
315,sample4_36h.json,109,115,0,0,TN,0.66883787737108,>=,0.05,-1
316,sample4_36h.json,109,121,0,0,TN,0.8237750039982709,>=,0.05,-1
317,sample4_36h.json,110,114,0,0,TN,0.8370441219979493,>=,0.05,-1
318,sample4_36h.json,110,122,1,0,FN,0.418155227123012,>=,0.05,6
319,sample4_36h.json,110,124,0,0,TN,0.215517092933886,>=,0.05,-1
320,sample4_36h.json,111,116,0,0,TN,0.17079174236785033,>=,0.05,-1
321,sample4_36h.json,111,119,0,0,TN,0.8525823145256536,>=,0.05,-1
322,sample4_36h.json,111,128,0,0,TN,0.3335229218785305,>=,0.05,-1
323,sample4_36h.json,111,129,0,1,FP,0.8058177831065209,>=,0.05,-1
324,sample4_36h.json,112,121,0,0,TN,0.6082342675626745,>=,0.05,-1
325,sample4_36h.json,113,118,0,0,TN,0.21728534749511141,>=,0.05,-1
326,sample4_36h.json,113,120,0,0,TN,0.4196943214423441,>=,0.05,-1
327,sample4_36h.json,113,132,0,1,FP,0.8067511979610431,>=,0.05,-1
328,sample4_36h.json,113,139,0,0,TN,0.8701216030791858,>=,0.05,-1
329,sample4_36h.json,114,115,0,0,TN,0.35276570301709975,>=,0.05,-1
330,sample4_36h.json,114,124,1,1,TP,0.7804728286613549,>=,0.05,16
331,sample4_36h.json,115,121,0,0,TN,0.057251972072462354,>=,0.05,-1
332,sample4_36h.json,115,124,0,0,TN,0.5287658746478037,>=,0.05,-1
333,sample4_36h.json,115,133,0,0,TN,0.13840818636192953,>=,0.05,-1
334,sample4_36h.json,115,135,0,0,TN,0.962457340399843,>=,0.05,-1
335,sample4_36h.json,116,117,1,0,FN,0.6983703569897102,>=,0.05,8
336,sample4_36h.json,116,128,0,0,TN,0.35449580653847235,>=,0.05,-1
337,sample4_36h.json,117,120,0,1,FP,0.9613878844944881,>=,0.05,-1
338,sample4_36h.json,117,128,0,0,TN,0.10019305736416162,>=,0.05,-1
339,sample4_36h.json,117,130,0,0,TN,0.44917156090763044,>=,0.05,-1
340,sample4_36h.json,118,123,0,0,TN,0.30856651762287013,>=,0.05,-1
341,sample4_36h.json,118,139,0,0,TN,0.992431050481009,>=,0.05,-1
342,sample4_36h.json,118,147,0,0,TN,0.08846497636314077,>=,0.05,-1
343,sample4_36h.json,119,126,0,0,TN,0.5275967321988936,>=,0.05,-1
344,sample4_36h.json,119,129,0,0,TN,0.22283463994248787,>=,0.05,-1
345,sample4_36h.json,119,140,0,0,TN,0.6954710386413,>=,0.05,-1
346,sample4_36h.json,119,142,0,0,TN,0.47064309770536106,>=,0.05,-1
347,sample4_36h.json,119,143,0,0,TN,0.8529368108627365,>=,0.05,-1
348,sample4_36h.json,120,130,0,0,TN,0.7161197579966647,>=,0.05,-1
349,sample4_36h.json,120,132,0,0,TN,0.7612845045326471,>=,0.05,-1
350,sample4_36h.json,120,134,0,0,TN,0.31471528677825966,>=,0.05,-1
351,sample4_36h.json,120,137,0,0,TN,0.1563158899425784,>=,0.05,-1
352,sample4_36h.json,121,125,0,0,TN,0.38631636260532354,>=,0.05,-1
353,sample4_36h.json,121,135,0,0,TN,0.037442933220620866,>=,0.05,-1
354,sample4_36h.json,121,136,0,0,TN,0.24347893410228383,>=,0.05,-1
355,sample4_36h.json,121,141,0,1,FP,0.614288741112989,>=,0.05,-1
356,sample4_36h.json,121,145,0,0,TN,0.20181565830515458,>=,0.05,-1
357,sample4_36h.json,122,124,0,0,TN,0.03866273224085581,>=,0.05,-1
358,sample4_36h.json,122,131,0,0,TN,0.5633743840641562,>=,0.05,-1
359,sample4_36h.json,123,127,0,0,TN,0.7805083116248411,>=,0.05,-1
360,sample4_36h.json,123,138,0,0,TN,0.18914663537270315,>=,0.05,-1
361,sample4_36h.json,123,147,0,1,FP,0.9231359323043838,>=,0.05,-1
362,sample4_36h.json,124,131,0,0,TN,0.3417301352785487,>=,0.05,-1
363,sample4_36h.json,124,133,0,0,TN,0.5303628300639986,>=,0.05,-1
364,sample4_36h.json,125,126,1,1,TP,0.6329825574551158,>=,0.05,2
365,sample4_36h.json,125,136,0,0,TN,0.5484127205641449,>=,0.05,-1
366,sample4_36h.json,126,136,0,0,TN,0.5825645634268425,>=,0.05,-1
367,sample4_36h.json,126,142,0,0,TN,0.10345895234261249,>=,0.05,-1
368,sample4_36h.json,127,138,1,0,FN,0.500281284871763,>=,0.05,4
369,sample4_36h.json,128,129,0,0,TN,0.7498371837643266,>=,0.05,-1
370,sample4_36h.json,128,130,1,0,FN,0.14147042975416402,>=,0.05,4
371,sample4_36h.json,128,146,0,1,FP,0.9287270660608982,>=,0.05,-1
372,sample4_36h.json,129,140,0,0,TN,0.06344472084573127,>=,0.05,-1
373,sample4_36h.json,129,146,0,0,TN,0.7799919740632275,>=,0.05,-1
374,sample4_36h.json,129,151,0,0,TN,0.3869559942791564,>=,0.05,-1
375,sample4_36h.json,129,152,0,0,TN,0.2936447304581302,>=,0.05,-1
376,sample4_36h.json,129,154,0,0,TN,0.8495377837814116,>=,0.05,-1
377,sample4_36h.json,130,134,0,1,FP,0.8209004657486247,>=,0.05,-1
378,sample4_36h.json,130,146,0,0,TN,0.6070245725595422,>=,0.05,-1
379,sample4_36h.json,131,133,0,0,TN,0.3812214708700651,>=,0.05,-1
380,sample4_36h.json,131,144,1,1,TP,0.789604253520701,>=,0.05,8
381,sample4_36h.json,132,137,0,0,TN,0.1506858651452112,>=,0.05,-1
382,sample4_36h.json,132,139,1,0,FN,0.39997594474942755,>=,0.05,16
383,sample4_36h.json,132,163,0,0,TN,0.42127282836157953,>=,0.05,-1
384,sample4_36h.json,132,166,0,0,TN,0.1590196233622463,>=,0.05,-1
385,sample4_36h.json,133,135,0,0,TN,0.40324399675349765,>=,0.05,-1
386,sample4_36h.json,133,144,0,0,TN,0.3676397139176698,>=,0.05,-1
387,sample4_36h.json,133,149,0,0,TN,0.14338781421789504,>=,0.05,-1
388,sample4_36h.json,133,155,0,0,TN,0.14827783886536527,>=,0.05,-1
389,sample4_36h.json,133,162,0,1,FP,0.9655183441874771,>=,0.05,-1
390,sample4_36h.json,134,137,1,0,FN,0.06875683751095496,>=,0.05,12
391,sample4_36h.json,134,146,0,0,TN,0.12387942295922605,>=,0.05,-1
392,sample4_36h.json,134,159,0,0,TN,0.9667814653040038,>=,0.05,-1
393,sample4_36h.json,135,145,0,1,FP,0.9503267058755462,>=,0.05,-1
395,sample4_36h.json,135,158,0,0,TN,0.3354094710003035,>=,0.05,-1
396,sample4_36h.json,135,162,0,0,TN,0.10278939819755917,>=,0.05,-1
397,sample4_36h.json,136,141,0,0,TN,0.6086602595138161,>=,0.05,-1
398,sample4_36h.json,136,142,0,0,TN,0.43809721754109243,>=,0.05,-1
399,sample4_36h.json,136,148,0,1,FP,0.9520570334847974,>=,0.05,-1
400,sample4_36h.json,136,157,0,0,TN,0.12833537225835145,>=,0.05,-1
401,sample4_36h.json,137,159,0,0,TN,0.7782168086244445,>=,0.05,-1
402,sample4_36h.json,137,163,0,0,TN,0.024834479728930048,>=,0.05,-1
403,sample4_36h.json,138,147,0,0,TN,0.20765294904215104,>=,0.05,-1
404,sample4_36h.json,138,150,0,1,FP,0.30052863043613354,>=,0.05,-1
405,sample4_36h.json,139,147,0,0,TN,0.16442729367141729,>=,0.05,-1
406,sample4_36h.json,139,156,0,1,FP,0.794970388649013,>=,0.05,-1
407,sample4_36h.json,139,166,0,0,TN,0.17358828009253324,>=,0.05,-1
408,sample4_36h.json,140,143,1,1,TP,0.4607463262096628,>=,0.05,6
409,sample4_36h.json,140,153,0,0,TN,0.12934210175776995,>=,0.05,-1
410,sample4_36h.json,140,154,0,0,TN,0.7760155282463737,>=,0.05,-1
411,sample4_36h.json,141,145,0,0,TN,0.6712712576705236,>=,0.05,-1
412,sample4_36h.json,141,148,1,0,FN,0.04900238083062047,>=,0.05,10
413,sample4_36h.json,141,157,0,0,TN,0.17964877768950482,>=,0.05,-1
414,sample4_36h.json,142,143,0,0,TN,0.6247380504008381,>=,0.05,-1
415,sample4_36h.json,142,153,0,0,TN,0.4225062588809453,>=,0.05,-1
416,sample4_36h.json,142,157,0,0,TN,0.3021116790014249,>=,0.05,-1
417,sample4_36h.json,142,160,0,0,TN,0.6296549161407835,>=,0.05,-1
418,sample4_36h.json,142,164,0,1,FP,0.8842786527319905,>=,0.05,-1
419,sample4_36h.json,143,153,0,0,TN,0.4695727140117918,>=,0.05,-1
420,sample4_36h.json,144,155,0,0,TN,0.22324601495370533,>=,0.05,-1
421,sample4_36h.json,145,157,0,0,TN,0.533921276299165,>=,0.05,-1
422,sample4_36h.json,145,158,0,0,TN,0.5961807330776893,>=,0.05,-1
423,sample4_36h.json,146,151,0,0,TN,0.20957599101863555,>=,0.05,-1
424,sample4_36h.json,146,159,0,0,TN,0.7321469278526037,>=,0.05,-1
425,sample4_36h.json,147,150,0,0,TN,0.5423251829556114,>=,0.05,-1
427,sample4_36h.json,147,161,0,0,TN,0.6567422369936493,>=,0.05,-1
428,sample4_36h.json,148,157,0,0,TN,0.45306874533136,>=,0.05,-1
429,sample4_36h.json,149,162,0,0,TN,0.4386872476080781,>=,0.05,-1
431,sample4_36h.json,151,152,1,0,FN,0.2101355338824341,>=,0.05,2
432,sample4_36h.json,151,159,0,1,FP,0.8916208360584593,>=,0.05,-1
433,sample4_36h.json,151,168,0,0,TN,0.19735710749554491,>=,0.05,-1
434,sample4_36h.json,152,154,0,0,TN,0.2493702311292828,>=,0.05,-1
435,sample4_36h.json,152,168,0,0,TN,0.36354525308423635,>=,0.05,-1
436,sample4_36h.json,152,170,0,1,FP,0.9730529492445567,>=,0.05,-1
437,sample4_36h.json,152,173,0,0,TN,0.5518819932201,>=,0.05,-1
438,sample4_36h.json,153,154,0,0,TN,0.14616647664911753,>=,0.05,-1
439,sample4_36h.json,153,160,1,1,TP,0.8395319992418004,>=,0.05,6
440,sample4_36h.json,153,165,0,0,TN,0.2903408970801714,>=,0.05,-1
441,sample4_36h.json,153,172,0,0,TN,0.020948474708511355,>=,0.05,-1
442,sample4_36h.json,154,165,1,1,TP,0.7322831306505554,>=,0.05,4
443,sample4_36h.json,154,170,0,0,TN,0.9616650516320112,>=,0.05,-1
444,sample4_36h.json,154,176,0,0,TN,0.8948182671758799,>=,0.05,-1
445,sample4_36h.json,155,162,0,0,TN,0.037707057594979276,>=,0.05,-1
446,sample4_36h.json,155,169,1,1,TP,0.46189135366533596,>=,0.05,8
447,sample4_36h.json,156,161,0,0,TN,0.19087768545664918,>=,0.05,-1
448,sample4_36h.json,156,166,0,0,TN,0.30330612211083496,>=,0.05,-1
449,sample4_36h.json,156,171,0,0,TN,0.18729114801570057,>=,0.05,-1
450,sample4_36h.json,157,158,0,0,TN,0.7840420996465085,>=,0.05,-1
451,sample4_36h.json,157,164,0,0,TN,0.28023616209367974,>=,0.05,-1
452,sample4_36h.json,157,167,1,1,TP,0.9658636158421577,>=,0.05,16
453,sample4_36h.json,157,174,0,0,TN,0.5249222720573335,>=,0.05,-1
454,sample4_36h.json,158,162,0,0,TN,0.5720708470599539,>=,0.05,-1
455,sample4_36h.json,158,167,0,0,TN,0.7878395240263941,>=,0.05,-1
456,sample4_36h.json,158,178,0,0,TN,0.6806658430292413,>=,0.05,-1
457,sample4_36h.json,158,180,0,1,FP,0.8622777048624316,>=,0.05,-1
458,sample4_36h.json,159,163,0,0,TN,0.1273362221577018,>=,0.05,-1
459,sample4_36h.json,159,168,0,0,TN,0.4955601464619711,>=,0.05,-1
460,sample4_36h.json,160,164,0,0,TN,0.5474771796059379,>=,0.05,-1
461,sample4_36h.json,160,172,0,0,TN,0.10914212759998232,>=,0.05,-1
462,sample4_36h.json,160,177,0,0,TN,0.7326201029699421,>=,0.05,-1
463,sample4_36h.json,161,171,0,0,TN,0.45399208331430163,>=,0.05,-1
464,sample4_36h.json,161,179,0,1,FP,0.6201530987172417,>=,0.05,-1
465,sample4_36h.json,162,169,0,0,TN,0.8633695521372937,>=,0.05,-1
466,sample4_36h.json,163,166,0,0,TN,0.708434726148698,>=,0.05,-1
467,sample4_36h.json,163,168,0,1,FP,0.7711338712286084,>=,0.05,-1
469,sample4_36h.json,163,183,0,0,TN,0.2928158769776442,>=,0.05,-1
470,sample4_36h.json,164,174,0,0,TN,0.4472647330484212,>=,0.05,-1
471,sample4_36h.json,164,177,0,0,TN,0.9232025950216839,>=,0.05,-1
472,sample4_36h.json,165,172,0,0,TN,0.3890200184481538,>=,0.05,-1
473,sample4_36h.json,165,176,0,0,TN,0.4711904414736334,>=,0.05,-1
474,sample4_36h.json,166,171,0,0,TN,0.13008066835633236,>=,0.05,-1
475,sample4_36h.json,166,175,0,1,FP,0.6691091827717182,>=,0.05,-1
477,sample4_36h.json,167,174,0,0,TN,0.22624781177359354,>=,0.05,-1
478,sample4_36h.json,167,178,0,0,TN,0.16452384145713228,>=,0.05,-1
479,sample4_36h.json,168,173,0,0,TN,0.8694550218585537,>=,0.05,-1
480,sample4_36h.json,168,183,0,0,TN,0.1769044200904787,>=,0.05,-1
481,sample4_36h.json,168,184,0,0,TN,0.5892402993546644,>=,0.05,-1
482,sample4_36h.json,168,187,0,0,TN,0.26617043110791117,>=,0.05,-1
483,sample4_36h.json,170,173,1,0,FN,0.48390940877170907,>=,0.05,8
484,sample4_36h.json,170,176,0,0,TN,0.9173874235864555,>=,0.05,-1
485,sample4_36h.json,171,179,1,0,FN,0.7740696060918075,>=,0.05,6
486,sample4_36h.json,171,181,0,1,FP,0.7677572988487485,>=,0.05,-1
487,sample4_36h.json,171,193,0,0,TN,0.09256609699500373,>=,0.05,-1
488,sample4_36h.json,171,196,0,0,TN,0.10702685073329787,>=,0.05,-1
489,sample4_36h.json,172,176,0,0,TN,0.7708517349296555,>=,0.05,-1
490,sample4_36h.json,172,177,0,0,TN,0.4785561254997591,>=,0.05,-1
491,sample4_36h.json,172,185,1,1,TP,0.8466596557911732,>=,0.05,8
492,sample4_36h.json,173,176,0,0,TN,0.3754955319077713,>=,0.05,-1
493,sample4_36h.json,173,187,0,1,FP,0.6291940546565322,>=,0.05,-1
494,sample4_36h.json,173,188,0,0,TN,0.2675812373283192,>=,0.05,-1
495,sample4_36h.json,173,195,0,0,TN,0.4010299072725769,>=,0.05,-1
496,sample4_36h.json,174,177,0,0,TN,0.49827932056851953,>=,0.05,-1
497,sample4_36h.json,174,178,0,0,TN,0.17477596120457595,>=,0.05,-1
498,sample4_36h.json,174,182,0,0,TN,0.38665410140954537,>=,0.05,-1
499,sample4_36h.json,174,186,0,0,TN,0.35582164512523107,>=,0.05,-1
500,sample4_36h.json,174,190,0,0,TN,0.2406968572214946,>=,0.05,-1
501,sample4_36h.json,174,191,0,1,FP,0.7592144578820889,>=,0.05,-1
502,sample4_36h.json,174,197,0,0,TN,0.6065259245944598,>=,0.05,-1
503,sample4_36h.json,175,181,0,0,TN,0.4332905466823401,>=,0.05,-1
504,sample4_36h.json,175,183,0,0,TN,0.5741885331958994,>=,0.05,-1
505,sample4_36h.json,175,189,0,0,TN,0.44743622429758945,>=,0.05,-1
506,sample4_36h.json,175,192,0,0,TN,0.3321148387834273,>=,0.05,-1
507,sample4_36h.json,176,185,0,0,TN,0.22134540749156484,>=,0.05,-1
508,sample4_36h.json,176,195,0,1,FP,0.6994198144286692,>=,0.05,-1
509,sample4_36h.json,176,198,0,0,TN,0.01332988124137724,>=,0.05,-1
510,sample4_36h.json,176,199,0,0,TN,0.10155258700850078,>=,0.05,-1
511,sample4_36h.json,177,182,1,1,TP,0.5672629011845808,>=,0.05,10
512,sample4_36h.json,177,185,0,0,TN,0.2892206846885119,>=,0.05,-1
513,sample4_36h.json,178,180,0,0,TN,0.287229730981448,>=,0.05,-1
514,sample4_36h.json,178,186,0,0,TN,0.7686950821950589,>=,0.05,-1
515,sample4_36h.json,178,194,0,1,FP,0.9915454694976327,>=,0.05,-1
516,sample4_36h.json,179,196,0,0,TN,0.5320054580970641,>=,0.05,-1
517,sample4_36h.json,180,194,0,0,TN,0.0025835635887759834,>=,0.05,-1
518,sample4_36h.json,181,189,0,0,TN,0.6014039333823012,>=,0.05,-1
519,sample4_36h.json,181,193,0,0,TN,0.7558637036604008,>=,0.05,-1
520,sample4_36h.json,182,185,0,0,TN,0.18135179414467484,>=,0.05,-1
521,sample4_36h.json,182,190,0,0,TN,0.24291871936160225,>=,0.05,-1
522,sample4_36h.json,183,184,1,0,FN,0.20842556954203784,>=,0.05,10
523,sample4_36h.json,183,192,0,0,TN,0.784185036908595,>=,0.05,-1
524,sample4_36h.json,183,201,0,1,FP,0.9310849410419282,>=,0.05,-1
525,sample4_36h.json,183,204,0,0,TN,0.8025302111269813,>=,0.05,-1
526,sample4_36h.json,184,187,0,0,TN,0.3838455602223009,>=,0.05,-1
527,sample4_36h.json,184,201,0,0,TN,0.7811028451096586,>=,0.05,-1
528,sample4_36h.json,185,190,0,0,TN,0.5458051519571109,>=,0.05,-1
529,sample4_36h.json,185,198,0,0,TN,0.4097119854220458,>=,0.05,-1
530,sample4_36h.json,185,200,0,0,TN,0.45638901004443433,>=,0.05,-1
531,sample4_36h.json,186,191,1,0,FN,0.13377116028995617,>=,0.05,4
532,sample4_36h.json,186,194,0,0,TN,0.9717723010056111,>=,0.05,-1
533,sample4_36h.json,186,205,0,1,FP,0.8235136585772058,>=,0.05,-1
534,sample4_36h.json,187,188,1,0,FN,0.2085229807780311,>=,0.05,6
535,sample4_36h.json,187,201,0,0,TN,0.6449142168868106,>=,0.05,-1
536,sample4_36h.json,187,202,0,0,TN,0.1052213830494001,>=,0.05,-1
537,sample4_36h.json,187,203,0,0,TN,0.09516779111577822,>=,0.05,-1
538,sample4_36h.json,188,195,0,0,TN,0.14655900460563587,>=,0.05,-1
539,sample4_36h.json,188,202,0,1,FP,0.5703007745551871,>=,0.05,-1
541,sample4_36h.json,189,193,0,0,TN,0.31900611588561134,>=,0.05,-1
542,sample4_36h.json,189,212,0,1,FP,0.8364080330318824,>=,0.05,-1
543,sample4_36h.json,189,219,0,0,TN,0.6077639586108872,>=,0.05,-1
544,sample4_36h.json,189,220,0,0,TN,0.856144633443706,>=,0.05,-1
545,sample4_36h.json,190,197,1,1,TP,0.9632089187143751,>=,0.05,6
546,sample4_36h.json,190,200,0,0,TN,0.11312307050045778,>=,0.05,-1
547,sample4_36h.json,190,208,0,0,TN,0.3247540726302097,>=,0.05,-1
548,sample4_36h.json,190,214,0,0,TN,0.4001096408539353,>=,0.05,-1
549,sample4_36h.json,191,197,0,0,TN,0.3658521489346641,>=,0.05,-1
550,sample4_36h.json,191,205,0,0,TN,0.23915892320687648,>=,0.05,-1
551,sample4_36h.json,192,204,0,1,FP,0.7072311005254844,>=,0.05,-1
552,sample4_36h.json,192,216,0,0,TN,0.17894672001100131,>=,0.05,-1
553,sample4_36h.json,192,219,0,0,TN,0.704386005957822,>=,0.05,-1
554,sample4_36h.json,193,196,1,1,TP,0.38881318359781014,>=,0.05,10
555,sample4_36h.json,193,212,0,0,TN,0.5298567532960476,>=,0.05,-1
556,sample4_36h.json,194,205,0,0,TN,0.6564353773343607,>=,0.05,-1
557,sample4_36h.json,194,209,0,0,TN,0.6483246364546388,>=,0.05,-1
558,sample4_36h.json,195,199,0,0,TN,0.24077037380085864,>=,0.05,-1
559,sample4_36h.json,195,202,0,0,TN,0.4660182811441669,>=,0.05,-1
560,sample4_36h.json,195,206,0,0,TN,0.3368061274138431,>=,0.05,-1
561,sample4_36h.json,195,210,0,0,TN,0.9790910607268486,>=,0.05,-1
562,sample4_36h.json,196,207,0,0,TN,0.629095908651274,>=,0.05,-1
563,sample4_36h.json,196,212,0,0,TN,0.3311994676068186,>=,0.05,-1
564,sample4_36h.json,197,205,0,0,TN,0.24978320039228719,>=,0.05,-1
565,sample4_36h.json,197,214,0,0,TN,0.013156060236741207,>=,0.05,-1
566,sample4_36h.json,198,199,0,0,TN,0.07966734812390908,>=,0.05,-1
567,sample4_36h.json,198,200,1,1,TP,0.8121271317816278,>=,0.05,8
568,sample4_36h.json,198,206,0,0,TN,0.23979952238850488,>=,0.05,-1
569,sample4_36h.json,198,211,0,0,TN,0.6422073159189602,>=,0.05,-1
570,sample4_36h.json,198,215,0,0,TN,0.9510815876120227,>=,0.05,-1
571,sample4_36h.json,198,217,0,0,TN,0.12084827046555624,>=,0.05,-1
572,sample4_36h.json,199,206,1,1,TP,0.9341940568911796,>=,0.05,6
573,sample4_36h.json,200,208,0,0,TN,0.18959333336279272,>=,0.05,-1
574,sample4_36h.json,200,215,0,0,TN,0.8852450027520634,>=,0.05,-1
575,sample4_36h.json,201,203,0,0,TN,0.7286419533462265,>=,0.05,-1
576,sample4_36h.json,201,204,1,0,FN,0.8211061213892988,>=,0.05,8
577,sample4_36h.json,201,213,0,0,TN,0.35592813714581195,>=,0.05,-1
578,sample4_36h.json,201,218,0,0,TN,0.28969900345177113,>=,0.05,-1
579,sample4_36h.json,202,203,1,0,FN,0.5916995715790265,>=,0.05,6
580,sample4_36h.json,202,210,0,0,TN,0.6181936521313326,>=,0.05,-1
581,sample4_36h.json,203,210,0,1,FP,0.8598221346992201,>=,0.05,-1
582,sample4_36h.json,203,213,0,0,TN,0.12179486340981227,>=,0.05,-1
583,sample4_36h.json,204,216,0,0,TN,0.40490863418384615,>=,0.05,-1
584,sample4_36h.json,204,218,0,0,TN,0.225052466464701,>=,0.05,-1
585,sample4_36h.json,205,209,1,0,FN,0.3570262109431558,>=,0.05,10
586,sample4_36h.json,206,210,0,0,TN,0.26358525305973124,>=,0.05,-1
587,sample4_36h.json,206,211,0,0,TN,0.11988160284746818,>=,0.05,-1
588,sample4_36h.json,207,212,0,0,TN,0.3053679150896612,>=,0.05,-1
589,sample4_36h.json,207,225,1,1,TP,0.9948969475048494,>=,0.05,12
590,sample4_36h.json,208,214,0,1,FP,0.6921981973125715,>=,0.05,-1
591,sample4_36h.json,208,215,1,0,FN,0.5901298605859714,>=,0.05,16
592,sample4_36h.json,210,211,0,0,TN,0.8001588802559912,>=,0.05,-1
593,sample4_36h.json,210,213,0,0,TN,0.6439465836952363,>=,0.05,-1
594,sample4_36h.json,210,221,0,0,TN,0.4640695261003014,>=,0.05,-1
595,sample4_36h.json,210,222,0,0,TN,0.5163498431018556,>=,0.05,-1
596,sample4_36h.json,210,224,0,0,TN,0.04842348932679885,>=,0.05,-1
597,sample4_36h.json,210,226,0,0,TN,0.7436275042485496,>=,0.05,-1
598,sample4_36h.json,211,217,1,0,FN,0.35720465345573693,>=,0.05,6
599,sample4_36h.json,211,222,0,1,FP,0.8331755667636177,>=,0.05,-1
600,sample4_36h.json,211,223,0,0,TN,0.41271431234695766,>=,0.05,-1
601,sample4_36h.json,212,220,0,0,TN,0.6816887827112171,>=,0.05,-1
602,sample4_36h.json,212,225,0,0,TN,0.43612946652831,>=,0.05,-1
603,sample4_36h.json,212,228,1,0,FN,0.15543774569577362,>=,0.05,10
604,sample4_36h.json,213,218,0,0,TN,0.5192094191533293,>=,0.05,-1
605,sample4_36h.json,213,221,1,1,TP,0.9648478423467696,>=,0.05,8
606,sample4_36h.json,213,232,0,0,TN,0.24595258022377353,>=,0.05,-1
607,sample4_36h.json,215,217,0,0,TN,0.191206136357155,>=,0.05,-1
608,sample4_36h.json,215,227,0,1,FP,0.8431622002209399,>=,0.05,-1
609,sample4_36h.json,215,229,0,0,TN,0.3802204887894308,>=,0.05,-1
610,sample4_36h.json,216,218,1,1,TP,0.5107776045483344,>=,0.05,4
611,sample4_36h.json,216,219,0,0,TN,0.5619246906951411,>=,0.05,-1
612,sample4_36h.json,216,230,0,0,TN,0.581548574056592,>=,0.05,-1
613,sample4_36h.json,217,223,0,1,FP,0.8069735304672472,>=,0.05,-1
614,sample4_36h.json,217,227,0,0,TN,0.4078574541594441,>=,0.05,-1
615,sample4_36h.json,218,230,0,0,TN,0.5063495901763445,>=,0.05,-1
616,sample4_36h.json,218,232,0,0,TN,0.08283678432401298,>=,0.05,-1
617,sample4_36h.json,219,220,1,1,TP,0.8765788457808061,>=,0.05,12
618,sample4_36h.json,219,230,0,0,TN,0.6730273236128765,>=,0.05,-1
619,sample4_36h.json,219,233,0,0,TN,0.33372622264245566,>=,0.05,-1
620,sample4_36h.json,220,228,0,0,TN,0.177433369035926,>=,0.05,-1
621,sample4_36h.json,220,233,0,0,TN,0.5290941167596351,>=,0.05,-1
622,sample4_36h.json,220,238,0,0,TN,0.17475076706011916,>=,0.05,-1
623,sample4_36h.json,221,226,0,0,TN,0.3655778536528389,>=,0.05,-1
624,sample4_36h.json,221,231,0,0,TN,0.5494660924315666,>=,0.05,-1
625,sample4_36h.json,221,232,0,0,TN,0.4898189215543599,>=,0.05,-1
626,sample4_36h.json,221,234,0,0,TN,0.5546376016649189,>=,0.05,-1
627,sample4_36h.json,222,223,1,0,FN,0.9984723921325689,>=,0.05,6
628,sample4_36h.json,222,224,0,0,TN,0.21536577217021247,>=,0.05,-1
629,sample4_36h.json,222,235,0,0,TN,0.4453709362479956,>=,0.05,-1
630,sample4_36h.json,223,227,0,0,TN,0.053706825412023984,>=,0.05,-1
631,sample4_36h.json,223,235,0,0,TN,0.8096463685143263,>=,0.05,-1
632,sample4_36h.json,224,226,1,0,FN,0.5855604115863866,>=,0.05,6
633,sample4_36h.json,224,235,0,1,FP,0.9259980872479463,>=,0.05,-1
634,sample4_36h.json,224,236,0,0,TN,0.6576534709699475,>=,0.05,-1
635,sample4_36h.json,225,228,0,0,TN,0.4761034968990149,>=,0.05,-1
636,sample4_36h.json,226,231,0,0,TN,0.5298369271476612,>=,0.05,-1
637,sample4_36h.json,226,236,0,1,FP,0.4513728836389701,>=,0.05,-1
638,sample4_36h.json,227,229,1,0,FN,0.3337934214068816,>=,0.05,4
639,sample4_36h.json,227,235,0,0,TN,0.6045424836739276,>=,0.05,-1
640,sample4_36h.json,228,238,0,1,FP,0.41695265934282655,>=,0.05,-1
641,sample4_36h.json,230,232,0,0,TN,0.8205255268277644,>=,0.05,-1
642,sample4_36h.json,230,233,1,1,TP,0.8682371468871806,>=,0.05,2
643,sample4_36h.json,230,237,0,0,TN,0.3379069891461307,>=,0.05,-1
644,sample4_36h.json,231,234,1,1,TP,0.6917000287249011,>=,0.05,8
645,sample4_36h.json,231,236,0,0,TN,0.43077510359316307,>=,0.05,-1
646,sample4_36h.json,232,234,0,0,TN,0.2434098202494015,>=,0.05,-1
647,sample4_36h.json,232,237,1,1,TP,0.9894035426472247,>=,0.05,8
648,sample4_36h.json,233,238,0,0,TN,0.23811566968843023,>=,0.05,-1
649,sample4_36h.json,234,237,0,0,TN,0.660294994672673,>=,0.05,-1
650,sample4_36h.json,235,236,1,0,FN,0.7624535513714519,>=,0.05,8
1,sample4_52h.json,0,2,0,1,FP,0.6949042303156655,>=,0.05,-1
2,sample4_52h.json,0,3,1,0,FN,0.08837085332274885,>=,0.05,12
3,sample4_52h.json,0,6,0,0,TN,0.2860617896865909,>=,0.05,-1
4,sample4_52h.json,1,2,1,0,FN,0.6833652494768385,>=,0.05,10
5,sample4_52h.json,1,4,0,0,TN,0.2551873867039952,>=,0.05,-1
6,sample4_52h.json,1,7,0,1,FP,0.9682945309801868,>=,0.05,-1
7,sample4_52h.json,2,6,0,0,TN,0.4421011749200612,>=,0.05,-1
8,sample4_52h.json,2,7,0,0,TN,0.5521587316062065,>=,0.05,-1
9,sample4_52h.json,2,9,0,0,TN,0.5037661048762904,>=,0.05,-1
10,sample4_52h.json,3,6,0,0,TN,0.4314754445407992,>=,0.05,-1
11,sample4_52h.json,3,8,0,1,FP,0.46546010905203283,>=,0.05,-1
12,sample4_52h.json,4,7,0,0,TN,0.9171937478773108,>=,0.05,-1
13,sample4_52h.json,4,11,0,0,TN,0.02341769885062195,>=,0.05,-1
14,sample4_52h.json,4,12,0,1,FP,0.9697755400873421,>=,0.05,-1
16,sample4_52h.json,5,10,0,0,TN,0.11460761895066496,>=,0.05,-1
17,sample4_52h.json,5,18,0,1,FP,0.430513017567943,>=,0.05,-1
18,sample4_52h.json,5,19,0,0,TN,0.6925952109978767,>=,0.05,-1
19,sample4_52h.json,6,8,0,0,TN,0.8002691016514168,>=,0.05,-1
20,sample4_52h.json,6,9,1,1,TP,0.657984642146447,>=,0.05,8
21,sample4_52h.json,6,14,0,0,TN,0.4901920334174925,>=,0.05,-1
22,sample4_52h.json,6,17,0,0,TN,0.8903455816150602,>=,0.05,-1
23,sample4_52h.json,7,9,0,0,TN,0.4347311955971491,>=,0.05,-1
24,sample4_52h.json,7,11,1,0,FN,0.24741093770963218,>=,0.05,8
25,sample4_52h.json,7,16,0,0,TN,0.7808463185664812,>=,0.05,-1
26,sample4_52h.json,8,14,0,0,TN,0.5644854399122157,>=,0.05,-1
27,sample4_52h.json,8,19,0,0,TN,0.13427231025217734,>=,0.05,-1
28,sample4_52h.json,9,16,0,0,TN,0.32981731400241276,>=,0.05,-1
30,sample4_52h.json,10,18,0,0,TN,0.0892868300684051,>=,0.05,-1
31,sample4_52h.json,10,23,0,1,FP,0.5412688194827501,>=,0.05,-1
32,sample4_52h.json,11,12,0,0,TN,0.14993810244307848,>=,0.05,-1
33,sample4_52h.json,11,16,0,0,TN,0.7158895918992527,>=,0.05,-1
34,sample4_52h.json,11,21,0,0,TN,0.5555073900400184,>=,0.05,-1
35,sample4_52h.json,11,22,0,1,FP,0.971078142033892,>=,0.05,-1
36,sample4_52h.json,12,15,1,0,FN,0.011641214236089548,>=,0.05,12
37,sample4_52h.json,12,21,0,0,TN,0.7161113981651016,>=,0.05,-1
38,sample4_52h.json,13,23,0,0,TN,0.20367998265104803,>=,0.05,-1
39,sample4_52h.json,13,30,0,0,TN,0.034479643503615764,>=,0.05,-1
40,sample4_52h.json,13,36,0,0,TN,0.6281709067219408,>=,0.05,-1
41,sample4_52h.json,14,17,0,1,FP,0.5457153594356839,>=,0.05,-1
43,sample4_52h.json,14,29,0,0,TN,0.3023660816902789,>=,0.05,-1
44,sample4_52h.json,15,20,0,1,FP,0.5073300397153307,>=,0.05,-1
45,sample4_52h.json,15,21,0,0,TN,0.05509087015250336,>=,0.05,-1
46,sample4_52h.json,15,24,0,0,TN,0.42717905926330113,>=,0.05,-1
47,sample4_52h.json,15,27,0,0,TN,0.5768579307407304,>=,0.05,-1
48,sample4_52h.json,16,17,0,0,TN,0.8747103493618308,>=,0.05,-1
49,sample4_52h.json,16,22,0,0,TN,0.8471805368988576,>=,0.05,-1
50,sample4_52h.json,16,25,0,0,TN,0.7972155013113268,>=,0.05,-1
51,sample4_52h.json,16,28,0,1,FP,0.9219935749096584,>=,0.05,-1
52,sample4_52h.json,16,31,0,0,TN,0.4180834589364284,>=,0.05,-1
53,sample4_52h.json,17,25,1,0,FN,0.44904955217866793,>=,0.05,8
54,sample4_52h.json,18,19,0,0,TN,0.009196258873828023,>=,0.05,-1
55,sample4_52h.json,18,23,0,0,TN,0.45733733894830175,>=,0.05,-1
56,sample4_52h.json,18,26,1,0,FN,0.5090947193451939,>=,0.05,10
57,sample4_52h.json,19,26,0,0,TN,0.5551816107610245,>=,0.05,-1
58,sample4_52h.json,19,29,0,1,FP,0.9537178112658528,>=,0.05,-1
59,sample4_52h.json,19,33,0,0,TN,0.0822532882518997,>=,0.05,-1
60,sample4_52h.json,20,24,1,0,FN,0.310595085270268,>=,0.05,6
61,sample4_52h.json,21,22,1,0,FN,0.42597147822904635,>=,0.05,8
62,sample4_52h.json,21,27,0,1,FP,0.8270414549435161,>=,0.05,-1
63,sample4_52h.json,22,27,0,0,TN,0.653163170682291,>=,0.05,-1
64,sample4_52h.json,22,28,0,0,TN,0.8046939042005747,>=,0.05,-1
65,sample4_52h.json,22,32,0,0,TN,0.10237618981515617,>=,0.05,-1
66,sample4_52h.json,22,34,0,0,TN,0.3311082609450814,>=,0.05,-1
67,sample4_52h.json,23,26,0,0,TN,0.017931951464625562,>=,0.05,-1
68,sample4_52h.json,23,33,0,0,TN,0.9235107788408123,>=,0.05,-1
69,sample4_52h.json,23,36,0,0,TN,0.7190811214359968,>=,0.05,-1
70,sample4_52h.json,23,38,0,0,TN,0.36018512426281246,>=,0.05,-1
71,sample4_52h.json,24,27,0,0,TN,0.504867009046229,>=,0.05,-1
72,sample4_52h.json,24,37,0,0,TN,0.009746824286419375,>=,0.05,-1
73,sample4_52h.json,25,29,0,0,TN,0.7835105297023084,>=,0.05,-1
74,sample4_52h.json,25,31,0,1,FP,0.9181268037611762,>=,0.05,-1
75,sample4_52h.json,25,35,0,0,TN,0.2572150971791085,>=,0.05,-1
76,sample4_52h.json,26,33,0,1,FP,0.7017202857591663,>=,0.05,-1
77,sample4_52h.json,27,34,0,0,TN,0.5124274978022317,>=,0.05,-1
78,sample4_52h.json,27,37,0,0,TN,0.6667719104942478,>=,0.05,-1
79,sample4_52h.json,27,41,0,0,TN,0.5725001038644981,>=,0.05,-1
80,sample4_52h.json,27,42,0,0,TN,0.5252403059489267,>=,0.05,-1
81,sample4_52h.json,28,31,0,0,TN,0.5908122486470049,>=,0.05,-1
82,sample4_52h.json,28,32,1,0,FN,0.10697698593140104,>=,0.05,2
83,sample4_52h.json,29,33,0,0,TN,0.08838610298996796,>=,0.05,-1
84,sample4_52h.json,29,35,0,0,TN,0.31326123102482506,>=,0.05,-1
85,sample4_52h.json,29,40,0,0,TN,0.08888359089277631,>=,0.05,-1
86,sample4_52h.json,29,44,0,0,TN,0.37841271392089926,>=,0.05,-1
87,sample4_52h.json,29,50,0,0,TN,0.08157967161362945,>=,0.05,-1
88,sample4_52h.json,30,36,0,0,TN,0.16613758673906787,>=,0.05,-1
89,sample4_52h.json,30,45,0,1,FP,0.7054855021227487,>=,0.05,-1
90,sample4_52h.json,30,46,0,0,TN,0.024149657770626942,>=,0.05,-1
91,sample4_52h.json,31,32,0,0,TN,0.5888932567562967,>=,0.05,-1
92,sample4_52h.json,31,34,0,0,TN,0.3492260461582273,>=,0.05,-1
93,sample4_52h.json,31,35,0,0,TN,0.7517684153851286,>=,0.05,-1
94,sample4_52h.json,31,41,0,0,TN,0.8011818941489262,>=,0.05,-1
95,sample4_52h.json,31,47,0,0,TN,0.11580059844826751,>=,0.05,-1
96,sample4_52h.json,32,34,0,0,TN,0.3997399575017241,>=,0.05,-1
97,sample4_52h.json,33,38,0,0,TN,0.3544762745312007,>=,0.05,-1
98,sample4_52h.json,33,40,0,0,TN,0.6375741081344891,>=,0.05,-1
99,sample4_52h.json,33,43,0,0,TN,0.32403644609783755,>=,0.05,-1
100,sample4_52h.json,34,41,0,1,FP,0.6467091795080576,>=,0.05,-1
101,sample4_52h.json,35,47,0,0,TN,0.8325268110535327,>=,0.05,-1
102,sample4_52h.json,35,49,0,1,FP,0.3359705939318911,>=,0.05,-1
103,sample4_52h.json,35,50,0,0,TN,0.5887098448601886,>=,0.05,-1
104,sample4_52h.json,36,38,1,0,FN,0.8166411119808575,>=,0.05,10
105,sample4_52h.json,36,46,0,1,FP,0.983349537022825,>=,0.05,-1
106,sample4_52h.json,36,53,0,0,TN,0.8683893751917723,>=,0.05,-1
107,sample4_52h.json,37,39,0,0,TN,0.974473418042986,>=,0.05,-1
108,sample4_52h.json,37,42,0,1,FP,0.9881875393742822,>=,0.05,-1
109,sample4_52h.json,37,48,0,0,TN,0.06442636209958075,>=,0.05,-1
110,sample4_52h.json,38,43,0,1,FP,0.5972073530818799,>=,0.05,-1
111,sample4_52h.json,38,51,0,0,TN,0.011591610333386071,>=,0.05,-1
112,sample4_52h.json,38,53,0,0,TN,0.09374572601506725,>=,0.05,-1
113,sample4_52h.json,39,48,0,0,TN,0.14948505492340558,>=,0.05,-1
114,sample4_52h.json,39,52,0,1,FP,0.9821353476972482,>=,0.05,-1
115,sample4_52h.json,40,43,0,0,TN,0.6674172785420254,>=,0.05,-1
116,sample4_52h.json,40,44,1,1,TP,0.6400927034064857,>=,0.05,4
117,sample4_52h.json,41,42,1,0,FN,0.049893336810340805,>=,0.05,12
118,sample4_52h.json,41,47,0,0,TN,0.43503073175858853,>=,0.05,-1
119,sample4_52h.json,41,54,0,0,TN,0.7966680433439189,>=,0.05,-1
120,sample4_52h.json,42,48,0,0,TN,0.45053904934797673,>=,0.05,-1
121,sample4_52h.json,42,54,0,0,TN,0.03274021901123436,>=,0.05,-1
122,sample4_52h.json,43,44,0,0,TN,0.3646570354980633,>=,0.05,-1
123,sample4_52h.json,43,51,0,0,TN,0.02981196028138755,>=,0.05,-1
124,sample4_52h.json,43,55,0,0,TN,0.2664050982970718,>=,0.05,-1
125,sample4_52h.json,43,56,0,0,TN,0.8627095926848473,>=,0.05,-1
126,sample4_52h.json,44,50,0,0,TN,0.7061606715452022,>=,0.05,-1
127,sample4_52h.json,44,55,0,0,TN,0.26630803862647,>=,0.05,-1
128,sample4_52h.json,45,46,1,0,FN,0.5500839817527662,>=,0.05,14
129,sample4_52h.json,45,62,0,0,TN,0.4014586477067984,>=,0.05,-1
130,sample4_52h.json,45,65,0,0,TN,0.7022809153231133,>=,0.05,-1
131,sample4_52h.json,45,374,0,0,TN,0.44391194309517323,>=,0.05,-1
132,sample4_52h.json,46,53,0,0,TN,0.8727428675264499,>=,0.05,-1
133,sample4_52h.json,46,61,0,0,TN,0.9272469368321707,>=,0.05,-1
134,sample4_52h.json,46,65,0,0,TN,0.8565913579073939,>=,0.05,-1
135,sample4_52h.json,47,49,1,0,FN,0.12842504352644302,>=,0.05,8
136,sample4_52h.json,47,54,0,0,TN,0.28212094783873176,>=,0.05,-1
137,sample4_52h.json,47,60,0,1,FP,0.9046254224030609,>=,0.05,-1
138,sample4_52h.json,48,52,0,0,TN,0.9384476891727511,>=,0.05,-1
139,sample4_52h.json,48,54,1,1,TP,0.9512795348300533,>=,0.05,16
140,sample4_52h.json,48,59,0,0,TN,0.01181870475960467,>=,0.05,-1
141,sample4_52h.json,48,63,0,0,TN,0.3443976026402652,>=,0.05,-1
142,sample4_52h.json,49,50,0,0,TN,0.43842981805156744,>=,0.05,-1
143,sample4_52h.json,49,58,0,0,TN,0.4014412950966165,>=,0.05,-1
144,sample4_52h.json,49,60,0,0,TN,0.028626877946467122,>=,0.05,-1
145,sample4_52h.json,49,68,0,0,TN,0.24497580735634117,>=,0.05,-1
146,sample4_52h.json,50,55,0,1,FP,0.9450079742434978,>=,0.05,-1
148,sample4_52h.json,51,53,1,1,TP,0.9090363555955321,>=,0.05,12
149,sample4_52h.json,51,56,0,0,TN,0.13001148407429897,>=,0.05,-1
150,sample4_52h.json,51,64,0,0,TN,0.049745124295380805,>=,0.05,-1
151,sample4_52h.json,52,57,0,0,TN,0.7116844495673846,>=,0.05,-1
152,sample4_52h.json,52,59,0,0,TN,0.17619850392716385,>=,0.05,-1
153,sample4_52h.json,52,66,0,0,TN,0.29768513322370127,>=,0.05,-1
154,sample4_52h.json,53,61,0,0,TN,0.9989756714338021,>=,0.05,-1
155,sample4_52h.json,53,64,0,0,TN,0.8830907142532055,>=,0.05,-1
156,sample4_52h.json,54,60,0,0,TN,0.15517311261427935,>=,0.05,-1
157,sample4_52h.json,54,63,0,0,TN,0.3716666430373422,>=,0.05,-1
158,sample4_52h.json,55,56,1,0,FN,0.40723819761861046,>=,0.05,10
159,sample4_52h.json,55,58,0,0,TN,0.05917318765215007,>=,0.05,-1
160,sample4_52h.json,55,71,0,0,TN,0.4892588000734803,>=,0.05,-1
161,sample4_52h.json,56,64,0,0,TN,0.19135862319538754,>=,0.05,-1
162,sample4_52h.json,56,71,0,0,TN,0.8170870288223255,>=,0.05,-1
163,sample4_52h.json,56,77,0,1,FP,0.8872539188129083,>=,0.05,-1
164,sample4_52h.json,57,66,0,0,TN,0.6205392947491938,>=,0.05,-1
165,sample4_52h.json,57,69,0,0,TN,0.2225465977500547,>=,0.05,-1
166,sample4_52h.json,58,68,0,0,TN,0.5210982518414414,>=,0.05,-1
167,sample4_52h.json,58,71,0,0,TN,0.4217174077397833,>=,0.05,-1
168,sample4_52h.json,58,73,0,1,FP,0.9244136791773692,>=,0.05,-1
169,sample4_52h.json,58,76,0,0,TN,0.9335944017088696,>=,0.05,-1
170,sample4_52h.json,59,63,0,0,TN,0.5409483397822572,>=,0.05,-1
171,sample4_52h.json,59,66,0,0,TN,0.2599821472889149,>=,0.05,-1
172,sample4_52h.json,59,70,1,1,TP,0.2487229921462938,>=,0.05,6
173,sample4_52h.json,60,63,0,0,TN,0.1951372227842808,>=,0.05,-1
175,sample4_52h.json,60,75,0,0,TN,0.4456742259533235,>=,0.05,-1
176,sample4_52h.json,60,82,0,0,TN,0.7228947224627574,>=,0.05,-1
177,sample4_52h.json,60,83,0,0,TN,0.03402233944985633,>=,0.05,-1
178,sample4_52h.json,61,64,0,1,FP,0.7134195307868579,>=,0.05,-1
180,sample4_52h.json,61,86,0,0,TN,0.31629397166212936,>=,0.05,-1
181,sample4_52h.json,61,90,0,0,TN,0.36140163632998634,>=,0.05,-1
182,sample4_52h.json,62,65,0,1,FP,0.9995659176053804,>=,0.05,-1
183,sample4_52h.json,62,84,0,0,TN,0.1856730977467992,>=,0.05,-1
184,sample4_52h.json,62,373,1,0,FN,0.752284625885629,>=,0.05,16
185,sample4_52h.json,62,374,0,0,TN,0.39112272802381187,>=,0.05,-1
186,sample4_52h.json,63,70,0,0,TN,0.8681338051452241,>=,0.05,-1
187,sample4_52h.json,63,75,1,1,TP,0.801480220222287,>=,0.05,6
188,sample4_52h.json,64,77,0,0,TN,0.1991615806570416,>=,0.05,-1
189,sample4_52h.json,64,86,0,0,TN,0.01018842365176642,>=,0.05,-1
190,sample4_52h.json,65,84,0,0,TN,0.988563790381297,>=,0.05,-1
191,sample4_52h.json,65,90,0,0,TN,0.990876755717729,>=,0.05,-1
192,sample4_52h.json,65,93,0,0,TN,0.24432246656950307,>=,0.05,-1
193,sample4_52h.json,66,69,0,0,TN,0.24950698033674612,>=,0.05,-1
194,sample4_52h.json,66,70,0,0,TN,0.7712190364269678,>=,0.05,-1
195,sample4_52h.json,66,74,0,1,FP,0.804389991811387,>=,0.05,-1
196,sample4_52h.json,66,79,0,0,TN,0.43880577130704035,>=,0.05,-1
197,sample4_52h.json,68,73,0,0,TN,0.7331394318564564,>=,0.05,-1
198,sample4_52h.json,68,83,0,1,FP,0.9550568327368901,>=,0.05,-1
199,sample4_52h.json,68,88,0,0,TN,0.8044403893117285,>=,0.05,-1
200,sample4_52h.json,69,74,1,0,FN,0.44759092121591193,>=,0.05,10
201,sample4_52h.json,69,80,0,1,FP,0.8655570410680987,>=,0.05,-1
202,sample4_52h.json,70,75,0,0,TN,0.32290382539957185,>=,0.05,-1
203,sample4_52h.json,70,79,0,0,TN,0.06176985706997218,>=,0.05,-1
204,sample4_52h.json,70,81,0,0,TN,0.006856425810354949,>=,0.05,-1
205,sample4_52h.json,71,76,0,1,FP,0.7950949010730529,>=,0.05,-1
206,sample4_52h.json,71,77,1,0,FN,0.2519741651903036,>=,0.05,8
207,sample4_52h.json,71,92,0,0,TN,0.40616012691205916,>=,0.05,-1
208,sample4_52h.json,72,85,0,1,FP,0.6973447019178961,>=,0.05,-1
209,sample4_52h.json,72,87,0,0,TN,0.022894797384320986,>=,0.05,-1
210,sample4_52h.json,72,373,0,0,TN,0.5146853274639757,>=,0.05,-1
211,sample4_52h.json,73,76,1,0,FN,0.12121914273990919,>=,0.05,12
212,sample4_52h.json,73,88,0,0,TN,0.12508312926567855,>=,0.05,-1
213,sample4_52h.json,74,79,0,0,TN,0.570478953205035,>=,0.05,-1
214,sample4_52h.json,74,80,0,0,TN,0.7306391002695332,>=,0.05,-1
215,sample4_52h.json,75,81,0,0,TN,0.36156765094944654,>=,0.05,-1
216,sample4_52h.json,75,82,0,0,TN,0.2143319058531712,>=,0.05,-1
217,sample4_52h.json,76,88,0,0,TN,0.46836737431722497,>=,0.05,-1
218,sample4_52h.json,76,92,0,0,TN,0.40968911032806554,>=,0.05,-1
219,sample4_52h.json,77,86,0,0,TN,0.49411954449343354,>=,0.05,-1
220,sample4_52h.json,77,92,0,0,TN,0.9337927733574771,>=,0.05,-1
221,sample4_52h.json,77,94,0,0,TN,0.6373119143962083,>=,0.05,-1
222,sample4_52h.json,78,80,0,0,TN,0.09560475940406676,>=,0.05,-1
223,sample4_52h.json,78,89,1,0,FN,0.1229874113256415,>=,0.05,10
224,sample4_52h.json,79,80,0,0,TN,0.031350430062585755,>=,0.05,-1
225,sample4_52h.json,79,81,0,0,TN,0.605609230320657,>=,0.05,-1
226,sample4_52h.json,79,91,1,1,TP,0.7724434181318274,>=,0.05,10
227,sample4_52h.json,80,89,0,0,TN,0.4898308001061279,>=,0.05,-1
228,sample4_52h.json,80,91,0,0,TN,0.409570304205094,>=,0.05,-1
229,sample4_52h.json,80,95,0,0,TN,0.8902236907831338,>=,0.05,-1
230,sample4_52h.json,80,97,0,0,TN,0.029450408755109958,>=,0.05,-1
231,sample4_52h.json,80,101,0,0,TN,0.9675563388916318,>=,0.05,-1
232,sample4_52h.json,80,104,0,0,TN,0.6416955678886802,>=,0.05,-1
233,sample4_52h.json,81,82,0,1,FP,0.8257312510697097,>=,0.05,-1
234,sample4_52h.json,81,91,0,0,TN,0.7695567548594007,>=,0.05,-1
235,sample4_52h.json,81,95,0,0,TN,0.8849745981615046,>=,0.05,-1
236,sample4_52h.json,81,99,0,0,TN,0.1041113616088678,>=,0.05,-1
237,sample4_52h.json,82,83,1,0,FN,0.3200426717610426,>=,0.05,2
238,sample4_52h.json,82,99,0,0,TN,0.5979086246702917,>=,0.05,-1
239,sample4_52h.json,82,100,0,0,TN,0.2930177870473737,>=,0.05,-1
240,sample4_52h.json,83,88,0,0,TN,0.5923935196231996,>=,0.05,-1
241,sample4_52h.json,83,100,0,0,TN,0.9010580552252904,>=,0.05,-1
242,sample4_52h.json,84,87,1,0,FN,0.6731953058062082,>=,0.05,12
243,sample4_52h.json,84,93,0,0,TN,0.06167231276382179,>=,0.05,-1
244,sample4_52h.json,84,96,0,0,TN,0.12311603893706913,>=,0.05,-1
245,sample4_52h.json,84,373,0,1,FP,0.9735123260141583,>=,0.05,-1
246,sample4_52h.json,85,87,0,0,TN,0.07044790972947501,>=,0.05,-1
247,sample4_52h.json,85,98,0,0,TN,0.842470216087698,>=,0.05,-1
248,sample4_52h.json,85,102,0,0,TN,0.9866405321972115,>=,0.05,-1
249,sample4_52h.json,85,103,0,0,TN,0.16218727411586242,>=,0.05,-1
251,sample4_52h.json,86,94,0,1,FP,0.7040611902146514,>=,0.05,-1
252,sample4_52h.json,86,107,0,0,TN,0.8080248057084565,>=,0.05,-1
253,sample4_52h.json,87,96,0,1,FP,0.9514371713792831,>=,0.05,-1
254,sample4_52h.json,87,98,0,0,TN,0.8430953173858425,>=,0.05,-1
255,sample4_52h.json,87,373,0,0,TN,0.7487599287260809,>=,0.05,-1
256,sample4_52h.json,88,92,0,0,TN,0.7703595064496663,>=,0.05,-1
257,sample4_52h.json,88,100,0,1,FP,0.7781136344522873,>=,0.05,-1
258,sample4_52h.json,88,105,0,0,TN,0.09111272467805553,>=,0.05,-1
259,sample4_52h.json,88,106,0,0,TN,0.33778344050092046,>=,0.05,-1
260,sample4_52h.json,89,101,0,1,FP,0.8551604434440616,>=,0.05,-1
261,sample4_52h.json,90,93,0,1,FP,0.7379008268351277,>=,0.05,-1
262,sample4_52h.json,90,107,0,0,TN,0.9515965928340954,>=,0.05,-1
263,sample4_52h.json,90,113,0,0,TN,0.8412510978210458,>=,0.05,-1
264,sample4_52h.json,90,114,0,0,TN,0.6520373295082038,>=,0.05,-1
265,sample4_52h.json,91,95,0,0,TN,0.5333488072302375,>=,0.05,-1
266,sample4_52h.json,92,94,1,0,FN,0.10783876497913969,>=,0.05,12
267,sample4_52h.json,92,106,0,0,TN,0.4338198318422265,>=,0.05,-1
268,sample4_52h.json,92,110,0,1,FP,0.9619471910259523,>=,0.05,-1
270,sample4_52h.json,93,114,0,0,TN,0.0464192167346803,>=,0.05,-1
271,sample4_52h.json,94,107,0,0,TN,0.964296199135401,>=,0.05,-1
272,sample4_52h.json,94,110,0,0,TN,0.09378069967025571,>=,0.05,-1
273,sample4_52h.json,95,97,0,1,FP,0.7655564786450824,>=,0.05,-1
274,sample4_52h.json,95,99,0,0,TN,0.12973949529684214,>=,0.05,-1
275,sample4_52h.json,95,104,0,0,TN,0.31630586764462076,>=,0.05,-1
276,sample4_52h.json,95,111,0,0,TN,0.30627818797101736,>=,0.05,-1
277,sample4_52h.json,95,112,0,0,TN,0.35509827654112935,>=,0.05,-1
278,sample4_52h.json,96,98,0,0,TN,0.8587314719637239,>=,0.05,-1
279,sample4_52h.json,96,114,0,0,TN,0.1808814332366957,>=,0.05,-1
280,sample4_52h.json,96,117,0,0,TN,0.8713477912369889,>=,0.05,-1
281,sample4_52h.json,97,104,1,0,FN,0.3750208666156064,>=,0.05,10
282,sample4_52h.json,98,103,1,0,FN,0.07153983725820767,>=,0.05,12
283,sample4_52h.json,98,117,0,1,FP,0.8781495587119538,>=,0.05,-1
285,sample4_52h.json,99,112,0,1,FP,0.7671366228017018,>=,0.05,-1
286,sample4_52h.json,99,118,0,0,TN,0.44714679185173767,>=,0.05,-1
287,sample4_52h.json,99,119,0,0,TN,0.6539244320910924,>=,0.05,-1
288,sample4_52h.json,100,105,0,0,TN,0.6772500190803108,>=,0.05,-1
289,sample4_52h.json,100,118,0,0,TN,0.3998826090831805,>=,0.05,-1
290,sample4_52h.json,101,104,0,0,TN,0.5482965067095766,>=,0.05,-1
291,sample4_52h.json,101,109,0,0,TN,0.403777933038322,>=,0.05,-1
292,sample4_52h.json,101,111,0,0,TN,0.4789898144690268,>=,0.05,-1
293,sample4_52h.json,101,115,0,0,TN,0.7033313971114363,>=,0.05,-1
294,sample4_52h.json,101,116,0,0,TN,0.41505242433129363,>=,0.05,-1
295,sample4_52h.json,102,103,0,0,TN,0.4040673179585509,>=,0.05,-1
296,sample4_52h.json,102,123,0,1,FP,0.7718166333357084,>=,0.05,-1
297,sample4_52h.json,103,117,0,0,TN,0.292250479358399,>=,0.05,-1
298,sample4_52h.json,103,123,0,0,TN,0.345842344486901,>=,0.05,-1
299,sample4_52h.json,104,111,0,0,TN,0.42767836722924435,>=,0.05,-1
300,sample4_52h.json,105,106,1,0,FN,0.22784919180578855,>=,0.05,12
301,sample4_52h.json,105,118,0,1,FP,0.8709886255835745,>=,0.05,-1
302,sample4_52h.json,105,120,0,0,TN,0.400184945708121,>=,0.05,-1
303,sample4_52h.json,106,110,0,0,TN,0.3283186975248147,>=,0.05,-1
304,sample4_52h.json,106,120,0,0,TN,0.062173064605137274,>=,0.05,-1
305,sample4_52h.json,106,122,0,0,TN,0.22362927663828913,>=,0.05,-1
306,sample4_52h.json,107,110,0,0,TN,0.6037749259035556,>=,0.05,-1
308,sample4_52h.json,107,125,0,0,TN,0.04821231844870244,>=,0.05,-1
309,sample4_52h.json,107,128,0,1,FP,0.9713246474146653,>=,0.05,-1
310,sample4_52h.json,108,109,1,1,TP,0.9957154844554502,>=,0.05,12
311,sample4_52h.json,108,121,0,0,TN,0.14120615911182388,>=,0.05,-1
312,sample4_52h.json,108,126,0,0,TN,0.05031825154387626,>=,0.05,-1
313,sample4_52h.json,109,116,0,0,TN,0.41979313941036855,>=,0.05,-1
314,sample4_52h.json,109,126,0,0,TN,0.2657870021714708,>=,0.05,-1
315,sample4_52h.json,109,127,0,0,TN,0.16530356563429416,>=,0.05,-1
316,sample4_52h.json,110,122,0,0,TN,0.10289111862692124,>=,0.05,-1
317,sample4_52h.json,110,125,0,0,TN,0.4878270732442803,>=,0.05,-1
319,sample4_52h.json,111,115,0,1,FP,0.8768172020307384,>=,0.05,-1
320,sample4_52h.json,111,130,0,0,TN,0.9859741685638841,>=,0.05,-1
321,sample4_52h.json,111,133,0,0,TN,0.33880626718833495,>=,0.05,-1
322,sample4_52h.json,112,119,0,0,TN,0.3967757511334983,>=,0.05,-1
323,sample4_52h.json,112,133,0,0,TN,0.6531791812989546,>=,0.05,-1
324,sample4_52h.json,112,139,0,0,TN,0.38409492737865025,>=,0.05,-1
325,sample4_52h.json,113,114,0,1,FP,0.9054433623782527,>=,0.05,-1
326,sample4_52h.json,113,128,0,0,TN,0.7931587938693757,>=,0.05,-1
327,sample4_52h.json,113,134,0,0,TN,0.5908674906633746,>=,0.05,-1
328,sample4_52h.json,114,117,0,0,TN,0.658972554601344,>=,0.05,-1
329,sample4_52h.json,114,132,0,0,TN,0.7128022690413391,>=,0.05,-1
330,sample4_52h.json,114,134,0,0,TN,0.6608536428782468,>=,0.05,-1
331,sample4_52h.json,115,116,1,0,FN,0.3509486649791492,>=,0.05,12
332,sample4_52h.json,115,127,0,0,TN,0.5407067603054729,>=,0.05,-1
333,sample4_52h.json,115,129,0,0,TN,0.29553625861299293,>=,0.05,-1
334,sample4_52h.json,115,130,0,0,TN,0.28372626045162586,>=,0.05,-1
335,sample4_52h.json,116,127,0,0,TN,0.6740631329534502,>=,0.05,-1
336,sample4_52h.json,117,123,0,0,TN,0.42734912847357664,>=,0.05,-1
337,sample4_52h.json,117,132,0,0,TN,0.8407614029405744,>=,0.05,-1
338,sample4_52h.json,117,135,0,0,TN,0.22006384668592716,>=,0.05,-1
340,sample4_52h.json,118,120,0,0,TN,0.2608359366863775,>=,0.05,-1
341,sample4_52h.json,118,131,0,0,TN,0.8650342829258504,>=,0.05,-1
342,sample4_52h.json,119,131,0,0,TN,0.3580723602638286,>=,0.05,-1
343,sample4_52h.json,119,139,0,1,FP,0.9722837823072497,>=,0.05,-1
344,sample4_52h.json,119,140,0,0,TN,0.13228014834718704,>=,0.05,-1
346,sample4_52h.json,120,131,0,1,FP,0.8571502379377695,>=,0.05,-1
347,sample4_52h.json,120,141,0,0,TN,0.5524687442053906,>=,0.05,-1
348,sample4_52h.json,121,124,0,0,TN,0.5366796813723045,>=,0.05,-1
349,sample4_52h.json,121,126,0,0,TN,0.5334206335656618,>=,0.05,-1
350,sample4_52h.json,121,136,1,0,FN,0.1824258233799536,>=,0.05,2
351,sample4_52h.json,121,138,0,0,TN,0.7755473632921308,>=,0.05,-1
352,sample4_52h.json,122,125,0,0,TN,0.40357726557351137,>=,0.05,-1
353,sample4_52h.json,122,141,0,0,TN,0.6262562271353417,>=,0.05,-1
354,sample4_52h.json,122,144,0,1,FP,0.6416922277871173,>=,0.05,-1
355,sample4_52h.json,122,145,0,0,TN,0.8676889619160423,>=,0.05,-1
356,sample4_52h.json,123,135,0,0,TN,0.926750335378737,>=,0.05,-1
357,sample4_52h.json,123,143,1,0,FN,0.5372190615670465,>=,0.05,12
358,sample4_52h.json,124,138,0,0,TN,0.20606541113674903,>=,0.05,-1
359,sample4_52h.json,124,152,0,0,TN,0.5253715752010616,>=,0.05,-1
360,sample4_52h.json,124,158,0,1,FP,0.9991037532857651,>=,0.05,-1
362,sample4_52h.json,125,145,0,1,FP,0.29211395721322964,>=,0.05,-1
363,sample4_52h.json,125,151,0,0,TN,0.23646273732832956,>=,0.05,-1
364,sample4_52h.json,126,127,0,0,TN,0.7402994233310218,>=,0.05,-1
365,sample4_52h.json,126,136,0,1,FP,0.8905130468007331,>=,0.05,-1
366,sample4_52h.json,126,142,0,0,TN,0.19531633275901938,>=,0.05,-1
367,sample4_52h.json,126,149,0,0,TN,0.7128333002200049,>=,0.05,-1
368,sample4_52h.json,127,129,0,1,FP,0.9535136001268052,>=,0.05,-1
369,sample4_52h.json,127,137,0,0,TN,0.5634963809730763,>=,0.05,-1
370,sample4_52h.json,127,142,1,0,FN,0.884818917223167,>=,0.05,10
371,sample4_52h.json,127,146,0,0,TN,0.6841529750783123,>=,0.05,-1
372,sample4_52h.json,127,160,0,0,TN,0.6676796337019222,>=,0.05,-1
373,sample4_52h.json,128,134,0,0,TN,0.13522175575559026,>=,0.05,-1
374,sample4_52h.json,128,151,0,0,TN,0.22632641599926928,>=,0.05,-1
375,sample4_52h.json,128,155,0,0,TN,0.23989895614905754,>=,0.05,-1
376,sample4_52h.json,129,130,0,0,TN,0.37180443699558907,>=,0.05,-1
377,sample4_52h.json,129,137,1,0,FN,0.12774860830594315,>=,0.05,12
378,sample4_52h.json,130,133,0,0,TN,0.19481430357295504,>=,0.05,-1
379,sample4_52h.json,130,137,0,1,FP,0.8176344947465493,>=,0.05,-1
380,sample4_52h.json,130,148,0,0,TN,0.26283262040324384,>=,0.05,-1
381,sample4_52h.json,130,150,0,0,TN,0.05877100185586315,>=,0.05,-1
382,sample4_52h.json,131,140,0,0,TN,0.16979547258327155,>=,0.05,-1
383,sample4_52h.json,131,141,1,0,FN,0.24707656222462526,>=,0.05,12
384,sample4_52h.json,131,159,0,0,TN,0.15418602759028144,>=,0.05,-1
385,sample4_52h.json,132,134,0,0,TN,0.33147148022875783,>=,0.05,-1
386,sample4_52h.json,132,135,1,0,FN,0.2962064344940464,>=,0.05,12
387,sample4_52h.json,132,157,0,1,FP,0.7824411569346232,>=,0.05,-1
388,sample4_52h.json,132,161,0,0,TN,0.41178839768115194,>=,0.05,-1
389,sample4_52h.json,133,139,0,0,TN,0.7578229195131959,>=,0.05,-1
390,sample4_52h.json,133,140,0,0,TN,0.7154863917943993,>=,0.05,-1
391,sample4_52h.json,133,147,0,0,TN,0.3366618458793612,>=,0.05,-1
392,sample4_52h.json,133,148,0,0,TN,0.24944744665131258,>=,0.05,-1
393,sample4_52h.json,133,167,0,1,FP,0.9653665549899296,>=,0.05,-1
394,sample4_52h.json,134,155,0,0,TN,0.6583096703700531,>=,0.05,-1
395,sample4_52h.json,134,157,0,0,TN,0.10340642009487111,>=,0.05,-1
396,sample4_52h.json,134,166,0,1,FP,0.7680370209269993,>=,0.05,-1
397,sample4_52h.json,135,143,0,0,TN,0.0298071954355843,>=,0.05,-1
398,sample4_52h.json,135,156,0,0,TN,0.6175199734972713,>=,0.05,-1
399,sample4_52h.json,135,161,0,1,FP,0.870755372948175,>=,0.05,-1
400,sample4_52h.json,136,138,0,0,TN,0.051734820255977976,>=,0.05,-1
401,sample4_52h.json,136,149,0,0,TN,0.5589352242494389,>=,0.05,-1
402,sample4_52h.json,137,146,0,0,TN,0.06195771736365063,>=,0.05,-1
403,sample4_52h.json,138,149,0,1,FP,0.8237235044902146,>=,0.05,-1
404,sample4_52h.json,138,158,0,0,TN,0.7739423284253399,>=,0.05,-1
405,sample4_52h.json,139,140,0,0,TN,0.1492486080026365,>=,0.05,-1
406,sample4_52h.json,139,147,1,0,FN,0.3280574977326881,>=,0.05,14
407,sample4_52h.json,140,147,0,0,TN,0.27267257797918987,>=,0.05,-1
408,sample4_52h.json,140,159,0,1,FP,0.4921640507989409,>=,0.05,-1
409,sample4_52h.json,140,163,0,0,TN,0.5314959436055642,>=,0.05,-1
410,sample4_52h.json,140,167,0,0,TN,0.2767337748930895,>=,0.05,-1
411,sample4_52h.json,140,370,0,0,TN,0.7102954925282717,>=,0.05,-1
412,sample4_52h.json,141,144,0,0,TN,0.19400050335789587,>=,0.05,-1
413,sample4_52h.json,141,159,0,0,TN,0.050348561331060915,>=,0.05,-1
414,sample4_52h.json,141,162,0,1,FP,0.8077115826163902,>=,0.05,-1
415,sample4_52h.json,142,149,0,0,TN,0.16051837829530902,>=,0.05,-1
416,sample4_52h.json,142,160,0,1,FP,0.9537826447741578,>=,0.05,-1
417,sample4_52h.json,143,153,0,1,FP,0.6799202267401282,>=,0.05,-1
418,sample4_52h.json,143,156,0,0,TN,0.3521414323401465,>=,0.05,-1
419,sample4_52h.json,144,145,1,0,FN,0.2502634335089501,>=,0.05,12
420,sample4_52h.json,144,162,0,0,TN,0.43127129643919315,>=,0.05,-1
421,sample4_52h.json,144,169,0,0,TN,0.19079262596961366,>=,0.05,-1
422,sample4_52h.json,145,151,0,0,TN,0.3159738800673768,>=,0.05,-1
423,sample4_52h.json,145,169,0,0,TN,0.19152230584512486,>=,0.05,-1
424,sample4_52h.json,145,170,0,0,TN,0.019700556021818083,>=,0.05,-1
425,sample4_52h.json,146,150,1,0,FN,0.47720732937388965,>=,0.05,14
426,sample4_52h.json,146,160,0,0,TN,0.7441199610566402,>=,0.05,-1
427,sample4_52h.json,148,150,0,1,FP,0.8130392545816701,>=,0.05,-1
428,sample4_52h.json,148,165,0,0,TN,0.2858253005496011,>=,0.05,-1
429,sample4_52h.json,148,167,0,0,TN,0.8305855119210089,>=,0.05,-1
430,sample4_52h.json,149,158,0,0,TN,0.72592052770485,>=,0.05,-1
431,sample4_52h.json,149,160,0,0,TN,0.706412208998607,>=,0.05,-1
433,sample4_52h.json,150,160,0,0,TN,0.46636804646181695,>=,0.05,-1
434,sample4_52h.json,150,165,0,0,TN,0.5297972859675641,>=,0.05,-1
436,sample4_52h.json,151,170,0,0,TN,0.1279212202255975,>=,0.05,-1
437,sample4_52h.json,151,173,0,0,TN,0.8570283762521499,>=,0.05,-1
438,sample4_52h.json,151,174,0,1,FP,0.6557154902475757,>=,0.05,-1
439,sample4_52h.json,152,154,1,0,FN,0.3695624811482424,>=,0.05,4
440,sample4_52h.json,152,158,0,0,TN,0.3974632535316843,>=,0.05,-1
441,sample4_52h.json,152,168,0,1,FP,0.4248846568717175,>=,0.05,-1
443,sample4_52h.json,153,178,0,0,TN,0.418107597996228,>=,0.05,-1
444,sample4_52h.json,153,179,0,0,TN,0.17159305732518038,>=,0.05,-1
445,sample4_52h.json,154,164,0,0,TN,0.22934998776175164,>=,0.05,-1
446,sample4_52h.json,154,168,0,0,TN,0.16428663507458297,>=,0.05,-1
447,sample4_52h.json,155,166,0,0,TN,0.723181009930644,>=,0.05,-1
448,sample4_52h.json,155,173,0,0,TN,0.04519492169126127,>=,0.05,-1
449,sample4_52h.json,155,187,0,1,FP,0.43198678771876764,>=,0.05,-1
450,sample4_52h.json,156,161,0,0,TN,0.04319147856073213,>=,0.05,-1
451,sample4_52h.json,156,178,0,0,TN,0.14476922148203752,>=,0.05,-1
452,sample4_52h.json,157,161,1,0,FN,0.4036249133318416,>=,0.05,12
453,sample4_52h.json,157,166,0,0,TN,0.2394425567978894,>=,0.05,-1
454,sample4_52h.json,157,181,0,0,TN,0.1873539059804833,>=,0.05,-1
455,sample4_52h.json,158,168,0,0,TN,0.45430757656956333,>=,0.05,-1
456,sample4_52h.json,158,172,0,0,TN,0.3583217578409431,>=,0.05,-1
457,sample4_52h.json,158,182,0,0,TN,0.19462664233536986,>=,0.05,-1
458,sample4_52h.json,159,162,0,0,TN,0.2794465860342913,>=,0.05,-1
459,sample4_52h.json,159,163,1,0,FN,0.14204993764871388,>=,0.05,16
460,sample4_52h.json,159,177,0,0,TN,0.5966078397043144,>=,0.05,-1
461,sample4_52h.json,160,165,0,0,TN,0.43830006557410595,>=,0.05,-1
462,sample4_52h.json,160,172,0,0,TN,0.5370667693796356,>=,0.05,-1
463,sample4_52h.json,160,175,0,0,TN,0.5732323023821008,>=,0.05,-1
464,sample4_52h.json,160,176,0,0,TN,0.8671428681512312,>=,0.05,-1
465,sample4_52h.json,161,178,0,0,TN,0.34773281614456686,>=,0.05,-1
466,sample4_52h.json,161,181,0,0,TN,0.5593965532809546,>=,0.05,-1
467,sample4_52h.json,162,169,0,0,TN,0.29856069914747374,>=,0.05,-1
468,sample4_52h.json,162,177,0,0,TN,0.2931458136747541,>=,0.05,-1
469,sample4_52h.json,162,185,0,0,TN,0.4007857293144308,>=,0.05,-1
470,sample4_52h.json,162,186,0,0,TN,0.3526419035505238,>=,0.05,-1
471,sample4_52h.json,163,177,0,1,FP,0.6877323198431193,>=,0.05,-1
472,sample4_52h.json,163,370,0,0,TN,0.4231379084325837,>=,0.05,-1
473,sample4_52h.json,164,168,1,0,FN,0.050035965812800565,>=,0.05,10
474,sample4_52h.json,164,180,0,0,TN,0.00024846868647843134,>=,0.05,-1
475,sample4_52h.json,164,184,0,1,FP,0.42360189714328655,>=,0.05,-1
476,sample4_52h.json,165,167,0,0,TN,0.409861282113245,>=,0.05,-1
477,sample4_52h.json,165,176,0,0,TN,0.5960489280096883,>=,0.05,-1
478,sample4_52h.json,165,183,0,0,TN,0.34076981667191,>=,0.05,-1
479,sample4_52h.json,165,188,0,1,FP,0.8707410979064002,>=,0.05,-1
480,sample4_52h.json,165,189,0,0,TN,0.6117165710227094,>=,0.05,-1
481,sample4_52h.json,165,190,0,0,TN,0.7292840329186214,>=,0.05,-1
482,sample4_52h.json,165,193,0,0,TN,0.1503971503013244,>=,0.05,-1
483,sample4_52h.json,166,181,0,0,TN,0.23864506687610876,>=,0.05,-1
484,sample4_52h.json,166,187,0,0,TN,0.4051532386312797,>=,0.05,-1
485,sample4_52h.json,166,197,0,0,TN,0.6112506886520602,>=,0.05,-1
486,sample4_52h.json,166,198,0,0,TN,0.1775488581674567,>=,0.05,-1
487,sample4_52h.json,167,183,0,0,TN,0.781476174714906,>=,0.05,-1
488,sample4_52h.json,167,369,0,0,TN,0.3263133218767067,>=,0.05,-1
489,sample4_52h.json,167,370,0,0,TN,0.7506257498961748,>=,0.05,-1
490,sample4_52h.json,168,182,0,0,TN,0.6638420095629117,>=,0.05,-1
491,sample4_52h.json,168,184,0,0,TN,0.0896747824450621,>=,0.05,-1
492,sample4_52h.json,169,170,1,1,TP,0.6735137894494659,>=,0.05,8
493,sample4_52h.json,169,186,0,0,TN,0.7985431722386284,>=,0.05,-1
494,sample4_52h.json,169,192,0,0,TN,0.9969572988344927,>=,0.05,-1
495,sample4_52h.json,170,174,0,0,TN,0.3390040416870834,>=,0.05,-1
496,sample4_52h.json,170,192,0,0,TN,0.035870976369345664,>=,0.05,-1
497,sample4_52h.json,170,195,0,0,TN,0.3584900099249124,>=,0.05,-1
498,sample4_52h.json,172,175,0,0,TN,0.5851400405651813,>=,0.05,-1
499,sample4_52h.json,172,182,0,0,TN,0.5408733174396423,>=,0.05,-1
500,sample4_52h.json,172,188,0,0,TN,0.03127624264825435,>=,0.05,-1
501,sample4_52h.json,173,174,1,0,FN,0.03117180009998055,>=,0.05,4
502,sample4_52h.json,173,187,0,0,TN,0.43932386022753744,>=,0.05,-1
503,sample4_52h.json,173,195,0,1,FP,0.8777528091157324,>=,0.05,-1
504,sample4_52h.json,174,195,0,0,TN,0.07139273407808944,>=,0.05,-1
505,sample4_52h.json,175,176,1,1,TP,0.8295892250575696,>=,0.05,12
506,sample4_52h.json,175,188,0,0,TN,0.5361329313409549,>=,0.05,-1
507,sample4_52h.json,176,188,0,0,TN,0.882739423411673,>=,0.05,-1
508,sample4_52h.json,177,185,0,0,TN,0.3563872361129663,>=,0.05,-1
509,sample4_52h.json,177,194,0,0,TN,0.8160043607172573,>=,0.05,-1
510,sample4_52h.json,177,201,0,0,TN,0.5568943132168201,>=,0.05,-1
511,sample4_52h.json,177,202,0,0,TN,0.1565124819933943,>=,0.05,-1
512,sample4_52h.json,177,203,0,0,TN,0.20108158451473646,>=,0.05,-1
513,sample4_52h.json,177,368,0,0,TN,0.970367377090731,>=,0.05,-1
514,sample4_52h.json,177,370,0,0,TN,0.3043229049860948,>=,0.05,-1
515,sample4_52h.json,178,179,0,0,TN,0.043409544353064655,>=,0.05,-1
516,sample4_52h.json,178,181,0,0,TN,0.4410642120088628,>=,0.05,-1
517,sample4_52h.json,178,196,1,1,TP,0.5828081493944122,>=,0.05,12
518,sample4_52h.json,178,200,0,0,TN,0.6911686486284445,>=,0.05,-1
519,sample4_52h.json,179,200,0,0,TN,0.0005868353751119493,>=,0.05,-1
520,sample4_52h.json,179,215,0,0,TN,0.1893485369837825,>=,0.05,-1
521,sample4_52h.json,180,184,1,0,FN,0.005964816770973713,>=,0.05,8
522,sample4_52h.json,181,196,0,0,TN,0.20895560193697327,>=,0.05,-1
523,sample4_52h.json,181,198,0,1,FP,0.6380303866880828,>=,0.05,-1
524,sample4_52h.json,181,205,0,0,TN,0.3054491443910464,>=,0.05,-1
525,sample4_52h.json,182,184,0,0,TN,0.19443187413806162,>=,0.05,-1
526,sample4_52h.json,182,188,0,0,TN,0.7625445226282326,>=,0.05,-1
527,sample4_52h.json,182,206,0,0,TN,0.5333766649588813,>=,0.05,-1
528,sample4_52h.json,182,208,0,1,FP,0.6377662817497307,>=,0.05,-1
529,sample4_52h.json,183,189,0,1,FP,0.8034742036859638,>=,0.05,-1
530,sample4_52h.json,183,369,1,0,FN,0.23764083112100076,>=,0.05,4
531,sample4_52h.json,185,186,0,0,TN,0.05900914239270072,>=,0.05,-1
532,sample4_52h.json,185,194,1,1,TP,0.6635213502091808,>=,0.05,14
533,sample4_52h.json,186,192,0,1,FP,0.7958989889616155,>=,0.05,-1
534,sample4_52h.json,186,194,0,0,TN,0.5176989113330938,>=,0.05,-1
535,sample4_52h.json,186,201,0,0,TN,0.8087767620316426,>=,0.05,-1
536,sample4_52h.json,186,204,0,0,TN,0.3613102244620974,>=,0.05,-1
537,sample4_52h.json,187,195,0,0,TN,0.7151576944686111,>=,0.05,-1
539,sample4_52h.json,187,213,0,0,TN,0.5269332074288846,>=,0.05,-1
540,sample4_52h.json,187,224,0,0,TN,0.32744592972852604,>=,0.05,-1
541,sample4_52h.json,188,190,0,0,TN,0.6704800939693858,>=,0.05,-1
542,sample4_52h.json,188,199,0,0,TN,0.12265590774252833,>=,0.05,-1
543,sample4_52h.json,188,206,0,0,TN,0.4968882532795581,>=,0.05,-1
544,sample4_52h.json,188,207,0,0,TN,0.6933732252022126,>=,0.05,-1
545,sample4_52h.json,188,209,0,0,TN,0.716420831915703,>=,0.05,-1
546,sample4_52h.json,188,210,0,0,TN,0.12034125327489009,>=,0.05,-1
547,sample4_52h.json,188,212,0,0,TN,0.7433948454110552,>=,0.05,-1
548,sample4_52h.json,189,193,0,0,TN,0.10865733193691274,>=,0.05,-1
549,sample4_52h.json,189,219,0,0,TN,0.7974071927821941,>=,0.05,-1
550,sample4_52h.json,189,368,1,0,FN,0.6607362619813703,>=,0.05,12
551,sample4_52h.json,189,369,0,0,TN,0.23876645846698952,>=,0.05,-1
552,sample4_52h.json,190,193,0,0,TN,0.5695464729559149,>=,0.05,-1
553,sample4_52h.json,190,199,1,1,TP,0.9197030905730244,>=,0.05,4
554,sample4_52h.json,192,195,1,0,FN,0.049986291040894026,>=,0.05,8
555,sample4_52h.json,192,204,0,0,TN,0.7121358435380961,>=,0.05,-1
556,sample4_52h.json,192,211,0,0,TN,0.6774348224067008,>=,0.05,-1
557,sample4_52h.json,193,199,0,0,TN,0.6243428106233095,>=,0.05,-1
558,sample4_52h.json,193,207,0,1,FP,0.6292384806808371,>=,0.05,-1
559,sample4_52h.json,193,219,0,0,TN,0.3164995662335851,>=,0.05,-1
560,sample4_52h.json,194,201,0,0,TN,0.022356056104196442,>=,0.05,-1
561,sample4_52h.json,195,211,0,0,TN,0.3852263147220113,>=,0.05,-1
562,sample4_52h.json,195,213,0,0,TN,0.8603280605772534,>=,0.05,-1
563,sample4_52h.json,195,217,0,0,TN,0.5217214800214071,>=,0.05,-1
564,sample4_52h.json,196,200,0,0,TN,0.27309915147849095,>=,0.05,-1
565,sample4_52h.json,196,205,0,0,TN,0.2309572530395324,>=,0.05,-1
566,sample4_52h.json,197,198,0,0,TN,0.5229034882371091,>=,0.05,-1
567,sample4_52h.json,197,214,0,1,FP,0.8138997495488658,>=,0.05,-1
568,sample4_52h.json,197,224,0,0,TN,0.042579999534423374,>=,0.05,-1
569,sample4_52h.json,197,228,0,0,TN,0.08516640767847727,>=,0.05,-1
570,sample4_52h.json,198,205,0,0,TN,0.48103593924038646,>=,0.05,-1
571,sample4_52h.json,198,214,1,0,FN,0.7736798103833581,>=,0.05,6
572,sample4_52h.json,199,207,0,0,TN,0.6701114512008352,>=,0.05,-1
573,sample4_52h.json,200,205,0,0,TN,0.6428694663177291,>=,0.05,-1
574,sample4_52h.json,200,215,1,1,TP,0.7986544375311322,>=,0.05,16
575,sample4_52h.json,200,220,0,0,TN,0.21170570404125677,>=,0.05,-1
576,sample4_52h.json,201,203,0,0,TN,0.5516068065417963,>=,0.05,-1
577,sample4_52h.json,201,204,1,0,FN,0.41900272946690875,>=,0.05,14
578,sample4_52h.json,201,223,0,1,FP,0.8133205595095209,>=,0.05,-1
579,sample4_52h.json,202,203,1,1,TP,0.9669221832670514,>=,0.05,14
580,sample4_52h.json,202,216,0,0,TN,0.8262237464510662,>=,0.05,-1
581,sample4_52h.json,202,368,0,0,TN,0.5644715735168103,>=,0.05,-1
582,sample4_52h.json,203,216,0,0,TN,0.9188831777940106,>=,0.05,-1
583,sample4_52h.json,203,223,0,0,TN,0.11019309594943438,>=,0.05,-1
584,sample4_52h.json,203,229,0,0,TN,0.5793903612595421,>=,0.05,-1
585,sample4_52h.json,203,231,0,0,TN,0.8933323745163723,>=,0.05,-1
586,sample4_52h.json,203,232,0,0,TN,0.6495317073809459,>=,0.05,-1
587,sample4_52h.json,204,211,0,1,FP,0.5967490268438574,>=,0.05,-1
588,sample4_52h.json,204,223,0,0,TN,0.5076082253777628,>=,0.05,-1
589,sample4_52h.json,204,225,0,0,TN,0.08691438617077096,>=,0.05,-1
590,sample4_52h.json,205,214,0,0,TN,0.1270116939889695,>=,0.05,-1
591,sample4_52h.json,205,220,0,1,FP,0.7529723591663607,>=,0.05,-1
593,sample4_52h.json,206,208,0,0,TN,0.240772826669588,>=,0.05,-1
594,sample4_52h.json,206,212,0,1,FP,0.7999883610295819,>=,0.05,-1
595,sample4_52h.json,206,236,0,0,TN,0.0943355429940198,>=,0.05,-1
596,sample4_52h.json,207,209,1,0,FN,0.7714711212610652,>=,0.05,12
597,sample4_52h.json,207,219,0,0,TN,0.44343997087572806,>=,0.05,-1
598,sample4_52h.json,209,210,0,1,FP,0.80385004249657,>=,0.05,-1
599,sample4_52h.json,209,219,0,0,TN,0.014618204698610193,>=,0.05,-1
600,sample4_52h.json,209,227,0,0,TN,0.7505887778942796,>=,0.05,-1
601,sample4_52h.json,209,235,0,0,TN,0.4112735761724646,>=,0.05,-1
602,sample4_52h.json,210,212,0,0,TN,0.9694582719786945,>=,0.05,-1
603,sample4_52h.json,210,226,1,0,FN,0.25151993393732475,>=,0.05,12
604,sample4_52h.json,210,227,0,0,TN,0.4061770671129197,>=,0.05,-1
606,sample4_52h.json,211,225,0,0,TN,0.6653187929056382,>=,0.05,-1
607,sample4_52h.json,211,238,0,0,TN,0.705807945994967,>=,0.05,-1
608,sample4_52h.json,212,226,0,0,TN,0.6878650977299374,>=,0.05,-1
609,sample4_52h.json,212,235,0,0,TN,0.8313360738786024,>=,0.05,-1
610,sample4_52h.json,212,236,0,0,TN,0.9368826556403602,>=,0.05,-1
611,sample4_52h.json,213,217,0,0,TN,0.7225913830530272,>=,0.05,-1
612,sample4_52h.json,213,224,0,1,FP,0.5134331340555593,>=,0.05,-1
613,sample4_52h.json,213,233,1,0,FN,0.7466415462360769,>=,0.05,2
614,sample4_52h.json,214,222,0,0,TN,0.9814219653050732,>=,0.05,-1
615,sample4_52h.json,214,228,0,0,TN,0.0039572472935712755,>=,0.05,-1
616,sample4_52h.json,215,220,0,0,TN,0.7641755379784954,>=,0.05,-1
617,sample4_52h.json,215,230,0,0,TN,0.43259730730305723,>=,0.05,-1
618,sample4_52h.json,216,218,0,1,FP,0.683823211598652,>=,0.05,-1
619,sample4_52h.json,216,221,0,0,TN,0.21607431710140834,>=,0.05,-1
620,sample4_52h.json,216,231,0,0,TN,0.22878635563959693,>=,0.05,-1
621,sample4_52h.json,216,234,0,0,TN,0.7727939925633303,>=,0.05,-1
622,sample4_52h.json,216,368,0,0,TN,0.7605632317860752,>=,0.05,-1
623,sample4_52h.json,217,233,0,1,FP,0.6639548434303711,>=,0.05,-1
624,sample4_52h.json,217,238,0,0,TN,0.04398584879651812,>=,0.05,-1
625,sample4_52h.json,217,244,0,0,TN,0.43826823924147007,>=,0.05,-1
626,sample4_52h.json,217,251,0,0,TN,0.2623611814438549,>=,0.05,-1
627,sample4_52h.json,218,221,1,0,FN,0.061778712284811466,>=,0.05,10
628,sample4_52h.json,218,368,0,0,TN,0.20183427322301928,>=,0.05,-1
629,sample4_52h.json,219,221,0,0,TN,0.6349517504287567,>=,0.05,-1
630,sample4_52h.json,219,234,0,0,TN,0.31570437565698806,>=,0.05,-1
631,sample4_52h.json,219,235,0,1,FP,0.8551560604584948,>=,0.05,-1
632,sample4_52h.json,219,237,0,0,TN,0.7135453117778526,>=,0.05,-1
633,sample4_52h.json,219,242,0,0,TN,0.23180548047068972,>=,0.05,-1
634,sample4_52h.json,219,368,0,0,TN,0.8725660821007453,>=,0.05,-1
635,sample4_52h.json,220,222,0,0,TN,0.058565227951151044,>=,0.05,-1
636,sample4_52h.json,220,230,1,0,FN,0.3646247557629687,>=,0.05,14
637,sample4_52h.json,220,239,0,0,TN,0.5641428678175157,>=,0.05,-1
638,sample4_52h.json,220,245,0,0,TN,0.5748200409649581,>=,0.05,-1
639,sample4_52h.json,221,234,0,0,TN,0.09013058610566682,>=,0.05,-1
640,sample4_52h.json,221,368,0,1,FP,0.7204619353651508,>=,0.05,-1
641,sample4_52h.json,222,228,0,1,FP,0.9481553001454784,>=,0.05,-1
642,sample4_52h.json,222,239,0,0,TN,0.7216267091141819,>=,0.05,-1
643,sample4_52h.json,223,225,1,0,FN,0.5976019151773864,>=,0.05,10
644,sample4_52h.json,223,229,0,0,TN,0.27838376974029266,>=,0.05,-1
645,sample4_52h.json,224,228,0,0,TN,0.35346621104269593,>=,0.05,-1
646,sample4_52h.json,224,233,0,0,TN,0.029497395306074536,>=,0.05,-1
647,sample4_52h.json,224,241,0,0,TN,0.2717676657355601,>=,0.05,-1
648,sample4_52h.json,224,253,0,0,TN,0.5888029224298642,>=,0.05,-1
649,sample4_52h.json,225,229,0,1,FP,0.5193144386648948,>=,0.05,-1
650,sample4_52h.json,225,238,0,0,TN,0.12312211126542227,>=,0.05,-1
651,sample4_52h.json,225,240,0,0,TN,0.3452672532739268,>=,0.05,-1
652,sample4_52h.json,226,227,0,1,FP,0.5513366397266433,>=,0.05,-1
653,sample4_52h.json,226,235,0,0,TN,0.5253240325514401,>=,0.05,-1
654,sample4_52h.json,227,235,0,0,TN,0.13728542633773377,>=,0.05,-1
655,sample4_52h.json,228,239,0,0,TN,0.8309071297207595,>=,0.05,-1
657,sample4_52h.json,228,249,0,0,TN,0.8570184815159155,>=,0.05,-1
658,sample4_52h.json,229,232,0,0,TN,0.8583310926689939,>=,0.05,-1
659,sample4_52h.json,229,240,0,0,TN,0.6387267765019435,>=,0.05,-1
660,sample4_52h.json,229,250,0,0,TN,0.7628549726793618,>=,0.05,-1
661,sample4_52h.json,230,245,0,1,FP,0.7901500032592929,>=,0.05,-1
662,sample4_52h.json,231,232,0,0,TN,0.4976264679196497,>=,0.05,-1
663,sample4_52h.json,231,234,0,0,TN,0.16505523649974785,>=,0.05,-1
664,sample4_52h.json,231,243,0,0,TN,0.3915447060282985,>=,0.05,-1
665,sample4_52h.json,231,254,0,1,FP,0.6821113291389241,>=,0.05,-1
666,sample4_52h.json,231,256,0,0,TN,0.7403397898708426,>=,0.05,-1
667,sample4_52h.json,231,263,0,0,TN,0.11145274607494238,>=,0.05,-1
668,sample4_52h.json,232,250,0,0,TN,0.1163513454020243,>=,0.05,-1
669,sample4_52h.json,232,256,0,0,TN,0.33544757398350356,>=,0.05,-1
670,sample4_52h.json,232,259,0,1,FP,0.982905185041549,>=,0.05,-1
671,sample4_52h.json,233,244,0,0,TN,0.14016999243330353,>=,0.05,-1
672,sample4_52h.json,233,253,0,0,TN,0.0437307033553771,>=,0.05,-1
673,sample4_52h.json,234,237,0,0,TN,0.20232032339334183,>=,0.05,-1
674,sample4_52h.json,234,243,0,1,FP,0.7454782371485874,>=,0.05,-1
675,sample4_52h.json,234,248,0,0,TN,0.9422409649568426,>=,0.05,-1
676,sample4_52h.json,234,254,0,0,TN,0.03462761895377686,>=,0.05,-1
677,sample4_52h.json,234,257,0,0,TN,0.07619631941367333,>=,0.05,-1
678,sample4_52h.json,235,236,0,0,TN,0.755499905008375,>=,0.05,-1
679,sample4_52h.json,235,242,0,0,TN,0.43480376511436325,>=,0.05,-1
680,sample4_52h.json,235,246,0,0,TN,0.14813824848676727,>=,0.05,-1
681,sample4_52h.json,235,247,0,0,TN,0.8174971648593776,>=,0.05,-1
682,sample4_52h.json,235,252,0,0,TN,0.11759326143496962,>=,0.05,-1
683,sample4_52h.json,235,255,0,0,TN,0.4580894323309991,>=,0.05,-1
684,sample4_52h.json,236,246,0,0,TN,0.2292136266860464,>=,0.05,-1
685,sample4_52h.json,236,258,0,1,FP,0.8534500014038884,>=,0.05,-1
686,sample4_52h.json,236,262,0,0,TN,0.4437408545018027,>=,0.05,-1
687,sample4_52h.json,237,242,0,1,FP,0.9429520451628938,>=,0.05,-1
688,sample4_52h.json,237,248,1,0,FN,0.6738140082201963,>=,0.05,8
689,sample4_52h.json,238,240,1,0,FN,0.13580740799440438,>=,0.05,2
690,sample4_52h.json,238,251,0,0,TN,0.48132324691040695,>=,0.05,-1
691,sample4_52h.json,238,260,0,1,FP,0.8344765460680944,>=,0.05,-1
692,sample4_52h.json,239,245,1,0,FN,0.13992004498538535,>=,0.05,12
693,sample4_52h.json,239,249,0,1,FP,0.7828199582851741,>=,0.05,-1
694,sample4_52h.json,240,250,0,1,FP,0.9988649245287295,>=,0.05,-1
695,sample4_52h.json,240,260,0,0,TN,0.2674187462713047,>=,0.05,-1
696,sample4_52h.json,241,249,0,0,TN,0.18289286289940898,>=,0.05,-1
697,sample4_52h.json,241,253,0,1,FP,0.6479325804976335,>=,0.05,-1
698,sample4_52h.json,241,266,0,0,TN,0.1063029239732799,>=,0.05,-1
699,sample4_52h.json,242,248,0,0,TN,0.7916525527431907,>=,0.05,-1
700,sample4_52h.json,242,255,0,0,TN,0.1798691333161927,>=,0.05,-1
701,sample4_52h.json,242,261,0,0,TN,0.5716249922469234,>=,0.05,-1
702,sample4_52h.json,242,267,0,0,TN,0.027710001414813057,>=,0.05,-1
703,sample4_52h.json,243,254,1,0,FN,0.19311266854891362,>=,0.05,6
704,sample4_52h.json,244,251,1,1,TP,0.6958287739640553,>=,0.05,2
705,sample4_52h.json,244,253,0,0,TN,0.60907016510463,>=,0.05,-1
706,sample4_52h.json,244,268,0,0,TN,0.14129910354084552,>=,0.05,-1
707,sample4_52h.json,245,249,0,0,TN,0.19013254342163477,>=,0.05,-1
708,sample4_52h.json,245,265,0,0,TN,0.7343743534003256,>=,0.05,-1
709,sample4_52h.json,246,247,1,1,TP,0.9988404878854376,>=,0.05,6
710,sample4_52h.json,246,252,0,0,TN,0.2635516334724919,>=,0.05,-1
711,sample4_52h.json,246,262,0,0,TN,0.7930537080384945,>=,0.05,-1
712,sample4_52h.json,246,264,0,0,TN,0.056427138556828904,>=,0.05,-1
713,sample4_52h.json,247,252,0,0,TN,0.47144067964555647,>=,0.05,-1
714,sample4_52h.json,248,257,0,1,FP,0.9243095032492025,>=,0.05,-1
715,sample4_52h.json,248,261,0,0,TN,0.5975523391277142,>=,0.05,-1
717,sample4_52h.json,249,266,0,0,TN,0.3494327691883844,>=,0.05,-1
718,sample4_52h.json,249,273,0,0,TN,0.7194011379431268,>=,0.05,-1
719,sample4_52h.json,250,259,0,0,TN,0.569634112741505,>=,0.05,-1
720,sample4_52h.json,250,260,1,0,FN,0.5049314830889067,>=,0.05,16
721,sample4_52h.json,251,260,0,0,TN,0.8125624293822684,>=,0.05,-1
722,sample4_52h.json,251,268,0,0,TN,0.7797707444885885,>=,0.05,-1
723,sample4_52h.json,251,274,0,0,TN,0.4416206587674776,>=,0.05,-1
724,sample4_52h.json,251,279,0,0,TN,0.6689748430932025,>=,0.05,-1
725,sample4_52h.json,252,255,0,0,TN,0.5885763016113271,>=,0.05,-1
726,sample4_52h.json,252,264,0,0,TN,0.337810555258953,>=,0.05,-1
727,sample4_52h.json,253,266,0,0,TN,0.18004731559154197,>=,0.05,-1
728,sample4_52h.json,253,268,0,0,TN,0.5533544518011959,>=,0.05,-1
730,sample4_52h.json,254,257,0,0,TN,0.32367452692191134,>=,0.05,-1
731,sample4_52h.json,254,263,0,0,TN,0.7636878074019355,>=,0.05,-1
732,sample4_52h.json,255,264,0,0,TN,0.8445799014629709,>=,0.05,-1
733,sample4_52h.json,255,267,0,1,FP,0.6598104996714784,>=,0.05,-1
734,sample4_52h.json,255,270,0,0,TN,0.26167533842895985,>=,0.05,-1
735,sample4_52h.json,255,271,0,0,TN,0.4873731511759488,>=,0.05,-1
736,sample4_52h.json,255,278,0,0,TN,0.9357786670487674,>=,0.05,-1
737,sample4_52h.json,255,287,0,0,TN,0.43071467363014404,>=,0.05,-1
738,sample4_52h.json,256,259,0,0,TN,0.28949776025903784,>=,0.05,-1
739,sample4_52h.json,256,263,0,0,TN,0.7926502368218714,>=,0.05,-1
740,sample4_52h.json,256,269,1,1,TP,0.9593271935836645,>=,0.05,8
741,sample4_52h.json,257,261,0,0,TN,0.5771901259931848,>=,0.05,-1
742,sample4_52h.json,257,263,0,0,TN,0.6117846804342152,>=,0.05,-1
743,sample4_52h.json,257,272,0,0,TN,0.58090273071662,>=,0.05,-1
744,sample4_52h.json,257,275,0,0,TN,0.6080680124782896,>=,0.05,-1
745,sample4_52h.json,259,260,0,0,TN,0.7747501136567065,>=,0.05,-1
746,sample4_52h.json,259,263,0,0,TN,0.4256369414215494,>=,0.05,-1
747,sample4_52h.json,259,269,0,0,TN,0.5116579119328246,>=,0.05,-1
748,sample4_52h.json,259,281,0,0,TN,0.12043541104698186,>=,0.05,-1
749,sample4_52h.json,259,283,0,0,TN,0.512708496463693,>=,0.05,-1
750,sample4_52h.json,259,286,0,0,TN,0.8549781904799337,>=,0.05,-1
751,sample4_52h.json,260,274,0,0,TN,0.08486668449181689,>=,0.05,-1
752,sample4_52h.json,260,276,0,0,TN,0.9075201467381748,>=,0.05,-1
753,sample4_52h.json,260,281,0,0,TN,0.13842961076564753,>=,0.05,-1
754,sample4_52h.json,260,282,0,0,TN,0.45407171655812384,>=,0.05,-1
755,sample4_52h.json,261,267,1,0,FN,0.5773956083007801,>=,0.05,16
756,sample4_52h.json,261,270,0,1,FP,0.979465941772093,>=,0.05,-1
757,sample4_52h.json,261,275,0,0,TN,0.6800019536833493,>=,0.05,-1
758,sample4_52h.json,262,264,0,1,FP,0.5948313642671751,>=,0.05,-1
759,sample4_52h.json,263,269,0,0,TN,0.6397849783567636,>=,0.05,-1
760,sample4_52h.json,263,272,1,0,FN,0.36298658157220354,>=,0.05,10
761,sample4_52h.json,263,286,0,1,FP,0.9690864861181206,>=,0.05,-1
762,sample4_52h.json,263,295,0,0,TN,0.9456047378501654,>=,0.05,-1
763,sample4_52h.json,263,297,0,0,TN,0.27969166642570564,>=,0.05,-1
764,sample4_52h.json,264,271,0,0,TN,0.05642562553603492,>=,0.05,-1
765,sample4_52h.json,264,280,0,0,TN,0.21744308705662652,>=,0.05,-1
766,sample4_52h.json,265,273,0,0,TN,0.05125895413379522,>=,0.05,-1
767,sample4_52h.json,265,294,0,1,FP,0.8606348095686128,>=,0.05,-1
769,sample4_52h.json,266,277,0,0,TN,0.35653444512554,>=,0.05,-1
770,sample4_52h.json,266,291,0,1,FP,0.8966104810221026,>=,0.05,-1
771,sample4_52h.json,266,296,0,0,TN,0.5016447952209653,>=,0.05,-1
772,sample4_52h.json,267,270,0,0,TN,0.06039117328607557,>=,0.05,-1
773,sample4_52h.json,268,277,0,1,FP,0.8751924048812185,>=,0.05,-1
774,sample4_52h.json,268,279,0,0,TN,0.22195901413712915,>=,0.05,-1
775,sample4_52h.json,268,288,0,0,TN,0.7219980255494568,>=,0.05,-1
776,sample4_52h.json,268,290,0,0,TN,0.03418316907519514,>=,0.05,-1
777,sample4_52h.json,270,275,0,0,TN,0.02257605469785906,>=,0.05,-1
778,sample4_52h.json,270,284,0,0,TN,0.34186921569307294,>=,0.05,-1
779,sample4_52h.json,270,287,0,0,TN,0.5460456103820622,>=,0.05,-1
780,sample4_52h.json,271,278,1,0,FN,0.8203141153081721,>=,0.05,2
781,sample4_52h.json,271,280,0,1,FP,0.9558064047948812,>=,0.05,-1
782,sample4_52h.json,271,285,0,0,TN,0.050413897350451986,>=,0.05,-1
783,sample4_52h.json,272,275,0,0,TN,0.19156880217186156,>=,0.05,-1
784,sample4_52h.json,272,295,0,0,TN,0.6034745582294528,>=,0.05,-1
785,sample4_52h.json,273,294,0,0,TN,0.5123299824968094,>=,0.05,-1
786,sample4_52h.json,273,296,0,1,FP,0.45906189476824555,>=,0.05,-1
787,sample4_52h.json,274,276,0,0,TN,0.8691105486011869,>=,0.05,-1
788,sample4_52h.json,274,279,1,1,TP,0.802482913133894,>=,0.05,10
789,sample4_52h.json,274,289,0,0,TN,0.45266317465708894,>=,0.05,-1
790,sample4_52h.json,274,303,0,0,TN,0.21909374642888624,>=,0.05,-1
791,sample4_52h.json,274,307,0,0,TN,0.02994173892459362,>=,0.05,-1
792,sample4_52h.json,275,284,1,0,FN,0.34877685264428215,>=,0.05,6
793,sample4_52h.json,275,295,0,1,FP,0.7779497185667522,>=,0.05,-1
794,sample4_52h.json,275,300,0,0,TN,0.080914479344532,>=,0.05,-1
795,sample4_52h.json,276,282,0,0,TN,0.7864077410392537,>=,0.05,-1
796,sample4_52h.json,276,289,0,0,TN,0.1888384748793105,>=,0.05,-1
797,sample4_52h.json,276,293,0,1,FP,0.9042186538756599,>=,0.05,-1
798,sample4_52h.json,277,288,0,0,TN,0.12321743024049248,>=,0.05,-1
799,sample4_52h.json,277,291,0,0,TN,0.3216584825868235,>=,0.05,-1
800,sample4_52h.json,278,285,0,0,TN,0.3187456469063612,>=,0.05,-1
801,sample4_52h.json,278,287,0,1,FP,0.9976487615617867,>=,0.05,-1
802,sample4_52h.json,278,298,0,0,TN,0.3592109009138904,>=,0.05,-1
803,sample4_52h.json,279,290,0,0,TN,0.7439424093235989,>=,0.05,-1
804,sample4_52h.json,279,304,0,0,TN,0.3442798138695946,>=,0.05,-1
805,sample4_52h.json,279,307,0,0,TN,0.45904960481435,>=,0.05,-1
807,sample4_52h.json,280,305,0,0,TN,0.6414682239255933,>=,0.05,-1
808,sample4_52h.json,281,282,1,0,FN,0.510906791158123,>=,0.05,8
809,sample4_52h.json,281,283,0,0,TN,0.22550456054765977,>=,0.05,-1
810,sample4_52h.json,281,292,0,0,TN,0.16692365510675833,>=,0.05,-1
811,sample4_52h.json,281,302,0,1,FP,0.943695301007131,>=,0.05,-1
812,sample4_52h.json,281,306,0,0,TN,0.6018597739206101,>=,0.05,-1
813,sample4_52h.json,282,293,0,0,TN,0.45275941416566146,>=,0.05,-1
814,sample4_52h.json,282,303,0,0,TN,0.42764328645557237,>=,0.05,-1
815,sample4_52h.json,282,306,0,1,FP,0.9102608384427305,>=,0.05,-1
816,sample4_52h.json,283,286,0,0,TN,0.23542271752378396,>=,0.05,-1
817,sample4_52h.json,283,292,1,1,TP,0.2213300088563963,>=,0.05,10
818,sample4_52h.json,283,299,0,0,TN,0.7106267146432914,>=,0.05,-1
819,sample4_52h.json,284,287,0,0,TN,0.35573561467045356,>=,0.05,-1
820,sample4_52h.json,284,300,0,1,FP,0.5744871318116062,>=,0.05,-1
821,sample4_52h.json,285,298,0,0,TN,0.22677417341319228,>=,0.05,-1
822,sample4_52h.json,285,305,0,1,FP,0.9278774982657707,>=,0.05,-1
823,sample4_52h.json,286,297,0,0,TN,0.8250855062930842,>=,0.05,-1
824,sample4_52h.json,286,299,1,0,FN,0.8200277683169461,>=,0.05,12
825,sample4_52h.json,286,301,0,0,TN,0.04218202790669401,>=,0.05,-1
826,sample4_52h.json,286,309,0,0,TN,0.020881750849962577,>=,0.05,-1
827,sample4_52h.json,287,298,0,0,TN,0.07110745679500097,>=,0.05,-1
828,sample4_52h.json,287,300,0,0,TN,0.34421133129272086,>=,0.05,-1
829,sample4_52h.json,287,312,0,0,TN,0.32501142426781515,>=,0.05,-1
830,sample4_52h.json,287,313,0,0,TN,0.8510341020301643,>=,0.05,-1
831,sample4_52h.json,287,325,0,0,TN,0.8422414449499556,>=,0.05,-1
832,sample4_52h.json,288,290,0,1,FP,0.8347897017278743,>=,0.05,-1
833,sample4_52h.json,288,291,0,0,TN,0.4830261858334107,>=,0.05,-1
834,sample4_52h.json,288,310,1,0,FN,0.5589287267732117,>=,0.05,8
835,sample4_52h.json,289,293,1,0,FN,0.43640660392014197,>=,0.05,6
836,sample4_52h.json,289,303,0,1,FP,0.3693873415577319,>=,0.05,-1
837,sample4_52h.json,290,304,0,0,TN,0.08491395235892052,>=,0.05,-1
838,sample4_52h.json,290,310,0,0,TN,0.8015104957972687,>=,0.05,-1
839,sample4_52h.json,290,317,0,0,TN,0.5801138080966006,>=,0.05,-1
840,sample4_52h.json,290,328,0,0,TN,0.5454250234133969,>=,0.05,-1
841,sample4_52h.json,290,331,0,0,TN,0.5288723979662193,>=,0.05,-1
842,sample4_52h.json,291,296,0,0,TN,0.16126667055549604,>=,0.05,-1
843,sample4_52h.json,291,310,0,0,TN,0.8287789105232984,>=,0.05,-1
844,sample4_52h.json,291,318,0,0,TN,0.6760120070696686,>=,0.05,-1
845,sample4_52h.json,292,299,0,0,TN,0.44640568908896217,>=,0.05,-1
846,sample4_52h.json,292,302,0,0,TN,0.3546429435481566,>=,0.05,-1
847,sample4_52h.json,293,303,0,0,TN,0.07182111458323437,>=,0.05,-1
848,sample4_52h.json,294,296,1,0,FN,0.8628138516808243,>=,0.05,10
849,sample4_52h.json,294,311,0,0,TN,0.6235739834111756,>=,0.05,-1
850,sample4_52h.json,294,316,0,0,TN,0.7650320357561967,>=,0.05,-1
851,sample4_52h.json,295,297,0,0,TN,0.8625498239746539,>=,0.05,-1
852,sample4_52h.json,295,300,0,0,TN,0.35141074940002337,>=,0.05,-1
853,sample4_52h.json,295,308,0,0,TN,0.40611426248831495,>=,0.05,-1
854,sample4_52h.json,295,309,0,0,TN,0.9153466846195478,>=,0.05,-1
855,sample4_52h.json,295,314,1,0,FN,0.1079934926870264,>=,0.05,6
856,sample4_52h.json,295,321,0,0,TN,0.4476083914045418,>=,0.05,-1
857,sample4_52h.json,295,324,0,0,TN,0.6438367725710195,>=,0.05,-1
858,sample4_52h.json,296,316,0,0,TN,0.13971264691474194,>=,0.05,-1
859,sample4_52h.json,296,318,0,0,TN,0.33582900918678216,>=,0.05,-1
860,sample4_52h.json,297,301,1,0,FN,0.2640336618422987,>=,0.05,10
861,sample4_52h.json,297,309,0,1,FP,0.9468788227314495,>=,0.05,-1
862,sample4_52h.json,298,305,0,0,TN,0.0011504636251643552,>=,0.05,-1
863,sample4_52h.json,298,313,1,0,FN,0.20103635985692214,>=,0.05,12
864,sample4_52h.json,299,302,0,0,TN,0.9838276690283618,>=,0.05,-1
865,sample4_52h.json,299,309,0,0,TN,0.29276435958949953,>=,0.05,-1
866,sample4_52h.json,299,319,0,0,TN,0.20417636628420566,>=,0.05,-1
867,sample4_52h.json,299,322,0,1,FP,0.8184587363096656,>=,0.05,-1
869,sample4_52h.json,300,312,0,0,TN,0.7761953188975921,>=,0.05,-1
870,sample4_52h.json,301,309,0,0,TN,0.391379055196285,>=,0.05,-1
871,sample4_52h.json,302,306,0,0,TN,0.436751999270238,>=,0.05,-1
872,sample4_52h.json,302,315,0,0,TN,0.325645469024364,>=,0.05,-1
873,sample4_52h.json,302,319,0,0,TN,0.8324129394162513,>=,0.05,-1
874,sample4_52h.json,303,306,0,0,TN,0.1603889883650369,>=,0.05,-1
876,sample4_52h.json,303,327,0,0,TN,0.5160390030914762,>=,0.05,-1
877,sample4_52h.json,303,332,0,0,TN,0.3377991421932822,>=,0.05,-1
878,sample4_52h.json,304,307,0,0,TN,0.042727155262093586,>=,0.05,-1
879,sample4_52h.json,304,317,1,1,TP,0.8925513426548509,>=,0.05,2
880,sample4_52h.json,305,313,0,0,TN,0.36087838752298096,>=,0.05,-1
881,sample4_52h.json,305,320,0,0,TN,0.5263893960091041,>=,0.05,-1
882,sample4_52h.json,305,329,0,0,TN,0.3318236092050132,>=,0.05,-1
883,sample4_52h.json,306,315,1,0,FN,0.17840288412338923,>=,0.05,10
884,sample4_52h.json,306,327,0,0,TN,0.5140473736305399,>=,0.05,-1
885,sample4_52h.json,307,317,0,0,TN,0.4658098095875619,>=,0.05,-1
886,sample4_52h.json,307,326,0,0,TN,0.7410508900742356,>=,0.05,-1
887,sample4_52h.json,307,332,0,1,FP,0.7955328256758063,>=,0.05,-1
888,sample4_52h.json,308,312,0,1,FP,0.6434350180727908,>=,0.05,-1
889,sample4_52h.json,308,314,0,0,TN,0.07970052214042245,>=,0.05,-1
890,sample4_52h.json,308,323,0,0,TN,0.24934107604711375,>=,0.05,-1
891,sample4_52h.json,309,321,0,0,TN,0.1782434994594908,>=,0.05,-1
892,sample4_52h.json,309,322,0,0,TN,0.051722645106049514,>=,0.05,-1
893,sample4_52h.json,310,318,0,1,FP,0.7210528537145383,>=,0.05,-1
894,sample4_52h.json,310,328,0,0,TN,0.33058443141608185,>=,0.05,-1
895,sample4_52h.json,310,330,0,0,TN,0.5168468104343983,>=,0.05,-1
896,sample4_52h.json,311,316,1,1,TP,0.4912482210837691,>=,0.05,10
897,sample4_52h.json,311,338,0,0,TN,0.4340271746547427,>=,0.05,-1
898,sample4_52h.json,312,323,0,0,TN,0.9284232588642564,>=,0.05,-1
899,sample4_52h.json,312,325,0,0,TN,0.5369952915173541,>=,0.05,-1
900,sample4_52h.json,312,333,1,0,FN,0.13816203904149849,>=,0.05,10
901,sample4_52h.json,313,320,0,0,TN,0.09072624275682717,>=,0.05,-1
902,sample4_52h.json,313,325,0,1,FP,0.48101228977471966,>=,0.05,-1
903,sample4_52h.json,314,323,0,0,TN,0.11229439470900981,>=,0.05,-1
904,sample4_52h.json,314,324,0,1,FP,0.6027260440346283,>=,0.05,-1
905,sample4_52h.json,315,319,0,0,TN,0.5041436026526285,>=,0.05,-1
906,sample4_52h.json,315,327,0,1,FP,0.8457933186827467,>=,0.05,-1
907,sample4_52h.json,316,318,0,0,TN,0.6493769324422571,>=,0.05,-1
908,sample4_52h.json,316,338,0,0,TN,0.9083703559209554,>=,0.05,-1
909,sample4_52h.json,317,326,0,0,TN,0.6598845434086141,>=,0.05,-1
910,sample4_52h.json,317,331,0,0,TN,0.8199644775310044,>=,0.05,-1
911,sample4_52h.json,318,330,0,0,TN,0.5612093729631317,>=,0.05,-1
912,sample4_52h.json,318,338,0,0,TN,0.4768433198504396,>=,0.05,-1
914,sample4_52h.json,319,322,1,0,FN,0.8038455588286086,>=,0.05,10
915,sample4_52h.json,319,327,0,0,TN,0.862527249030598,>=,0.05,-1
916,sample4_52h.json,319,336,0,0,TN,0.54415965882672,>=,0.05,-1
917,sample4_52h.json,319,339,0,1,FP,0.8951832807224562,>=,0.05,-1
918,sample4_52h.json,320,325,0,0,TN,0.5273595108952839,>=,0.05,-1
919,sample4_52h.json,320,329,1,1,TP,0.7112614816076605,>=,0.05,2
920,sample4_52h.json,321,322,0,0,TN,0.2976703444768255,>=,0.05,-1
921,sample4_52h.json,321,324,0,0,TN,0.8185043151432096,>=,0.05,-1
922,sample4_52h.json,321,334,0,0,TN,0.06297221211669468,>=,0.05,-1
923,sample4_52h.json,321,342,0,1,FP,0.6507217801898906,>=,0.05,-1
924,sample4_52h.json,321,345,0,0,TN,0.8471794720563196,>=,0.05,-1
925,sample4_52h.json,322,339,0,0,TN,0.16981416082560852,>=,0.05,-1
926,sample4_52h.json,322,342,0,0,TN,0.1598431589059509,>=,0.05,-1
927,sample4_52h.json,322,346,0,0,TN,0.0003381350606673772,>=,0.05,-1
928,sample4_52h.json,323,324,0,0,TN,0.3857543891642037,>=,0.05,-1
929,sample4_52h.json,323,333,0,0,TN,0.33176087182711267,>=,0.05,-1
930,sample4_52h.json,323,335,0,1,FP,0.9017443644044474,>=,0.05,-1
931,sample4_52h.json,323,341,0,0,TN,0.9057499170057999,>=,0.05,-1
932,sample4_52h.json,323,344,0,0,TN,0.6624835553622477,>=,0.05,-1
933,sample4_52h.json,323,348,0,0,TN,0.629398742241018,>=,0.05,-1
934,sample4_52h.json,324,334,1,0,FN,0.8795074293828571,>=,0.05,12
935,sample4_52h.json,324,344,0,0,TN,0.6591061876683338,>=,0.05,-1
936,sample4_52h.json,325,333,0,0,TN,0.1454321581903072,>=,0.05,-1
937,sample4_52h.json,325,337,0,0,TN,0.19146923614149514,>=,0.05,-1
938,sample4_52h.json,326,328,0,0,TN,0.3235643308724817,>=,0.05,-1
939,sample4_52h.json,326,331,0,1,FP,0.832938787564736,>=,0.05,-1
940,sample4_52h.json,326,332,0,0,TN,0.8885341369159843,>=,0.05,-1
941,sample4_52h.json,326,340,0,0,TN,0.7398517169709159,>=,0.05,-1
942,sample4_52h.json,326,351,0,0,TN,0.7821778026650156,>=,0.05,-1
943,sample4_52h.json,327,332,0,0,TN,0.09449088032435538,>=,0.05,-1
944,sample4_52h.json,327,336,0,0,TN,0.6098493025291044,>=,0.05,-1
945,sample4_52h.json,327,340,0,0,TN,0.590291142228353,>=,0.05,-1
946,sample4_52h.json,327,343,0,0,TN,0.2875079593267703,>=,0.05,-1
947,sample4_52h.json,327,352,0,0,TN,0.9920999985321829,>=,0.05,-1
948,sample4_52h.json,328,330,0,0,TN,0.015005834418495345,>=,0.05,-1
949,sample4_52h.json,328,331,1,0,FN,0.33174057041345495,>=,0.05,6
950,sample4_52h.json,328,351,0,1,FP,0.7776147677283762,>=,0.05,-1
951,sample4_52h.json,328,354,0,0,TN,0.3229052068299191,>=,0.05,-1
952,sample4_52h.json,330,347,0,0,TN,0.0779062931717841,>=,0.05,-1
953,sample4_52h.json,330,354,0,0,TN,0.651551574708489,>=,0.05,-1
954,sample4_52h.json,330,356,0,1,FP,0.4193916587052734,>=,0.05,-1
955,sample4_52h.json,332,340,1,0,FN,0.2754876810012511,>=,0.05,4
956,sample4_52h.json,333,335,0,0,TN,0.12062539859795596,>=,0.05,-1
957,sample4_52h.json,333,337,0,1,FP,0.9460672836170415,>=,0.05,-1
958,sample4_52h.json,333,341,0,0,TN,0.694548870378339,>=,0.05,-1
959,sample4_52h.json,334,344,0,0,TN,0.933829411336306,>=,0.05,-1
960,sample4_52h.json,334,345,0,1,FP,0.9353993998962835,>=,0.05,-1
961,sample4_52h.json,334,349,0,0,TN,0.2612308678576939,>=,0.05,-1
962,sample4_52h.json,335,341,1,0,FN,0.07998114612973539,>=,0.05,4
963,sample4_52h.json,336,339,0,0,TN,0.909906982002079,>=,0.05,-1
964,sample4_52h.json,336,343,1,1,TP,0.6320595003596041,>=,0.05,12
965,sample4_52h.json,337,341,0,0,TN,0.2891682141584333,>=,0.05,-1
966,sample4_52h.json,337,353,0,0,TN,0.37179715626319976,>=,0.05,-1
967,sample4_52h.json,337,359,0,0,TN,0.488951689193149,>=,0.05,-1
968,sample4_52h.json,338,347,0,1,FP,0.6121007653006213,>=,0.05,-1
969,sample4_52h.json,339,343,0,0,TN,0.07144978084311326,>=,0.05,-1
970,sample4_52h.json,339,346,0,0,TN,0.2334079021176041,>=,0.05,-1
971,sample4_52h.json,339,361,0,0,TN,0.13169836972093452,>=,0.05,-1
972,sample4_52h.json,339,372,0,0,TN,0.8775420619728818,>=,0.05,-1
973,sample4_52h.json,340,351,0,0,TN,0.4658368208414908,>=,0.05,-1
974,sample4_52h.json,340,352,0,1,FP,0.7514479247891044,>=,0.05,-1
975,sample4_52h.json,341,348,0,1,FP,0.710929599665231,>=,0.05,-1
976,sample4_52h.json,341,353,0,0,TN,0.19146907218784026,>=,0.05,-1
977,sample4_52h.json,342,345,0,0,TN,0.5808702159545378,>=,0.05,-1
978,sample4_52h.json,342,346,0,0,TN,0.1340313364186294,>=,0.05,-1
979,sample4_52h.json,342,350,1,0,FN,0.25277262607528317,>=,0.05,10
980,sample4_52h.json,343,352,0,0,TN,0.730536040241078,>=,0.05,-1
981,sample4_52h.json,343,357,0,0,TN,0.309277105104904,>=,0.05,-1
982,sample4_52h.json,343,372,0,0,TN,0.7242323713766092,>=,0.05,-1
983,sample4_52h.json,344,345,0,0,TN,0.23246996339594272,>=,0.05,-1
984,sample4_52h.json,344,348,0,0,TN,0.840746131924333,>=,0.05,-1
985,sample4_52h.json,344,349,0,0,TN,0.6819740389934643,>=,0.05,-1
986,sample4_52h.json,344,358,0,0,TN,0.769007241548977,>=,0.05,-1
987,sample4_52h.json,344,360,0,1,FP,0.8704993158558186,>=,0.05,-1
988,sample4_52h.json,344,364,0,0,TN,0.5552457196588251,>=,0.05,-1
989,sample4_52h.json,345,349,1,0,FN,0.25777299994679914,>=,0.05,4
990,sample4_52h.json,345,350,0,0,TN,0.4655264405998506,>=,0.05,-1
991,sample4_52h.json,345,360,0,0,TN,0.024613551371284847,>=,0.05,-1
992,sample4_52h.json,346,350,0,1,FP,0.44541598352388745,>=,0.05,-1
993,sample4_52h.json,346,360,0,0,TN,0.4012111743804716,>=,0.05,-1
994,sample4_52h.json,346,361,0,0,TN,0.04807463209555041,>=,0.05,-1
995,sample4_52h.json,347,356,0,0,TN,0.09650429730072274,>=,0.05,-1
996,sample4_52h.json,348,353,0,0,TN,0.6418942110266701,>=,0.05,-1
997,sample4_52h.json,348,358,1,0,FN,0.054880599823133536,>=,0.05,10
998,sample4_52h.json,350,360,0,0,TN,0.39065223018302786,>=,0.05,-1
999,sample4_52h.json,351,352,0,0,TN,0.310637703699445,>=,0.05,-1
1001,sample4_52h.json,351,362,0,0,TN,0.009766688645592048,>=,0.05,-1
1002,sample4_52h.json,352,357,0,0,TN,0.07438957540864533,>=,0.05,-1
1003,sample4_52h.json,352,362,0,0,TN,0.8270353055381114,>=,0.05,-1
1004,sample4_52h.json,352,363,0,0,TN,0.7374305640372897,>=,0.05,-1
1005,sample4_52h.json,353,358,0,0,TN,0.26725345238367526,>=,0.05,-1
1006,sample4_52h.json,353,359,1,1,TP,0.7160119478582837,>=,0.05,12
1007,sample4_52h.json,354,356,0,0,TN,0.13967191822102742,>=,0.05,-1
1008,sample4_52h.json,354,366,0,1,FP,0.7292360179516257,>=,0.05,-1
1010,sample4_52h.json,357,363,0,0,TN,0.12235391024963826,>=,0.05,-1
1011,sample4_52h.json,357,371,0,0,TN,0.5927709290006687,>=,0.05,-1
1012,sample4_52h.json,357,372,0,1,FP,0.9977004843937994,>=,0.05,-1
1013,sample4_52h.json,358,364,0,1,FP,0.9402956739567796,>=,0.05,-1
1014,sample4_52h.json,360,361,0,0,TN,0.0809577270354902,>=,0.05,-1
1015,sample4_52h.json,360,364,0,0,TN,0.5940402539688772,>=,0.05,-1
1016,sample4_52h.json,360,365,0,0,TN,0.47609716423764725,>=,0.05,-1
1017,sample4_52h.json,360,367,1,0,FN,0.051434826597379524,>=,0.05,10
1018,sample4_52h.json,361,365,1,0,FN,0.7043953894126566,>=,0.05,10
1019,sample4_52h.json,361,371,0,1,FP,0.5057141556698694,>=,0.05,-1
1020,sample4_52h.json,361,372,0,0,TN,0.6263421637568909,>=,0.05,-1
1021,sample4_52h.json,362,363,1,1,TP,0.13588430917560645,>=,0.05,10
1022,sample4_52h.json,364,367,0,0,TN,0.1930890389656016,>=,0.05,-1
1023,sample4_52h.json,365,367,0,1,FP,0.7132318965408898,>=,0.05,-1
1024,sample4_52h.json,368,369,0,0,TN,0.9264588367890522,>=,0.05,-1
1025,sample4_52h.json,368,370,0,0,TN,0.35598529764087505,>=,0.05,-1
1026,sample4_52h.json,369,370,0,1,FP,0.9839564331741506,>=,0.05,-1
1027,sample4_52h.json,371,372,1,0,FN,0.21905631574105244,>=,0.05,10
1028,sample4_52h.json,373,374,0,0,TN,0.18802845542154223,>=,0.05,-1
1029,sample4_52h.json,373,375,0,0,TN,0.7284178621944516,>=,0.05,-1
1030,sample4_52h.json,374,375,1,1,TP,0.2573915754584102,>=,0.05,8
1,sample5_22h.json,0,1,1,0,FN,0.9543051771456794,>=,0.05,4
2,sample5_22h.json,0,4,0,0,TN,0.04717077034098738,>=,0.05,-1
3,sample5_22h.json,0,6,0,0,TN,0.5680283135560869,>=,0.05,-1
4,sample5_22h.json,0,11,0,0,TN,0.8024120891703191,>=,0.05,-1
5,sample5_22h.json,0,28,0,1,FP,0.7411396408671279,>=,0.05,-1
6,sample5_22h.json,1,2,0,1,FP,0.9597312304920771,>=,0.05,-1
7,sample5_22h.json,1,6,0,0,TN,0.22880724422310106,>=,0.05,-1
8,sample5_22h.json,2,3,0,0,TN,0.6161428506697104,>=,0.05,-1
9,sample5_22h.json,2,6,0,0,TN,0.13017957054517437,>=,0.05,-1
10,sample5_22h.json,2,8,0,0,TN,0.14551965736011274,>=,0.05,-1
11,sample5_22h.json,2,9,0,0,TN,0.7400949689095283,>=,0.05,-1
12,sample5_22h.json,2,10,0,0,TN,0.695427890167585,>=,0.05,-1
13,sample5_22h.json,3,9,1,1,TP,0.7750181367715299,>=,0.05,20
14,sample5_22h.json,4,5,1,1,TP,0.8730308306352618,>=,0.05,8
15,sample5_22h.json,4,28,0,0,TN,0.18680136556965632,>=,0.05,-1
16,sample5_22h.json,5,28,0,0,TN,0.7151554145002672,>=,0.05,-1
17,sample5_22h.json,6,8,0,1,FP,0.8114042316726968,>=,0.05,-1
18,sample5_22h.json,6,11,1,0,FN,0.24302695075170222,>=,0.05,12
19,sample5_22h.json,6,12,0,0,TN,0.48929689731190007,>=,0.05,-1
20,sample5_22h.json,6,14,0,0,TN,0.3198441810960089,>=,0.05,-1
21,sample5_22h.json,8,10,1,0,FN,0.09829724598342804,>=,0.05,16
22,sample5_22h.json,8,12,0,0,TN,0.8602961891097856,>=,0.05,-1
23,sample5_22h.json,8,13,0,0,TN,0.7521927947507213,>=,0.05,-1
24,sample5_22h.json,9,10,0,0,TN,0.010806547874868011,>=,0.05,-1
25,sample5_22h.json,9,13,0,0,TN,0.400590278836061,>=,0.05,-1
26,sample5_22h.json,10,13,0,1,FP,0.8179153937483041,>=,0.05,-1
27,sample5_22h.json,11,14,0,0,TN,0.9585781037616725,>=,0.05,-1
28,sample5_22h.json,11,15,0,0,TN,0.24515071704166247,>=,0.05,-1
29,sample5_22h.json,11,17,0,1,FP,0.9519563349981024,>=,0.05,-1
30,sample5_22h.json,11,28,0,0,TN,0.46753722926608365,>=,0.05,-1
31,sample5_22h.json,12,13,0,0,TN,0.04953074199766161,>=,0.05,-1
32,sample5_22h.json,12,14,0,0,TN,0.014690332583448984,>=,0.05,-1
33,sample5_22h.json,12,18,1,0,FN,0.09603666332080862,>=,0.05,4
34,sample5_22h.json,12,19,0,1,FP,0.5513329988326502,>=,0.05,-1
35,sample5_22h.json,13,19,1,0,FN,0.9933512897570579,>=,0.05,10
36,sample5_22h.json,14,17,1,0,FN,0.8306646083373286,>=,0.05,10
37,sample5_22h.json,14,18,0,1,FP,0.966112436784232,>=,0.05,-1
38,sample5_22h.json,14,20,0,0,TN,0.930381611960971,>=,0.05,-1
39,sample5_22h.json,15,16,1,1,TP,0.8956190334423997,>=,0.05,10
40,sample5_22h.json,15,17,0,0,TN,0.8133094660745676,>=,0.05,-1
41,sample5_22h.json,15,22,0,0,TN,0.6146453259457442,>=,0.05,-1
42,sample5_22h.json,15,23,0,0,TN,0.6930928274152044,>=,0.05,-1
43,sample5_22h.json,15,28,0,0,TN,0.9459519758171056,>=,0.05,-1
44,sample5_22h.json,16,21,0,0,TN,0.6471960960534263,>=,0.05,-1
45,sample5_22h.json,16,23,0,0,TN,0.08601704900848839,>=,0.05,-1
46,sample5_22h.json,16,28,0,0,TN,0.5319631840846744,>=,0.05,-1
47,sample5_22h.json,17,20,0,0,TN,0.7909869395925607,>=,0.05,-1
48,sample5_22h.json,17,22,0,0,TN,0.11312004756058547,>=,0.05,-1
49,sample5_22h.json,18,19,0,0,TN,0.07797384463916868,>=,0.05,-1
50,sample5_22h.json,18,20,0,0,TN,0.8490644213934293,>=,0.05,-1
51,sample5_22h.json,19,20,0,0,TN,0.08930829109804117,>=,0.05,-1
52,sample5_22h.json,19,24,0,0,TN,0.15381903753411652,>=,0.05,-1
53,sample5_22h.json,20,22,0,0,TN,0.5167557208764255,>=,0.05,-1
54,sample5_22h.json,20,24,1,1,TP,0.5654202237693777,>=,0.05,4
55,sample5_22h.json,21,23,1,1,TP,0.7859164709908736,>=,0.05,6
56,sample5_22h.json,21,26,0,0,TN,0.7248013381120727,>=,0.05,-1
57,sample5_22h.json,22,23,0,0,TN,0.0744715577221593,>=,0.05,-1
58,sample5_22h.json,22,25,1,1,TP,0.5611917693646661,>=,0.05,8
59,sample5_22h.json,23,25,0,0,TN,0.6876792191106255,>=,0.05,-1
60,sample5_22h.json,23,26,0,0,TN,0.9892564683046814,>=,0.05,-1
61,sample5_22h.json,26,27,1,1,TP,0.7977893289942545,>=,0.05,6
1,sample5_42h.json,0,1,0,1,FP,0.8997525298019944,>=,0.05,-1
2,sample5_42h.json,0,2,0,0,TN,0.32809208033469806,>=,0.05,-1
3,sample5_42h.json,0,6,0,0,TN,0.5218606466438631,>=,0.05,-1
4,sample5_42h.json,0,7,0,0,TN,0.05461403965852896,>=,0.05,-1
5,sample5_42h.json,0,8,0,0,TN,0.8001675859040726,>=,0.05,-1
6,sample5_42h.json,0,10,0,0,TN,0.5931370270047378,>=,0.05,-1
7,sample5_42h.json,0,11,0,0,TN,0.6977645700325901,>=,0.05,-1
8,sample5_42h.json,1,2,1,0,FN,0.9975771395143306,>=,0.05,14
9,sample5_42h.json,2,3,0,1,FP,0.8168452624090184,>=,0.05,-1
10,sample5_42h.json,2,5,0,0,TN,0.2252340867371535,>=,0.05,-1
11,sample5_42h.json,2,6,0,0,TN,0.08815786946011617,>=,0.05,-1
12,sample5_42h.json,2,12,0,0,TN,0.3392964808660974,>=,0.05,-1
13,sample5_42h.json,3,4,0,0,TN,0.6765914620420317,>=,0.05,-1
14,sample5_42h.json,3,5,1,0,FN,0.039321160718563175,>=,0.05,4
15,sample5_42h.json,4,5,0,1,FP,0.8007435068781057,>=,0.05,-1
16,sample5_42h.json,4,9,0,0,TN,0.5989535411537934,>=,0.05,-1
17,sample5_42h.json,4,12,0,0,TN,0.8304511159570696,>=,0.05,-1
18,sample5_42h.json,4,15,0,0,TN,0.34151132804757034,>=,0.05,-1
19,sample5_42h.json,4,17,0,0,TN,0.3238285455053287,>=,0.05,-1
20,sample5_42h.json,5,12,0,0,TN,0.11797031907377875,>=,0.05,-1
21,sample5_42h.json,6,7,0,1,FP,0.1570339469516926,>=,0.05,-1
22,sample5_42h.json,6,12,1,0,FN,0.29111531811133984,>=,0.05,12
23,sample5_42h.json,7,10,0,0,TN,0.3269704737354293,>=,0.05,-1
24,sample5_42h.json,7,12,0,0,TN,0.4141637376818563,>=,0.05,-1
25,sample5_42h.json,7,16,1,0,FN,0.462663516330145,>=,0.05,16
26,sample5_42h.json,8,11,0,1,FP,0.942978196937107,>=,0.05,-1
27,sample5_42h.json,8,14,0,0,TN,0.9161609516711994,>=,0.05,-1
28,sample5_42h.json,8,21,0,0,TN,0.09225399435913928,>=,0.05,-1
29,sample5_42h.json,8,22,0,0,TN,0.17273049512517857,>=,0.05,-1
30,sample5_42h.json,9,13,1,1,TP,0.5498026681341974,>=,0.05,8
31,sample5_42h.json,9,17,0,0,TN,0.2797556618915016,>=,0.05,-1
32,sample5_42h.json,10,11,1,0,FN,0.33507010086711,>=,0.05,16
33,sample5_42h.json,10,16,0,0,TN,0.9976039500377184,>=,0.05,-1
34,sample5_42h.json,10,22,0,1,FP,0.9588076626163853,>=,0.05,-1
35,sample5_42h.json,11,22,0,0,TN,0.08666372857591209,>=,0.05,-1
36,sample5_42h.json,12,15,0,0,TN,0.6618931153061869,>=,0.05,-1
37,sample5_42h.json,12,16,0,1,FP,0.9539312027952319,>=,0.05,-1
38,sample5_42h.json,12,20,0,0,TN,0.19625313776258524,>=,0.05,-1
39,sample5_42h.json,13,17,0,0,TN,0.5780092473245866,>=,0.05,-1
40,sample5_42h.json,13,19,0,0,TN,0.4520149350064462,>=,0.05,-1
41,sample5_42h.json,14,21,0,0,TN,0.17104796557342639,>=,0.05,-1
42,sample5_42h.json,14,27,1,1,TP,0.7702125109127161,>=,0.05,22
43,sample5_42h.json,15,17,0,0,TN,0.8616227673913456,>=,0.05,-1
44,sample5_42h.json,15,20,0,1,FP,0.8636036733853538,>=,0.05,-1
45,sample5_42h.json,15,23,1,0,FN,0.5018877848866428,>=,0.05,16
46,sample5_42h.json,15,28,0,0,TN,0.28499955126789445,>=,0.05,-1
47,sample5_42h.json,16,20,0,0,TN,0.3799856488501976,>=,0.05,-1
48,sample5_42h.json,16,22,0,0,TN,0.43001961615902806,>=,0.05,-1
49,sample5_42h.json,16,24,0,0,TN,0.5596263748423983,>=,0.05,-1
50,sample5_42h.json,16,25,0,0,TN,0.6781082293702984,>=,0.05,-1
51,sample5_42h.json,17,19,0,0,TN,0.5028106003070185,>=,0.05,-1
52,sample5_42h.json,17,23,0,0,TN,0.8509279633865441,>=,0.05,-1
53,sample5_42h.json,17,26,1,0,FN,0.5815153157630023,>=,0.05,22
54,sample5_42h.json,17,31,0,1,FP,0.9191215854445061,>=,0.05,-1
55,sample5_42h.json,18,19,1,1,TP,0.8655267655522422,>=,0.05,4
56,sample5_42h.json,19,26,0,0,TN,0.22806196116937572,>=,0.05,-1
57,sample5_42h.json,20,24,0,0,TN,0.2389200928824068,>=,0.05,-1
58,sample5_42h.json,20,28,0,0,TN,0.5766791931259115,>=,0.05,-1
59,sample5_42h.json,21,22,0,0,TN,0.7340369293291988,>=,0.05,-1
60,sample5_42h.json,21,27,0,0,TN,0.27377017052678054,>=,0.05,-1
61,sample5_42h.json,21,29,0,1,FP,0.9239126943887145,>=,0.05,-1
62,sample5_42h.json,21,30,0,0,TN,0.4039175540245209,>=,0.05,-1
63,sample5_42h.json,21,36,0,0,TN,0.36447827987425596,>=,0.05,-1
64,sample5_42h.json,22,25,0,0,TN,0.8158969046563189,>=,0.05,-1
65,sample5_42h.json,22,29,1,0,FN,0.12439125391769368,>=,0.05,16
66,sample5_42h.json,23,28,0,1,FP,0.9961122080339112,>=,0.05,-1
67,sample5_42h.json,23,31,0,0,TN,0.9389016618623693,>=,0.05,-1
68,sample5_42h.json,23,32,0,0,TN,0.8823984298256966,>=,0.05,-1
69,sample5_42h.json,23,35,0,0,TN,0.49053394395418526,>=,0.05,-1
70,sample5_42h.json,24,25,1,1,TP,0.8844273354459166,>=,0.05,16
71,sample5_42h.json,24,28,0,0,TN,0.4474344408084122,>=,0.05,-1
72,sample5_42h.json,24,33,0,0,TN,0.14293932546589772,>=,0.05,-1
73,sample5_42h.json,24,34,0,0,TN,0.8646467141364296,>=,0.05,-1
74,sample5_42h.json,25,29,0,0,TN,0.5815889306230937,>=,0.05,-1
75,sample5_42h.json,25,33,0,0,TN,0.19576334185134614,>=,0.05,-1
76,sample5_42h.json,26,31,0,0,TN,0.25367136712774396,>=,0.05,-1
77,sample5_42h.json,26,37,0,0,TN,0.5943511145007369,>=,0.05,-1
78,sample5_42h.json,26,38,0,0,TN,0.29581751070014817,>=,0.05,-1
79,sample5_42h.json,28,32,1,0,FN,0.17789828949317732,>=,0.05,14
80,sample5_42h.json,28,34,0,0,TN,0.30082735083585954,>=,0.05,-1
81,sample5_42h.json,29,30,0,0,TN,0.08920591524672339,>=,0.05,-1
82,sample5_42h.json,29,33,0,0,TN,0.6672994413017392,>=,0.05,-1
83,sample5_42h.json,29,36,0,0,TN,0.7158189306997818,>=,0.05,-1
84,sample5_42h.json,30,36,1,0,FN,0.2549866833748422,>=,0.05,22
85,sample5_42h.json,31,35,0,0,TN,0.81134662453313,>=,0.05,-1
86,sample5_42h.json,31,38,1,0,FN,0.9130759617082678,>=,0.05,18
87,sample5_42h.json,31,40,0,0,TN,0.9107719779539389,>=,0.05,-1
88,sample5_42h.json,32,34,0,1,FP,0.6644834952506045,>=,0.05,-1
89,sample5_42h.json,32,35,0,0,TN,0.44586320393021217,>=,0.05,-1
90,sample5_42h.json,32,41,0,0,TN,0.056535206002336746,>=,0.05,-1
91,sample5_42h.json,33,34,0,0,TN,0.9791171539447984,>=,0.05,-1
92,sample5_42h.json,33,36,0,1,FP,0.8044649681670867,>=,0.05,-1
93,sample5_42h.json,33,41,0,0,TN,0.2489531148049221,>=,0.05,-1
94,sample5_42h.json,33,43,0,0,TN,0.7999812351132555,>=,0.05,-1
95,sample5_42h.json,34,41,0,0,TN,0.057698820705913256,>=,0.05,-1
96,sample5_42h.json,35,40,1,1,TP,0.9858414379591407,>=,0.05,6
97,sample5_42h.json,35,41,0,0,TN,0.1229829887917141,>=,0.05,-1
98,sample5_42h.json,35,42,0,0,TN,0.10323880889195536,>=,0.05,-1
99,sample5_42h.json,37,38,0,1,FP,0.8368506366810895,>=,0.05,-1
100,sample5_42h.json,37,39,1,0,FN,0.06924202176526295,>=,0.05,14
101,sample5_42h.json,37,44,0,0,TN,0.32061342118649516,>=,0.05,-1
102,sample5_42h.json,37,45,0,0,TN,0.22052546650068205,>=,0.05,-1
103,sample5_42h.json,37,46,0,0,TN,0.24427588816942825,>=,0.05,-1
104,sample5_42h.json,38,40,0,0,TN,0.3708288577319896,>=,0.05,-1
105,sample5_42h.json,38,42,0,0,TN,0.5988036145313417,>=,0.05,-1
106,sample5_42h.json,38,45,0,0,TN,0.5252022617410618,>=,0.05,-1
107,sample5_42h.json,39,44,0,1,FP,0.9833907822007445,>=,0.05,-1
108,sample5_42h.json,40,42,0,0,TN,0.897762612588288,>=,0.05,-1
109,sample5_42h.json,41,42,0,0,TN,0.40291775361429993,>=,0.05,-1
110,sample5_42h.json,41,43,1,0,FN,0.6362862997291453,>=,0.05,22
111,sample5_42h.json,41,47,0,1,FP,0.761784537331383,>=,0.05,-1
112,sample5_42h.json,42,45,0,0,TN,0.10707617839177574,>=,0.05,-1
113,sample5_42h.json,42,47,0,0,TN,0.6199828954105941,>=,0.05,-1
114,sample5_42h.json,42,48,0,1,FP,0.7274344183858971,>=,0.05,-1
115,sample5_42h.json,42,49,0,0,TN,0.6916078933764694,>=,0.05,-1
116,sample5_42h.json,43,47,0,0,TN,0.03138296050718259,>=,0.05,-1
117,sample5_42h.json,43,50,0,1,FP,0.9456100697760731,>=,0.05,-1
118,sample5_42h.json,44,46,0,0,TN,0.0009615505794944301,>=,0.05,-1
119,sample5_42h.json,44,51,0,0,TN,0.09568589640165093,>=,0.05,-1
120,sample5_42h.json,44,52,0,0,TN,0.218432827230996,>=,0.05,-1
121,sample5_42h.json,45,46,1,1,TP,0.6551468251849513,>=,0.05,12
122,sample5_42h.json,45,48,0,0,TN,0.5019425045781841,>=,0.05,-1
123,sample5_42h.json,46,48,0,0,TN,0.018999536564432318,>=,0.05,-1
124,sample5_42h.json,46,52,0,0,TN,0.30934070821264714,>=,0.05,-1
125,sample5_42h.json,46,53,0,0,TN,0.1984869924212309,>=,0.05,-1
126,sample5_42h.json,47,49,0,0,TN,0.6890549636514655,>=,0.05,-1
127,sample5_42h.json,47,50,1,0,FN,0.8671075966033317,>=,0.05,22
128,sample5_42h.json,48,49,1,0,FN,0.843276914465253,>=,0.05,19
129,sample5_42h.json,48,53,0,0,TN,0.14506555451697167,>=,0.05,-1
130,sample5_42h.json,48,55,0,0,TN,0.3366305827058411,>=,0.05,-1
131,sample5_42h.json,49,50,0,0,TN,0.1295781472770653,>=,0.05,-1
132,sample5_42h.json,49,54,0,1,FP,0.8563113028687052,>=,0.05,-1
133,sample5_42h.json,49,55,0,0,TN,0.8878952763566834,>=,0.05,-1
134,sample5_42h.json,51,52,1,1,TP,0.7652014480592743,>=,0.05,2
135,sample5_42h.json,52,53,0,0,TN,0.6823934746488286,>=,0.05,-1
136,sample5_42h.json,53,55,1,0,FN,0.5267646482211045,>=,0.05,22
137,sample5_42h.json,54,55,0,0,TN,0.9085358092182463,>=,0.05,-1
138,sample5_42h.json,54,56,1,0,FN,0.090737999552853,>=,0.05,2
139,sample5_42h.json,55,56,0,0,TN,0.8425353286673775,>=,0.05,-1
140,sample5_42h.json,55,57,0,0,TN,0.41577272890970673,>=,0.05,-1
141,sample5_42h.json,55,58,0,1,FP,0.636703925359457,>=,0.05,-1
142,sample5_42h.json,56,57,0,1,FP,0.6815846824300291,>=,0.05,-1
143,sample5_42h.json,57,58,0,0,TN,0.42067741989294816,>=,0.05,-1
1,sample5_72h.json,6,7,0,0,TN,0.14885215590163636,>=,0.05,-1
2,sample5_72h.json,6,9,1,1,TP,0.6858310061093167,>=,0.05,19
3,sample5_72h.json,6,10,0,0,TN,0.5065786839468318,>=,0.05,-1
4,sample5_72h.json,7,10,0,0,TN,0.45073439042680674,>=,0.05,-1
5,sample5_72h.json,7,15,0,0,TN,0.8640863222311201,>=,0.05,-1
6,sample5_72h.json,7,18,0,1,FP,0.8995031168604499,>=,0.05,-1
7,sample5_72h.json,7,20,0,0,TN,0.21437300141025317,>=,0.05,-1
8,sample5_72h.json,7,21,0,0,TN,0.467817149577925,>=,0.05,-1
9,sample5_72h.json,9,10,0,0,TN,0.17772177787071763,>=,0.05,-1
10,sample5_72h.json,9,12,0,0,TN,0.5775791742006174,>=,0.05,-1
11,sample5_72h.json,10,12,0,0,TN,0.4627785923617719,>=,0.05,-1
12,sample5_72h.json,10,18,0,0,TN,0.6994486316010482,>=,0.05,-1
13,sample5_72h.json,10,19,0,1,FP,0.9110410859616692,>=,0.05,-1
14,sample5_72h.json,10,22,0,0,TN,0.4517386346526867,>=,0.05,-1
15,sample5_72h.json,12,16,1,1,TP,0.961083580151013,>=,0.05,19
16,sample5_72h.json,12,19,0,0,TN,0.2458169804153627,>=,0.05,-1
17,sample5_72h.json,13,15,0,1,FP,0.8504710125558474,>=,0.05,-1
18,sample5_72h.json,13,17,1,0,FN,0.6158595831866492,>=,0.05,19
19,sample5_72h.json,13,25,0,0,TN,0.3535426871116508,>=,0.05,-1
20,sample5_72h.json,13,26,0,0,TN,0.0952825678082545,>=,0.05,-1
21,sample5_72h.json,15,17,0,0,TN,0.5480204245325432,>=,0.05,-1
22,sample5_72h.json,15,21,0,0,TN,0.8845025143074298,>=,0.05,-1
23,sample5_72h.json,16,19,0,0,TN,0.5163162323430206,>=,0.05,-1
24,sample5_72h.json,16,29,0,0,TN,0.21950292981931652,>=,0.05,-1
25,sample5_72h.json,16,34,0,0,TN,0.4076159258940514,>=,0.05,-1
26,sample5_72h.json,17,21,0,1,FP,0.9846281123477247,>=,0.05,-1
27,sample5_72h.json,17,26,0,0,TN,0.6977239589251931,>=,0.05,-1
28,sample5_72h.json,18,20,1,0,FN,0.8948187077319981,>=,0.05,19
29,sample5_72h.json,18,22,0,0,TN,0.003755735268023974,>=,0.05,-1
30,sample5_72h.json,19,22,1,0,FN,0.04119022023955632,>=,0.05,19
31,sample5_72h.json,19,29,0,0,TN,0.5722288946063947,>=,0.05,-1
32,sample5_72h.json,20,21,0,0,TN,0.3026201352293557,>=,0.05,-1
33,sample5_72h.json,20,22,0,1,FP,0.8155378280748037,>=,0.05,-1
34,sample5_72h.json,20,28,0,0,TN,0.6583752559746491,>=,0.05,-1
35,sample5_72h.json,21,26,0,0,TN,0.4122289850319846,>=,0.05,-1
36,sample5_72h.json,21,28,1,0,FN,0.5979982703696535,>=,0.05,19
37,sample5_72h.json,21,31,0,0,TN,0.8081677428019473,>=,0.05,-1
38,sample5_72h.json,22,28,0,0,TN,0.5573529798517033,>=,0.05,-1
39,sample5_72h.json,22,29,0,0,TN,0.061500595596778784,>=,0.05,-1
40,sample5_72h.json,22,32,0,0,TN,0.3649124074372516,>=,0.05,-1
41,sample5_72h.json,25,26,1,0,FN,0.43329583344918976,>=,0.05,19
42,sample5_72h.json,25,27,0,1,FP,0.3014139084738804,>=,0.05,-1
43,sample5_72h.json,25,38,0,0,TN,0.5623863882499714,>=,0.05,-1
44,sample5_72h.json,26,31,0,0,TN,0.7047066751610935,>=,0.05,-1
45,sample5_72h.json,26,37,0,0,TN,0.6395423514337267,>=,0.05,-1
46,sample5_72h.json,26,38,0,0,TN,0.33212055998448764,>=,0.05,-1
47,sample5_72h.json,26,43,0,1,FP,0.80708556267366,>=,0.05,-1
48,sample5_72h.json,27,36,0,0,TN,0.5734469548517698,>=,0.05,-1
49,sample5_72h.json,27,38,0,0,TN,0.49146132736619563,>=,0.05,-1
50,sample5_72h.json,28,31,0,0,TN,0.1865505537095551,>=,0.05,-1
51,sample5_72h.json,28,32,0,1,FP,0.9508555656969262,>=,0.05,-1
52,sample5_72h.json,28,37,0,0,TN,0.1407354053774451,>=,0.05,-1
53,sample5_72h.json,29,32,0,0,TN,0.326042147195882,>=,0.05,-1
54,sample5_72h.json,29,34,0,0,TN,0.6456830546952631,>=,0.05,-1
55,sample5_72h.json,29,44,0,0,TN,0.7304332317633347,>=,0.05,-1
56,sample5_72h.json,29,46,0,0,TN,0.1249365492331782,>=,0.05,-1
57,sample5_72h.json,29,49,0,1,FP,0.9196791867563292,>=,0.05,-1
58,sample5_72h.json,31,37,1,1,TP,0.9685247404805857,>=,0.05,19
59,sample5_72h.json,32,37,0,0,TN,0.8504899297613512,>=,0.05,-1
60,sample5_72h.json,32,46,1,0,FN,0.635201371339321,>=,0.05,19
61,sample5_72h.json,34,44,1,1,TP,0.5445370764782258,>=,0.05,19
62,sample5_72h.json,36,38,0,1,FP,0.9568127339447164,>=,0.05,-1
63,sample5_72h.json,36,40,0,0,TN,0.6989139071495142,>=,0.05,-1
64,sample5_72h.json,36,45,0,0,TN,0.8875061047707702,>=,0.05,-1
65,sample5_72h.json,36,52,0,0,TN,0.7003750913924863,>=,0.05,-1
66,sample5_72h.json,36,57,0,0,TN,0.015074114012348039,>=,0.05,-1
67,sample5_72h.json,37,43,0,0,TN,0.23846029723656015,>=,0.05,-1
68,sample5_72h.json,37,46,0,0,TN,0.6273705963196692,>=,0.05,-1
69,sample5_72h.json,37,54,0,0,TN,0.8388825579254803,>=,0.05,-1
70,sample5_72h.json,37,55,0,0,TN,0.7210283031513205,>=,0.05,-1
71,sample5_72h.json,38,43,0,0,TN,0.578122114661636,>=,0.05,-1
72,sample5_72h.json,38,45,1,0,FN,0.11578575509139954,>=,0.05,19
73,sample5_72h.json,39,44,0,0,TN,0.5588924927487695,>=,0.05,-1
74,sample5_72h.json,39,48,1,0,FN,0.34418242950969724,>=,0.05,19
75,sample5_72h.json,39,53,0,1,FP,0.5527508215998559,>=,0.05,-1
76,sample5_72h.json,40,42,1,1,TP,0.5300257858322416,>=,0.05,19
77,sample5_72h.json,40,57,0,0,TN,0.7858708531326054,>=,0.05,-1
78,sample5_72h.json,42,50,0,0,TN,0.86027132461308,>=,0.05,-1
79,sample5_72h.json,42,57,0,0,TN,0.0014033155414223675,>=,0.05,-1
80,sample5_72h.json,43,45,0,0,TN,0.4630954101457574,>=,0.05,-1
81,sample5_72h.json,43,52,0,0,TN,0.6842660565073679,>=,0.05,-1
82,sample5_72h.json,43,54,0,0,TN,0.35480404808945254,>=,0.05,-1
83,sample5_72h.json,43,61,0,0,TN,0.7908536385797729,>=,0.05,-1
84,sample5_72h.json,44,49,0,0,TN,0.007161774995524284,>=,0.05,-1
85,sample5_72h.json,44,53,0,0,TN,0.16486150263920452,>=,0.05,-1
86,sample5_72h.json,45,52,0,1,FP,0.5436594534086374,>=,0.05,-1
87,sample5_72h.json,46,49,0,0,TN,0.061122997896802866,>=,0.05,-1
88,sample5_72h.json,46,55,0,0,TN,0.670000589969159,>=,0.05,-1
89,sample5_72h.json,46,59,0,0,TN,0.9224077563987088,>=,0.05,-1
90,sample5_72h.json,46,62,0,1,FP,0.8342909538269845,>=,0.05,-1
91,sample5_72h.json,48,53,0,0,TN,0.7000707530727052,>=,0.05,-1
92,sample5_72h.json,48,60,0,1,FP,0.9136671288556202,>=,0.05,-1
93,sample5_72h.json,48,63,0,0,TN,0.7227664448400314,>=,0.05,-1
94,sample5_72h.json,48,64,0,0,TN,0.6979722306176538,>=,0.05,-1
95,sample5_72h.json,49,53,0,0,TN,0.003459327725212513,>=,0.05,-1
96,sample5_72h.json,49,62,0,0,TN,0.19027286539594168,>=,0.05,-1
97,sample5_72h.json,49,65,1,0,FN,0.6747926156872968,>=,0.05,21
98,sample5_72h.json,49,68,0,0,TN,0.786763162208204,>=,0.05,-1
99,sample5_72h.json,50,57,1,0,FN,0.9670102842244155,>=,0.05,19
100,sample5_72h.json,50,58,0,1,FP,0.7799898585862336,>=,0.05,-1
101,sample5_72h.json,52,57,0,0,TN,0.2675802163215173,>=,0.05,-1
102,sample5_72h.json,52,61,0,0,TN,0.35639197092475905,>=,0.05,-1
103,sample5_72h.json,52,67,1,0,FN,0.7975937386406637,>=,0.05,21
104,sample5_72h.json,53,60,1,0,FN,0.5334585963180015,>=,0.05,19
105,sample5_72h.json,53,65,0,0,TN,0.2400457824170501,>=,0.05,-1
106,sample5_72h.json,54,55,1,1,TP,0.3319968442263237,>=,0.05,19
107,sample5_72h.json,54,59,0,0,TN,0.3445731498990333,>=,0.05,-1
108,sample5_72h.json,54,61,0,0,TN,0.47185816100439726,>=,0.05,-1
109,sample5_72h.json,55,59,0,0,TN,0.9855505528966626,>=,0.05,-1
110,sample5_72h.json,57,58,0,0,TN,0.3713590164621974,>=,0.05,-1
111,sample5_72h.json,57,67,0,0,TN,0.2698350640956262,>=,0.05,-1
112,sample5_72h.json,57,76,0,0,TN,0.39189194508008973,>=,0.05,-1
113,sample5_72h.json,57,82,0,1,FP,0.810572560419245,>=,0.05,-1
114,sample5_72h.json,58,76,0,0,TN,0.07725035547346937,>=,0.05,-1
115,sample5_72h.json,59,61,0,0,TN,0.7531422419391649,>=,0.05,-1
116,sample5_72h.json,59,62,0,0,TN,0.8960229053136237,>=,0.05,-1
117,sample5_72h.json,59,69,0,0,TN,0.32721181296291235,>=,0.05,-1
118,sample5_72h.json,59,71,0,1,FP,0.9502719261429357,>=,0.05,-1
119,sample5_72h.json,60,63,0,0,TN,0.8957910974109374,>=,0.05,-1
120,sample5_72h.json,60,65,0,0,TN,0.9740616795786774,>=,0.05,-1
121,sample5_72h.json,61,67,0,1,FP,0.961263250974819,>=,0.05,-1
122,sample5_72h.json,61,69,1,0,FN,0.31689044806973987,>=,0.05,19
123,sample5_72h.json,62,68,1,0,FN,0.9382386487098066,>=,0.05,19
124,sample5_72h.json,62,71,0,0,TN,0.21146926313713588,>=,0.05,-1
125,sample5_72h.json,62,73,0,0,TN,0.6226542696475603,>=,0.05,-1
126,sample5_72h.json,63,64,0,0,TN,0.5983762816921075,>=,0.05,-1
127,sample5_72h.json,63,65,0,0,TN,0.27922305206246634,>=,0.05,-1
128,sample5_72h.json,63,74,1,1,TP,0.8269416289627771,>=,0.05,19
129,sample5_72h.json,63,75,0,0,TN,0.07431842880298822,>=,0.05,-1
130,sample5_72h.json,64,72,1,1,TP,0.9208043027740977,>=,0.05,19
131,sample5_72h.json,64,74,0,0,TN,0.0975449128850776,>=,0.05,-1
132,sample5_72h.json,65,68,0,1,FP,0.9293555798838141,>=,0.05,-1
133,sample5_72h.json,65,75,0,0,TN,0.07149189887211971,>=,0.05,-1
134,sample5_72h.json,65,77,0,0,TN,0.7329119088727301,>=,0.05,-1
135,sample5_72h.json,67,69,0,0,TN,0.14789156645160617,>=,0.05,-1
136,sample5_72h.json,67,79,0,0,TN,0.1238279232675531,>=,0.05,-1
137,sample5_72h.json,67,82,0,0,TN,0.34809004909540564,>=,0.05,-1
138,sample5_72h.json,67,85,0,0,TN,0.11250216945520564,>=,0.05,-1
139,sample5_72h.json,68,73,0,0,TN,0.03171656424779623,>=,0.05,-1
140,sample5_72h.json,68,77,0,0,TN,0.10300662182047693,>=,0.05,-1
141,sample5_72h.json,68,83,0,0,TN,0.08371303532839447,>=,0.05,-1
142,sample5_72h.json,69,71,0,0,TN,0.9297756204575562,>=,0.05,-1
143,sample5_72h.json,69,78,0,1,FP,0.9453492347956389,>=,0.05,-1
144,sample5_72h.json,69,79,0,0,TN,0.23097422372543364,>=,0.05,-1
145,sample5_72h.json,71,73,0,0,TN,0.653436217157367,>=,0.05,-1
146,sample5_72h.json,71,78,1,0,FN,0.07637935625547432,>=,0.05,19
147,sample5_72h.json,72,74,0,0,TN,0.45317852237058254,>=,0.05,-1
148,sample5_72h.json,72,80,0,0,TN,0.61144602136997,>=,0.05,-1
149,sample5_72h.json,73,78,0,0,TN,0.7998887092427001,>=,0.05,-1
150,sample5_72h.json,73,83,1,1,TP,0.8895118425851913,>=,0.05,19
151,sample5_72h.json,74,75,0,0,TN,0.08460553869846232,>=,0.05,-1
152,sample5_72h.json,74,80,0,0,TN,0.5356317581328558,>=,0.05,-1
153,sample5_72h.json,74,87,0,0,TN,0.8089225849978205,>=,0.05,-1
154,sample5_72h.json,74,92,0,0,TN,0.2576657246161531,>=,0.05,-1
155,sample5_72h.json,75,77,0,0,TN,0.2196970012966143,>=,0.05,-1
156,sample5_72h.json,75,87,1,1,TP,0.9741748629256699,>=,0.05,19
157,sample5_72h.json,75,88,0,0,TN,0.6969595971981151,>=,0.05,-1
158,sample5_72h.json,76,82,1,0,FN,0.1612821824010956,>=,0.05,19
159,sample5_72h.json,76,91,0,0,TN,0.2032761305064571,>=,0.05,-1
160,sample5_72h.json,77,83,0,0,TN,0.5964769605616945,>=,0.05,-1
161,sample5_72h.json,77,88,1,1,TP,0.7830120528717094,>=,0.05,19
162,sample5_72h.json,77,90,0,0,TN,0.9532477473479277,>=,0.05,-1
163,sample5_72h.json,78,79,0,0,TN,0.5579332273852641,>=,0.05,-1
164,sample5_72h.json,78,83,0,0,TN,0.24572785843239953,>=,0.05,-1
165,sample5_72h.json,78,89,0,0,TN,0.2518122298883997,>=,0.05,-1
166,sample5_72h.json,79,85,0,0,TN,0.9892331019570658,>=,0.05,-1
167,sample5_72h.json,79,89,1,1,TP,0.9000288807339442,>=,0.05,19
168,sample5_72h.json,79,94,0,0,TN,0.5591245345389062,>=,0.05,-1
169,sample5_72h.json,80,84,1,1,TP,0.49355751643285417,>=,0.05,19
170,sample5_72h.json,80,92,0,0,TN,0.19312012099407372,>=,0.05,-1
171,sample5_72h.json,82,85,0,0,TN,0.45574767669815663,>=,0.05,-1
172,sample5_72h.json,82,91,0,0,TN,0.7174120308769408,>=,0.05,-1
173,sample5_72h.json,82,93,0,0,TN,0.22182787546815175,>=,0.05,-1
174,sample5_72h.json,83,89,0,0,TN,0.34856725436804026,>=,0.05,-1
175,sample5_72h.json,83,90,0,0,TN,0.33721900262601257,>=,0.05,-1
176,sample5_72h.json,83,96,0,0,TN,0.05776449538615924,>=,0.05,-1
177,sample5_72h.json,84,92,0,0,TN,0.6587467833478277,>=,0.05,-1
178,sample5_72h.json,84,98,0,0,TN,0.22048577809802228,>=,0.05,-1
179,sample5_72h.json,85,93,0,0,TN,0.9067747021056464,>=,0.05,-1
180,sample5_72h.json,85,94,1,1,TP,0.9879198037605277,>=,0.05,19
181,sample5_72h.json,87,88,0,0,TN,0.04686582785642679,>=,0.05,-1
182,sample5_72h.json,87,92,0,0,TN,0.8092708305921756,>=,0.05,-1
183,sample5_72h.json,87,97,0,0,TN,0.28917781872879955,>=,0.05,-1
184,sample5_72h.json,87,165,0,0,TN,0.5132147117688344,>=,0.05,-1
185,sample5_72h.json,88,90,0,0,TN,0.713380311967267,>=,0.05,-1
186,sample5_72h.json,88,165,0,0,TN,0.6937715069515128,>=,0.05,-1
187,sample5_72h.json,89,94,0,0,TN,0.6533635331403662,>=,0.05,-1
188,sample5_72h.json,89,96,0,0,TN,0.24257810200027285,>=,0.05,-1
189,sample5_72h.json,89,99,0,0,TN,0.035847006725383546,>=,0.05,-1
190,sample5_72h.json,90,96,0,0,TN,0.8367327032767707,>=,0.05,-1
191,sample5_72h.json,90,163,0,0,TN,0.38413959545202403,>=,0.05,-1
192,sample5_72h.json,90,165,0,1,FP,0.8659460340772891,>=,0.05,-1
193,sample5_72h.json,91,93,0,1,FP,0.6919123541377202,>=,0.05,-1
194,sample5_72h.json,91,109,0,0,TN,0.338436974789327,>=,0.05,-1
195,sample5_72h.json,91,116,0,0,TN,0.3198860112258015,>=,0.05,-1
196,sample5_72h.json,91,117,0,0,TN,0.42137084660287594,>=,0.05,-1
197,sample5_72h.json,92,97,0,0,TN,0.6170627569578528,>=,0.05,-1
198,sample5_72h.json,92,98,0,1,FP,0.5545252729895171,>=,0.05,-1
199,sample5_72h.json,92,101,1,0,FN,0.7703688339082221,>=,0.05,19
200,sample5_72h.json,93,94,0,0,TN,0.793405923726557,>=,0.05,-1
201,sample5_72h.json,93,105,0,0,TN,0.3202748341878131,>=,0.05,-1
202,sample5_72h.json,93,109,1,0,FN,0.27417444887501885,>=,0.05,19
203,sample5_72h.json,94,99,0,0,TN,0.5133155809087967,>=,0.05,-1
204,sample5_72h.json,94,105,0,0,TN,0.21005693756916322,>=,0.05,-1
205,sample5_72h.json,94,106,0,0,TN,0.4953417143647385,>=,0.05,-1
206,sample5_72h.json,96,99,0,1,FP,0.5489301662893771,>=,0.05,-1
207,sample5_72h.json,96,102,0,0,TN,0.21082386863115166,>=,0.05,-1
208,sample5_72h.json,96,111,0,0,TN,0.5886815221791775,>=,0.05,-1
209,sample5_72h.json,96,163,1,0,FN,0.6413531334457638,>=,0.05,25
210,sample5_72h.json,97,101,0,0,TN,0.11371126954786126,>=,0.05,-1
211,sample5_72h.json,97,108,1,0,FN,0.8251771895170334,>=,0.05,19
212,sample5_72h.json,97,164,0,1,FP,0.4694244980501514,>=,0.05,-1
213,sample5_72h.json,97,165,0,0,TN,0.3616517474422407,>=,0.05,-1
214,sample5_72h.json,98,101,0,0,TN,0.5581299677439113,>=,0.05,-1
215,sample5_72h.json,98,118,0,0,TN,0.11538812977881774,>=,0.05,-1
216,sample5_72h.json,99,102,1,0,FN,0.4985958945213316,>=,0.05,19
217,sample5_72h.json,99,106,0,0,TN,0.1069724002564455,>=,0.05,-1
218,sample5_72h.json,101,108,0,0,TN,0.10025838303285561,>=,0.05,-1
219,sample5_72h.json,101,115,0,1,FP,0.8953880734318826,>=,0.05,-1
220,sample5_72h.json,101,118,0,0,TN,0.5879190119416864,>=,0.05,-1
221,sample5_72h.json,102,106,0,1,FP,0.7404397102412225,>=,0.05,-1
222,sample5_72h.json,102,110,0,0,TN,0.14935419375169157,>=,0.05,-1
223,sample5_72h.json,102,111,0,0,TN,0.05751866026939845,>=,0.05,-1
224,sample5_72h.json,105,106,0,0,TN,0.46137867092874396,>=,0.05,-1
225,sample5_72h.json,105,109,0,0,TN,0.30986605994127836,>=,0.05,-1
226,sample5_72h.json,105,110,0,0,TN,0.08403801035747649,>=,0.05,-1
227,sample5_72h.json,105,120,1,0,FN,0.17405830710668224,>=,0.05,19
228,sample5_72h.json,105,121,0,1,FP,0.5910979421640998,>=,0.05,-1
229,sample5_72h.json,106,110,1,0,FN,0.07760529281550688,>=,0.05,19
230,sample5_72h.json,107,108,0,1,FP,0.9424668365695249,>=,0.05,-1
231,sample5_72h.json,107,112,0,0,TN,0.010870747633565103,>=,0.05,-1
232,sample5_72h.json,107,113,0,0,TN,0.3668863949845227,>=,0.05,-1
233,sample5_72h.json,107,163,0,0,TN,0.40828737852221075,>=,0.05,-1
234,sample5_72h.json,107,164,0,0,TN,0.19490978345658416,>=,0.05,-1
235,sample5_72h.json,108,113,0,0,TN,0.7094310620448988,>=,0.05,-1
236,sample5_72h.json,108,115,0,0,TN,0.9520585160986801,>=,0.05,-1
237,sample5_72h.json,108,164,0,0,TN,0.328432222127479,>=,0.05,-1
238,sample5_72h.json,109,117,0,0,TN,0.07976792105014707,>=,0.05,-1
239,sample5_72h.json,109,121,0,0,TN,0.297584725537709,>=,0.05,-1
240,sample5_72h.json,110,111,0,0,TN,0.1300663052051202,>=,0.05,-1
241,sample5_72h.json,110,119,0,1,FP,0.8481563481794242,>=,0.05,-1
242,sample5_72h.json,110,120,0,0,TN,0.28643452112758316,>=,0.05,-1
243,sample5_72h.json,110,122,0,0,TN,0.6011756096201861,>=,0.05,-1
244,sample5_72h.json,111,112,1,0,FN,0.2558520351151199,>=,0.05,31
245,sample5_72h.json,111,119,0,0,TN,0.037850608817358244,>=,0.05,-1
246,sample5_72h.json,111,124,0,0,TN,0.5215383014303295,>=,0.05,-1
247,sample5_72h.json,111,163,0,1,FP,0.75884848678842,>=,0.05,-1
248,sample5_72h.json,112,113,0,1,FP,0.8429517044355521,>=,0.05,-1
249,sample5_72h.json,112,124,0,0,TN,0.30001225598306247,>=,0.05,-1
250,sample5_72h.json,112,125,0,0,TN,0.07316250705600369,>=,0.05,-1
251,sample5_72h.json,112,163,0,0,TN,0.26316225765249956,>=,0.05,-1
252,sample5_72h.json,113,115,0,0,TN,0.4823094604629139,>=,0.05,-1
253,sample5_72h.json,113,123,1,0,FN,0.8965476735669945,>=,0.05,19
254,sample5_72h.json,113,125,0,0,TN,0.8284463772231399,>=,0.05,-1
255,sample5_72h.json,115,118,1,0,FN,0.18328234930913756,>=,0.05,19
256,sample5_72h.json,115,123,0,0,TN,0.5476534866927806,>=,0.05,-1
257,sample5_72h.json,115,127,0,0,TN,0.5586710085227373,>=,0.05,-1
258,sample5_72h.json,116,117,1,1,TP,0.38351283766418753,>=,0.05,19
259,sample5_72h.json,117,121,0,0,TN,0.5797622742250643,>=,0.05,-1
260,sample5_72h.json,118,126,0,0,TN,0.9315309656243032,>=,0.05,-1
261,sample5_72h.json,118,127,0,0,TN,0.10698732443664083,>=,0.05,-1
262,sample5_72h.json,118,128,0,1,FP,0.9390724379833321,>=,0.05,-1
263,sample5_72h.json,119,122,1,0,FN,0.5369790520551089,>=,0.05,19
264,sample5_72h.json,119,124,0,0,TN,0.7238165890730807,>=,0.05,-1
265,sample5_72h.json,119,131,0,0,TN,0.3511430492986868,>=,0.05,-1
266,sample5_72h.json,120,121,0,0,TN,0.04870551176163529,>=,0.05,-1
267,sample5_72h.json,120,122,0,0,TN,0.20287977078695207,>=,0.05,-1
268,sample5_72h.json,120,130,0,0,TN,0.18497828742517664,>=,0.05,-1
269,sample5_72h.json,120,132,0,0,TN,0.4855583602638359,>=,0.05,-1
270,sample5_72h.json,121,132,0,0,TN,0.4835689433647943,>=,0.05,-1
271,sample5_72h.json,122,130,0,0,TN,0.6158312208285949,>=,0.05,-1
272,sample5_72h.json,122,131,0,1,FP,0.5422921929704889,>=,0.05,-1
273,sample5_72h.json,123,125,0,0,TN,0.8979168932237347,>=,0.05,-1
274,sample5_72h.json,123,127,0,1,FP,0.8239216563201397,>=,0.05,-1
275,sample5_72h.json,124,125,0,1,FP,0.8344524747695624,>=,0.05,-1
276,sample5_72h.json,124,131,0,0,TN,0.6345273902329175,>=,0.05,-1
277,sample5_72h.json,124,133,1,0,FN,0.9684008466044959,>=,0.05,19
278,sample5_72h.json,125,127,0,0,TN,0.9923359704089633,>=,0.05,-1
279,sample5_72h.json,125,133,0,0,TN,0.001944921167131075,>=,0.05,-1
280,sample5_72h.json,125,138,0,0,TN,0.5007182472054874,>=,0.05,-1
281,sample5_72h.json,125,145,0,0,TN,0.17797173416166878,>=,0.05,-1
282,sample5_72h.json,126,128,0,0,TN,0.9234874934982676,>=,0.05,-1
283,sample5_72h.json,126,134,0,0,TN,0.2524184074400523,>=,0.05,-1
284,sample5_72h.json,126,135,0,1,FP,0.8320257601853109,>=,0.05,-1
285,sample5_72h.json,127,128,1,0,FN,0.3944584540206991,>=,0.05,31
286,sample5_72h.json,127,138,0,0,TN,0.06968723693219048,>=,0.05,-1
287,sample5_72h.json,128,135,0,0,TN,0.4401499204662024,>=,0.05,-1
288,sample5_72h.json,128,138,0,0,TN,0.6669134458837368,>=,0.05,-1
289,sample5_72h.json,128,139,0,0,TN,0.6250804353883888,>=,0.05,-1
290,sample5_72h.json,128,144,0,0,TN,0.5036608666346665,>=,0.05,-1
291,sample5_72h.json,130,131,0,0,TN,0.1681318326510125,>=,0.05,-1
292,sample5_72h.json,130,132,0,1,FP,0.9899053825008444,>=,0.05,-1
293,sample5_72h.json,130,136,0,0,TN,0.6754426334049864,>=,0.05,-1
294,sample5_72h.json,130,137,0,0,TN,0.6778016321909861,>=,0.05,-1
295,sample5_72h.json,130,146,0,0,TN,0.16100437484391306,>=,0.05,-1
296,sample5_72h.json,130,148,0,0,TN,0.8715764380859595,>=,0.05,-1
297,sample5_72h.json,131,133,0,0,TN,0.22693820883891724,>=,0.05,-1
298,sample5_72h.json,131,137,1,0,FN,0.5171675784546903,>=,0.05,19
299,sample5_72h.json,131,140,0,0,TN,0.06089304150194863,>=,0.05,-1
300,sample5_72h.json,131,141,0,0,TN,0.6287080660400716,>=,0.05,-1
301,sample5_72h.json,132,136,1,0,FN,0.6727716784275841,>=,0.05,19
302,sample5_72h.json,133,140,0,0,TN,0.8891737945036332,>=,0.05,-1
303,sample5_72h.json,133,145,0,0,TN,0.7037772620363232,>=,0.05,-1
304,sample5_72h.json,133,147,0,1,FP,0.834925668237415,>=,0.05,-1
305,sample5_72h.json,134,135,0,0,TN,0.3229485027015311,>=,0.05,-1
306,sample5_72h.json,134,142,1,1,TP,0.937076387668386,>=,0.05,19
307,sample5_72h.json,135,139,0,0,TN,0.19551697442706573,>=,0.05,-1
308,sample5_72h.json,135,142,0,0,TN,0.02133611245608369,>=,0.05,-1
309,sample5_72h.json,135,151,0,0,TN,0.7352865346353767,>=,0.05,-1
310,sample5_72h.json,136,148,0,1,FP,0.8030972605450102,>=,0.05,-1
311,sample5_72h.json,137,141,0,1,FP,0.8495533090043575,>=,0.05,-1
312,sample5_72h.json,137,146,0,0,TN,0.19383118542300004,>=,0.05,-1
313,sample5_72h.json,138,144,0,1,FP,0.903280603108067,>=,0.05,-1
314,sample5_72h.json,138,145,1,0,FN,0.6358868968479434,>=,0.05,31
315,sample5_72h.json,139,144,1,0,FN,0.06944504168453225,>=,0.05,31
316,sample5_72h.json,139,151,0,1,FP,0.9443017626530406,>=,0.05,-1
317,sample5_72h.json,139,155,0,0,TN,0.3485201353224263,>=,0.05,-1
318,sample5_72h.json,140,141,1,0,FN,0.18705462171887022,>=,0.05,19
319,sample5_72h.json,140,147,0,0,TN,0.3906684806043921,>=,0.05,-1
320,sample5_72h.json,140,153,0,1,FP,0.7367327451099865,>=,0.05,-1
321,sample5_72h.json,141,146,0,0,TN,0.5726202601417714,>=,0.05,-1
322,sample5_72h.json,141,150,0,0,TN,0.8198316844849333,>=,0.05,-1
323,sample5_72h.json,141,153,0,0,TN,0.5749866515321053,>=,0.05,-1
324,sample5_72h.json,142,151,0,0,TN,0.8772953987665314,>=,0.05,-1
325,sample5_72h.json,144,145,0,0,TN,0.23546220476720292,>=,0.05,-1
326,sample5_72h.json,144,154,0,0,TN,0.4378539549037448,>=,0.05,-1
327,sample5_72h.json,144,155,0,0,TN,0.5253539618635823,>=,0.05,-1
328,sample5_72h.json,145,147,0,0,TN,0.11305633260516235,>=,0.05,-1
329,sample5_72h.json,145,152,0,1,FP,0.6991061911624301,>=,0.05,-1
330,sample5_72h.json,145,154,0,0,TN,0.6687330977011756,>=,0.05,-1
331,sample5_72h.json,145,156,0,0,TN,0.29983328490344385,>=,0.05,-1
332,sample5_72h.json,146,148,0,0,TN,0.4742167283799199,>=,0.05,-1
333,sample5_72h.json,146,149,0,1,FP,0.9656843773285372,>=,0.05,-1
334,sample5_72h.json,146,150,1,0,FN,0.6845051801592555,>=,0.05,19
335,sample5_72h.json,146,157,0,0,TN,0.6282013209558128,>=,0.05,-1
336,sample5_72h.json,147,152,1,0,FN,0.4022983588423281,>=,0.05,19
337,sample5_72h.json,147,153,0,0,TN,0.5060098308541968,>=,0.05,-1
338,sample5_72h.json,148,149,1,0,FN,0.9244615409312622,>=,0.05,19
339,sample5_72h.json,149,157,0,0,TN,0.6558703020362249,>=,0.05,-1
340,sample5_72h.json,150,153,0,0,TN,0.8077495773091082,>=,0.05,-1
341,sample5_72h.json,150,157,0,1,FP,0.6617844537107332,>=,0.05,-1
342,sample5_72h.json,151,155,1,0,FN,0.06820374896672698,>=,0.05,31
343,sample5_72h.json,152,153,0,0,TN,0.1681792751990442,>=,0.05,-1
344,sample5_72h.json,152,156,0,0,TN,0.055619266456343186,>=,0.05,-1
345,sample5_72h.json,152,158,0,0,TN,0.21730626008954224,>=,0.05,-1
346,sample5_72h.json,153,157,0,0,TN,0.056244593526570075,>=,0.05,-1
347,sample5_72h.json,153,158,1,0,FN,0.8013006684786571,>=,0.05,19
348,sample5_72h.json,153,161,0,0,TN,0.9478899969678543,>=,0.05,-1
349,sample5_72h.json,153,162,0,0,TN,0.22935819727581264,>=,0.05,-1
350,sample5_72h.json,154,155,0,0,TN,0.11679744867671471,>=,0.05,-1
351,sample5_72h.json,154,156,1,0,FN,0.4269619329217669,>=,0.05,29
352,sample5_72h.json,154,159,0,0,TN,0.48985577400443825,>=,0.05,-1
353,sample5_72h.json,154,160,0,1,FP,0.7848506259774615,>=,0.05,-1
354,sample5_72h.json,155,159,0,1,FP,0.39955241800525176,>=,0.05,-1
355,sample5_72h.json,156,158,0,1,FP,0.8411163422763354,>=,0.05,-1
356,sample5_72h.json,156,160,0,0,TN,0.9599184743050232,>=,0.05,-1
357,sample5_72h.json,156,162,0,0,TN,0.3805420830509698,>=,0.05,-1
358,sample5_72h.json,157,161,0,0,TN,0.9489635864043588,>=,0.05,-1
359,sample5_72h.json,158,162,0,0,TN,0.40199799248792323,>=,0.05,-1
360,sample5_72h.json,159,160,1,0,FN,0.7592299840987564,>=,0.05,19
361,sample5_72h.json,161,162,1,1,TP,0.7037169198158914,>=,0.05,19
362,sample5_72h.json,163,165,0,0,TN,0.27342493645011967,>=,0.05,-1
363,sample5_72h.json,164,165,1,0,FN,0.03966315416506905,>=,0.05,19
1,sample6_22h.json,0,2,0,0,TN,0.289688333115548,>=,0.05,-1
2,sample6_22h.json,0,4,0,0,TN,0.11182705546972038,>=,0.05,-1
3,sample6_22h.json,0,8,0,0,TN,0.5872428565017643,>=,0.05,-1
4,sample6_22h.json,1,2,1,0,FN,0.017432047239844706,>=,0.05,16
5,sample6_22h.json,1,3,0,1,FP,0.7002964215643065,>=,0.05,-1
6,sample6_22h.json,1,5,0,0,TN,0.5622359729147407,>=,0.05,-1
7,sample6_22h.json,2,4,0,0,TN,0.46400808127991755,>=,0.05,-1
8,sample6_22h.json,2,5,0,1,FP,0.9722900985880168,>=,0.05,-1
9,sample6_22h.json,3,5,0,0,TN,0.8168212253235122,>=,0.05,-1
10,sample6_22h.json,3,6,0,0,TN,0.011067790409348133,>=,0.05,-1
11,sample6_22h.json,3,10,0,0,TN,0.05346846716739251,>=,0.05,-1
12,sample6_22h.json,4,5,0,0,TN,0.6193229164061457,>=,0.05,-1
13,sample6_22h.json,4,8,0,0,TN,0.7327201384719316,>=,0.05,-1
14,sample6_22h.json,4,11,0,1,FP,0.6747802884700955,>=,0.05,-1
15,sample6_22h.json,5,10,0,0,TN,0.12013258205999444,>=,0.05,-1
16,sample6_22h.json,5,11,0,0,TN,0.7227645159779424,>=,0.05,-1
17,sample6_22h.json,5,15,0,0,TN,0.8328333084167717,>=,0.05,-1
18,sample6_22h.json,6,7,0,0,TN,0.6321447723012432,>=,0.05,-1
19,sample6_22h.json,6,10,0,1,FP,0.7670083281739698,>=,0.05,-1
20,sample6_22h.json,6,13,0,0,TN,0.4079068804340351,>=,0.05,-1
21,sample6_22h.json,7,9,0,0,TN,0.1806617700480443,>=,0.05,-1
22,sample6_22h.json,7,13,0,1,FP,0.7756663694426736,>=,0.05,-1
23,sample6_22h.json,7,16,0,0,TN,0.0999470156753075,>=,0.05,-1
24,sample6_22h.json,8,11,0,0,TN,0.1258711865940899,>=,0.05,-1
25,sample6_22h.json,8,12,0,1,FP,0.7767513040112705,>=,0.05,-1
26,sample6_22h.json,8,14,1,0,FN,0.020232008484593278,>=,0.05,10
27,sample6_22h.json,9,16,0,0,TN,0.16928189844094244,>=,0.05,-1
28,sample6_22h.json,9,17,0,1,FP,0.6458417267128223,>=,0.05,-1
29,sample6_22h.json,10,13,0,0,TN,0.5194286866741198,>=,0.05,-1
30,sample6_22h.json,10,15,0,0,TN,0.7175838604525577,>=,0.05,-1
31,sample6_22h.json,10,18,0,0,TN,0.3099547169777537,>=,0.05,-1
32,sample6_22h.json,11,14,0,0,TN,0.8122748245638662,>=,0.05,-1
33,sample6_22h.json,11,15,0,0,TN,0.7103334311353856,>=,0.05,-1
34,sample6_22h.json,11,23,0,0,TN,0.5406891968071523,>=,0.05,-1
35,sample6_22h.json,11,26,0,0,TN,0.1814023960898119,>=,0.05,-1
36,sample6_22h.json,12,14,0,0,TN,0.35116713167718205,>=,0.05,-1
37,sample6_22h.json,12,21,1,0,FN,0.20042741386183782,>=,0.05,14
38,sample6_22h.json,12,24,0,0,TN,0.6143033295364,>=,0.05,-1
39,sample6_22h.json,13,16,0,0,TN,0.8215311110061372,>=,0.05,-1
40,sample6_22h.json,13,18,0,0,TN,0.2512213977425384,>=,0.05,-1
41,sample6_22h.json,13,19,0,0,TN,0.9240996026070453,>=,0.05,-1
42,sample6_22h.json,13,20,0,0,TN,0.5937999719889688,>=,0.05,-1
43,sample6_22h.json,14,23,0,1,FP,0.8143626194398211,>=,0.05,-1
44,sample6_22h.json,14,24,0,0,TN,0.6463118456471107,>=,0.05,-1
45,sample6_22h.json,14,30,0,0,TN,0.27373764760537167,>=,0.05,-1
46,sample6_22h.json,15,18,0,1,FP,0.9288500621083271,>=,0.05,-1
47,sample6_22h.json,15,22,0,0,TN,0.9183742542676308,>=,0.05,-1
48,sample6_22h.json,15,26,0,0,TN,0.41445485184675546,>=,0.05,-1
49,sample6_22h.json,16,17,1,0,FN,0.7585606132464507,>=,0.05,12
50,sample6_22h.json,16,20,0,1,FP,0.7990082610566032,>=,0.05,-1
51,sample6_22h.json,16,25,0,0,TN,0.5816314322187549,>=,0.05,-1
52,sample6_22h.json,17,25,0,0,TN,0.5051251010742642,>=,0.05,-1
53,sample6_22h.json,18,19,1,0,FN,0.40316239508403584,>=,0.05,16
54,sample6_22h.json,18,22,0,0,TN,0.5519445318305296,>=,0.05,-1
55,sample6_22h.json,19,20,0,0,TN,0.30701052093461023,>=,0.05,-1
56,sample6_22h.json,19,22,0,0,TN,0.21770679755090927,>=,0.05,-1
57,sample6_22h.json,19,28,0,1,FP,0.5890344978552534,>=,0.05,-1
58,sample6_22h.json,19,29,0,0,TN,0.04369434984513709,>=,0.05,-1
59,sample6_22h.json,20,25,0,0,TN,0.5085109740306771,>=,0.05,-1
60,sample6_22h.json,20,27,0,0,TN,0.8376658425345583,>=,0.05,-1
61,sample6_22h.json,20,29,0,0,TN,0.029366438356722924,>=,0.05,-1
62,sample6_22h.json,20,31,0,0,TN,0.835080722022197,>=,0.05,-1
63,sample6_22h.json,21,24,0,1,FP,0.9609872408628617,>=,0.05,-1
64,sample6_22h.json,21,33,0,0,TN,0.09606351729887141,>=,0.05,-1
65,sample6_22h.json,22,26,0,0,TN,0.07260168352176588,>=,0.05,-1
66,sample6_22h.json,22,28,1,0,FN,0.030301821464998824,>=,0.05,22
67,sample6_22h.json,22,32,0,1,FP,0.5818711129090735,>=,0.05,-1
68,sample6_22h.json,23,26,0,0,TN,0.4053353844691673,>=,0.05,-1
69,sample6_22h.json,23,30,0,0,TN,0.6735399516704688,>=,0.05,-1
70,sample6_22h.json,23,35,0,0,TN,0.18322135789471483,>=,0.05,-1
71,sample6_22h.json,24,30,0,0,TN,0.6993558570910288,>=,0.05,-1
72,sample6_22h.json,24,33,0,0,TN,0.42414132465362453,>=,0.05,-1
73,sample6_22h.json,24,37,0,0,TN,0.9492903038570203,>=,0.05,-1
74,sample6_22h.json,25,27,1,1,TP,0.6897184331469907,>=,0.05,2
75,sample6_22h.json,26,32,0,0,TN,0.5848940223788406,>=,0.05,-1
76,sample6_22h.json,26,35,0,0,TN,0.53218304109608,>=,0.05,-1
77,sample6_22h.json,26,39,0,1,FP,0.4144911048484867,>=,0.05,-1
78,sample6_22h.json,27,31,0,0,TN,0.10987876169719424,>=,0.05,-1
79,sample6_22h.json,27,34,0,0,TN,0.8030060903636042,>=,0.05,-1
80,sample6_22h.json,28,29,0,0,TN,0.6478422850264886,>=,0.05,-1
81,sample6_22h.json,28,32,0,0,TN,0.20502412974690543,>=,0.05,-1
82,sample6_22h.json,28,36,0,0,TN,0.03888540929506146,>=,0.05,-1
83,sample6_22h.json,28,42,0,0,TN,0.10585247961151378,>=,0.05,-1
84,sample6_22h.json,29,31,0,0,TN,0.014749898945258355,>=,0.05,-1
85,sample6_22h.json,29,36,0,0,TN,0.9653239666560608,>=,0.05,-1
86,sample6_22h.json,29,38,1,1,TP,0.5877541665833862,>=,0.05,16
87,sample6_22h.json,30,35,0,0,TN,0.4156055830428915,>=,0.05,-1
88,sample6_22h.json,30,37,0,1,FP,0.37243513122969385,>=,0.05,-1
89,sample6_22h.json,31,34,1,1,TP,0.820452529866303,>=,0.05,14
90,sample6_22h.json,31,38,0,0,TN,0.4650199111007792,>=,0.05,-1
91,sample6_22h.json,31,44,0,0,TN,0.9306879206967176,>=,0.05,-1
92,sample6_22h.json,32,39,1,0,FN,0.6526680000448526,>=,0.05,4
93,sample6_22h.json,32,42,0,0,TN,0.21399971062834666,>=,0.05,-1
94,sample6_22h.json,33,37,0,0,TN,0.8836613876703896,>=,0.05,-1
95,sample6_22h.json,33,41,0,1,FP,0.7393361089301899,>=,0.05,-1
96,sample6_22h.json,33,49,0,0,TN,0.20758479240874783,>=,0.05,-1
97,sample6_22h.json,33,54,1,0,FN,0.6124417501271336,>=,0.05,22
98,sample6_22h.json,33,57,0,0,TN,0.5262123539375058,>=,0.05,-1
99,sample6_22h.json,34,44,0,0,TN,0.1710165541210843,>=,0.05,-1
100,sample6_22h.json,34,47,0,0,TN,0.5098446638972245,>=,0.05,-1
101,sample6_22h.json,35,37,0,0,TN,0.8895591081842245,>=,0.05,-1
102,sample6_22h.json,35,39,0,0,TN,0.8183139051750236,>=,0.05,-1
103,sample6_22h.json,35,46,0,1,FP,0.8815376451667217,>=,0.05,-1
104,sample6_22h.json,35,51,0,0,TN,0.9771693095448233,>=,0.05,-1
105,sample6_22h.json,35,53,0,0,TN,0.9976467892017766,>=,0.05,-1
106,sample6_22h.json,36,38,0,0,TN,0.7584113477828882,>=,0.05,-1
107,sample6_22h.json,36,42,0,1,FP,0.9818938919157054,>=,0.05,-1
108,sample6_22h.json,36,43,1,0,FN,0.13978701161268914,>=,0.05,22
109,sample6_22h.json,36,58,0,0,TN,0.4497802060573861,>=,0.05,-1
110,sample6_22h.json,37,49,1,0,FN,0.1273983894446823,>=,0.05,16
111,sample6_22h.json,37,53,0,0,TN,0.44362948704040783,>=,0.05,-1
112,sample6_22h.json,38,43,0,0,TN,0.0497182493847701,>=,0.05,-1
113,sample6_22h.json,38,44,0,0,TN,0.01982638021532812,>=,0.05,-1
114,sample6_22h.json,39,42,0,0,TN,0.5034927090072887,>=,0.05,-1
115,sample6_22h.json,39,46,0,0,TN,0.4143987135508601,>=,0.05,-1
116,sample6_22h.json,40,52,0,1,FP,0.7796473111480529,>=,0.05,-1
117,sample6_22h.json,40,67,0,0,TN,0.19869479647795896,>=,0.05,-1
118,sample6_22h.json,40,69,0,0,TN,0.13121648791219365,>=,0.05,-1
119,sample6_22h.json,41,45,0,0,TN,0.1269332234941739,>=,0.05,-1
120,sample6_22h.json,41,54,0,0,TN,0.6580744558983496,>=,0.05,-1
121,sample6_22h.json,41,62,1,0,FN,0.1785400816011964,>=,0.05,16
122,sample6_22h.json,42,46,0,0,TN,0.27917458101305903,>=,0.05,-1
123,sample6_22h.json,42,55,0,0,TN,0.6835069824747423,>=,0.05,-1
124,sample6_22h.json,42,58,0,0,TN,0.4872110866608891,>=,0.05,-1
125,sample6_22h.json,42,60,0,0,TN,0.2704773753771219,>=,0.05,-1
126,sample6_22h.json,43,44,0,0,TN,0.5142287346964047,>=,0.05,-1
127,sample6_22h.json,43,50,0,0,TN,0.14979063471134724,>=,0.05,-1
128,sample6_22h.json,43,58,0,0,TN,0.31909882165183623,>=,0.05,-1
129,sample6_22h.json,43,126,0,1,FP,0.8134928303599775,>=,0.05,-1
130,sample6_22h.json,44,47,0,0,TN,0.8834775511916803,>=,0.05,-1
131,sample6_22h.json,44,50,1,1,TP,0.9491984776156426,>=,0.05,4
132,sample6_22h.json,45,59,1,1,TP,0.37155286346902094,>=,0.05,20
133,sample6_22h.json,45,62,0,0,TN,0.26739420752990206,>=,0.05,-1
134,sample6_22h.json,46,51,0,0,TN,0.03601360781703333,>=,0.05,-1
135,sample6_22h.json,46,55,0,0,TN,0.6219009185316818,>=,0.05,-1
136,sample6_22h.json,46,68,0,0,TN,0.3315557535188409,>=,0.05,-1
137,sample6_22h.json,47,50,0,0,TN,0.04382627837315789,>=,0.05,-1
138,sample6_22h.json,47,61,1,1,TP,0.5368874775808274,>=,0.05,4
139,sample6_22h.json,48,52,0,0,TN,0.17125324791020358,>=,0.05,-1
140,sample6_22h.json,48,56,0,0,TN,0.15894376567013424,>=,0.05,-1
141,sample6_22h.json,48,66,0,0,TN,0.0488061121408816,>=,0.05,-1
142,sample6_22h.json,49,53,0,0,TN,0.9095400157803709,>=,0.05,-1
143,sample6_22h.json,49,57,0,1,FP,0.545874952065777,>=,0.05,-1
144,sample6_22h.json,50,61,0,0,TN,0.12659241240250507,>=,0.05,-1
145,sample6_22h.json,50,126,0,0,TN,0.14724210534793625,>=,0.05,-1
146,sample6_22h.json,51,53,0,1,FP,0.9378547128665964,>=,0.05,-1
147,sample6_22h.json,51,68,0,0,TN,0.07562281721436492,>=,0.05,-1
148,sample6_22h.json,51,73,0,0,TN,0.6174990316855253,>=,0.05,-1
149,sample6_22h.json,51,75,1,0,FN,0.029899251336277577,>=,0.05,22
150,sample6_22h.json,51,79,0,0,TN,0.3816778003456386,>=,0.05,-1
151,sample6_22h.json,52,66,0,0,TN,0.9423847546206783,>=,0.05,-1
152,sample6_22h.json,52,69,0,0,TN,0.3668956574386213,>=,0.05,-1
153,sample6_22h.json,52,70,1,0,FN,0.4445653440692381,>=,0.05,18
154,sample6_22h.json,53,57,0,0,TN,0.0708838002509895,>=,0.05,-1
155,sample6_22h.json,53,75,0,0,TN,0.07171130454580055,>=,0.05,-1
156,sample6_22h.json,53,85,0,0,TN,0.5737433057734829,>=,0.05,-1
157,sample6_22h.json,53,87,0,0,TN,0.9539563268558093,>=,0.05,-1
158,sample6_22h.json,53,90,0,0,TN,0.8671580494928267,>=,0.05,-1
159,sample6_22h.json,54,57,0,0,TN,0.6504584759402567,>=,0.05,-1
160,sample6_22h.json,54,62,0,1,FP,0.9785640685703951,>=,0.05,-1
161,sample6_22h.json,54,76,0,0,TN,0.4317497619350441,>=,0.05,-1
162,sample6_22h.json,54,77,0,0,TN,0.9577731123587189,>=,0.05,-1
163,sample6_22h.json,55,60,1,1,TP,0.524119407217434,>=,0.05,4
164,sample6_22h.json,55,68,0,0,TN,0.06345293227982518,>=,0.05,-1
165,sample6_22h.json,56,65,0,1,FP,0.4645449317111877,>=,0.05,-1
166,sample6_22h.json,56,66,0,0,TN,0.9668131511423436,>=,0.05,-1
167,sample6_22h.json,56,71,1,0,FN,0.41674937107513765,>=,0.05,4
168,sample6_22h.json,57,77,0,0,TN,0.985430318271653,>=,0.05,-1
169,sample6_22h.json,57,86,0,0,TN,0.3889237530953277,>=,0.05,-1
170,sample6_22h.json,57,87,0,0,TN,0.16164251117706518,>=,0.05,-1
171,sample6_22h.json,58,60,0,0,TN,0.2545311474758578,>=,0.05,-1
172,sample6_22h.json,58,74,0,0,TN,0.23969711470279453,>=,0.05,-1
173,sample6_22h.json,58,82,0,1,FP,0.5824631540857143,>=,0.05,-1
174,sample6_22h.json,58,126,0,0,TN,0.15940466078278004,>=,0.05,-1
175,sample6_22h.json,59,62,0,0,TN,0.3583899689115101,>=,0.05,-1
176,sample6_22h.json,59,67,0,0,TN,0.9705015996290706,>=,0.05,-1
177,sample6_22h.json,59,78,0,0,TN,0.11553348598760493,>=,0.05,-1
178,sample6_22h.json,59,80,0,0,TN,0.6525123770836456,>=,0.05,-1
179,sample6_22h.json,60,68,0,0,TN,0.22646812161859475,>=,0.05,-1
180,sample6_22h.json,60,74,0,0,TN,0.4052803888075964,>=,0.05,-1
181,sample6_22h.json,61,72,0,0,TN,0.07783222667682332,>=,0.05,-1
182,sample6_22h.json,61,81,0,0,TN,0.7547185626759957,>=,0.05,-1
183,sample6_22h.json,61,126,0,0,TN,0.8493761002423943,>=,0.05,-1
184,sample6_22h.json,62,76,0,0,TN,0.7584507561234268,>=,0.05,-1
185,sample6_22h.json,62,80,0,0,TN,0.32864069365487936,>=,0.05,-1
186,sample6_22h.json,65,71,0,0,TN,0.5410931315979477,>=,0.05,-1
187,sample6_22h.json,65,83,1,0,FN,0.31365805327184304,>=,0.05,8
188,sample6_22h.json,66,70,0,1,FP,0.9793895440121058,>=,0.05,-1
189,sample6_22h.json,66,71,0,0,TN,0.4271504248146094,>=,0.05,-1
190,sample6_22h.json,66,83,0,0,TN,0.8183798304930238,>=,0.05,-1
191,sample6_22h.json,66,84,0,0,TN,0.089836216523833,>=,0.05,-1
192,sample6_22h.json,66,89,0,0,TN,0.947059339597845,>=,0.05,-1
193,sample6_22h.json,67,69,1,0,FN,0.885204221978855,>=,0.05,18
194,sample6_22h.json,67,78,0,1,FP,0.6906454515396833,>=,0.05,-1
195,sample6_22h.json,67,89,0,0,TN,0.4820070503608178,>=,0.05,-1
196,sample6_22h.json,67,92,0,0,TN,0.6795081326395216,>=,0.05,-1
197,sample6_22h.json,68,73,1,1,TP,0.8357587515649877,>=,0.05,4
198,sample6_22h.json,68,74,0,0,TN,0.13324112693850387,>=,0.05,-1
199,sample6_22h.json,69,70,0,0,TN,0.6748043722693718,>=,0.05,-1
200,sample6_22h.json,69,84,0,1,FP,0.5528874738082336,>=,0.05,-1
201,sample6_22h.json,69,89,0,0,TN,0.6336488489700398,>=,0.05,-1
202,sample6_22h.json,70,84,0,0,TN,0.2603517654279701,>=,0.05,-1
203,sample6_22h.json,71,83,0,1,FP,0.9148039447127227,>=,0.05,-1
204,sample6_22h.json,72,81,1,1,TP,0.5093271833709154,>=,0.05,16
205,sample6_22h.json,72,82,0,0,TN,0.5739169892718546,>=,0.05,-1
206,sample6_22h.json,72,97,0,0,TN,0.5991267270879198,>=,0.05,-1
207,sample6_22h.json,72,126,0,0,TN,0.20599479511413732,>=,0.05,-1
208,sample6_22h.json,73,74,0,0,TN,0.1558705940544628,>=,0.05,-1
209,sample6_22h.json,73,79,0,0,TN,0.6285854666253977,>=,0.05,-1
210,sample6_22h.json,73,93,0,0,TN,0.20003807914098715,>=,0.05,-1
211,sample6_22h.json,74,82,1,0,FN,0.14834230969277307,>=,0.05,4
212,sample6_22h.json,74,93,0,1,FP,0.5672792902623887,>=,0.05,-1
213,sample6_22h.json,75,79,0,1,FP,0.9660877493420357,>=,0.05,-1
214,sample6_22h.json,75,85,0,0,TN,0.8775125021991073,>=,0.05,-1
215,sample6_22h.json,75,91,0,0,TN,0.5046822510750492,>=,0.05,-1
216,sample6_22h.json,75,103,0,0,TN,0.7135697655032339,>=,0.05,-1
217,sample6_22h.json,75,104,0,0,TN,0.22452624317347603,>=,0.05,-1
218,sample6_22h.json,76,77,0,0,TN,0.23009289560526314,>=,0.05,-1
219,sample6_22h.json,76,80,0,0,TN,0.5691988840094946,>=,0.05,-1
220,sample6_22h.json,76,88,1,0,FN,0.8715008853964527,>=,0.05,6
221,sample6_22h.json,76,94,0,1,FP,0.9474067109994267,>=,0.05,-1
222,sample6_22h.json,77,86,0,1,FP,0.871305686750928,>=,0.05,-1
223,sample6_22h.json,77,88,0,0,TN,0.21991101335132845,>=,0.05,-1
224,sample6_22h.json,77,95,1,0,FN,0.9174585806472955,>=,0.05,18
225,sample6_22h.json,78,80,0,0,TN,0.20828003244110393,>=,0.05,-1
226,sample6_22h.json,78,92,1,0,FN,0.6164187943033071,>=,0.05,22
227,sample6_22h.json,79,91,1,0,FN,0.7868082116958731,>=,0.05,6
228,sample6_22h.json,79,93,0,0,TN,0.2799967776775004,>=,0.05,-1
229,sample6_22h.json,79,104,0,0,TN,0.7096640290187283,>=,0.05,-1
230,sample6_22h.json,80,92,0,0,TN,0.5166044490456697,>=,0.05,-1
231,sample6_22h.json,80,94,0,0,TN,0.6542004063198128,>=,0.05,-1
232,sample6_22h.json,80,107,0,1,FP,0.745516570816213,>=,0.05,-1
233,sample6_22h.json,80,108,0,0,TN,0.40363861228031894,>=,0.05,-1
234,sample6_22h.json,81,97,0,0,TN,0.6241952901145725,>=,0.05,-1
235,sample6_22h.json,82,93,0,0,TN,0.6306273384994003,>=,0.05,-1
236,sample6_22h.json,82,97,0,0,TN,0.16758472620244358,>=,0.05,-1
237,sample6_22h.json,82,99,0,0,TN,0.34617322586812205,>=,0.05,-1
238,sample6_22h.json,84,89,1,0,FN,0.08286781201842242,>=,0.05,18
239,sample6_22h.json,85,90,1,1,TP,0.7569589795216343,>=,0.05,6
240,sample6_22h.json,85,103,0,0,TN,0.5733377480904177,>=,0.05,-1
241,sample6_22h.json,86,87,0,0,TN,0.38037716287490475,>=,0.05,-1
242,sample6_22h.json,86,95,0,0,TN,0.030843642222432743,>=,0.05,-1
243,sample6_22h.json,86,96,1,0,FN,0.553891269254453,>=,0.05,8
244,sample6_22h.json,86,100,0,0,TN,0.5419033846047556,>=,0.05,-1
245,sample6_22h.json,87,90,0,0,TN,0.45867701354077217,>=,0.05,-1
246,sample6_22h.json,87,98,1,1,TP,0.827843364739216,>=,0.05,6
247,sample6_22h.json,87,100,0,0,TN,0.013543143232724209,>=,0.05,-1
248,sample6_22h.json,88,94,0,0,TN,0.9224155802533031,>=,0.05,-1
249,sample6_22h.json,88,95,0,1,FP,0.9737136906462106,>=,0.05,-1
250,sample6_22h.json,88,101,0,0,TN,0.1494313510444074,>=,0.05,-1
251,sample6_22h.json,89,92,0,1,FP,0.8706553578205102,>=,0.05,-1
252,sample6_22h.json,89,106,0,0,TN,0.6147430576426696,>=,0.05,-1
253,sample6_22h.json,90,98,0,0,TN,0.9103793266266946,>=,0.05,-1
254,sample6_22h.json,90,100,0,0,TN,0.7471038182199662,>=,0.05,-1
255,sample6_22h.json,90,103,0,0,TN,0.6645665090867445,>=,0.05,-1
256,sample6_22h.json,91,104,0,1,FP,0.7821078105009419,>=,0.05,-1
257,sample6_22h.json,92,106,0,0,TN,0.28155354493174944,>=,0.05,-1
258,sample6_22h.json,92,108,0,0,TN,0.49786186275136446,>=,0.05,-1
259,sample6_22h.json,93,99,0,0,TN,0.48930253130663415,>=,0.05,-1
260,sample6_22h.json,93,104,0,0,TN,0.15895906831357154,>=,0.05,-1
261,sample6_22h.json,93,109,0,0,TN,0.22921580260727947,>=,0.05,-1
262,sample6_22h.json,94,101,1,0,FN,0.01605111702064488,>=,0.05,6
263,sample6_22h.json,95,96,0,0,TN,0.8834692170426118,>=,0.05,-1
264,sample6_22h.json,95,101,0,0,TN,0.04648306754550069,>=,0.05,-1
265,sample6_22h.json,95,105,0,0,TN,0.093425645690971,>=,0.05,-1
266,sample6_22h.json,96,100,0,0,TN,0.6981005860297168,>=,0.05,-1
267,sample6_22h.json,96,105,0,1,FP,0.8650875935482075,>=,0.05,-1
268,sample6_22h.json,97,99,1,1,TP,0.6968661014503105,>=,0.05,8
269,sample6_22h.json,98,100,0,0,TN,0.7127103804210748,>=,0.05,-1
270,sample6_22h.json,99,109,0,0,TN,0.37371731197217706,>=,0.05,-1
271,sample6_22h.json,100,103,0,0,TN,0.7837381620057579,>=,0.05,-1
272,sample6_22h.json,100,105,0,0,TN,0.7731074262774136,>=,0.05,-1
273,sample6_22h.json,100,111,0,0,TN,0.35975681583036223,>=,0.05,-1
274,sample6_22h.json,100,115,0,1,FP,0.9220358866259438,>=,0.05,-1
275,sample6_22h.json,100,117,0,0,TN,0.4571384291796303,>=,0.05,-1
276,sample6_22h.json,101,105,0,0,TN,0.672644411436301,>=,0.05,-1
277,sample6_22h.json,101,110,0,0,TN,0.40115065422822027,>=,0.05,-1
278,sample6_22h.json,101,112,0,1,FP,0.5736348788531042,>=,0.05,-1
279,sample6_22h.json,101,113,0,0,TN,0.08610215006977406,>=,0.05,-1
280,sample6_22h.json,103,104,0,0,TN,0.42065894875755516,>=,0.05,-1
281,sample6_22h.json,103,111,1,0,FN,0.7628469628302806,>=,0.05,8
282,sample6_22h.json,103,119,0,1,FP,0.838890681855664,>=,0.05,-1
283,sample6_22h.json,104,109,0,0,TN,0.34089660436692604,>=,0.05,-1
284,sample6_22h.json,104,119,0,0,TN,0.054854795141611734,>=,0.05,-1
285,sample6_22h.json,105,110,1,0,FN,0.1687717255069997,>=,0.05,2
286,sample6_22h.json,105,115,0,0,TN,0.2829959751989748,>=,0.05,-1
287,sample6_22h.json,106,108,0,1,FP,0.4948350234135791,>=,0.05,-1
288,sample6_22h.json,106,114,0,0,TN,0.2631568623022762,>=,0.05,-1
289,sample6_22h.json,106,116,1,0,FN,0.37037736295788104,>=,0.05,20
290,sample6_22h.json,107,108,0,0,TN,0.017169427767427803,>=,0.05,-1
291,sample6_22h.json,107,112,0,0,TN,0.4141523864220772,>=,0.05,-1
292,sample6_22h.json,107,114,0,0,TN,0.6964210651029588,>=,0.05,-1
293,sample6_22h.json,107,120,0,0,TN,0.448904148868441,>=,0.05,-1
294,sample6_22h.json,108,114,1,0,FN,0.19401980173322986,>=,0.05,6
295,sample6_22h.json,110,113,0,1,FP,0.9303268877773644,>=,0.05,-1
296,sample6_22h.json,110,115,0,0,TN,0.18422677754297756,>=,0.05,-1
297,sample6_22h.json,111,117,0,1,FP,0.8683268443642139,>=,0.05,-1
298,sample6_22h.json,111,119,0,0,TN,0.1906589774700369,>=,0.05,-1
299,sample6_22h.json,111,122,0,0,TN,0.1509019007679243,>=,0.05,-1
300,sample6_22h.json,112,113,0,0,TN,0.4877572692312774,>=,0.05,-1
301,sample6_22h.json,112,118,1,0,FN,0.6603073826795844,>=,0.05,8
302,sample6_22h.json,112,120,0,0,TN,0.4529771704353157,>=,0.05,-1
303,sample6_22h.json,113,115,0,0,TN,0.5081523964160627,>=,0.05,-1
304,sample6_22h.json,113,118,0,0,TN,0.6234657220942288,>=,0.05,-1
305,sample6_22h.json,113,121,1,0,FN,0.4833276531156525,>=,0.05,6
306,sample6_22h.json,114,116,0,1,FP,0.9568546043613447,>=,0.05,-1
307,sample6_22h.json,114,120,0,0,TN,0.15132082163245142,>=,0.05,-1
308,sample6_22h.json,114,124,0,0,TN,0.3913384393153292,>=,0.05,-1
309,sample6_22h.json,115,117,0,0,TN,0.12772590690704055,>=,0.05,-1
310,sample6_22h.json,115,121,0,0,TN,0.1975571683537175,>=,0.05,-1
311,sample6_22h.json,115,123,1,0,FN,0.6200389290085795,>=,0.05,4
312,sample6_22h.json,117,122,0,0,TN,0.8665506730131524,>=,0.05,-1
313,sample6_22h.json,117,123,0,0,TN,0.3547727701769038,>=,0.05,-1
314,sample6_22h.json,117,125,0,0,TN,0.8547599959010653,>=,0.05,-1
315,sample6_22h.json,118,120,0,0,TN,0.38014193462785995,>=,0.05,-1
316,sample6_22h.json,118,121,0,1,FP,0.7092978563964994,>=,0.05,-1
317,sample6_22h.json,119,122,1,0,FN,0.11092464009747371,>=,0.05,14
318,sample6_22h.json,120,121,0,0,TN,0.5516963094216852,>=,0.05,-1
319,sample6_22h.json,120,123,0,0,TN,0.03863868694195649,>=,0.05,-1
320,sample6_22h.json,120,124,0,1,FP,0.14293242044948495,>=,0.05,-1
321,sample6_22h.json,120,125,0,0,TN,0.30431383241553034,>=,0.05,-1
322,sample6_22h.json,121,123,0,0,TN,0.04903744929770826,>=,0.05,-1
323,sample6_22h.json,123,125,0,1,FP,0.8724089602836419,>=,0.05,-1
324,sample6_22h.json,124,125,0,0,TN,0.8213072136865882,>=,0.05,-1
1,sample6_36h.json,0,1,1,1,TP,0.9318237152494258,>=,0.05,4
2,sample6_36h.json,0,2,0,0,TN,0.22472909455928092,>=,0.05,-1
3,sample6_36h.json,1,2,0,0,TN,0.4461359807974372,>=,0.05,-1
4,sample6_36h.json,1,3,0,0,TN,0.8089807504793256,>=,0.05,-1
5,sample6_36h.json,2,3,0,0,TN,0.27618939143685384,>=,0.05,-1
6,sample6_36h.json,2,4,0,0,TN,0.6473364205107842,>=,0.05,-1
7,sample6_36h.json,2,6,0,0,TN,0.34525833151188123,>=,0.05,-1
8,sample6_36h.json,2,8,0,0,TN,0.37689454049181115,>=,0.05,-1
9,sample6_36h.json,3,6,0,0,TN,0.6753725281515913,>=,0.05,-1
10,sample6_36h.json,3,7,1,1,TP,0.9393414570450596,>=,0.05,12
11,sample6_36h.json,4,5,1,1,TP,0.8099680978253043,>=,0.05,4
12,sample6_36h.json,4,8,0,0,TN,0.34804553163490937,>=,0.05,-1
13,sample6_36h.json,6,7,0,0,TN,0.06921605494389005,>=,0.05,-1
14,sample6_36h.json,6,8,0,1,FP,0.9689889933245671,>=,0.05,-1
15,sample6_36h.json,6,9,0,0,TN,0.3402238487851095,>=,0.05,-1
16,sample6_36h.json,6,13,0,0,TN,0.7193443100333936,>=,0.05,-1
17,sample6_36h.json,6,17,0,0,TN,0.057374990580951524,>=,0.05,-1
18,sample6_36h.json,8,9,0,0,TN,0.011783981743572536,>=,0.05,-1
19,sample6_36h.json,8,11,0,0,TN,0.641592815237417,>=,0.05,-1
20,sample6_36h.json,8,12,0,0,TN,0.8641757090716068,>=,0.05,-1
21,sample6_36h.json,9,11,1,0,FN,0.43261234449233676,>=,0.05,2
22,sample6_36h.json,9,17,0,0,TN,0.6373586055712471,>=,0.05,-1
23,sample6_36h.json,9,20,0,1,FP,0.7029349011251091,>=,0.05,-1
24,sample6_36h.json,10,12,0,1,FP,0.8495463370760121,>=,0.05,-1
25,sample6_36h.json,10,14,0,0,TN,0.09091824912211466,>=,0.05,-1
26,sample6_36h.json,10,19,0,0,TN,0.5345338168679294,>=,0.05,-1
27,sample6_36h.json,11,12,0,0,TN,0.4422937661503077,>=,0.05,-1
28,sample6_36h.json,11,16,0,0,TN,0.34025759687012214,>=,0.05,-1
29,sample6_36h.json,11,20,0,0,TN,0.370693740746989,>=,0.05,-1
30,sample6_36h.json,12,16,1,0,FN,0.41544740997071294,>=,0.05,2
31,sample6_36h.json,12,19,0,0,TN,0.1720324286519721,>=,0.05,-1
32,sample6_36h.json,13,17,1,1,TP,0.8636983912110319,>=,0.05,6
33,sample6_36h.json,13,26,0,0,TN,0.28878707465360387,>=,0.05,-1
34,sample6_36h.json,14,15,1,0,FN,0.39972230163855915,>=,0.05,12
35,sample6_36h.json,14,19,0,0,TN,0.5848102794269361,>=,0.05,-1
36,sample6_36h.json,14,21,0,1,FP,0.6862458042171485,>=,0.05,-1
37,sample6_36h.json,14,28,0,0,TN,0.49053175341684685,>=,0.05,-1
38,sample6_36h.json,15,18,0,1,FP,0.44263547930403957,>=,0.05,-1
39,sample6_36h.json,15,21,0,0,TN,0.36664069261669163,>=,0.05,-1
40,sample6_36h.json,16,19,0,0,TN,0.5041219284095702,>=,0.05,-1
41,sample6_36h.json,16,20,0,0,TN,0.2332993050896649,>=,0.05,-1
42,sample6_36h.json,16,27,0,0,TN,0.02025937609569195,>=,0.05,-1
43,sample6_36h.json,16,29,0,1,FP,0.9151573816871367,>=,0.05,-1
44,sample6_36h.json,17,20,0,0,TN,0.18852873392191072,>=,0.05,-1
45,sample6_36h.json,17,26,0,0,TN,0.4005248736491641,>=,0.05,-1
46,sample6_36h.json,17,31,0,0,TN,0.53855902579156,>=,0.05,-1
47,sample6_36h.json,18,21,1,0,FN,0.33588470501789514,>=,0.05,14
48,sample6_36h.json,18,22,0,0,TN,0.4279218295030762,>=,0.05,-1
49,sample6_36h.json,19,27,1,1,TP,0.3922261535757393,>=,0.05,6
50,sample6_36h.json,19,28,0,0,TN,0.45308207204243456,>=,0.05,-1
51,sample6_36h.json,19,30,0,0,TN,0.7686128062695755,>=,0.05,-1
52,sample6_36h.json,19,34,0,0,TN,0.5237259225876983,>=,0.05,-1
53,sample6_36h.json,20,29,0,0,TN,0.8695607263415458,>=,0.05,-1
54,sample6_36h.json,20,31,1,0,FN,0.6741473272457873,>=,0.05,8
55,sample6_36h.json,20,37,0,0,TN,0.5160277594668553,>=,0.05,-1
56,sample6_36h.json,21,22,0,0,TN,0.3326674091441647,>=,0.05,-1
57,sample6_36h.json,21,28,0,0,TN,0.07733627859708991,>=,0.05,-1
58,sample6_36h.json,21,33,0,0,TN,0.31288117876208954,>=,0.05,-1
59,sample6_36h.json,22,24,0,1,FP,0.621817608258702,>=,0.05,-1
60,sample6_36h.json,22,33,0,0,TN,0.49428801795003263,>=,0.05,-1
61,sample6_36h.json,22,35,0,0,TN,0.13153530130237578,>=,0.05,-1
62,sample6_36h.json,23,24,1,0,FN,0.5708711697431912,>=,0.05,14
63,sample6_36h.json,24,35,0,0,TN,0.29233768422730433,>=,0.05,-1
64,sample6_36h.json,25,32,0,0,TN,0.2685907966308567,>=,0.05,-1
65,sample6_36h.json,25,38,0,1,FP,0.30882697511940416,>=,0.05,-1
66,sample6_36h.json,25,54,0,0,TN,0.6870105632803228,>=,0.05,-1
67,sample6_36h.json,26,31,0,1,FP,0.6640036899347699,>=,0.05,-1
68,sample6_36h.json,26,36,1,0,FN,0.08447752149449472,>=,0.05,14
69,sample6_36h.json,26,42,0,0,TN,0.20789826815909873,>=,0.05,-1
70,sample6_36h.json,27,29,0,0,TN,0.5987767737100618,>=,0.05,-1
71,sample6_36h.json,27,34,0,0,TN,0.08703176397690315,>=,0.05,-1
72,sample6_36h.json,28,30,1,0,FN,0.7624344131907617,>=,0.05,12
73,sample6_36h.json,28,33,0,1,FP,0.7426480265525973,>=,0.05,-1
74,sample6_36h.json,28,40,0,0,TN,0.17918504659713297,>=,0.05,-1
75,sample6_36h.json,29,34,0,0,TN,0.986348298254007,>=,0.05,-1
76,sample6_36h.json,29,37,1,0,FN,0.8091427715077583,>=,0.05,10
77,sample6_36h.json,29,43,0,0,TN,0.11669442978874023,>=,0.05,-1
78,sample6_36h.json,30,34,0,1,FP,0.8910380943544166,>=,0.05,-1
79,sample6_36h.json,30,39,0,0,TN,0.28962794153860383,>=,0.05,-1
80,sample6_36h.json,30,40,0,0,TN,0.47371629225195877,>=,0.05,-1
81,sample6_36h.json,31,37,0,0,TN,0.1391648076580969,>=,0.05,-1
82,sample6_36h.json,31,42,0,0,TN,0.4469855296220301,>=,0.05,-1
83,sample6_36h.json,31,47,0,0,TN,0.8197727311634999,>=,0.05,-1
84,sample6_36h.json,32,54,0,0,TN,0.5655688376165638,>=,0.05,-1
85,sample6_36h.json,32,113,1,0,FN,0.07416173972165496,>=,0.05,10
86,sample6_36h.json,33,35,0,0,TN,0.319930490257468,>=,0.05,-1
87,sample6_36h.json,33,40,0,0,TN,0.5436005912035283,>=,0.05,-1
88,sample6_36h.json,33,46,0,0,TN,0.44644584810264654,>=,0.05,-1
89,sample6_36h.json,34,39,0,0,TN,0.4830155818122678,>=,0.05,-1
90,sample6_36h.json,34,43,0,0,TN,0.993456901254136,>=,0.05,-1
91,sample6_36h.json,35,44,0,0,TN,0.49433027826095877,>=,0.05,-1
92,sample6_36h.json,35,46,0,1,FP,0.9813171457840234,>=,0.05,-1
93,sample6_36h.json,36,41,0,0,TN,0.05846293707821759,>=,0.05,-1
94,sample6_36h.json,36,42,0,0,TN,0.8867170521067753,>=,0.05,-1
95,sample6_36h.json,36,48,0,0,TN,0.4164107405564148,>=,0.05,-1
96,sample6_36h.json,36,52,0,1,FP,0.8589895691749382,>=,0.05,-1
97,sample6_36h.json,37,43,0,1,FP,0.9198456992731671,>=,0.05,-1
98,sample6_36h.json,37,47,0,0,TN,0.540554015930808,>=,0.05,-1
99,sample6_36h.json,37,49,0,0,TN,0.10274057414232363,>=,0.05,-1
100,sample6_36h.json,38,41,0,0,TN,0.3665008079475087,>=,0.05,-1
101,sample6_36h.json,38,54,0,0,TN,0.07130411603811548,>=,0.05,-1
102,sample6_36h.json,39,40,0,0,TN,0.8179819007642053,>=,0.05,-1
103,sample6_36h.json,39,43,0,0,TN,0.979261537859053,>=,0.05,-1
104,sample6_36h.json,39,45,0,0,TN,0.6795895477319135,>=,0.05,-1
105,sample6_36h.json,39,50,0,0,TN,0.38145657519557485,>=,0.05,-1
106,sample6_36h.json,39,53,0,1,FP,0.7430929450605448,>=,0.05,-1
107,sample6_36h.json,40,45,1,1,TP,0.9969144523942437,>=,0.05,10
108,sample6_36h.json,40,46,0,0,TN,0.4716458680138388,>=,0.05,-1
109,sample6_36h.json,40,51,0,0,TN,0.09602862925047884,>=,0.05,-1
110,sample6_36h.json,41,52,0,0,TN,0.591994911836397,>=,0.05,-1
111,sample6_36h.json,41,54,0,1,FP,0.8561324716285731,>=,0.05,-1
112,sample6_36h.json,42,47,0,0,TN,0.6919409262585544,>=,0.05,-1
113,sample6_36h.json,42,48,1,1,TP,0.7934414314316056,>=,0.05,10
114,sample6_36h.json,42,58,0,0,TN,0.47078774294510095,>=,0.05,-1
115,sample6_36h.json,43,49,1,0,FN,0.7746654176363598,>=,0.05,12
116,sample6_36h.json,43,53,0,0,TN,0.6205138428666388,>=,0.05,-1
117,sample6_36h.json,44,46,0,0,TN,0.1754569430558286,>=,0.05,-1
118,sample6_36h.json,44,59,0,1,FP,0.8319946220526352,>=,0.05,-1
119,sample6_36h.json,45,50,0,0,TN,0.3453025710720591,>=,0.05,-1
120,sample6_36h.json,45,51,0,0,TN,0.6746524303077226,>=,0.05,-1
121,sample6_36h.json,45,55,0,0,TN,0.42901873955752856,>=,0.05,-1
122,sample6_36h.json,46,51,0,0,TN,0.9204035498681516,>=,0.05,-1
123,sample6_36h.json,46,57,0,0,TN,0.3752089617475467,>=,0.05,-1
124,sample6_36h.json,46,59,0,0,TN,0.14637256686598488,>=,0.05,-1
125,sample6_36h.json,46,60,0,0,TN,0.3819978000557215,>=,0.05,-1
126,sample6_36h.json,47,49,0,0,TN,0.18157740889295526,>=,0.05,-1
127,sample6_36h.json,47,58,1,1,TP,0.8693339319402031,>=,0.05,10
128,sample6_36h.json,47,62,0,0,TN,0.4269783255228654,>=,0.05,-1
129,sample6_36h.json,48,52,0,0,TN,0.5010399057693404,>=,0.05,-1
130,sample6_36h.json,48,58,0,0,TN,0.8199449029207767,>=,0.05,-1
131,sample6_36h.json,48,64,0,0,TN,0.8928357155615394,>=,0.05,-1
132,sample6_36h.json,49,53,0,0,TN,0.67486714615686,>=,0.05,-1
133,sample6_36h.json,49,61,0,1,FP,0.5802868643945833,>=,0.05,-1
134,sample6_36h.json,49,62,0,0,TN,0.6451997120911123,>=,0.05,-1
135,sample6_36h.json,50,53,0,0,TN,0.8195519538777454,>=,0.05,-1
136,sample6_36h.json,50,55,0,0,TN,0.3470884896142098,>=,0.05,-1
137,sample6_36h.json,50,66,0,0,TN,0.8422045718988773,>=,0.05,-1
138,sample6_36h.json,50,67,0,1,FP,0.9911549286568457,>=,0.05,-1
139,sample6_36h.json,50,68,0,0,TN,0.38880252777883706,>=,0.05,-1
140,sample6_36h.json,51,55,0,0,TN,0.7975592885884584,>=,0.05,-1
141,sample6_36h.json,51,57,1,1,TP,0.823653623262277,>=,0.05,2
142,sample6_36h.json,52,64,0,0,TN,0.46928914050061477,>=,0.05,-1
143,sample6_36h.json,52,70,0,0,TN,0.794730223577458,>=,0.05,-1
144,sample6_36h.json,53,61,1,0,FN,0.05498133668323524,>=,0.05,6
145,sample6_36h.json,53,67,0,0,TN,0.0999256192769119,>=,0.05,-1
146,sample6_36h.json,54,56,0,0,TN,0.036415502223948404,>=,0.05,-1
147,sample6_36h.json,54,77,0,0,TN,0.8595207886733446,>=,0.05,-1
148,sample6_36h.json,54,113,0,0,TN,0.3955300012835177,>=,0.05,-1
149,sample6_36h.json,55,57,0,0,TN,0.7339461263119262,>=,0.05,-1
150,sample6_36h.json,55,63,0,0,TN,0.29588207576620884,>=,0.05,-1
151,sample6_36h.json,55,66,0,1,FP,0.8564479036718314,>=,0.05,-1
152,sample6_36h.json,55,72,0,0,TN,0.30637622947494947,>=,0.05,-1
153,sample6_36h.json,55,75,0,0,TN,0.6889122477216413,>=,0.05,-1
154,sample6_36h.json,56,77,0,0,TN,0.9070349681594205,>=,0.05,-1
155,sample6_36h.json,56,85,0,0,TN,0.4164453725137962,>=,0.05,-1
156,sample6_36h.json,56,113,0,1,FP,0.8477761296988316,>=,0.05,-1
157,sample6_36h.json,57,60,0,0,TN,0.6977123510086944,>=,0.05,-1
158,sample6_36h.json,57,63,0,0,TN,0.10431753321327675,>=,0.05,-1
159,sample6_36h.json,57,65,0,0,TN,0.41199659809482525,>=,0.05,-1
160,sample6_36h.json,58,62,0,0,TN,0.8016327992230261,>=,0.05,-1
161,sample6_36h.json,58,64,0,0,TN,0.9528673345979507,>=,0.05,-1
162,sample6_36h.json,58,69,0,0,TN,0.24124230302375838,>=,0.05,-1
163,sample6_36h.json,59,60,1,0,FN,0.26787872579414895,>=,0.05,4
164,sample6_36h.json,60,65,0,0,TN,0.0015796186033910642,>=,0.05,-1
165,sample6_36h.json,60,71,0,1,FP,0.6926874566100577,>=,0.05,-1
166,sample6_36h.json,61,62,0,0,TN,0.5720723250239472,>=,0.05,-1
167,sample6_36h.json,61,67,0,0,TN,0.7344308588405618,>=,0.05,-1
168,sample6_36h.json,61,73,0,0,TN,0.027252094951458417,>=,0.05,-1
169,sample6_36h.json,61,78,0,0,TN,0.6644037016958879,>=,0.05,-1
170,sample6_36h.json,62,69,0,1,FP,0.6998885907650753,>=,0.05,-1
171,sample6_36h.json,62,73,0,0,TN,0.919051526126196,>=,0.05,-1
172,sample6_36h.json,62,74,0,0,TN,0.04163148061906419,>=,0.05,-1
173,sample6_36h.json,63,65,0,0,TN,0.622545149953863,>=,0.05,-1
174,sample6_36h.json,63,72,1,1,TP,0.9481385390115289,>=,0.05,10
175,sample6_36h.json,63,80,0,0,TN,0.6218577396160603,>=,0.05,-1
176,sample6_36h.json,64,69,0,0,TN,0.2346267382359294,>=,0.05,-1
177,sample6_36h.json,64,70,1,0,FN,0.4088011647785348,>=,0.05,4
178,sample6_36h.json,64,79,0,0,TN,0.7458169533331912,>=,0.05,-1
179,sample6_36h.json,64,86,0,1,FP,0.8746219989528045,>=,0.05,-1
180,sample6_36h.json,65,71,1,0,FN,0.5161198913480364,>=,0.05,4
181,sample6_36h.json,65,80,0,0,TN,0.6183398053832674,>=,0.05,-1
182,sample6_36h.json,65,83,0,1,FP,0.96639155423583,>=,0.05,-1
183,sample6_36h.json,66,68,1,0,FN,0.6541673008386426,>=,0.05,8
184,sample6_36h.json,66,75,0,0,TN,0.4598234495527015,>=,0.05,-1
185,sample6_36h.json,67,68,0,0,TN,0.104643179578506,>=,0.05,-1
186,sample6_36h.json,67,76,0,0,TN,0.7599815587710407,>=,0.05,-1
187,sample6_36h.json,67,78,1,0,FN,0.9063942252317525,>=,0.05,12
188,sample6_36h.json,68,75,0,0,TN,0.40918721226170696,>=,0.05,-1
189,sample6_36h.json,68,76,0,1,FP,0.3236402282474532,>=,0.05,-1
190,sample6_36h.json,69,74,1,0,FN,0.12522576021830745,>=,0.05,6
191,sample6_36h.json,69,79,0,0,TN,0.43321375093867653,>=,0.05,-1
192,sample6_36h.json,70,84,0,1,FP,0.9762427593316544,>=,0.05,-1
193,sample6_36h.json,70,86,0,0,TN,0.596371341938249,>=,0.05,-1
194,sample6_36h.json,71,83,0,0,TN,0.44342058491050884,>=,0.05,-1
195,sample6_36h.json,72,75,0,0,TN,0.003365153843990387,>=,0.05,-1
196,sample6_36h.json,72,80,0,0,TN,0.5001345872837268,>=,0.05,-1
197,sample6_36h.json,72,81,0,0,TN,0.29857334653274414,>=,0.05,-1
198,sample6_36h.json,72,87,0,0,TN,0.21646795520832351,>=,0.05,-1
199,sample6_36h.json,72,88,0,0,TN,0.3413485818663775,>=,0.05,-1
200,sample6_36h.json,73,74,0,1,FP,0.7928406952851026,>=,0.05,-1
201,sample6_36h.json,73,78,0,0,TN,0.5967021199953564,>=,0.05,-1
202,sample6_36h.json,73,82,1,0,FN,0.31415965613225105,>=,0.05,12
203,sample6_36h.json,74,79,0,0,TN,0.836535285940498,>=,0.05,-1
204,sample6_36h.json,74,82,0,0,TN,0.5511558244710222,>=,0.05,-1
205,sample6_36h.json,75,76,0,0,TN,0.6571009175789692,>=,0.05,-1
206,sample6_36h.json,75,81,0,0,TN,0.38974239297761104,>=,0.05,-1
207,sample6_36h.json,75,90,0,1,FP,0.825435544037886,>=,0.05,-1
208,sample6_36h.json,76,78,0,0,TN,0.5160002127192186,>=,0.05,-1
209,sample6_36h.json,76,89,1,0,FN,0.40592432176477367,>=,0.05,12
210,sample6_36h.json,76,90,0,0,TN,0.3385480681031633,>=,0.05,-1
211,sample6_36h.json,77,85,0,0,TN,0.6714588562606908,>=,0.05,-1
212,sample6_36h.json,77,92,0,1,FP,0.9143619806102631,>=,0.05,-1
213,sample6_36h.json,78,82,0,1,FP,0.962219337715244,>=,0.05,-1
214,sample6_36h.json,78,89,0,0,TN,0.2968780197206691,>=,0.05,-1
215,sample6_36h.json,78,93,0,0,TN,0.6033198183893415,>=,0.05,-1
216,sample6_36h.json,79,82,0,0,TN,0.2126219936625331,>=,0.05,-1
217,sample6_36h.json,79,86,0,0,TN,0.8890137932782082,>=,0.05,-1
218,sample6_36h.json,79,91,0,1,FP,0.9371269902574368,>=,0.05,-1
219,sample6_36h.json,79,96,0,0,TN,0.6106627423177533,>=,0.05,-1
220,sample6_36h.json,79,100,0,0,TN,0.838858800015299,>=,0.05,-1
221,sample6_36h.json,80,83,1,0,FN,0.07984690045657972,>=,0.05,2
222,sample6_36h.json,80,88,0,0,TN,0.6814153311596891,>=,0.05,-1
223,sample6_36h.json,81,87,1,0,FN,0.7626842140732862,>=,0.05,2
224,sample6_36h.json,81,90,0,0,TN,0.9032571006635588,>=,0.05,-1
225,sample6_36h.json,81,97,0,1,FP,0.8493529612329521,>=,0.05,-1
226,sample6_36h.json,82,91,0,0,TN,0.6249754498097088,>=,0.05,-1
227,sample6_36h.json,82,93,0,0,TN,0.1553617858502787,>=,0.05,-1
228,sample6_36h.json,82,95,0,0,TN,0.8355204095425908,>=,0.05,-1
229,sample6_36h.json,83,88,0,0,TN,0.23254379332602904,>=,0.05,-1
230,sample6_36h.json,84,86,0,0,TN,0.653411940729652,>=,0.05,-1
231,sample6_36h.json,84,94,0,0,TN,0.05759848136609347,>=,0.05,-1
232,sample6_36h.json,84,102,0,0,TN,0.2882072940119388,>=,0.05,-1
233,sample6_36h.json,85,92,1,0,FN,0.5082828192358723,>=,0.05,2
234,sample6_36h.json,86,94,1,0,FN,0.8131711540700597,>=,0.05,6
235,sample6_36h.json,86,100,0,0,TN,0.019899429097655186,>=,0.05,-1
236,sample6_36h.json,86,103,0,0,TN,0.1428128988489683,>=,0.05,-1
237,sample6_36h.json,87,88,0,1,FP,0.7787468182903492,>=,0.05,-1
238,sample6_36h.json,87,97,0,0,TN,0.11415606186764549,>=,0.05,-1
239,sample6_36h.json,89,90,0,0,TN,0.15664609420406173,>=,0.05,-1
240,sample6_36h.json,89,93,0,1,FP,0.7840387085987489,>=,0.05,-1
241,sample6_36h.json,89,98,0,0,TN,0.21816026234159613,>=,0.05,-1
242,sample6_36h.json,90,97,0,0,TN,0.564286599313817,>=,0.05,-1
243,sample6_36h.json,90,98,0,0,TN,0.3335232916671975,>=,0.05,-1
244,sample6_36h.json,90,99,1,0,FN,0.08038519611279082,>=,0.05,10
245,sample6_36h.json,91,95,0,0,TN,0.8748062982336005,>=,0.05,-1
246,sample6_36h.json,91,96,1,0,FN,0.3073644679988453,>=,0.05,6
247,sample6_36h.json,93,95,0,0,TN,0.4240379069542868,>=,0.05,-1
248,sample6_36h.json,93,98,0,0,TN,0.773090909566782,>=,0.05,-1
249,sample6_36h.json,93,101,0,0,TN,0.825475788093306,>=,0.05,-1
250,sample6_36h.json,93,104,0,0,TN,0.133108689318447,>=,0.05,-1
251,sample6_36h.json,94,102,0,0,TN,0.30225661206827015,>=,0.05,-1
252,sample6_36h.json,94,103,0,1,FP,0.8073717197590206,>=,0.05,-1
253,sample6_36h.json,95,96,0,0,TN,0.646505624032166,>=,0.05,-1
254,sample6_36h.json,95,100,0,0,TN,0.2041328164667604,>=,0.05,-1
255,sample6_36h.json,95,101,0,1,FP,0.8809835027600871,>=,0.05,-1
256,sample6_36h.json,95,105,0,0,TN,0.53975004358333,>=,0.05,-1
257,sample6_36h.json,95,107,0,0,TN,0.6484325984418414,>=,0.05,-1
258,sample6_36h.json,96,100,0,1,FP,0.5755531564623088,>=,0.05,-1
259,sample6_36h.json,97,98,0,0,TN,0.15146798343834256,>=,0.05,-1
260,sample6_36h.json,97,99,0,0,TN,0.0986246357017192,>=,0.05,-1
261,sample6_36h.json,97,109,0,0,TN,0.4385793242659428,>=,0.05,-1
262,sample6_36h.json,98,99,0,0,TN,0.2684083407344646,>=,0.05,-1
263,sample6_36h.json,98,104,0,0,TN,0.9058697804278101,>=,0.05,-1
264,sample6_36h.json,98,106,1,1,TP,0.8313333765879982,>=,0.05,10
265,sample6_36h.json,98,109,0,0,TN,0.9735024455909627,>=,0.05,-1
266,sample6_36h.json,100,103,0,0,TN,0.2412356921369042,>=,0.05,-1
267,sample6_36h.json,100,107,0,0,TN,0.3821938631695482,>=,0.05,-1
268,sample6_36h.json,100,108,0,0,TN,0.721324836683525,>=,0.05,-1
269,sample6_36h.json,101,104,1,0,FN,0.3504571589954587,>=,0.05,2
270,sample6_36h.json,101,105,0,0,TN,0.6009867480346431,>=,0.05,-1
271,sample6_36h.json,103,108,1,0,FN,0.9169630778024558,>=,0.05,4
272,sample6_36h.json,104,105,0,1,FP,0.9167506240188092,>=,0.05,-1
273,sample6_36h.json,104,106,0,0,TN,0.26195103573843725,>=,0.05,-1
274,sample6_36h.json,104,110,0,0,TN,0.06896386172939539,>=,0.05,-1
275,sample6_36h.json,104,111,0,0,TN,0.6856803910458734,>=,0.05,-1
276,sample6_36h.json,105,107,1,0,FN,0.7046285630036753,>=,0.05,8
277,sample6_36h.json,105,110,0,0,TN,0.19625494810152355,>=,0.05,-1
278,sample6_36h.json,105,112,0,0,TN,0.4201337392607981,>=,0.05,-1
279,sample6_36h.json,106,109,0,0,TN,0.4515760381371049,>=,0.05,-1
280,sample6_36h.json,106,111,0,0,TN,0.642514392165601,>=,0.05,-1
281,sample6_36h.json,107,108,0,1,FP,0.8830735923451299,>=,0.05,-1
282,sample6_36h.json,109,111,1,1,TP,0.8798883461832104,>=,0.05,10
283,sample6_36h.json,110,111,0,0,TN,0.11251612648634346,>=,0.05,-1
284,sample6_36h.json,110,112,1,1,TP,0.7342076417242959,>=,0.05,6
1,sample6_54h.json,0,1,0,1,FP,0.5113881903232649,>=,0.05,-1
2,sample6_54h.json,0,3,0,0,TN,0.7282331690744065,>=,0.05,-1
3,sample6_54h.json,0,5,0,0,TN,0.10415393675999163,>=,0.05,-1
4,sample6_54h.json,0,7,0,0,TN,0.24167334103644045,>=,0.05,-1
5,sample6_54h.json,1,2,1,0,FN,0.3194396199206987,>=,0.05,10
6,sample6_54h.json,1,7,0,0,TN,0.29369788897616367,>=,0.05,-1
7,sample6_54h.json,2,6,0,0,TN,0.663368439044549,>=,0.05,-1
8,sample6_54h.json,2,7,0,1,FP,0.6127167017062486,>=,0.05,-1
9,sample6_54h.json,3,5,0,0,TN,0.4449267669164668,>=,0.05,-1
10,sample6_54h.json,3,11,0,0,TN,0.2148079965841383,>=,0.05,-1
11,sample6_54h.json,3,14,0,1,FP,0.9553063697894335,>=,0.05,-1
12,sample6_54h.json,3,15,0,0,TN,0.3601983163511773,>=,0.05,-1
13,sample6_54h.json,4,8,1,1,TP,0.8568008261392099,>=,0.05,4
14,sample6_54h.json,4,9,0,0,TN,0.15467998872130928,>=,0.05,-1
15,sample6_54h.json,5,7,0,0,TN,0.574230638885693,>=,0.05,-1
16,sample6_54h.json,5,11,1,0,FN,0.2261862755196007,>=,0.05,2
17,sample6_54h.json,6,12,1,1,TP,0.7767012803216371,>=,0.05,4
18,sample6_54h.json,6,13,0,0,TN,0.6914775719970792,>=,0.05,-1
19,sample6_54h.json,6,20,0,0,TN,0.01767815477892576,>=,0.05,-1
20,sample6_54h.json,7,11,0,0,TN,0.9770881902934424,>=,0.05,-1
21,sample6_54h.json,7,13,1,0,FN,0.5598966484713847,>=,0.05,16
22,sample6_54h.json,7,15,0,0,TN,0.9436302549394999,>=,0.05,-1
23,sample6_54h.json,8,9,0,0,TN,0.9019702516776364,>=,0.05,-1
24,sample6_54h.json,8,14,0,0,TN,0.7468690884199227,>=,0.05,-1
25,sample6_54h.json,8,18,0,0,TN,0.7727363537141391,>=,0.05,-1
26,sample6_54h.json,8,23,0,0,TN,0.7939788263828674,>=,0.05,-1
27,sample6_54h.json,9,17,0,0,TN,0.15457589039255493,>=,0.05,-1
28,sample6_54h.json,9,18,0,1,FP,0.3292003569215103,>=,0.05,-1
29,sample6_54h.json,10,16,0,0,TN,0.7385385032062252,>=,0.05,-1
30,sample6_54h.json,10,21,0,0,TN,0.6028672728739752,>=,0.05,-1
31,sample6_54h.json,10,25,0,0,TN,0.02274553377704258,>=,0.05,-1
32,sample6_54h.json,10,34,0,1,FP,0.9689237126738387,>=,0.05,-1
33,sample6_54h.json,11,15,0,1,FP,0.9999169555475961,>=,0.05,-1
34,sample6_54h.json,12,16,0,0,TN,0.12344219759714625,>=,0.05,-1
35,sample6_54h.json,12,20,0,0,TN,0.46020819597613927,>=,0.05,-1
36,sample6_54h.json,13,15,0,0,TN,0.13637270593356543,>=,0.05,-1
37,sample6_54h.json,13,20,0,0,TN,0.4139478648682211,>=,0.05,-1
38,sample6_54h.json,13,22,0,1,FP,0.7208651594724267,>=,0.05,-1
39,sample6_54h.json,14,15,0,0,TN,0.16572000345593474,>=,0.05,-1
40,sample6_54h.json,14,19,0,0,TN,0.9248643522022749,>=,0.05,-1
41,sample6_54h.json,14,23,0,0,TN,0.129908980761835,>=,0.05,-1
42,sample6_54h.json,14,26,0,0,TN,0.7580936255102358,>=,0.05,-1
43,sample6_54h.json,15,19,0,0,TN,0.8453946665876998,>=,0.05,-1
44,sample6_54h.json,15,22,1,0,FN,0.5043285559454398,>=,0.05,14
45,sample6_54h.json,15,24,0,0,TN,0.8243945022201968,>=,0.05,-1
46,sample6_54h.json,15,28,0,0,TN,0.8966405159772941,>=,0.05,-1
47,sample6_54h.json,16,20,0,0,TN,0.33321872798975305,>=,0.05,-1
48,sample6_54h.json,16,21,1,0,FN,0.7002348702018134,>=,0.05,16
49,sample6_54h.json,16,27,0,1,FP,0.5824692496081498,>=,0.05,-1
50,sample6_54h.json,16,33,0,0,TN,0.24198819985350362,>=,0.05,-1
51,sample6_54h.json,17,18,0,0,TN,0.1963552740370882,>=,0.05,-1
52,sample6_54h.json,17,30,0,1,FP,0.9639295806548859,>=,0.05,-1
53,sample6_54h.json,18,23,1,0,FN,0.06942442387806858,>=,0.05,2
54,sample6_54h.json,18,30,0,0,TN,0.4218585313361801,>=,0.05,-1
55,sample6_54h.json,19,24,1,1,TP,0.8007791405352072,>=,0.05,12
56,sample6_54h.json,19,26,0,0,TN,0.8331850054859382,>=,0.05,-1
57,sample6_54h.json,19,29,0,0,TN,0.5542683444340133,>=,0.05,-1
58,sample6_54h.json,19,31,0,0,TN,0.8943381548553333,>=,0.05,-1
59,sample6_54h.json,20,22,0,0,TN,0.5272431644108558,>=,0.05,-1
60,sample6_54h.json,20,27,1,0,FN,0.29877767952286194,>=,0.05,2
61,sample6_54h.json,20,32,0,1,FP,0.9134763507656714,>=,0.05,-1
62,sample6_54h.json,21,33,0,1,FP,0.5376949929361501,>=,0.05,-1
63,sample6_54h.json,21,34,0,0,TN,0.288949466660646,>=,0.05,-1
64,sample6_54h.json,22,28,0,0,TN,0.6080205350525835,>=,0.05,-1
65,sample6_54h.json,22,32,0,0,TN,0.11175078958715212,>=,0.05,-1
66,sample6_54h.json,22,37,0,0,TN,0.3857239696620466,>=,0.05,-1
67,sample6_54h.json,23,26,0,0,TN,0.1722694046876827,>=,0.05,-1
68,sample6_54h.json,23,30,0,0,TN,0.5106201408551312,>=,0.05,-1
69,sample6_54h.json,23,35,0,0,TN,0.36961060640817345,>=,0.05,-1
70,sample6_54h.json,23,38,0,1,FP,0.3191520541537006,>=,0.05,-1
71,sample6_54h.json,24,28,0,0,TN,0.026165515696242037,>=,0.05,-1
72,sample6_54h.json,24,31,0,0,TN,0.2061322722951907,>=,0.05,-1
73,sample6_54h.json,25,34,0,0,TN,0.27231608757963977,>=,0.05,-1
74,sample6_54h.json,25,36,0,0,TN,0.505721739283977,>=,0.05,-1
75,sample6_54h.json,25,40,0,0,TN,0.7284289830547847,>=,0.05,-1
76,sample6_54h.json,26,29,1,1,TP,0.9441792077712129,>=,0.05,10
77,sample6_54h.json,26,35,0,0,TN,0.5191173844530604,>=,0.05,-1
78,sample6_54h.json,27,32,0,0,TN,0.35228423493221095,>=,0.05,-1
79,sample6_54h.json,27,33,0,0,TN,0.3317107101058556,>=,0.05,-1
80,sample6_54h.json,28,31,0,0,TN,0.003939870054596395,>=,0.05,-1
81,sample6_54h.json,28,37,1,1,TP,0.6680027431517964,>=,0.05,18
82,sample6_54h.json,28,41,0,0,TN,0.48566224659567836,>=,0.05,-1
83,sample6_54h.json,28,45,0,0,TN,0.052963431966683405,>=,0.05,-1
84,sample6_54h.json,29,31,0,0,TN,0.5436446577638626,>=,0.05,-1
85,sample6_54h.json,29,35,0,0,TN,0.9904398539511037,>=,0.05,-1
86,sample6_54h.json,30,38,0,0,TN,0.12885721261612504,>=,0.05,-1
87,sample6_54h.json,31,35,0,0,TN,0.5095450104837661,>=,0.05,-1
88,sample6_54h.json,31,41,1,1,TP,0.632669374248492,>=,0.05,18
89,sample6_54h.json,31,42,0,0,TN,0.16846660922958023,>=,0.05,-1
90,sample6_54h.json,32,33,0,0,TN,0.02013162604086216,>=,0.05,-1
91,sample6_54h.json,32,37,0,0,TN,0.23084697976544166,>=,0.05,-1
92,sample6_54h.json,32,43,0,0,TN,0.3284784717659851,>=,0.05,-1
93,sample6_54h.json,32,49,0,0,TN,0.08815795535046944,>=,0.05,-1
94,sample6_54h.json,33,34,0,0,TN,0.34680723469920227,>=,0.05,-1
95,sample6_54h.json,33,43,0,0,TN,0.2825235646364035,>=,0.05,-1
96,sample6_54h.json,33,46,0,0,TN,0.017238187368599278,>=,0.05,-1
97,sample6_54h.json,33,48,0,0,TN,0.12331259147591433,>=,0.05,-1
98,sample6_54h.json,34,46,0,0,TN,0.45895205621072266,>=,0.05,-1
99,sample6_54h.json,35,38,0,0,TN,0.8891682283772107,>=,0.05,-1
100,sample6_54h.json,35,42,0,0,TN,0.30710184846542166,>=,0.05,-1
101,sample6_54h.json,35,44,0,1,FP,0.9440959226085692,>=,0.05,-1
102,sample6_54h.json,35,47,0,0,TN,0.8253354287117005,>=,0.05,-1
103,sample6_54h.json,36,39,0,0,TN,0.7828129586125712,>=,0.05,-1
104,sample6_54h.json,36,40,1,1,TP,0.7448814707667368,>=,0.05,10
105,sample6_54h.json,37,45,0,0,TN,0.8839255916211924,>=,0.05,-1
106,sample6_54h.json,37,49,0,0,TN,0.0032085184096874997,>=,0.05,-1
107,sample6_54h.json,37,50,0,0,TN,0.3851094310405465,>=,0.05,-1
108,sample6_54h.json,38,44,0,0,TN,0.8528700348555635,>=,0.05,-1
109,sample6_54h.json,39,40,0,0,TN,0.9859936873957339,>=,0.05,-1
110,sample6_54h.json,39,51,0,1,FP,0.7805820577179027,>=,0.05,-1
111,sample6_54h.json,41,42,0,0,TN,0.45050565189485814,>=,0.05,-1
112,sample6_54h.json,41,45,0,0,TN,0.22421695955194276,>=,0.05,-1
113,sample6_54h.json,41,53,0,0,TN,0.22249630066626547,>=,0.05,-1
114,sample6_54h.json,41,55,0,0,TN,0.023892109376537407,>=,0.05,-1
115,sample6_54h.json,41,58,0,0,TN,0.5065227084266265,>=,0.05,-1
116,sample6_54h.json,42,47,1,0,FN,0.12937742691348275,>=,0.05,14
117,sample6_54h.json,42,53,0,1,FP,0.7623376812286154,>=,0.05,-1
118,sample6_54h.json,43,48,1,0,FN,0.9072031818070557,>=,0.05,12
119,sample6_54h.json,43,49,0,1,FP,0.9934037061818187,>=,0.05,-1
120,sample6_54h.json,43,56,0,0,TN,0.647179078476012,>=,0.05,-1
121,sample6_54h.json,44,47,0,0,TN,0.1408476151270135,>=,0.05,-1
122,sample6_54h.json,44,52,1,0,FN,0.7684356833114829,>=,0.05,8
123,sample6_54h.json,45,50,0,1,FP,0.8139680813419645,>=,0.05,-1
124,sample6_54h.json,45,54,0,0,TN,0.2862661087737137,>=,0.05,-1
125,sample6_54h.json,45,55,0,0,TN,0.3294323955951748,>=,0.05,-1
126,sample6_54h.json,46,48,0,1,FP,0.7191521259451384,>=,0.05,-1
127,sample6_54h.json,46,56,0,0,TN,0.7620873195666318,>=,0.05,-1
128,sample6_54h.json,46,57,0,0,TN,0.18472405483412335,>=,0.05,-1
129,sample6_54h.json,46,60,0,0,TN,0.10717370317496144,>=,0.05,-1
130,sample6_54h.json,47,52,0,1,FP,0.6913693076117016,>=,0.05,-1
131,sample6_54h.json,47,53,0,0,TN,0.29498354299628715,>=,0.05,-1
132,sample6_54h.json,47,62,0,0,TN,0.8099185138205593,>=,0.05,-1
133,sample6_54h.json,47,63,0,0,TN,0.042985881885858945,>=,0.05,-1
134,sample6_54h.json,48,56,0,0,TN,0.27588678174962433,>=,0.05,-1
135,sample6_54h.json,49,50,0,0,TN,0.7233859081869888,>=,0.05,-1
136,sample6_54h.json,49,56,0,0,TN,0.04512642259531763,>=,0.05,-1
137,sample6_54h.json,49,59,0,0,TN,0.1626383035644543,>=,0.05,-1
138,sample6_54h.json,49,64,0,0,TN,0.4288257869917852,>=,0.05,-1
139,sample6_54h.json,50,54,1,0,FN,0.16108787952813808,>=,0.05,16
140,sample6_54h.json,50,59,0,0,TN,0.47498539081549884,>=,0.05,-1
141,sample6_54h.json,51,61,0,0,TN,0.548035473646382,>=,0.05,-1
142,sample6_54h.json,51,67,0,0,TN,0.04074985923128449,>=,0.05,-1
143,sample6_54h.json,52,63,0,0,TN,0.20701987425568513,>=,0.05,-1
144,sample6_54h.json,53,58,1,0,FN,0.37961824916471454,>=,0.05,6
145,sample6_54h.json,53,62,0,0,TN,0.14401461792663195,>=,0.05,-1
146,sample6_54h.json,54,55,0,0,TN,0.0904531847117318,>=,0.05,-1
147,sample6_54h.json,54,59,0,1,FP,0.5678596501531495,>=,0.05,-1
148,sample6_54h.json,55,58,0,1,FP,0.6507547136452696,>=,0.05,-1
149,sample6_54h.json,55,59,0,0,TN,0.08293885032038328,>=,0.05,-1
150,sample6_54h.json,55,71,1,0,FN,0.7257877747374829,>=,0.05,6
151,sample6_54h.json,55,107,0,0,TN,0.08087081292417264,>=,0.05,-1
152,sample6_54h.json,56,60,0,0,TN,0.0851357311626686,>=,0.05,-1
153,sample6_54h.json,56,64,0,0,TN,0.6451270086151918,>=,0.05,-1
154,sample6_54h.json,56,68,0,1,FP,0.9942635954905319,>=,0.05,-1
155,sample6_54h.json,56,69,0,0,TN,0.6797919270125747,>=,0.05,-1
157,sample6_54h.json,57,65,0,0,TN,0.11059110681571727,>=,0.05,-1
158,sample6_54h.json,58,62,0,0,TN,0.4570242195960652,>=,0.05,-1
159,sample6_54h.json,58,107,0,0,TN,0.25125488334394486,>=,0.05,-1
160,sample6_54h.json,59,64,0,0,TN,0.2792100121443256,>=,0.05,-1
161,sample6_54h.json,59,71,0,0,TN,0.6947542842837239,>=,0.05,-1
162,sample6_54h.json,59,72,0,0,TN,0.4894158810004666,>=,0.05,-1
163,sample6_54h.json,59,73,0,0,TN,0.6920707047007464,>=,0.05,-1
164,sample6_54h.json,60,65,0,0,TN,0.5448530658994452,>=,0.05,-1
165,sample6_54h.json,60,68,0,0,TN,0.20477371703125657,>=,0.05,-1
166,sample6_54h.json,61,67,1,1,TP,0.6609006155123869,>=,0.05,8
167,sample6_54h.json,62,63,0,1,FP,0.868575819077144,>=,0.05,-1
168,sample6_54h.json,62,70,1,0,FN,0.10345255361525707,>=,0.05,4
169,sample6_54h.json,62,106,0,0,TN,0.7716962461177106,>=,0.05,-1
170,sample6_54h.json,62,107,0,0,TN,0.7958147096533879,>=,0.05,-1
171,sample6_54h.json,63,70,0,0,TN,0.6840120597797669,>=,0.05,-1
172,sample6_54h.json,64,69,1,1,TP,0.6397184436322253,>=,0.05,12
173,sample6_54h.json,64,72,0,0,TN,0.5139689760584175,>=,0.05,-1
174,sample6_54h.json,65,68,0,0,TN,0.611440402170843,>=,0.05,-1
175,sample6_54h.json,65,74,0,0,TN,0.34514605350568484,>=,0.05,-1
176,sample6_54h.json,65,75,1,1,TP,0.9829094687666491,>=,0.05,16
177,sample6_54h.json,68,69,0,0,TN,0.7543608063636948,>=,0.05,-1
178,sample6_54h.json,68,74,0,0,TN,0.5125847434346689,>=,0.05,-1
179,sample6_54h.json,68,77,0,0,TN,0.7821130378968328,>=,0.05,-1
180,sample6_54h.json,68,78,0,0,TN,0.05584722903272976,>=,0.05,-1
181,sample6_54h.json,69,72,0,0,TN,0.9865669256833302,>=,0.05,-1
182,sample6_54h.json,69,77,0,0,TN,0.14263633686748511,>=,0.05,-1
183,sample6_54h.json,70,106,0,1,FP,0.6592731086312437,>=,0.05,-1
184,sample6_54h.json,71,73,0,0,TN,0.13909453442788333,>=,0.05,-1
185,sample6_54h.json,71,105,0,0,TN,0.3281311542121672,>=,0.05,-1
186,sample6_54h.json,71,107,0,1,FP,0.5599096562345519,>=,0.05,-1
187,sample6_54h.json,72,73,0,0,TN,0.15250672261255116,>=,0.05,-1
188,sample6_54h.json,72,77,0,0,TN,0.5626061919520671,>=,0.05,-1
189,sample6_54h.json,72,80,0,0,TN,0.3094766532098404,>=,0.05,-1
190,sample6_54h.json,72,81,0,1,FP,0.9711198406932471,>=,0.05,-1
191,sample6_54h.json,73,80,0,0,TN,0.07543879908366258,>=,0.05,-1
192,sample6_54h.json,73,82,0,1,FP,0.8777048149044279,>=,0.05,-1
193,sample6_54h.json,73,83,0,0,TN,0.36521116497023753,>=,0.05,-1
194,sample6_54h.json,73,84,0,0,TN,0.040932591724872625,>=,0.05,-1
195,sample6_54h.json,73,105,0,0,TN,0.8433719272810558,>=,0.05,-1
196,sample6_54h.json,74,75,0,0,TN,0.10188484311343571,>=,0.05,-1
197,sample6_54h.json,74,78,0,0,TN,0.022744246912148047,>=,0.05,-1
199,sample6_54h.json,75,79,0,0,TN,0.5826910756007516,>=,0.05,-1
200,sample6_54h.json,75,85,0,0,TN,0.7342524993721942,>=,0.05,-1
201,sample6_54h.json,77,78,0,1,FP,0.8390256460061737,>=,0.05,-1
202,sample6_54h.json,77,81,0,0,TN,0.29756601566460306,>=,0.05,-1
203,sample6_54h.json,77,86,0,0,TN,0.4303566005544823,>=,0.05,-1
204,sample6_54h.json,77,88,0,0,TN,0.6148238739096611,>=,0.05,-1
205,sample6_54h.json,78,79,0,0,TN,0.3649687322383123,>=,0.05,-1
206,sample6_54h.json,78,85,0,0,TN,0.9396180216267036,>=,0.05,-1
207,sample6_54h.json,78,86,0,0,TN,0.575832174483927,>=,0.05,-1
208,sample6_54h.json,78,90,0,0,TN,0.3100798198931888,>=,0.05,-1
209,sample6_54h.json,78,93,0,0,TN,0.6706605612028339,>=,0.05,-1
210,sample6_54h.json,79,85,0,1,FP,0.7211722600762615,>=,0.05,-1
211,sample6_54h.json,80,81,1,0,FN,0.9775526108110765,>=,0.05,16
212,sample6_54h.json,80,82,0,0,TN,0.38328075391272043,>=,0.05,-1
213,sample6_54h.json,80,83,0,0,TN,0.8560382545456618,>=,0.05,-1
214,sample6_54h.json,80,84,0,0,TN,0.5912614802941407,>=,0.05,-1
215,sample6_54h.json,80,91,0,0,TN,0.5036701499398974,>=,0.05,-1
216,sample6_54h.json,80,95,0,0,TN,0.586764626050055,>=,0.05,-1
217,sample6_54h.json,80,97,0,1,FP,0.9306551568391972,>=,0.05,-1
218,sample6_54h.json,81,88,0,0,TN,0.7571441525238845,>=,0.05,-1
219,sample6_54h.json,81,91,0,0,TN,0.9231413621718871,>=,0.05,-1
220,sample6_54h.json,82,84,0,0,TN,0.6628058079437336,>=,0.05,-1
221,sample6_54h.json,82,87,0,0,TN,0.9154942191963761,>=,0.05,-1
222,sample6_54h.json,82,96,0,0,TN,0.10657791407438921,>=,0.05,-1
223,sample6_54h.json,82,97,0,0,TN,0.08304251657193484,>=,0.05,-1
224,sample6_54h.json,82,104,0,0,TN,0.46712477916815365,>=,0.05,-1
225,sample6_54h.json,82,105,0,0,TN,0.24222967803073914,>=,0.05,-1
226,sample6_54h.json,83,84,1,1,TP,0.33712360330226343,>=,0.05,10
227,sample6_54h.json,85,89,0,0,TN,0.40080402721018504,>=,0.05,-1
228,sample6_54h.json,85,92,0,0,TN,0.20584000336082253,>=,0.05,-1
229,sample6_54h.json,85,93,0,0,TN,0.8555195540941531,>=,0.05,-1
230,sample6_54h.json,85,94,0,0,TN,0.531223734419883,>=,0.05,-1
232,sample6_54h.json,86,90,0,0,TN,0.39803870499795024,>=,0.05,-1
233,sample6_54h.json,87,96,1,1,TP,0.4938920306746535,>=,0.05,2
234,sample6_54h.json,87,104,0,0,TN,0.006823583157812507,>=,0.05,-1
235,sample6_54h.json,88,90,0,0,TN,0.21014353437446542,>=,0.05,-1
236,sample6_54h.json,88,91,0,1,FP,0.9423646059218199,>=,0.05,-1
237,sample6_54h.json,88,95,0,0,TN,0.23081930645560322,>=,0.05,-1
238,sample6_54h.json,88,98,0,0,TN,0.030974404817774026,>=,0.05,-1
239,sample6_54h.json,88,100,0,0,TN,0.6668528249555465,>=,0.05,-1
240,sample6_54h.json,89,92,1,1,TP,0.8235046518107036,>=,0.05,8
241,sample6_54h.json,90,93,0,0,TN,0.42630773538355804,>=,0.05,-1
242,sample6_54h.json,90,98,0,0,TN,0.6989258289784407,>=,0.05,-1
243,sample6_54h.json,90,99,0,1,FP,0.736002720848977,>=,0.05,-1
244,sample6_54h.json,90,101,0,0,TN,0.27560686110488863,>=,0.05,-1
245,sample6_54h.json,90,102,0,0,TN,0.7081328490025146,>=,0.05,-1
246,sample6_54h.json,91,95,1,0,FN,0.04891191551093932,>=,0.05,14
247,sample6_54h.json,92,94,0,0,TN,0.8249408844647527,>=,0.05,-1
248,sample6_54h.json,93,94,0,1,FP,0.6637004245318144,>=,0.05,-1
249,sample6_54h.json,93,99,1,0,FN,0.19475189457112474,>=,0.05,12
250,sample6_54h.json,95,97,0,0,TN,0.3323355545656419,>=,0.05,-1
251,sample6_54h.json,95,100,0,0,TN,0.029939358130909866,>=,0.05,-1
252,sample6_54h.json,96,97,0,0,TN,0.013023783172013581,>=,0.05,-1
253,sample6_54h.json,97,100,0,0,TN,0.4269902901674043,>=,0.05,-1
254,sample6_54h.json,98,100,0,0,TN,0.892606376179367,>=,0.05,-1
255,sample6_54h.json,98,101,0,0,TN,0.4198044657764164,>=,0.05,-1
256,sample6_54h.json,98,102,0,1,FP,0.49547469901684305,>=,0.05,-1
257,sample6_54h.json,98,103,0,0,TN,0.6449258420483405,>=,0.05,-1
258,sample6_54h.json,100,103,1,1,TP,0.5841165765962291,>=,0.05,10
259,sample6_54h.json,101,102,1,0,FN,0.09776261360997651,>=,0.05,10
260,sample6_54h.json,104,105,0,1,FP,0.5907083498653131,>=,0.05,-1
261,sample6_54h.json,104,106,1,0,FN,0.2910489173552393,>=,0.05,12
262,sample6_54h.json,105,106,0,0,TN,0.03374825870620923,>=,0.05,-1
263,sample6_54h.json,105,107,1,0,FN,0.028855490987794385,>=,0.05,6
264,sample6_54h.json,106,107,0,0,TN,0.3774480140882447,>=,0.05,-1
1,sample7_14h.json,0,1,1,1,TP,0.8355833564416625,>=,0.05,6
2,sample7_14h.json,0,3,0,0,TN,0.026608761715225082,>=,0.05,-1
3,sample7_14h.json,0,6,0,0,TN,0.9787606182942895,>=,0.05,-1
4,sample7_14h.json,1,4,0,0,TN,0.31376394693961096,>=,0.05,-1
5,sample7_14h.json,1,6,0,0,TN,0.22795708274955262,>=,0.05,-1
6,sample7_14h.json,1,8,0,0,TN,0.5185566075224609,>=,0.05,-1
7,sample7_14h.json,2,3,0,0,TN,0.07635173610188661,>=,0.05,-1
8,sample7_14h.json,2,5,1,0,FN,0.13695208545961157,>=,0.05,6
9,sample7_14h.json,2,9,0,1,FP,0.7280053150993652,>=,0.05,-1
10,sample7_14h.json,2,11,0,0,TN,0.5970308804054957,>=,0.05,-1
11,sample7_14h.json,2,13,0,0,TN,0.39949357184755274,>=,0.05,-1
12,sample7_14h.json,3,6,0,0,TN,0.5899421528637075,>=,0.05,-1
13,sample7_14h.json,3,9,1,0,FN,0.31056368978830917,>=,0.05,2
14,sample7_14h.json,4,7,1,1,TP,0.6041223879842388,>=,0.05,4
15,sample7_14h.json,4,8,0,0,TN,0.5772599073988195,>=,0.05,-1
16,sample7_14h.json,4,15,0,0,TN,0.6601768723785589,>=,0.05,-1
17,sample7_14h.json,5,13,0,0,TN,0.05194383811485537,>=,0.05,-1
18,sample7_14h.json,5,14,0,1,FP,0.7008838305056941,>=,0.05,-1
19,sample7_14h.json,5,21,0,0,TN,0.5107285568396148,>=,0.05,-1
20,sample7_14h.json,6,8,0,1,FP,0.9267819735440154,>=,0.05,-1
21,sample7_14h.json,6,9,0,0,TN,0.8430954201063762,>=,0.05,-1
22,sample7_14h.json,6,16,0,0,TN,0.4911371911629637,>=,0.05,-1
23,sample7_14h.json,6,17,0,0,TN,0.634311148731859,>=,0.05,-1
24,sample7_14h.json,6,25,0,0,TN,0.46729454752171296,>=,0.05,-1
25,sample7_14h.json,6,27,0,0,TN,0.6064265540611151,>=,0.05,-1
26,sample7_14h.json,7,10,0,0,TN,0.3034568854246251,>=,0.05,-1
27,sample7_14h.json,7,15,0,0,TN,0.5018163537304371,>=,0.05,-1
28,sample7_14h.json,7,19,0,0,TN,0.029932594182358385,>=,0.05,-1
29,sample7_14h.json,8,15,0,0,TN,0.5582328728314891,>=,0.05,-1
30,sample7_14h.json,8,16,1,0,FN,0.47234910165571864,>=,0.05,2
31,sample7_14h.json,9,11,0,0,TN,0.23602983766077978,>=,0.05,-1
32,sample7_14h.json,9,17,0,0,TN,0.8286304154935686,>=,0.05,-1
33,sample7_14h.json,10,12,0,1,FP,0.8216418062518664,>=,0.05,-1
34,sample7_14h.json,10,19,1,0,FN,0.4845475608618257,>=,0.05,6
35,sample7_14h.json,10,28,0,0,TN,0.977470846479023,>=,0.05,-1
36,sample7_14h.json,11,13,1,0,FN,0.46271860057940106,>=,0.05,2
37,sample7_14h.json,11,17,0,0,TN,0.4864096069413063,>=,0.05,-1
38,sample7_14h.json,11,20,0,1,FP,0.6988649000464501,>=,0.05,-1
39,sample7_14h.json,11,24,0,0,TN,0.6599419127077386,>=,0.05,-1
40,sample7_14h.json,12,26,1,0,FN,0.3089947144777292,>=,0.05,8
41,sample7_14h.json,12,28,0,0,TN,0.9400729203004333,>=,0.05,-1
42,sample7_14h.json,13,21,0,1,FP,0.9047673088623304,>=,0.05,-1
43,sample7_14h.json,13,24,0,0,TN,0.06367063283323393,>=,0.05,-1
44,sample7_14h.json,14,18,1,0,FN,0.1536112790990889,>=,0.05,6
45,sample7_14h.json,14,21,0,0,TN,0.6899513470872526,>=,0.05,-1
46,sample7_14h.json,14,29,0,0,TN,0.4943128583539702,>=,0.05,-1
47,sample7_14h.json,14,32,0,0,TN,0.13786441700384278,>=,0.05,-1
48,sample7_14h.json,15,16,0,0,TN,0.39081500924233414,>=,0.05,-1
49,sample7_14h.json,15,31,1,1,TP,0.4008996508851732,>=,0.05,2
50,sample7_14h.json,15,33,0,0,TN,0.5781506682781818,>=,0.05,-1
51,sample7_14h.json,16,27,0,1,FP,0.7761575947769598,>=,0.05,-1
52,sample7_14h.json,16,31,0,0,TN,0.3585281319917537,>=,0.05,-1
53,sample7_14h.json,17,20,1,0,FN,0.6672967020796665,>=,0.05,2
54,sample7_14h.json,17,25,0,0,TN,0.6641335390410505,>=,0.05,-1
55,sample7_14h.json,17,36,0,1,FP,0.5356749163887893,>=,0.05,-1
56,sample7_14h.json,17,38,0,0,TN,0.593752104068429,>=,0.05,-1
57,sample7_14h.json,17,41,0,0,TN,0.16022310490304825,>=,0.05,-1
58,sample7_14h.json,18,30,0,0,TN,0.47567869192669454,>=,0.05,-1
59,sample7_14h.json,18,32,0,0,TN,0.4320469844598577,>=,0.05,-1
60,sample7_14h.json,19,28,0,0,TN,0.5653190798985841,>=,0.05,-1
61,sample7_14h.json,20,24,0,0,TN,0.5296205149520831,>=,0.05,-1
62,sample7_14h.json,20,36,0,0,TN,0.0027867586150148727,>=,0.05,-1
63,sample7_14h.json,21,24,1,0,FN,0.5130927593990458,>=,0.05,8
64,sample7_14h.json,21,29,0,0,TN,0.4858896713197701,>=,0.05,-1
65,sample7_14h.json,21,35,0,0,TN,0.25508211529825653,>=,0.05,-1
66,sample7_14h.json,21,39,0,0,TN,0.4325018068559262,>=,0.05,-1
67,sample7_14h.json,24,36,0,0,TN,0.09099158253209061,>=,0.05,-1
68,sample7_14h.json,24,38,0,0,TN,0.8728377557585332,>=,0.05,-1
69,sample7_14h.json,24,39,0,0,TN,0.8774441275184249,>=,0.05,-1
70,sample7_14h.json,24,48,0,1,FP,0.9198810314629743,>=,0.05,-1
71,sample7_14h.json,25,27,1,0,FN,0.786856779172172,>=,0.05,4
72,sample7_14h.json,25,41,0,1,FP,0.8685504996170905,>=,0.05,-1
73,sample7_14h.json,26,28,0,1,FP,0.6318243766022579,>=,0.05,-1
74,sample7_14h.json,27,31,0,0,TN,0.7407294784553959,>=,0.05,-1
75,sample7_14h.json,27,41,0,0,TN,0.4613543737446629,>=,0.05,-1
76,sample7_14h.json,27,43,0,0,TN,0.6387209766360976,>=,0.05,-1
77,sample7_14h.json,28,46,1,0,FN,0.0638023936167994,>=,0.05,8
78,sample7_14h.json,29,32,1,1,TP,0.5711471430950273,>=,0.05,6
79,sample7_14h.json,29,35,0,0,TN,0.3372214868289509,>=,0.05,-1
80,sample7_14h.json,30,32,0,0,TN,0.07646339418222037,>=,0.05,-1
81,sample7_14h.json,30,40,1,0,FN,0.44199584121709634,>=,0.05,14
82,sample7_14h.json,30,42,0,0,TN,0.7911498467451721,>=,0.05,-1
83,sample7_14h.json,30,47,0,1,FP,0.8400580377210196,>=,0.05,-1
84,sample7_14h.json,30,49,0,0,TN,0.12192005473212653,>=,0.05,-1
85,sample7_14h.json,31,33,0,0,TN,0.06751491689944211,>=,0.05,-1
86,sample7_14h.json,31,43,0,0,TN,0.38787163736888775,>=,0.05,-1
87,sample7_14h.json,32,35,0,0,TN,0.38716776105302997,>=,0.05,-1
88,sample7_14h.json,32,42,0,0,TN,0.8533537398806349,>=,0.05,-1
89,sample7_14h.json,33,45,0,1,FP,0.5874346530954963,>=,0.05,-1
90,sample7_14h.json,35,39,1,1,TP,0.789539405916148,>=,0.05,6
91,sample7_14h.json,35,42,0,0,TN,0.16113835824547085,>=,0.05,-1
92,sample7_14h.json,36,38,1,0,FN,0.05209994180256261,>=,0.05,4
93,sample7_14h.json,37,44,1,1,TP,0.9525335334887068,>=,0.05,14
94,sample7_14h.json,37,56,0,0,TN,0.021269335445904702,>=,0.05,-1
95,sample7_14h.json,37,57,0,0,TN,0.6935842203403589,>=,0.05,-1
96,sample7_14h.json,38,41,0,0,TN,0.411353247924354,>=,0.05,-1
97,sample7_14h.json,38,48,0,0,TN,0.42306801142906036,>=,0.05,-1
98,sample7_14h.json,38,53,0,1,FP,0.9571291374956725,>=,0.05,-1
99,sample7_14h.json,39,42,0,0,TN,0.6746277246043868,>=,0.05,-1
100,sample7_14h.json,39,48,0,0,TN,0.8102667900640715,>=,0.05,-1
101,sample7_14h.json,39,51,0,0,TN,0.304791440980582,>=,0.05,-1
102,sample7_14h.json,40,44,0,0,TN,0.015059290200273079,>=,0.05,-1
103,sample7_14h.json,40,49,0,0,TN,0.3180540858286923,>=,0.05,-1
104,sample7_14h.json,41,43,0,0,TN,0.8148756082041632,>=,0.05,-1
105,sample7_14h.json,41,50,0,0,TN,0.24906969830331216,>=,0.05,-1
106,sample7_14h.json,41,53,0,0,TN,0.21662817178486604,>=,0.05,-1
107,sample7_14h.json,41,59,0,0,TN,0.3511380375135944,>=,0.05,-1
108,sample7_14h.json,42,47,1,0,FN,0.419925528793335,>=,0.05,4
109,sample7_14h.json,42,49,0,0,TN,0.7992796475606081,>=,0.05,-1
110,sample7_14h.json,42,51,0,0,TN,0.15200892609767325,>=,0.05,-1
111,sample7_14h.json,42,58,0,0,TN,0.4502694622824598,>=,0.05,-1
112,sample7_14h.json,42,60,0,1,FP,0.6437487346722581,>=,0.05,-1
113,sample7_14h.json,43,45,1,0,FN,0.2509498595575078,>=,0.05,6
114,sample7_14h.json,43,50,0,1,FP,0.41642276261103006,>=,0.05,-1
115,sample7_14h.json,43,52,0,0,TN,0.13360555822207676,>=,0.05,-1
116,sample7_14h.json,43,55,0,0,TN,0.24957737015379544,>=,0.05,-1
117,sample7_14h.json,44,49,0,0,TN,0.5684791020045821,>=,0.05,-1
118,sample7_14h.json,44,54,0,0,TN,0.37406711032847584,>=,0.05,-1
119,sample7_14h.json,44,56,0,0,TN,0.43977989567921083,>=,0.05,-1
120,sample7_14h.json,45,55,0,0,TN,0.8876087118605895,>=,0.05,-1
121,sample7_14h.json,47,49,0,0,TN,0.09522602168139538,>=,0.05,-1
122,sample7_14h.json,48,51,0,0,TN,0.626570265268726,>=,0.05,-1
123,sample7_14h.json,48,53,1,0,FN,0.5208479478624949,>=,0.05,2
124,sample7_14h.json,48,61,0,0,TN,0.15961852656028186,>=,0.05,-1
125,sample7_14h.json,49,54,1,1,TP,0.3837931832051127,>=,0.05,10
126,sample7_14h.json,49,60,0,0,TN,0.1626282167590557,>=,0.05,-1
127,sample7_14h.json,49,64,0,0,TN,0.24143674014151517,>=,0.05,-1
128,sample7_14h.json,50,52,1,0,FN,0.5905514192523732,>=,0.05,2
129,sample7_14h.json,50,59,0,0,TN,0.7717330602483751,>=,0.05,-1
130,sample7_14h.json,51,58,0,1,FP,0.7198475320400222,>=,0.05,-1
131,sample7_14h.json,51,61,1,0,FN,0.4015376516044852,>=,0.05,12
132,sample7_14h.json,52,55,0,0,TN,0.801202501382898,>=,0.05,-1
133,sample7_14h.json,52,59,0,1,FP,0.6961576792445751,>=,0.05,-1
134,sample7_14h.json,53,59,0,0,TN,0.15921659288055123,>=,0.05,-1
135,sample7_14h.json,53,61,0,0,TN,0.5274407309474891,>=,0.05,-1
136,sample7_14h.json,53,66,0,0,TN,0.47616882762062684,>=,0.05,-1
137,sample7_14h.json,54,56,0,0,TN,0.5805463612709724,>=,0.05,-1
138,sample7_14h.json,54,63,0,0,TN,0.2273529555737107,>=,0.05,-1
139,sample7_14h.json,54,64,0,0,TN,0.3379235120066184,>=,0.05,-1
140,sample7_14h.json,55,59,0,0,TN,0.3264564521847255,>=,0.05,-1
141,sample7_14h.json,55,67,0,1,FP,0.9754446930221518,>=,0.05,-1
142,sample7_14h.json,55,72,0,0,TN,0.0022290075028803535,>=,0.05,-1
143,sample7_14h.json,56,57,0,0,TN,0.6378112747272039,>=,0.05,-1
144,sample7_14h.json,56,62,1,1,TP,0.5914681180287276,>=,0.05,6
145,sample7_14h.json,56,63,0,0,TN,0.3236076803732547,>=,0.05,-1
146,sample7_14h.json,57,62,0,0,TN,0.4895328666783584,>=,0.05,-1
147,sample7_14h.json,57,65,1,1,TP,0.8864068971014903,>=,0.05,6
148,sample7_14h.json,58,60,1,0,FN,0.2895644983913471,>=,0.05,10
149,sample7_14h.json,58,61,0,0,TN,0.48004614931518197,>=,0.05,-1
150,sample7_14h.json,58,71,0,0,TN,0.13571998580946543,>=,0.05,-1
151,sample7_14h.json,58,76,0,0,TN,0.7365566760488255,>=,0.05,-1
152,sample7_14h.json,59,66,0,0,TN,0.077984124674366,>=,0.05,-1
153,sample7_14h.json,59,67,0,0,TN,0.1568218036480551,>=,0.05,-1
154,sample7_14h.json,60,64,0,0,TN,0.35727473088069606,>=,0.05,-1
155,sample7_14h.json,60,71,0,0,TN,0.48899809479442424,>=,0.05,-1
156,sample7_14h.json,61,66,0,1,FP,0.6056563471374048,>=,0.05,-1
157,sample7_14h.json,61,76,0,0,TN,0.0039627671981319335,>=,0.05,-1
158,sample7_14h.json,61,77,0,0,TN,0.830849661629049,>=,0.05,-1
159,sample7_14h.json,61,78,0,0,TN,0.7182784902331888,>=,0.05,-1
160,sample7_14h.json,62,63,0,0,TN,0.36105651852994003,>=,0.05,-1
161,sample7_14h.json,62,65,0,0,TN,0.47548547065665436,>=,0.05,-1
162,sample7_14h.json,62,68,0,0,TN,0.3060846488690917,>=,0.05,-1
163,sample7_14h.json,63,64,0,1,FP,0.9793663957036982,>=,0.05,-1
164,sample7_14h.json,63,68,1,0,FN,0.43031464845912626,>=,0.05,12
165,sample7_14h.json,63,74,0,0,TN,0.055041510363837975,>=,0.05,-1
166,sample7_14h.json,64,71,0,0,TN,0.7556569314870062,>=,0.05,-1
167,sample7_14h.json,64,74,1,0,FN,0.30700301994368606,>=,0.05,12
168,sample7_14h.json,64,80,0,0,TN,0.3987081837521551,>=,0.05,-1
169,sample7_14h.json,65,68,0,0,TN,0.9241103283990315,>=,0.05,-1
170,sample7_14h.json,65,69,0,0,TN,0.056432803828381006,>=,0.05,-1
171,sample7_14h.json,65,73,0,0,TN,0.47724976424585974,>=,0.05,-1
172,sample7_14h.json,65,75,0,0,TN,0.8804227405201625,>=,0.05,-1
173,sample7_14h.json,66,77,0,0,TN,0.5440782824329795,>=,0.05,-1
174,sample7_14h.json,67,72,1,0,FN,0.3540661873043843,>=,0.05,10
175,sample7_14h.json,68,73,0,0,TN,0.6083894520214453,>=,0.05,-1
176,sample7_14h.json,68,74,0,0,TN,0.814514906603821,>=,0.05,-1
177,sample7_14h.json,68,82,0,0,TN,0.24154104525494813,>=,0.05,-1
178,sample7_14h.json,68,84,0,1,FP,0.9908086786958019,>=,0.05,-1
179,sample7_14h.json,69,70,1,1,TP,0.8056157842116173,>=,0.05,4
180,sample7_14h.json,69,75,0,0,TN,0.03557259335265939,>=,0.05,-1
181,sample7_14h.json,69,79,0,0,TN,0.4393858000975006,>=,0.05,-1
182,sample7_14h.json,69,83,0,0,TN,0.4868680997073468,>=,0.05,-1
183,sample7_14h.json,70,83,0,0,TN,0.3159893788152992,>=,0.05,-1
184,sample7_14h.json,71,76,0,1,FP,0.9864353815380392,>=,0.05,-1
185,sample7_14h.json,71,80,1,0,FN,0.6600877187872183,>=,0.05,6
186,sample7_14h.json,73,75,0,1,FP,0.880453326661621,>=,0.05,-1
187,sample7_14h.json,73,81,1,0,FN,0.12421696797267323,>=,0.05,4
188,sample7_14h.json,73,84,0,0,TN,0.5413252976478242,>=,0.05,-1
189,sample7_14h.json,74,80,0,0,TN,0.47888646918285094,>=,0.05,-1
190,sample7_14h.json,74,82,0,1,FP,0.7260900063969018,>=,0.05,-1
191,sample7_14h.json,74,85,0,0,TN,0.3964968688016356,>=,0.05,-1
192,sample7_14h.json,74,86,0,0,TN,0.8954394868103354,>=,0.05,-1
193,sample7_14h.json,75,79,1,0,FN,0.8714717313770411,>=,0.05,8
194,sample7_14h.json,75,81,0,0,TN,0.13733693969131655,>=,0.05,-1
195,sample7_14h.json,76,78,1,0,FN,0.3412536624874388,>=,0.05,4
196,sample7_14h.json,76,80,0,0,TN,0.26887283837001896,>=,0.05,-1
197,sample7_14h.json,76,89,0,0,TN,0.3607450692927652,>=,0.05,-1
198,sample7_14h.json,77,78,0,1,FP,0.764745521926036,>=,0.05,-1
199,sample7_14h.json,77,88,0,0,TN,0.18475906125574837,>=,0.05,-1
200,sample7_14h.json,77,90,0,0,TN,0.059038218969094114,>=,0.05,-1
201,sample7_14h.json,78,88,0,0,TN,0.5468436193735547,>=,0.05,-1
202,sample7_14h.json,78,89,0,0,TN,0.7857844362414483,>=,0.05,-1
203,sample7_14h.json,78,93,0,0,TN,0.10183832435733953,>=,0.05,-1
204,sample7_14h.json,79,81,0,1,FP,0.8350073962182962,>=,0.05,-1
205,sample7_14h.json,79,83,0,0,TN,0.16079652138499068,>=,0.05,-1
206,sample7_14h.json,79,87,0,0,TN,0.06453711789747119,>=,0.05,-1
207,sample7_14h.json,80,85,0,1,FP,0.5678295964143394,>=,0.05,-1
208,sample7_14h.json,80,89,0,0,TN,0.7447108876571644,>=,0.05,-1
209,sample7_14h.json,81,84,0,0,TN,0.0014892079536404923,>=,0.05,-1
210,sample7_14h.json,81,87,0,0,TN,0.3150294282318413,>=,0.05,-1
211,sample7_14h.json,82,84,0,0,TN,0.13232776455526696,>=,0.05,-1
212,sample7_14h.json,82,86,0,0,TN,0.5426841786484321,>=,0.05,-1
213,sample7_14h.json,82,91,0,0,TN,0.7755031276191525,>=,0.05,-1
214,sample7_14h.json,83,87,0,1,FP,0.570481916908622,>=,0.05,-1
215,sample7_14h.json,83,92,0,0,TN,0.26080734830252483,>=,0.05,-1
216,sample7_14h.json,83,94,1,0,FN,0.2466879899137815,>=,0.05,14
217,sample7_14h.json,83,95,0,0,TN,0.6547777920035832,>=,0.05,-1
218,sample7_14h.json,84,87,0,0,TN,0.8348595223773666,>=,0.05,-1
219,sample7_14h.json,84,91,1,0,FN,0.558765525928875,>=,0.05,2
220,sample7_14h.json,85,86,0,0,TN,0.648634960705711,>=,0.05,-1
221,sample7_14h.json,85,89,1,0,FN,0.4450091536503413,>=,0.05,4
222,sample7_14h.json,85,96,0,0,TN,0.630990800130813,>=,0.05,-1
223,sample7_14h.json,86,91,0,1,FP,0.9675497975450295,>=,0.05,-1
224,sample7_14h.json,86,96,0,0,TN,0.8064473258244141,>=,0.05,-1
225,sample7_14h.json,86,97,1,0,FN,0.00811786871513187,>=,0.05,6
226,sample7_14h.json,87,91,0,0,TN,0.5336544126273584,>=,0.05,-1
227,sample7_14h.json,87,92,1,0,FN,0.5112099551926019,>=,0.05,10
228,sample7_14h.json,87,100,0,0,TN,0.08556610542436682,>=,0.05,-1
229,sample7_14h.json,88,90,1,1,TP,0.8241983357646855,>=,0.05,4
230,sample7_14h.json,88,93,0,0,TN,0.4295956778490867,>=,0.05,-1
231,sample7_14h.json,88,98,0,0,TN,0.6995557226081073,>=,0.05,-1
232,sample7_14h.json,89,93,0,0,TN,0.25973670552222183,>=,0.05,-1
233,sample7_14h.json,89,96,0,1,FP,0.9478640075483022,>=,0.05,-1
234,sample7_14h.json,89,99,0,0,TN,0.33511279690854057,>=,0.05,-1
235,sample7_14h.json,90,98,0,0,TN,0.6726717813374647,>=,0.05,-1
236,sample7_14h.json,91,97,0,0,TN,0.3580198415770295,>=,0.05,-1
237,sample7_14h.json,91,100,0,0,TN,0.11320229304625229,>=,0.05,-1
238,sample7_14h.json,92,94,0,0,TN,0.02524079500910137,>=,0.05,-1
239,sample7_14h.json,92,100,0,1,FP,0.8799213127118272,>=,0.05,-1
240,sample7_14h.json,92,101,0,0,TN,0.579752028189274,>=,0.05,-1
241,sample7_14h.json,93,98,1,1,TP,0.5912398718158263,>=,0.05,4
242,sample7_14h.json,93,99,0,0,TN,0.14034432568558486,>=,0.05,-1
243,sample7_14h.json,93,103,0,0,TN,0.311071709910959,>=,0.05,-1
244,sample7_14h.json,94,95,0,1,FP,0.7273052994448231,>=,0.05,-1
245,sample7_14h.json,94,101,0,0,TN,0.3857251230102168,>=,0.05,-1
246,sample7_14h.json,95,101,0,0,TN,0.4842642998568356,>=,0.05,-1
247,sample7_14h.json,95,106,0,0,TN,0.21593092248760282,>=,0.05,-1
248,sample7_14h.json,95,109,0,0,TN,0.0665950245994551,>=,0.05,-1
249,sample7_14h.json,96,97,0,0,TN,0.5170823594349763,>=,0.05,-1
250,sample7_14h.json,96,99,1,0,FN,0.8009558308697968,>=,0.05,2
251,sample7_14h.json,96,105,0,0,TN,0.037363068710016045,>=,0.05,-1
252,sample7_14h.json,97,100,0,0,TN,0.14341609206911365,>=,0.05,-1
253,sample7_14h.json,97,104,0,1,FP,0.8902489291399753,>=,0.05,-1
254,sample7_14h.json,97,105,0,0,TN,0.776570529788052,>=,0.05,-1
255,sample7_14h.json,99,103,0,0,TN,0.783342363311289,>=,0.05,-1
256,sample7_14h.json,99,105,0,1,FP,0.8948415878582174,>=,0.05,-1
257,sample7_14h.json,99,107,0,0,TN,0.8089991829642561,>=,0.05,-1
258,sample7_14h.json,100,101,0,0,TN,0.3082719477488186,>=,0.05,-1
259,sample7_14h.json,100,104,0,0,TN,0.5816411956156966,>=,0.05,-1
260,sample7_14h.json,100,106,0,0,TN,0.9775213953778442,>=,0.05,-1
261,sample7_14h.json,100,113,0,0,TN,0.29724458753635774,>=,0.05,-1
262,sample7_14h.json,100,114,0,0,TN,0.5771429466077502,>=,0.05,-1
263,sample7_14h.json,100,116,0,0,TN,0.7674564439925566,>=,0.05,-1
264,sample7_14h.json,101,106,1,0,FN,0.6199898700950288,>=,0.05,6
265,sample7_14h.json,103,107,1,1,TP,0.5807256845670424,>=,0.05,4
266,sample7_14h.json,104,105,1,0,FN,0.41123643347259786,>=,0.05,6
267,sample7_14h.json,104,114,0,0,TN,0.6018083603209173,>=,0.05,-1
268,sample7_14h.json,104,115,0,0,TN,0.21597489800276415,>=,0.05,-1
269,sample7_14h.json,105,107,0,0,TN,0.23020288891788443,>=,0.05,-1
270,sample7_14h.json,105,115,0,0,TN,0.10264512747245547,>=,0.05,-1
271,sample7_14h.json,106,109,0,0,TN,0.6557562057451864,>=,0.05,-1
272,sample7_14h.json,106,111,0,0,TN,0.37293458605681484,>=,0.05,-1
273,sample7_14h.json,106,113,0,1,FP,0.8906922489341694,>=,0.05,-1
274,sample7_14h.json,106,117,0,0,TN,0.11197171165170461,>=,0.05,-1
275,sample7_14h.json,107,115,0,0,TN,0.023767757534675082,>=,0.05,-1
276,sample7_14h.json,109,111,1,0,FN,0.2518226892625871,>=,0.05,6
277,sample7_14h.json,111,117,0,1,FP,0.3504218485751964,>=,0.05,-1
278,sample7_14h.json,113,116,0,0,TN,0.6753420460786099,>=,0.05,-1
279,sample7_14h.json,113,117,1,0,FN,0.2646719615105877,>=,0.05,14
280,sample7_14h.json,114,116,1,1,TP,0.9053483655984939,>=,0.05,8
281,sample7_14h.json,116,117,0,0,TN,0.7201379843582709,>=,0.05,-1
1,sample7_30h.json,0,3,1,1,TP,0.9850028067357696,>=,0.05,8
2,sample7_30h.json,0,4,0,0,TN,0.9666327567637666,>=,0.05,-1
3,sample7_30h.json,1,10,1,1,TP,0.8096923483604365,>=,0.05,12
4,sample7_30h.json,2,4,0,1,FP,0.8859016668493201,>=,0.05,-1
5,sample7_30h.json,2,6,1,0,FN,0.33660341901012725,>=,0.05,8
6,sample7_30h.json,3,4,0,0,TN,0.4033203746029843,>=,0.05,-1
7,sample7_30h.json,3,5,0,0,TN,0.814092175046798,>=,0.05,-1
8,sample7_30h.json,3,12,0,0,TN,0.4707584905343354,>=,0.05,-1
9,sample7_30h.json,4,6,0,0,TN,0.39606814892457887,>=,0.05,-1
10,sample7_30h.json,4,12,0,0,TN,0.08738693853775448,>=,0.05,-1
11,sample7_30h.json,4,16,0,0,TN,0.31313613219922287,>=,0.05,-1
12,sample7_30h.json,4,18,0,0,TN,0.2403931607971791,>=,0.05,-1
13,sample7_30h.json,4,19,0,0,TN,0.3897224344233635,>=,0.05,-1
14,sample7_30h.json,5,7,0,0,TN,0.7025637121376549,>=,0.05,-1
15,sample7_30h.json,5,12,1,1,TP,0.7754299067676278,>=,0.05,2
16,sample7_30h.json,6,8,0,1,FP,0.4638284111308527,>=,0.05,-1
17,sample7_30h.json,6,14,0,0,TN,0.17952556473393655,>=,0.05,-1
18,sample7_30h.json,6,19,0,0,TN,0.1303957445994557,>=,0.05,-1
19,sample7_30h.json,7,9,0,0,TN,0.16961445837617262,>=,0.05,-1
20,sample7_30h.json,7,12,0,0,TN,0.11038385299155162,>=,0.05,-1
21,sample7_30h.json,7,16,0,0,TN,0.8585276828752781,>=,0.05,-1
22,sample7_30h.json,7,17,0,0,TN,0.293649142357031,>=,0.05,-1
23,sample7_30h.json,7,22,0,1,FP,0.50430622825853,>=,0.05,-1
24,sample7_30h.json,7,23,0,0,TN,0.1137942796043826,>=,0.05,-1
25,sample7_30h.json,7,25,0,0,TN,0.8698464871457464,>=,0.05,-1
26,sample7_30h.json,8,11,0,0,TN,0.025539359745772705,>=,0.05,-1
27,sample7_30h.json,8,14,1,0,FN,0.1327882754536689,>=,0.05,14
28,sample7_30h.json,8,15,0,0,TN,0.33168930630032367,>=,0.05,-1
29,sample7_30h.json,8,21,0,0,TN,0.8113001255785363,>=,0.05,-1
30,sample7_30h.json,9,17,0,0,TN,0.31364148876326325,>=,0.05,-1
31,sample7_30h.json,9,20,0,0,TN,0.2860119040553101,>=,0.05,-1
32,sample7_30h.json,10,13,0,0,TN,0.08846014098782051,>=,0.05,-1
33,sample7_30h.json,11,13,0,0,TN,0.36221489877084345,>=,0.05,-1
34,sample7_30h.json,11,15,1,0,FN,0.6930338182503368,>=,0.05,4
35,sample7_30h.json,12,16,0,0,TN,0.822816887496231,>=,0.05,-1
36,sample7_30h.json,13,15,0,1,FP,0.7857009477012714,>=,0.05,-1
37,sample7_30h.json,13,21,0,0,TN,0.7544125185808292,>=,0.05,-1
38,sample7_30h.json,13,24,0,0,TN,0.03119775075533493,>=,0.05,-1
39,sample7_30h.json,14,19,0,1,FP,0.7058414844741959,>=,0.05,-1
40,sample7_30h.json,14,21,0,0,TN,0.42321924913551,>=,0.05,-1
41,sample7_30h.json,14,26,0,0,TN,0.24219226951631967,>=,0.05,-1
42,sample7_30h.json,15,21,0,0,TN,0.9092549074769746,>=,0.05,-1
43,sample7_30h.json,16,18,1,0,FN,0.6497196832933038,>=,0.05,14
44,sample7_30h.json,16,22,0,0,TN,0.8272736223864767,>=,0.05,-1
45,sample7_30h.json,16,32,0,0,TN,0.0666301421675024,>=,0.05,-1
46,sample7_30h.json,16,33,0,0,TN,0.1526266026763058,>=,0.05,-1
47,sample7_30h.json,16,35,0,1,FP,0.9140981545634769,>=,0.05,-1
48,sample7_30h.json,16,37,0,0,TN,0.9258577026915691,>=,0.05,-1
49,sample7_30h.json,17,20,0,0,TN,0.3658475912380166,>=,0.05,-1
50,sample7_30h.json,17,23,1,1,TP,0.6079752985330591,>=,0.05,6
51,sample7_30h.json,18,19,0,0,TN,0.05918643456994732,>=,0.05,-1
52,sample7_30h.json,18,32,0,1,FP,0.5799732627352366,>=,0.05,-1
53,sample7_30h.json,19,26,0,0,TN,0.12599821847951698,>=,0.05,-1
54,sample7_30h.json,19,32,0,0,TN,0.48670369914824707,>=,0.05,-1
55,sample7_30h.json,19,35,0,0,TN,0.03601349149859334,>=,0.05,-1
56,sample7_30h.json,19,43,0,0,TN,0.762763051304437,>=,0.05,-1
57,sample7_30h.json,20,23,0,0,TN,0.38667888063927125,>=,0.05,-1
58,sample7_30h.json,20,29,0,0,TN,0.9303610151587304,>=,0.05,-1
59,sample7_30h.json,20,30,1,0,FN,0.07979783519152872,>=,0.05,16
60,sample7_30h.json,20,39,0,1,FP,0.9240356117947824,>=,0.05,-1
61,sample7_30h.json,21,24,0,0,TN,0.032205557255613915,>=,0.05,-1
62,sample7_30h.json,21,26,0,1,FP,0.9059266019411841,>=,0.05,-1
63,sample7_30h.json,21,27,1,0,FN,0.6494454826591279,>=,0.05,16
64,sample7_30h.json,22,25,0,0,TN,0.593843358294637,>=,0.05,-1
65,sample7_30h.json,22,33,1,0,FN,0.20192125220729273,>=,0.05,10
66,sample7_30h.json,23,25,0,0,TN,0.9198505558411836,>=,0.05,-1
67,sample7_30h.json,23,30,0,0,TN,0.05206435669286813,>=,0.05,-1
68,sample7_30h.json,24,26,0,0,TN,0.8407677182457528,>=,0.05,-1
69,sample7_30h.json,24,27,0,1,FP,0.9887274134103887,>=,0.05,-1
70,sample7_30h.json,24,28,0,0,TN,0.35799790935549713,>=,0.05,-1
71,sample7_30h.json,24,34,0,0,TN,0.6691315877572193,>=,0.05,-1
72,sample7_30h.json,24,36,0,0,TN,0.8603244229210703,>=,0.05,-1
73,sample7_30h.json,24,42,0,0,TN,0.5516451051926017,>=,0.05,-1
74,sample7_30h.json,24,49,0,0,TN,0.017623163916745788,>=,0.05,-1
75,sample7_30h.json,24,51,0,0,TN,0.2472674142517376,>=,0.05,-1
76,sample7_30h.json,25,30,0,0,TN,0.6116526487853822,>=,0.05,-1
77,sample7_30h.json,25,33,0,0,TN,0.15767951483559517,>=,0.05,-1
78,sample7_30h.json,25,37,0,0,TN,0.07205612205041001,>=,0.05,-1
79,sample7_30h.json,25,45,0,1,FP,0.9898950270607026,>=,0.05,-1
80,sample7_30h.json,26,27,0,0,TN,0.00010800680093148163,>=,0.05,-1
81,sample7_30h.json,26,42,0,0,TN,0.026266568545502578,>=,0.05,-1
82,sample7_30h.json,26,43,0,0,TN,0.08800275566480875,>=,0.05,-1
83,sample7_30h.json,26,48,0,0,TN,0.7040401649368728,>=,0.05,-1
84,sample7_30h.json,28,34,0,0,TN,0.007468354750500117,>=,0.05,-1
85,sample7_30h.json,28,36,1,1,TP,0.6436021489346456,>=,0.05,8
86,sample7_30h.json,29,31,0,1,FP,0.872602289438646,>=,0.05,-1
87,sample7_30h.json,29,39,0,0,TN,0.9031132543596314,>=,0.05,-1
88,sample7_30h.json,29,46,1,0,FN,0.10486910179433728,>=,0.05,4
89,sample7_30h.json,30,39,0,0,TN,0.24432652300625235,>=,0.05,-1
90,sample7_30h.json,30,45,0,0,TN,0.17253374176597203,>=,0.05,-1
91,sample7_30h.json,30,59,0,1,FP,0.5839454647821993,>=,0.05,-1
92,sample7_30h.json,31,46,0,0,TN,0.8407770836074514,>=,0.05,-1
93,sample7_30h.json,31,47,0,0,TN,0.1620414311580901,>=,0.05,-1
94,sample7_30h.json,32,35,1,0,FN,0.4322844417036358,>=,0.05,14
95,sample7_30h.json,33,37,0,0,TN,0.3789516224373053,>=,0.05,-1
96,sample7_30h.json,34,36,0,0,TN,0.5780183852989372,>=,0.05,-1
97,sample7_30h.json,34,38,0,1,FP,0.637526792707455,>=,0.05,-1
98,sample7_30h.json,34,44,0,0,TN,0.5734995017055761,>=,0.05,-1
99,sample7_30h.json,34,51,0,0,TN,0.5189185902141557,>=,0.05,-1
100,sample7_30h.json,34,56,0,0,TN,0.5993900305989911,>=,0.05,-1
101,sample7_30h.json,34,58,0,0,TN,0.11033169125366704,>=,0.05,-1
102,sample7_30h.json,35,37,0,0,TN,0.12774474177503325,>=,0.05,-1
103,sample7_30h.json,35,43,0,0,TN,0.5557801169484589,>=,0.05,-1
104,sample7_30h.json,35,50,0,0,TN,0.19627178891506636,>=,0.05,-1
105,sample7_30h.json,35,57,0,0,TN,0.5614348747796423,>=,0.05,-1
106,sample7_30h.json,37,45,0,0,TN,0.7499983160197868,>=,0.05,-1
107,sample7_30h.json,37,50,1,1,TP,0.8081417276045125,>=,0.05,16
108,sample7_30h.json,37,61,0,0,TN,0.12741525753264027,>=,0.05,-1
109,sample7_30h.json,38,44,1,0,FN,0.08093594911038582,>=,0.05,10
110,sample7_30h.json,39,46,0,0,TN,0.04297668060305604,>=,0.05,-1
111,sample7_30h.json,39,59,0,0,TN,0.478229714689529,>=,0.05,-1
112,sample7_30h.json,39,62,1,0,FN,0.14148256422830385,>=,0.05,10
113,sample7_30h.json,42,48,0,0,TN,0.8267646530918481,>=,0.05,-1
114,sample7_30h.json,42,49,0,0,TN,0.2328184505379871,>=,0.05,-1
115,sample7_30h.json,42,55,1,1,TP,0.4472435081328726,>=,0.05,2
116,sample7_30h.json,43,48,0,0,TN,0.27990676582033447,>=,0.05,-1
117,sample7_30h.json,43,57,1,0,FN,0.1966773845493257,>=,0.05,16
118,sample7_30h.json,43,65,0,1,FP,0.9415629880045638,>=,0.05,-1
119,sample7_30h.json,44,58,0,0,TN,0.07220419353182439,>=,0.05,-1
120,sample7_30h.json,45,59,0,0,TN,0.7322364051833282,>=,0.05,-1
121,sample7_30h.json,45,61,0,0,TN,0.25465382497814526,>=,0.05,-1
122,sample7_30h.json,45,66,0,0,TN,0.10205475562718391,>=,0.05,-1
123,sample7_30h.json,45,74,0,0,TN,0.16931949525077805,>=,0.05,-1
124,sample7_30h.json,46,47,0,1,FP,0.3807989655020031,>=,0.05,-1
125,sample7_30h.json,46,62,0,0,TN,0.6516175985729599,>=,0.05,-1
126,sample7_30h.json,46,67,0,0,TN,0.687087689618264,>=,0.05,-1
127,sample7_30h.json,47,54,1,0,FN,0.1178827127314046,>=,0.05,2
128,sample7_30h.json,47,67,0,0,TN,0.41976468159365665,>=,0.05,-1
129,sample7_30h.json,48,49,0,0,TN,0.11633343986020417,>=,0.05,-1
130,sample7_30h.json,48,55,0,0,TN,0.1873285470652324,>=,0.05,-1
131,sample7_30h.json,48,65,0,0,TN,0.23102580387112626,>=,0.05,-1
132,sample7_30h.json,48,71,0,1,FP,0.9363547964421458,>=,0.05,-1
133,sample7_30h.json,49,51,0,0,TN,0.2791495542862963,>=,0.05,-1
134,sample7_30h.json,49,55,0,0,TN,0.19147420754881073,>=,0.05,-1
135,sample7_30h.json,49,56,0,0,TN,0.9831030583624762,>=,0.05,-1
136,sample7_30h.json,49,71,0,0,TN,0.6933185549743037,>=,0.05,-1
137,sample7_30h.json,49,75,0,0,TN,0.4319701932611616,>=,0.05,-1
138,sample7_30h.json,49,80,0,1,FP,0.9563124695533831,>=,0.05,-1
139,sample7_30h.json,49,85,0,0,TN,0.8608647194795523,>=,0.05,-1
140,sample7_30h.json,50,57,0,0,TN,0.9300040125532544,>=,0.05,-1
141,sample7_30h.json,50,61,0,0,TN,0.6398488438886439,>=,0.05,-1
142,sample7_30h.json,50,69,0,0,TN,0.2541009312931678,>=,0.05,-1
143,sample7_30h.json,51,56,1,1,TP,0.8191139694388084,>=,0.05,10
144,sample7_30h.json,54,67,0,1,FP,0.8230389814356887,>=,0.05,-1
145,sample7_30h.json,54,78,0,0,TN,0.6525286882509065,>=,0.05,-1
146,sample7_30h.json,56,58,0,0,TN,0.9772095291080614,>=,0.05,-1
147,sample7_30h.json,56,75,0,0,TN,0.40560665056577583,>=,0.05,-1
148,sample7_30h.json,57,65,0,0,TN,0.3897113114449493,>=,0.05,-1
149,sample7_30h.json,57,69,0,1,FP,0.8823766788758513,>=,0.05,-1
150,sample7_30h.json,57,79,0,0,TN,0.3474355254104352,>=,0.05,-1
151,sample7_30h.json,58,75,0,0,TN,0.9697389722779549,>=,0.05,-1
152,sample7_30h.json,58,76,0,0,TN,0.9034865682019456,>=,0.05,-1
153,sample7_30h.json,58,92,0,1,FP,0.6701547408449074,>=,0.05,-1
154,sample7_30h.json,59,62,0,0,TN,0.9051786870158391,>=,0.05,-1
155,sample7_30h.json,59,74,0,0,TN,0.14788442379059108,>=,0.05,-1
156,sample7_30h.json,59,91,0,0,TN,0.6866161058084402,>=,0.05,-1
157,sample7_30h.json,60,63,0,1,FP,0.7567971904861028,>=,0.05,-1
158,sample7_30h.json,60,64,0,0,TN,0.26475410084759443,>=,0.05,-1
159,sample7_30h.json,60,70,0,0,TN,0.15640119642541006,>=,0.05,-1
160,sample7_30h.json,60,72,0,0,TN,0.0052037784066391035,>=,0.05,-1
161,sample7_30h.json,61,66,0,0,TN,0.36564059673061255,>=,0.05,-1
162,sample7_30h.json,61,73,1,1,TP,0.5928643194128241,>=,0.05,4
163,sample7_30h.json,62,67,0,0,TN,0.6302800807893034,>=,0.05,-1
164,sample7_30h.json,62,87,0,0,TN,0.20092265783390784,>=,0.05,-1
165,sample7_30h.json,62,91,0,1,FP,0.728541670571077,>=,0.05,-1
166,sample7_30h.json,63,72,0,0,TN,0.2838725804039297,>=,0.05,-1
167,sample7_30h.json,63,76,0,0,TN,0.8749843005624257,>=,0.05,-1
168,sample7_30h.json,63,77,0,0,TN,0.6295227727433965,>=,0.05,-1
169,sample7_30h.json,63,88,0,0,TN,0.9595341179150095,>=,0.05,-1
170,sample7_30h.json,63,90,0,0,TN,0.40994996219703583,>=,0.05,-1
171,sample7_30h.json,64,70,0,0,TN,0.20607342731309997,>=,0.05,-1
172,sample7_30h.json,64,82,0,1,FP,0.669488338356725,>=,0.05,-1
173,sample7_30h.json,64,84,0,0,TN,0.7426530405763524,>=,0.05,-1
174,sample7_30h.json,65,71,0,0,TN,0.6517968654796699,>=,0.05,-1
175,sample7_30h.json,65,79,0,0,TN,0.25128989802751955,>=,0.05,-1
176,sample7_30h.json,65,80,0,0,TN,0.1697354781913013,>=,0.05,-1
177,sample7_30h.json,65,94,0,0,TN,0.7210328474953281,>=,0.05,-1
178,sample7_30h.json,65,100,0,0,TN,0.08211613294315212,>=,0.05,-1
179,sample7_30h.json,66,73,0,0,TN,0.35562427734230784,>=,0.05,-1
180,sample7_30h.json,66,74,0,0,TN,0.41633508745942227,>=,0.05,-1
181,sample7_30h.json,66,81,0,1,FP,0.9999967667212489,>=,0.05,-1
182,sample7_30h.json,67,78,0,0,TN,0.31381151841816823,>=,0.05,-1
183,sample7_30h.json,67,87,1,0,FN,0.8000279869036413,>=,0.05,2
184,sample7_30h.json,69,73,0,0,TN,0.5739543673454478,>=,0.05,-1
185,sample7_30h.json,69,79,0,0,TN,0.5302300771507973,>=,0.05,-1
186,sample7_30h.json,69,81,1,0,FN,0.5373879638087701,>=,0.05,14
187,sample7_30h.json,69,93,0,0,TN,0.6982701115322218,>=,0.05,-1
188,sample7_30h.json,70,72,0,1,FP,0.8788305643682937,>=,0.05,-1
189,sample7_30h.json,70,82,0,0,TN,0.5930565919024909,>=,0.05,-1
190,sample7_30h.json,70,83,0,0,TN,0.4351549976293355,>=,0.05,-1
191,sample7_30h.json,71,80,1,0,FN,0.08017584507703746,>=,0.05,4
192,sample7_30h.json,72,77,1,0,FN,0.09910338837984622,>=,0.05,10
193,sample7_30h.json,72,83,0,0,TN,0.2979204987287294,>=,0.05,-1
194,sample7_30h.json,73,81,0,0,TN,0.8303150285832324,>=,0.05,-1
195,sample7_30h.json,74,81,0,0,TN,0.7754943439133918,>=,0.05,-1
196,sample7_30h.json,74,91,1,0,FN,0.023356387448754568,>=,0.05,16
197,sample7_30h.json,75,85,0,1,FP,0.6786069088523675,>=,0.05,-1
198,sample7_30h.json,75,92,0,0,TN,0.21942918839149916,>=,0.05,-1
199,sample7_30h.json,75,95,0,0,TN,0.7351896719349933,>=,0.05,-1
200,sample7_30h.json,75,97,0,0,TN,0.1527466065983033,>=,0.05,-1
201,sample7_30h.json,76,90,0,0,TN,0.49486851180423364,>=,0.05,-1
202,sample7_30h.json,76,92,0,0,TN,0.5677318166140876,>=,0.05,-1
203,sample7_30h.json,76,98,0,0,TN,0.8369292664960208,>=,0.05,-1
204,sample7_30h.json,76,99,0,0,TN,0.6336248777282389,>=,0.05,-1
205,sample7_30h.json,76,102,0,0,TN,0.3879429688519237,>=,0.05,-1
206,sample7_30h.json,76,104,0,1,FP,0.9553088940178285,>=,0.05,-1
207,sample7_30h.json,77,83,0,1,FP,0.5360089512920261,>=,0.05,-1
208,sample7_30h.json,77,88,0,0,TN,0.33997726082916646,>=,0.05,-1
209,sample7_30h.json,78,86,1,0,FN,0.23288319371038324,>=,0.05,2
210,sample7_30h.json,78,87,0,1,FP,0.6336907163033745,>=,0.05,-1
211,sample7_30h.json,79,93,1,0,FN,0.2880621381606544,>=,0.05,14
212,sample7_30h.json,79,100,0,1,FP,0.9084900639987324,>=,0.05,-1
213,sample7_30h.json,80,85,0,0,TN,0.6937089414149785,>=,0.05,-1
214,sample7_30h.json,80,94,0,0,TN,0.7005424395204033,>=,0.05,-1
215,sample7_30h.json,81,93,0,0,TN,0.2701672306898585,>=,0.05,-1
216,sample7_30h.json,82,83,0,0,TN,0.15015942743201838,>=,0.05,-1
217,sample7_30h.json,82,84,1,0,FN,0.08441732191894347,>=,0.05,4
218,sample7_30h.json,83,88,0,0,TN,0.9284845617492156,>=,0.05,-1
219,sample7_30h.json,83,96,0,0,TN,0.5893422556783835,>=,0.05,-1
220,sample7_30h.json,83,101,0,0,TN,0.6481987035345695,>=,0.05,-1
221,sample7_30h.json,84,96,0,1,FP,0.6881668618867486,>=,0.05,-1
222,sample7_30h.json,85,94,0,0,TN,0.3603242046450543,>=,0.05,-1
223,sample7_30h.json,85,97,1,0,FN,0.45890455542169484,>=,0.05,8
224,sample7_30h.json,86,87,0,0,TN,0.2608978941954586,>=,0.05,-1
225,sample7_30h.json,87,91,0,0,TN,0.13040035049854948,>=,0.05,-1
226,sample7_30h.json,88,90,0,1,FP,0.717734071191463,>=,0.05,-1
227,sample7_30h.json,88,101,0,0,TN,0.9764023417695377,>=,0.05,-1
228,sample7_30h.json,88,103,0,0,TN,0.26095486062028095,>=,0.05,-1
229,sample7_30h.json,88,107,0,0,TN,0.20139822085731784,>=,0.05,-1
230,sample7_30h.json,90,98,0,0,TN,0.5188266663023964,>=,0.05,-1
231,sample7_30h.json,90,103,1,0,FN,0.2454569533118809,>=,0.05,16
232,sample7_30h.json,92,95,1,0,FN,0.13189440268811903,>=,0.05,12
233,sample7_30h.json,92,102,0,0,TN,0.2296449339164094,>=,0.05,-1
234,sample7_30h.json,93,100,0,0,TN,0.873544665442298,>=,0.05,-1
235,sample7_30h.json,93,110,0,1,FP,0.9926159690042748,>=,0.05,-1
236,sample7_30h.json,94,97,0,0,TN,0.3264727014064833,>=,0.05,-1
237,sample7_30h.json,94,100,0,0,TN,0.36458222958593967,>=,0.05,-1
238,sample7_30h.json,94,108,0,0,TN,0.8101171017319266,>=,0.05,-1
239,sample7_30h.json,94,111,0,0,TN,0.04660109795930922,>=,0.05,-1
240,sample7_30h.json,94,114,0,0,TN,0.4192220235574585,>=,0.05,-1
241,sample7_30h.json,94,117,0,0,TN,0.7068493327998693,>=,0.05,-1
242,sample7_30h.json,94,119,0,1,FP,0.7122916978360365,>=,0.05,-1
243,sample7_30h.json,95,97,0,1,FP,0.6600889374195796,>=,0.05,-1
244,sample7_30h.json,95,102,0,0,TN,0.0751044311466551,>=,0.05,-1
245,sample7_30h.json,95,108,0,0,TN,0.36786810525831704,>=,0.05,-1
246,sample7_30h.json,96,101,1,0,FN,0.6791587296463926,>=,0.05,12
247,sample7_30h.json,96,105,0,0,TN,0.9773191490346808,>=,0.05,-1
248,sample7_30h.json,97,108,0,0,TN,0.5040688832436899,>=,0.05,-1
249,sample7_30h.json,98,99,1,0,FN,0.5572326373643123,>=,0.05,2
250,sample7_30h.json,98,103,0,1,FP,0.8617964630106378,>=,0.05,-1
251,sample7_30h.json,98,107,0,0,TN,0.1731658843790569,>=,0.05,-1
252,sample7_30h.json,98,113,0,0,TN,0.6614379472426721,>=,0.05,-1
253,sample7_30h.json,99,102,0,0,TN,0.2383558050441862,>=,0.05,-1
254,sample7_30h.json,99,104,0,0,TN,0.42437667474896623,>=,0.05,-1
255,sample7_30h.json,99,113,0,0,TN,0.604323694136712,>=,0.05,-1
256,sample7_30h.json,99,116,0,1,FP,0.2285232509886964,>=,0.05,-1
257,sample7_30h.json,100,110,1,0,FN,0.6149064721729772,>=,0.05,16
258,sample7_30h.json,100,111,0,0,TN,0.2858001933076526,>=,0.05,-1
259,sample7_30h.json,101,107,0,0,TN,0.25063846981739246,>=,0.05,-1
260,sample7_30h.json,101,109,0,0,TN,0.7352487814197843,>=,0.05,-1
261,sample7_30h.json,101,115,0,1,FP,0.9015563232078688,>=,0.05,-1
262,sample7_30h.json,102,104,1,0,FN,0.4925900535394496,>=,0.05,16
263,sample7_30h.json,102,108,0,0,TN,0.1559605353143999,>=,0.05,-1
264,sample7_30h.json,102,116,0,0,TN,0.4510109682984452,>=,0.05,-1
265,sample7_30h.json,102,118,0,1,FP,0.7934299511686831,>=,0.05,-1
266,sample7_30h.json,103,107,0,0,TN,0.17132568459369912,>=,0.05,-1
267,sample7_30h.json,105,106,0,0,TN,0.1878706940450665,>=,0.05,-1
268,sample7_30h.json,105,109,1,1,TP,0.8784248383650632,>=,0.05,12
269,sample7_30h.json,106,109,0,0,TN,0.7381903441973446,>=,0.05,-1
270,sample7_30h.json,106,112,0,1,FP,0.678774229907976,>=,0.05,-1
271,sample7_30h.json,107,113,0,1,FP,0.9464599040412978,>=,0.05,-1
272,sample7_30h.json,107,115,0,0,TN,0.7479202767522576,>=,0.05,-1
273,sample7_30h.json,108,114,0,0,TN,0.18104518883674814,>=,0.05,-1
274,sample7_30h.json,108,118,0,0,TN,0.9856772679988606,>=,0.05,-1
275,sample7_30h.json,108,121,0,1,FP,0.9576986843901107,>=,0.05,-1
276,sample7_30h.json,109,112,0,0,TN,0.1388018489706473,>=,0.05,-1
277,sample7_30h.json,109,115,0,0,TN,0.6545159381813038,>=,0.05,-1
278,sample7_30h.json,110,111,0,0,TN,0.23586061499821953,>=,0.05,-1
279,sample7_30h.json,111,119,0,0,TN,0.28178164925350924,>=,0.05,-1
280,sample7_30h.json,111,123,0,1,FP,0.7300115164484877,>=,0.05,-1
281,sample7_30h.json,112,115,0,0,TN,0.014332937893742237,>=,0.05,-1
282,sample7_30h.json,113,115,0,0,TN,0.5565077977649437,>=,0.05,-1
283,sample7_30h.json,113,116,0,0,TN,0.9659994523901372,>=,0.05,-1
284,sample7_30h.json,113,125,0,0,TN,0.6491636823805751,>=,0.05,-1
285,sample7_30h.json,113,126,0,0,TN,0.2793735752440587,>=,0.05,-1
286,sample7_30h.json,114,117,1,1,TP,0.9981984711882927,>=,0.05,8
287,sample7_30h.json,114,121,0,0,TN,0.29198614722597926,>=,0.05,-1
288,sample7_30h.json,115,125,0,0,TN,0.2676338536265209,>=,0.05,-1
289,sample7_30h.json,115,130,0,0,TN,0.33244151142380163,>=,0.05,-1
290,sample7_30h.json,115,131,0,0,TN,0.4280564963684529,>=,0.05,-1
291,sample7_30h.json,116,118,1,0,FN,0.2190713273033108,>=,0.05,6
292,sample7_30h.json,116,126,0,0,TN,0.05201804810416888,>=,0.05,-1
293,sample7_30h.json,117,119,0,0,TN,0.710315123548072,>=,0.05,-1
294,sample7_30h.json,117,121,0,0,TN,0.0958962691129227,>=,0.05,-1
295,sample7_30h.json,118,121,0,0,TN,0.5143889004522183,>=,0.05,-1
296,sample7_30h.json,118,126,0,0,TN,0.1750918955422971,>=,0.05,-1
297,sample7_30h.json,119,123,0,0,TN,0.8730721994861572,>=,0.05,-1
298,sample7_30h.json,121,126,0,0,TN,0.5094068282101025,>=,0.05,-1
299,sample7_30h.json,125,126,0,0,TN,0.5591771860666569,>=,0.05,-1
300,sample7_30h.json,125,131,0,0,TN,0.6880062295119465,>=,0.05,-1
301,sample7_30h.json,125,141,0,0,TN,0.7887297682074856,>=,0.05,-1
302,sample7_30h.json,125,145,0,1,FP,0.9569477221578649,>=,0.05,-1
303,sample7_30h.json,130,131,0,0,TN,0.20645430504142614,>=,0.05,-1
304,sample7_30h.json,130,141,0,0,TN,0.3873233230010188,>=,0.05,-1
305,sample7_30h.json,130,146,0,0,TN,0.3814415542434446,>=,0.05,-1
306,sample7_30h.json,130,147,0,0,TN,0.3728984833786294,>=,0.05,-1
307,sample7_30h.json,131,141,1,1,TP,0.6929832258143934,>=,0.05,16
308,sample7_30h.json,137,138,0,0,TN,0.6145924945091513,>=,0.05,-1
309,sample7_30h.json,137,139,1,1,TP,0.8291296071887788,>=,0.05,8
310,sample7_30h.json,137,147,0,0,TN,0.7805696096523723,>=,0.05,-1
311,sample7_30h.json,138,140,1,1,TP,0.9089188155483297,>=,0.05,4
312,sample7_30h.json,138,147,0,0,TN,0.8805607001893325,>=,0.05,-1
313,sample7_30h.json,139,140,0,0,TN,0.8694448435782842,>=,0.05,-1
314,sample7_30h.json,141,145,0,0,TN,0.12015238521175142,>=,0.05,-1
315,sample7_30h.json,141,146,0,0,TN,0.2590595619463101,>=,0.05,-1
316,sample7_30h.json,145,146,1,0,FN,0.35458946395655533,>=,0.05,14
317,sample7_30h.json,145,147,0,0,TN,0.059612514567416786,>=,0.05,-1
318,sample7_30h.json,146,147,0,1,FP,0.8374607143338403,>=,0.05,-1
1,sample8_14h.json,0,1,0,0,TN,0.13485911857384658,>=,0.05,-1
2,sample8_14h.json,0,3,1,1,TP,0.6403666443973851,>=,0.05,4
3,sample8_14h.json,0,7,0,0,TN,0.28176927027709453,>=,0.05,-1
4,sample8_14h.json,1,2,0,0,TN,0.08663506531322074,>=,0.05,-1
5,sample8_14h.json,1,6,0,0,TN,0.8346412173156144,>=,0.05,-1
6,sample8_14h.json,1,7,1,1,TP,0.6429168521845219,>=,0.05,6
7,sample8_14h.json,2,6,0,0,TN,0.18602440384151564,>=,0.05,-1
8,sample8_14h.json,2,8,0,1,FP,0.9266475658800606,>=,0.05,-1
9,sample8_14h.json,3,4,0,0,TN,0.566571860133643,>=,0.05,-1
10,sample8_14h.json,3,7,0,0,TN,0.5706876199018517,>=,0.05,-1
11,sample8_14h.json,3,9,0,0,TN,0.01941094525897602,>=,0.05,-1
12,sample8_14h.json,4,5,1,0,FN,0.023865866795175106,>=,0.05,6
13,sample8_14h.json,4,9,0,1,FP,0.0894722284880265,>=,0.05,-1
14,sample8_14h.json,4,12,0,0,TN,0.38943355854889805,>=,0.05,-1
15,sample8_14h.json,6,7,0,0,TN,0.5531721302797132,>=,0.05,-1
16,sample8_14h.json,6,8,0,0,TN,0.5284457284324859,>=,0.05,-1
17,sample8_14h.json,6,10,0,0,TN,0.8218964759137167,>=,0.05,-1
18,sample8_14h.json,6,13,0,0,TN,0.16629061851800897,>=,0.05,-1
19,sample8_14h.json,6,14,0,0,TN,0.5181714013401479,>=,0.05,-1
20,sample8_14h.json,6,17,0,1,FP,0.8497638104276575,>=,0.05,-1
21,sample8_14h.json,7,9,0,0,TN,0.053652842451567206,>=,0.05,-1
22,sample8_14h.json,7,10,0,0,TN,0.5144140815185748,>=,0.05,-1
23,sample8_14h.json,8,11,1,0,FN,0.2650212246131839,>=,0.05,2
24,sample8_14h.json,8,14,0,0,TN,0.9674956141471333,>=,0.05,-1
25,sample8_14h.json,9,10,0,0,TN,0.09095571290731974,>=,0.05,-1
26,sample8_14h.json,9,12,1,0,FN,0.35732204106255416,>=,0.05,10
27,sample8_14h.json,9,16,0,0,TN,0.14641916269047983,>=,0.05,-1
28,sample8_14h.json,9,23,0,0,TN,0.4043176791157954,>=,0.05,-1
29,sample8_14h.json,10,13,1,1,TP,0.7725923809289194,>=,0.05,2
30,sample8_14h.json,10,16,0,0,TN,0.055849172310246775,>=,0.05,-1
31,sample8_14h.json,11,14,0,0,TN,0.4136086062070109,>=,0.05,-1
32,sample8_14h.json,11,15,0,1,FP,0.8494552613299304,>=,0.05,-1
33,sample8_14h.json,11,19,0,0,TN,0.20674678272954194,>=,0.05,-1
34,sample8_14h.json,12,23,0,1,FP,0.8666852304771645,>=,0.05,-1
35,sample8_14h.json,12,24,0,0,TN,0.05059962686301689,>=,0.05,-1
36,sample8_14h.json,13,16,0,0,TN,0.15628111732627847,>=,0.05,-1
37,sample8_14h.json,13,17,0,0,TN,0.7629453122244817,>=,0.05,-1
38,sample8_14h.json,13,21,0,0,TN,0.21026370858469745,>=,0.05,-1
39,sample8_14h.json,14,17,0,0,TN,0.10441014938991278,>=,0.05,-1
40,sample8_14h.json,14,19,0,1,FP,0.5434049936421377,>=,0.05,-1
41,sample8_14h.json,14,25,0,0,TN,0.40055899223264835,>=,0.05,-1
42,sample8_14h.json,14,27,0,0,TN,0.2739988565916792,>=,0.05,-1
43,sample8_14h.json,15,18,1,0,FN,0.02323514199599319,>=,0.05,2
44,sample8_14h.json,15,19,0,0,TN,0.013366164986995166,>=,0.05,-1
45,sample8_14h.json,15,20,0,0,TN,0.3405899029524725,>=,0.05,-1
46,sample8_14h.json,16,21,0,0,TN,0.3732607261471399,>=,0.05,-1
47,sample8_14h.json,16,23,0,0,TN,0.04395135926319482,>=,0.05,-1
48,sample8_14h.json,16,24,0,0,TN,0.34442566201091407,>=,0.05,-1
49,sample8_14h.json,16,30,0,1,FP,0.9273533878080633,>=,0.05,-1
50,sample8_14h.json,17,21,0,0,TN,0.5113018362676968,>=,0.05,-1
51,sample8_14h.json,17,26,0,0,TN,0.3403671330254602,>=,0.05,-1
52,sample8_14h.json,17,27,0,0,TN,0.7643421520258634,>=,0.05,-1
53,sample8_14h.json,18,20,0,0,TN,0.7254057167417729,>=,0.05,-1
54,sample8_14h.json,18,22,0,1,FP,0.7597901065887915,>=,0.05,-1
55,sample8_14h.json,18,29,0,0,TN,0.6046934617260067,>=,0.05,-1
56,sample8_14h.json,19,20,1,0,FN,0.029941921494684443,>=,0.05,2
57,sample8_14h.json,19,25,0,0,TN,0.07510436601149273,>=,0.05,-1
58,sample8_14h.json,19,28,0,0,TN,0.8562851693075711,>=,0.05,-1
59,sample8_14h.json,20,28,0,0,TN,0.8662349355532729,>=,0.05,-1
60,sample8_14h.json,20,29,0,0,TN,0.4028762214466638,>=,0.05,-1
61,sample8_14h.json,20,31,0,1,FP,0.9148021951128936,>=,0.05,-1
62,sample8_14h.json,20,32,0,0,TN,0.6438998010107094,>=,0.05,-1
63,sample8_14h.json,21,26,1,1,TP,0.7704274353595562,>=,0.05,2
64,sample8_14h.json,21,30,0,0,TN,0.458007158660909,>=,0.05,-1
65,sample8_14h.json,22,29,0,0,TN,0.38421291560830695,>=,0.05,-1
66,sample8_14h.json,22,36,0,0,TN,0.3918567186946216,>=,0.05,-1
67,sample8_14h.json,23,24,1,0,FN,0.3251733965735145,>=,0.05,2
68,sample8_14h.json,25,27,1,0,FN,0.28244983011570957,>=,0.05,2
69,sample8_14h.json,25,28,0,1,FP,0.9587545755310852,>=,0.05,-1
70,sample8_14h.json,25,33,0,0,TN,0.2076100112494912,>=,0.05,-1
71,sample8_14h.json,25,35,0,0,TN,0.4116449988812092,>=,0.05,-1
72,sample8_14h.json,25,37,0,0,TN,0.4729531797678056,>=,0.05,-1
73,sample8_14h.json,26,27,0,0,TN,0.4585755130643756,>=,0.05,-1
74,sample8_14h.json,26,30,0,0,TN,0.1786664055662207,>=,0.05,-1
75,sample8_14h.json,26,33,0,0,TN,0.3640278405392714,>=,0.05,-1
76,sample8_14h.json,26,34,0,0,TN,0.45370099831118194,>=,0.05,-1
77,sample8_14h.json,27,33,0,1,FP,0.3739354469651849,>=,0.05,-1
78,sample8_14h.json,28,32,1,0,FN,0.09529164855428007,>=,0.05,4
79,sample8_14h.json,28,35,0,0,TN,0.07222650907065575,>=,0.05,-1
80,sample8_14h.json,29,31,1,0,FN,0.8581839462807073,>=,0.05,8
81,sample8_14h.json,29,36,0,0,TN,0.19879038691921846,>=,0.05,-1
82,sample8_14h.json,29,40,0,0,TN,0.34955069214332235,>=,0.05,-1
83,sample8_14h.json,29,41,0,1,FP,0.9699432601199492,>=,0.05,-1
84,sample8_14h.json,30,34,0,0,TN,0.40623232311312285,>=,0.05,-1
85,sample8_14h.json,31,32,0,0,TN,0.3044954160429536,>=,0.05,-1
86,sample8_14h.json,31,39,0,0,TN,0.21368577195023164,>=,0.05,-1
87,sample8_14h.json,31,41,0,0,TN,0.49421254946990223,>=,0.05,-1
88,sample8_14h.json,32,35,0,0,TN,0.6389072883656217,>=,0.05,-1
89,sample8_14h.json,32,38,0,0,TN,0.5751095151063086,>=,0.05,-1
90,sample8_14h.json,32,39,0,1,FP,0.45790156782798264,>=,0.05,-1
91,sample8_14h.json,33,34,1,0,FN,0.08942461987947459,>=,0.05,2
92,sample8_14h.json,33,37,0,0,TN,0.5190305324924284,>=,0.05,-1
93,sample8_14h.json,33,42,0,0,TN,0.2079736010152683,>=,0.05,-1
94,sample8_14h.json,34,42,0,1,FP,0.7317394546433961,>=,0.05,-1
95,sample8_14h.json,35,37,0,0,TN,0.919753700273513,>=,0.05,-1
96,sample8_14h.json,35,38,1,1,TP,0.8731779048907125,>=,0.05,2
97,sample8_14h.json,35,43,0,0,TN,0.08030886246600111,>=,0.05,-1
98,sample8_14h.json,36,40,0,1,FP,0.357714989847827,>=,0.05,-1
99,sample8_14h.json,36,44,1,0,FN,0.2528334644847222,>=,0.05,6
100,sample8_14h.json,37,42,0,0,TN,0.02854749656673239,>=,0.05,-1
101,sample8_14h.json,37,43,1,1,TP,0.9987507373625645,>=,0.05,6
102,sample8_14h.json,38,39,0,0,TN,0.23987137024794103,>=,0.05,-1
103,sample8_14h.json,38,43,0,0,TN,0.13073007194879327,>=,0.05,-1
104,sample8_14h.json,38,45,0,0,TN,0.6528028174651489,>=,0.05,-1
105,sample8_14h.json,38,47,0,0,TN,0.17881024272303547,>=,0.05,-1
106,sample8_14h.json,39,41,0,0,TN,0.23437939889929782,>=,0.05,-1
107,sample8_14h.json,39,45,0,0,TN,0.07076640960333791,>=,0.05,-1
108,sample8_14h.json,39,46,1,0,FN,0.6136153495362188,>=,0.05,4
109,sample8_14h.json,40,41,1,0,FN,0.7041675039130216,>=,0.05,6
110,sample8_14h.json,40,44,0,0,TN,0.6702831802220162,>=,0.05,-1
111,sample8_14h.json,40,49,0,0,TN,0.28688729229398535,>=,0.05,-1
112,sample8_14h.json,40,51,0,0,TN,0.6409749216681863,>=,0.05,-1
113,sample8_14h.json,41,46,0,0,TN,0.8950103245771361,>=,0.05,-1
114,sample8_14h.json,41,51,0,0,TN,0.24924670607361765,>=,0.05,-1
115,sample8_14h.json,42,43,0,0,TN,0.21825793477955935,>=,0.05,-1
116,sample8_14h.json,43,47,0,0,TN,0.8179383462960129,>=,0.05,-1
117,sample8_14h.json,44,48,0,0,TN,0.33062666675367436,>=,0.05,-1
118,sample8_14h.json,44,49,0,1,FP,0.906838100560089,>=,0.05,-1
119,sample8_14h.json,45,46,0,0,TN,0.7872656561273732,>=,0.05,-1
120,sample8_14h.json,45,47,0,0,TN,0.11680646174698972,>=,0.05,-1
121,sample8_14h.json,45,50,1,0,FN,0.040797339687667855,>=,0.05,2
122,sample8_14h.json,46,50,0,1,FP,0.7943559832959093,>=,0.05,-1
123,sample8_14h.json,46,51,0,0,TN,0.44974237953062013,>=,0.05,-1
124,sample8_14h.json,47,50,0,0,TN,0.07821061305470656,>=,0.05,-1
125,sample8_14h.json,47,54,1,1,TP,0.8821709794464438,>=,0.05,2
126,sample8_14h.json,48,49,0,0,TN,0.02010292758467358,>=,0.05,-1
127,sample8_14h.json,48,52,0,0,TN,0.7130674926726926,>=,0.05,-1
128,sample8_14h.json,48,53,1,0,FN,0.5236313261379469,>=,0.05,10
129,sample8_14h.json,49,51,0,0,TN,0.5117703186179025,>=,0.05,-1
130,sample8_14h.json,49,52,1,0,FN,0.8359993376583439,>=,0.05,6
131,sample8_14h.json,49,55,0,0,TN,0.6592068947542227,>=,0.05,-1
132,sample8_14h.json,50,54,0,0,TN,0.6210666921900899,>=,0.05,-1
133,sample8_14h.json,51,55,1,1,TP,0.8675820172935872,>=,0.05,2
134,sample8_14h.json,52,53,0,1,FP,0.919078670362219,>=,0.05,-1
135,sample8_14h.json,52,55,0,0,TN,0.6354013815926014,>=,0.05,-1
1,sample8_28h.json,0,2,1,1,TP,0.9076814439518514,>=,0.05,6
2,sample8_28h.json,0,3,0,0,TN,0.48125894659088186,>=,0.05,-1
3,sample8_28h.json,2,3,0,0,TN,0.10007363698644456,>=,0.05,-1
4,sample8_28h.json,2,5,0,0,TN,0.016886884864968366,>=,0.05,-1
5,sample8_28h.json,3,5,0,0,TN,0.036979067237080665,>=,0.05,-1
6,sample8_28h.json,3,11,0,1,FP,0.9605403803424739,>=,0.05,-1
7,sample8_28h.json,3,14,0,0,TN,0.1405139017334387,>=,0.05,-1
8,sample8_28h.json,3,18,0,0,TN,0.05289736353125507,>=,0.05,-1
9,sample8_28h.json,5,6,0,1,FP,0.9712239191564336,>=,0.05,-1
10,sample8_28h.json,5,11,0,0,TN,0.4048000130256795,>=,0.05,-1
11,sample8_28h.json,5,17,0,0,TN,0.955803319500588,>=,0.05,-1
12,sample8_28h.json,6,8,1,0,FN,0.6268956634990259,>=,0.05,2
13,sample8_28h.json,6,13,0,0,TN,0.3000975348112789,>=,0.05,-1
14,sample8_28h.json,6,17,0,0,TN,0.4947962865745018,>=,0.05,-1
15,sample8_28h.json,7,9,1,0,FN,0.36910664551710437,>=,0.05,4
16,sample8_28h.json,7,12,0,1,FP,0.9457406796800745,>=,0.05,-1
17,sample8_28h.json,7,19,0,0,TN,0.3887972043284559,>=,0.05,-1
18,sample8_28h.json,8,10,0,1,FP,0.5508575836727929,>=,0.05,-1
19,sample8_28h.json,8,13,0,0,TN,0.054021644291417203,>=,0.05,-1
20,sample8_28h.json,10,12,0,0,TN,0.008997713913360794,>=,0.05,-1
21,sample8_28h.json,10,13,1,0,FN,0.4771926145515173,>=,0.05,8
22,sample8_28h.json,11,17,0,0,TN,0.26491930279477727,>=,0.05,-1
23,sample8_28h.json,11,18,0,0,TN,0.38693414227581413,>=,0.05,-1
24,sample8_28h.json,11,23,0,0,TN,0.3756870870573362,>=,0.05,-1
25,sample8_28h.json,11,27,0,0,TN,0.7106079641312589,>=,0.05,-1
26,sample8_28h.json,11,30,1,0,FN,0.15670398743831027,>=,0.05,4
27,sample8_28h.json,12,13,0,0,TN,0.9604633796895388,>=,0.05,-1
28,sample8_28h.json,12,19,0,0,TN,0.07274772304005106,>=,0.05,-1
29,sample8_28h.json,12,22,0,0,TN,0.23206178709443648,>=,0.05,-1
30,sample8_28h.json,12,26,0,0,TN,0.14107150095886023,>=,0.05,-1
31,sample8_28h.json,12,33,0,0,TN,0.4409228499307274,>=,0.05,-1
32,sample8_28h.json,12,34,0,0,TN,0.09803675515650512,>=,0.05,-1
33,sample8_28h.json,12,38,0,0,TN,0.1319762928714593,>=,0.05,-1
34,sample8_28h.json,13,17,0,0,TN,0.3941491092396199,>=,0.05,-1
35,sample8_28h.json,13,20,0,0,TN,0.004745809404350099,>=,0.05,-1
36,sample8_28h.json,13,22,0,1,FP,0.9003555930551601,>=,0.05,-1
37,sample8_28h.json,14,15,1,0,FN,0.12331718020469329,>=,0.05,10
38,sample8_28h.json,14,18,0,1,FP,0.3026694502518116,>=,0.05,-1
39,sample8_28h.json,17,20,1,1,TP,0.9094126645282861,>=,0.05,4
40,sample8_28h.json,17,23,0,0,TN,0.39704410420350233,>=,0.05,-1
41,sample8_28h.json,18,27,0,0,TN,0.45933439238686213,>=,0.05,-1
42,sample8_28h.json,19,26,1,1,TP,0.7786507277073275,>=,0.05,8
43,sample8_28h.json,20,22,0,0,TN,0.5175900277825838,>=,0.05,-1
44,sample8_28h.json,20,23,0,0,TN,0.253772255134025,>=,0.05,-1
45,sample8_28h.json,20,31,0,0,TN,0.7467036717914103,>=,0.05,-1
46,sample8_28h.json,22,31,1,0,FN,0.16223246315121764,>=,0.05,10
47,sample8_28h.json,22,33,0,0,TN,0.8658253066521506,>=,0.05,-1
48,sample8_28h.json,22,35,0,0,TN,0.36920051583711266,>=,0.05,-1
49,sample8_28h.json,23,29,0,0,TN,0.450744031260486,>=,0.05,-1
50,sample8_28h.json,23,31,0,1,FP,0.7369215855165752,>=,0.05,-1
51,sample8_28h.json,23,42,0,0,TN,0.2124906602748945,>=,0.05,-1
52,sample8_28h.json,26,34,0,0,TN,0.7797675816263667,>=,0.05,-1
53,sample8_28h.json,27,30,0,0,TN,0.17955722838433352,>=,0.05,-1
54,sample8_28h.json,27,36,0,0,TN,0.33232357318733985,>=,0.05,-1
55,sample8_28h.json,27,39,1,1,TP,0.37530536677740134,>=,0.05,4
56,sample8_28h.json,27,43,0,0,TN,0.05357876718580257,>=,0.05,-1
57,sample8_28h.json,29,30,0,0,TN,0.35731183066990935,>=,0.05,-1
58,sample8_28h.json,29,36,0,0,TN,0.10897501875774718,>=,0.05,-1
59,sample8_28h.json,29,42,0,0,TN,0.005422422093494084,>=,0.05,-1
60,sample8_28h.json,29,46,0,1,FP,0.4766846842040231,>=,0.05,-1
61,sample8_28h.json,30,36,0,1,FP,0.8957189894954767,>=,0.05,-1
62,sample8_28h.json,31,35,0,0,TN,0.500156928030143,>=,0.05,-1
63,sample8_28h.json,31,42,0,0,TN,0.816808293337779,>=,0.05,-1
64,sample8_28h.json,31,45,0,0,TN,0.4021882235400198,>=,0.05,-1
65,sample8_28h.json,31,47,0,0,TN,0.5411386131007585,>=,0.05,-1
66,sample8_28h.json,32,41,1,0,FN,0.10935273328562145,>=,0.05,10
67,sample8_28h.json,32,44,0,1,FP,0.596903106258868,>=,0.05,-1
68,sample8_28h.json,33,35,1,0,FN,0.04785504092651427,>=,0.05,8
69,sample8_28h.json,33,38,0,1,FP,0.7738091098911353,>=,0.05,-1
70,sample8_28h.json,34,38,0,0,TN,0.7152050784833679,>=,0.05,-1
71,sample8_28h.json,34,49,1,1,TP,0.713346022412789,>=,0.05,12
72,sample8_28h.json,35,38,0,0,TN,0.002635884061167326,>=,0.05,-1
73,sample8_28h.json,35,47,0,1,FP,0.40552805237608247,>=,0.05,-1
74,sample8_28h.json,36,39,0,0,TN,0.29706145700111686,>=,0.05,-1
75,sample8_28h.json,36,43,0,0,TN,0.8363381784384578,>=,0.05,-1
76,sample8_28h.json,36,46,0,0,TN,0.741893066677345,>=,0.05,-1
77,sample8_28h.json,36,48,1,0,FN,0.24851614708203407,>=,0.05,12
78,sample8_28h.json,38,49,0,0,TN,0.6486334166331976,>=,0.05,-1
79,sample8_28h.json,39,43,0,0,TN,0.1932057648401081,>=,0.05,-1
80,sample8_28h.json,41,44,0,0,TN,0.263801912908334,>=,0.05,-1
81,sample8_28h.json,41,52,0,0,TN,0.16546054174757918,>=,0.05,-1
82,sample8_28h.json,41,59,0,0,TN,0.030020792014707087,>=,0.05,-1
83,sample8_28h.json,42,45,1,1,TP,0.6670142947923644,>=,0.05,2
84,sample8_28h.json,42,46,0,0,TN,0.6394980517033105,>=,0.05,-1
85,sample8_28h.json,42,55,0,0,TN,0.5511185107239462,>=,0.05,-1
86,sample8_28h.json,42,65,0,0,TN,0.6787063848027507,>=,0.05,-1
87,sample8_28h.json,43,48,0,0,TN,0.4897936038880193,>=,0.05,-1
88,sample8_28h.json,43,51,0,1,FP,0.8258976716155996,>=,0.05,-1
89,sample8_28h.json,43,56,0,0,TN,0.8230429803951725,>=,0.05,-1
90,sample8_28h.json,43,58,0,0,TN,0.2781960298840118,>=,0.05,-1
91,sample8_28h.json,44,50,0,0,TN,0.08379769201303067,>=,0.05,-1
92,sample8_28h.json,44,52,1,0,FN,0.584421303534195,>=,0.05,10
93,sample8_28h.json,44,62,0,0,TN,0.035408683184944945,>=,0.05,-1
94,sample8_28h.json,45,47,0,0,TN,0.2943661827204883,>=,0.05,-1
95,sample8_28h.json,45,65,0,0,TN,0.8174149554089487,>=,0.05,-1
96,sample8_28h.json,46,48,0,0,TN,0.03820760954512703,>=,0.05,-1
97,sample8_28h.json,46,55,1,0,FN,0.1607940785379932,>=,0.05,4
98,sample8_28h.json,46,57,0,0,TN,0.5050273137287139,>=,0.05,-1
99,sample8_28h.json,48,56,0,1,FP,0.7844410057228323,>=,0.05,-1
100,sample8_28h.json,48,57,0,0,TN,0.556980114889109,>=,0.05,-1
101,sample8_28h.json,50,61,0,0,TN,0.6623288028372739,>=,0.05,-1
102,sample8_28h.json,50,62,1,1,TP,0.4261889749260499,>=,0.05,4
103,sample8_28h.json,51,53,0,0,TN,0.5454512042653997,>=,0.05,-1
104,sample8_28h.json,51,58,0,0,TN,0.4180830637694619,>=,0.05,-1
105,sample8_28h.json,51,64,1,0,FN,0.8694555283136882,>=,0.05,2
106,sample8_28h.json,52,59,0,0,TN,0.30994714914219457,>=,0.05,-1
107,sample8_28h.json,52,62,0,0,TN,0.11274870988409513,>=,0.05,-1
108,sample8_28h.json,52,68,0,1,FP,0.6515467728414275,>=,0.05,-1
109,sample8_28h.json,53,60,1,1,TP,0.6958719928429455,>=,0.05,6
110,sample8_28h.json,53,64,0,0,TN,0.06929375498640922,>=,0.05,-1
111,sample8_28h.json,53,69,0,0,TN,0.729689137533923,>=,0.05,-1
112,sample8_28h.json,55,57,0,1,FP,0.8547569117682087,>=,0.05,-1
113,sample8_28h.json,55,65,0,0,TN,0.10295408813299045,>=,0.05,-1
114,sample8_28h.json,56,57,0,0,TN,0.48597089858273734,>=,0.05,-1
115,sample8_28h.json,56,58,1,0,FN,0.13168654132543622,>=,0.05,2
116,sample8_28h.json,56,64,0,0,TN,0.2861631432975176,>=,0.05,-1
117,sample8_28h.json,56,67,0,0,TN,0.41702428475871667,>=,0.05,-1
118,sample8_28h.json,57,65,0,0,TN,0.9995269948671068,>=,0.05,-1
119,sample8_28h.json,57,67,0,0,TN,0.4930164065472674,>=,0.05,-1
120,sample8_28h.json,57,71,0,0,TN,0.07364817208796537,>=,0.05,-1
121,sample8_28h.json,58,64,0,1,FP,0.7345088731409425,>=,0.05,-1
122,sample8_28h.json,59,66,1,0,FN,0.5512685330207598,>=,0.05,2
123,sample8_28h.json,59,68,0,0,TN,0.07551573206511697,>=,0.05,-1
124,sample8_28h.json,59,72,0,1,FP,0.8013588491017014,>=,0.05,-1
125,sample8_28h.json,60,63,0,0,TN,0.48630734707457945,>=,0.05,-1
126,sample8_28h.json,60,69,0,0,TN,0.3708354715406472,>=,0.05,-1
127,sample8_28h.json,60,70,0,0,TN,0.5386493504939892,>=,0.05,-1
128,sample8_28h.json,61,62,0,0,TN,0.374613063837573,>=,0.05,-1
129,sample8_28h.json,61,63,0,0,TN,0.8181785970027068,>=,0.05,-1
130,sample8_28h.json,61,70,0,0,TN,0.538118262099535,>=,0.05,-1
131,sample8_28h.json,61,75,0,0,TN,0.7149539609209465,>=,0.05,-1
132,sample8_28h.json,61,76,0,0,TN,0.6546916827120568,>=,0.05,-1
133,sample8_28h.json,61,81,0,1,FP,0.9860499639870415,>=,0.05,-1
134,sample8_28h.json,62,68,0,0,TN,0.03210413664149869,>=,0.05,-1
135,sample8_28h.json,62,75,0,0,TN,0.14960549929422717,>=,0.05,-1
136,sample8_28h.json,63,70,1,1,TP,0.631103592486021,>=,0.05,6
137,sample8_28h.json,64,67,0,0,TN,0.09593721575772685,>=,0.05,-1
138,sample8_28h.json,64,69,0,0,TN,0.9119550399550601,>=,0.05,-1
139,sample8_28h.json,64,73,0,0,TN,0.24651885754542768,>=,0.05,-1
140,sample8_28h.json,65,71,0,0,TN,0.31566425247797747,>=,0.05,-1
141,sample8_28h.json,65,79,0,1,FP,0.935181966917874,>=,0.05,-1
142,sample8_28h.json,66,72,0,0,TN,0.6961297034631966,>=,0.05,-1
143,sample8_28h.json,66,78,0,0,TN,0.0214464813380143,>=,0.05,-1
144,sample8_28h.json,67,71,0,1,FP,0.5282848191561064,>=,0.05,-1
145,sample8_28h.json,67,73,0,0,TN,0.33442190361598934,>=,0.05,-1
146,sample8_28h.json,67,79,0,0,TN,0.24089302707993987,>=,0.05,-1
147,sample8_28h.json,68,72,1,0,FN,0.028493959483014364,>=,0.05,6
148,sample8_28h.json,68,77,0,0,TN,0.535388064143224,>=,0.05,-1
149,sample8_28h.json,69,70,0,0,TN,0.2221251790454848,>=,0.05,-1
150,sample8_28h.json,69,73,0,0,TN,0.804842942489967,>=,0.05,-1
151,sample8_28h.json,69,74,1,1,TP,0.888186691986226,>=,0.05,6
152,sample8_28h.json,70,74,0,0,TN,0.585189896048844,>=,0.05,-1
153,sample8_28h.json,70,76,0,0,TN,0.17579725088911102,>=,0.05,-1
154,sample8_28h.json,70,80,0,0,TN,0.4087763504747146,>=,0.05,-1
155,sample8_28h.json,71,79,1,0,FN,0.22895571390558922,>=,0.05,2
156,sample8_28h.json,72,77,0,0,TN,0.5751511251987351,>=,0.05,-1
157,sample8_28h.json,72,78,0,0,TN,0.3615774413078048,>=,0.05,-1
158,sample8_28h.json,73,74,0,0,TN,0.2827124225070654,>=,0.05,-1
159,sample8_28h.json,73,83,0,1,FP,0.5847329360385145,>=,0.05,-1
160,sample8_28h.json,74,80,0,0,TN,0.2266668817938533,>=,0.05,-1
161,sample8_28h.json,74,83,0,0,TN,0.3277858651282394,>=,0.05,-1
162,sample8_28h.json,75,77,0,1,FP,0.5728830340043057,>=,0.05,-1
163,sample8_28h.json,75,81,0,0,TN,0.3352360657843516,>=,0.05,-1
164,sample8_28h.json,75,82,1,0,FN,0.32703316268510896,>=,0.05,6
165,sample8_28h.json,76,80,0,0,TN,0.06546172806960093,>=,0.05,-1
166,sample8_28h.json,76,81,1,0,FN,0.06098308589650092,>=,0.05,6
167,sample8_28h.json,76,86,0,1,FP,0.8311409832042479,>=,0.05,-1
168,sample8_28h.json,76,87,0,0,TN,0.04132058807826866,>=,0.05,-1
169,sample8_28h.json,77,78,0,0,TN,0.3533444951692686,>=,0.05,-1
170,sample8_28h.json,77,82,0,0,TN,0.3858273914819551,>=,0.05,-1
171,sample8_28h.json,77,84,1,0,FN,0.7574922414494,>=,0.05,4
172,sample8_28h.json,78,84,0,0,TN,0.39946366675164113,>=,0.05,-1
173,sample8_28h.json,78,85,1,1,TP,0.42293856623545556,>=,0.05,8
174,sample8_28h.json,80,83,0,0,TN,0.4438250928133223,>=,0.05,-1
175,sample8_28h.json,80,86,1,0,FN,0.00668918425099474,>=,0.05,6
176,sample8_28h.json,81,82,0,0,TN,0.6802441460846794,>=,0.05,-1
177,sample8_28h.json,81,87,0,0,TN,0.21463374042183092,>=,0.05,-1
178,sample8_28h.json,82,84,0,1,FP,0.9726835491330814,>=,0.05,-1
179,sample8_28h.json,83,86,0,0,TN,0.7257547907277258,>=,0.05,-1
180,sample8_28h.json,84,85,0,0,TN,0.7967433350611515,>=,0.05,-1
181,sample8_28h.json,86,87,0,0,TN,0.2741052932584518,>=,0.05,-1
182,sample8_28h.json,87,88,1,1,TP,0.446304839606002,>=,0.05,4
1,sample8_50h.json,0,1,1,0,FN,0.5654687919671438,>=,0.05,18
2,sample8_50h.json,0,2,0,1,FP,0.8763826406814974,>=,0.05,-1
3,sample8_50h.json,0,4,0,0,TN,0.22938364871155015,>=,0.05,-1
4,sample8_50h.json,0,6,0,0,TN,0.04462162495959188,>=,0.05,-1
5,sample8_50h.json,1,3,0,0,TN,0.48335959129982187,>=,0.05,-1
6,sample8_50h.json,1,6,0,1,FP,0.4041991182651785,>=,0.05,-1
7,sample8_50h.json,2,4,1,0,FN,0.4587112125440592,>=,0.05,4
8,sample8_50h.json,2,5,0,0,TN,0.8653340011930313,>=,0.05,-1
9,sample8_50h.json,3,6,0,0,TN,0.06010652105530934,>=,0.05,-1
10,sample8_50h.json,3,7,0,0,TN,0.6652709149571963,>=,0.05,-1
11,sample8_50h.json,3,13,0,0,TN,0.4282616988510186,>=,0.05,-1
12,sample8_50h.json,3,15,0,0,TN,0.5954107418552672,>=,0.05,-1
13,sample8_50h.json,3,17,0,1,FP,0.8489180838022713,>=,0.05,-1
14,sample8_50h.json,4,5,0,0,TN,0.298885610314664,>=,0.05,-1
15,sample8_50h.json,4,6,0,0,TN,0.09485677706753326,>=,0.05,-1
16,sample8_50h.json,5,6,0,0,TN,0.3961295854154111,>=,0.05,-1
17,sample8_50h.json,5,8,0,0,TN,0.4484057558488602,>=,0.05,-1
18,sample8_50h.json,5,11,0,1,FP,0.7045267490885347,>=,0.05,-1
19,sample8_50h.json,5,12,0,0,TN,0.8085640363667747,>=,0.05,-1
20,sample8_50h.json,6,11,0,0,TN,0.12706855605752154,>=,0.05,-1
21,sample8_50h.json,6,13,0,0,TN,0.0836652402715038,>=,0.05,-1
22,sample8_50h.json,6,123,0,0,TN,0.9653176853894473,>=,0.05,-1
23,sample8_50h.json,7,14,0,1,FP,0.9973424618043295,>=,0.05,-1
24,sample8_50h.json,7,15,0,0,TN,0.2600916635099565,>=,0.05,-1
25,sample8_50h.json,8,9,1,0,FN,0.07523191679100794,>=,0.05,2
26,sample8_50h.json,8,10,0,0,TN,0.6394249383036659,>=,0.05,-1
27,sample8_50h.json,8,12,0,1,FP,0.7426377654761159,>=,0.05,-1
28,sample8_50h.json,9,10,0,1,FP,0.45176210499586866,>=,0.05,-1
29,sample8_50h.json,10,12,0,0,TN,0.22787562632568803,>=,0.05,-1
30,sample8_50h.json,10,18,0,0,TN,0.18411746848968336,>=,0.05,-1
31,sample8_50h.json,10,123,0,0,TN,0.6791423087304331,>=,0.05,-1
32,sample8_50h.json,11,12,1,0,FN,0.3453971351059565,>=,0.05,12
33,sample8_50h.json,11,123,0,0,TN,0.11305015671435281,>=,0.05,-1
34,sample8_50h.json,12,123,0,0,TN,0.1800963578263851,>=,0.05,-1
35,sample8_50h.json,13,17,0,0,TN,0.9139495773774475,>=,0.05,-1
36,sample8_50h.json,13,19,1,0,FN,0.4621537309874848,>=,0.05,8
37,sample8_50h.json,13,21,0,1,FP,0.7803767570725306,>=,0.05,-1
38,sample8_50h.json,13,26,0,0,TN,0.8456985979696694,>=,0.05,-1
39,sample8_50h.json,13,123,0,0,TN,0.31957053127416335,>=,0.05,-1
40,sample8_50h.json,14,15,0,0,TN,0.7586438081851259,>=,0.05,-1
41,sample8_50h.json,14,22,1,0,FN,0.7899101850874954,>=,0.05,12
42,sample8_50h.json,14,23,0,0,TN,0.74988854342137,>=,0.05,-1
43,sample8_50h.json,15,17,0,0,TN,0.3992761452925301,>=,0.05,-1
44,sample8_50h.json,15,22,0,1,FP,0.9784953933011642,>=,0.05,-1
45,sample8_50h.json,15,24,0,0,TN,0.5918182579597675,>=,0.05,-1
46,sample8_50h.json,17,21,1,0,FN,0.8459639958105527,>=,0.05,12
47,sample8_50h.json,17,24,0,0,TN,0.5201339490782474,>=,0.05,-1
48,sample8_50h.json,18,20,1,0,FN,0.32494741882936873,>=,0.05,18
49,sample8_50h.json,18,25,0,1,FP,0.3834837076827776,>=,0.05,-1
50,sample8_50h.json,18,123,0,0,TN,0.2754973323722748,>=,0.05,-1
51,sample8_50h.json,19,26,0,0,TN,0.7716473991382109,>=,0.05,-1
52,sample8_50h.json,19,28,0,1,FP,0.9717081678667676,>=,0.05,-1
53,sample8_50h.json,19,29,0,0,TN,0.03255837023153707,>=,0.05,-1
54,sample8_50h.json,19,122,0,0,TN,0.2884767373298598,>=,0.05,-1
55,sample8_50h.json,19,123,0,0,TN,0.2933452584862061,>=,0.05,-1
56,sample8_50h.json,21,24,0,0,TN,0.14087130639821577,>=,0.05,-1
57,sample8_50h.json,21,26,0,0,TN,0.7470887402279593,>=,0.05,-1
58,sample8_50h.json,22,23,0,0,TN,0.06216684857306354,>=,0.05,-1
59,sample8_50h.json,22,24,0,0,TN,0.14437038945134695,>=,0.05,-1
60,sample8_50h.json,23,24,0,0,TN,0.5568587983873883,>=,0.05,-1
61,sample8_50h.json,23,27,0,1,FP,0.9408583226287662,>=,0.05,-1
62,sample8_50h.json,23,36,0,0,TN,0.6024453853403258,>=,0.05,-1
63,sample8_50h.json,23,39,0,0,TN,0.8519052827803885,>=,0.05,-1
64,sample8_50h.json,23,40,0,0,TN,0.6882397242168247,>=,0.05,-1
65,sample8_50h.json,24,26,0,0,TN,0.9020075116177924,>=,0.05,-1
66,sample8_50h.json,24,34,1,1,TP,0.8108808191559405,>=,0.05,14
67,sample8_50h.json,24,36,0,0,TN,0.753499158601202,>=,0.05,-1
68,sample8_50h.json,25,30,1,0,FN,0.164027470944468,>=,0.05,16
69,sample8_50h.json,25,123,0,0,TN,0.6182769718332592,>=,0.05,-1
70,sample8_50h.json,26,28,0,0,TN,0.7449209184904607,>=,0.05,-1
71,sample8_50h.json,26,34,0,0,TN,0.7823453337025674,>=,0.05,-1
72,sample8_50h.json,26,35,0,1,FP,0.8277333290527421,>=,0.05,-1
73,sample8_50h.json,26,37,0,0,TN,0.520963480191744,>=,0.05,-1
74,sample8_50h.json,26,38,0,0,TN,0.31384898236174363,>=,0.05,-1
75,sample8_50h.json,26,42,0,0,TN,0.34554602869358697,>=,0.05,-1
76,sample8_50h.json,27,39,0,0,TN,0.6369761838315373,>=,0.05,-1
77,sample8_50h.json,27,44,0,0,TN,0.5253395135331705,>=,0.05,-1
78,sample8_50h.json,27,45,0,0,TN,0.6478317482486725,>=,0.05,-1
79,sample8_50h.json,28,29,1,0,FN,0.9297155602265031,>=,0.05,16
80,sample8_50h.json,28,31,0,0,TN,0.9786063550802847,>=,0.05,-1
81,sample8_50h.json,28,35,0,0,TN,0.8272388397667,>=,0.05,-1
82,sample8_50h.json,29,31,0,1,FP,0.712212428574076,>=,0.05,-1
83,sample8_50h.json,29,122,0,0,TN,0.430472474180043,>=,0.05,-1
84,sample8_50h.json,30,32,0,0,TN,0.8205461403126895,>=,0.05,-1
85,sample8_50h.json,30,33,0,0,TN,0.35681321308745073,>=,0.05,-1
86,sample8_50h.json,30,122,0,0,TN,0.6484547839621865,>=,0.05,-1
87,sample8_50h.json,30,123,0,1,FP,0.9072313485003185,>=,0.05,-1
88,sample8_50h.json,31,32,0,0,TN,0.5821149591946693,>=,0.05,-1
89,sample8_50h.json,31,35,0,0,TN,0.37838289990348184,>=,0.05,-1
90,sample8_50h.json,31,41,1,0,FN,0.18179266004485073,>=,0.05,22
91,sample8_50h.json,31,46,0,0,TN,0.6919760357200142,>=,0.05,-1
92,sample8_50h.json,31,122,0,0,TN,0.44365753765971894,>=,0.05,-1
93,sample8_50h.json,32,33,1,0,FN,0.1417996372430652,>=,0.05,6
94,sample8_50h.json,32,41,0,0,TN,0.39447250862462224,>=,0.05,-1
95,sample8_50h.json,32,122,0,1,FP,0.8596281120602697,>=,0.05,-1
96,sample8_50h.json,33,41,0,1,FP,0.921543417889451,>=,0.05,-1
97,sample8_50h.json,33,43,0,0,TN,0.9149300616909491,>=,0.05,-1
98,sample8_50h.json,34,36,0,0,TN,0.011320381727086049,>=,0.05,-1
99,sample8_50h.json,34,42,0,0,TN,0.3477141421549951,>=,0.05,-1
100,sample8_50h.json,35,37,0,0,TN,0.2968520107302429,>=,0.05,-1
101,sample8_50h.json,35,42,0,0,TN,0.7125473610641626,>=,0.05,-1
102,sample8_50h.json,35,46,0,0,TN,0.18630989680364418,>=,0.05,-1
103,sample8_50h.json,35,52,0,0,TN,0.21070189463915423,>=,0.05,-1
104,sample8_50h.json,35,55,0,0,TN,0.8744414589874975,>=,0.05,-1
105,sample8_50h.json,36,40,0,0,TN,0.4840010943573918,>=,0.05,-1
106,sample8_50h.json,36,42,0,1,FP,0.7854537501757926,>=,0.05,-1
107,sample8_50h.json,36,50,0,0,TN,0.6718849519889607,>=,0.05,-1
108,sample8_50h.json,36,51,0,0,TN,0.37736041772024187,>=,0.05,-1
109,sample8_50h.json,36,57,0,0,TN,0.8666838797342411,>=,0.05,-1
110,sample8_50h.json,37,38,1,1,TP,0.900237131292384,>=,0.05,4
111,sample8_50h.json,37,42,0,0,TN,0.9469593326057496,>=,0.05,-1
112,sample8_50h.json,38,42,0,0,TN,0.3513893159243777,>=,0.05,-1
113,sample8_50h.json,39,40,0,1,FP,0.9659954231114417,>=,0.05,-1
114,sample8_50h.json,39,44,0,0,TN,0.531513407166136,>=,0.05,-1
115,sample8_50h.json,39,48,1,0,FN,0.051193904043014604,>=,0.05,10
116,sample8_50h.json,40,48,0,0,TN,0.4047191339539665,>=,0.05,-1
117,sample8_50h.json,40,50,1,0,FN,0.8694417816198828,>=,0.05,4
118,sample8_50h.json,41,43,0,0,TN,0.5106809160644068,>=,0.05,-1
119,sample8_50h.json,41,46,0,0,TN,0.10698613181961725,>=,0.05,-1
120,sample8_50h.json,42,51,1,0,FN,0.563316294895888,>=,0.05,16
121,sample8_50h.json,42,52,0,0,TN,0.3828624277586362,>=,0.05,-1
122,sample8_50h.json,43,46,0,1,FP,0.8108531095256666,>=,0.05,-1
123,sample8_50h.json,43,49,0,0,TN,0.3658260260768057,>=,0.05,-1
124,sample8_50h.json,43,59,0,0,TN,0.6544777423250516,>=,0.05,-1
125,sample8_50h.json,43,64,0,0,TN,0.24883725690850078,>=,0.05,-1
126,sample8_50h.json,44,45,0,0,TN,0.2507528505882234,>=,0.05,-1
127,sample8_50h.json,44,48,0,0,TN,0.05782663872248883,>=,0.05,-1
128,sample8_50h.json,44,56,0,0,TN,0.08396632990378772,>=,0.05,-1
129,sample8_50h.json,44,63,0,0,TN,0.1665730391192074,>=,0.05,-1
130,sample8_50h.json,44,69,0,0,TN,0.0876408561213684,>=,0.05,-1
131,sample8_50h.json,44,70,0,1,FP,0.3460229022347805,>=,0.05,-1
132,sample8_50h.json,45,54,0,1,FP,0.7590551002646388,>=,0.05,-1
133,sample8_50h.json,45,60,0,0,TN,0.20789776874143062,>=,0.05,-1
134,sample8_50h.json,45,63,0,0,TN,0.826315044524378,>=,0.05,-1
135,sample8_50h.json,46,55,0,0,TN,0.18859357678653033,>=,0.05,-1
136,sample8_50h.json,46,59,0,0,TN,0.5185497424548665,>=,0.05,-1
137,sample8_50h.json,46,62,0,0,TN,0.172655821293355,>=,0.05,-1
138,sample8_50h.json,46,68,0,0,TN,0.442713602658103,>=,0.05,-1
139,sample8_50h.json,48,50,0,0,TN,0.048014111532868387,>=,0.05,-1
140,sample8_50h.json,48,56,0,0,TN,0.21952999372279836,>=,0.05,-1
141,sample8_50h.json,49,64,1,1,TP,0.9947801644574548,>=,0.05,12
142,sample8_50h.json,50,56,0,0,TN,0.5634990656020459,>=,0.05,-1
143,sample8_50h.json,50,57,0,1,FP,0.8971515329019587,>=,0.05,-1
144,sample8_50h.json,51,52,0,0,TN,0.37497400084128185,>=,0.05,-1
145,sample8_50h.json,51,57,0,0,TN,0.3551265539080185,>=,0.05,-1
146,sample8_50h.json,51,65,0,0,TN,0.2945898333998649,>=,0.05,-1
147,sample8_50h.json,51,66,0,0,TN,0.039450015196699884,>=,0.05,-1
148,sample8_50h.json,51,67,0,1,FP,0.5021377054315042,>=,0.05,-1
149,sample8_50h.json,52,55,1,1,TP,0.7095344078218955,>=,0.05,12
150,sample8_50h.json,52,67,0,0,TN,0.6017813940474602,>=,0.05,-1
151,sample8_50h.json,52,68,0,0,TN,0.43281022032930827,>=,0.05,-1
152,sample8_50h.json,52,71,0,0,TN,0.19495524970074085,>=,0.05,-1
153,sample8_50h.json,53,58,1,0,FN,0.7364614069006675,>=,0.05,4
154,sample8_50h.json,53,61,0,1,FP,0.699913666549048,>=,0.05,-1
155,sample8_50h.json,53,73,0,0,TN,0.410009170865136,>=,0.05,-1
156,sample8_50h.json,54,60,1,0,FN,0.16076772118756877,>=,0.05,8
157,sample8_50h.json,54,61,0,0,TN,0.7966912050395766,>=,0.05,-1
158,sample8_50h.json,55,68,0,0,TN,0.9036659884037668,>=,0.05,-1
159,sample8_50h.json,56,57,0,0,TN,0.6527205026517839,>=,0.05,-1
160,sample8_50h.json,56,69,0,0,TN,0.4729679013193706,>=,0.05,-1
161,sample8_50h.json,56,72,0,1,FP,0.9008647615607591,>=,0.05,-1
162,sample8_50h.json,56,74,0,0,TN,0.3034435907448829,>=,0.05,-1
163,sample8_50h.json,56,76,0,0,TN,0.48853016709494756,>=,0.05,-1
164,sample8_50h.json,56,80,0,0,TN,0.9997586995372916,>=,0.05,-1
165,sample8_50h.json,57,65,0,0,TN,0.18698229123592258,>=,0.05,-1
166,sample8_50h.json,57,72,0,0,TN,0.6872548593747142,>=,0.05,-1
167,sample8_50h.json,58,73,0,0,TN,0.4638136885061872,>=,0.05,-1
168,sample8_50h.json,58,77,0,1,FP,0.7746823749827764,>=,0.05,-1
169,sample8_50h.json,59,62,1,1,TP,0.9953741818197969,>=,0.05,6
170,sample8_50h.json,60,61,0,0,TN,0.5829940966419043,>=,0.05,-1
171,sample8_50h.json,60,63,0,1,FP,0.7366672795118474,>=,0.05,-1
172,sample8_50h.json,61,63,0,0,TN,0.38075452802271337,>=,0.05,-1
173,sample8_50h.json,61,73,1,0,FN,0.2558365669324827,>=,0.05,18
174,sample8_50h.json,61,78,0,0,TN,0.6288680429630656,>=,0.05,-1
175,sample8_50h.json,62,68,0,0,TN,0.19595129739420258,>=,0.05,-1
176,sample8_50h.json,63,70,0,0,TN,0.6977084323408088,>=,0.05,-1
177,sample8_50h.json,63,78,0,0,TN,0.45572445319557975,>=,0.05,-1
178,sample8_50h.json,63,79,0,0,TN,0.04837367435846396,>=,0.05,-1
179,sample8_50h.json,63,82,0,0,TN,0.2989992007927812,>=,0.05,-1
180,sample8_50h.json,65,66,1,1,TP,0.9181596830549457,>=,0.05,6
181,sample8_50h.json,65,67,0,0,TN,0.9117623535545243,>=,0.05,-1
182,sample8_50h.json,65,72,0,0,TN,0.5925089856339048,>=,0.05,-1
183,sample8_50h.json,66,67,0,0,TN,0.3774272369119819,>=,0.05,-1
184,sample8_50h.json,67,71,0,0,TN,0.6836694851721495,>=,0.05,-1
185,sample8_50h.json,67,72,0,0,TN,0.02921033953694996,>=,0.05,-1
186,sample8_50h.json,67,76,0,0,TN,0.7115723474477368,>=,0.05,-1
187,sample8_50h.json,67,81,0,0,TN,0.5351412974336122,>=,0.05,-1
188,sample8_50h.json,68,71,1,0,FN,0.7281605278206454,>=,0.05,16
189,sample8_50h.json,68,81,0,0,TN,0.987970298500683,>=,0.05,-1
190,sample8_50h.json,68,84,0,1,FP,0.6858907411042494,>=,0.05,-1
191,sample8_50h.json,69,70,0,0,TN,0.9043341235271962,>=,0.05,-1
192,sample8_50h.json,69,74,1,0,FN,0.40537210581314587,>=,0.05,18
193,sample8_50h.json,69,75,0,1,FP,0.9464859899630408,>=,0.05,-1
194,sample8_50h.json,69,79,0,0,TN,0.9911438691831963,>=,0.05,-1
195,sample8_50h.json,69,80,0,0,TN,0.8933702681154838,>=,0.05,-1
196,sample8_50h.json,70,75,1,0,FN,0.08106492943267707,>=,0.05,18
197,sample8_50h.json,70,79,0,0,TN,0.07630891762226066,>=,0.05,-1
198,sample8_50h.json,71,81,0,1,FP,0.8409405046686942,>=,0.05,-1
199,sample8_50h.json,72,76,1,0,FN,0.7932046246848263,>=,0.05,6
200,sample8_50h.json,73,77,0,0,TN,0.05697789087336247,>=,0.05,-1
201,sample8_50h.json,73,78,0,0,TN,0.06971355889479014,>=,0.05,-1
202,sample8_50h.json,73,83,0,1,FP,0.8071604937295924,>=,0.05,-1
203,sample8_50h.json,73,86,0,0,TN,0.31432952141769777,>=,0.05,-1
204,sample8_50h.json,73,88,0,0,TN,0.3615319425815977,>=,0.05,-1
205,sample8_50h.json,74,80,0,1,FP,0.39080831588695963,>=,0.05,-1
206,sample8_50h.json,75,79,0,0,TN,0.0200561344252298,>=,0.05,-1
207,sample8_50h.json,76,80,0,0,TN,0.546414720522435,>=,0.05,-1
208,sample8_50h.json,76,81,0,0,TN,0.11631702716012093,>=,0.05,-1
209,sample8_50h.json,76,87,0,1,FP,0.6456169590601936,>=,0.05,-1
210,sample8_50h.json,76,92,0,0,TN,0.0964310251904168,>=,0.05,-1
211,sample8_50h.json,77,88,0,0,TN,0.9568535890947236,>=,0.05,-1
212,sample8_50h.json,78,82,0,1,FP,0.8447278639216808,>=,0.05,-1
213,sample8_50h.json,78,83,1,0,FN,0.7358997697484682,>=,0.05,6
214,sample8_50h.json,78,93,0,0,TN,0.02891312994665629,>=,0.05,-1
215,sample8_50h.json,79,80,0,0,TN,0.4797246956126242,>=,0.05,-1
216,sample8_50h.json,79,82,1,0,FN,0.2308379639316791,>=,0.05,4
217,sample8_50h.json,79,90,0,0,TN,0.3805551385427035,>=,0.05,-1
218,sample8_50h.json,79,100,0,1,FP,0.5570905409729592,>=,0.05,-1
219,sample8_50h.json,80,87,1,0,FN,0.7259311151898067,>=,0.05,6
220,sample8_50h.json,80,90,0,0,TN,0.5841160923375386,>=,0.05,-1
221,sample8_50h.json,80,95,0,0,TN,0.17122082725974086,>=,0.05,-1
222,sample8_50h.json,81,84,0,0,TN,0.17822693399533174,>=,0.05,-1
223,sample8_50h.json,81,91,0,0,TN,0.5687358599110403,>=,0.05,-1
224,sample8_50h.json,81,92,0,0,TN,0.2638309596260918,>=,0.05,-1
225,sample8_50h.json,81,96,0,0,TN,0.6294858846878145,>=,0.05,-1
226,sample8_50h.json,81,97,0,0,TN,0.17559382080318986,>=,0.05,-1
227,sample8_50h.json,82,93,0,0,TN,0.8409298977511867,>=,0.05,-1
228,sample8_50h.json,82,100,0,0,TN,0.49541150273161194,>=,0.05,-1
229,sample8_50h.json,82,101,0,0,TN,0.5372792804252021,>=,0.05,-1
230,sample8_50h.json,82,104,0,0,TN,0.7279678915491977,>=,0.05,-1
231,sample8_50h.json,83,86,0,0,TN,0.6077403752340766,>=,0.05,-1
232,sample8_50h.json,83,93,0,0,TN,0.8343622573905023,>=,0.05,-1
233,sample8_50h.json,83,94,0,0,TN,0.2093939740161529,>=,0.05,-1
234,sample8_50h.json,83,99,0,0,TN,0.8027876876750708,>=,0.05,-1
235,sample8_50h.json,83,103,0,0,TN,0.7861881991929942,>=,0.05,-1
236,sample8_50h.json,84,89,0,0,TN,0.20829653058832331,>=,0.05,-1
237,sample8_50h.json,84,91,0,0,TN,0.059788285838603294,>=,0.05,-1
238,sample8_50h.json,86,88,0,0,TN,0.12698977798261435,>=,0.05,-1
239,sample8_50h.json,86,94,1,0,FN,0.4479139936371421,>=,0.05,4
240,sample8_50h.json,87,92,0,0,TN,0.5530558732777447,>=,0.05,-1
241,sample8_50h.json,87,95,0,0,TN,0.2316475299452544,>=,0.05,-1
242,sample8_50h.json,87,98,0,0,TN,0.4799945170512321,>=,0.05,-1
243,sample8_50h.json,88,94,0,0,TN,0.42436515863584323,>=,0.05,-1
244,sample8_50h.json,88,99,0,0,TN,0.6503474517853184,>=,0.05,-1
245,sample8_50h.json,88,102,1,1,TP,0.8068557861554982,>=,0.05,14
246,sample8_50h.json,89,91,1,0,FN,0.11583406347182601,>=,0.05,4
247,sample8_50h.json,90,95,1,1,TP,0.9954873445320366,>=,0.05,8
248,sample8_50h.json,90,98,0,0,TN,0.3091072859142351,>=,0.05,-1
249,sample8_50h.json,90,100,0,0,TN,0.0658621345303283,>=,0.05,-1
250,sample8_50h.json,91,96,0,1,FP,0.5501495976648884,>=,0.05,-1
251,sample8_50h.json,92,97,0,0,TN,0.17031020044960932,>=,0.05,-1
252,sample8_50h.json,92,98,0,1,FP,0.7541690373260521,>=,0.05,-1
253,sample8_50h.json,92,105,1,0,FN,0.12115515906830654,>=,0.05,22
254,sample8_50h.json,93,101,1,0,FN,0.2356976505058329,>=,0.05,4
255,sample8_50h.json,93,103,0,1,FP,0.759700909099137,>=,0.05,-1
256,sample8_50h.json,94,99,0,1,FP,0.9278644232451492,>=,0.05,-1
257,sample8_50h.json,95,98,0,0,TN,0.3860855782974607,>=,0.05,-1
258,sample8_50h.json,96,97,1,0,FN,0.7857176937132546,>=,0.05,2
259,sample8_50h.json,97,105,0,1,FP,0.7021815852873398,>=,0.05,-1
260,sample8_50h.json,98,100,0,0,TN,0.6005869821941373,>=,0.05,-1
261,sample8_50h.json,98,105,0,0,TN,0.5280342957537113,>=,0.05,-1
262,sample8_50h.json,98,106,0,0,TN,0.06991720174002947,>=,0.05,-1
263,sample8_50h.json,99,102,0,0,TN,0.6983814743685226,>=,0.05,-1
264,sample8_50h.json,99,103,0,0,TN,0.9032937678490924,>=,0.05,-1
265,sample8_50h.json,99,107,0,0,TN,0.1851542127499376,>=,0.05,-1
266,sample8_50h.json,100,104,0,0,TN,0.3787445485404197,>=,0.05,-1
267,sample8_50h.json,100,106,0,0,TN,0.27489660664207616,>=,0.05,-1
268,sample8_50h.json,100,108,0,0,TN,0.2919797934436239,>=,0.05,-1
269,sample8_50h.json,100,110,0,0,TN,0.6356304782363548,>=,0.05,-1
270,sample8_50h.json,100,113,0,0,TN,0.2237213870391871,>=,0.05,-1
271,sample8_50h.json,101,103,0,0,TN,0.5207193064015975,>=,0.05,-1
272,sample8_50h.json,101,104,0,1,FP,0.9498985340158425,>=,0.05,-1
273,sample8_50h.json,102,107,0,0,TN,0.14316270407624299,>=,0.05,-1
274,sample8_50h.json,102,109,0,0,TN,0.6986253984003926,>=,0.05,-1
275,sample8_50h.json,102,112,0,0,TN,0.19035887305015653,>=,0.05,-1
276,sample8_50h.json,103,104,0,0,TN,0.23364129504954712,>=,0.05,-1
277,sample8_50h.json,103,107,0,0,TN,0.05012025150261068,>=,0.05,-1
278,sample8_50h.json,103,111,1,0,FN,0.788964603633749,>=,0.05,10
279,sample8_50h.json,103,115,0,0,TN,0.04622988832262431,>=,0.05,-1
280,sample8_50h.json,104,110,1,0,FN,0.4433846978772965,>=,0.05,4
281,sample8_50h.json,104,111,0,0,TN,0.5970286863272084,>=,0.05,-1
282,sample8_50h.json,106,108,1,1,TP,0.7463033642250679,>=,0.05,8
283,sample8_50h.json,106,113,0,0,TN,0.36058748047425115,>=,0.05,-1
284,sample8_50h.json,107,112,1,1,TP,0.8062424921759223,>=,0.05,4
285,sample8_50h.json,107,115,0,0,TN,0.12144349498092544,>=,0.05,-1
286,sample8_50h.json,108,113,0,0,TN,0.32591718458453733,>=,0.05,-1
287,sample8_50h.json,109,112,0,0,TN,0.06568250048405877,>=,0.05,-1
288,sample8_50h.json,109,114,1,0,FN,0.07586860988439137,>=,0.05,12
289,sample8_50h.json,109,118,0,1,FP,0.5500705003850234,>=,0.05,-1
290,sample8_50h.json,110,111,0,0,TN,0.3146004240866802,>=,0.05,-1
291,sample8_50h.json,110,113,0,0,TN,0.44884796843645336,>=,0.05,-1
292,sample8_50h.json,110,116,0,1,FP,0.5725992589056428,>=,0.05,-1
293,sample8_50h.json,111,115,0,0,TN,0.053839745828368035,>=,0.05,-1
294,sample8_50h.json,111,116,0,0,TN,0.24611879837103556,>=,0.05,-1
295,sample8_50h.json,111,117,0,1,FP,0.9360851918401287,>=,0.05,-1
296,sample8_50h.json,112,115,0,0,TN,0.13197248995528177,>=,0.05,-1
297,sample8_50h.json,112,118,0,0,TN,0.6016584212214269,>=,0.05,-1
298,sample8_50h.json,113,116,0,0,TN,0.4145134682429461,>=,0.05,-1
299,sample8_50h.json,113,120,0,1,FP,0.2714106299145401,>=,0.05,-1
300,sample8_50h.json,114,118,0,0,TN,0.3776368953354986,>=,0.05,-1
301,sample8_50h.json,114,121,0,1,FP,0.897583019857671,>=,0.05,-1
302,sample8_50h.json,115,117,0,0,TN,0.7001240017610671,>=,0.05,-1
303,sample8_50h.json,115,119,0,1,FP,0.8223470286970122,>=,0.05,-1
304,sample8_50h.json,116,117,0,0,TN,0.401224493810593,>=,0.05,-1
305,sample8_50h.json,116,120,1,0,FN,0.077937021251274,>=,0.05,22
306,sample8_50h.json,117,119,1,0,FN,0.3201510103302668,>=,0.05,2
307,sample8_50h.json,117,120,0,0,TN,0.758366154927057,>=,0.05,-1
308,sample8_50h.json,118,121,1,0,FN,0.5386426253702449,>=,0.05,10
309,sample8_50h.json,122,123,0,0,TN,0.7804072122003403,>=,0.05,-1
1,sample9_18h.json,0,3,1,0,FN,0.19784711495657104,>=,0.05,10
2,sample9_18h.json,0,4,0,1,FP,0.7695623405725237,>=,0.05,-1
3,sample9_18h.json,1,2,1,0,FN,0.20436039169828846,>=,0.05,12
4,sample9_18h.json,1,3,0,0,TN,0.7429214897718454,>=,0.05,-1
5,sample9_18h.json,1,6,0,0,TN,0.6233158869237863,>=,0.05,-1
6,sample9_18h.json,1,9,0,0,TN,0.057229433676407204,>=,0.05,-1
7,sample9_18h.json,1,11,0,1,FP,0.939761659446472,>=,0.05,-1
8,sample9_18h.json,1,15,0,0,TN,0.9181497970901858,>=,0.05,-1
9,sample9_18h.json,2,6,0,1,FP,0.4270023152879354,>=,0.05,-1
10,sample9_18h.json,3,4,0,0,TN,0.125491688920484,>=,0.05,-1
11,sample9_18h.json,3,11,0,0,TN,0.3610599777770701,>=,0.05,-1
12,sample9_18h.json,4,10,0,0,TN,0.40610583990953675,>=,0.05,-1
13,sample9_18h.json,4,11,0,0,TN,0.24197479874058392,>=,0.05,-1
14,sample9_18h.json,4,13,0,0,TN,0.36097697299805565,>=,0.05,-1
15,sample9_18h.json,4,17,0,0,TN,0.810731615509301,>=,0.05,-1
16,sample9_18h.json,5,10,0,1,FP,0.5965266062422582,>=,0.05,-1
17,sample9_18h.json,6,8,0,0,TN,0.5503153739689715,>=,0.05,-1
18,sample9_18h.json,6,9,1,0,FN,0.3121255304073457,>=,0.05,14
19,sample9_18h.json,6,14,0,0,TN,0.7414140748704973,>=,0.05,-1
20,sample9_18h.json,7,8,1,0,FN,0.13619783194314528,>=,0.05,18
21,sample9_18h.json,7,12,0,0,TN,0.19003174870037398,>=,0.05,-1
22,sample9_18h.json,7,16,0,0,TN,0.5272746161512929,>=,0.05,-1
23,sample9_18h.json,8,14,0,0,TN,0.42936619807453125,>=,0.05,-1
24,sample9_18h.json,8,16,0,1,FP,0.758238991395209,>=,0.05,-1
25,sample9_18h.json,9,14,0,1,FP,0.8865600655402497,>=,0.05,-1
26,sample9_18h.json,9,15,0,0,TN,0.4537378008446905,>=,0.05,-1
27,sample9_18h.json,10,13,1,0,FN,0.04934454461437232,>=,0.05,18
28,sample9_18h.json,10,19,0,0,TN,0.03590090314427119,>=,0.05,-1
29,sample9_18h.json,11,15,0,0,TN,0.8950775438715944,>=,0.05,-1
30,sample9_18h.json,11,17,1,0,FN,0.44946268818871427,>=,0.05,8
31,sample9_18h.json,12,16,0,0,TN,0.1872263617448443,>=,0.05,-1
32,sample9_18h.json,12,20,0,0,TN,0.2895976387427953,>=,0.05,-1
33,sample9_18h.json,12,21,1,1,TP,0.24717097275305489,>=,0.05,18
34,sample9_18h.json,13,17,0,0,TN,0.5345863489702557,>=,0.05,-1
35,sample9_18h.json,13,19,0,0,TN,0.23787869835464237,>=,0.05,-1
36,sample9_18h.json,13,25,0,0,TN,0.7492116371481622,>=,0.05,-1
37,sample9_18h.json,13,29,0,0,TN,0.9709454801209052,>=,0.05,-1
38,sample9_18h.json,13,31,0,1,FP,0.7312792464136251,>=,0.05,-1
39,sample9_18h.json,14,15,0,0,TN,0.8779663949050598,>=,0.05,-1
40,sample9_18h.json,14,16,0,0,TN,0.7058918358277789,>=,0.05,-1
41,sample9_18h.json,14,22,0,0,TN,0.12181594170711452,>=,0.05,-1
42,sample9_18h.json,14,28,0,0,TN,0.9972196852757572,>=,0.05,-1
43,sample9_18h.json,14,32,0,0,TN,0.8361338404253902,>=,0.05,-1
44,sample9_18h.json,15,17,0,1,FP,0.9335943342291435,>=,0.05,-1
45,sample9_18h.json,15,32,0,0,TN,0.9269883847130549,>=,0.05,-1
46,sample9_18h.json,16,21,0,0,TN,0.3096044218323103,>=,0.05,-1
47,sample9_18h.json,16,22,0,0,TN,0.7065380979973791,>=,0.05,-1
48,sample9_18h.json,16,23,0,0,TN,0.797923120190999,>=,0.05,-1
49,sample9_18h.json,16,24,0,0,TN,0.7251820649885685,>=,0.05,-1
50,sample9_18h.json,16,26,0,0,TN,0.9908337071939681,>=,0.05,-1
51,sample9_18h.json,17,25,0,0,TN,0.13203871011262014,>=,0.05,-1
52,sample9_18h.json,17,32,0,0,TN,0.24089160660836506,>=,0.05,-1
53,sample9_18h.json,17,34,0,0,TN,0.02426772847153824,>=,0.05,-1
54,sample9_18h.json,17,40,0,0,TN,0.31820932593879625,>=,0.05,-1
55,sample9_18h.json,18,19,0,1,FP,0.6159378439728271,>=,0.05,-1
56,sample9_18h.json,19,27,0,0,TN,0.3473831795544734,>=,0.05,-1
57,sample9_18h.json,19,29,1,0,FN,0.6628944664544179,>=,0.05,8
58,sample9_18h.json,19,33,0,0,TN,0.41877402378899375,>=,0.05,-1
59,sample9_18h.json,20,21,0,0,TN,0.11367778132836415,>=,0.05,-1
60,sample9_18h.json,20,30,0,0,TN,0.7102034194297777,>=,0.05,-1
61,sample9_18h.json,20,37,0,1,FP,0.2406995025708778,>=,0.05,-1
62,sample9_18h.json,21,24,0,0,TN,0.3023793814807788,>=,0.05,-1
63,sample9_18h.json,21,30,0,0,TN,0.4825772049201227,>=,0.05,-1
64,sample9_18h.json,22,23,0,0,TN,0.6976235398381713,>=,0.05,-1
65,sample9_18h.json,22,28,1,1,TP,0.76207677388964,>=,0.05,12
66,sample9_18h.json,23,26,1,0,FN,0.4541668306132405,>=,0.05,14
67,sample9_18h.json,23,28,0,0,TN,0.21125280922913747,>=,0.05,-1
68,sample9_18h.json,23,35,0,1,FP,0.9133039001428894,>=,0.05,-1
69,sample9_18h.json,24,26,0,1,FP,0.8581070123524587,>=,0.05,-1
70,sample9_18h.json,24,30,1,0,FN,0.36951288212727995,>=,0.05,18
71,sample9_18h.json,24,38,0,0,TN,0.17209662266998305,>=,0.05,-1
72,sample9_18h.json,25,31,1,0,FN,0.8486554436448924,>=,0.05,6
73,sample9_18h.json,25,34,0,1,FP,0.7275791885742872,>=,0.05,-1
74,sample9_18h.json,26,35,0,0,TN,0.8074511409966796,>=,0.05,-1
75,sample9_18h.json,26,38,0,0,TN,0.4935694180087622,>=,0.05,-1
76,sample9_18h.json,27,33,1,0,FN,0.8531425762213724,>=,0.05,8
77,sample9_18h.json,27,36,0,0,TN,0.07258266356779841,>=,0.05,-1
78,sample9_18h.json,27,39,0,1,FP,0.829496309915862,>=,0.05,-1
79,sample9_18h.json,28,32,0,0,TN,0.16681858476181577,>=,0.05,-1
80,sample9_18h.json,28,35,0,0,TN,0.9704986729089746,>=,0.05,-1
81,sample9_18h.json,29,31,0,0,TN,0.3164202166186826,>=,0.05,-1
82,sample9_18h.json,29,33,0,1,FP,0.9988809175172249,>=,0.05,-1
83,sample9_18h.json,29,41,0,0,TN,0.06353037371430614,>=,0.05,-1
84,sample9_18h.json,30,37,0,0,TN,0.392373504889611,>=,0.05,-1
85,sample9_18h.json,30,38,0,1,FP,0.7582184572497676,>=,0.05,-1
86,sample9_18h.json,30,43,0,0,TN,0.6666830657942905,>=,0.05,-1
87,sample9_18h.json,30,46,0,0,TN,0.38630786058722266,>=,0.05,-1
88,sample9_18h.json,31,34,0,0,TN,0.39180250296965435,>=,0.05,-1
89,sample9_18h.json,31,41,0,0,TN,0.657308115745658,>=,0.05,-1
90,sample9_18h.json,31,42,0,0,TN,0.9694927867770906,>=,0.05,-1
91,sample9_18h.json,32,35,0,0,TN,0.4217855858981724,>=,0.05,-1
92,sample9_18h.json,32,40,0,0,TN,0.4946094917641637,>=,0.05,-1
93,sample9_18h.json,32,45,0,0,TN,0.7377448472663767,>=,0.05,-1
94,sample9_18h.json,32,54,0,1,FP,0.755793303460603,>=,0.05,-1
95,sample9_18h.json,33,39,0,0,TN,0.9919006709704605,>=,0.05,-1
96,sample9_18h.json,33,41,0,0,TN,0.06536406748306545,>=,0.05,-1
97,sample9_18h.json,34,40,0,0,TN,0.19764603052254726,>=,0.05,-1
98,sample9_18h.json,34,42,1,0,FN,0.5939040727655543,>=,0.05,1
99,sample9_18h.json,34,44,0,0,TN,0.2555022104729028,>=,0.05,-1
100,sample9_18h.json,35,38,0,0,TN,0.969222082248947,>=,0.05,-1
101,sample9_18h.json,35,45,0,0,TN,0.8853754894048923,>=,0.05,-1
102,sample9_18h.json,35,47,0,0,TN,0.8232087703012142,>=,0.05,-1
103,sample9_18h.json,35,50,0,0,TN,0.19398616134102276,>=,0.05,-1
104,sample9_18h.json,36,39,1,0,FN,0.11951152601632642,>=,0.05,6
105,sample9_18h.json,37,43,1,0,FN,0.623269546171531,>=,0.05,14
106,sample9_18h.json,38,46,0,0,TN,0.20708136104516683,>=,0.05,-1
107,sample9_18h.json,38,47,1,0,FN,0.6256544070633765,>=,0.05,8
108,sample9_18h.json,39,41,0,0,TN,0.1286094528026389,>=,0.05,-1
109,sample9_18h.json,40,44,1,1,TP,0.9090437800974568,>=,0.05,8
110,sample9_18h.json,40,54,0,0,TN,0.6550498463345908,>=,0.05,-1
111,sample9_18h.json,41,42,0,1,FP,0.8571811823262214,>=,0.05,-1
112,sample9_18h.json,42,44,0,0,TN,0.25176086995687863,>=,0.05,-1
113,sample9_18h.json,43,46,0,1,FP,0.688608750526261,>=,0.05,-1
114,sample9_18h.json,43,49,0,0,TN,0.5571321667885164,>=,0.05,-1
115,sample9_18h.json,43,51,0,0,TN,0.31883731063896115,>=,0.05,-1
116,sample9_18h.json,43,53,0,0,TN,0.514570991868592,>=,0.05,-1
117,sample9_18h.json,44,54,0,0,TN,0.3477914254525275,>=,0.05,-1
118,sample9_18h.json,44,56,0,0,TN,0.0849950195791982,>=,0.05,-1
119,sample9_18h.json,45,50,1,1,TP,0.8418306876256322,>=,0.05,18
120,sample9_18h.json,45,54,0,0,TN,0.6903327673641598,>=,0.05,-1
121,sample9_18h.json,45,61,0,0,TN,0.5410460602590277,>=,0.05,-1
122,sample9_18h.json,45,63,0,0,TN,0.7762508383284301,>=,0.05,-1
123,sample9_18h.json,46,47,0,0,TN,0.2838218737224989,>=,0.05,-1
124,sample9_18h.json,46,53,1,0,FN,0.5413361583199616,>=,0.05,18
125,sample9_18h.json,46,55,0,0,TN,0.018895037570864193,>=,0.05,-1
126,sample9_18h.json,47,50,0,0,TN,0.12642743909442145,>=,0.05,-1
127,sample9_18h.json,47,55,0,0,TN,0.5835966249506752,>=,0.05,-1
128,sample9_18h.json,47,57,0,1,FP,0.8927777766845439,>=,0.05,-1
129,sample9_18h.json,49,51,1,0,FN,0.39436875032195073,>=,0.05,18
130,sample9_18h.json,49,58,0,0,TN,0.10351425581042195,>=,0.05,-1
131,sample9_18h.json,50,57,0,0,TN,0.07223105712048439,>=,0.05,-1
132,sample9_18h.json,50,61,0,0,TN,0.30410936406070266,>=,0.05,-1
133,sample9_18h.json,51,53,0,1,FP,0.8087689513711757,>=,0.05,-1
134,sample9_18h.json,51,58,0,0,TN,0.6281892212481399,>=,0.05,-1
135,sample9_18h.json,53,55,0,0,TN,0.7771012842883446,>=,0.05,-1
136,sample9_18h.json,53,58,0,0,TN,0.6293297975532715,>=,0.05,-1
137,sample9_18h.json,53,59,0,0,TN,0.249122563495484,>=,0.05,-1
138,sample9_18h.json,54,56,1,0,FN,0.2886464043786583,>=,0.05,18
139,sample9_18h.json,54,63,0,0,TN,0.22554264934531087,>=,0.05,-1
140,sample9_18h.json,54,65,0,0,TN,0.10789311701299653,>=,0.05,-1
141,sample9_18h.json,54,66,0,0,TN,0.12163014891917678,>=,0.05,-1
142,sample9_18h.json,55,57,1,0,FN,0.3214413161456312,>=,0.05,12
143,sample9_18h.json,55,59,0,1,FP,0.7706703238771149,>=,0.05,-1
144,sample9_18h.json,56,65,0,0,TN,0.26104678984472374,>=,0.05,-1
145,sample9_18h.json,57,59,0,0,TN,0.5157881798982306,>=,0.05,-1
146,sample9_18h.json,57,61,0,0,TN,0.18868626482823614,>=,0.05,-1
147,sample9_18h.json,58,59,0,0,TN,0.543093283264155,>=,0.05,-1
148,sample9_18h.json,58,64,1,1,TP,0.9537644847591282,>=,0.05,6
149,sample9_18h.json,59,61,0,0,TN,0.2980910617817505,>=,0.05,-1
150,sample9_18h.json,59,64,0,0,TN,0.19041485045203788,>=,0.05,-1
151,sample9_18h.json,59,67,0,0,TN,0.7919519866009614,>=,0.05,-1
152,sample9_18h.json,59,70,0,0,TN,0.390084417025632,>=,0.05,-1
153,sample9_18h.json,61,63,0,1,FP,0.8707055493168879,>=,0.05,-1
154,sample9_18h.json,61,67,1,0,FN,0.7616031194211351,>=,0.05,18
155,sample9_18h.json,63,66,1,0,FN,0.43873811062088575,>=,0.05,18
156,sample9_18h.json,63,67,0,0,TN,0.3323144567426992,>=,0.05,-1
157,sample9_18h.json,63,71,0,0,TN,0.7753039449528571,>=,0.05,-1
158,sample9_18h.json,65,66,0,0,TN,0.7397455794235358,>=,0.05,-1
159,sample9_18h.json,65,72,0,1,FP,0.8407053756865205,>=,0.05,-1
160,sample9_18h.json,66,71,0,0,TN,0.3539770201068637,>=,0.05,-1
161,sample9_18h.json,66,72,0,0,TN,0.41183373399326595,>=,0.05,-1
162,sample9_18h.json,67,70,0,0,TN,0.8729578332826693,>=,0.05,-1
163,sample9_18h.json,67,71,0,0,TN,0.5786850202322583,>=,0.05,-1
164,sample9_18h.json,67,73,0,1,FP,0.7815466404410383,>=,0.05,-1
165,sample9_18h.json,70,73,0,0,TN,0.3912579880166829,>=,0.05,-1
166,sample9_18h.json,70,74,1,1,TP,0.9270809004779919,>=,0.05,18
167,sample9_18h.json,71,73,0,0,TN,0.048447585032567964,>=,0.05,-1
168,sample9_18h.json,71,80,0,1,FP,0.8659993417982519,>=,0.05,-1
169,sample9_18h.json,71,81,0,0,TN,0.37025930601342705,>=,0.05,-1
170,sample9_18h.json,73,80,0,0,TN,0.02258074200876048,>=,0.05,-1
171,sample9_18h.json,80,81,1,0,FN,0.9389996717149438,>=,0.05,18
172,sample9_18h.json,80,83,0,0,TN,0.7739578588500399,>=,0.05,-1
173,sample9_18h.json,81,83,0,1,FP,0.9842619825128097,>=,0.05,-1
1,sample9_44h.json,0,2,0,1,FP,0.7338216439246835,>=,0.05,-1
2,sample9_44h.json,0,7,0,0,TN,0.5727110207139262,>=,0.05,-1
3,sample9_44h.json,0,9,0,0,TN,0.6000990866058591,>=,0.05,-1
4,sample9_44h.json,0,12,0,0,TN,0.43759937658899883,>=,0.05,-1
5,sample9_44h.json,2,6,1,0,FN,0.684107222360656,>=,0.05,16
6,sample9_44h.json,2,9,0,0,TN,0.762924155637708,>=,0.05,-1
7,sample9_44h.json,2,11,0,0,TN,0.7867472304835897,>=,0.05,-1
8,sample9_44h.json,3,5,1,0,FN,0.9988654125081855,>=,0.05,6
9,sample9_44h.json,3,10,0,1,FP,0.8304597645473251,>=,0.05,-1
10,sample9_44h.json,4,5,0,1,FP,0.6124686678395636,>=,0.05,-1
11,sample9_44h.json,4,10,0,0,TN,0.44028279005471693,>=,0.05,-1
12,sample9_44h.json,4,16,0,0,TN,0.21867603606366526,>=,0.05,-1
13,sample9_44h.json,4,24,0,0,TN,0.03285337566224655,>=,0.05,-1
14,sample9_44h.json,5,10,0,0,TN,0.676559838748676,>=,0.05,-1
15,sample9_44h.json,6,8,0,1,FP,0.7715154891705693,>=,0.05,-1
16,sample9_44h.json,6,11,0,0,TN,0.1158160762900532,>=,0.05,-1
17,sample9_44h.json,6,13,0,0,TN,0.7111913121254156,>=,0.05,-1
18,sample9_44h.json,7,12,1,1,TP,0.8819835168040046,>=,0.05,16
19,sample9_44h.json,8,13,0,0,TN,0.34355490810528233,>=,0.05,-1
20,sample9_44h.json,8,14,0,0,TN,0.5968201724273557,>=,0.05,-1
21,sample9_44h.json,8,17,0,0,TN,0.7551963940666325,>=,0.05,-1
22,sample9_44h.json,9,11,1,0,FN,0.9178019659346598,>=,0.05,18
23,sample9_44h.json,9,12,0,0,TN,0.6816512603784168,>=,0.05,-1
24,sample9_44h.json,9,19,0,0,TN,0.26456257852753107,>=,0.05,-1
25,sample9_44h.json,9,25,0,1,FP,0.8924837480641333,>=,0.05,-1
26,sample9_44h.json,10,18,0,0,TN,0.9869919235387561,>=,0.05,-1
27,sample9_44h.json,10,24,0,0,TN,0.1192326676284523,>=,0.05,-1
28,sample9_44h.json,10,27,0,0,TN,0.33776002953894835,>=,0.05,-1
29,sample9_44h.json,11,13,0,1,FP,0.5978144244291922,>=,0.05,-1
30,sample9_44h.json,11,25,0,0,TN,0.08219910213915993,>=,0.05,-1
31,sample9_44h.json,12,19,0,0,TN,0.589605963844664,>=,0.05,-1
32,sample9_44h.json,13,17,0,0,TN,0.8121047367376568,>=,0.05,-1
33,sample9_44h.json,13,22,0,0,TN,0.7159935507731606,>=,0.05,-1
34,sample9_44h.json,13,25,0,0,TN,0.20425397332409612,>=,0.05,-1
35,sample9_44h.json,13,30,0,0,TN,0.21517499055232303,>=,0.05,-1
36,sample9_44h.json,13,34,0,0,TN,0.7250058262285157,>=,0.05,-1
37,sample9_44h.json,14,17,0,0,TN,0.11800876463847232,>=,0.05,-1
38,sample9_44h.json,14,21,0,0,TN,0.4190748610713434,>=,0.05,-1
39,sample9_44h.json,14,29,0,1,FP,0.8283944032551778,>=,0.05,-1
40,sample9_44h.json,14,33,0,0,TN,0.05677023347598564,>=,0.05,-1
41,sample9_44h.json,15,19,1,1,TP,0.8460885530480243,>=,0.05,16
42,sample9_44h.json,15,26,0,0,TN,0.6321725224070789,>=,0.05,-1
43,sample9_44h.json,15,196,0,0,TN,0.08643731928508391,>=,0.05,-1
44,sample9_44h.json,16,24,0,0,TN,0.14889347158902144,>=,0.05,-1
45,sample9_44h.json,16,26,0,0,TN,0.32785234593931745,>=,0.05,-1
46,sample9_44h.json,16,35,0,0,TN,0.38910686678479856,>=,0.05,-1
47,sample9_44h.json,16,196,1,1,TP,0.16577283828843337,>=,0.05,16
48,sample9_44h.json,17,22,1,1,TP,0.9552331725207017,>=,0.05,16
49,sample9_44h.json,17,29,0,0,TN,0.19789749867895357,>=,0.05,-1
50,sample9_44h.json,18,27,1,1,TP,0.9073485535005589,>=,0.05,22
51,sample9_44h.json,19,25,0,0,TN,0.16557493676671808,>=,0.05,-1
52,sample9_44h.json,19,31,0,0,TN,0.8588068165524334,>=,0.05,-1
53,sample9_44h.json,19,36,0,0,TN,0.2622232846031257,>=,0.05,-1
54,sample9_44h.json,21,28,1,0,FN,0.1644934457034748,>=,0.05,16
55,sample9_44h.json,21,33,0,0,TN,0.20772530648595766,>=,0.05,-1
56,sample9_44h.json,22,29,0,0,TN,0.6265022770393455,>=,0.05,-1
57,sample9_44h.json,22,30,0,0,TN,0.3489850711780347,>=,0.05,-1
58,sample9_44h.json,24,32,0,0,TN,0.6360644118663435,>=,0.05,-1
59,sample9_44h.json,24,35,0,0,TN,0.30723793241843655,>=,0.05,-1
60,sample9_44h.json,24,39,1,1,TP,0.9220066561000083,>=,0.05,24
61,sample9_44h.json,25,34,0,0,TN,0.8158417383293576,>=,0.05,-1
62,sample9_44h.json,25,36,0,0,TN,0.6880675809409983,>=,0.05,-1
63,sample9_44h.json,26,31,1,0,FN,0.6246215864990294,>=,0.05,2
64,sample9_44h.json,26,35,0,1,FP,0.6983563690877235,>=,0.05,-1
65,sample9_44h.json,26,196,0,0,TN,0.3226199320825198,>=,0.05,-1
66,sample9_44h.json,27,32,0,0,TN,0.2487940946226036,>=,0.05,-1
67,sample9_44h.json,27,37,0,0,TN,0.5392328993672731,>=,0.05,-1
68,sample9_44h.json,28,33,0,1,FP,0.5943538230650428,>=,0.05,-1
69,sample9_44h.json,28,38,0,0,TN,0.16631756477361204,>=,0.05,-1
70,sample9_44h.json,29,30,1,0,FN,0.9065250723824215,>=,0.05,16
71,sample9_44h.json,29,33,0,0,TN,0.5268610610403565,>=,0.05,-1
72,sample9_44h.json,29,40,0,0,TN,0.854940937395208,>=,0.05,-1
73,sample9_44h.json,29,41,0,0,TN,0.6198682598481315,>=,0.05,-1
74,sample9_44h.json,30,34,0,0,TN,0.04597739964109693,>=,0.05,-1
75,sample9_44h.json,30,41,0,1,FP,0.5142855051986088,>=,0.05,-1
76,sample9_44h.json,31,35,0,0,TN,0.21808289206729725,>=,0.05,-1
77,sample9_44h.json,31,36,0,0,TN,0.26737646069688537,>=,0.05,-1
78,sample9_44h.json,31,42,0,1,FP,0.884584637889891,>=,0.05,-1
79,sample9_44h.json,32,35,0,0,TN,0.8885565489656531,>=,0.05,-1
80,sample9_44h.json,32,37,0,0,TN,0.6535219466417886,>=,0.05,-1
81,sample9_44h.json,32,39,0,0,TN,0.734095266687908,>=,0.05,-1
82,sample9_44h.json,32,64,0,0,TN,0.14316708385144128,>=,0.05,-1
83,sample9_44h.json,32,67,0,1,FP,0.704115996152657,>=,0.05,-1
84,sample9_44h.json,33,38,0,0,TN,0.6183491236079621,>=,0.05,-1
85,sample9_44h.json,33,40,1,0,FN,0.7058354820992992,>=,0.05,16
86,sample9_44h.json,34,36,0,0,TN,0.2353324192234153,>=,0.05,-1
87,sample9_44h.json,34,41,0,0,TN,0.10984200852218462,>=,0.05,-1
88,sample9_44h.json,34,43,0,0,TN,0.718955760177562,>=,0.05,-1
89,sample9_44h.json,34,45,0,0,TN,0.2665290241206121,>=,0.05,-1
90,sample9_44h.json,34,50,0,1,FP,0.9610089022535194,>=,0.05,-1
91,sample9_44h.json,34,53,0,0,TN,0.48234051627255836,>=,0.05,-1
92,sample9_44h.json,35,39,0,0,TN,0.9937836047711092,>=,0.05,-1
93,sample9_44h.json,35,42,0,0,TN,0.727856605732002,>=,0.05,-1
94,sample9_44h.json,35,46,0,0,TN,0.05224419091697563,>=,0.05,-1
95,sample9_44h.json,35,60,0,0,TN,0.9375901839834989,>=,0.05,-1
96,sample9_44h.json,35,67,0,0,TN,0.9100570922081727,>=,0.05,-1
97,sample9_44h.json,35,72,0,0,TN,0.4206603355733133,>=,0.05,-1
98,sample9_44h.json,36,42,0,0,TN,0.022859578285546522,>=,0.05,-1
99,sample9_44h.json,36,45,0,1,FP,0.8304828765228399,>=,0.05,-1
100,sample9_44h.json,36,55,0,0,TN,0.6781990583302284,>=,0.05,-1
101,sample9_44h.json,36,61,0,0,TN,0.6366026253769116,>=,0.05,-1
102,sample9_44h.json,37,47,0,0,TN,0.6312242956448676,>=,0.05,-1
103,sample9_44h.json,37,48,0,1,FP,0.7413920684149589,>=,0.05,-1
104,sample9_44h.json,37,52,0,0,TN,0.5548870141767946,>=,0.05,-1
105,sample9_44h.json,37,64,0,0,TN,0.0070816811583294115,>=,0.05,-1
106,sample9_44h.json,38,44,0,0,TN,0.668023633756393,>=,0.05,-1
107,sample9_44h.json,38,198,1,1,TP,0.5278993947668478,>=,0.05,16
108,sample9_44h.json,40,41,0,0,TN,0.690277636053342,>=,0.05,-1
109,sample9_44h.json,40,58,0,1,FP,0.9576678822827429,>=,0.05,-1
110,sample9_44h.json,40,198,0,0,TN,0.49104849300631603,>=,0.05,-1
111,sample9_44h.json,41,43,1,0,FN,0.026014212325358832,>=,0.05,8
112,sample9_44h.json,41,58,0,0,TN,0.5330123903056306,>=,0.05,-1
113,sample9_44h.json,42,46,1,0,FN,0.2628204225008649,>=,0.05,12
114,sample9_44h.json,42,55,0,0,TN,0.5013299062693999,>=,0.05,-1
115,sample9_44h.json,42,60,0,0,TN,0.927797345221526,>=,0.05,-1
116,sample9_44h.json,43,53,0,0,TN,0.7354386585292125,>=,0.05,-1
117,sample9_44h.json,43,58,0,0,TN,0.13006557703365873,>=,0.05,-1
118,sample9_44h.json,43,59,0,1,FP,0.6967443562366735,>=,0.05,-1
119,sample9_44h.json,43,66,0,0,TN,0.8551294190608083,>=,0.05,-1
120,sample9_44h.json,44,56,1,0,FN,0.020073381514860933,>=,0.05,14
121,sample9_44h.json,44,63,0,1,FP,0.6512737959575886,>=,0.05,-1
122,sample9_44h.json,44,198,0,0,TN,0.04832908455114482,>=,0.05,-1
123,sample9_44h.json,45,50,1,0,FN,0.5777430624343506,>=,0.05,18
124,sample9_44h.json,45,61,0,0,TN,0.2510137466182286,>=,0.05,-1
125,sample9_44h.json,46,60,0,1,FP,0.7805039912201958,>=,0.05,-1
126,sample9_44h.json,47,48,1,0,FN,0.3924729751606887,>=,0.05,12
127,sample9_44h.json,47,52,0,1,FP,0.5312386087826637,>=,0.05,-1
128,sample9_44h.json,47,62,0,0,TN,0.30033312231315434,>=,0.05,-1
129,sample9_44h.json,48,51,0,0,TN,0.5873682960948811,>=,0.05,-1
130,sample9_44h.json,48,62,0,0,TN,0.2934110283540521,>=,0.05,-1
131,sample9_44h.json,50,53,0,0,TN,0.1935627710538893,>=,0.05,-1
132,sample9_44h.json,50,61,0,0,TN,0.38268881155601,>=,0.05,-1
133,sample9_44h.json,50,73,0,0,TN,0.18288647592190443,>=,0.05,-1
134,sample9_44h.json,51,57,0,0,TN,0.2813085175257449,>=,0.05,-1
135,sample9_44h.json,51,62,0,0,TN,0.160639462301027,>=,0.05,-1
136,sample9_44h.json,51,68,0,1,FP,0.5505509560901065,>=,0.05,-1
137,sample9_44h.json,51,74,0,0,TN,0.22529095295957968,>=,0.05,-1
138,sample9_44h.json,52,62,1,0,FN,0.23148208279728788,>=,0.05,14
139,sample9_44h.json,52,64,0,0,TN,0.1254637950045333,>=,0.05,-1
140,sample9_44h.json,52,77,0,0,TN,0.21359156713993943,>=,0.05,-1
141,sample9_44h.json,53,59,1,0,FN,0.24015323454712745,>=,0.05,16
142,sample9_44h.json,53,66,0,0,TN,0.98474955469409,>=,0.05,-1
143,sample9_44h.json,53,73,0,1,FP,0.6620727407764584,>=,0.05,-1
144,sample9_44h.json,53,79,0,0,TN,0.018274888088849583,>=,0.05,-1
145,sample9_44h.json,55,60,0,0,TN,0.49963795865154004,>=,0.05,-1
146,sample9_44h.json,55,61,1,1,TP,0.8621469627359534,>=,0.05,6
147,sample9_44h.json,55,71,0,0,TN,0.7469544764912015,>=,0.05,-1
148,sample9_44h.json,55,75,0,0,TN,0.08744609613273568,>=,0.05,-1
149,sample9_44h.json,56,63,0,0,TN,0.7807951885182288,>=,0.05,-1
150,sample9_44h.json,56,69,0,1,FP,0.7999845169826251,>=,0.05,-1
151,sample9_44h.json,56,70,0,0,TN,0.28768604405092635,>=,0.05,-1
152,sample9_44h.json,56,76,0,0,TN,0.8323844847976464,>=,0.05,-1
153,sample9_44h.json,57,68,1,0,FN,0.37310055529332997,>=,0.05,12
154,sample9_44h.json,58,65,1,0,FN,0.1114080691035394,>=,0.05,4
155,sample9_44h.json,58,66,0,0,TN,0.5156178389941551,>=,0.05,-1
156,sample9_44h.json,58,78,0,0,TN,0.49040547470164364,>=,0.05,-1
157,sample9_44h.json,58,198,0,0,TN,0.5243660996089303,>=,0.05,-1
158,sample9_44h.json,59,66,0,0,TN,0.397477980631862,>=,0.05,-1
159,sample9_44h.json,60,71,1,0,FN,0.1352407643927912,>=,0.05,8
160,sample9_44h.json,60,72,0,0,TN,0.25569357309840957,>=,0.05,-1
161,sample9_44h.json,61,73,0,0,TN,0.9249523448641594,>=,0.05,-1
162,sample9_44h.json,61,75,0,0,TN,0.7866337314082037,>=,0.05,-1
163,sample9_44h.json,62,74,0,0,TN,0.3756183382103966,>=,0.05,-1
164,sample9_44h.json,62,77,0,0,TN,0.21070362057335557,>=,0.05,-1
165,sample9_44h.json,63,65,0,0,TN,0.1525433641602303,>=,0.05,-1
166,sample9_44h.json,63,69,1,0,FN,0.41424751856913733,>=,0.05,16
167,sample9_44h.json,63,198,0,0,TN,0.04200327581623664,>=,0.05,-1
168,sample9_44h.json,64,67,1,0,FN,0.7685153110325912,>=,0.05,24
169,sample9_44h.json,64,77,0,1,FP,0.8800429942359044,>=,0.05,-1
170,sample9_44h.json,64,199,0,0,TN,0.2651918032050622,>=,0.05,-1
171,sample9_44h.json,65,69,0,0,TN,0.8112441880766745,>=,0.05,-1
172,sample9_44h.json,65,78,0,1,FP,0.7522631946697985,>=,0.05,-1
173,sample9_44h.json,65,81,0,0,TN,0.49879893686106147,>=,0.05,-1
174,sample9_44h.json,65,91,0,0,TN,0.8963861580774819,>=,0.05,-1
175,sample9_44h.json,65,96,0,0,TN,0.4872473509224666,>=,0.05,-1
176,sample9_44h.json,65,198,0,0,TN,0.4837645725766069,>=,0.05,-1
177,sample9_44h.json,66,78,1,0,FN,0.47034315935613213,>=,0.05,12
178,sample9_44h.json,66,79,0,1,FP,0.9344526110219742,>=,0.05,-1
179,sample9_44h.json,67,72,0,0,TN,0.19698580464397075,>=,0.05,-1
180,sample9_44h.json,67,85,0,0,TN,0.561284165904253,>=,0.05,-1
181,sample9_44h.json,67,89,0,0,TN,0.10723485364616414,>=,0.05,-1
182,sample9_44h.json,67,100,0,0,TN,0.5229510503747978,>=,0.05,-1
183,sample9_44h.json,67,199,0,0,TN,0.11649031626345163,>=,0.05,-1
184,sample9_44h.json,68,74,0,0,TN,0.1126737193409224,>=,0.05,-1
185,sample9_44h.json,68,80,0,0,TN,0.1509364096652891,>=,0.05,-1
186,sample9_44h.json,69,76,0,0,TN,0.13389557255160012,>=,0.05,-1
187,sample9_44h.json,69,81,0,0,TN,0.38135323912265395,>=,0.05,-1
188,sample9_44h.json,70,76,1,0,FN,0.5923412123246073,>=,0.05,14
189,sample9_44h.json,70,84,0,1,FP,0.28563058343392633,>=,0.05,-1
190,sample9_44h.json,70,87,0,0,TN,0.037249890787779294,>=,0.05,-1
191,sample9_44h.json,70,97,0,0,TN,0.20442892838523052,>=,0.05,-1
192,sample9_44h.json,71,72,0,0,TN,0.5125935344145366,>=,0.05,-1
193,sample9_44h.json,71,75,0,0,TN,0.7583765439375318,>=,0.05,-1
194,sample9_44h.json,71,82,0,1,FP,0.9152253294209688,>=,0.05,-1
195,sample9_44h.json,72,82,0,0,TN,0.5703856185843172,>=,0.05,-1
196,sample9_44h.json,72,85,0,1,FP,0.6162616375187026,>=,0.05,-1
197,sample9_44h.json,72,89,0,0,TN,0.31296033794395084,>=,0.05,-1
198,sample9_44h.json,73,75,0,0,TN,0.5527647018527427,>=,0.05,-1
199,sample9_44h.json,73,79,1,0,FN,0.33881057620455535,>=,0.05,6
200,sample9_44h.json,73,86,0,0,TN,0.5988338682751526,>=,0.05,-1
201,sample9_44h.json,74,77,0,0,TN,0.0003902825049895142,>=,0.05,-1
202,sample9_44h.json,74,80,0,0,TN,0.6236307106793767,>=,0.05,-1
203,sample9_44h.json,74,83,0,0,TN,0.4324187805468175,>=,0.05,-1
204,sample9_44h.json,74,92,0,1,FP,0.9559895346026713,>=,0.05,-1
205,sample9_44h.json,74,99,0,0,TN,0.8155024421465396,>=,0.05,-1
206,sample9_44h.json,75,82,0,0,TN,0.45990047040733095,>=,0.05,-1
207,sample9_44h.json,75,86,0,0,TN,0.24741621624978916,>=,0.05,-1
208,sample9_44h.json,75,93,0,1,FP,0.9133042467315307,>=,0.05,-1
209,sample9_44h.json,75,98,0,0,TN,0.9383270527141477,>=,0.05,-1
210,sample9_44h.json,76,81,0,0,TN,0.9012891728867121,>=,0.05,-1
211,sample9_44h.json,76,87,0,1,FP,0.9350535045486755,>=,0.05,-1
212,sample9_44h.json,77,83,1,0,FN,0.07934129542706791,>=,0.05,2
213,sample9_44h.json,77,94,0,0,TN,0.7797271414359852,>=,0.05,-1
214,sample9_44h.json,77,199,0,0,TN,0.4730082198165033,>=,0.05,-1
215,sample9_44h.json,78,79,0,0,TN,0.382896530465488,>=,0.05,-1
216,sample9_44h.json,78,91,0,0,TN,0.706325885142402,>=,0.05,-1
217,sample9_44h.json,79,86,0,0,TN,0.27225862372830645,>=,0.05,-1
218,sample9_44h.json,79,91,0,0,TN,0.22534667076076476,>=,0.05,-1
219,sample9_44h.json,80,92,0,0,TN,0.18443230714651637,>=,0.05,-1
220,sample9_44h.json,80,95,0,1,FP,0.40050298442648236,>=,0.05,-1
221,sample9_44h.json,81,87,1,0,FN,0.9196992931151656,>=,0.05,26
222,sample9_44h.json,81,96,0,1,FP,0.8071624578023067,>=,0.05,-1
223,sample9_44h.json,82,89,0,0,TN,0.4401500062564774,>=,0.05,-1
224,sample9_44h.json,82,93,0,0,TN,0.7435883746504917,>=,0.05,-1
225,sample9_44h.json,82,100,0,0,TN,0.7138184018976051,>=,0.05,-1
226,sample9_44h.json,82,104,0,0,TN,0.027045890980855747,>=,0.05,-1
227,sample9_44h.json,83,94,0,1,FP,0.7222860571547302,>=,0.05,-1
228,sample9_44h.json,83,99,0,0,TN,0.2342120305624168,>=,0.05,-1
229,sample9_44h.json,84,90,1,0,FN,0.6498032337780593,>=,0.05,14
230,sample9_44h.json,84,97,0,0,TN,0.29021749070214375,>=,0.05,-1
231,sample9_44h.json,85,89,1,0,FN,0.6223144811298938,>=,0.05,8
232,sample9_44h.json,86,91,0,1,FP,0.9954472708425066,>=,0.05,-1
233,sample9_44h.json,86,98,0,0,TN,0.23422344828406982,>=,0.05,-1
234,sample9_44h.json,86,103,0,0,TN,0.4862760085623328,>=,0.05,-1
235,sample9_44h.json,87,96,0,0,TN,0.7593916205677439,>=,0.05,-1
236,sample9_44h.json,87,97,0,0,TN,0.3601564957853025,>=,0.05,-1
237,sample9_44h.json,87,105,0,0,TN,0.7019933418945048,>=,0.05,-1
238,sample9_44h.json,89,100,0,1,FP,0.901609459941002,>=,0.05,-1
239,sample9_44h.json,90,97,0,0,TN,0.5397155856385998,>=,0.05,-1
240,sample9_44h.json,90,101,0,1,FP,0.8576706797754795,>=,0.05,-1
241,sample9_44h.json,91,96,1,0,FN,0.8682856122352728,>=,0.05,20
242,sample9_44h.json,91,103,0,0,TN,0.6191296348266792,>=,0.05,-1
243,sample9_44h.json,91,108,0,0,TN,0.7990969696450291,>=,0.05,-1
244,sample9_44h.json,92,95,1,0,FN,0.1189775645014245,>=,0.05,8
245,sample9_44h.json,92,99,0,0,TN,0.3201081100991229,>=,0.05,-1
246,sample9_44h.json,93,98,1,0,FN,0.8151237511104374,>=,0.05,4
247,sample9_44h.json,93,104,0,0,TN,0.4213460849406442,>=,0.05,-1
248,sample9_44h.json,94,99,0,0,TN,0.7422477202692841,>=,0.05,-1
249,sample9_44h.json,94,199,0,0,TN,0.4691341072426706,>=,0.05,-1
250,sample9_44h.json,94,200,1,0,FN,0.6556554505014816,>=,0.05,16
251,sample9_44h.json,95,99,0,0,TN,0.578086707477436,>=,0.05,-1
252,sample9_44h.json,95,107,0,0,TN,0.043291946052560704,>=,0.05,-1
253,sample9_44h.json,96,105,0,0,TN,0.2934245669005625,>=,0.05,-1
254,sample9_44h.json,96,108,0,0,TN,0.15864439837255828,>=,0.05,-1
255,sample9_44h.json,96,114,0,0,TN,0.5721937804804585,>=,0.05,-1
256,sample9_44h.json,97,101,1,0,FN,0.490799719190262,>=,0.05,26
257,sample9_44h.json,97,105,0,1,FP,0.49004480947382467,>=,0.05,-1
258,sample9_44h.json,97,110,0,0,TN,0.10777187616677153,>=,0.05,-1
259,sample9_44h.json,98,103,0,1,FP,0.5850446899559573,>=,0.05,-1
260,sample9_44h.json,98,104,0,0,TN,0.18350506215661355,>=,0.05,-1
261,sample9_44h.json,98,109,0,0,TN,0.9593633934557467,>=,0.05,-1
262,sample9_44h.json,99,107,0,0,TN,0.7795469680888313,>=,0.05,-1
263,sample9_44h.json,99,115,0,1,FP,0.6686393335321661,>=,0.05,-1
264,sample9_44h.json,99,199,0,0,TN,0.2010938655830109,>=,0.05,-1
265,sample9_44h.json,99,200,0,0,TN,0.015085268871163238,>=,0.05,-1
266,sample9_44h.json,100,104,0,0,TN,0.5147856794571475,>=,0.05,-1
267,sample9_44h.json,100,112,0,0,TN,0.10580150365192231,>=,0.05,-1
268,sample9_44h.json,100,118,0,0,TN,0.6493646441567684,>=,0.05,-1
269,sample9_44h.json,100,119,0,0,TN,0.9511015226424677,>=,0.05,-1
270,sample9_44h.json,100,121,0,0,TN,0.7976604442092368,>=,0.05,-1
271,sample9_44h.json,100,199,0,0,TN,0.8747203144354261,>=,0.05,-1
272,sample9_44h.json,101,106,0,0,TN,0.46230875672204197,>=,0.05,-1
273,sample9_44h.json,101,110,0,0,TN,0.22614933907045576,>=,0.05,-1
274,sample9_44h.json,101,113,0,0,TN,0.038953115422335594,>=,0.05,-1
275,sample9_44h.json,103,108,0,0,TN,0.30064380357504605,>=,0.05,-1
276,sample9_44h.json,103,109,0,0,TN,0.9767735337685497,>=,0.05,-1
277,sample9_44h.json,103,111,0,0,TN,0.21892144887545562,>=,0.05,-1
278,sample9_44h.json,104,109,0,1,FP,0.9944518153816565,>=,0.05,-1
279,sample9_44h.json,104,118,0,0,TN,0.9044524735423147,>=,0.05,-1
280,sample9_44h.json,105,110,1,0,FN,0.5446395191852234,>=,0.05,16
281,sample9_44h.json,105,114,0,0,TN,0.23071775338325695,>=,0.05,-1
282,sample9_44h.json,105,116,0,0,TN,0.6855779127945475,>=,0.05,-1
283,sample9_44h.json,106,113,0,1,FP,0.46675896539693074,>=,0.05,-1
284,sample9_44h.json,107,115,0,0,TN,0.27746639874747003,>=,0.05,-1
285,sample9_44h.json,107,117,1,1,TP,0.8499260087036621,>=,0.05,20
286,sample9_44h.json,108,111,0,0,TN,0.466405105335156,>=,0.05,-1
287,sample9_44h.json,108,114,0,1,FP,0.7761999808512612,>=,0.05,-1
288,sample9_44h.json,108,122,0,0,TN,0.9753383572642613,>=,0.05,-1
289,sample9_44h.json,108,125,0,0,TN,0.010800285237696938,>=,0.05,-1
290,sample9_44h.json,109,111,1,0,FN,0.6630733737905303,>=,0.05,16
291,sample9_44h.json,109,118,0,0,TN,0.03079541618589976,>=,0.05,-1
292,sample9_44h.json,109,120,0,0,TN,0.5357959592101598,>=,0.05,-1
293,sample9_44h.json,110,113,0,0,TN,0.1981986430527577,>=,0.05,-1
294,sample9_44h.json,110,116,0,1,FP,0.9421410954025498,>=,0.05,-1
295,sample9_44h.json,111,120,0,1,FP,0.22719098274165128,>=,0.05,-1
296,sample9_44h.json,111,122,0,0,TN,0.24331316607020637,>=,0.05,-1
297,sample9_44h.json,111,124,0,0,TN,0.8584286431119851,>=,0.05,-1
298,sample9_44h.json,112,115,0,0,TN,0.8939361334765594,>=,0.05,-1
299,sample9_44h.json,112,119,0,1,FP,0.704821589391331,>=,0.05,-1
300,sample9_44h.json,112,123,0,0,TN,0.8807558645554319,>=,0.05,-1
301,sample9_44h.json,112,128,0,0,TN,0.9446804136227009,>=,0.05,-1
302,sample9_44h.json,112,199,0,0,TN,0.07609161925251684,>=,0.05,-1
303,sample9_44h.json,114,116,1,0,FN,0.326869719714184,>=,0.05,8
304,sample9_44h.json,114,125,0,0,TN,0.2816901731418481,>=,0.05,-1
305,sample9_44h.json,115,117,0,0,TN,0.7263596648601748,>=,0.05,-1
306,sample9_44h.json,115,123,0,0,TN,0.7544631907106767,>=,0.05,-1
307,sample9_44h.json,115,199,0,0,TN,0.152362066040307,>=,0.05,-1
308,sample9_44h.json,116,125,0,0,TN,0.9243124864630169,>=,0.05,-1
309,sample9_44h.json,116,127,0,0,TN,0.16107113251907357,>=,0.05,-1
310,sample9_44h.json,118,120,0,0,TN,0.06275904043958058,>=,0.05,-1
311,sample9_44h.json,118,121,0,0,TN,0.5051919370035782,>=,0.05,-1
312,sample9_44h.json,118,126,1,1,TP,0.6599545177441721,>=,0.05,20
313,sample9_44h.json,118,129,0,0,TN,0.0711449636542475,>=,0.05,-1
314,sample9_44h.json,119,121,1,0,FN,0.05692791694628174,>=,0.05,16
315,sample9_44h.json,119,128,0,0,TN,0.17098201821633985,>=,0.05,-1
316,sample9_44h.json,119,135,0,0,TN,0.7346850301842386,>=,0.05,-1
317,sample9_44h.json,119,136,0,0,TN,0.6421013622090183,>=,0.05,-1
318,sample9_44h.json,120,124,1,0,FN,0.8402644544349541,>=,0.05,12
319,sample9_44h.json,120,126,0,0,TN,0.26721624569294655,>=,0.05,-1
320,sample9_44h.json,120,137,0,0,TN,0.04271760892205834,>=,0.05,-1
321,sample9_44h.json,121,129,0,0,TN,0.1376381307684883,>=,0.05,-1
322,sample9_44h.json,121,136,0,1,FP,0.5111370655963389,>=,0.05,-1
323,sample9_44h.json,122,124,0,0,TN,0.21532259231642914,>=,0.05,-1
324,sample9_44h.json,122,125,1,1,TP,0.6895173079158,>=,0.05,8
325,sample9_44h.json,122,133,0,0,TN,0.8082281850642133,>=,0.05,-1
326,sample9_44h.json,123,128,0,1,FP,0.9963366647547729,>=,0.05,-1
327,sample9_44h.json,123,130,0,0,TN,0.5598393139073592,>=,0.05,-1
328,sample9_44h.json,123,132,0,0,TN,0.31534953436333324,>=,0.05,-1
329,sample9_44h.json,123,134,0,0,TN,0.053376945845647006,>=,0.05,-1
330,sample9_44h.json,124,133,0,1,FP,0.9656852307150455,>=,0.05,-1
331,sample9_44h.json,124,137,0,0,TN,0.246962708502091,>=,0.05,-1
332,sample9_44h.json,125,127,0,0,TN,0.1756193046575223,>=,0.05,-1
333,sample9_44h.json,125,133,0,0,TN,0.029763605775903423,>=,0.05,-1
334,sample9_44h.json,125,140,0,0,TN,0.5215473205104867,>=,0.05,-1
335,sample9_44h.json,126,129,0,0,TN,0.14149638594908553,>=,0.05,-1
336,sample9_44h.json,126,137,0,0,TN,0.10043425051907029,>=,0.05,-1
337,sample9_44h.json,126,138,0,0,TN,0.4296134341129767,>=,0.05,-1
338,sample9_44h.json,127,131,0,0,TN,0.4034335667727852,>=,0.05,-1
339,sample9_44h.json,127,140,0,1,FP,0.9123589040159494,>=,0.05,-1
340,sample9_44h.json,127,145,0,0,TN,0.07816674961849024,>=,0.05,-1
341,sample9_44h.json,127,146,0,0,TN,0.33441351841820666,>=,0.05,-1
342,sample9_44h.json,128,132,1,0,FN,0.5722018777045511,>=,0.05,6
343,sample9_44h.json,128,135,0,0,TN,0.5719308983284017,>=,0.05,-1
344,sample9_44h.json,129,136,0,0,TN,0.6025000346137432,>=,0.05,-1
345,sample9_44h.json,129,138,0,1,FP,0.7049779420562321,>=,0.05,-1
346,sample9_44h.json,129,141,0,0,TN,0.9607872990960938,>=,0.05,-1
347,sample9_44h.json,129,142,0,0,TN,0.15012638363444697,>=,0.05,-1
348,sample9_44h.json,130,134,1,1,TP,0.09124827965460192,>=,0.05,2
349,sample9_44h.json,131,146,0,0,TN,0.2990952666681791,>=,0.05,-1
350,sample9_44h.json,132,135,0,1,FP,0.8709471634925119,>=,0.05,-1
351,sample9_44h.json,132,139,0,0,TN,0.12352379556262483,>=,0.05,-1
352,sample9_44h.json,132,147,0,0,TN,0.5234955160314482,>=,0.05,-1
353,sample9_44h.json,133,137,0,0,TN,0.264925821344129,>=,0.05,-1
354,sample9_44h.json,133,140,0,0,TN,0.616890368473594,>=,0.05,-1
355,sample9_44h.json,133,144,0,0,TN,0.7681606483791922,>=,0.05,-1
356,sample9_44h.json,135,136,0,0,TN,0.49430209090868604,>=,0.05,-1
357,sample9_44h.json,135,147,0,0,TN,0.7356688836914566,>=,0.05,-1
358,sample9_44h.json,135,148,0,0,TN,0.8641040578085897,>=,0.05,-1
359,sample9_44h.json,135,149,0,0,TN,0.27149749633763076,>=,0.05,-1
360,sample9_44h.json,136,141,1,0,FN,0.4393711136451215,>=,0.05,24
361,sample9_44h.json,136,148,0,0,TN,0.5813645564320343,>=,0.05,-1
362,sample9_44h.json,136,151,0,0,TN,0.29575541915266834,>=,0.05,-1
363,sample9_44h.json,137,138,0,0,TN,0.5834780256824522,>=,0.05,-1
364,sample9_44h.json,137,143,0,0,TN,0.6592733509310613,>=,0.05,-1
365,sample9_44h.json,137,144,0,1,FP,0.9508172077559089,>=,0.05,-1
366,sample9_44h.json,138,142,1,0,FN,0.7086331135062542,>=,0.05,4
367,sample9_44h.json,138,143,0,0,TN,0.42193315431926093,>=,0.05,-1
368,sample9_44h.json,139,147,0,0,TN,0.090275018346748,>=,0.05,-1
369,sample9_44h.json,139,150,1,1,TP,0.13133484069936252,>=,0.05,10
370,sample9_44h.json,140,144,0,0,TN,0.8697506150774925,>=,0.05,-1
371,sample9_44h.json,140,145,1,0,FN,0.9228236849113522,>=,0.05,6
372,sample9_44h.json,140,152,0,0,TN,0.8960689529156689,>=,0.05,-1
373,sample9_44h.json,140,160,0,0,TN,0.2142224213008126,>=,0.05,-1
374,sample9_44h.json,141,142,0,0,TN,0.5132919432309125,>=,0.05,-1
375,sample9_44h.json,141,151,0,0,TN,0.43858618071310695,>=,0.05,-1
376,sample9_44h.json,141,154,0,1,FP,0.599829068511687,>=,0.05,-1
377,sample9_44h.json,141,156,0,0,TN,0.372745984078068,>=,0.05,-1
378,sample9_44h.json,142,143,0,1,FP,0.9691732900969304,>=,0.05,-1
379,sample9_44h.json,142,154,0,0,TN,0.4353262363184537,>=,0.05,-1
380,sample9_44h.json,143,144,0,0,TN,0.8593741580285208,>=,0.05,-1
381,sample9_44h.json,143,153,0,0,TN,0.2890015273920522,>=,0.05,-1
382,sample9_44h.json,143,154,0,0,TN,0.012554207057826838,>=,0.05,-1
383,sample9_44h.json,143,161,0,0,TN,0.6240118370633655,>=,0.05,-1
384,sample9_44h.json,143,162,0,0,TN,0.63379039676664,>=,0.05,-1
385,sample9_44h.json,144,152,0,0,TN,0.3266295990043232,>=,0.05,-1
386,sample9_44h.json,144,153,0,0,TN,0.1075439902283063,>=,0.05,-1
387,sample9_44h.json,144,159,0,0,TN,0.20329419867475473,>=,0.05,-1
388,sample9_44h.json,145,146,0,0,TN,0.29375533061801784,>=,0.05,-1
389,sample9_44h.json,145,157,0,0,TN,0.6072796050352974,>=,0.05,-1
390,sample9_44h.json,145,160,0,1,FP,0.43234948198074263,>=,0.05,-1
391,sample9_44h.json,146,157,0,1,FP,0.7465535486660925,>=,0.05,-1
392,sample9_44h.json,147,149,0,0,TN,0.596342838721472,>=,0.05,-1
393,sample9_44h.json,147,150,0,0,TN,0.36037608321418524,>=,0.05,-1
394,sample9_44h.json,147,158,0,1,FP,0.738856212579747,>=,0.05,-1
395,sample9_44h.json,147,163,0,0,TN,0.9668322931197622,>=,0.05,-1
396,sample9_44h.json,148,149,0,0,TN,0.5444460255227811,>=,0.05,-1
397,sample9_44h.json,148,151,0,1,FP,0.8000460358977751,>=,0.05,-1
398,sample9_44h.json,148,155,1,0,FN,0.6972016245768836,>=,0.05,6
399,sample9_44h.json,149,155,0,1,FP,0.9741417759696245,>=,0.05,-1
400,sample9_44h.json,149,158,1,0,FN,0.15645109814288516,>=,0.05,12
401,sample9_44h.json,151,155,0,0,TN,0.43424606633020957,>=,0.05,-1
402,sample9_44h.json,151,156,0,0,TN,0.907867706790889,>=,0.05,-1
403,sample9_44h.json,151,158,0,0,TN,0.42157704307412613,>=,0.05,-1
404,sample9_44h.json,151,165,0,0,TN,0.5654015389364007,>=,0.05,-1
405,sample9_44h.json,151,166,0,0,TN,0.26393006535063057,>=,0.05,-1
406,sample9_44h.json,151,167,0,0,TN,0.29834842690121954,>=,0.05,-1
407,sample9_44h.json,151,168,0,0,TN,0.5850523011035559,>=,0.05,-1
408,sample9_44h.json,152,159,0,0,TN,0.25073640578413936,>=,0.05,-1
409,sample9_44h.json,152,160,1,0,FN,0.07598172614735699,>=,0.05,20
410,sample9_44h.json,152,174,0,1,FP,0.6376608842023661,>=,0.05,-1
411,sample9_44h.json,153,159,1,0,FN,0.35259193129756594,>=,0.05,8
412,sample9_44h.json,153,161,0,0,TN,0.36337364794280735,>=,0.05,-1
413,sample9_44h.json,153,170,0,0,TN,0.30257261905615607,>=,0.05,-1
414,sample9_44h.json,154,156,1,0,FN,0.061612427338894826,>=,0.05,18
415,sample9_44h.json,154,162,0,0,TN,0.3957052958205507,>=,0.05,-1
416,sample9_44h.json,154,171,0,0,TN,0.1428764241486209,>=,0.05,-1
417,sample9_44h.json,154,172,0,0,TN,0.6335822144641485,>=,0.05,-1
418,sample9_44h.json,154,175,0,0,TN,0.3190376799059732,>=,0.05,-1
419,sample9_44h.json,155,158,0,0,TN,0.8426972667760146,>=,0.05,-1
420,sample9_44h.json,156,166,0,0,TN,0.4739623604475839,>=,0.05,-1
421,sample9_44h.json,156,172,0,1,FP,0.8085093979863365,>=,0.05,-1
422,sample9_44h.json,157,160,0,0,TN,0.19180593850066163,>=,0.05,-1
423,sample9_44h.json,158,163,0,0,TN,0.7843857217712167,>=,0.05,-1
424,sample9_44h.json,158,165,0,0,TN,0.17465992176572964,>=,0.05,-1
425,sample9_44h.json,158,173,0,0,TN,0.013683685276515645,>=,0.05,-1
426,sample9_44h.json,159,170,0,1,FP,0.5281270014102099,>=,0.05,-1
427,sample9_44h.json,159,174,0,0,TN,0.41223024608673675,>=,0.05,-1
428,sample9_44h.json,160,174,0,0,TN,0.21791622245151332,>=,0.05,-1
429,sample9_44h.json,161,162,1,1,TP,0.9484688761572437,>=,0.05,2
430,sample9_44h.json,161,170,0,0,TN,0.5768724637054933,>=,0.05,-1
431,sample9_44h.json,161,171,0,0,TN,0.8561614117865923,>=,0.05,-1
432,sample9_44h.json,161,176,0,0,TN,0.05244247799861779,>=,0.05,-1
433,sample9_44h.json,162,171,0,0,TN,0.16511019884124567,>=,0.05,-1
434,sample9_44h.json,163,164,0,0,TN,0.24396732797884446,>=,0.05,-1
435,sample9_44h.json,163,173,0,0,TN,0.09420414001550936,>=,0.05,-1
436,sample9_44h.json,163,177,0,1,FP,0.9926157376572757,>=,0.05,-1
437,sample9_44h.json,163,178,0,0,TN,0.4081359721933012,>=,0.05,-1
438,sample9_44h.json,164,169,1,0,FN,0.09759015289318851,>=,0.05,12
439,sample9_44h.json,164,178,0,0,TN,0.4469648095490193,>=,0.05,-1
440,sample9_44h.json,165,167,0,1,FP,0.9655439918131523,>=,0.05,-1
441,sample9_44h.json,165,173,0,0,TN,0.5918113502089987,>=,0.05,-1
442,sample9_44h.json,165,182,0,0,TN,0.939765271893979,>=,0.05,-1
443,sample9_44h.json,165,185,0,0,TN,0.14198605539049935,>=,0.05,-1
444,sample9_44h.json,165,187,0,0,TN,0.7173495031230586,>=,0.05,-1
445,sample9_44h.json,166,168,0,1,FP,0.7135644376744893,>=,0.05,-1
446,sample9_44h.json,166,172,1,0,FN,0.5379385449274734,>=,0.05,8
447,sample9_44h.json,166,183,0,0,TN,0.2466613772841244,>=,0.05,-1
448,sample9_44h.json,167,168,1,0,FN,0.4214594144207233,>=,0.05,2
449,sample9_44h.json,167,185,0,0,TN,0.5193555092350179,>=,0.05,-1
450,sample9_44h.json,168,183,0,0,TN,0.8622649342320392,>=,0.05,-1
451,sample9_44h.json,168,185,0,0,TN,0.5408129005117338,>=,0.05,-1
452,sample9_44h.json,169,178,0,1,FP,0.8113228572523705,>=,0.05,-1
453,sample9_44h.json,170,176,0,0,TN,0.3211464629835721,>=,0.05,-1
454,sample9_44h.json,170,179,0,0,TN,0.3234905870556338,>=,0.05,-1
455,sample9_44h.json,170,180,0,0,TN,0.6615534416155395,>=,0.05,-1
456,sample9_44h.json,171,175,1,0,FN,0.9949934194211573,>=,0.05,2
457,sample9_44h.json,171,176,0,0,TN,0.10425489074862693,>=,0.05,-1
458,sample9_44h.json,171,181,0,1,FP,0.8765771171622146,>=,0.05,-1
459,sample9_44h.json,171,184,0,0,TN,0.08595092271570026,>=,0.05,-1
460,sample9_44h.json,171,188,0,0,TN,0.9313122688778319,>=,0.05,-1
461,sample9_44h.json,172,175,0,0,TN,0.4354192643234601,>=,0.05,-1
462,sample9_44h.json,172,183,0,0,TN,0.4325948056015474,>=,0.05,-1
463,sample9_44h.json,172,186,0,0,TN,0.4333236863185047,>=,0.05,-1
464,sample9_44h.json,173,177,1,0,FN,0.34355911181831,>=,0.05,12
465,sample9_44h.json,173,182,0,1,FP,0.4258988312794534,>=,0.05,-1
466,sample9_44h.json,175,186,0,1,FP,0.8245700704658843,>=,0.05,-1
467,sample9_44h.json,175,188,0,0,TN,0.6554501324592577,>=,0.05,-1
468,sample9_44h.json,176,179,0,0,TN,0.08683264620094977,>=,0.05,-1
469,sample9_44h.json,176,181,0,0,TN,0.36696384092293866,>=,0.05,-1
470,sample9_44h.json,176,189,0,1,FP,0.9169341449510143,>=,0.05,-1
471,sample9_44h.json,177,178,0,0,TN,0.7544505946911443,>=,0.05,-1
472,sample9_44h.json,177,182,0,0,TN,0.8406065551532156,>=,0.05,-1
473,sample9_44h.json,178,182,0,0,TN,0.9767846516885432,>=,0.05,-1
474,sample9_44h.json,179,180,1,1,TP,0.9543681737585552,>=,0.05,16
475,sample9_44h.json,179,189,0,0,TN,0.5055140103737967,>=,0.05,-1
476,sample9_44h.json,179,191,0,0,TN,0.7173809828493899,>=,0.05,-1
477,sample9_44h.json,181,184,1,0,FN,0.22069968474484192,>=,0.05,16
478,sample9_44h.json,181,189,0,0,TN,0.4877802817195743,>=,0.05,-1
479,sample9_44h.json,182,187,0,0,TN,0.7310753102499582,>=,0.05,-1
480,sample9_44h.json,182,197,0,0,TN,0.12052085243922261,>=,0.05,-1
481,sample9_44h.json,183,185,0,1,FP,0.5919643951711552,>=,0.05,-1
482,sample9_44h.json,183,186,0,0,TN,0.7338217769920666,>=,0.05,-1
483,sample9_44h.json,184,188,0,0,TN,0.06698942832370414,>=,0.05,-1
484,sample9_44h.json,184,189,0,0,TN,0.20518772891673875,>=,0.05,-1
485,sample9_44h.json,185,187,0,0,TN,0.11377906444322627,>=,0.05,-1
486,sample9_44h.json,185,197,0,0,TN,0.5534954172086157,>=,0.05,-1
487,sample9_44h.json,186,188,1,0,FN,0.42454454446991896,>=,0.05,2
488,sample9_44h.json,186,194,0,0,TN,0.45913789841657393,>=,0.05,-1
489,sample9_44h.json,187,197,1,1,TP,0.9602260908830272,>=,0.05,16
490,sample9_44h.json,188,189,0,0,TN,0.5449149748081458,>=,0.05,-1
491,sample9_44h.json,188,193,0,1,FP,0.9816636538484994,>=,0.05,-1
492,sample9_44h.json,188,194,0,0,TN,0.11015797969713703,>=,0.05,-1
493,sample9_44h.json,189,191,0,0,TN,0.20826660396883478,>=,0.05,-1
494,sample9_44h.json,189,193,0,0,TN,0.2119687415946614,>=,0.05,-1
495,sample9_44h.json,189,195,0,0,TN,0.10819014266161864,>=,0.05,-1
496,sample9_44h.json,191,195,0,1,FP,0.9668153395808594,>=,0.05,-1
497,sample9_44h.json,193,195,1,0,FN,0.7710875112643941,>=,0.05,12
498,sample9_44h.json,199,200,0,1,FP,0.7048096442153351,>=,0.05,-1
