job_index,split_index,split_id,model_name,feature_mode,status,elapsed_seconds,worker_pid,worker_log,summary_json,error
1,0,split_001,lr,all,succeeded,192.82752793096006,3101763,output/all_satisfying_primordia_splits/split_001/models/all/lr/worker.log,output/all_satisfying_primordia_splits/split_001/models/all/lr/training_summary.json,
2,0,split_001,svm,all,succeeded,162.5035559143871,3101764,output/all_satisfying_primordia_splits/split_001/models/all/svm/worker.log,output/all_satisfying_primordia_splits/split_001/models/all/svm/training_summary.json,
3,0,split_001,xgboost,all,succeeded,189.83744448050857,3101765,output/all_satisfying_primordia_splits/split_001/models/all/xgboost/worker.log,output/all_satisfying_primordia_splits/split_001/models/all/xgboost/training_summary.json,
4,0,split_001,lightgbm,all,succeeded,225.35511022433639,3101767,output/all_satisfying_primordia_splits/split_001/models/all/lightgbm/worker.log,output/all_satisfying_primordia_splits/split_001/models/all/lightgbm/training_summary.json,
5,0,split_001,lr,selected4,succeeded,200.3515532054007,3101768,output/all_satisfying_primordia_splits/split_001/models/selected4/lr/worker.log,output/all_satisfying_primordia_splits/split_001/models/selected4/lr/training_summary.json,
6,0,split_001,svm,selected4,succeeded,163.83607179112732,3101769,output/all_satisfying_primordia_splits/split_001/models/selected4/svm/worker.log,output/all_satisfying_primordia_splits/split_001/models/selected4/svm/training_summary.json,
7,0,split_001,xgboost,selected4,succeeded,183.21040612459183,3101771,output/all_satisfying_primordia_splits/split_001/models/selected4/xgboost/worker.log,output/all_satisfying_primordia_splits/split_001/models/selected4/xgboost/training_summary.json,
8,0,split_001,lightgbm,selected4,succeeded,189.38679514825344,3101772,output/all_satisfying_primordia_splits/split_001/models/selected4/lightgbm/worker.log,output/all_satisfying_primordia_splits/split_001/models/selected4/lightgbm/training_summary.json,
9,1,split_002,lr,all,succeeded,196.4975924566388,3101773,output/all_satisfying_primordia_splits/split_002/models/all/lr/worker.log,output/all_satisfying_primordia_splits/split_002/models/all/lr/training_summary.json,
10,1,split_002,svm,all,succeeded,162.10492602735758,3101774,output/all_satisfying_primordia_splits/split_002/models/all/svm/worker.log,output/all_satisfying_primordia_splits/split_002/models/all/svm/training_summary.json,
11,1,split_002,xgboost,all,succeeded,195.85599436238408,3101775,output/all_satisfying_primordia_splits/split_002/models/all/xgboost/worker.log,output/all_satisfying_primordia_splits/split_002/models/all/xgboost/training_summary.json,
12,1,split_002,lightgbm,all,succeeded,228.189245544374,3101776,output/all_satisfying_primordia_splits/split_002/models/all/lightgbm/worker.log,output/all_satisfying_primordia_splits/split_002/models/all/lightgbm/training_summary.json,
13,1,split_002,lr,selected4,succeeded,208.3645275067538,3101777,output/all_satisfying_primordia_splits/split_002/models/selected4/lr/worker.log,output/all_satisfying_primordia_splits/split_002/models/selected4/lr/training_summary.json,
14,1,split_002,svm,selected4,succeeded,162.7597192786634,3101778,output/all_satisfying_primordia_splits/split_002/models/selected4/svm/worker.log,output/all_satisfying_primordia_splits/split_002/models/selected4/svm/training_summary.json,
15,1,split_002,xgboost,selected4,succeeded,184.58568867109716,3101779,output/all_satisfying_primordia_splits/split_002/models/selected4/xgboost/worker.log,output/all_satisfying_primordia_splits/split_002/models/selected4/xgboost/training_summary.json,
16,1,split_002,lightgbm,selected4,succeeded,199.54811879619956,3101780,output/all_satisfying_primordia_splits/split_002/models/selected4/lightgbm/worker.log,output/all_satisfying_primordia_splits/split_002/models/selected4/lightgbm/training_summary.json,
17,2,split_003,lr,all,succeeded,197.7953186556697,3101781,output/all_satisfying_primordia_splits/split_003/models/all/lr/worker.log,output/all_satisfying_primordia_splits/split_003/models/all/lr/training_summary.json,
18,2,split_003,svm,all,succeeded,161.72282945923507,3101782,output/all_satisfying_primordia_splits/split_003/models/all/svm/worker.log,output/all_satisfying_primordia_splits/split_003/models/all/svm/training_summary.json,
19,2,split_003,xgboost,all,succeeded,188.7599227875471,3101783,output/all_satisfying_primordia_splits/split_003/models/all/xgboost/worker.log,output/all_satisfying_primordia_splits/split_003/models/all/xgboost/training_summary.json,
20,2,split_003,lightgbm,all,succeeded,230.77766107954085,3101784,output/all_satisfying_primordia_splits/split_003/models/all/lightgbm/worker.log,output/all_satisfying_primordia_splits/split_003/models/all/lightgbm/training_summary.json,
21,2,split_003,lr,selected4,succeeded,203.89810240268707,3101785,output/all_satisfying_primordia_splits/split_003/models/selected4/lr/worker.log,output/all_satisfying_primordia_splits/split_003/models/selected4/lr/training_summary.json,
22,2,split_003,svm,selected4,succeeded,162.38715572468936,3101786,output/all_satisfying_primordia_splits/split_003/models/selected4/svm/worker.log,output/all_satisfying_primordia_splits/split_003/models/selected4/svm/training_summary.json,
23,2,split_003,xgboost,selected4,succeeded,180.5061556454748,3101787,output/all_satisfying_primordia_splits/split_003/models/selected4/xgboost/worker.log,output/all_satisfying_primordia_splits/split_003/models/selected4/xgboost/training_summary.json,
24,2,split_003,lightgbm,selected4,succeeded,192.60931812040508,3101788,output/all_satisfying_primordia_splits/split_003/models/selected4/lightgbm/worker.log,output/all_satisfying_primordia_splits/split_003/models/selected4/lightgbm/training_summary.json,
25,3,split_004,lr,all,succeeded,193.69816863909364,3101789,output/all_satisfying_primordia_splits/split_004/models/all/lr/worker.log,output/all_satisfying_primordia_splits/split_004/models/all/lr/training_summary.json,
26,3,split_004,svm,all,succeeded,158.521156989038,3101790,output/all_satisfying_primordia_splits/split_004/models/all/svm/worker.log,output/all_satisfying_primordia_splits/split_004/models/all/svm/training_summary.json,
27,3,split_004,xgboost,all,succeeded,196.00784032978117,3101791,output/all_satisfying_primordia_splits/split_004/models/all/xgboost/worker.log,output/all_satisfying_primordia_splits/split_004/models/all/xgboost/training_summary.json,
28,3,split_004,lightgbm,all,succeeded,224.3824792150408,3101792,output/all_satisfying_primordia_splits/split_004/models/all/lightgbm/worker.log,output/all_satisfying_primordia_splits/split_004/models/all/lightgbm/training_summary.json,
29,3,split_004,lr,selected4,succeeded,206.74030254222453,3101793,output/all_satisfying_primordia_splits/split_004/models/selected4/lr/worker.log,output/all_satisfying_primordia_splits/split_004/models/selected4/lr/training_summary.json,
30,3,split_004,svm,selected4,succeeded,159.6196313612163,3101794,output/all_satisfying_primordia_splits/split_004/models/selected4/svm/worker.log,output/all_satisfying_primordia_splits/split_004/models/selected4/svm/training_summary.json,
31,3,split_004,xgboost,selected4,succeeded,179.06495251506567,3101795,output/all_satisfying_primordia_splits/split_004/models/selected4/xgboost/worker.log,output/all_satisfying_primordia_splits/split_004/models/selected4/xgboost/training_summary.json,
32,3,split_004,lightgbm,selected4,succeeded,196.0205944608897,3101796,output/all_satisfying_primordia_splits/split_004/models/selected4/lightgbm/worker.log,output/all_satisfying_primordia_splits/split_004/models/selected4/lightgbm/training_summary.json,
33,4,split_005,lr,all,succeeded,189.6873357091099,3101797,output/all_satisfying_primordia_splits/split_005/models/all/lr/worker.log,output/all_satisfying_primordia_splits/split_005/models/all/lr/training_summary.json,
34,4,split_005,svm,all,succeeded,161.1981944758445,3101798,output/all_satisfying_primordia_splits/split_005/models/all/svm/worker.log,output/all_satisfying_primordia_splits/split_005/models/all/svm/training_summary.json,
35,4,split_005,xgboost,all,succeeded,190.21573940850794,3101799,output/all_satisfying_primordia_splits/split_005/models/all/xgboost/worker.log,output/all_satisfying_primordia_splits/split_005/models/all/xgboost/training_summary.json,
36,4,split_005,lightgbm,all,succeeded,221.64733665250242,3101800,output/all_satisfying_primordia_splits/split_005/models/all/lightgbm/worker.log,output/all_satisfying_primordia_splits/split_005/models/all/lightgbm/training_summary.json,
37,4,split_005,lr,selected4,succeeded,215.7143212016672,3101790,output/all_satisfying_primordia_splits/split_005/models/selected4/lr/worker.log,output/all_satisfying_primordia_splits/split_005/models/selected4/lr/training_summary.json,
38,4,split_005,svm,selected4,succeeded,172.91473690792918,3101794,output/all_satisfying_primordia_splits/split_005/models/selected4/svm/worker.log,output/all_satisfying_primordia_splits/split_005/models/selected4/svm/training_summary.json,
39,4,split_005,xgboost,selected4,succeeded,194.9036262128502,3101798,output/all_satisfying_primordia_splits/split_005/models/selected4/xgboost/worker.log,output/all_satisfying_primordia_splits/split_005/models/selected4/xgboost/training_summary.json,
40,4,split_005,lightgbm,selected4,succeeded,204.19792676903307,3101782,output/all_satisfying_primordia_splits/split_005/models/selected4/lightgbm/worker.log,output/all_satisfying_primordia_splits/split_005/models/selected4/lightgbm/training_summary.json,
41,5,split_006,lr,all,succeeded,205.77860247530043,3101774,output/all_satisfying_primordia_splits/split_006/models/all/lr/worker.log,output/all_satisfying_primordia_splits/split_006/models/all/lr/training_summary.json,
42,5,split_006,svm,all,succeeded,170.66398531198502,3101786,output/all_satisfying_primordia_splits/split_006/models/all/svm/worker.log,output/all_satisfying_primordia_splits/split_006/models/all/svm/training_summary.json,
43,5,split_006,xgboost,all,succeeded,200.9413090404123,3101764,output/all_satisfying_primordia_splits/split_006/models/all/xgboost/worker.log,output/all_satisfying_primordia_splits/split_006/models/all/xgboost/training_summary.json,
44,5,split_006,lightgbm,all,succeeded,235.3528924509883,3101778,output/all_satisfying_primordia_splits/split_006/models/all/lightgbm/worker.log,output/all_satisfying_primordia_splits/split_006/models/all/lightgbm/training_summary.json,
45,5,split_006,lr,selected4,succeeded,209.6193659454584,3101769,output/all_satisfying_primordia_splits/split_006/models/selected4/lr/worker.log,output/all_satisfying_primordia_splits/split_006/models/selected4/lr/training_summary.json,
46,5,split_006,svm,selected4,succeeded,167.72837215289474,3101795,output/all_satisfying_primordia_splits/split_006/models/selected4/svm/worker.log,output/all_satisfying_primordia_splits/split_006/models/selected4/svm/training_summary.json,
47,5,split_006,xgboost,selected4,succeeded,189.42367785051465,3101787,output/all_satisfying_primordia_splits/split_006/models/selected4/xgboost/worker.log,output/all_satisfying_primordia_splits/split_006/models/selected4/xgboost/training_summary.json,
48,5,split_006,lightgbm,selected4,succeeded,198.11643436923623,3101771,output/all_satisfying_primordia_splits/split_006/models/selected4/lightgbm/worker.log,output/all_satisfying_primordia_splits/split_006/models/selected4/lightgbm/training_summary.json,
49,6,split_007,lr,all,succeeded,201.75801578350365,3101779,output/all_satisfying_primordia_splits/split_007/models/all/lr/worker.log,output/all_satisfying_primordia_splits/split_007/models/all/lr/training_summary.json,
50,6,split_007,svm,all,succeeded,168.29269054345787,3101783,output/all_satisfying_primordia_splits/split_007/models/all/svm/worker.log,output/all_satisfying_primordia_splits/split_007/models/all/svm/training_summary.json,
51,6,split_007,xgboost,all,succeeded,197.79341888427734,3101772,output/all_satisfying_primordia_splits/split_007/models/all/xgboost/worker.log,output/all_satisfying_primordia_splits/split_007/models/all/xgboost/training_summary.json,
52,6,split_007,lightgbm,all,succeeded,236.93078413419425,3101797,output/all_satisfying_primordia_splits/split_007/models/all/lightgbm/worker.log,output/all_satisfying_primordia_splits/split_007/models/all/lightgbm/training_summary.json,
53,6,split_007,lr,selected4,succeeded,214.8825170248747,3101765,output/all_satisfying_primordia_splits/split_007/models/selected4/lr/worker.log,output/all_satisfying_primordia_splits/split_007/models/selected4/lr/training_summary.json,
54,6,split_007,svm,selected4,succeeded,171.56267536990345,3101799,output/all_satisfying_primordia_splits/split_007/models/selected4/svm/worker.log,output/all_satisfying_primordia_splits/split_007/models/selected4/svm/training_summary.json,
55,6,split_007,xgboost,selected4,succeeded,189.0108238849789,3101788,output/all_satisfying_primordia_splits/split_007/models/selected4/xgboost/worker.log,output/all_satisfying_primordia_splits/split_007/models/selected4/xgboost/training_summary.json,
56,6,split_007,lightgbm,selected4,succeeded,202.32952632382512,3101763,output/all_satisfying_primordia_splits/split_007/models/selected4/lightgbm/worker.log,output/all_satisfying_primordia_splits/split_007/models/selected4/lightgbm/training_summary.json,
57,7,split_008,lr,all,succeeded,208.01839786954224,3101789,output/all_satisfying_primordia_splits/split_008/models/all/lr/worker.log,output/all_satisfying_primordia_splits/split_008/models/all/lr/training_summary.json,
58,7,split_008,svm,all,succeeded,178.36410549283028,3101775,output/all_satisfying_primordia_splits/split_008/models/all/svm/worker.log,output/all_satisfying_primordia_splits/split_008/models/all/svm/training_summary.json,
59,7,split_008,xgboost,all,succeeded,201.1409957613796,3101791,output/all_satisfying_primordia_splits/split_008/models/all/xgboost/worker.log,output/all_satisfying_primordia_splits/split_008/models/all/xgboost/training_summary.json,
60,7,split_008,lightgbm,all,succeeded,236.2530573271215,3101796,output/all_satisfying_primordia_splits/split_008/models/all/lightgbm/worker.log,output/all_satisfying_primordia_splits/split_008/models/all/lightgbm/training_summary.json,
61,7,split_008,lr,selected4,succeeded,214.34416501782835,3101773,output/all_satisfying_primordia_splits/split_008/models/selected4/lr/worker.log,output/all_satisfying_primordia_splits/split_008/models/selected4/lr/training_summary.json,
62,7,split_008,svm,selected4,succeeded,174.10398671589792,3101781,output/all_satisfying_primordia_splits/split_008/models/selected4/svm/worker.log,output/all_satisfying_primordia_splits/split_008/models/selected4/svm/training_summary.json,
63,7,split_008,xgboost,selected4,succeeded,204.50655935145915,3101780,output/all_satisfying_primordia_splits/split_008/models/selected4/xgboost/worker.log,output/all_satisfying_primordia_splits/split_008/models/selected4/xgboost/training_summary.json,
64,7,split_008,lightgbm,selected4,succeeded,204.47453696653247,3101768,output/all_satisfying_primordia_splits/split_008/models/selected4/lightgbm/worker.log,output/all_satisfying_primordia_splits/split_008/models/selected4/lightgbm/training_summary.json,
65,8,split_009,lr,all,succeeded,211.18027859926224,3101785,output/all_satisfying_primordia_splits/split_009/models/all/lr/worker.log,output/all_satisfying_primordia_splits/split_009/models/all/lr/training_summary.json,
66,8,split_009,svm,all,succeeded,176.5761438794434,3101793,output/all_satisfying_primordia_splits/split_009/models/all/svm/worker.log,output/all_satisfying_primordia_splits/split_009/models/all/svm/training_summary.json,
67,8,split_009,xgboost,all,succeeded,203.07803260162473,3101777,output/all_satisfying_primordia_splits/split_009/models/all/xgboost/worker.log,output/all_satisfying_primordia_splits/split_009/models/all/xgboost/training_summary.json,
68,8,split_009,lightgbm,all,succeeded,244.3202603198588,3101800,output/all_satisfying_primordia_splits/split_009/models/all/lightgbm/worker.log,output/all_satisfying_primordia_splits/split_009/models/all/lightgbm/training_summary.json,
69,8,split_009,lr,selected4,succeeded,219.97974551655352,3101792,output/all_satisfying_primordia_splits/split_009/models/selected4/lr/worker.log,output/all_satisfying_primordia_splits/split_009/models/selected4/lr/training_summary.json,
70,8,split_009,svm,selected4,succeeded,175.70681725256145,3101767,output/all_satisfying_primordia_splits/split_009/models/selected4/svm/worker.log,output/all_satisfying_primordia_splits/split_009/models/selected4/svm/training_summary.json,
71,8,split_009,xgboost,selected4,succeeded,197.44320072419941,3101776,output/all_satisfying_primordia_splits/split_009/models/selected4/xgboost/worker.log,output/all_satisfying_primordia_splits/split_009/models/selected4/xgboost/training_summary.json,
72,8,split_009,lightgbm,selected4,succeeded,205.86348122544587,3101784,output/all_satisfying_primordia_splits/split_009/models/selected4/lightgbm/worker.log,output/all_satisfying_primordia_splits/split_009/models/selected4/lightgbm/training_summary.json,
73,9,split_010,lr,all,succeeded,206.0331724602729,3101794,output/all_satisfying_primordia_splits/split_010/models/all/lr/worker.log,output/all_satisfying_primordia_splits/split_010/models/all/lr/training_summary.json,
74,9,split_010,svm,all,succeeded,176.89767275750637,3101786,output/all_satisfying_primordia_splits/split_010/models/all/svm/worker.log,output/all_satisfying_primordia_splits/split_010/models/all/svm/training_summary.json,
75,9,split_010,xgboost,all,succeeded,202.27370181307197,3101795,output/all_satisfying_primordia_splits/split_010/models/all/xgboost/worker.log,output/all_satisfying_primordia_splits/split_010/models/all/xgboost/training_summary.json,
76,9,split_010,lightgbm,all,succeeded,243.4886656999588,3101798,output/all_satisfying_primordia_splits/split_010/models/all/lightgbm/worker.log,output/all_satisfying_primordia_splits/split_010/models/all/lightgbm/training_summary.json,
77,9,split_010,lr,selected4,succeeded,216.19888354092836,3101783,output/all_satisfying_primordia_splits/split_010/models/selected4/lr/worker.log,output/all_satisfying_primordia_splits/split_010/models/selected4/lr/training_summary.json,
78,9,split_010,svm,selected4,succeeded,176.125019909814,3101799,output/all_satisfying_primordia_splits/split_010/models/selected4/svm/worker.log,output/all_satisfying_primordia_splits/split_010/models/selected4/svm/training_summary.json,
79,9,split_010,xgboost,selected4,succeeded,193.45509883202612,3101764,output/all_satisfying_primordia_splits/split_010/models/selected4/xgboost/worker.log,output/all_satisfying_primordia_splits/split_010/models/selected4/xgboost/training_summary.json,
80,9,split_010,lightgbm,selected4,succeeded,201.82578317821026,3101782,output/all_satisfying_primordia_splits/split_010/models/selected4/lightgbm/worker.log,output/all_satisfying_primordia_splits/split_010/models/selected4/lightgbm/training_summary.json,
81,10,split_011,lr,all,succeeded,212.50681771710515,3101774,output/all_satisfying_primordia_splits/split_011/models/all/lr/worker.log,output/all_satisfying_primordia_splits/split_011/models/all/lr/training_summary.json,
82,10,split_011,svm,all,succeeded,172.09786632470787,3101787,output/all_satisfying_primordia_splits/split_011/models/all/svm/worker.log,output/all_satisfying_primordia_splits/split_011/models/all/svm/training_summary.json,
83,10,split_011,xgboost,all,succeeded,207.53529369086027,3101781,output/all_satisfying_primordia_splits/split_011/models/all/xgboost/worker.log,output/all_satisfying_primordia_splits/split_011/models/all/xgboost/training_summary.json,
84,10,split_011,lightgbm,all,succeeded,242.26376770623028,3101769,output/all_satisfying_primordia_splits/split_011/models/all/lightgbm/worker.log,output/all_satisfying_primordia_splits/split_011/models/all/lightgbm/training_summary.json,
85,10,split_011,lr,selected4,succeeded,218.90155057422817,3101775,output/all_satisfying_primordia_splits/split_011/models/selected4/lr/worker.log,output/all_satisfying_primordia_splits/split_011/models/selected4/lr/training_summary.json,
86,10,split_011,svm,selected4,succeeded,170.79395788908005,3101790,output/all_satisfying_primordia_splits/split_011/models/selected4/svm/worker.log,output/all_satisfying_primordia_splits/split_011/models/selected4/svm/training_summary.json,
87,10,split_011,xgboost,selected4,succeeded,195.14873001538217,3101771,output/all_satisfying_primordia_splits/split_011/models/selected4/xgboost/worker.log,output/all_satisfying_primordia_splits/split_011/models/selected4/xgboost/training_summary.json,
88,10,split_011,lightgbm,selected4,succeeded,202.0953293479979,3101788,output/all_satisfying_primordia_splits/split_011/models/selected4/lightgbm/worker.log,output/all_satisfying_primordia_splits/split_011/models/selected4/lightgbm/training_summary.json,
89,11,split_012,lr,all,succeeded,208.17934868112206,3101793,output/all_satisfying_primordia_splits/split_012/models/all/lr/worker.log,output/all_satisfying_primordia_splits/split_012/models/all/lr/training_summary.json,
90,11,split_012,svm,all,succeeded,172.86508146859705,3101779,output/all_satisfying_primordia_splits/split_012/models/all/svm/worker.log,output/all_satisfying_primordia_splits/split_012/models/all/svm/training_summary.json,
91,11,split_012,xgboost,all,succeeded,203.29339334741235,3101772,output/all_satisfying_primordia_splits/split_012/models/all/xgboost/worker.log,output/all_satisfying_primordia_splits/split_012/models/all/xgboost/training_summary.json,
92,11,split_012,lightgbm,all,succeeded,240.2986517008394,3101763,output/all_satisfying_primordia_splits/split_012/models/all/lightgbm/worker.log,output/all_satisfying_primordia_splits/split_012/models/all/lightgbm/training_summary.json,
93,11,split_012,lr,selected4,succeeded,222.89809066057205,3101791,output/all_satisfying_primordia_splits/split_012/models/selected4/lr/worker.log,output/all_satisfying_primordia_splits/split_012/models/selected4/lr/training_summary.json,
94,11,split_012,svm,selected4,succeeded,175.9748534988612,3101778,output/all_satisfying_primordia_splits/split_012/models/selected4/svm/worker.log,output/all_satisfying_primordia_splits/split_012/models/selected4/svm/training_summary.json,
95,11,split_012,xgboost,selected4,succeeded,194.9619431272149,3101767,output/all_satisfying_primordia_splits/split_012/models/selected4/xgboost/worker.log,output/all_satisfying_primordia_splits/split_012/models/selected4/xgboost/training_summary.json,
96,11,split_012,lightgbm,selected4,succeeded,204.28961017169058,3101789,output/all_satisfying_primordia_splits/split_012/models/selected4/lightgbm/worker.log,output/all_satisfying_primordia_splits/split_012/models/selected4/lightgbm/training_summary.json,
97,12,split_013,lr,all,succeeded,207.91888431087136,3101780,output/all_satisfying_primordia_splits/split_013/models/all/lr/worker.log,output/all_satisfying_primordia_splits/split_013/models/all/lr/training_summary.json,
98,12,split_013,svm,all,succeeded,174.77619912475348,3101765,output/all_satisfying_primordia_splits/split_013/models/all/svm/worker.log,output/all_satisfying_primordia_splits/split_013/models/all/svm/training_summary.json,
99,12,split_013,xgboost,all,succeeded,203.2256760261953,3101768,output/all_satisfying_primordia_splits/split_013/models/all/xgboost/worker.log,output/all_satisfying_primordia_splits/split_013/models/all/xgboost/training_summary.json,
100,12,split_013,lightgbm,all,succeeded,240.4470867384225,3101773,output/all_satisfying_primordia_splits/split_013/models/all/lightgbm/worker.log,output/all_satisfying_primordia_splits/split_013/models/all/lightgbm/training_summary.json,
101,12,split_013,lr,selected4,succeeded,219.4346819911152,3101777,output/all_satisfying_primordia_splits/split_013/models/selected4/lr/worker.log,output/all_satisfying_primordia_splits/split_013/models/selected4/lr/training_summary.json,
102,12,split_013,svm,selected4,succeeded,172.81300282850862,3101785,output/all_satisfying_primordia_splits/split_013/models/selected4/svm/worker.log,output/all_satisfying_primordia_splits/split_013/models/selected4/svm/training_summary.json,
103,12,split_013,xgboost,selected4,succeeded,194.00671805255115,3101776,output/all_satisfying_primordia_splits/split_013/models/selected4/xgboost/worker.log,output/all_satisfying_primordia_splits/split_013/models/selected4/xgboost/training_summary.json,
104,12,split_013,lightgbm,selected4,succeeded,201.20537833310664,3101797,output/all_satisfying_primordia_splits/split_013/models/selected4/lightgbm/worker.log,output/all_satisfying_primordia_splits/split_013/models/selected4/lightgbm/training_summary.json,
105,13,split_014,lr,all,succeeded,216.4954404104501,3101796,output/all_satisfying_primordia_splits/split_014/models/all/lr/worker.log,output/all_satisfying_primordia_splits/split_014/models/all/lr/training_summary.json,
106,13,split_014,svm,all,succeeded,176.43984591402113,3101784,output/all_satisfying_primordia_splits/split_014/models/all/svm/worker.log,output/all_satisfying_primordia_splits/split_014/models/all/svm/training_summary.json,
107,13,split_014,xgboost,all,succeeded,205.6693465281278,3101792,output/all_satisfying_primordia_splits/split_014/models/all/xgboost/worker.log,output/all_satisfying_primordia_splits/split_014/models/all/xgboost/training_summary.json,
108,13,split_014,lightgbm,all,succeeded,241.6556199155748,3101800,output/all_satisfying_primordia_splits/split_014/models/all/lightgbm/worker.log,output/all_satisfying_primordia_splits/split_014/models/all/lightgbm/training_summary.json,
109,13,split_014,lr,selected4,succeeded,222.1407273877412,3101786,output/all_satisfying_primordia_splits/split_014/models/selected4/lr/worker.log,output/all_satisfying_primordia_splits/split_014/models/selected4/lr/training_summary.json,
110,13,split_014,svm,selected4,succeeded,177.27360114827752,3101799,output/all_satisfying_primordia_splits/split_014/models/selected4/svm/worker.log,output/all_satisfying_primordia_splits/split_014/models/selected4/svm/training_summary.json,
111,13,split_014,xgboost,selected4,succeeded,198.9870755262673,3101794,output/all_satisfying_primordia_splits/split_014/models/selected4/xgboost/worker.log,output/all_satisfying_primordia_splits/split_014/models/selected4/xgboost/training_summary.json,
112,13,split_014,lightgbm,selected4,succeeded,208.30476901493967,3101787,output/all_satisfying_primordia_splits/split_014/models/selected4/lightgbm/worker.log,output/all_satisfying_primordia_splits/split_014/models/selected4/lightgbm/training_summary.json,
113,14,split_015,lr,all,succeeded,208.47593937255442,3101790,output/all_satisfying_primordia_splits/split_015/models/all/lr/worker.log,output/all_satisfying_primordia_splits/split_015/models/all/lr/training_summary.json,
114,14,split_015,svm,all,succeeded,174.61538381688297,3101795,output/all_satisfying_primordia_splits/split_015/models/all/svm/worker.log,output/all_satisfying_primordia_splits/split_015/models/all/svm/training_summary.json,
115,14,split_015,xgboost,all,succeeded,201.92469863034785,3101764,output/all_satisfying_primordia_splits/split_015/models/all/xgboost/worker.log,output/all_satisfying_primordia_splits/split_015/models/all/xgboost/training_summary.json,
116,14,split_015,lightgbm,all,succeeded,242.77462221309543,3101779,output/all_satisfying_primordia_splits/split_015/models/all/lightgbm/worker.log,output/all_satisfying_primordia_splits/split_015/models/all/lightgbm/training_summary.json,
117,14,split_015,lr,selected4,succeeded,218.33494005165994,3101782,output/all_satisfying_primordia_splits/split_015/models/selected4/lr/worker.log,output/all_satisfying_primordia_splits/split_015/models/selected4/lr/training_summary.json,
118,14,split_015,svm,selected4,succeeded,173.68602225370705,3101783,output/all_satisfying_primordia_splits/split_015/models/selected4/svm/worker.log,output/all_satisfying_primordia_splits/split_015/models/selected4/svm/training_summary.json,
119,14,split_015,xgboost,selected4,succeeded,192.87617877870798,3101778,output/all_satisfying_primordia_splits/split_015/models/selected4/xgboost/worker.log,output/all_satisfying_primordia_splits/split_015/models/selected4/xgboost/training_summary.json,
120,14,split_015,lightgbm,selected4,succeeded,205.6139583811164,3101771,output/all_satisfying_primordia_splits/split_015/models/selected4/lightgbm/worker.log,output/all_satisfying_primordia_splits/split_015/models/selected4/lightgbm/training_summary.json,
121,15,split_016,lr,all,succeeded,204.48757068999112,3101781,output/all_satisfying_primordia_splits/split_016/models/all/lr/worker.log,output/all_satisfying_primordia_splits/split_016/models/all/lr/training_summary.json,
122,15,split_016,svm,all,succeeded,171.4894031174481,3101765,output/all_satisfying_primordia_splits/split_016/models/all/svm/worker.log,output/all_satisfying_primordia_splits/split_016/models/all/svm/training_summary.json,
123,15,split_016,xgboost,all,succeeded,200.23065007478,3101774,output/all_satisfying_primordia_splits/split_016/models/all/xgboost/worker.log,output/all_satisfying_primordia_splits/split_016/models/all/xgboost/training_summary.json,
124,15,split_016,lightgbm,all,succeeded,234.67174416035414,3101788,output/all_satisfying_primordia_splits/split_016/models/all/lightgbm/worker.log,output/all_satisfying_primordia_splits/split_016/models/all/lightgbm/training_summary.json,
125,15,split_016,lr,selected4,succeeded,209.87191970832646,3101785,output/all_satisfying_primordia_splits/split_016/models/selected4/lr/worker.log,output/all_satisfying_primordia_splits/split_016/models/selected4/lr/training_summary.json,
126,15,split_016,svm,selected4,succeeded,169.2318432237953,3101772,output/all_satisfying_primordia_splits/split_016/models/selected4/svm/worker.log,output/all_satisfying_primordia_splits/split_016/models/selected4/svm/training_summary.json,
127,15,split_016,xgboost,selected4,succeeded,190.26120804995298,3101793,output/all_satisfying_primordia_splits/split_016/models/selected4/xgboost/worker.log,output/all_satisfying_primordia_splits/split_016/models/selected4/xgboost/training_summary.json,
128,15,split_016,lightgbm,selected4,succeeded,200.59867124259472,3101775,output/all_satisfying_primordia_splits/split_016/models/selected4/lightgbm/worker.log,output/all_satisfying_primordia_splits/split_016/models/selected4/lightgbm/training_summary.json,
129,16,split_017,lr,all,succeeded,213.21204125136137,3101767,output/all_satisfying_primordia_splits/split_017/models/all/lr/worker.log,output/all_satisfying_primordia_splits/split_017/models/all/lr/training_summary.json,
130,16,split_017,svm,all,succeeded,174.4520946163684,3101798,output/all_satisfying_primordia_splits/split_017/models/all/svm/worker.log,output/all_satisfying_primordia_splits/split_017/models/all/svm/training_summary.json,
131,16,split_017,xgboost,all,succeeded,203.03419758938253,3101789,output/all_satisfying_primordia_splits/split_017/models/all/xgboost/worker.log,output/all_satisfying_primordia_splits/split_017/models/all/xgboost/training_summary.json,
132,16,split_017,lightgbm,all,succeeded,240.204035859555,3101768,output/all_satisfying_primordia_splits/split_017/models/all/lightgbm/worker.log,output/all_satisfying_primordia_splits/split_017/models/all/lightgbm/training_summary.json,
133,16,split_017,lr,selected4,succeeded,216.45067855715752,3101780,output/all_satisfying_primordia_splits/split_017/models/selected4/lr/worker.log,output/all_satisfying_primordia_splits/split_017/models/selected4/lr/training_summary.json,
134,16,split_017,svm,selected4,succeeded,174.69130478799343,3101784,output/all_satisfying_primordia_splits/split_017/models/selected4/svm/worker.log,output/all_satisfying_primordia_splits/split_017/models/selected4/svm/training_summary.json,
135,16,split_017,xgboost,selected4,succeeded,193.34971969760954,3101769,output/all_satisfying_primordia_splits/split_017/models/selected4/xgboost/worker.log,output/all_satisfying_primordia_splits/split_017/models/selected4/xgboost/training_summary.json,
136,16,split_017,lightgbm,selected4,succeeded,202.3383842073381,3101776,output/all_satisfying_primordia_splits/split_017/models/selected4/lightgbm/worker.log,output/all_satisfying_primordia_splits/split_017/models/selected4/lightgbm/training_summary.json,
137,17,split_018,lr,all,succeeded,210.38976092264056,3101791,output/all_satisfying_primordia_splits/split_018/models/all/lr/worker.log,output/all_satisfying_primordia_splits/split_018/models/all/lr/training_summary.json,
138,17,split_018,svm,all,succeeded,175.36422009207308,3101797,output/all_satisfying_primordia_splits/split_018/models/all/svm/worker.log,output/all_satisfying_primordia_splits/split_018/models/all/svm/training_summary.json,
139,17,split_018,xgboost,all,succeeded,208.25011087022722,3101777,output/all_satisfying_primordia_splits/split_018/models/all/xgboost/worker.log,output/all_satisfying_primordia_splits/split_018/models/all/xgboost/training_summary.json,
140,17,split_018,lightgbm,all,succeeded,241.75984489172697,3101763,output/all_satisfying_primordia_splits/split_018/models/all/lightgbm/worker.log,output/all_satisfying_primordia_splits/split_018/models/all/lightgbm/training_summary.json,
141,17,split_018,lr,selected4,succeeded,217.98386537656188,3101796,output/all_satisfying_primordia_splits/split_018/models/selected4/lr/worker.log,output/all_satisfying_primordia_splits/split_018/models/selected4/lr/training_summary.json,
142,17,split_018,svm,selected4,succeeded,176.04934284836054,3101792,output/all_satisfying_primordia_splits/split_018/models/selected4/svm/worker.log,output/all_satisfying_primordia_splits/split_018/models/selected4/svm/training_summary.json,
143,17,split_018,xgboost,selected4,succeeded,197.2952541168779,3101773,output/all_satisfying_primordia_splits/split_018/models/selected4/xgboost/worker.log,output/all_satisfying_primordia_splits/split_018/models/selected4/xgboost/training_summary.json,
144,17,split_018,lightgbm,selected4,succeeded,206.08872247301042,3101800,output/all_satisfying_primordia_splits/split_018/models/selected4/lightgbm/worker.log,output/all_satisfying_primordia_splits/split_018/models/selected4/lightgbm/training_summary.json,
145,18,split_019,lr,all,succeeded,203.8727721311152,3101799,output/all_satisfying_primordia_splits/split_019/models/all/lr/worker.log,output/all_satisfying_primordia_splits/split_019/models/all/lr/training_summary.json,
146,18,split_019,svm,all,succeeded,168.94319555349648,3101795,output/all_satisfying_primordia_splits/split_019/models/all/svm/worker.log,output/all_satisfying_primordia_splits/split_019/models/all/svm/training_summary.json,
147,18,split_019,xgboost,all,succeeded,203.01074819080532,3101786,output/all_satisfying_primordia_splits/split_019/models/all/xgboost/worker.log,output/all_satisfying_primordia_splits/split_019/models/all/xgboost/training_summary.json,
148,18,split_019,lightgbm,all,succeeded,234.86258471757174,3101794,output/all_satisfying_primordia_splits/split_019/models/all/lightgbm/worker.log,output/all_satisfying_primordia_splits/split_019/models/all/lightgbm/training_summary.json,
149,18,split_019,lr,selected4,succeeded,221.54793799854815,3101783,output/all_satisfying_primordia_splits/split_019/models/selected4/lr/worker.log,output/all_satisfying_primordia_splits/split_019/models/selected4/lr/training_summary.json,
150,18,split_019,svm,selected4,succeeded,169.27098352462053,3101787,output/all_satisfying_primordia_splits/split_019/models/selected4/svm/worker.log,output/all_satisfying_primordia_splits/split_019/models/selected4/svm/training_summary.json,
151,18,split_019,xgboost,selected4,succeeded,189.56117831915617,3101765,output/all_satisfying_primordia_splits/split_019/models/selected4/xgboost/worker.log,output/all_satisfying_primordia_splits/split_019/models/selected4/xgboost/training_summary.json,
152,18,split_019,lightgbm,selected4,succeeded,199.49224248342216,3101790,output/all_satisfying_primordia_splits/split_019/models/selected4/lightgbm/worker.log,output/all_satisfying_primordia_splits/split_019/models/selected4/lightgbm/training_summary.json,
153,19,split_020,lr,all,succeeded,209.1481650006026,3101764,output/all_satisfying_primordia_splits/split_020/models/all/lr/worker.log,output/all_satisfying_primordia_splits/split_020/models/all/lr/training_summary.json,
154,19,split_020,svm,all,succeeded,177.01024296320975,3101772,output/all_satisfying_primordia_splits/split_020/models/all/svm/worker.log,output/all_satisfying_primordia_splits/split_020/models/all/svm/training_summary.json,
155,19,split_020,xgboost,all,succeeded,205.71855115517974,3101778,output/all_satisfying_primordia_splits/split_020/models/all/xgboost/worker.log,output/all_satisfying_primordia_splits/split_020/models/all/xgboost/training_summary.json,
156,19,split_020,lightgbm,all,succeeded,241.22974119707942,3101798,output/all_satisfying_primordia_splits/split_020/models/all/lightgbm/worker.log,output/all_satisfying_primordia_splits/split_020/models/all/lightgbm/training_summary.json,
157,19,split_020,lr,selected4,succeeded,222.98520747572184,3101774,output/all_satisfying_primordia_splits/split_020/models/selected4/lr/worker.log,output/all_satisfying_primordia_splits/split_020/models/selected4/lr/training_summary.json,
158,19,split_020,svm,selected4,succeeded,177.70896866172552,3101793,output/all_satisfying_primordia_splits/split_020/models/selected4/svm/worker.log,output/all_satisfying_primordia_splits/split_020/models/selected4/svm/training_summary.json,
159,19,split_020,xgboost,selected4,succeeded,193.75711641646922,3101771,output/all_satisfying_primordia_splits/split_020/models/selected4/xgboost/worker.log,output/all_satisfying_primordia_splits/split_020/models/selected4/xgboost/training_summary.json,
160,19,split_020,lightgbm,selected4,succeeded,205.8339354917407,3101781,output/all_satisfying_primordia_splits/split_020/models/selected4/lightgbm/worker.log,output/all_satisfying_primordia_splits/split_020/models/selected4/lightgbm/training_summary.json,
161,20,split_021,lr,all,succeeded,200.95065578632057,3101782,output/all_satisfying_primordia_splits/split_021/models/all/lr/worker.log,output/all_satisfying_primordia_splits/split_021/models/all/lr/training_summary.json,
162,20,split_021,svm,all,succeeded,168.66011974029243,3101784,output/all_satisfying_primordia_splits/split_021/models/all/svm/worker.log,output/all_satisfying_primordia_splits/split_021/models/all/svm/training_summary.json,
163,20,split_021,xgboost,all,succeeded,197.04962113685906,3101775,output/all_satisfying_primordia_splits/split_021/models/all/xgboost/worker.log,output/all_satisfying_primordia_splits/split_021/models/all/xgboost/training_summary.json,
164,20,split_021,lightgbm,all,succeeded,236.53187580779195,3101785,output/all_satisfying_primordia_splits/split_021/models/all/lightgbm/worker.log,output/all_satisfying_primordia_splits/split_021/models/all/lightgbm/training_summary.json,
165,20,split_021,lr,selected4,succeeded,211.64560125768185,3101779,output/all_satisfying_primordia_splits/split_021/models/selected4/lr/worker.log,output/all_satisfying_primordia_splits/split_021/models/selected4/lr/training_summary.json,
166,20,split_021,svm,selected4,succeeded,168.39784474857152,3101797,output/all_satisfying_primordia_splits/split_021/models/selected4/svm/worker.log,output/all_satisfying_primordia_splits/split_021/models/selected4/svm/training_summary.json,
167,20,split_021,xgboost,selected4,succeeded,188.81459594145417,3101789,output/all_satisfying_primordia_splits/split_021/models/selected4/xgboost/worker.log,output/all_satisfying_primordia_splits/split_021/models/selected4/xgboost/training_summary.json,
168,20,split_021,lightgbm,selected4,succeeded,196.69882394000888,3101769,output/all_satisfying_primordia_splits/split_021/models/selected4/lightgbm/worker.log,output/all_satisfying_primordia_splits/split_021/models/selected4/lightgbm/training_summary.json,
169,21,split_022,lr,all,succeeded,204.4495300091803,3101767,output/all_satisfying_primordia_splits/split_022/models/all/lr/worker.log,output/all_satisfying_primordia_splits/split_022/models/all/lr/training_summary.json,
170,21,split_022,svm,all,succeeded,172.31531090661883,3101788,output/all_satisfying_primordia_splits/split_022/models/all/svm/worker.log,output/all_satisfying_primordia_splits/split_022/models/all/svm/training_summary.json,
171,21,split_022,xgboost,all,succeeded,200.3965832516551,3101776,output/all_satisfying_primordia_splits/split_022/models/all/xgboost/worker.log,output/all_satisfying_primordia_splits/split_022/models/all/xgboost/training_summary.json,
172,21,split_022,lightgbm,all,succeeded,232.97185127995908,3101792,output/all_satisfying_primordia_splits/split_022/models/all/lightgbm/worker.log,output/all_satisfying_primordia_splits/split_022/models/all/lightgbm/training_summary.json,
173,21,split_022,lr,selected4,succeeded,213.80491072498262,3101780,output/all_satisfying_primordia_splits/split_022/models/selected4/lr/worker.log,output/all_satisfying_primordia_splits/split_022/models/selected4/lr/training_summary.json,
174,21,split_022,svm,selected4,succeeded,171.51862533017993,3101791,output/all_satisfying_primordia_splits/split_022/models/selected4/svm/worker.log,output/all_satisfying_primordia_splits/split_022/models/selected4/svm/training_summary.json,
175,21,split_022,xgboost,selected4,succeeded,193.01071196235716,3101777,output/all_satisfying_primordia_splits/split_022/models/selected4/xgboost/worker.log,output/all_satisfying_primordia_splits/split_022/models/selected4/xgboost/training_summary.json,
176,21,split_022,lightgbm,selected4,succeeded,198.17054571397603,3101768,output/all_satisfying_primordia_splits/split_022/models/selected4/lightgbm/worker.log,output/all_satisfying_primordia_splits/split_022/models/selected4/lightgbm/training_summary.json,
177,22,split_023,lr,all,succeeded,206.2997912634164,3101773,output/all_satisfying_primordia_splits/split_023/models/all/lr/worker.log,output/all_satisfying_primordia_splits/split_023/models/all/lr/training_summary.json,
178,22,split_023,svm,all,succeeded,171.93290235474706,3101796,output/all_satisfying_primordia_splits/split_023/models/all/svm/worker.log,output/all_satisfying_primordia_splits/split_023/models/all/svm/training_summary.json,
179,22,split_023,xgboost,all,succeeded,199.2438928987831,3101763,output/all_satisfying_primordia_splits/split_023/models/all/xgboost/worker.log,output/all_satisfying_primordia_splits/split_023/models/all/xgboost/training_summary.json,
180,22,split_023,lightgbm,all,succeeded,235.39664440229535,3101795,output/all_satisfying_primordia_splits/split_023/models/all/lightgbm/worker.log,output/all_satisfying_primordia_splits/split_023/models/all/lightgbm/training_summary.json,
181,22,split_023,lr,selected4,succeeded,213.45608155615628,3101800,output/all_satisfying_primordia_splits/split_023/models/selected4/lr/worker.log,output/all_satisfying_primordia_splits/split_023/models/selected4/lr/training_summary.json,
182,22,split_023,svm,selected4,succeeded,174.01255849003792,3101799,output/all_satisfying_primordia_splits/split_023/models/selected4/svm/worker.log,output/all_satisfying_primordia_splits/split_023/models/selected4/svm/training_summary.json,
183,22,split_023,xgboost,selected4,succeeded,200.58864288032055,3101787,output/all_satisfying_primordia_splits/split_023/models/selected4/xgboost/worker.log,output/all_satisfying_primordia_splits/split_023/models/selected4/xgboost/training_summary.json,
184,22,split_023,lightgbm,selected4,succeeded,202.40624566748738,3101786,output/all_satisfying_primordia_splits/split_023/models/selected4/lightgbm/worker.log,output/all_satisfying_primordia_splits/split_023/models/selected4/lightgbm/training_summary.json,
185,23,split_024,lr,all,succeeded,207.9132199715823,3101772,output/all_satisfying_primordia_splits/split_024/models/all/lr/worker.log,output/all_satisfying_primordia_splits/split_024/models/all/lr/training_summary.json,
186,23,split_024,svm,all,succeeded,172.7150834593922,3101765,output/all_satisfying_primordia_splits/split_024/models/all/svm/worker.log,output/all_satisfying_primordia_splits/split_024/models/all/svm/training_summary.json,
187,23,split_024,xgboost,all,succeeded,201.8530001770705,3101790,output/all_satisfying_primordia_splits/split_024/models/all/xgboost/worker.log,output/all_satisfying_primordia_splits/split_024/models/all/xgboost/training_summary.json,
188,23,split_024,lightgbm,all,succeeded,236.28612523525953,3101784,output/all_satisfying_primordia_splits/split_024/models/all/lightgbm/worker.log,output/all_satisfying_primordia_splits/split_024/models/all/lightgbm/training_summary.json,
189,23,split_024,lr,selected4,succeeded,221.42135707475245,3101793,output/all_satisfying_primordia_splits/split_024/models/selected4/lr/worker.log,output/all_satisfying_primordia_splits/split_024/models/selected4/lr/training_summary.json,
190,23,split_024,svm,selected4,succeeded,170.8026050645858,3101764,output/all_satisfying_primordia_splits/split_024/models/selected4/svm/worker.log,output/all_satisfying_primordia_splits/split_024/models/selected4/svm/training_summary.json,
191,23,split_024,xgboost,selected4,succeeded,192.37784350849688,3101783,output/all_satisfying_primordia_splits/split_024/models/selected4/xgboost/worker.log,output/all_satisfying_primordia_splits/split_024/models/selected4/xgboost/training_summary.json,
192,23,split_024,lightgbm,selected4,succeeded,204.4048240929842,3101797,output/all_satisfying_primordia_splits/split_024/models/selected4/lightgbm/worker.log,output/all_satisfying_primordia_splits/split_024/models/selected4/lightgbm/training_summary.json,
193,24,split_025,lr,all,succeeded,198.45894922688603,3101794,output/all_satisfying_primordia_splits/split_025/models/all/lr/worker.log,output/all_satisfying_primordia_splits/split_025/models/all/lr/training_summary.json,
194,24,split_025,svm,all,succeeded,171.1807563956827,3101778,output/all_satisfying_primordia_splits/split_025/models/all/svm/worker.log,output/all_satisfying_primordia_splits/split_025/models/all/svm/training_summary.json,
195,24,split_025,xgboost,all,succeeded,196.7459894362837,3101771,output/all_satisfying_primordia_splits/split_025/models/all/xgboost/worker.log,output/all_satisfying_primordia_splits/split_025/models/all/xgboost/training_summary.json,
196,24,split_025,lightgbm,all,succeeded,234.06056302413344,3101782,output/all_satisfying_primordia_splits/split_025/models/all/lightgbm/worker.log,output/all_satisfying_primordia_splits/split_025/models/all/lightgbm/training_summary.json,
197,24,split_025,lr,selected4,succeeded,207.39305387809873,3101781,output/all_satisfying_primordia_splits/split_025/models/selected4/lr/worker.log,output/all_satisfying_primordia_splits/split_025/models/selected4/lr/training_summary.json,
198,24,split_025,svm,selected4,succeeded,166.68130510486662,3101788,output/all_satisfying_primordia_splits/split_025/models/selected4/svm/worker.log,output/all_satisfying_primordia_splits/split_025/models/selected4/svm/training_summary.json,
199,24,split_025,xgboost,selected4,succeeded,185.4574246108532,3101775,output/all_satisfying_primordia_splits/split_025/models/selected4/xgboost/worker.log,output/all_satisfying_primordia_splits/split_025/models/selected4/xgboost/training_summary.json,
200,24,split_025,lightgbm,selected4,succeeded,200.85784585028887,3101789,output/all_satisfying_primordia_splits/split_025/models/selected4/lightgbm/worker.log,output/all_satisfying_primordia_splits/split_025/models/selected4/lightgbm/training_summary.json,
201,25,split_026,lr,all,succeeded,203.06539336033165,3101791,output/all_satisfying_primordia_splits/split_026/models/all/lr/worker.log,output/all_satisfying_primordia_splits/split_026/models/all/lr/training_summary.json,
202,25,split_026,svm,all,succeeded,169.465038029477,3101774,output/all_satisfying_primordia_splits/split_026/models/all/svm/worker.log,output/all_satisfying_primordia_splits/split_026/models/all/svm/training_summary.json,
203,25,split_026,xgboost,all,succeeded,198.6460061967373,3101769,output/all_satisfying_primordia_splits/split_026/models/all/xgboost/worker.log,output/all_satisfying_primordia_splits/split_026/models/all/xgboost/training_summary.json,
204,25,split_026,lightgbm,all,succeeded,235.2259193956852,3101779,output/all_satisfying_primordia_splits/split_026/models/all/lightgbm/worker.log,output/all_satisfying_primordia_splits/split_026/models/all/lightgbm/training_summary.json,
205,25,split_026,lr,selected4,succeeded,215.29968085885048,3101767,output/all_satisfying_primordia_splits/split_026/models/selected4/lr/worker.log,output/all_satisfying_primordia_splits/split_026/models/selected4/lr/training_summary.json,
206,25,split_026,svm,selected4,succeeded,170.25077263265848,3101798,output/all_satisfying_primordia_splits/split_026/models/selected4/svm/worker.log,output/all_satisfying_primordia_splits/split_026/models/selected4/svm/training_summary.json,
207,25,split_026,xgboost,selected4,succeeded,196.35747068747878,3101776,output/all_satisfying_primordia_splits/split_026/models/selected4/xgboost/worker.log,output/all_satisfying_primordia_splits/split_026/models/selected4/xgboost/training_summary.json,
208,25,split_026,lightgbm,selected4,succeeded,198.6322804223746,3101777,output/all_satisfying_primordia_splits/split_026/models/selected4/lightgbm/worker.log,output/all_satisfying_primordia_splits/split_026/models/selected4/lightgbm/training_summary.json,
209,26,split_027,lr,all,succeeded,209.81587311066687,3101785,output/all_satisfying_primordia_splits/split_027/models/all/lr/worker.log,output/all_satisfying_primordia_splits/split_027/models/all/lr/training_summary.json,
210,26,split_027,svm,all,succeeded,174.24878138676286,3101796,output/all_satisfying_primordia_splits/split_027/models/all/svm/worker.log,output/all_satisfying_primordia_splits/split_027/models/all/svm/training_summary.json,
211,26,split_027,xgboost,all,succeeded,204.94225256703794,3101780,output/all_satisfying_primordia_splits/split_027/models/all/xgboost/worker.log,output/all_satisfying_primordia_splits/split_027/models/all/xgboost/training_summary.json,
212,26,split_027,lightgbm,all,succeeded,239.53501424193382,3101768,output/all_satisfying_primordia_splits/split_027/models/all/lightgbm/worker.log,output/all_satisfying_primordia_splits/split_027/models/all/lightgbm/training_summary.json,
213,26,split_027,lr,selected4,succeeded,225.18872905895114,3101773,output/all_satisfying_primordia_splits/split_027/models/selected4/lr/worker.log,output/all_satisfying_primordia_splits/split_027/models/selected4/lr/training_summary.json,
214,26,split_027,svm,selected4,succeeded,176.07901463471353,3101792,output/all_satisfying_primordia_splits/split_027/models/selected4/svm/worker.log,output/all_satisfying_primordia_splits/split_027/models/selected4/svm/training_summary.json,
215,26,split_027,xgboost,selected4,succeeded,194.30399365536869,3101763,output/all_satisfying_primordia_splits/split_027/models/selected4/xgboost/worker.log,output/all_satisfying_primordia_splits/split_027/models/selected4/xgboost/training_summary.json,
216,26,split_027,lightgbm,selected4,succeeded,205.48553736135364,3101799,output/all_satisfying_primordia_splits/split_027/models/selected4/lightgbm/worker.log,output/all_satisfying_primordia_splits/split_027/models/selected4/lightgbm/training_summary.json,
217,27,split_028,lr,all,succeeded,206.5080259013921,3101765,output/all_satisfying_primordia_splits/split_028/models/all/lr/worker.log,output/all_satisfying_primordia_splits/split_028/models/all/lr/training_summary.json,
218,27,split_028,svm,all,succeeded,174.73110411316156,3101787,output/all_satisfying_primordia_splits/split_028/models/all/svm/worker.log,output/all_satisfying_primordia_splits/split_028/models/all/svm/training_summary.json,
219,27,split_028,xgboost,all,succeeded,203.80528007633984,3101800,output/all_satisfying_primordia_splits/split_028/models/all/xgboost/worker.log,output/all_satisfying_primordia_splits/split_028/models/all/xgboost/training_summary.json,
220,27,split_028,lightgbm,all,succeeded,244.03215388581157,3101795,output/all_satisfying_primordia_splits/split_028/models/all/lightgbm/worker.log,output/all_satisfying_primordia_splits/split_028/models/all/lightgbm/training_summary.json,
221,27,split_028,lr,selected4,succeeded,211.9445144366473,3101786,output/all_satisfying_primordia_splits/split_028/models/selected4/lr/worker.log,output/all_satisfying_primordia_splits/split_028/models/selected4/lr/training_summary.json,
222,27,split_028,svm,selected4,succeeded,173.6546970307827,3101764,output/all_satisfying_primordia_splits/split_028/models/selected4/svm/worker.log,output/all_satisfying_primordia_splits/split_028/models/selected4/svm/training_summary.json,
223,27,split_028,xgboost,selected4,succeeded,191.09354305453598,3101778,output/all_satisfying_primordia_splits/split_028/models/selected4/xgboost/worker.log,output/all_satisfying_primordia_splits/split_028/models/selected4/xgboost/training_summary.json,
224,27,split_028,lightgbm,selected4,succeeded,204.93239174596965,3101772,output/all_satisfying_primordia_splits/split_028/models/selected4/lightgbm/worker.log,output/all_satisfying_primordia_splits/split_028/models/selected4/lightgbm/training_summary.json,
225,28,split_029,lr,all,succeeded,208.7815914787352,3101790,output/all_satisfying_primordia_splits/split_029/models/all/lr/worker.log,output/all_satisfying_primordia_splits/split_029/models/all/lr/training_summary.json,
226,28,split_029,svm,all,succeeded,169.19693148881197,3101788,output/all_satisfying_primordia_splits/split_029/models/all/svm/worker.log,output/all_satisfying_primordia_splits/split_029/models/all/svm/training_summary.json,
227,28,split_029,xgboost,all,succeeded,197.89678291603923,3101783,output/all_satisfying_primordia_splits/split_029/models/all/xgboost/worker.log,output/all_satisfying_primordia_splits/split_029/models/all/xgboost/training_summary.json,
228,28,split_029,lightgbm,all,succeeded,235.02655529603362,3101794,output/all_satisfying_primordia_splits/split_029/models/all/lightgbm/worker.log,output/all_satisfying_primordia_splits/split_029/models/all/lightgbm/training_summary.json,
229,28,split_029,lr,selected4,succeeded,211.08702429383993,3101771,output/all_satisfying_primordia_splits/split_029/models/selected4/lr/worker.log,output/all_satisfying_primordia_splits/split_029/models/selected4/lr/training_summary.json,
230,28,split_029,svm,selected4,succeeded,168.9863906931132,3101774,output/all_satisfying_primordia_splits/split_029/models/selected4/svm/worker.log,output/all_satisfying_primordia_splits/split_029/models/selected4/svm/training_summary.json,
231,28,split_029,xgboost,selected4,succeeded,194.58227978274226,3101797,output/all_satisfying_primordia_splits/split_029/models/selected4/xgboost/worker.log,output/all_satisfying_primordia_splits/split_029/models/selected4/xgboost/training_summary.json,
232,28,split_029,lightgbm,selected4,succeeded,203.29379515908659,3101775,output/all_satisfying_primordia_splits/split_029/models/selected4/lightgbm/worker.log,output/all_satisfying_primordia_splits/split_029/models/selected4/lightgbm/training_summary.json,
233,29,split_030,lr,all,succeeded,205.42342386767268,3101793,output/all_satisfying_primordia_splits/split_030/models/all/lr/worker.log,output/all_satisfying_primordia_splits/split_030/models/all/lr/training_summary.json,
234,29,split_030,svm,all,succeeded,178.71439097821712,3101798,output/all_satisfying_primordia_splits/split_030/models/all/svm/worker.log,output/all_satisfying_primordia_splits/split_030/models/all/svm/training_summary.json,
235,29,split_030,xgboost,all,succeeded,202.28619159944355,3101784,output/all_satisfying_primordia_splits/split_030/models/all/xgboost/worker.log,output/all_satisfying_primordia_splits/split_030/models/all/xgboost/training_summary.json,
236,29,split_030,lightgbm,all,succeeded,236.8996740002185,3101781,output/all_satisfying_primordia_splits/split_030/models/all/lightgbm/worker.log,output/all_satisfying_primordia_splits/split_030/models/all/lightgbm/training_summary.json,
237,29,split_030,lr,selected4,succeeded,221.1502915211022,3101789,output/all_satisfying_primordia_splits/split_030/models/selected4/lr/worker.log,output/all_satisfying_primordia_splits/split_030/models/selected4/lr/training_summary.json,
238,29,split_030,svm,selected4,succeeded,173.55219694972038,3101769,output/all_satisfying_primordia_splits/split_030/models/selected4/svm/worker.log,output/all_satisfying_primordia_splits/split_030/models/selected4/svm/training_summary.json,
239,29,split_030,xgboost,selected4,succeeded,192.97813024558127,3101791,output/all_satisfying_primordia_splits/split_030/models/selected4/xgboost/worker.log,output/all_satisfying_primordia_splits/split_030/models/selected4/xgboost/training_summary.json,
240,29,split_030,lightgbm,selected4,succeeded,203.8710945211351,3101796,output/all_satisfying_primordia_splits/split_030/models/selected4/lightgbm/worker.log,output/all_satisfying_primordia_splits/split_030/models/selected4/lightgbm/training_summary.json,
241,30,split_031,lr,all,succeeded,206.54107746854424,3101776,output/all_satisfying_primordia_splits/split_031/models/all/lr/worker.log,output/all_satisfying_primordia_splits/split_031/models/all/lr/training_summary.json,
242,30,split_031,svm,all,succeeded,170.55919474549592,3101782,output/all_satisfying_primordia_splits/split_031/models/all/svm/worker.log,output/all_satisfying_primordia_splits/split_031/models/all/svm/training_summary.json,
243,30,split_031,xgboost,all,succeeded,195.86021884344518,3101767,output/all_satisfying_primordia_splits/split_031/models/all/xgboost/worker.log,output/all_satisfying_primordia_splits/split_031/models/all/xgboost/training_summary.json,
244,30,split_031,lightgbm,all,succeeded,238.39619787223637,3101777,output/all_satisfying_primordia_splits/split_031/models/all/lightgbm/worker.log,output/all_satisfying_primordia_splits/split_031/models/all/lightgbm/training_summary.json,
245,30,split_031,lr,selected4,succeeded,211.1178501546383,3101792,output/all_satisfying_primordia_splits/split_031/models/selected4/lr/worker.log,output/all_satisfying_primordia_splits/split_031/models/selected4/lr/training_summary.json,
246,30,split_031,svm,selected4,succeeded,167.13751519471407,3101785,output/all_satisfying_primordia_splits/split_031/models/selected4/svm/worker.log,output/all_satisfying_primordia_splits/split_031/models/selected4/svm/training_summary.json,
247,30,split_031,xgboost,selected4,succeeded,189.87364650145173,3101780,output/all_satisfying_primordia_splits/split_031/models/selected4/xgboost/worker.log,output/all_satisfying_primordia_splits/split_031/models/selected4/xgboost/training_summary.json,
248,30,split_031,lightgbm,selected4,succeeded,200.62232090719044,3101779,output/all_satisfying_primordia_splits/split_031/models/selected4/lightgbm/worker.log,output/all_satisfying_primordia_splits/split_031/models/selected4/lightgbm/training_summary.json,
249,31,split_032,lr,all,succeeded,200.17827428132296,3101763,output/all_satisfying_primordia_splits/split_032/models/all/lr/worker.log,output/all_satisfying_primordia_splits/split_032/models/all/lr/training_summary.json,
250,31,split_032,svm,all,succeeded,172.12297753244638,3101773,output/all_satisfying_primordia_splits/split_032/models/all/svm/worker.log,output/all_satisfying_primordia_splits/split_032/models/all/svm/training_summary.json,
251,31,split_032,xgboost,all,succeeded,198.66472573578358,3101768,output/all_satisfying_primordia_splits/split_032/models/all/xgboost/worker.log,output/all_satisfying_primordia_splits/split_032/models/all/xgboost/training_summary.json,
252,31,split_032,lightgbm,all,succeeded,239.766452902928,3101787,output/all_satisfying_primordia_splits/split_032/models/all/lightgbm/worker.log,output/all_satisfying_primordia_splits/split_032/models/all/lightgbm/training_summary.json,
253,31,split_032,lr,selected4,succeeded,209.25254228897393,3101799,output/all_satisfying_primordia_splits/split_032/models/selected4/lr/worker.log,output/all_satisfying_primordia_splits/split_032/models/selected4/lr/training_summary.json,
254,31,split_032,svm,selected4,succeeded,171.72213905118406,3101764,output/all_satisfying_primordia_splits/split_032/models/selected4/svm/worker.log,output/all_satisfying_primordia_splits/split_032/models/selected4/svm/training_summary.json,
255,31,split_032,xgboost,selected4,succeeded,189.58213009871542,3101765,output/all_satisfying_primordia_splits/split_032/models/selected4/xgboost/worker.log,output/all_satisfying_primordia_splits/split_032/models/selected4/xgboost/training_summary.json,
256,31,split_032,lightgbm,selected4,succeeded,200.29517277143896,3101788,output/all_satisfying_primordia_splits/split_032/models/selected4/lightgbm/worker.log,output/all_satisfying_primordia_splits/split_032/models/selected4/lightgbm/training_summary.json,
257,32,split_033,lr,all,succeeded,205.64035364054143,3101800,output/all_satisfying_primordia_splits/split_033/models/all/lr/worker.log,output/all_satisfying_primordia_splits/split_033/models/all/lr/training_summary.json,
258,32,split_033,svm,all,succeeded,174.6826143655926,3101778,output/all_satisfying_primordia_splits/split_033/models/all/svm/worker.log,output/all_satisfying_primordia_splits/split_033/models/all/svm/training_summary.json,
259,32,split_033,xgboost,all,succeeded,207.54433869570494,3101774,output/all_satisfying_primordia_splits/split_033/models/all/xgboost/worker.log,output/all_satisfying_primordia_splits/split_033/models/all/xgboost/training_summary.json,
260,32,split_033,lightgbm,all,succeeded,236.8833116274327,3101786,output/all_satisfying_primordia_splits/split_033/models/all/lightgbm/worker.log,output/all_satisfying_primordia_splits/split_033/models/all/lightgbm/training_summary.json,
261,32,split_033,lr,selected4,succeeded,214.63341060839593,3101772,output/all_satisfying_primordia_splits/split_033/models/selected4/lr/worker.log,output/all_satisfying_primordia_splits/split_033/models/selected4/lr/training_summary.json,
262,32,split_033,svm,selected4,succeeded,174.61897540837526,3101783,output/all_satisfying_primordia_splits/split_033/models/selected4/svm/worker.log,output/all_satisfying_primordia_splits/split_033/models/selected4/svm/training_summary.json,
263,32,split_033,xgboost,selected4,succeeded,195.92310602217913,3101790,output/all_satisfying_primordia_splits/split_033/models/selected4/xgboost/worker.log,output/all_satisfying_primordia_splits/split_033/models/selected4/xgboost/training_summary.json,
264,32,split_033,lightgbm,selected4,succeeded,200.3521779924631,3101798,output/all_satisfying_primordia_splits/split_033/models/selected4/lightgbm/worker.log,output/all_satisfying_primordia_splits/split_033/models/selected4/lightgbm/training_summary.json,
265,33,split_034,lr,all,succeeded,208.7880674339831,3101797,output/all_satisfying_primordia_splits/split_034/models/all/lr/worker.log,output/all_satisfying_primordia_splits/split_034/models/all/lr/training_summary.json,
266,33,split_034,svm,all,succeeded,174.30021109618247,3101795,output/all_satisfying_primordia_splits/split_034/models/all/svm/worker.log,output/all_satisfying_primordia_splits/split_034/models/all/svm/training_summary.json,
267,33,split_034,xgboost,all,succeeded,199.50564058683813,3101769,output/all_satisfying_primordia_splits/split_034/models/all/xgboost/worker.log,output/all_satisfying_primordia_splits/split_034/models/all/xgboost/training_summary.json,
268,33,split_034,lightgbm,all,succeeded,234.33396785892546,3101775,output/all_satisfying_primordia_splits/split_034/models/all/lightgbm/worker.log,output/all_satisfying_primordia_splits/split_034/models/all/lightgbm/training_summary.json,
269,33,split_034,lr,selected4,succeeded,217.7089934423566,3101771,output/all_satisfying_primordia_splits/split_034/models/selected4/lr/worker.log,output/all_satisfying_primordia_splits/split_034/models/selected4/lr/training_summary.json,
270,33,split_034,svm,selected4,succeeded,170.3599458038807,3101793,output/all_satisfying_primordia_splits/split_034/models/selected4/svm/worker.log,output/all_satisfying_primordia_splits/split_034/models/selected4/svm/training_summary.json,
271,33,split_034,xgboost,selected4,succeeded,192.0431669279933,3101782,output/all_satisfying_primordia_splits/split_034/models/selected4/xgboost/worker.log,output/all_satisfying_primordia_splits/split_034/models/selected4/xgboost/training_summary.json,
272,33,split_034,lightgbm,selected4,succeeded,201.28784929960966,3101784,output/all_satisfying_primordia_splits/split_034/models/selected4/lightgbm/worker.log,output/all_satisfying_primordia_splits/split_034/models/selected4/lightgbm/training_summary.json,
273,34,split_035,lr,all,succeeded,200.01229796744883,3101791,output/all_satisfying_primordia_splits/split_035/models/all/lr/worker.log,output/all_satisfying_primordia_splits/split_035/models/all/lr/training_summary.json,
274,34,split_035,svm,all,succeeded,166.67117556743324,3101794,output/all_satisfying_primordia_splits/split_035/models/all/svm/worker.log,output/all_satisfying_primordia_splits/split_035/models/all/svm/training_summary.json,
275,34,split_035,xgboost,all,succeeded,194.72658325359225,3101785,output/all_satisfying_primordia_splits/split_035/models/all/xgboost/worker.log,output/all_satisfying_primordia_splits/split_035/models/all/xgboost/training_summary.json,
276,34,split_035,lightgbm,all,succeeded,231.49881154857576,3101796,output/all_satisfying_primordia_splits/split_035/models/all/lightgbm/worker.log,output/all_satisfying_primordia_splits/split_035/models/all/lightgbm/training_summary.json,
277,34,split_035,lr,selected4,succeeded,209.24421228468418,3101789,output/all_satisfying_primordia_splits/split_035/models/selected4/lr/worker.log,output/all_satisfying_primordia_splits/split_035/models/selected4/lr/training_summary.json,
278,34,split_035,svm,selected4,succeeded,166.2993908394128,3101767,output/all_satisfying_primordia_splits/split_035/models/selected4/svm/worker.log,output/all_satisfying_primordia_splits/split_035/models/selected4/svm/training_summary.json,
279,34,split_035,xgboost,selected4,succeeded,185.79027027264237,3101776,output/all_satisfying_primordia_splits/split_035/models/selected4/xgboost/worker.log,output/all_satisfying_primordia_splits/split_035/models/selected4/xgboost/training_summary.json,
280,34,split_035,lightgbm,selected4,succeeded,192.81445287540555,3101781,output/all_satisfying_primordia_splits/split_035/models/selected4/lightgbm/worker.log,output/all_satisfying_primordia_splits/split_035/models/selected4/lightgbm/training_summary.json,
281,35,split_036,lr,all,succeeded,205.03829591348767,3101780,output/all_satisfying_primordia_splits/split_036/models/all/lr/worker.log,output/all_satisfying_primordia_splits/split_036/models/all/lr/training_summary.json,
282,35,split_036,svm,all,succeeded,176.73146682605147,3101792,output/all_satisfying_primordia_splits/split_036/models/all/svm/worker.log,output/all_satisfying_primordia_splits/split_036/models/all/svm/training_summary.json,
283,35,split_036,xgboost,all,succeeded,204.92122005298734,3101779,output/all_satisfying_primordia_splits/split_036/models/all/xgboost/worker.log,output/all_satisfying_primordia_splits/split_036/models/all/xgboost/training_summary.json,
284,35,split_036,lightgbm,all,succeeded,234.79063170962036,3101773,output/all_satisfying_primordia_splits/split_036/models/all/lightgbm/worker.log,output/all_satisfying_primordia_splits/split_036/models/all/lightgbm/training_summary.json,
285,35,split_036,lr,selected4,succeeded,220.04479656368494,3101777,output/all_satisfying_primordia_splits/split_036/models/selected4/lr/worker.log,output/all_satisfying_primordia_splits/split_036/models/selected4/lr/training_summary.json,
286,35,split_036,svm,selected4,succeeded,172.64815561659634,3101763,output/all_satisfying_primordia_splits/split_036/models/selected4/svm/worker.log,output/all_satisfying_primordia_splits/split_036/models/selected4/svm/training_summary.json,
287,35,split_036,xgboost,selected4,succeeded,195.80102716386318,3101764,output/all_satisfying_primordia_splits/split_036/models/selected4/xgboost/worker.log,output/all_satisfying_primordia_splits/split_036/models/selected4/xgboost/training_summary.json,
288,35,split_036,lightgbm,selected4,succeeded,201.55912480689585,3101768,output/all_satisfying_primordia_splits/split_036/models/selected4/lightgbm/worker.log,output/all_satisfying_primordia_splits/split_036/models/selected4/lightgbm/training_summary.json,
289,36,split_037,lr,all,succeeded,209.09077973850071,3101799,output/all_satisfying_primordia_splits/split_037/models/all/lr/worker.log,output/all_satisfying_primordia_splits/split_037/models/all/lr/training_summary.json,
290,36,split_037,svm,all,succeeded,175.75135918334126,3101765,output/all_satisfying_primordia_splits/split_037/models/all/svm/worker.log,output/all_satisfying_primordia_splits/split_037/models/all/svm/training_summary.json,
291,36,split_037,xgboost,all,succeeded,202.89437972195446,3101778,output/all_satisfying_primordia_splits/split_037/models/all/xgboost/worker.log,output/all_satisfying_primordia_splits/split_037/models/all/xgboost/training_summary.json,
292,36,split_037,lightgbm,all,succeeded,241.26321117393672,3101788,output/all_satisfying_primordia_splits/split_037/models/all/lightgbm/worker.log,output/all_satisfying_primordia_splits/split_037/models/all/lightgbm/training_summary.json,
293,36,split_037,lr,selected4,succeeded,216.4672424197197,3101783,output/all_satisfying_primordia_splits/split_037/models/selected4/lr/worker.log,output/all_satisfying_primordia_splits/split_037/models/selected4/lr/training_summary.json,
294,36,split_037,svm,selected4,succeeded,176.0806716233492,3101787,output/all_satisfying_primordia_splits/split_037/models/selected4/svm/worker.log,output/all_satisfying_primordia_splits/split_037/models/selected4/svm/training_summary.json,
295,36,split_037,xgboost,selected4,succeeded,195.99487250484526,3101800,output/all_satisfying_primordia_splits/split_037/models/selected4/xgboost/worker.log,output/all_satisfying_primordia_splits/split_037/models/selected4/xgboost/training_summary.json,
296,36,split_037,lightgbm,selected4,succeeded,211.660698402673,3101795,output/all_satisfying_primordia_splits/split_037/models/selected4/lightgbm/worker.log,output/all_satisfying_primordia_splits/split_037/models/selected4/lightgbm/training_summary.json,
297,37,split_038,lr,all,succeeded,218.62169433571398,3101774,output/all_satisfying_primordia_splits/split_038/models/all/lr/worker.log,output/all_satisfying_primordia_splits/split_038/models/all/lr/training_summary.json,
298,37,split_038,svm,all,succeeded,171.5100204255432,3101793,output/all_satisfying_primordia_splits/split_038/models/all/svm/worker.log,output/all_satisfying_primordia_splits/split_038/models/all/svm/training_summary.json,
299,37,split_038,xgboost,all,succeeded,199.151205888018,3101790,output/all_satisfying_primordia_splits/split_038/models/all/xgboost/worker.log,output/all_satisfying_primordia_splits/split_038/models/all/xgboost/training_summary.json,
300,37,split_038,lightgbm,all,succeeded,233.0323387477547,3101772,output/all_satisfying_primordia_splits/split_038/models/all/lightgbm/worker.log,output/all_satisfying_primordia_splits/split_038/models/all/lightgbm/training_summary.json,
301,37,split_038,lr,selected4,succeeded,213.68341143988073,3101798,output/all_satisfying_primordia_splits/split_038/models/selected4/lr/worker.log,output/all_satisfying_primordia_splits/split_038/models/selected4/lr/training_summary.json,
302,37,split_038,svm,selected4,succeeded,170.35966499708593,3101794,output/all_satisfying_primordia_splits/split_038/models/selected4/svm/worker.log,output/all_satisfying_primordia_splits/split_038/models/selected4/svm/training_summary.json,
303,37,split_038,xgboost,selected4,succeeded,193.82885661907494,3101769,output/all_satisfying_primordia_splits/split_038/models/selected4/xgboost/worker.log,output/all_satisfying_primordia_splits/split_038/models/selected4/xgboost/training_summary.json,
304,37,split_038,lightgbm,selected4,succeeded,200.68540029413998,3101797,output/all_satisfying_primordia_splits/split_038/models/selected4/lightgbm/worker.log,output/all_satisfying_primordia_splits/split_038/models/selected4/lightgbm/training_summary.json,
305,38,split_039,lr,all,succeeded,205.688067920506,3101782,output/all_satisfying_primordia_splits/split_039/models/all/lr/worker.log,output/all_satisfying_primordia_splits/split_039/models/all/lr/training_summary.json,
306,38,split_039,svm,all,succeeded,169.9254644755274,3101786,output/all_satisfying_primordia_splits/split_039/models/all/svm/worker.log,output/all_satisfying_primordia_splits/split_039/models/all/svm/training_summary.json,
307,38,split_039,xgboost,all,succeeded,197.15699707902968,3101767,output/all_satisfying_primordia_splits/split_039/models/all/xgboost/worker.log,output/all_satisfying_primordia_splits/split_039/models/all/xgboost/training_summary.json,
308,38,split_039,lightgbm,all,succeeded,234.1052234750241,3101784,output/all_satisfying_primordia_splits/split_039/models/all/lightgbm/worker.log,output/all_satisfying_primordia_splits/split_039/models/all/lightgbm/training_summary.json,
309,38,split_039,lr,selected4,succeeded,219.71212291531265,3101791,output/all_satisfying_primordia_splits/split_039/models/selected4/lr/worker.log,output/all_satisfying_primordia_splits/split_039/models/selected4/lr/training_summary.json,
310,38,split_039,svm,selected4,succeeded,169.01189547218382,3101771,output/all_satisfying_primordia_splits/split_039/models/selected4/svm/worker.log,output/all_satisfying_primordia_splits/split_039/models/selected4/svm/training_summary.json,
311,38,split_039,xgboost,selected4,succeeded,192.33083857223392,3101785,output/all_satisfying_primordia_splits/split_039/models/selected4/xgboost/worker.log,output/all_satisfying_primordia_splits/split_039/models/selected4/xgboost/training_summary.json,
312,38,split_039,lightgbm,selected4,succeeded,196.09591882489622,3101776,output/all_satisfying_primordia_splits/split_039/models/selected4/lightgbm/worker.log,output/all_satisfying_primordia_splits/split_039/models/selected4/lightgbm/training_summary.json,
313,39,split_040,lr,all,succeeded,206.48938761092722,3101775,output/all_satisfying_primordia_splits/split_040/models/all/lr/worker.log,output/all_satisfying_primordia_splits/split_040/models/all/lr/training_summary.json,
314,39,split_040,svm,all,succeeded,169.18284075520933,3101792,output/all_satisfying_primordia_splits/split_040/models/all/svm/worker.log,output/all_satisfying_primordia_splits/split_040/models/all/svm/training_summary.json,
315,39,split_040,xgboost,all,succeeded,200.55134918354452,3101781,output/all_satisfying_primordia_splits/split_040/models/all/xgboost/worker.log,output/all_satisfying_primordia_splits/split_040/models/all/xgboost/training_summary.json,
316,39,split_040,lightgbm,all,succeeded,232.81035269796848,3101789,output/all_satisfying_primordia_splits/split_040/models/all/lightgbm/worker.log,output/all_satisfying_primordia_splits/split_040/models/all/lightgbm/training_summary.json,
317,39,split_040,lr,selected4,succeeded,214.67996416054666,3101780,output/all_satisfying_primordia_splits/split_040/models/selected4/lr/worker.log,output/all_satisfying_primordia_splits/split_040/models/selected4/lr/training_summary.json,
318,39,split_040,svm,selected4,succeeded,170.6106738112867,3101763,output/all_satisfying_primordia_splits/split_040/models/selected4/svm/worker.log,output/all_satisfying_primordia_splits/split_040/models/selected4/svm/training_summary.json,
319,39,split_040,xgboost,selected4,succeeded,188.48194152116776,3101796,output/all_satisfying_primordia_splits/split_040/models/selected4/xgboost/worker.log,output/all_satisfying_primordia_splits/split_040/models/selected4/xgboost/training_summary.json,
320,39,split_040,lightgbm,selected4,succeeded,202.99698932096362,3101779,output/all_satisfying_primordia_splits/split_040/models/selected4/lightgbm/worker.log,output/all_satisfying_primordia_splits/split_040/models/selected4/lightgbm/training_summary.json,
321,40,split_041,lr,all,succeeded,195.00309853069484,3101764,output/all_satisfying_primordia_splits/split_041/models/all/lr/worker.log,output/all_satisfying_primordia_splits/split_041/models/all/lr/training_summary.json,
322,40,split_041,svm,all,succeeded,169.97566355392337,3101765,output/all_satisfying_primordia_splits/split_041/models/all/svm/worker.log,output/all_satisfying_primordia_splits/split_041/models/all/svm/training_summary.json,
323,40,split_041,xgboost,all,succeeded,189.25124736316502,3101768,output/all_satisfying_primordia_splits/split_041/models/all/xgboost/worker.log,output/all_satisfying_primordia_splits/split_041/models/all/xgboost/training_summary.json,
324,40,split_041,lightgbm,all,succeeded,226.57585173286498,3101773,output/all_satisfying_primordia_splits/split_041/models/all/lightgbm/worker.log,output/all_satisfying_primordia_splits/split_041/models/all/lightgbm/training_summary.json,
325,40,split_041,lr,selected4,succeeded,207.673224452883,3101777,output/all_satisfying_primordia_splits/split_041/models/selected4/lr/worker.log,output/all_satisfying_primordia_splits/split_041/models/selected4/lr/training_summary.json,
326,40,split_041,svm,selected4,succeeded,165.18029019981623,3101787,output/all_satisfying_primordia_splits/split_041/models/selected4/svm/worker.log,output/all_satisfying_primordia_splits/split_041/models/selected4/svm/training_summary.json,
327,40,split_041,xgboost,selected4,succeeded,182.80019023269415,3101778,output/all_satisfying_primordia_splits/split_041/models/selected4/xgboost/worker.log,output/all_satisfying_primordia_splits/split_041/models/selected4/xgboost/training_summary.json,
328,40,split_041,lightgbm,selected4,succeeded,191.19885954633355,3101799,output/all_satisfying_primordia_splits/split_041/models/selected4/lightgbm/worker.log,output/all_satisfying_primordia_splits/split_041/models/selected4/lightgbm/training_summary.json,
329,41,split_042,lr,all,succeeded,201.56528172455728,3101793,output/all_satisfying_primordia_splits/split_042/models/all/lr/worker.log,output/all_satisfying_primordia_splits/split_042/models/all/lr/training_summary.json,
330,41,split_042,svm,all,succeeded,168.40937818959355,3101800,output/all_satisfying_primordia_splits/split_042/models/all/svm/worker.log,output/all_satisfying_primordia_splits/split_042/models/all/svm/training_summary.json,
331,41,split_042,xgboost,all,succeeded,193.26884820312262,3101794,output/all_satisfying_primordia_splits/split_042/models/all/xgboost/worker.log,output/all_satisfying_primordia_splits/split_042/models/all/xgboost/training_summary.json,
332,41,split_042,lightgbm,all,succeeded,230.3179918602109,3101783,output/all_satisfying_primordia_splits/split_042/models/all/lightgbm/worker.log,output/all_satisfying_primordia_splits/split_042/models/all/lightgbm/training_summary.json,
333,41,split_042,lr,selected4,succeeded,206.64458386227489,3101786,output/all_satisfying_primordia_splits/split_042/models/selected4/lr/worker.log,output/all_satisfying_primordia_splits/split_042/models/selected4/lr/training_summary.json,
334,41,split_042,svm,selected4,succeeded,167.5396481808275,3101795,output/all_satisfying_primordia_splits/split_042/models/selected4/svm/worker.log,output/all_satisfying_primordia_splits/split_042/models/selected4/svm/training_summary.json,
335,41,split_042,xgboost,selected4,succeeded,185.11784083768725,3101790,output/all_satisfying_primordia_splits/split_042/models/selected4/xgboost/worker.log,output/all_satisfying_primordia_splits/split_042/models/selected4/xgboost/training_summary.json,
336,41,split_042,lightgbm,selected4,succeeded,195.594593225047,3101788,output/all_satisfying_primordia_splits/split_042/models/selected4/lightgbm/worker.log,output/all_satisfying_primordia_splits/split_042/models/selected4/lightgbm/training_summary.json,
337,42,split_043,lr,all,succeeded,196.254104943946,3101774,output/all_satisfying_primordia_splits/split_043/models/all/lr/worker.log,output/all_satisfying_primordia_splits/split_043/models/all/lr/training_summary.json,
338,42,split_043,svm,all,succeeded,170.00280322879553,3101771,output/all_satisfying_primordia_splits/split_043/models/all/svm/worker.log,output/all_satisfying_primordia_splits/split_043/models/all/svm/training_summary.json,
339,42,split_043,xgboost,all,succeeded,193.67872378602624,3101769,output/all_satisfying_primordia_splits/split_043/models/all/xgboost/worker.log,output/all_satisfying_primordia_splits/split_043/models/all/xgboost/training_summary.json,
340,42,split_043,lightgbm,all,succeeded,230.83984254859388,3101798,output/all_satisfying_primordia_splits/split_043/models/all/lightgbm/worker.log,output/all_satisfying_primordia_splits/split_043/models/all/lightgbm/training_summary.json,
341,42,split_043,lr,selected4,succeeded,209.6641739550978,3101797,output/all_satisfying_primordia_splits/split_043/models/selected4/lr/worker.log,output/all_satisfying_primordia_splits/split_043/models/selected4/lr/training_summary.json,
342,42,split_043,svm,selected4,succeeded,167.86590601317585,3101767,output/all_satisfying_primordia_splits/split_043/models/selected4/svm/worker.log,output/all_satisfying_primordia_splits/split_043/models/selected4/svm/training_summary.json,
343,42,split_043,xgboost,selected4,succeeded,184.40774739347398,3101782,output/all_satisfying_primordia_splits/split_043/models/selected4/xgboost/worker.log,output/all_satisfying_primordia_splits/split_043/models/selected4/xgboost/training_summary.json,
344,42,split_043,lightgbm,selected4,succeeded,195.36606257222593,3101792,output/all_satisfying_primordia_splits/split_043/models/selected4/lightgbm/worker.log,output/all_satisfying_primordia_splits/split_043/models/selected4/lightgbm/training_summary.json,
345,43,split_044,lr,all,succeeded,202.9931866209954,3101772,output/all_satisfying_primordia_splits/split_044/models/all/lr/worker.log,output/all_satisfying_primordia_splits/split_044/models/all/lr/training_summary.json,
346,43,split_044,svm,all,succeeded,170.648419264704,3101785,output/all_satisfying_primordia_splits/split_044/models/all/svm/worker.log,output/all_satisfying_primordia_splits/split_044/models/all/svm/training_summary.json,
347,43,split_044,xgboost,all,succeeded,199.32003539800644,3101776,output/all_satisfying_primordia_splits/split_044/models/all/xgboost/worker.log,output/all_satisfying_primordia_splits/split_044/models/all/xgboost/training_summary.json,
348,43,split_044,lightgbm,all,succeeded,239.91947471164167,3101763,output/all_satisfying_primordia_splits/split_044/models/all/lightgbm/worker.log,output/all_satisfying_primordia_splits/split_044/models/all/lightgbm/training_summary.json,
349,43,split_044,lr,selected4,succeeded,227.97471514716744,3101791,output/all_satisfying_primordia_splits/split_044/models/selected4/lr/worker.log,output/all_satisfying_primordia_splits/split_044/models/selected4/lr/training_summary.json,
350,43,split_044,svm,selected4,succeeded,172.01723970472813,3101775,output/all_satisfying_primordia_splits/split_044/models/selected4/svm/worker.log,output/all_satisfying_primordia_splits/split_044/models/selected4/svm/training_summary.json,
351,43,split_044,xgboost,selected4,succeeded,190.9521452113986,3101781,output/all_satisfying_primordia_splits/split_044/models/selected4/xgboost/worker.log,output/all_satisfying_primordia_splits/split_044/models/selected4/xgboost/training_summary.json,
352,43,split_044,lightgbm,selected4,succeeded,200.82601210847497,3101784,output/all_satisfying_primordia_splits/split_044/models/selected4/lightgbm/worker.log,output/all_satisfying_primordia_splits/split_044/models/selected4/lightgbm/training_summary.json,
353,44,split_045,lr,all,succeeded,201.21176084689796,3101796,output/all_satisfying_primordia_splits/split_045/models/all/lr/worker.log,output/all_satisfying_primordia_splits/split_045/models/all/lr/training_summary.json,
354,44,split_045,svm,all,succeeded,167.1361332666129,3101765,output/all_satisfying_primordia_splits/split_045/models/all/svm/worker.log,output/all_satisfying_primordia_splits/split_045/models/all/svm/training_summary.json,
355,44,split_045,xgboost,all,succeeded,202.43999613448977,3101780,output/all_satisfying_primordia_splits/split_045/models/all/xgboost/worker.log,output/all_satisfying_primordia_splits/split_045/models/all/xgboost/training_summary.json,
356,44,split_045,lightgbm,all,succeeded,229.97280209325254,3101779,output/all_satisfying_primordia_splits/split_045/models/all/lightgbm/worker.log,output/all_satisfying_primordia_splits/split_045/models/all/lightgbm/training_summary.json,
357,44,split_045,lr,selected4,succeeded,209.41817534528673,3101789,output/all_satisfying_primordia_splits/split_045/models/selected4/lr/worker.log,output/all_satisfying_primordia_splits/split_045/models/selected4/lr/training_summary.json,
358,44,split_045,svm,selected4,succeeded,165.1438299715519,3101764,output/all_satisfying_primordia_splits/split_045/models/selected4/svm/worker.log,output/all_satisfying_primordia_splits/split_045/models/selected4/svm/training_summary.json,
359,44,split_045,xgboost,selected4,succeeded,196.38445101305842,3101768,output/all_satisfying_primordia_splits/split_045/models/selected4/xgboost/worker.log,output/all_satisfying_primordia_splits/split_045/models/selected4/xgboost/training_summary.json,
360,44,split_045,lightgbm,selected4,succeeded,195.8592851217836,3101787,output/all_satisfying_primordia_splits/split_045/models/selected4/lightgbm/worker.log,output/all_satisfying_primordia_splits/split_045/models/selected4/lightgbm/training_summary.json,
361,45,split_046,lr,all,succeeded,205.25263271853328,3101778,output/all_satisfying_primordia_splits/split_046/models/all/lr/worker.log,output/all_satisfying_primordia_splits/split_046/models/all/lr/training_summary.json,
362,45,split_046,svm,all,succeeded,172.01307267136872,3101777,output/all_satisfying_primordia_splits/split_046/models/all/svm/worker.log,output/all_satisfying_primordia_splits/split_046/models/all/svm/training_summary.json,
363,45,split_046,xgboost,all,succeeded,201.27759457752109,3101800,output/all_satisfying_primordia_splits/split_046/models/all/xgboost/worker.log,output/all_satisfying_primordia_splits/split_046/models/all/xgboost/training_summary.json,
364,45,split_046,lightgbm,all,succeeded,236.2666964419186,3101799,output/all_satisfying_primordia_splits/split_046/models/all/lightgbm/worker.log,output/all_satisfying_primordia_splits/split_046/models/all/lightgbm/training_summary.json,
365,45,split_046,lr,selected4,succeeded,215.00429564528167,3101773,output/all_satisfying_primordia_splits/split_046/models/selected4/lr/worker.log,output/all_satisfying_primordia_splits/split_046/models/selected4/lr/training_summary.json,
366,45,split_046,svm,selected4,succeeded,170.01858902536333,3101795,output/all_satisfying_primordia_splits/split_046/models/selected4/svm/worker.log,output/all_satisfying_primordia_splits/split_046/models/selected4/svm/training_summary.json,
367,45,split_046,xgboost,selected4,succeeded,190.2046715784818,3101793,output/all_satisfying_primordia_splits/split_046/models/selected4/xgboost/worker.log,output/all_satisfying_primordia_splits/split_046/models/selected4/xgboost/training_summary.json,
368,45,split_046,lightgbm,selected4,succeeded,198.93904994614422,3101794,output/all_satisfying_primordia_splits/split_046/models/selected4/lightgbm/worker.log,output/all_satisfying_primordia_splits/split_046/models/selected4/lightgbm/training_summary.json,
369,46,split_047,lr,all,succeeded,202.52859256789088,3101771,output/all_satisfying_primordia_splits/split_047/models/all/lr/worker.log,output/all_satisfying_primordia_splits/split_047/models/all/lr/training_summary.json,
370,46,split_047,svm,all,succeeded,168.24978110939264,3101790,output/all_satisfying_primordia_splits/split_047/models/all/svm/worker.log,output/all_satisfying_primordia_splits/split_047/models/all/svm/training_summary.json,
371,46,split_047,xgboost,all,succeeded,209.82101505808532,3101767,output/all_satisfying_primordia_splits/split_047/models/all/xgboost/worker.log,output/all_satisfying_primordia_splits/split_047/models/all/xgboost/training_summary.json,
372,46,split_047,lightgbm,all,succeeded,228.8719740882516,3101786,output/all_satisfying_primordia_splits/split_047/models/all/lightgbm/worker.log,output/all_satisfying_primordia_splits/split_047/models/all/lightgbm/training_summary.json,
373,46,split_047,lr,selected4,succeeded,208.5294480919838,3101788,output/all_satisfying_primordia_splits/split_047/models/selected4/lr/worker.log,output/all_satisfying_primordia_splits/split_047/models/selected4/lr/training_summary.json,
374,46,split_047,svm,selected4,succeeded,167.792386835441,3101774,output/all_satisfying_primordia_splits/split_047/models/selected4/svm/worker.log,output/all_satisfying_primordia_splits/split_047/models/selected4/svm/training_summary.json,
375,46,split_047,xgboost,selected4,succeeded,184.21469410322607,3101769,output/all_satisfying_primordia_splits/split_047/models/selected4/xgboost/worker.log,output/all_satisfying_primordia_splits/split_047/models/selected4/xgboost/training_summary.json,
376,46,split_047,lightgbm,selected4,succeeded,194.09429382532835,3101785,output/all_satisfying_primordia_splits/split_047/models/selected4/lightgbm/worker.log,output/all_satisfying_primordia_splits/split_047/models/selected4/lightgbm/training_summary.json,
377,47,split_048,lr,all,succeeded,202.73055473342538,3101782,output/all_satisfying_primordia_splits/split_048/models/all/lr/worker.log,output/all_satisfying_primordia_splits/split_048/models/all/lr/training_summary.json,
378,47,split_048,svm,all,succeeded,176.02901406399906,3101783,output/all_satisfying_primordia_splits/split_048/models/all/svm/worker.log,output/all_satisfying_primordia_splits/split_048/models/all/svm/training_summary.json,
379,47,split_048,xgboost,all,succeeded,200.08202597685158,3101792,output/all_satisfying_primordia_splits/split_048/models/all/xgboost/worker.log,output/all_satisfying_primordia_splits/split_048/models/all/xgboost/training_summary.json,
380,47,split_048,lightgbm,all,succeeded,236.9409960154444,3101797,output/all_satisfying_primordia_splits/split_048/models/all/lightgbm/worker.log,output/all_satisfying_primordia_splits/split_048/models/all/lightgbm/training_summary.json,
381,47,split_048,lr,selected4,succeeded,213.66757280565798,3101775,output/all_satisfying_primordia_splits/split_048/models/selected4/lr/worker.log,output/all_satisfying_primordia_splits/split_048/models/selected4/lr/training_summary.json,
382,47,split_048,svm,selected4,succeeded,172.40062043629587,3101772,output/all_satisfying_primordia_splits/split_048/models/selected4/svm/worker.log,output/all_satisfying_primordia_splits/split_048/models/selected4/svm/training_summary.json,
383,47,split_048,xgboost,selected4,succeeded,190.90055488049984,3101776,output/all_satisfying_primordia_splits/split_048/models/selected4/xgboost/worker.log,output/all_satisfying_primordia_splits/split_048/models/selected4/xgboost/training_summary.json,
384,47,split_048,lightgbm,selected4,succeeded,200.48457075841725,3101798,output/all_satisfying_primordia_splits/split_048/models/selected4/lightgbm/worker.log,output/all_satisfying_primordia_splits/split_048/models/selected4/lightgbm/training_summary.json,
385,48,split_049,lr,all,succeeded,194.64599781297147,3101781,output/all_satisfying_primordia_splits/split_049/models/all/lr/worker.log,output/all_satisfying_primordia_splits/split_049/models/all/lr/training_summary.json,
386,48,split_049,svm,all,succeeded,162.8237906191498,3101765,output/all_satisfying_primordia_splits/split_049/models/all/svm/worker.log,output/all_satisfying_primordia_splits/split_049/models/all/svm/training_summary.json,
387,48,split_049,xgboost,all,succeeded,189.5663760304451,3101784,output/all_satisfying_primordia_splits/split_049/models/all/xgboost/worker.log,output/all_satisfying_primordia_splits/split_049/models/all/xgboost/training_summary.json,
388,48,split_049,lightgbm,all,succeeded,227.55545921623707,3101796,output/all_satisfying_primordia_splits/split_049/models/all/lightgbm/worker.log,output/all_satisfying_primordia_splits/split_049/models/all/lightgbm/training_summary.json,
389,48,split_049,lr,selected4,succeeded,201.89312723651528,3101764,output/all_satisfying_primordia_splits/split_049/models/selected4/lr/worker.log,output/all_satisfying_primordia_splits/split_049/models/selected4/lr/training_summary.json,
390,48,split_049,svm,selected4,succeeded,163.37839788757265,3101791,output/all_satisfying_primordia_splits/split_049/models/selected4/svm/worker.log,output/all_satisfying_primordia_splits/split_049/models/selected4/svm/training_summary.json,
391,48,split_049,xgboost,selected4,succeeded,181.00340457633138,3101763,output/all_satisfying_primordia_splits/split_049/models/selected4/xgboost/worker.log,output/all_satisfying_primordia_splits/split_049/models/selected4/xgboost/training_summary.json,
392,48,split_049,lightgbm,selected4,succeeded,191.267272695899,3101780,output/all_satisfying_primordia_splits/split_049/models/selected4/lightgbm/worker.log,output/all_satisfying_primordia_splits/split_049/models/selected4/lightgbm/training_summary.json,
393,49,split_050,lr,all,succeeded,196.33553962036967,3101777,output/all_satisfying_primordia_splits/split_050/models/all/lr/worker.log,output/all_satisfying_primordia_splits/split_050/models/all/lr/training_summary.json,
394,49,split_050,svm,all,succeeded,166.05378746800125,3101789,output/all_satisfying_primordia_splits/split_050/models/all/svm/worker.log,output/all_satisfying_primordia_splits/split_050/models/all/svm/training_summary.json,
395,49,split_050,xgboost,all,succeeded,197.7009926121682,3101787,output/all_satisfying_primordia_splits/split_050/models/all/xgboost/worker.log,output/all_satisfying_primordia_splits/split_050/models/all/xgboost/training_summary.json,
396,49,split_050,lightgbm,all,succeeded,230.1818350236863,3101768,output/all_satisfying_primordia_splits/split_050/models/all/lightgbm/worker.log,output/all_satisfying_primordia_splits/split_050/models/all/lightgbm/training_summary.json,
397,49,split_050,lr,selected4,succeeded,207.32178282737732,3101779,output/all_satisfying_primordia_splits/split_050/models/selected4/lr/worker.log,output/all_satisfying_primordia_splits/split_050/models/selected4/lr/training_summary.json,
398,49,split_050,svm,selected4,succeeded,168.19583674520254,3101795,output/all_satisfying_primordia_splits/split_050/models/selected4/svm/worker.log,output/all_satisfying_primordia_splits/split_050/models/selected4/svm/training_summary.json,
399,49,split_050,xgboost,selected4,succeeded,184.93912653252482,3101778,output/all_satisfying_primordia_splits/split_050/models/selected4/xgboost/worker.log,output/all_satisfying_primordia_splits/split_050/models/selected4/xgboost/training_summary.json,
400,49,split_050,lightgbm,selected4,succeeded,194.14385818503797,3101800,output/all_satisfying_primordia_splits/split_050/models/selected4/lightgbm/worker.log,output/all_satisfying_primordia_splits/split_050/models/selected4/lightgbm/training_summary.json,
401,50,split_051,lr,all,succeeded,198.87190080061555,3101790,output/all_satisfying_primordia_splits/split_051/models/all/lr/worker.log,output/all_satisfying_primordia_splits/split_051/models/all/lr/training_summary.json,
402,50,split_051,svm,all,succeeded,170.64637144468725,3101793,output/all_satisfying_primordia_splits/split_051/models/all/svm/worker.log,output/all_satisfying_primordia_splits/split_051/models/all/svm/training_summary.json,
403,50,split_051,xgboost,all,succeeded,196.63913010247052,3101773,output/all_satisfying_primordia_splits/split_051/models/all/xgboost/worker.log,output/all_satisfying_primordia_splits/split_051/models/all/xgboost/training_summary.json,
404,50,split_051,lightgbm,all,succeeded,226.48528049886227,3101774,output/all_satisfying_primordia_splits/split_051/models/all/lightgbm/worker.log,output/all_satisfying_primordia_splits/split_051/models/all/lightgbm/training_summary.json,
405,50,split_051,lr,selected4,succeeded,207.14724144898355,3101794,output/all_satisfying_primordia_splits/split_051/models/selected4/lr/worker.log,output/all_satisfying_primordia_splits/split_051/models/selected4/lr/training_summary.json,
406,50,split_051,svm,selected4,succeeded,164.37233487144113,3101771,output/all_satisfying_primordia_splits/split_051/models/selected4/svm/worker.log,output/all_satisfying_primordia_splits/split_051/models/selected4/svm/training_summary.json,
407,50,split_051,xgboost,selected4,succeeded,183.2901655677706,3101799,output/all_satisfying_primordia_splits/split_051/models/selected4/xgboost/worker.log,output/all_satisfying_primordia_splits/split_051/models/selected4/xgboost/training_summary.json,
408,50,split_051,lightgbm,selected4,succeeded,199.06801873259246,3101769,output/all_satisfying_primordia_splits/split_051/models/selected4/lightgbm/worker.log,output/all_satisfying_primordia_splits/split_051/models/selected4/lightgbm/training_summary.json,
409,51,split_052,lr,all,succeeded,208.74059380032122,3101783,output/all_satisfying_primordia_splits/split_052/models/all/lr/worker.log,output/all_satisfying_primordia_splits/split_052/models/all/lr/training_summary.json,
410,51,split_052,svm,all,succeeded,179.8929677400738,3101785,output/all_satisfying_primordia_splits/split_052/models/all/svm/worker.log,output/all_satisfying_primordia_splits/split_052/models/all/svm/training_summary.json,
411,51,split_052,xgboost,all,succeeded,205.0288679357618,3101767,output/all_satisfying_primordia_splits/split_052/models/all/xgboost/worker.log,output/all_satisfying_primordia_splits/split_052/models/all/xgboost/training_summary.json,
412,51,split_052,lightgbm,all,succeeded,241.06660432368517,3101788,output/all_satisfying_primordia_splits/split_052/models/all/lightgbm/worker.log,output/all_satisfying_primordia_splits/split_052/models/all/lightgbm/training_summary.json,
413,51,split_052,lr,selected4,succeeded,221.04313299246132,3101772,output/all_satisfying_primordia_splits/split_052/models/selected4/lr/worker.log,output/all_satisfying_primordia_splits/split_052/models/selected4/lr/training_summary.json,
414,51,split_052,svm,selected4,succeeded,176.31542423553765,3101782,output/all_satisfying_primordia_splits/split_052/models/selected4/svm/worker.log,output/all_satisfying_primordia_splits/split_052/models/selected4/svm/training_summary.json,
415,51,split_052,xgboost,selected4,succeeded,198.3688904698938,3101765,output/all_satisfying_primordia_splits/split_052/models/selected4/xgboost/worker.log,output/all_satisfying_primordia_splits/split_052/models/selected4/xgboost/training_summary.json,
416,51,split_052,lightgbm,selected4,succeeded,209.04514830559492,3101792,output/all_satisfying_primordia_splits/split_052/models/selected4/lightgbm/worker.log,output/all_satisfying_primordia_splits/split_052/models/selected4/lightgbm/training_summary.json,
417,52,split_053,lr,all,succeeded,201.52290817536414,3101786,output/all_satisfying_primordia_splits/split_053/models/all/lr/worker.log,output/all_satisfying_primordia_splits/split_053/models/all/lr/training_summary.json,
418,52,split_053,svm,all,succeeded,168.0371737331152,3101776,output/all_satisfying_primordia_splits/split_053/models/all/svm/worker.log,output/all_satisfying_primordia_splits/split_053/models/all/svm/training_summary.json,
419,52,split_053,xgboost,all,succeeded,199.20192959532142,3101775,output/all_satisfying_primordia_splits/split_053/models/all/xgboost/worker.log,output/all_satisfying_primordia_splits/split_053/models/all/xgboost/training_summary.json,
420,52,split_053,lightgbm,all,succeeded,234.43134876713157,3101791,output/all_satisfying_primordia_splits/split_053/models/all/lightgbm/worker.log,output/all_satisfying_primordia_splits/split_053/models/all/lightgbm/training_summary.json,
421,52,split_053,lr,selected4,succeeded,212.05979558080435,3101798,output/all_satisfying_primordia_splits/split_053/models/selected4/lr/worker.log,output/all_satisfying_primordia_splits/split_053/models/selected4/lr/training_summary.json,
422,52,split_053,svm,selected4,succeeded,171.02780185826123,3101781,output/all_satisfying_primordia_splits/split_053/models/selected4/svm/worker.log,output/all_satisfying_primordia_splits/split_053/models/selected4/svm/training_summary.json,
423,52,split_053,xgboost,selected4,succeeded,189.02746191620827,3101784,output/all_satisfying_primordia_splits/split_053/models/selected4/xgboost/worker.log,output/all_satisfying_primordia_splits/split_053/models/selected4/xgboost/training_summary.json,
424,52,split_053,lightgbm,selected4,succeeded,202.1485795378685,3101797,output/all_satisfying_primordia_splits/split_053/models/selected4/lightgbm/worker.log,output/all_satisfying_primordia_splits/split_053/models/selected4/lightgbm/training_summary.json,
425,53,split_054,lr,all,succeeded,209.5744301751256,3101763,output/all_satisfying_primordia_splits/split_054/models/all/lr/worker.log,output/all_satisfying_primordia_splits/split_054/models/all/lr/training_summary.json,
426,53,split_054,svm,all,succeeded,173.42774496413767,3101789,output/all_satisfying_primordia_splits/split_054/models/all/svm/worker.log,output/all_satisfying_primordia_splits/split_054/models/all/svm/training_summary.json,
427,53,split_054,xgboost,all,succeeded,202.875137347728,3101764,output/all_satisfying_primordia_splits/split_054/models/all/xgboost/worker.log,output/all_satisfying_primordia_splits/split_054/models/all/xgboost/training_summary.json,
428,53,split_054,lightgbm,all,succeeded,237.57507586479187,3101780,output/all_satisfying_primordia_splits/split_054/models/all/lightgbm/worker.log,output/all_satisfying_primordia_splits/split_054/models/all/lightgbm/training_summary.json,
429,53,split_054,lr,selected4,succeeded,221.65749882534146,3101795,output/all_satisfying_primordia_splits/split_054/models/selected4/lr/worker.log,output/all_satisfying_primordia_splits/split_054/models/selected4/lr/training_summary.json,
430,53,split_054,svm,selected4,succeeded,174.63425218500197,3101777,output/all_satisfying_primordia_splits/split_054/models/selected4/svm/worker.log,output/all_satisfying_primordia_splits/split_054/models/selected4/svm/training_summary.json,
431,53,split_054,xgboost,selected4,succeeded,199.507255429402,3101796,output/all_satisfying_primordia_splits/split_054/models/selected4/xgboost/worker.log,output/all_satisfying_primordia_splits/split_054/models/selected4/xgboost/training_summary.json,
432,53,split_054,lightgbm,selected4,succeeded,207.87308976985514,3101787,output/all_satisfying_primordia_splits/split_054/models/selected4/lightgbm/worker.log,output/all_satisfying_primordia_splits/split_054/models/selected4/lightgbm/training_summary.json,
433,54,split_055,lr,all,succeeded,210.36713201925159,3101778,output/all_satisfying_primordia_splits/split_055/models/all/lr/worker.log,output/all_satisfying_primordia_splits/split_055/models/all/lr/training_summary.json,
434,54,split_055,svm,all,succeeded,177.14331830106676,3101793,output/all_satisfying_primordia_splits/split_055/models/all/svm/worker.log,output/all_satisfying_primordia_splits/split_055/models/all/svm/training_summary.json,
435,54,split_055,xgboost,all,succeeded,216.14736125059426,3101779,output/all_satisfying_primordia_splits/split_055/models/all/xgboost/worker.log,output/all_satisfying_primordia_splits/split_055/models/all/xgboost/training_summary.json,
436,54,split_055,lightgbm,all,succeeded,241.0031555276364,3101800,output/all_satisfying_primordia_splits/split_055/models/all/lightgbm/worker.log,output/all_satisfying_primordia_splits/split_055/models/all/lightgbm/training_summary.json,
437,54,split_055,lr,selected4,succeeded,232.05132698826492,3101768,output/all_satisfying_primordia_splits/split_055/models/selected4/lr/worker.log,output/all_satisfying_primordia_splits/split_055/models/selected4/lr/training_summary.json,
438,54,split_055,svm,selected4,succeeded,176.7168237157166,3101771,output/all_satisfying_primordia_splits/split_055/models/selected4/svm/worker.log,output/all_satisfying_primordia_splits/split_055/models/selected4/svm/training_summary.json,
439,54,split_055,xgboost,selected4,succeeded,197.88081154040992,3101790,output/all_satisfying_primordia_splits/split_055/models/selected4/xgboost/worker.log,output/all_satisfying_primordia_splits/split_055/models/selected4/xgboost/training_summary.json,
440,54,split_055,lightgbm,selected4,succeeded,208.1607134807855,3101773,output/all_satisfying_primordia_splits/split_055/models/selected4/lightgbm/worker.log,output/all_satisfying_primordia_splits/split_055/models/selected4/lightgbm/training_summary.json,
441,55,split_056,lr,all,succeeded,198.44974626228213,3101799,output/all_satisfying_primordia_splits/split_056/models/all/lr/worker.log,output/all_satisfying_primordia_splits/split_056/models/all/lr/training_summary.json,
442,55,split_056,svm,all,succeeded,164.70431282743812,3101794,output/all_satisfying_primordia_splits/split_056/models/all/svm/worker.log,output/all_satisfying_primordia_splits/split_056/models/all/svm/training_summary.json,
443,55,split_056,xgboost,all,succeeded,198.12047367356718,3101785,output/all_satisfying_primordia_splits/split_056/models/all/xgboost/worker.log,output/all_satisfying_primordia_splits/split_056/models/all/xgboost/training_summary.json,
444,55,split_056,lightgbm,all,succeeded,232.40257605165243,3101769,output/all_satisfying_primordia_splits/split_056/models/all/lightgbm/worker.log,output/all_satisfying_primordia_splits/split_056/models/all/lightgbm/training_summary.json,
445,55,split_056,lr,selected4,succeeded,209.11322123929858,3101782,output/all_satisfying_primordia_splits/split_056/models/selected4/lr/worker.log,output/all_satisfying_primordia_splits/split_056/models/selected4/lr/training_summary.json,
446,55,split_056,svm,selected4,succeeded,165.34320434182882,3101774,output/all_satisfying_primordia_splits/split_056/models/selected4/svm/worker.log,output/all_satisfying_primordia_splits/split_056/models/selected4/svm/training_summary.json,
447,55,split_056,xgboost,selected4,succeeded,187.36343470588326,3101783,output/all_satisfying_primordia_splits/split_056/models/selected4/xgboost/worker.log,output/all_satisfying_primordia_splits/split_056/models/selected4/xgboost/training_summary.json,
448,55,split_056,lightgbm,selected4,succeeded,196.71532943099737,3101776,output/all_satisfying_primordia_splits/split_056/models/selected4/lightgbm/worker.log,output/all_satisfying_primordia_splits/split_056/models/selected4/lightgbm/training_summary.json,
449,56,split_057,lr,all,succeeded,199.84200736694038,3101767,output/all_satisfying_primordia_splits/split_057/models/all/lr/worker.log,output/all_satisfying_primordia_splits/split_057/models/all/lr/training_summary.json,
450,56,split_057,svm,all,succeeded,167.90991367213428,3101765,output/all_satisfying_primordia_splits/split_057/models/all/svm/worker.log,output/all_satisfying_primordia_splits/split_057/models/all/svm/training_summary.json,
451,56,split_057,xgboost,all,succeeded,196.00401354953647,3101781,output/all_satisfying_primordia_splits/split_057/models/all/xgboost/worker.log,output/all_satisfying_primordia_splits/split_057/models/all/xgboost/training_summary.json,
452,56,split_057,lightgbm,all,succeeded,227.26982178539038,3101786,output/all_satisfying_primordia_splits/split_057/models/all/lightgbm/worker.log,output/all_satisfying_primordia_splits/split_057/models/all/lightgbm/training_summary.json,
453,56,split_057,lr,selected4,succeeded,207.14415972866118,3101772,output/all_satisfying_primordia_splits/split_057/models/selected4/lr/worker.log,output/all_satisfying_primordia_splits/split_057/models/selected4/lr/training_summary.json,
454,56,split_057,svm,selected4,succeeded,167.76321848854423,3101792,output/all_satisfying_primordia_splits/split_057/models/selected4/svm/worker.log,output/all_satisfying_primordia_splits/split_057/models/selected4/svm/training_summary.json,
455,56,split_057,xgboost,selected4,succeeded,189.60742083378136,3101775,output/all_satisfying_primordia_splits/split_057/models/selected4/xgboost/worker.log,output/all_satisfying_primordia_splits/split_057/models/selected4/xgboost/training_summary.json,
456,56,split_057,lightgbm,selected4,succeeded,195.85306806489825,3101784,output/all_satisfying_primordia_splits/split_057/models/selected4/lightgbm/worker.log,output/all_satisfying_primordia_splits/split_057/models/selected4/lightgbm/training_summary.json,
457,57,split_058,lr,all,succeeded,203.01275921799242,3101789,output/all_satisfying_primordia_splits/split_058/models/all/lr/worker.log,output/all_satisfying_primordia_splits/split_058/models/all/lr/training_summary.json,
458,57,split_058,svm,all,succeeded,173.0710438620299,3101788,output/all_satisfying_primordia_splits/split_058/models/all/svm/worker.log,output/all_satisfying_primordia_splits/split_058/models/all/svm/training_summary.json,
459,57,split_058,xgboost,all,succeeded,202.40852813981473,3101798,output/all_satisfying_primordia_splits/split_058/models/all/xgboost/worker.log,output/all_satisfying_primordia_splits/split_058/models/all/xgboost/training_summary.json,
460,57,split_058,lightgbm,all,succeeded,235.77112794667482,3101797,output/all_satisfying_primordia_splits/split_058/models/all/lightgbm/worker.log,output/all_satisfying_primordia_splits/split_058/models/all/lightgbm/training_summary.json,
461,57,split_058,lr,selected4,succeeded,210.44487121142447,3101777,output/all_satisfying_primordia_splits/split_058/models/selected4/lr/worker.log,output/all_satisfying_primordia_splits/split_058/models/selected4/lr/training_summary.json,
462,57,split_058,svm,selected4,succeeded,172.32651586830616,3101791,output/all_satisfying_primordia_splits/split_058/models/selected4/svm/worker.log,output/all_satisfying_primordia_splits/split_058/models/selected4/svm/training_summary.json,
463,57,split_058,xgboost,selected4,succeeded,191.54831687174737,3101763,output/all_satisfying_primordia_splits/split_058/models/selected4/xgboost/worker.log,output/all_satisfying_primordia_splits/split_058/models/selected4/xgboost/training_summary.json,
464,57,split_058,lightgbm,selected4,succeeded,197.1489586904645,3101764,output/all_satisfying_primordia_splits/split_058/models/selected4/lightgbm/worker.log,output/all_satisfying_primordia_splits/split_058/models/selected4/lightgbm/training_summary.json,
465,58,split_059,lr,all,succeeded,211.319393992424,3101796,output/all_satisfying_primordia_splits/split_059/models/all/lr/worker.log,output/all_satisfying_primordia_splits/split_059/models/all/lr/training_summary.json,
466,58,split_059,svm,all,succeeded,181.97073192708194,3101793,output/all_satisfying_primordia_splits/split_059/models/all/svm/worker.log,output/all_satisfying_primordia_splits/split_059/models/all/svm/training_summary.json,
467,58,split_059,xgboost,all,succeeded,204.43192705884576,3101787,output/all_satisfying_primordia_splits/split_059/models/all/xgboost/worker.log,output/all_satisfying_primordia_splits/split_059/models/all/xgboost/training_summary.json,
468,58,split_059,lightgbm,all,succeeded,241.54221439361572,3101771,output/all_satisfying_primordia_splits/split_059/models/all/lightgbm/worker.log,output/all_satisfying_primordia_splits/split_059/models/all/lightgbm/training_summary.json,
469,58,split_059,lr,selected4,succeeded,214.79593778774142,3101795,output/all_satisfying_primordia_splits/split_059/models/selected4/lr/worker.log,output/all_satisfying_primordia_splits/split_059/models/selected4/lr/training_summary.json,
470,58,split_059,svm,selected4,succeeded,184.19480020925403,3101780,output/all_satisfying_primordia_splits/split_059/models/selected4/svm/worker.log,output/all_satisfying_primordia_splits/split_059/models/selected4/svm/training_summary.json,
471,58,split_059,xgboost,selected4,succeeded,196.43399696424603,3101778,output/all_satisfying_primordia_splits/split_059/models/selected4/xgboost/worker.log,output/all_satisfying_primordia_splits/split_059/models/selected4/xgboost/training_summary.json,
472,58,split_059,lightgbm,selected4,succeeded,209.2686139419675,3101794,output/all_satisfying_primordia_splits/split_059/models/selected4/lightgbm/worker.log,output/all_satisfying_primordia_splits/split_059/models/selected4/lightgbm/training_summary.json,
473,59,split_060,lr,all,succeeded,197.3608167450875,3101790,output/all_satisfying_primordia_splits/split_060/models/all/lr/worker.log,output/all_satisfying_primordia_splits/split_060/models/all/lr/training_summary.json,
474,59,split_060,svm,all,succeeded,169.28291145525873,3101779,output/all_satisfying_primordia_splits/split_060/models/all/svm/worker.log,output/all_satisfying_primordia_splits/split_060/models/all/svm/training_summary.json,
475,59,split_060,xgboost,all,succeeded,194.995316978544,3101774,output/all_satisfying_primordia_splits/split_060/models/all/xgboost/worker.log,output/all_satisfying_primordia_splits/split_060/models/all/xgboost/training_summary.json,
476,59,split_060,lightgbm,all,succeeded,229.70732340961695,3101799,output/all_satisfying_primordia_splits/split_060/models/all/lightgbm/worker.log,output/all_satisfying_primordia_splits/split_060/models/all/lightgbm/training_summary.json,
477,59,split_060,lr,selected4,succeeded,206.27739146351814,3101773,output/all_satisfying_primordia_splits/split_060/models/selected4/lr/worker.log,output/all_satisfying_primordia_splits/split_060/models/selected4/lr/training_summary.json,
478,59,split_060,svm,selected4,succeeded,169.19952607527375,3101768,output/all_satisfying_primordia_splits/split_060/models/selected4/svm/worker.log,output/all_satisfying_primordia_splits/split_060/models/selected4/svm/training_summary.json,
479,59,split_060,xgboost,selected4,succeeded,184.68424539640546,3101800,output/all_satisfying_primordia_splits/split_060/models/selected4/xgboost/worker.log,output/all_satisfying_primordia_splits/split_060/models/selected4/xgboost/training_summary.json,
480,59,split_060,lightgbm,selected4,succeeded,194.7126122377813,3101785,output/all_satisfying_primordia_splits/split_060/models/selected4/lightgbm/worker.log,output/all_satisfying_primordia_splits/split_060/models/selected4/lightgbm/training_summary.json,
481,60,split_061,lr,all,succeeded,213.15720243752003,3101765,output/all_satisfying_primordia_splits/split_061/models/all/lr/worker.log,output/all_satisfying_primordia_splits/split_061/models/all/lr/training_summary.json,
482,60,split_061,svm,all,succeeded,180.52984981052577,3101783,output/all_satisfying_primordia_splits/split_061/models/all/svm/worker.log,output/all_satisfying_primordia_splits/split_061/models/all/svm/training_summary.json,
483,60,split_061,xgboost,all,succeeded,206.56904979981482,3101782,output/all_satisfying_primordia_splits/split_061/models/all/xgboost/worker.log,output/all_satisfying_primordia_splits/split_061/models/all/xgboost/training_summary.json,
484,60,split_061,lightgbm,all,succeeded,246.8052606061101,3101776,output/all_satisfying_primordia_splits/split_061/models/all/lightgbm/worker.log,output/all_satisfying_primordia_splits/split_061/models/all/lightgbm/training_summary.json,
485,60,split_061,lr,selected4,succeeded,222.43688518181443,3101792,output/all_satisfying_primordia_splits/split_061/models/selected4/lr/worker.log,output/all_satisfying_primordia_splits/split_061/models/selected4/lr/training_summary.json,
486,60,split_061,svm,selected4,succeeded,181.82235578633845,3101767,output/all_satisfying_primordia_splits/split_061/models/selected4/svm/worker.log,output/all_satisfying_primordia_splits/split_061/models/selected4/svm/training_summary.json,
487,60,split_061,xgboost,selected4,succeeded,195.76219664886594,3101781,output/all_satisfying_primordia_splits/split_061/models/selected4/xgboost/worker.log,output/all_satisfying_primordia_splits/split_061/models/selected4/xgboost/training_summary.json,
488,60,split_061,lightgbm,selected4,succeeded,207.81595877371728,3101769,output/all_satisfying_primordia_splits/split_061/models/selected4/lightgbm/worker.log,output/all_satisfying_primordia_splits/split_061/models/selected4/lightgbm/training_summary.json,
489,61,split_062,lr,all,succeeded,209.7168420087546,3101788,output/all_satisfying_primordia_splits/split_062/models/all/lr/worker.log,output/all_satisfying_primordia_splits/split_062/models/all/lr/training_summary.json,
490,61,split_062,svm,all,succeeded,173.5368638690561,3101775,output/all_satisfying_primordia_splits/split_062/models/all/svm/worker.log,output/all_satisfying_primordia_splits/split_062/models/all/svm/training_summary.json,
491,61,split_062,xgboost,all,succeeded,202.72376837953925,3101772,output/all_satisfying_primordia_splits/split_062/models/all/xgboost/worker.log,output/all_satisfying_primordia_splits/split_062/models/all/xgboost/training_summary.json,
492,61,split_062,lightgbm,all,succeeded,239.22424726001918,3101784,output/all_satisfying_primordia_splits/split_062/models/all/lightgbm/worker.log,output/all_satisfying_primordia_splits/split_062/models/all/lightgbm/training_summary.json,
493,61,split_062,lr,selected4,succeeded,217.0673214495182,3101789,output/all_satisfying_primordia_splits/split_062/models/selected4/lr/worker.log,output/all_satisfying_primordia_splits/split_062/models/selected4/lr/training_summary.json,
494,61,split_062,svm,selected4,succeeded,172.61932641267776,3101791,output/all_satisfying_primordia_splits/split_062/models/selected4/svm/worker.log,output/all_satisfying_primordia_splits/split_062/models/selected4/svm/training_summary.json,
495,61,split_062,xgboost,selected4,succeeded,194.7958354409784,3101786,output/all_satisfying_primordia_splits/split_062/models/selected4/xgboost/worker.log,output/all_satisfying_primordia_splits/split_062/models/selected4/xgboost/training_summary.json,
496,61,split_062,lightgbm,selected4,succeeded,204.75817255117,3101798,output/all_satisfying_primordia_splits/split_062/models/selected4/lightgbm/worker.log,output/all_satisfying_primordia_splits/split_062/models/selected4/lightgbm/training_summary.json,
497,62,split_063,lr,all,succeeded,205.86870460398495,3101763,output/all_satisfying_primordia_splits/split_063/models/all/lr/worker.log,output/all_satisfying_primordia_splits/split_063/models/all/lr/training_summary.json,
498,62,split_063,svm,all,succeeded,171.0212642494589,3101764,output/all_satisfying_primordia_splits/split_063/models/all/svm/worker.log,output/all_satisfying_primordia_splits/split_063/models/all/svm/training_summary.json,
499,62,split_063,xgboost,all,succeeded,198.6066251490265,3101793,output/all_satisfying_primordia_splits/split_063/models/all/xgboost/worker.log,output/all_satisfying_primordia_splits/split_063/models/all/xgboost/training_summary.json,
500,62,split_063,lightgbm,all,succeeded,234.3880183827132,3101777,output/all_satisfying_primordia_splits/split_063/models/all/lightgbm/worker.log,output/all_satisfying_primordia_splits/split_063/models/all/lightgbm/training_summary.json,
501,62,split_063,lr,selected4,succeeded,214.3521538246423,3101797,output/all_satisfying_primordia_splits/split_063/models/selected4/lr/worker.log,output/all_satisfying_primordia_splits/split_063/models/selected4/lr/training_summary.json,
502,62,split_063,svm,selected4,succeeded,168.00132744945586,3101780,output/all_satisfying_primordia_splits/split_063/models/selected4/svm/worker.log,output/all_satisfying_primordia_splits/split_063/models/selected4/svm/training_summary.json,
503,62,split_063,xgboost,selected4,succeeded,187.01812355220318,3101796,output/all_satisfying_primordia_splits/split_063/models/selected4/xgboost/worker.log,output/all_satisfying_primordia_splits/split_063/models/selected4/xgboost/training_summary.json,
504,62,split_063,lightgbm,selected4,succeeded,195.60532508045435,3101779,output/all_satisfying_primordia_splits/split_063/models/selected4/lightgbm/worker.log,output/all_satisfying_primordia_splits/split_063/models/selected4/lightgbm/training_summary.json,
505,63,split_064,lr,all,succeeded,211.48305736482143,3101787,output/all_satisfying_primordia_splits/split_064/models/all/lr/worker.log,output/all_satisfying_primordia_splits/split_064/models/all/lr/training_summary.json,
506,63,split_064,svm,all,succeeded,180.0875572785735,3101778,output/all_satisfying_primordia_splits/split_064/models/all/svm/worker.log,output/all_satisfying_primordia_splits/split_064/models/all/svm/training_summary.json,
507,63,split_064,xgboost,all,succeeded,212.29724476113915,3101795,output/all_satisfying_primordia_splits/split_064/models/all/xgboost/worker.log,output/all_satisfying_primordia_splits/split_064/models/all/xgboost/training_summary.json,
508,63,split_064,lightgbm,all,succeeded,245.18248861283064,3101768,output/all_satisfying_primordia_splits/split_064/models/all/lightgbm/worker.log,output/all_satisfying_primordia_splits/split_064/models/all/lightgbm/training_summary.json,
509,63,split_064,lr,selected4,succeeded,224.74296171031892,3101790,output/all_satisfying_primordia_splits/split_064/models/selected4/lr/worker.log,output/all_satisfying_primordia_splits/split_064/models/selected4/lr/training_summary.json,
510,63,split_064,svm,selected4,succeeded,179.49387612752616,3101794,output/all_satisfying_primordia_splits/split_064/models/selected4/svm/worker.log,output/all_satisfying_primordia_splits/split_064/models/selected4/svm/training_summary.json,
511,63,split_064,xgboost,selected4,succeeded,197.866162404418,3101774,output/all_satisfying_primordia_splits/split_064/models/selected4/xgboost/worker.log,output/all_satisfying_primordia_splits/split_064/models/selected4/xgboost/training_summary.json,
512,63,split_064,lightgbm,selected4,succeeded,208.58518560789526,3101800,output/all_satisfying_primordia_splits/split_064/models/selected4/lightgbm/worker.log,output/all_satisfying_primordia_splits/split_064/models/selected4/lightgbm/training_summary.json,
513,64,split_065,lr,all,succeeded,195.6174034513533,3101771,output/all_satisfying_primordia_splits/split_065/models/all/lr/worker.log,output/all_satisfying_primordia_splits/split_065/models/all/lr/training_summary.json,
514,64,split_065,svm,all,succeeded,167.50106047280133,3101783,output/all_satisfying_primordia_splits/split_065/models/all/svm/worker.log,output/all_satisfying_primordia_splits/split_065/models/all/svm/training_summary.json,
515,64,split_065,xgboost,all,succeeded,193.56790146790445,3101785,output/all_satisfying_primordia_splits/split_065/models/all/xgboost/worker.log,output/all_satisfying_primordia_splits/split_065/models/all/xgboost/training_summary.json,
516,64,split_065,lightgbm,all,succeeded,229.09858855605125,3101773,output/all_satisfying_primordia_splits/split_065/models/all/lightgbm/worker.log,output/all_satisfying_primordia_splits/split_065/models/all/lightgbm/training_summary.json,
517,64,split_065,lr,selected4,succeeded,206.24352799914777,3101767,output/all_satisfying_primordia_splits/split_065/models/selected4/lr/worker.log,output/all_satisfying_primordia_splits/split_065/models/selected4/lr/training_summary.json,
518,64,split_065,svm,selected4,succeeded,173.26418017409742,3101799,output/all_satisfying_primordia_splits/split_065/models/selected4/svm/worker.log,output/all_satisfying_primordia_splits/split_065/models/selected4/svm/training_summary.json,
519,64,split_065,xgboost,selected4,succeeded,183.613569220528,3101765,output/all_satisfying_primordia_splits/split_065/models/selected4/xgboost/worker.log,output/all_satisfying_primordia_splits/split_065/models/selected4/xgboost/training_summary.json,
520,64,split_065,lightgbm,selected4,succeeded,194.40347802266479,3101775,output/all_satisfying_primordia_splits/split_065/models/selected4/lightgbm/worker.log,output/all_satisfying_primordia_splits/split_065/models/selected4/lightgbm/training_summary.json,
521,65,split_066,lr,all,succeeded,200.518356397748,3101782,output/all_satisfying_primordia_splits/split_066/models/all/lr/worker.log,output/all_satisfying_primordia_splits/split_066/models/all/lr/training_summary.json,
522,65,split_066,svm,all,succeeded,166.08241835050285,3101781,output/all_satisfying_primordia_splits/split_066/models/all/svm/worker.log,output/all_satisfying_primordia_splits/split_066/models/all/svm/training_summary.json,
523,65,split_066,xgboost,all,succeeded,198.72979460656643,3101792,output/all_satisfying_primordia_splits/split_066/models/all/xgboost/worker.log,output/all_satisfying_primordia_splits/split_066/models/all/xgboost/training_summary.json,
524,65,split_066,lightgbm,all,succeeded,229.49150990508497,3101791,output/all_satisfying_primordia_splits/split_066/models/all/lightgbm/worker.log,output/all_satisfying_primordia_splits/split_066/models/all/lightgbm/training_summary.json,
525,65,split_066,lr,selected4,succeeded,208.16653110459447,3101769,output/all_satisfying_primordia_splits/split_066/models/selected4/lr/worker.log,output/all_satisfying_primordia_splits/split_066/models/selected4/lr/training_summary.json,
526,65,split_066,svm,selected4,succeeded,169.8498222436756,3101788,output/all_satisfying_primordia_splits/split_066/models/selected4/svm/worker.log,output/all_satisfying_primordia_splits/split_066/models/selected4/svm/training_summary.json,
527,65,split_066,xgboost,selected4,succeeded,184.10109590552747,3101772,output/all_satisfying_primordia_splits/split_066/models/selected4/xgboost/worker.log,output/all_satisfying_primordia_splits/split_066/models/selected4/xgboost/training_summary.json,
528,65,split_066,lightgbm,selected4,succeeded,194.81320866383612,3101776,output/all_satisfying_primordia_splits/split_066/models/selected4/lightgbm/worker.log,output/all_satisfying_primordia_splits/split_066/models/selected4/lightgbm/training_summary.json,
529,66,split_067,lr,all,succeeded,211.475286193192,3101764,output/all_satisfying_primordia_splits/split_067/models/all/lr/worker.log,output/all_satisfying_primordia_splits/split_067/models/all/lr/training_summary.json,
530,66,split_067,svm,all,succeeded,180.4843228701502,3101786,output/all_satisfying_primordia_splits/split_067/models/all/svm/worker.log,output/all_satisfying_primordia_splits/split_067/models/all/svm/training_summary.json,
531,66,split_067,xgboost,all,succeeded,226.2921040058136,3101798,output/all_satisfying_primordia_splits/split_067/models/all/xgboost/worker.log,output/all_satisfying_primordia_splits/split_067/models/all/xgboost/training_summary.json,
532,66,split_067,lightgbm,all,succeeded,244.55381756834686,3101789,output/all_satisfying_primordia_splits/split_067/models/all/lightgbm/worker.log,output/all_satisfying_primordia_splits/split_067/models/all/lightgbm/training_summary.json,
533,66,split_067,lr,selected4,succeeded,220.42584991641343,3101780,output/all_satisfying_primordia_splits/split_067/models/selected4/lr/worker.log,output/all_satisfying_primordia_splits/split_067/models/selected4/lr/training_summary.json,
534,66,split_067,svm,selected4,succeeded,176.59281663782895,3101763,output/all_satisfying_primordia_splits/split_067/models/selected4/svm/worker.log,output/all_satisfying_primordia_splits/split_067/models/selected4/svm/training_summary.json,
535,66,split_067,xgboost,selected4,succeeded,194.71409467980266,3101784,output/all_satisfying_primordia_splits/split_067/models/selected4/xgboost/worker.log,output/all_satisfying_primordia_splits/split_067/models/selected4/xgboost/training_summary.json,
536,66,split_067,lightgbm,selected4,succeeded,204.4928487315774,3101793,output/all_satisfying_primordia_splits/split_067/models/selected4/lightgbm/worker.log,output/all_satisfying_primordia_splits/split_067/models/selected4/lightgbm/training_summary.json,
537,67,split_068,lr,all,succeeded,209.75768973492086,3101796,output/all_satisfying_primordia_splits/split_068/models/all/lr/worker.log,output/all_satisfying_primordia_splits/split_068/models/all/lr/training_summary.json,
538,67,split_068,svm,all,succeeded,175.85401289351285,3101778,output/all_satisfying_primordia_splits/split_068/models/all/svm/worker.log,output/all_satisfying_primordia_splits/split_068/models/all/svm/training_summary.json,
539,67,split_068,xgboost,all,succeeded,202.93514728359878,3101779,output/all_satisfying_primordia_splits/split_068/models/all/xgboost/worker.log,output/all_satisfying_primordia_splits/split_068/models/all/xgboost/training_summary.json,
540,67,split_068,lightgbm,all,succeeded,242.47969861514866,3101797,output/all_satisfying_primordia_splits/split_068/models/all/lightgbm/worker.log,output/all_satisfying_primordia_splits/split_068/models/all/lightgbm/training_summary.json,
541,67,split_068,lr,selected4,succeeded,220.28590909950435,3101777,output/all_satisfying_primordia_splits/split_068/models/selected4/lr/worker.log,output/all_satisfying_primordia_splits/split_068/models/selected4/lr/training_summary.json,
542,67,split_068,svm,selected4,succeeded,178.8676643241197,3101787,output/all_satisfying_primordia_splits/split_068/models/selected4/svm/worker.log,output/all_satisfying_primordia_splits/split_068/models/selected4/svm/training_summary.json,
543,67,split_068,xgboost,selected4,succeeded,195.21298513561487,3101794,output/all_satisfying_primordia_splits/split_068/models/selected4/xgboost/worker.log,output/all_satisfying_primordia_splits/split_068/models/selected4/xgboost/training_summary.json,
544,67,split_068,lightgbm,selected4,succeeded,204.84699389897287,3101783,output/all_satisfying_primordia_splits/split_068/models/selected4/lightgbm/worker.log,output/all_satisfying_primordia_splits/split_068/models/selected4/lightgbm/training_summary.json,
545,68,split_069,lr,all,succeeded,201.77125782333314,3101795,output/all_satisfying_primordia_splits/split_069/models/all/lr/worker.log,output/all_satisfying_primordia_splits/split_069/models/all/lr/training_summary.json,
546,68,split_069,svm,all,succeeded,170.6836934350431,3101774,output/all_satisfying_primordia_splits/split_069/models/all/svm/worker.log,output/all_satisfying_primordia_splits/split_069/models/all/svm/training_summary.json,
547,68,split_069,xgboost,all,succeeded,197.8905585668981,3101771,output/all_satisfying_primordia_splits/split_069/models/all/xgboost/worker.log,output/all_satisfying_primordia_splits/split_069/models/all/xgboost/training_summary.json,
548,68,split_069,lightgbm,all,succeeded,232.214928034693,3101799,output/all_satisfying_primordia_splits/split_069/models/all/lightgbm/worker.log,output/all_satisfying_primordia_splits/split_069/models/all/lightgbm/training_summary.json,
549,68,split_069,lr,selected4,succeeded,211.50888856872916,3101785,output/all_satisfying_primordia_splits/split_069/models/selected4/lr/worker.log,output/all_satisfying_primordia_splits/split_069/models/selected4/lr/training_summary.json,
550,68,split_069,svm,selected4,succeeded,169.77591400779784,3101800,output/all_satisfying_primordia_splits/split_069/models/selected4/svm/worker.log,output/all_satisfying_primordia_splits/split_069/models/selected4/svm/training_summary.json,
551,68,split_069,xgboost,selected4,succeeded,188.37499951571226,3101790,output/all_satisfying_primordia_splits/split_069/models/selected4/xgboost/worker.log,output/all_satisfying_primordia_splits/split_069/models/selected4/xgboost/training_summary.json,
552,68,split_069,lightgbm,selected4,succeeded,201.2124566975981,3101781,output/all_satisfying_primordia_splits/split_069/models/selected4/lightgbm/worker.log,output/all_satisfying_primordia_splits/split_069/models/selected4/lightgbm/training_summary.json,
553,69,split_070,lr,all,succeeded,211.83883197791874,3101765,output/all_satisfying_primordia_splits/split_070/models/all/lr/worker.log,output/all_satisfying_primordia_splits/split_070/models/all/lr/training_summary.json,
554,69,split_070,svm,all,succeeded,173.50670349039137,3101768,output/all_satisfying_primordia_splits/split_070/models/all/svm/worker.log,output/all_satisfying_primordia_splits/split_070/models/all/svm/training_summary.json,
555,69,split_070,xgboost,all,succeeded,203.0957735106349,3101767,output/all_satisfying_primordia_splits/split_070/models/all/xgboost/worker.log,output/all_satisfying_primordia_splits/split_070/models/all/xgboost/training_summary.json,
556,69,split_070,lightgbm,all,succeeded,246.62283778004348,3101775,output/all_satisfying_primordia_splits/split_070/models/all/lightgbm/worker.log,output/all_satisfying_primordia_splits/split_070/models/all/lightgbm/training_summary.json,
557,69,split_070,lr,selected4,succeeded,223.22199166193604,3101788,output/all_satisfying_primordia_splits/split_070/models/selected4/lr/worker.log,output/all_satisfying_primordia_splits/split_070/models/selected4/lr/training_summary.json,
558,69,split_070,svm,selected4,succeeded,179.62227980792522,3101773,output/all_satisfying_primordia_splits/split_070/models/selected4/svm/worker.log,output/all_satisfying_primordia_splits/split_070/models/selected4/svm/training_summary.json,
559,69,split_070,xgboost,selected4,succeeded,195.63549249991775,3101782,output/all_satisfying_primordia_splits/split_070/models/selected4/xgboost/worker.log,output/all_satisfying_primordia_splits/split_070/models/selected4/xgboost/training_summary.json,
560,69,split_070,lightgbm,selected4,succeeded,204.24295323342085,3101792,output/all_satisfying_primordia_splits/split_070/models/selected4/lightgbm/worker.log,output/all_satisfying_primordia_splits/split_070/models/selected4/lightgbm/training_summary.json,
561,70,split_071,lr,all,succeeded,212.02960236370564,3101772,output/all_satisfying_primordia_splits/split_071/models/all/lr/worker.log,output/all_satisfying_primordia_splits/split_071/models/all/lr/training_summary.json,
562,70,split_071,svm,all,succeeded,168.67395471781492,3101786,output/all_satisfying_primordia_splits/split_071/models/all/svm/worker.log,output/all_satisfying_primordia_splits/split_071/models/all/svm/training_summary.json,
563,70,split_071,xgboost,all,succeeded,196.61391386389732,3101769,output/all_satisfying_primordia_splits/split_071/models/all/xgboost/worker.log,output/all_satisfying_primordia_splits/split_071/models/all/xgboost/training_summary.json,
564,70,split_071,lightgbm,all,succeeded,231.087765539065,3101776,output/all_satisfying_primordia_splits/split_071/models/all/lightgbm/worker.log,output/all_satisfying_primordia_splits/split_071/models/all/lightgbm/training_summary.json,
565,70,split_071,lr,selected4,succeeded,210.01746271923184,3101791,output/all_satisfying_primordia_splits/split_071/models/selected4/lr/worker.log,output/all_satisfying_primordia_splits/split_071/models/selected4/lr/training_summary.json,
566,70,split_071,svm,selected4,succeeded,168.0645308494568,3101763,output/all_satisfying_primordia_splits/split_071/models/selected4/svm/worker.log,output/all_satisfying_primordia_splits/split_071/models/selected4/svm/training_summary.json,
567,70,split_071,xgboost,selected4,succeeded,189.17084198631346,3101764,output/all_satisfying_primordia_splits/split_071/models/selected4/xgboost/worker.log,output/all_satisfying_primordia_splits/split_071/models/selected4/xgboost/training_summary.json,
568,70,split_071,lightgbm,selected4,succeeded,194.97276929020882,3101784,output/all_satisfying_primordia_splits/split_071/models/selected4/lightgbm/worker.log,output/all_satisfying_primordia_splits/split_071/models/selected4/lightgbm/training_summary.json,
569,71,split_072,lr,all,succeeded,214.6893973890692,3101778,output/all_satisfying_primordia_splits/split_072/models/all/lr/worker.log,output/all_satisfying_primordia_splits/split_072/models/all/lr/training_summary.json,
570,71,split_072,svm,all,succeeded,182.6577532608062,3101793,output/all_satisfying_primordia_splits/split_072/models/all/svm/worker.log,output/all_satisfying_primordia_splits/split_072/models/all/svm/training_summary.json,
571,71,split_072,xgboost,all,succeeded,204.94560511782765,3101798,output/all_satisfying_primordia_splits/split_072/models/all/xgboost/worker.log,output/all_satisfying_primordia_splits/split_072/models/all/xgboost/training_summary.json,
572,71,split_072,lightgbm,all,succeeded,217.81586447916925,3101780,output/all_satisfying_primordia_splits/split_072/models/all/lightgbm/worker.log,output/all_satisfying_primordia_splits/split_072/models/all/lightgbm/training_summary.json,
573,71,split_072,lr,selected4,succeeded,217.5123041961342,3101787,output/all_satisfying_primordia_splits/split_072/models/selected4/lr/worker.log,output/all_satisfying_primordia_splits/split_072/models/selected4/lr/training_summary.json,
574,71,split_072,svm,selected4,succeeded,171.55710562504828,3101796,output/all_satisfying_primordia_splits/split_072/models/selected4/svm/worker.log,output/all_satisfying_primordia_splits/split_072/models/selected4/svm/training_summary.json,
575,71,split_072,xgboost,selected4,succeeded,195.68776298314333,3101789,output/all_satisfying_primordia_splits/split_072/models/selected4/xgboost/worker.log,output/all_satisfying_primordia_splits/split_072/models/selected4/xgboost/training_summary.json,
576,71,split_072,lightgbm,selected4,succeeded,211.43128923512995,3101779,output/all_satisfying_primordia_splits/split_072/models/selected4/lightgbm/worker.log,output/all_satisfying_primordia_splits/split_072/models/selected4/lightgbm/training_summary.json,
577,72,split_073,lr,all,succeeded,206.88196521624923,3101774,output/all_satisfying_primordia_splits/split_073/models/all/lr/worker.log,output/all_satisfying_primordia_splits/split_073/models/all/lr/training_summary.json,
578,72,split_073,svm,all,succeeded,167.48674532584846,3101794,output/all_satisfying_primordia_splits/split_073/models/all/svm/worker.log,output/all_satisfying_primordia_splits/split_073/models/all/svm/training_summary.json,
579,72,split_073,xgboost,all,succeeded,197.2871174160391,3101800,output/all_satisfying_primordia_splits/split_073/models/all/xgboost/worker.log,output/all_satisfying_primordia_splits/split_073/models/all/xgboost/training_summary.json,
580,72,split_073,lightgbm,all,succeeded,210.24805901572108,3101777,output/all_satisfying_primordia_splits/split_073/models/all/lightgbm/worker.log,output/all_satisfying_primordia_splits/split_073/models/all/lightgbm/training_summary.json,
581,72,split_073,lr,selected4,succeeded,190.82431599125266,3101783,output/all_satisfying_primordia_splits/split_073/models/selected4/lr/worker.log,output/all_satisfying_primordia_splits/split_073/models/selected4/lr/training_summary.json,
582,72,split_073,svm,selected4,succeeded,173.37358426488936,3101795,output/all_satisfying_primordia_splits/split_073/models/selected4/svm/worker.log,output/all_satisfying_primordia_splits/split_073/models/selected4/svm/training_summary.json,
583,72,split_073,xgboost,selected4,succeeded,184.7641894929111,3101771,output/all_satisfying_primordia_splits/split_073/models/selected4/xgboost/worker.log,output/all_satisfying_primordia_splits/split_073/models/selected4/xgboost/training_summary.json,
584,72,split_073,lightgbm,selected4,succeeded,178.64141595363617,3101790,output/all_satisfying_primordia_splits/split_073/models/selected4/lightgbm/worker.log,output/all_satisfying_primordia_splits/split_073/models/selected4/lightgbm/training_summary.json,
585,73,split_074,lr,all,succeeded,187.79045338183641,3101797,output/all_satisfying_primordia_splits/split_074/models/all/lr/worker.log,output/all_satisfying_primordia_splits/split_074/models/all/lr/training_summary.json,
586,73,split_074,svm,all,succeeded,154.76978357695043,3101768,output/all_satisfying_primordia_splits/split_074/models/all/svm/worker.log,output/all_satisfying_primordia_splits/split_074/models/all/svm/training_summary.json,
587,73,split_074,xgboost,all,succeeded,159.68995032832026,3101785,output/all_satisfying_primordia_splits/split_074/models/all/xgboost/worker.log,output/all_satisfying_primordia_splits/split_074/models/all/xgboost/training_summary.json,
588,73,split_074,lightgbm,all,succeeded,183.15764038264751,3101781,output/all_satisfying_primordia_splits/split_074/models/all/lightgbm/worker.log,output/all_satisfying_primordia_splits/split_074/models/all/lightgbm/training_summary.json,
589,73,split_074,lr,selected4,succeeded,173.51604147441685,3101773,output/all_satisfying_primordia_splits/split_074/models/selected4/lr/worker.log,output/all_satisfying_primordia_splits/split_074/models/selected4/lr/training_summary.json,
590,73,split_074,svm,selected4,succeeded,144.66220841370523,3101765,output/all_satisfying_primordia_splits/split_074/models/selected4/svm/worker.log,output/all_satisfying_primordia_splits/split_074/models/selected4/svm/training_summary.json,
591,73,split_074,xgboost,selected4,succeeded,144.84654803201556,3101799,output/all_satisfying_primordia_splits/split_074/models/selected4/xgboost/worker.log,output/all_satisfying_primordia_splits/split_074/models/selected4/xgboost/training_summary.json,
592,73,split_074,lightgbm,selected4,succeeded,162.6712194290012,3101767,output/all_satisfying_primordia_splits/split_074/models/selected4/lightgbm/worker.log,output/all_satisfying_primordia_splits/split_074/models/selected4/lightgbm/training_summary.json,
593,74,split_075,lr,all,succeeded,163.59965291246772,3101786,output/all_satisfying_primordia_splits/split_075/models/all/lr/worker.log,output/all_satisfying_primordia_splits/split_075/models/all/lr/training_summary.json,
594,74,split_075,svm,all,succeeded,150.29829125478864,3101782,output/all_satisfying_primordia_splits/split_075/models/all/svm/worker.log,output/all_satisfying_primordia_splits/split_075/models/all/svm/training_summary.json,
595,74,split_075,xgboost,all,succeeded,144.05356262810528,3101763,output/all_satisfying_primordia_splits/split_075/models/all/xgboost/worker.log,output/all_satisfying_primordia_splits/split_075/models/all/xgboost/training_summary.json,
596,74,split_075,lightgbm,all,succeeded,149.28391917981207,3101788,output/all_satisfying_primordia_splits/split_075/models/all/lightgbm/worker.log,output/all_satisfying_primordia_splits/split_075/models/all/lightgbm/training_summary.json,
597,74,split_075,lr,selected4,succeeded,135.55563257448375,3101792,output/all_satisfying_primordia_splits/split_075/models/selected4/lr/worker.log,output/all_satisfying_primordia_splits/split_075/models/selected4/lr/training_summary.json,
598,74,split_075,svm,selected4,succeeded,113.62765171937644,3101769,output/all_satisfying_primordia_splits/split_075/models/selected4/svm/worker.log,output/all_satisfying_primordia_splits/split_075/models/selected4/svm/training_summary.json,
599,74,split_075,xgboost,selected4,succeeded,129.6105786766857,3101772,output/all_satisfying_primordia_splits/split_075/models/selected4/xgboost/worker.log,output/all_satisfying_primordia_splits/split_075/models/selected4/xgboost/training_summary.json,
600,74,split_075,lightgbm,selected4,succeeded,130.62891709059477,3101775,output/all_satisfying_primordia_splits/split_075/models/selected4/lightgbm/worker.log,output/all_satisfying_primordia_splits/split_075/models/selected4/lightgbm/training_summary.json,
