feature_mode,model_name,n_features,chosen_threshold,selected_hyperparameters,hyperparameter_search_csv,train_cv_pr_auc,train_cv_roc_auc,train_cv_precision_after_matching,train_cv_recall_after_matching,train_cv_F1_after_matching,summary_json,test_precision_after_matching,test_recall_after_matching,test_F1_after_matching,test_TP,test_FP,test_FN,split_index,split_id,split_name,train_csv,test_csv,assignment_csv,train_rows,test_rows,total_rows,total_input_rows,excluded_exception_rows,exception_column,exception_positive_value,train_fraction,test_fraction,n_train_primordia,n_test_primordia,train_set,test_set,train_daughter_pairs,test_daughter_pairs,total_daughter_pairs,train_non_daughter_pairs,test_non_daughter_pairs,train_daughter_pair_frequency,test_daughter_pair_frequency,daughter_pair_frequency_difference
all,lr,49,0.2964824120603015,"{""lr_C"": 1.0}",output/all_satisfying_primordia_splits/split_001/models/all/lr/hyperparameter_search_train_cv.csv,0.9562598638257032,0.9933227925969343,0.9352078239608802,0.9732824427480916,0.9538653366583542,output/all_satisfying_primordia_splits/split_001/models/all/lr/training_summary.json,0.9005681818181818,0.9664634146341464,0.9323529411764704,317,35,11,0,split_001,split_001,output/all_satisfying_primordia_splits/split_001/neighbor_pairs_train.csv,output/all_satisfying_primordia_splits/split_001/neighbor_pairs_test.csv,output/all_satisfying_primordia_splits/split_001/primordium_assignment.csv,5305,2268,7573,7624,51,exception_label,1,0.7005149874554337,0.2994850125445662,8,4,sample1;sample12;sample2;sample3;sample4;sample5;sample7;sample8,sample10;sample11;sample6;sample9,786,328,1114,4519,1940,0.1481621112158341,0.14462081128747795,0.0035412999283561675
all,svm,49,0.135678391959799,"{""svm_C"": 1.0, ""svm_calib_method"": ""sigmoid""}",output/all_satisfying_primordia_splits/split_001/models/all/svm/hyperparameter_search_train_cv.csv,0.9560089626186926,0.9932991435088604,0.935881627620222,0.965648854961832,0.9505322479649344,output/all_satisfying_primordia_splits/split_001/models/all/svm/training_summary.json,0.8971428571428571,0.9573170731707316,0.9262536873156344,314,36,14,0,split_001,split_001,output/all_satisfying_primordia_splits/split_001/neighbor_pairs_train.csv,output/all_satisfying_primordia_splits/split_001/neighbor_pairs_test.csv,output/all_satisfying_primordia_splits/split_001/primordium_assignment.csv,5305,2268,7573,7624,51,exception_label,1,0.7005149874554337,0.2994850125445662,8,4,sample1;sample12;sample2;sample3;sample4;sample5;sample7;sample8,sample10;sample11;sample6;sample9,786,328,1114,4519,1940,0.1481621112158341,0.14462081128747795,0.0035412999283561675
all,xgboost,49,0.050251256281407,"{""xgb_colsample_bytree"": 0.8, ""xgb_gamma"": 0.0, ""xgb_learning_rate"": 0.05, ""xgb_max_depth"": 4, ""xgb_min_child_weight"": 1.0, ""xgb_n_estimators"": 600, ""xgb_reg_alpha"": 0.0, ""xgb_reg_lambda"": 1.0, ""xgb_subsample"": 0.8}",output/all_satisfying_primordia_splits/split_001/models/all/xgboost/hyperparameter_search_train_cv.csv,0.9442247658472518,0.9922644959056108,0.9343246592317224,0.9592875318066156,0.9466415568110484,output/all_satisfying_primordia_splits/split_001/models/all/xgboost/training_summary.json,0.9152046783625732,0.9542682926829268,0.9343283582089552,313,29,15,0,split_001,split_001,output/all_satisfying_primordia_splits/split_001/neighbor_pairs_train.csv,output/all_satisfying_primordia_splits/split_001/neighbor_pairs_test.csv,output/all_satisfying_primordia_splits/split_001/primordium_assignment.csv,5305,2268,7573,7624,51,exception_label,1,0.7005149874554337,0.2994850125445662,8,4,sample1;sample12;sample2;sample3;sample4;sample5;sample7;sample8,sample10;sample11;sample6;sample9,786,328,1114,4519,1940,0.1481621112158341,0.14462081128747795,0.0035412999283561675
all,lightgbm,49,0.0150753768844221,"{""lgbm_colsample_bytree"": 0.8, ""lgbm_learning_rate"": 0.02, ""lgbm_max_depth"": -1, ""lgbm_min_child_samples"": 20, ""lgbm_n_estimators"": 1500, ""lgbm_num_leaves"": 63, ""lgbm_reg_alpha"": 0.0, ""lgbm_reg_lambda"": 1.0, ""lgbm_subsample"": 0.8}",output/all_satisfying_primordia_splits/split_001/models/all/lightgbm/hyperparameter_search_train_cv.csv,0.9427707862555448,0.9918343077320694,0.9306071871127634,0.955470737913486,0.9428750784682988,output/all_satisfying_primordia_splits/split_001/models/all/lightgbm/training_summary.json,0.911504424778761,0.9420731707317072,0.9265367316341828,309,30,19,0,split_001,split_001,output/all_satisfying_primordia_splits/split_001/neighbor_pairs_train.csv,output/all_satisfying_primordia_splits/split_001/neighbor_pairs_test.csv,output/all_satisfying_primordia_splits/split_001/primordium_assignment.csv,5305,2268,7573,7624,51,exception_label,1,0.7005149874554337,0.2994850125445662,8,4,sample1;sample12;sample2;sample3;sample4;sample5;sample7;sample8,sample10;sample11;sample6;sample9,786,328,1114,4519,1940,0.1481621112158341,0.14462081128747795,0.0035412999283561675
selected4,lr,4,0.457286432160804,"{""lr_C"": 1.0}",output/all_satisfying_primordia_splits/split_001/models/selected4/lr/hyperparameter_search_train_cv.csv,0.9431537700347388,0.991375965882249,0.9336609336609336,0.9669211195928752,0.95,output/all_satisfying_primordia_splits/split_001/models/selected4/lr/training_summary.json,0.8953488372093024,0.9390243902439024,0.9166666666666666,308,36,20,0,split_001,split_001,output/all_satisfying_primordia_splits/split_001/neighbor_pairs_train.csv,output/all_satisfying_primordia_splits/split_001/neighbor_pairs_test.csv,output/all_satisfying_primordia_splits/split_001/primordium_assignment.csv,5305,2268,7573,7624,51,exception_label,1,0.7005149874554337,0.2994850125445662,8,4,sample1;sample12;sample2;sample3;sample4;sample5;sample7;sample8,sample10;sample11;sample6;sample9,786,328,1114,4519,1940,0.1481621112158341,0.14462081128747795,0.0035412999283561675
selected4,svm,4,0.1658291457286432,"{""svm_C"": 1.0, ""svm_calib_method"": ""sigmoid""}",output/all_satisfying_primordia_splits/split_001/models/selected4/svm/hyperparameter_search_train_cv.csv,0.9428883971372214,0.9913832858380812,0.935881627620222,0.965648854961832,0.9505322479649344,output/all_satisfying_primordia_splits/split_001/models/selected4/svm/training_summary.json,0.9067055393586004,0.948170731707317,0.9269746646795828,311,32,17,0,split_001,split_001,output/all_satisfying_primordia_splits/split_001/neighbor_pairs_train.csv,output/all_satisfying_primordia_splits/split_001/neighbor_pairs_test.csv,output/all_satisfying_primordia_splits/split_001/primordium_assignment.csv,5305,2268,7573,7624,51,exception_label,1,0.7005149874554337,0.2994850125445662,8,4,sample1;sample12;sample2;sample3;sample4;sample5;sample7;sample8,sample10;sample11;sample6;sample9,786,328,1114,4519,1940,0.1481621112158341,0.14462081128747795,0.0035412999283561675
selected4,xgboost,4,0.050251256281407,"{""xgb_colsample_bytree"": 0.8, ""xgb_gamma"": 0.0, ""xgb_learning_rate"": 0.05, ""xgb_max_depth"": 4, ""xgb_min_child_weight"": 1.0, ""xgb_n_estimators"": 600, ""xgb_reg_alpha"": 0.0, ""xgb_reg_lambda"": 1.0, ""xgb_subsample"": 0.8}",output/all_satisfying_primordia_splits/split_001/models/selected4/xgboost/hyperparameter_search_train_cv.csv,0.921672713294796,0.9892530379224388,0.9226993865030676,0.9567430025445292,0.9394128669581512,output/all_satisfying_primordia_splits/split_001/models/selected4/xgboost/training_summary.json,0.8461538461538461,0.9054878048780488,0.8748159057437409,297,54,31,0,split_001,split_001,output/all_satisfying_primordia_splits/split_001/neighbor_pairs_train.csv,output/all_satisfying_primordia_splits/split_001/neighbor_pairs_test.csv,output/all_satisfying_primordia_splits/split_001/primordium_assignment.csv,5305,2268,7573,7624,51,exception_label,1,0.7005149874554337,0.2994850125445662,8,4,sample1;sample12;sample2;sample3;sample4;sample5;sample7;sample8,sample10;sample11;sample6;sample9,786,328,1114,4519,1940,0.1481621112158341,0.14462081128747795,0.0035412999283561675
selected4,lightgbm,4,0.0050251256281407,"{""lgbm_colsample_bytree"": 0.8, ""lgbm_learning_rate"": 0.02, ""lgbm_max_depth"": -1, ""lgbm_min_child_samples"": 20, ""lgbm_n_estimators"": 1500, ""lgbm_num_leaves"": 63, ""lgbm_reg_alpha"": 0.0, ""lgbm_reg_lambda"": 1.0, ""lgbm_subsample"": 0.8}",output/all_satisfying_primordia_splits/split_001/models/selected4/lightgbm/hyperparameter_search_train_cv.csv,0.9121266533979188,0.9876456037752952,0.9154411764705882,0.950381679389313,0.9325842696629212,output/all_satisfying_primordia_splits/split_001/models/selected4/lightgbm/training_summary.json,0.8490028490028491,0.9085365853658536,0.8777614138438882,298,53,30,0,split_001,split_001,output/all_satisfying_primordia_splits/split_001/neighbor_pairs_train.csv,output/all_satisfying_primordia_splits/split_001/neighbor_pairs_test.csv,output/all_satisfying_primordia_splits/split_001/primordium_assignment.csv,5305,2268,7573,7624,51,exception_label,1,0.7005149874554337,0.2994850125445662,8,4,sample1;sample12;sample2;sample3;sample4;sample5;sample7;sample8,sample10;sample11;sample6;sample9,786,328,1114,4519,1940,0.1481621112158341,0.14462081128747795,0.0035412999283561675
all,lr,49,0.4723618090452261,"{""lr_C"": 1.0}",output/all_satisfying_primordia_splits/split_002/models/all/lr/hyperparameter_search_train_cv.csv,0.951241694697444,0.992198207998168,0.934260429835651,0.9572538860103628,0.945617402431222,output/all_satisfying_primordia_splits/split_002/models/all/lr/training_summary.json,0.9340974212034384,0.953216374269006,0.9435600578871202,326,23,16,1,split_002,split_002,output/all_satisfying_primordia_splits/split_002/neighbor_pairs_train.csv,output/all_satisfying_primordia_splits/split_002/neighbor_pairs_test.csv,output/all_satisfying_primordia_splits/split_002/primordium_assignment.csv,5297,2276,7573,7624,51,exception_label,1,0.699458602931467,0.30054139706853295,8,4,sample1;sample10;sample12;sample2;sample3;sample4;sample5;sample9,sample11;sample6;sample7;sample8,772,342,1114,4525,1934,0.14574287332452332,0.15026362038664323,0.004520747062119912
all,svm,49,0.185929648241206,"{""svm_C"": 1.0, ""svm_calib_method"": ""sigmoid""}",output/all_satisfying_primordia_splits/split_002/models/all/svm/hyperparameter_search_train_cv.csv,0.9519169369859888,0.9922388572410042,0.9254108723135273,0.9481865284974094,0.9366602687140116,output/all_satisfying_primordia_splits/split_002/models/all/svm/training_summary.json,0.9398280802292264,0.95906432748538,0.9493487698986974,328,21,14,1,split_002,split_002,output/all_satisfying_primordia_splits/split_002/neighbor_pairs_train.csv,output/all_satisfying_primordia_splits/split_002/neighbor_pairs_test.csv,output/all_satisfying_primordia_splits/split_002/primordium_assignment.csv,5297,2276,7573,7624,51,exception_label,1,0.699458602931467,0.30054139706853295,8,4,sample1;sample10;sample12;sample2;sample3;sample4;sample5;sample9,sample11;sample6;sample7;sample8,772,342,1114,4525,1934,0.14574287332452332,0.15026362038664323,0.004520747062119912
all,xgboost,49,0.100502512562814,"{""xgb_colsample_bytree"": 0.8, ""xgb_gamma"": 0.0, ""xgb_learning_rate"": 0.05, ""xgb_max_depth"": 4, ""xgb_min_child_weight"": 1.0, ""xgb_n_estimators"": 600, ""xgb_reg_alpha"": 0.0, ""xgb_reg_lambda"": 1.0, ""xgb_subsample"": 0.8}",output/all_satisfying_primordia_splits/split_002/models/all/xgboost/hyperparameter_search_train_cv.csv,0.933490956984914,0.9905902728079466,0.9307692307692308,0.9404145077720208,0.9355670103092784,output/all_satisfying_primordia_splits/split_002/models/all/xgboost/training_summary.json,0.9396551724137931,0.956140350877193,0.9478260869565216,327,21,15,1,split_002,split_002,output/all_satisfying_primordia_splits/split_002/neighbor_pairs_train.csv,output/all_satisfying_primordia_splits/split_002/neighbor_pairs_test.csv,output/all_satisfying_primordia_splits/split_002/primordium_assignment.csv,5297,2276,7573,7624,51,exception_label,1,0.699458602931467,0.30054139706853295,8,4,sample1;sample10;sample12;sample2;sample3;sample4;sample5;sample9,sample11;sample6;sample7;sample8,772,342,1114,4525,1934,0.14574287332452332,0.15026362038664323,0.004520747062119912
all,lightgbm,49,0.0603015075376884,"{""lgbm_colsample_bytree"": 0.8, ""lgbm_learning_rate"": 0.02, ""lgbm_max_depth"": -1, ""lgbm_min_child_samples"": 20, ""lgbm_n_estimators"": 1500, ""lgbm_num_leaves"": 63, ""lgbm_reg_alpha"": 0.0, ""lgbm_reg_lambda"": 1.0, ""lgbm_subsample"": 0.8}",output/all_satisfying_primordia_splits/split_002/models/all/lightgbm/hyperparameter_search_train_cv.csv,0.9323957520870108,0.9904368362293534,0.9381443298969072,0.9430051813471504,0.9405684754521964,output/all_satisfying_primordia_splits/split_002/models/all/lightgbm/training_summary.json,0.944927536231884,0.953216374269006,0.9490538573508006,326,19,16,1,split_002,split_002,output/all_satisfying_primordia_splits/split_002/neighbor_pairs_train.csv,output/all_satisfying_primordia_splits/split_002/neighbor_pairs_test.csv,output/all_satisfying_primordia_splits/split_002/primordium_assignment.csv,5297,2276,7573,7624,51,exception_label,1,0.699458602931467,0.30054139706853295,8,4,sample1;sample10;sample12;sample2;sample3;sample4;sample5;sample9,sample11;sample6;sample7;sample8,772,342,1114,4525,1934,0.14574287332452332,0.15026362038664323,0.004520747062119912
selected4,lr,4,0.4321608040201005,"{""lr_C"": 1.0}",output/all_satisfying_primordia_splits/split_002/models/selected4/lr/hyperparameter_search_train_cv.csv,0.9342132811979618,0.990308304468554,0.920496894409938,0.9598445595854922,0.9397590361445782,output/all_satisfying_primordia_splits/split_002/models/selected4/lr/training_summary.json,0.9131652661064426,0.953216374269006,0.932761087267525,326,31,16,1,split_002,split_002,output/all_satisfying_primordia_splits/split_002/neighbor_pairs_train.csv,output/all_satisfying_primordia_splits/split_002/neighbor_pairs_test.csv,output/all_satisfying_primordia_splits/split_002/primordium_assignment.csv,5297,2276,7573,7624,51,exception_label,1,0.699458602931467,0.30054139706853295,8,4,sample1;sample10;sample12;sample2;sample3;sample4;sample5;sample9,sample11;sample6;sample7;sample8,772,342,1114,4525,1934,0.14574287332452332,0.15026362038664323,0.004520747062119912
selected4,svm,4,0.135678391959799,"{""svm_C"": 1.0, ""svm_calib_method"": ""sigmoid""}",output/all_satisfying_primordia_splits/split_002/models/selected4/svm/hyperparameter_search_train_cv.csv,0.93328087783631,0.9902444679815648,0.9213483146067416,0.955958549222798,0.9383343928798474,output/all_satisfying_primordia_splits/split_002/models/selected4/svm/training_summary.json,0.9323943661971832,0.9678362573099416,0.9497847919655666,331,24,11,1,split_002,split_002,output/all_satisfying_primordia_splits/split_002/neighbor_pairs_train.csv,output/all_satisfying_primordia_splits/split_002/neighbor_pairs_test.csv,output/all_satisfying_primordia_splits/split_002/primordium_assignment.csv,5297,2276,7573,7624,51,exception_label,1,0.699458602931467,0.30054139706853295,8,4,sample1;sample10;sample12;sample2;sample3;sample4;sample5;sample9,sample11;sample6;sample7;sample8,772,342,1114,4525,1934,0.14574287332452332,0.15026362038664323,0.004520747062119912
selected4,xgboost,4,0.0804020100502512,"{""xgb_colsample_bytree"": 0.8, ""xgb_gamma"": 0.0, ""xgb_learning_rate"": 0.05, ""xgb_max_depth"": 4, ""xgb_min_child_weight"": 1.0, ""xgb_n_estimators"": 600, ""xgb_reg_alpha"": 0.0, ""xgb_reg_lambda"": 1.0, ""xgb_subsample"": 0.8}",output/all_satisfying_primordia_splits/split_002/models/selected4/xgboost/hyperparameter_search_train_cv.csv,0.9131991229793696,0.988092061947156,0.8980099502487562,0.9352331606217616,0.9162436548223348,output/all_satisfying_primordia_splits/split_002/models/selected4/xgboost/training_summary.json,0.9124293785310734,0.9444444444444444,0.92816091954023,323,31,19,1,split_002,split_002,output/all_satisfying_primordia_splits/split_002/neighbor_pairs_train.csv,output/all_satisfying_primordia_splits/split_002/neighbor_pairs_test.csv,output/all_satisfying_primordia_splits/split_002/primordium_assignment.csv,5297,2276,7573,7624,51,exception_label,1,0.699458602931467,0.30054139706853295,8,4,sample1;sample10;sample12;sample2;sample3;sample4;sample5;sample9,sample11;sample6;sample7;sample8,772,342,1114,4525,1934,0.14574287332452332,0.15026362038664323,0.004520747062119912
selected4,lightgbm,4,0.0100502512562814,"{""lgbm_colsample_bytree"": 0.8, ""lgbm_learning_rate"": 0.02, ""lgbm_max_depth"": -1, ""lgbm_min_child_samples"": 20, ""lgbm_n_estimators"": 1500, ""lgbm_num_leaves"": 63, ""lgbm_reg_alpha"": 0.0, ""lgbm_reg_lambda"": 1.0, ""lgbm_subsample"": 0.8}",output/all_satisfying_primordia_splits/split_002/models/selected4/lightgbm/hyperparameter_search_train_cv.csv,0.9118964471887948,0.9858861248676036,0.904642409033877,0.9339378238341968,0.9190567240280432,output/all_satisfying_primordia_splits/split_002/models/selected4/lightgbm/training_summary.json,0.9232954545454546,0.9502923976608189,0.936599423631124,325,27,17,1,split_002,split_002,output/all_satisfying_primordia_splits/split_002/neighbor_pairs_train.csv,output/all_satisfying_primordia_splits/split_002/neighbor_pairs_test.csv,output/all_satisfying_primordia_splits/split_002/primordium_assignment.csv,5297,2276,7573,7624,51,exception_label,1,0.699458602931467,0.30054139706853295,8,4,sample1;sample10;sample12;sample2;sample3;sample4;sample5;sample9,sample11;sample6;sample7;sample8,772,342,1114,4525,1934,0.14574287332452332,0.15026362038664323,0.004520747062119912
all,lr,49,0.4773869346733668,"{""lr_C"": 1.0}",output/all_satisfying_primordia_splits/split_003/models/all/lr/hyperparameter_search_train_cv.csv,0.954483207529691,0.9927652862933396,0.9410288582183188,0.962772785622593,0.9517766497461928,output/all_satisfying_primordia_splits/split_003/models/all/lr/training_summary.json,0.9147727272727272,0.9611940298507464,0.9374090247452692,322,30,13,2,split_003,split_003,output/all_satisfying_primordia_splits/split_003/neighbor_pairs_train.csv,output/all_satisfying_primordia_splits/split_003/neighbor_pairs_test.csv,output/all_satisfying_primordia_splits/split_003/primordium_assignment.csv,5310,2263,7573,7624,51,exception_label,1,0.701175227782913,0.29882477221708703,7,5,sample1;sample2;sample3;sample4;sample5;sample8;sample9,sample10;sample11;sample12;sample6;sample7,779,335,1114,4531,1928,0.14670433145009415,0.14803358373840036,0.0013292522883062152
all,svm,49,0.1306532663316583,"{""svm_C"": 1.0, ""svm_calib_method"": ""sigmoid""}",output/all_satisfying_primordia_splits/split_003/models/all/svm/hyperparameter_search_train_cv.csv,0.9552917380826615,0.9927859682365016,0.9302615193026152,0.9589216944801028,0.9443742098609356,output/all_satisfying_primordia_splits/split_003/models/all/svm/training_summary.json,0.9106145251396648,0.9731343283582088,0.9408369408369408,326,32,9,2,split_003,split_003,output/all_satisfying_primordia_splits/split_003/neighbor_pairs_train.csv,output/all_satisfying_primordia_splits/split_003/neighbor_pairs_test.csv,output/all_satisfying_primordia_splits/split_003/primordium_assignment.csv,5310,2263,7573,7624,51,exception_label,1,0.701175227782913,0.29882477221708703,7,5,sample1;sample2;sample3;sample4;sample5;sample8;sample9,sample10;sample11;sample12;sample6;sample7,779,335,1114,4531,1928,0.14670433145009415,0.14803358373840036,0.0013292522883062152
all,xgboost,49,0.0251256281407035,"{""xgb_colsample_bytree"": 0.8, ""xgb_gamma"": 0.0, ""xgb_learning_rate"": 0.05, ""xgb_max_depth"": 4, ""xgb_min_child_weight"": 1.0, ""xgb_n_estimators"": 600, ""xgb_reg_alpha"": 0.0, ""xgb_reg_lambda"": 1.0, ""xgb_subsample"": 0.8}",output/all_satisfying_primordia_splits/split_003/models/all/xgboost/hyperparameter_search_train_cv.csv,0.940081959448055,0.9905266784317648,0.926980198019802,0.9614890885750964,0.9439193446754884,output/all_satisfying_primordia_splits/split_003/models/all/xgboost/training_summary.json,0.923943661971831,0.9791044776119404,0.9507246376811594,328,27,7,2,split_003,split_003,output/all_satisfying_primordia_splits/split_003/neighbor_pairs_train.csv,output/all_satisfying_primordia_splits/split_003/neighbor_pairs_test.csv,output/all_satisfying_primordia_splits/split_003/primordium_assignment.csv,5310,2263,7573,7624,51,exception_label,1,0.701175227782913,0.29882477221708703,7,5,sample1;sample2;sample3;sample4;sample5;sample8;sample9,sample10;sample11;sample12;sample6;sample7,779,335,1114,4531,1928,0.14670433145009415,0.14803358373840036,0.0013292522883062152
all,lightgbm,49,0.1155778894472361,"{""lgbm_colsample_bytree"": 0.8, ""lgbm_learning_rate"": 0.02, ""lgbm_max_depth"": -1, ""lgbm_min_child_samples"": 20, ""lgbm_n_estimators"": 1500, ""lgbm_num_leaves"": 63, ""lgbm_reg_alpha"": 0.0, ""lgbm_reg_lambda"": 1.0, ""lgbm_subsample"": 0.8}",output/all_satisfying_primordia_splits/split_003/models/all/lightgbm/hyperparameter_search_train_cv.csv,0.935141701998296,0.9906633775766374,0.9497422680412372,0.9460847240051348,0.9479099678456592,output/all_satisfying_primordia_splits/split_003/models/all/lightgbm/training_summary.json,0.9491017964071856,0.946268656716418,0.9476831091180868,317,17,18,2,split_003,split_003,output/all_satisfying_primordia_splits/split_003/neighbor_pairs_train.csv,output/all_satisfying_primordia_splits/split_003/neighbor_pairs_test.csv,output/all_satisfying_primordia_splits/split_003/primordium_assignment.csv,5310,2263,7573,7624,51,exception_label,1,0.701175227782913,0.29882477221708703,7,5,sample1;sample2;sample3;sample4;sample5;sample8;sample9,sample10;sample11;sample12;sample6;sample7,779,335,1114,4531,1928,0.14670433145009415,0.14803358373840036,0.0013292522883062152
selected4,lr,4,0.4371859296482412,"{""lr_C"": 1.0}",output/all_satisfying_primordia_splits/split_003/models/selected4/lr/hyperparameter_search_train_cv.csv,0.9418516966142436,0.9911512447838298,0.9292803970223326,0.9614890885750964,0.9451104100946373,output/all_satisfying_primordia_splits/split_003/models/selected4/lr/training_summary.json,0.9011299435028248,0.9522388059701492,0.9259796806966618,319,35,16,2,split_003,split_003,output/all_satisfying_primordia_splits/split_003/neighbor_pairs_train.csv,output/all_satisfying_primordia_splits/split_003/neighbor_pairs_test.csv,output/all_satisfying_primordia_splits/split_003/primordium_assignment.csv,5310,2263,7573,7624,51,exception_label,1,0.701175227782913,0.29882477221708703,7,5,sample1;sample2;sample3;sample4;sample5;sample8;sample9,sample10;sample11;sample12;sample6;sample7,779,335,1114,4531,1928,0.14670433145009415,0.14803358373840036,0.0013292522883062152
selected4,svm,4,0.1909547738693467,"{""svm_C"": 1.0, ""svm_calib_method"": ""sigmoid""}",output/all_satisfying_primordia_splits/split_003/models/selected4/svm/hyperparameter_search_train_cv.csv,0.9415099997336128,0.9911523780409894,0.9346733668341708,0.9550706033376124,0.9447619047619048,output/all_satisfying_primordia_splits/split_003/models/selected4/svm/training_summary.json,0.9186046511627908,0.9432835820895522,0.930780559646539,316,28,19,2,split_003,split_003,output/all_satisfying_primordia_splits/split_003/neighbor_pairs_train.csv,output/all_satisfying_primordia_splits/split_003/neighbor_pairs_test.csv,output/all_satisfying_primordia_splits/split_003/primordium_assignment.csv,5310,2263,7573,7624,51,exception_label,1,0.701175227782913,0.29882477221708703,7,5,sample1;sample2;sample3;sample4;sample5;sample8;sample9,sample10;sample11;sample12;sample6;sample7,779,335,1114,4531,1928,0.14670433145009415,0.14803358373840036,0.0013292522883062152
selected4,xgboost,4,0.0753768844221105,"{""xgb_colsample_bytree"": 0.8, ""xgb_gamma"": 0.0, ""xgb_learning_rate"": 0.05, ""xgb_max_depth"": 4, ""xgb_min_child_weight"": 1.0, ""xgb_n_estimators"": 600, ""xgb_reg_alpha"": 0.0, ""xgb_reg_lambda"": 1.0, ""xgb_subsample"": 0.8}",output/all_satisfying_primordia_splits/split_003/models/selected4/xgboost/hyperparameter_search_train_cv.csv,0.9155204923457032,0.9889819072661332,0.9132589838909542,0.9460847240051348,0.9293820933165196,output/all_satisfying_primordia_splits/split_003/models/selected4/xgboost/training_summary.json,0.8813559322033898,0.9313432835820896,0.9056603773584906,312,42,23,2,split_003,split_003,output/all_satisfying_primordia_splits/split_003/neighbor_pairs_train.csv,output/all_satisfying_primordia_splits/split_003/neighbor_pairs_test.csv,output/all_satisfying_primordia_splits/split_003/primordium_assignment.csv,5310,2263,7573,7624,51,exception_label,1,0.701175227782913,0.29882477221708703,7,5,sample1;sample2;sample3;sample4;sample5;sample8;sample9,sample10;sample11;sample12;sample6;sample7,779,335,1114,4531,1928,0.14670433145009415,0.14803358373840036,0.0013292522883062152
selected4,lightgbm,4,0.0150753768844221,"{""lgbm_colsample_bytree"": 0.8, ""lgbm_learning_rate"": 0.02, ""lgbm_max_depth"": -1, ""lgbm_min_child_samples"": 20, ""lgbm_n_estimators"": 1500, ""lgbm_num_leaves"": 63, ""lgbm_reg_alpha"": 0.0, ""lgbm_reg_lambda"": 1.0, ""lgbm_subsample"": 0.8}",output/all_satisfying_primordia_splits/split_003/models/selected4/lightgbm/hyperparameter_search_train_cv.csv,0.9073858536121344,0.9871641627821915,0.9148936170212766,0.938382541720154,0.926489226869455,output/all_satisfying_primordia_splits/split_003/models/selected4/lightgbm/training_summary.json,0.8731988472622478,0.9044776119402984,0.8885630498533725,303,44,32,2,split_003,split_003,output/all_satisfying_primordia_splits/split_003/neighbor_pairs_train.csv,output/all_satisfying_primordia_splits/split_003/neighbor_pairs_test.csv,output/all_satisfying_primordia_splits/split_003/primordium_assignment.csv,5310,2263,7573,7624,51,exception_label,1,0.701175227782913,0.29882477221708703,7,5,sample1;sample2;sample3;sample4;sample5;sample8;sample9,sample10;sample11;sample12;sample6;sample7,779,335,1114,4531,1928,0.14670433145009415,0.14803358373840036,0.0013292522883062152
all,lr,49,0.5226130653266332,"{""lr_C"": 1.0}",output/all_satisfying_primordia_splits/split_004/models/all/lr/hyperparameter_search_train_cv.csv,0.9513339038172564,0.9923035606074516,0.9363057324840764,0.9582790091264668,0.9471649484536084,output/all_satisfying_primordia_splits/split_004/models/all/lr/training_summary.json,0.9430199430199432,0.9538904899135446,0.9484240687679084,331,20,16,3,split_004,split_004,output/all_satisfying_primordia_splits/split_004/neighbor_pairs_train.csv,output/all_satisfying_primordia_splits/split_004/neighbor_pairs_test.csv,output/all_satisfying_primordia_splits/split_004/primordium_assignment.csv,5311,2262,7573,7624,51,exception_label,1,0.7013072758484088,0.2986927241515912,9,3,sample1;sample10;sample11;sample12;sample3;sample4;sample5;sample7;sample9,sample2;sample6;sample8,767,347,1114,4544,1915,0.14441724722274524,0.15340406719717065,0.008986819974425408
all,svm,49,0.2562814070351759,"{""svm_C"": 1.0, ""svm_calib_method"": ""sigmoid""}",output/all_satisfying_primordia_splits/split_004/models/all/svm/hyperparameter_search_train_cv.csv,0.9512576439009496,0.9923265144976772,0.9415584415584416,0.9452411994784876,0.9433962264150944,output/all_satisfying_primordia_splits/split_004/models/all/svm/training_summary.json,0.9649122807017544,0.9510086455331412,0.957910014513788,330,12,17,3,split_004,split_004,output/all_satisfying_primordia_splits/split_004/neighbor_pairs_train.csv,output/all_satisfying_primordia_splits/split_004/neighbor_pairs_test.csv,output/all_satisfying_primordia_splits/split_004/primordium_assignment.csv,5311,2262,7573,7624,51,exception_label,1,0.7013072758484088,0.2986927241515912,9,3,sample1;sample10;sample11;sample12;sample3;sample4;sample5;sample7;sample9,sample2;sample6;sample8,767,347,1114,4544,1915,0.14441724722274524,0.15340406719717065,0.008986819974425408
all,xgboost,49,0.1959798994974874,"{""xgb_colsample_bytree"": 0.8, ""xgb_gamma"": 0.0, ""xgb_learning_rate"": 0.05, ""xgb_max_depth"": 4, ""xgb_min_child_weight"": 1.0, ""xgb_n_estimators"": 600, ""xgb_reg_alpha"": 0.0, ""xgb_reg_lambda"": 1.0, ""xgb_subsample"": 0.8}",output/all_satisfying_primordia_splits/split_004/models/all/xgboost/hyperparameter_search_train_cv.csv,0.9342916759302016,0.9905765672916246,0.93848167539267,0.9348109517601044,0.9366427171783148,output/all_satisfying_primordia_splits/split_004/models/all/xgboost/training_summary.json,0.9560117302052786,0.9394812680115274,0.9476744186046512,326,15,21,3,split_004,split_004,output/all_satisfying_primordia_splits/split_004/neighbor_pairs_train.csv,output/all_satisfying_primordia_splits/split_004/neighbor_pairs_test.csv,output/all_satisfying_primordia_splits/split_004/primordium_assignment.csv,5311,2262,7573,7624,51,exception_label,1,0.7013072758484088,0.2986927241515912,9,3,sample1;sample10;sample11;sample12;sample3;sample4;sample5;sample7;sample9,sample2;sample6;sample8,767,347,1114,4544,1915,0.14441724722274524,0.15340406719717065,0.008986819974425408
all,lightgbm,49,0.2412060301507537,"{""lgbm_colsample_bytree"": 0.8, ""lgbm_learning_rate"": 0.02, ""lgbm_max_depth"": -1, ""lgbm_min_child_samples"": 20, ""lgbm_n_estimators"": 1500, ""lgbm_num_leaves"": 63, ""lgbm_reg_alpha"": 0.0, ""lgbm_reg_lambda"": 1.0, ""lgbm_subsample"": 0.8}",output/all_satisfying_primordia_splits/split_004/models/all/lightgbm/hyperparameter_search_train_cv.csv,0.9325423903003084,0.9903665391960632,0.952191235059761,0.9348109517601044,0.943421052631579,output/all_satisfying_primordia_splits/split_004/models/all/lightgbm/training_summary.json,0.9492537313432836,0.9164265129682996,0.932551319648094,318,17,29,3,split_004,split_004,output/all_satisfying_primordia_splits/split_004/neighbor_pairs_train.csv,output/all_satisfying_primordia_splits/split_004/neighbor_pairs_test.csv,output/all_satisfying_primordia_splits/split_004/primordium_assignment.csv,5311,2262,7573,7624,51,exception_label,1,0.7013072758484088,0.2986927241515912,9,3,sample1;sample10;sample11;sample12;sample3;sample4;sample5;sample7;sample9,sample2;sample6;sample8,767,347,1114,4544,1915,0.14441724722274524,0.15340406719717065,0.008986819974425408
selected4,lr,4,0.4422110552763819,"{""lr_C"": 1.0}",output/all_satisfying_primordia_splits/split_004/models/selected4/lr/hyperparameter_search_train_cv.csv,0.9312967651688728,0.9900999871458214,0.9178082191780822,0.9608865710560626,0.9388535031847134,output/all_satisfying_primordia_splits/split_004/models/selected4/lr/training_summary.json,0.9241573033707864,0.9481268011527376,0.9359886201991464,329,27,18,3,split_004,split_004,output/all_satisfying_primordia_splits/split_004/neighbor_pairs_train.csv,output/all_satisfying_primordia_splits/split_004/neighbor_pairs_test.csv,output/all_satisfying_primordia_splits/split_004/primordium_assignment.csv,5311,2262,7573,7624,51,exception_label,1,0.7013072758484088,0.2986927241515912,9,3,sample1;sample10;sample11;sample12;sample3;sample4;sample5;sample7;sample9,sample2;sample6;sample8,767,347,1114,4544,1915,0.14441724722274524,0.15340406719717065,0.008986819974425408
selected4,svm,4,0.1457286432160804,"{""svm_C"": 1.0, ""svm_calib_method"": ""sigmoid""}",output/all_satisfying_primordia_splits/split_004/models/selected4/svm/hyperparameter_search_train_cv.csv,0.9305651701063192,0.9900830586517804,0.9198998748435544,0.9582790091264668,0.9386973180076628,output/all_satisfying_primordia_splits/split_004/models/selected4/svm/training_summary.json,0.9378531073446328,0.956772334293948,0.9472182596291012,332,22,15,3,split_004,split_004,output/all_satisfying_primordia_splits/split_004/neighbor_pairs_train.csv,output/all_satisfying_primordia_splits/split_004/neighbor_pairs_test.csv,output/all_satisfying_primordia_splits/split_004/primordium_assignment.csv,5311,2262,7573,7624,51,exception_label,1,0.7013072758484088,0.2986927241515912,9,3,sample1;sample10;sample11;sample12;sample3;sample4;sample5;sample7;sample9,sample2;sample6;sample8,767,347,1114,4544,1915,0.14441724722274524,0.15340406719717065,0.008986819974425408
selected4,xgboost,4,0.1105527638190954,"{""xgb_colsample_bytree"": 0.8, ""xgb_gamma"": 0.0, ""xgb_learning_rate"": 0.05, ""xgb_max_depth"": 4, ""xgb_min_child_weight"": 1.0, ""xgb_n_estimators"": 600, ""xgb_reg_alpha"": 0.0, ""xgb_reg_lambda"": 1.0, ""xgb_subsample"": 0.8}",output/all_satisfying_primordia_splits/split_004/models/selected4/xgboost/hyperparameter_search_train_cv.csv,0.9028304289589874,0.9877870957819932,0.9116161616161615,0.9413298565840938,0.9262347658755612,output/all_satisfying_primordia_splits/split_004/models/selected4/xgboost/training_summary.json,0.92,0.9279538904899136,0.9239598278335724,322,28,25,3,split_004,split_004,output/all_satisfying_primordia_splits/split_004/neighbor_pairs_train.csv,output/all_satisfying_primordia_splits/split_004/neighbor_pairs_test.csv,output/all_satisfying_primordia_splits/split_004/primordium_assignment.csv,5311,2262,7573,7624,51,exception_label,1,0.7013072758484088,0.2986927241515912,9,3,sample1;sample10;sample11;sample12;sample3;sample4;sample5;sample7;sample9,sample2;sample6;sample8,767,347,1114,4544,1915,0.14441724722274524,0.15340406719717065,0.008986819974425408
selected4,lightgbm,4,0.0402010050251256,"{""lgbm_colsample_bytree"": 0.8, ""lgbm_learning_rate"": 0.02, ""lgbm_max_depth"": -1, ""lgbm_min_child_samples"": 20, ""lgbm_n_estimators"": 1500, ""lgbm_num_leaves"": 63, ""lgbm_reg_alpha"": 0.0, ""lgbm_reg_lambda"": 1.0, ""lgbm_subsample"": 0.8}",output/all_satisfying_primordia_splits/split_004/models/selected4/lightgbm/hyperparameter_search_train_cv.csv,0.8935976681789576,0.9859103283324456,0.9161290322580644,0.9256844850065188,0.9208819714656292,output/all_satisfying_primordia_splits/split_004/models/selected4/lightgbm/training_summary.json,0.9304347826086956,0.92507204610951,0.9277456647398844,321,24,26,3,split_004,split_004,output/all_satisfying_primordia_splits/split_004/neighbor_pairs_train.csv,output/all_satisfying_primordia_splits/split_004/neighbor_pairs_test.csv,output/all_satisfying_primordia_splits/split_004/primordium_assignment.csv,5311,2262,7573,7624,51,exception_label,1,0.7013072758484088,0.2986927241515912,9,3,sample1;sample10;sample11;sample12;sample3;sample4;sample5;sample7;sample9,sample2;sample6;sample8,767,347,1114,4544,1915,0.14441724722274524,0.15340406719717065,0.008986819974425408
all,lr,49,0.4472361809045226,"{""lr_C"": 1.0}",output/all_satisfying_primordia_splits/split_005/models/all/lr/hyperparameter_search_train_cv.csv,0.9554441485346544,0.9929121276634962,0.9293820933165196,0.9596354166666666,0.9442664958360024,output/all_satisfying_primordia_splits/split_005/models/all/lr/training_summary.json,0.9323943661971832,0.9566473988439308,0.9443651925820256,331,24,15,4,split_005,split_005,output/all_satisfying_primordia_splits/split_005/neighbor_pairs_train.csv,output/all_satisfying_primordia_splits/split_005/neighbor_pairs_test.csv,output/all_satisfying_primordia_splits/split_005/primordium_assignment.csv,5289,2284,7573,7624,51,exception_label,1,0.6984022184075003,0.30159778159249967,7,5,sample1;sample10;sample2;sample3;sample4;sample8;sample9,sample11;sample12;sample5;sample6;sample7,768,346,1114,4521,1938,0.1452070334656835,0.15148861646234676,0.00628158299666326
all,svm,49,0.1658291457286432,"{""svm_C"": 1.0, ""svm_calib_method"": ""sigmoid""}",output/all_satisfying_primordia_splits/split_005/models/all/svm/hyperparameter_search_train_cv.csv,0.9544309667309928,0.9927681237558064,0.9256926952141058,0.95703125,0.941101152368758,output/all_satisfying_primordia_splits/split_005/models/all/svm/training_summary.json,0.9355742296918768,0.9653179190751444,0.9502133712660028,334,23,12,4,split_005,split_005,output/all_satisfying_primordia_splits/split_005/neighbor_pairs_train.csv,output/all_satisfying_primordia_splits/split_005/neighbor_pairs_test.csv,output/all_satisfying_primordia_splits/split_005/primordium_assignment.csv,5289,2284,7573,7624,51,exception_label,1,0.6984022184075003,0.30159778159249967,7,5,sample1;sample10;sample2;sample3;sample4;sample8;sample9,sample11;sample12;sample5;sample6;sample7,768,346,1114,4521,1938,0.1452070334656835,0.15148861646234676,0.00628158299666326
all,xgboost,49,0.100502512562814,"{""xgb_colsample_bytree"": 0.8, ""xgb_gamma"": 0.0, ""xgb_learning_rate"": 0.05, ""xgb_max_depth"": 4, ""xgb_min_child_weight"": 1.0, ""xgb_n_estimators"": 600, ""xgb_reg_alpha"": 0.0, ""xgb_reg_lambda"": 1.0, ""xgb_subsample"": 0.8}",output/all_satisfying_primordia_splits/split_005/models/all/xgboost/hyperparameter_search_train_cv.csv,0.9452602166859044,0.9921663314255696,0.9285714285714286,0.9479166666666666,0.9381443298969072,output/all_satisfying_primordia_splits/split_005/models/all/xgboost/training_summary.json,0.9454022988505748,0.9508670520231214,0.9481268011527376,329,19,17,4,split_005,split_005,output/all_satisfying_primordia_splits/split_005/neighbor_pairs_train.csv,output/all_satisfying_primordia_splits/split_005/neighbor_pairs_test.csv,output/all_satisfying_primordia_splits/split_005/primordium_assignment.csv,5289,2284,7573,7624,51,exception_label,1,0.6984022184075003,0.30159778159249967,7,5,sample1;sample10;sample2;sample3;sample4;sample8;sample9,sample11;sample12;sample5;sample6;sample7,768,346,1114,4521,1938,0.1452070334656835,0.15148861646234676,0.00628158299666326
all,lightgbm,49,0.0552763819095477,"{""lgbm_colsample_bytree"": 0.8, ""lgbm_learning_rate"": 0.02, ""lgbm_max_depth"": -1, ""lgbm_min_child_samples"": 20, ""lgbm_n_estimators"": 1500, ""lgbm_num_leaves"": 63, ""lgbm_reg_alpha"": 0.0, ""lgbm_reg_lambda"": 1.0, ""lgbm_subsample"": 0.8}",output/all_satisfying_primordia_splits/split_005/models/all/lightgbm/hyperparameter_search_train_cv.csv,0.9494688188947712,0.992300399063629,0.9432258064516128,0.9518229166666666,0.94750486066105,output/all_satisfying_primordia_splits/split_005/models/all/lightgbm/training_summary.json,0.9501466275659824,0.9364161849710982,0.9432314410480348,324,17,22,4,split_005,split_005,output/all_satisfying_primordia_splits/split_005/neighbor_pairs_train.csv,output/all_satisfying_primordia_splits/split_005/neighbor_pairs_test.csv,output/all_satisfying_primordia_splits/split_005/primordium_assignment.csv,5289,2284,7573,7624,51,exception_label,1,0.6984022184075003,0.30159778159249967,7,5,sample1;sample10;sample2;sample3;sample4;sample8;sample9,sample11;sample12;sample5;sample6;sample7,768,346,1114,4521,1938,0.1452070334656835,0.15148861646234676,0.00628158299666326
selected4,lr,4,0.5226130653266332,"{""lr_C"": 1.0}",output/all_satisfying_primordia_splits/split_005/models/selected4/lr/hyperparameter_search_train_cv.csv,0.9358007679532988,0.9907768377202684,0.9241466498103666,0.9518229166666666,0.937780628608082,output/all_satisfying_primordia_splits/split_005/models/selected4/lr/training_summary.json,0.9310344827586208,0.9364161849710982,0.9337175792507204,324,24,22,4,split_005,split_005,output/all_satisfying_primordia_splits/split_005/neighbor_pairs_train.csv,output/all_satisfying_primordia_splits/split_005/neighbor_pairs_test.csv,output/all_satisfying_primordia_splits/split_005/primordium_assignment.csv,5289,2284,7573,7624,51,exception_label,1,0.6984022184075003,0.30159778159249967,7,5,sample1;sample10;sample2;sample3;sample4;sample8;sample9,sample11;sample12;sample5;sample6;sample7,768,346,1114,4521,1938,0.1452070334656835,0.15148861646234676,0.00628158299666326
selected4,svm,4,0.1809045226130653,"{""svm_C"": 1.0, ""svm_calib_method"": ""sigmoid""}",output/all_satisfying_primordia_splits/split_005/models/selected4/svm/hyperparameter_search_train_cv.csv,0.9349916439291004,0.9907414127589766,0.9216182048040455,0.94921875,0.9352148813341886,output/all_satisfying_primordia_splits/split_005/models/selected4/svm/training_summary.json,0.9452449567723344,0.9479768786127168,0.9466089466089468,328,19,18,4,split_005,split_005,output/all_satisfying_primordia_splits/split_005/neighbor_pairs_train.csv,output/all_satisfying_primordia_splits/split_005/neighbor_pairs_test.csv,output/all_satisfying_primordia_splits/split_005/primordium_assignment.csv,5289,2284,7573,7624,51,exception_label,1,0.6984022184075003,0.30159778159249967,7,5,sample1;sample10;sample2;sample3;sample4;sample8;sample9,sample11;sample12;sample5;sample6;sample7,768,346,1114,4521,1938,0.1452070334656835,0.15148861646234676,0.00628158299666326
selected4,xgboost,4,0.0402010050251256,"{""xgb_colsample_bytree"": 0.8, ""xgb_gamma"": 0.0, ""xgb_learning_rate"": 0.05, ""xgb_max_depth"": 4, ""xgb_min_child_weight"": 1.0, ""xgb_n_estimators"": 600, ""xgb_reg_alpha"": 0.0, ""xgb_reg_lambda"": 1.0, ""xgb_subsample"": 0.8}",output/all_satisfying_primordia_splits/split_005/models/selected4/xgboost/hyperparameter_search_train_cv.csv,0.9127434259823368,0.9881286058578486,0.8986402966625463,0.9466145833333334,0.922003804692454,output/all_satisfying_primordia_splits/split_005/models/selected4/xgboost/training_summary.json,0.9141274238227148,0.953757225433526,0.9335219236209334,330,31,16,4,split_005,split_005,output/all_satisfying_primordia_splits/split_005/neighbor_pairs_train.csv,output/all_satisfying_primordia_splits/split_005/neighbor_pairs_test.csv,output/all_satisfying_primordia_splits/split_005/primordium_assignment.csv,5289,2284,7573,7624,51,exception_label,1,0.6984022184075003,0.30159778159249967,7,5,sample1;sample10;sample2;sample3;sample4;sample8;sample9,sample11;sample12;sample5;sample6;sample7,768,346,1114,4521,1938,0.1452070334656835,0.15148861646234676,0.00628158299666326
selected4,lightgbm,4,0.0050251256281407,"{""lgbm_colsample_bytree"": 0.8, ""lgbm_learning_rate"": 0.02, ""lgbm_max_depth"": -1, ""lgbm_min_child_samples"": 20, ""lgbm_n_estimators"": 1500, ""lgbm_num_leaves"": 63, ""lgbm_reg_alpha"": 0.0, ""lgbm_reg_lambda"": 1.0, ""lgbm_subsample"": 0.8}",output/all_satisfying_primordia_splits/split_005/models/selected4/lightgbm/hyperparameter_search_train_cv.csv,0.9021515908223398,0.9859800675551132,0.8930348258706468,0.9348958333333334,0.9134860050890584,output/all_satisfying_primordia_splits/split_005/models/selected4/lightgbm/training_summary.json,0.9213483146067416,0.9479768786127168,0.9344729344729344,328,28,18,4,split_005,split_005,output/all_satisfying_primordia_splits/split_005/neighbor_pairs_train.csv,output/all_satisfying_primordia_splits/split_005/neighbor_pairs_test.csv,output/all_satisfying_primordia_splits/split_005/primordium_assignment.csv,5289,2284,7573,7624,51,exception_label,1,0.6984022184075003,0.30159778159249967,7,5,sample1;sample10;sample2;sample3;sample4;sample8;sample9,sample11;sample12;sample5;sample6;sample7,768,346,1114,4521,1938,0.1452070334656835,0.15148861646234676,0.00628158299666326
all,lr,49,0.5628140703517588,"{""lr_C"": 1.0}",output/all_satisfying_primordia_splits/split_006/models/all/lr/hyperparameter_search_train_cv.csv,0.9510016572108856,0.9924534156987284,0.9368556701030928,0.9540682414698164,0.9453836150845252,output/all_satisfying_primordia_splits/split_006/models/all/lr/training_summary.json,0.9517045454545454,0.9517045454545454,0.9517045454545454,335,17,17,5,split_006,split_006,output/all_satisfying_primordia_splits/split_006/neighbor_pairs_train.csv,output/all_satisfying_primordia_splits/split_006/neighbor_pairs_test.csv,output/all_satisfying_primordia_splits/split_006/primordium_assignment.csv,5287,2286,7573,7624,51,exception_label,1,0.6981381222765086,0.3018618777234914,7,5,sample1;sample10;sample3;sample4;sample5;sample6;sample8,sample11;sample12;sample2;sample7;sample9,762,352,1114,4525,1934,0.14412710421789293,0.15398075240594924,0.009853648188056313
all,svm,49,0.1708542713567839,"{""svm_C"": 1.0, ""svm_calib_method"": ""sigmoid""}",output/all_satisfying_primordia_splits/split_006/models/all/svm/hyperparameter_search_train_cv.csv,0.9521048839418524,0.9926024854627976,0.929757343550447,0.9553805774278216,0.9423948220064724,output/all_satisfying_primordia_splits/split_006/models/all/svm/training_summary.json,0.9491525423728814,0.9545454545454546,0.951841359773371,336,18,16,5,split_006,split_006,output/all_satisfying_primordia_splits/split_006/neighbor_pairs_train.csv,output/all_satisfying_primordia_splits/split_006/neighbor_pairs_test.csv,output/all_satisfying_primordia_splits/split_006/primordium_assignment.csv,5287,2286,7573,7624,51,exception_label,1,0.6981381222765086,0.3018618777234914,7,5,sample1;sample10;sample3;sample4;sample5;sample6;sample8,sample11;sample12;sample2;sample7;sample9,762,352,1114,4525,1934,0.14412710421789293,0.15398075240594924,0.009853648188056313
all,xgboost,49,0.050251256281407,"{""xgb_colsample_bytree"": 0.8, ""xgb_gamma"": 0.0, ""xgb_learning_rate"": 0.05, ""xgb_max_depth"": 4, ""xgb_min_child_weight"": 1.0, ""xgb_n_estimators"": 600, ""xgb_reg_alpha"": 0.0, ""xgb_reg_lambda"": 1.0, ""xgb_subsample"": 0.8}",output/all_satisfying_primordia_splits/split_006/models/all/xgboost/hyperparameter_search_train_cv.csv,0.9409687124030796,0.9908071228665476,0.9231754161331626,0.9461942257217848,0.9345430978613092,output/all_satisfying_primordia_splits/split_006/models/all/xgboost/training_summary.json,0.9495798319327732,0.9630681818181818,0.9562764456981664,339,18,13,5,split_006,split_006,output/all_satisfying_primordia_splits/split_006/neighbor_pairs_train.csv,output/all_satisfying_primordia_splits/split_006/neighbor_pairs_test.csv,output/all_satisfying_primordia_splits/split_006/primordium_assignment.csv,5287,2286,7573,7624,51,exception_label,1,0.6981381222765086,0.3018618777234914,7,5,sample1;sample10;sample3;sample4;sample5;sample6;sample8,sample11;sample12;sample2;sample7;sample9,762,352,1114,4525,1934,0.14412710421789293,0.15398075240594924,0.009853648188056313
all,lightgbm,49,0.2562814070351759,"{""lgbm_colsample_bytree"": 0.8, ""lgbm_learning_rate"": 0.02, ""lgbm_max_depth"": -1, ""lgbm_min_child_samples"": 20, ""lgbm_n_estimators"": 1500, ""lgbm_num_leaves"": 63, ""lgbm_reg_alpha"": 0.0, ""lgbm_reg_lambda"": 1.0, ""lgbm_subsample"": 0.8}",output/all_satisfying_primordia_splits/split_006/models/all/lightgbm/hyperparameter_search_train_cv.csv,0.9359918945436102,0.9901953277939703,0.9476510067114094,0.926509186351706,0.9369608493696084,output/all_satisfying_primordia_splits/split_006/models/all/lightgbm/training_summary.json,0.967930029154519,0.9431818181818182,0.9553956834532374,332,11,20,5,split_006,split_006,output/all_satisfying_primordia_splits/split_006/neighbor_pairs_train.csv,output/all_satisfying_primordia_splits/split_006/neighbor_pairs_test.csv,output/all_satisfying_primordia_splits/split_006/primordium_assignment.csv,5287,2286,7573,7624,51,exception_label,1,0.6981381222765086,0.3018618777234914,7,5,sample1;sample10;sample3;sample4;sample5;sample6;sample8,sample11;sample12;sample2;sample7;sample9,762,352,1114,4525,1934,0.14412710421789293,0.15398075240594924,0.009853648188056313
selected4,lr,4,0.6180904522613065,"{""lr_C"": 1.0}",output/all_satisfying_primordia_splits/split_006/models/selected4/lr/hyperparameter_search_train_cv.csv,0.9317211167236495,0.990263482258088,0.9321148825065274,0.937007874015748,0.9345549738219896,output/all_satisfying_primordia_splits/split_006/models/selected4/lr/training_summary.json,0.9534883720930232,0.9318181818181818,0.942528735632184,328,16,24,5,split_006,split_006,output/all_satisfying_primordia_splits/split_006/neighbor_pairs_train.csv,output/all_satisfying_primordia_splits/split_006/neighbor_pairs_test.csv,output/all_satisfying_primordia_splits/split_006/primordium_assignment.csv,5287,2286,7573,7624,51,exception_label,1,0.6981381222765086,0.3018618777234914,7,5,sample1;sample10;sample3;sample4;sample5;sample6;sample8,sample11;sample12;sample2;sample7;sample9,762,352,1114,4525,1934,0.14412710421789293,0.15398075240594924,0.009853648188056313
selected4,svm,4,0.2160804020100502,"{""svm_C"": 1.0, ""svm_calib_method"": ""sigmoid""}",output/all_satisfying_primordia_splits/split_006/models/selected4/svm/hyperparameter_search_train_cv.csv,0.9310486307809616,0.9902559417641856,0.9337662337662338,0.9435695538057742,0.9386422976501306,output/all_satisfying_primordia_splits/split_006/models/selected4/svm/training_summary.json,0.9476744186046512,0.9261363636363636,0.9367816091954024,326,18,26,5,split_006,split_006,output/all_satisfying_primordia_splits/split_006/neighbor_pairs_train.csv,output/all_satisfying_primordia_splits/split_006/neighbor_pairs_test.csv,output/all_satisfying_primordia_splits/split_006/primordium_assignment.csv,5287,2286,7573,7624,51,exception_label,1,0.6981381222765086,0.3018618777234914,7,5,sample1;sample10;sample3;sample4;sample5;sample6;sample8,sample11;sample12;sample2;sample7;sample9,762,352,1114,4525,1934,0.14412710421789293,0.15398075240594924,0.009853648188056313
selected4,xgboost,4,0.1155778894472361,"{""xgb_colsample_bytree"": 0.8, ""xgb_gamma"": 0.0, ""xgb_learning_rate"": 0.05, ""xgb_max_depth"": 4, ""xgb_min_child_weight"": 1.0, ""xgb_n_estimators"": 600, ""xgb_reg_alpha"": 0.0, ""xgb_reg_lambda"": 1.0, ""xgb_subsample"": 0.8}",output/all_satisfying_primordia_splits/split_006/models/selected4/xgboost/hyperparameter_search_train_cv.csv,0.9092965957057836,0.987751047693624,0.9027777777777778,0.9383202099737532,0.9202059202059202,output/all_satisfying_primordia_splits/split_006/models/selected4/xgboost/training_summary.json,0.9269662921348316,0.9375,0.9322033898305084,330,26,22,5,split_006,split_006,output/all_satisfying_primordia_splits/split_006/neighbor_pairs_train.csv,output/all_satisfying_primordia_splits/split_006/neighbor_pairs_test.csv,output/all_satisfying_primordia_splits/split_006/primordium_assignment.csv,5287,2286,7573,7624,51,exception_label,1,0.6981381222765086,0.3018618777234914,7,5,sample1;sample10;sample3;sample4;sample5;sample6;sample8,sample11;sample12;sample2;sample7;sample9,762,352,1114,4525,1934,0.14412710421789293,0.15398075240594924,0.009853648188056313
selected4,lightgbm,4,0.100502512562814,"{""lgbm_colsample_bytree"": 0.8, ""lgbm_learning_rate"": 0.02, ""lgbm_max_depth"": -1, ""lgbm_min_child_samples"": 20, ""lgbm_n_estimators"": 1500, ""lgbm_num_leaves"": 63, ""lgbm_reg_alpha"": 0.0, ""lgbm_reg_lambda"": 1.0, ""lgbm_subsample"": 0.8}",output/all_satisfying_primordia_splits/split_006/models/selected4/lightgbm/hyperparameter_search_train_cv.csv,0.9098508058771292,0.987214512550572,0.9202614379084968,0.9238845144356956,0.922069417157826,output/all_satisfying_primordia_splits/split_006/models/selected4/lightgbm/training_summary.json,0.9380530973451328,0.9034090909090908,0.9204052098408104,318,21,34,5,split_006,split_006,output/all_satisfying_primordia_splits/split_006/neighbor_pairs_train.csv,output/all_satisfying_primordia_splits/split_006/neighbor_pairs_test.csv,output/all_satisfying_primordia_splits/split_006/primordium_assignment.csv,5287,2286,7573,7624,51,exception_label,1,0.6981381222765086,0.3018618777234914,7,5,sample1;sample10;sample3;sample4;sample5;sample6;sample8,sample11;sample12;sample2;sample7;sample9,762,352,1114,4525,1934,0.14412710421789293,0.15398075240594924,0.009853648188056313
all,lr,49,0.6030150753768845,"{""lr_C"": 1.0}",output/all_satisfying_primordia_splits/split_007/models/all/lr/hyperparameter_search_train_cv.csv,0.9583877615284214,0.9935830716783745,0.9428571428571428,0.952755905511811,0.947780678851175,output/all_satisfying_primordia_splits/split_007/models/all/lr/training_summary.json,0.9398280802292264,0.9318181818181818,0.9358059914407988,328,21,24,6,split_007,split_007,output/all_satisfying_primordia_splits/split_007/neighbor_pairs_train.csv,output/all_satisfying_primordia_splits/split_007/neighbor_pairs_test.csv,output/all_satisfying_primordia_splits/split_007/primordium_assignment.csv,5286,2287,7573,7624,51,exception_label,1,0.6980060742110128,0.3019939257889872,8,4,sample1;sample11;sample12;sample2;sample4;sample7;sample8;sample9,sample10;sample3;sample5;sample6,762,352,1114,4524,1935,0.1441543700340522,0.15391342369916922,0.009759053665117007
all,svm,49,0.2763819095477387,"{""svm_C"": 1.0, ""svm_calib_method"": ""sigmoid""}",output/all_satisfying_primordia_splits/split_007/models/all/svm/hyperparameter_search_train_cv.csv,0.9560822823457752,0.9935386889636144,0.9401820546163848,0.9488188976377953,0.9444807315480078,output/all_satisfying_primordia_splits/split_007/models/all/svm/training_summary.json,0.9565217391304348,0.9375,0.9469153515064562,330,15,22,6,split_007,split_007,output/all_satisfying_primordia_splits/split_007/neighbor_pairs_train.csv,output/all_satisfying_primordia_splits/split_007/neighbor_pairs_test.csv,output/all_satisfying_primordia_splits/split_007/primordium_assignment.csv,5286,2287,7573,7624,51,exception_label,1,0.6980060742110128,0.3019939257889872,8,4,sample1;sample11;sample12;sample2;sample4;sample7;sample8;sample9,sample10;sample3;sample5;sample6,762,352,1114,4524,1935,0.1441543700340522,0.15391342369916922,0.009759053665117007
all,xgboost,49,0.0552763819095477,"{""xgb_colsample_bytree"": 0.8, ""xgb_gamma"": 0.0, ""xgb_learning_rate"": 0.05, ""xgb_max_depth"": 4, ""xgb_min_child_weight"": 1.0, ""xgb_n_estimators"": 600, ""xgb_reg_alpha"": 0.0, ""xgb_reg_lambda"": 1.0, ""xgb_subsample"": 0.8}",output/all_satisfying_primordia_splits/split_007/models/all/xgboost/hyperparameter_search_train_cv.csv,0.9533343013143196,0.9929982641427116,0.9397435897435896,0.9619422572178478,0.9507133592736706,output/all_satisfying_primordia_splits/split_007/models/all/xgboost/training_summary.json,0.9353932584269664,0.9460227272727272,0.940677966101695,333,23,19,6,split_007,split_007,output/all_satisfying_primordia_splits/split_007/neighbor_pairs_train.csv,output/all_satisfying_primordia_splits/split_007/neighbor_pairs_test.csv,output/all_satisfying_primordia_splits/split_007/primordium_assignment.csv,5286,2287,7573,7624,51,exception_label,1,0.6980060742110128,0.3019939257889872,8,4,sample1;sample11;sample12;sample2;sample4;sample7;sample8;sample9,sample10;sample3;sample5;sample6,762,352,1114,4524,1935,0.1441543700340522,0.15391342369916922,0.009759053665117007
all,lightgbm,49,0.0150753768844221,"{""lgbm_colsample_bytree"": 0.8, ""lgbm_learning_rate"": 0.02, ""lgbm_max_depth"": -1, ""lgbm_min_child_samples"": 20, ""lgbm_n_estimators"": 1500, ""lgbm_num_leaves"": 63, ""lgbm_reg_alpha"": 0.0, ""lgbm_reg_lambda"": 1.0, ""lgbm_subsample"": 0.8}",output/all_satisfying_primordia_splits/split_007/models/all/lightgbm/hyperparameter_search_train_cv.csv,0.9454719531157204,0.9919385905674256,0.9347826086956522,0.9593175853018372,0.9468911917098446,output/all_satisfying_primordia_splits/split_007/models/all/lightgbm/training_summary.json,0.9350282485875706,0.9403409090909092,0.9376770538243626,331,23,21,6,split_007,split_007,output/all_satisfying_primordia_splits/split_007/neighbor_pairs_train.csv,output/all_satisfying_primordia_splits/split_007/neighbor_pairs_test.csv,output/all_satisfying_primordia_splits/split_007/primordium_assignment.csv,5286,2287,7573,7624,51,exception_label,1,0.6980060742110128,0.3019939257889872,8,4,sample1;sample11;sample12;sample2;sample4;sample7;sample8;sample9,sample10;sample3;sample5;sample6,762,352,1114,4524,1935,0.1441543700340522,0.15391342369916922,0.009759053665117007
selected4,lr,4,0.4623115577889447,"{""lr_C"": 1.0}",output/all_satisfying_primordia_splits/split_007/models/selected4/lr/hyperparameter_search_train_cv.csv,0.9443783268103642,0.9916815769381612,0.9231738035264484,0.9619422572178478,0.942159383033419,output/all_satisfying_primordia_splits/split_007/models/selected4/lr/training_summary.json,0.919889502762431,0.9460227272727272,0.9327731092436976,333,29,19,6,split_007,split_007,output/all_satisfying_primordia_splits/split_007/neighbor_pairs_train.csv,output/all_satisfying_primordia_splits/split_007/neighbor_pairs_test.csv,output/all_satisfying_primordia_splits/split_007/primordium_assignment.csv,5286,2287,7573,7624,51,exception_label,1,0.6980060742110128,0.3019939257889872,8,4,sample1;sample11;sample12;sample2;sample4;sample7;sample8;sample9,sample10;sample3;sample5;sample6,762,352,1114,4524,1935,0.1441543700340522,0.15391342369916922,0.009759053665117007
selected4,svm,4,0.135678391959799,"{""svm_C"": 1.0, ""svm_calib_method"": ""sigmoid""}",output/all_satisfying_primordia_splits/split_007/models/selected4/svm/hyperparameter_search_train_cv.csv,0.9433531461359904,0.9916664926168048,0.920854271356784,0.9619422572178478,0.9409499358151476,output/all_satisfying_primordia_splits/split_007/models/selected4/svm/training_summary.json,0.9277777777777778,0.9488636363636364,0.9382022471910112,334,26,18,6,split_007,split_007,output/all_satisfying_primordia_splits/split_007/neighbor_pairs_train.csv,output/all_satisfying_primordia_splits/split_007/neighbor_pairs_test.csv,output/all_satisfying_primordia_splits/split_007/primordium_assignment.csv,5286,2287,7573,7624,51,exception_label,1,0.6980060742110128,0.3019939257889872,8,4,sample1;sample11;sample12;sample2;sample4;sample7;sample8;sample9,sample10;sample3;sample5;sample6,762,352,1114,4524,1935,0.1441543700340522,0.15391342369916922,0.009759053665117007
selected4,xgboost,4,0.3869346733668342,"{""xgb_colsample_bytree"": 0.8, ""xgb_gamma"": 0.0, ""xgb_learning_rate"": 0.05, ""xgb_max_depth"": 4, ""xgb_min_child_weight"": 1.0, ""xgb_n_estimators"": 600, ""xgb_reg_alpha"": 0.0, ""xgb_reg_lambda"": 1.0, ""xgb_subsample"": 0.8}",output/all_satisfying_primordia_splits/split_007/models/selected4/xgboost/hyperparameter_search_train_cv.csv,0.9107068597217954,0.989222542473968,0.9298013245033112,0.9212598425196852,0.9255108767303888,output/all_satisfying_primordia_splits/split_007/models/selected4/xgboost/training_summary.json,0.9132947976878611,0.8977272727272727,0.9054441260744984,316,30,36,6,split_007,split_007,output/all_satisfying_primordia_splits/split_007/neighbor_pairs_train.csv,output/all_satisfying_primordia_splits/split_007/neighbor_pairs_test.csv,output/all_satisfying_primordia_splits/split_007/primordium_assignment.csv,5286,2287,7573,7624,51,exception_label,1,0.6980060742110128,0.3019939257889872,8,4,sample1;sample11;sample12;sample2;sample4;sample7;sample8;sample9,sample10;sample3;sample5;sample6,762,352,1114,4524,1935,0.1441543700340522,0.15391342369916922,0.009759053665117007
selected4,lightgbm,4,0.0050251256281407,"{""lgbm_colsample_bytree"": 0.8, ""lgbm_learning_rate"": 0.02, ""lgbm_max_depth"": -1, ""lgbm_min_child_samples"": 20, ""lgbm_n_estimators"": 1500, ""lgbm_num_leaves"": 63, ""lgbm_reg_alpha"": 0.0, ""lgbm_reg_lambda"": 1.0, ""lgbm_subsample"": 0.8}",output/all_satisfying_primordia_splits/split_007/models/selected4/lightgbm/hyperparameter_search_train_cv.csv,0.8993694823877598,0.987447814049769,0.905897114178168,0.94750656167979,0.9262347658755612,output/all_satisfying_primordia_splits/split_007/models/selected4/lightgbm/training_summary.json,0.912568306010929,0.9488636363636364,0.9303621169916436,334,32,18,6,split_007,split_007,output/all_satisfying_primordia_splits/split_007/neighbor_pairs_train.csv,output/all_satisfying_primordia_splits/split_007/neighbor_pairs_test.csv,output/all_satisfying_primordia_splits/split_007/primordium_assignment.csv,5286,2287,7573,7624,51,exception_label,1,0.6980060742110128,0.3019939257889872,8,4,sample1;sample11;sample12;sample2;sample4;sample7;sample8;sample9,sample10;sample3;sample5;sample6,762,352,1114,4524,1935,0.1441543700340522,0.15391342369916922,0.009759053665117007
all,lr,49,0.3919597989949749,"{""lr_C"": 1.0}",output/all_satisfying_primordia_splits/split_008/models/all/lr/hyperparameter_search_train_cv.csv,0.9564988208471552,0.9934044455891086,0.9282178217821784,0.967741935483871,0.9475679090334808,output/all_satisfying_primordia_splits/split_008/models/all/lr/training_summary.json,0.9202279202279202,0.952802359882006,0.936231884057971,323,28,16,7,split_008,split_008,output/all_satisfying_primordia_splits/split_008/neighbor_pairs_train.csv,output/all_satisfying_primordia_splits/split_008/neighbor_pairs_test.csv,output/all_satisfying_primordia_splits/split_008/primordium_assignment.csv,5284,2289,7573,7624,51,exception_label,1,0.6977419780800211,0.30225802191997886,8,4,sample1;sample10;sample12;sample2;sample3;sample4;sample7;sample8,sample11;sample5;sample6;sample9,775,339,1114,4509,1950,0.14666919000757003,0.14809960681520315,0.001430416807633117
all,svm,49,0.2160804020100502,"{""svm_C"": 1.0, ""svm_calib_method"": ""sigmoid""}",output/all_satisfying_primordia_splits/split_008/models/all/svm/hyperparameter_search_train_cv.csv,0.9554617015101516,0.9931849562523698,0.9346733668341708,0.96,0.9471674092934436,output/all_satisfying_primordia_splits/split_008/models/all/svm/training_summary.json,0.9331395348837208,0.9469026548672568,0.9399707174231332,321,23,18,7,split_008,split_008,output/all_satisfying_primordia_splits/split_008/neighbor_pairs_train.csv,output/all_satisfying_primordia_splits/split_008/neighbor_pairs_test.csv,output/all_satisfying_primordia_splits/split_008/primordium_assignment.csv,5284,2289,7573,7624,51,exception_label,1,0.6977419780800211,0.30225802191997886,8,4,sample1;sample10;sample12;sample2;sample3;sample4;sample7;sample8,sample11;sample5;sample6;sample9,775,339,1114,4509,1950,0.14666919000757003,0.14809960681520315,0.001430416807633117
all,xgboost,49,0.0251256281407035,"{""xgb_colsample_bytree"": 0.8, ""xgb_gamma"": 0.0, ""xgb_learning_rate"": 0.05, ""xgb_max_depth"": 4, ""xgb_min_child_weight"": 1.0, ""xgb_n_estimators"": 600, ""xgb_reg_alpha"": 0.0, ""xgb_reg_lambda"": 1.0, ""xgb_subsample"": 0.8}",output/all_satisfying_primordia_splits/split_008/models/all/xgboost/hyperparameter_search_train_cv.csv,0.947828626265492,0.9920862218215898,0.9294554455445544,0.969032258064516,0.948831332912192,output/all_satisfying_primordia_splits/split_008/models/all/xgboost/training_summary.json,0.9224137931034484,0.9469026548672568,0.9344978165938864,321,27,18,7,split_008,split_008,output/all_satisfying_primordia_splits/split_008/neighbor_pairs_train.csv,output/all_satisfying_primordia_splits/split_008/neighbor_pairs_test.csv,output/all_satisfying_primordia_splits/split_008/primordium_assignment.csv,5284,2289,7573,7624,51,exception_label,1,0.6977419780800211,0.30225802191997886,8,4,sample1;sample10;sample12;sample2;sample3;sample4;sample7;sample8,sample11;sample5;sample6;sample9,775,339,1114,4509,1950,0.14666919000757003,0.14809960681520315,0.001430416807633117
all,lightgbm,49,0.1155778894472361,"{""lgbm_colsample_bytree"": 0.8, ""lgbm_learning_rate"": 0.02, ""lgbm_max_depth"": -1, ""lgbm_min_child_samples"": 20, ""lgbm_n_estimators"": 1500, ""lgbm_num_leaves"": 63, ""lgbm_reg_alpha"": 0.0, ""lgbm_reg_lambda"": 1.0, ""lgbm_subsample"": 0.8}",output/all_satisfying_primordia_splits/split_008/models/all/lightgbm/hyperparameter_search_train_cv.csv,0.9495817328947628,0.99208607873858,0.9450127877237852,0.953548387096774,0.949261400128452,output/all_satisfying_primordia_splits/split_008/models/all/lightgbm/training_summary.json,0.9487951807228916,0.9292035398230089,0.9388971684053652,315,17,24,7,split_008,split_008,output/all_satisfying_primordia_splits/split_008/neighbor_pairs_train.csv,output/all_satisfying_primordia_splits/split_008/neighbor_pairs_test.csv,output/all_satisfying_primordia_splits/split_008/primordium_assignment.csv,5284,2289,7573,7624,51,exception_label,1,0.6977419780800211,0.30225802191997886,8,4,sample1;sample10;sample12;sample2;sample3;sample4;sample7;sample8,sample11;sample5;sample6;sample9,775,339,1114,4509,1950,0.14666919000757003,0.14809960681520315,0.001430416807633117
selected4,lr,4,0.4170854271356784,"{""lr_C"": 1.0}",output/all_satisfying_primordia_splits/split_008/models/selected4/lr/hyperparameter_search_train_cv.csv,0.9386348613732342,0.9910922241538428,0.9176904176904176,0.9638709677419356,0.9402139710509756,output/all_satisfying_primordia_splits/split_008/models/selected4/lr/training_summary.json,0.9169054441260746,0.943952802359882,0.930232558139535,320,29,19,7,split_008,split_008,output/all_satisfying_primordia_splits/split_008/neighbor_pairs_train.csv,output/all_satisfying_primordia_splits/split_008/neighbor_pairs_test.csv,output/all_satisfying_primordia_splits/split_008/primordium_assignment.csv,5284,2289,7573,7624,51,exception_label,1,0.6977419780800211,0.30225802191997886,8,4,sample1;sample10;sample12;sample2;sample3;sample4;sample7;sample8,sample11;sample5;sample6;sample9,775,339,1114,4509,1950,0.14666919000757003,0.14809960681520315,0.001430416807633117
selected4,svm,4,0.135678391959799,"{""svm_C"": 1.0, ""svm_calib_method"": ""sigmoid""}",output/all_satisfying_primordia_splits/split_008/models/selected4/svm/hyperparameter_search_train_cv.csv,0.9385495476318568,0.9911102526130534,0.9198520345252774,0.9625806451612904,0.9407313997477932,output/all_satisfying_primordia_splits/split_008/models/selected4/svm/training_summary.json,0.930835734870317,0.952802359882006,0.9416909620991254,323,24,16,7,split_008,split_008,output/all_satisfying_primordia_splits/split_008/neighbor_pairs_train.csv,output/all_satisfying_primordia_splits/split_008/neighbor_pairs_test.csv,output/all_satisfying_primordia_splits/split_008/primordium_assignment.csv,5284,2289,7573,7624,51,exception_label,1,0.6977419780800211,0.30225802191997886,8,4,sample1;sample10;sample12;sample2;sample3;sample4;sample7;sample8,sample11;sample5;sample6;sample9,775,339,1114,4509,1950,0.14666919000757003,0.14809960681520315,0.001430416807633117
selected4,xgboost,4,0.0402010050251256,"{""xgb_colsample_bytree"": 0.8, ""xgb_gamma"": 0.0, ""xgb_learning_rate"": 0.05, ""xgb_max_depth"": 4, ""xgb_min_child_weight"": 1.0, ""xgb_n_estimators"": 600, ""xgb_reg_alpha"": 0.0, ""xgb_reg_lambda"": 1.0, ""xgb_subsample"": 0.8}",output/all_satisfying_primordia_splits/split_008/models/selected4/xgboost/hyperparameter_search_train_cv.csv,0.9312229607397428,0.989791599596506,0.9127764127764127,0.9587096774193548,0.935179358086847,output/all_satisfying_primordia_splits/split_008/models/selected4/xgboost/training_summary.json,0.8792134831460674,0.9233038348082596,0.9007194244604316,313,43,26,7,split_008,split_008,output/all_satisfying_primordia_splits/split_008/neighbor_pairs_train.csv,output/all_satisfying_primordia_splits/split_008/neighbor_pairs_test.csv,output/all_satisfying_primordia_splits/split_008/primordium_assignment.csv,5284,2289,7573,7624,51,exception_label,1,0.6977419780800211,0.30225802191997886,8,4,sample1;sample10;sample12;sample2;sample3;sample4;sample7;sample8,sample11;sample5;sample6;sample9,775,339,1114,4509,1950,0.14666919000757003,0.14809960681520315,0.001430416807633117
selected4,lightgbm,4,0.0351758793969849,"{""lgbm_colsample_bytree"": 0.8, ""lgbm_learning_rate"": 0.02, ""lgbm_max_depth"": -1, ""lgbm_min_child_samples"": 20, ""lgbm_n_estimators"": 1500, ""lgbm_num_leaves"": 63, ""lgbm_reg_alpha"": 0.0, ""lgbm_reg_lambda"": 1.0, ""lgbm_subsample"": 0.8}",output/all_satisfying_primordia_splits/split_008/models/selected4/lightgbm/hyperparameter_search_train_cv.csv,0.9268176029657724,0.9886792722798132,0.9256926952141058,0.9483870967741936,0.9369024856596556,output/all_satisfying_primordia_splits/split_008/models/selected4/lightgbm/training_summary.json,0.9067055393586004,0.9174041297935104,0.9120234604105572,311,32,28,7,split_008,split_008,output/all_satisfying_primordia_splits/split_008/neighbor_pairs_train.csv,output/all_satisfying_primordia_splits/split_008/neighbor_pairs_test.csv,output/all_satisfying_primordia_splits/split_008/primordium_assignment.csv,5284,2289,7573,7624,51,exception_label,1,0.6977419780800211,0.30225802191997886,8,4,sample1;sample10;sample12;sample2;sample3;sample4;sample7;sample8,sample11;sample5;sample6;sample9,775,339,1114,4509,1950,0.14666919000757003,0.14809960681520315,0.001430416807633117
all,lr,49,0.5577889447236181,"{""lr_C"": 1.0}",output/all_satisfying_primordia_splits/split_009/models/all/lr/hyperparameter_search_train_cv.csv,0.9538536537014528,0.9926266661147446,0.9398976982097188,0.953307392996109,0.9465550547327752,output/all_satisfying_primordia_splits/split_009/models/all/lr/training_summary.json,0.9263456090651558,0.9533527696793004,0.9396551724137931,327,26,16,8,split_009,split_009,output/all_satisfying_primordia_splits/split_009/neighbor_pairs_train.csv,output/all_satisfying_primordia_splits/split_009/neighbor_pairs_test.csv,output/all_satisfying_primordia_splits/split_009/primordium_assignment.csv,5283,2290,7573,7624,51,exception_label,1,0.6976099300145253,0.3023900699854747,7,5,sample1;sample2;sample3;sample4;sample5;sample7;sample9,sample10;sample11;sample12;sample6;sample8,771,343,1114,4512,1947,0.1459398069278819,0.1497816593886463,0.0038418524607644056
all,svm,49,0.3015075376884422,"{""svm_C"": 1.0, ""svm_calib_method"": ""sigmoid""}",output/all_satisfying_primordia_splits/split_009/models/all/svm/hyperparameter_search_train_cv.csv,0.9547451728343702,0.992681858321605,0.9479166666666666,0.9442282749675746,0.9460688758934372,output/all_satisfying_primordia_splits/split_009/models/all/svm/training_summary.json,0.9420289855072465,0.9475218658892128,0.944767441860465,325,20,18,8,split_009,split_009,output/all_satisfying_primordia_splits/split_009/neighbor_pairs_train.csv,output/all_satisfying_primordia_splits/split_009/neighbor_pairs_test.csv,output/all_satisfying_primordia_splits/split_009/primordium_assignment.csv,5283,2290,7573,7624,51,exception_label,1,0.6976099300145253,0.3023900699854747,7,5,sample1;sample2;sample3;sample4;sample5;sample7;sample9,sample10;sample11;sample12;sample6;sample8,771,343,1114,4512,1947,0.1459398069278819,0.1497816593886463,0.0038418524607644056
all,xgboost,49,0.2462311557788944,"{""xgb_colsample_bytree"": 0.8, ""xgb_gamma"": 0.0, ""xgb_learning_rate"": 0.05, ""xgb_max_depth"": 4, ""xgb_min_child_weight"": 1.0, ""xgb_n_estimators"": 600, ""xgb_reg_alpha"": 0.0, ""xgb_reg_lambda"": 1.0, ""xgb_subsample"": 0.8}",output/all_satisfying_primordia_splits/split_009/models/all/xgboost/hyperparameter_search_train_cv.csv,0.9423118862483518,0.9917924589048028,0.9453125,0.9416342412451362,0.9434697855750488,output/all_satisfying_primordia_splits/split_009/models/all/xgboost/training_summary.json,0.9450867052023122,0.9533527696793004,0.9492017416545718,327,19,16,8,split_009,split_009,output/all_satisfying_primordia_splits/split_009/neighbor_pairs_train.csv,output/all_satisfying_primordia_splits/split_009/neighbor_pairs_test.csv,output/all_satisfying_primordia_splits/split_009/primordium_assignment.csv,5283,2290,7573,7624,51,exception_label,1,0.6976099300145253,0.3023900699854747,7,5,sample1;sample2;sample3;sample4;sample5;sample7;sample9,sample10;sample11;sample12;sample6;sample8,771,343,1114,4512,1947,0.1459398069278819,0.1497816593886463,0.0038418524607644056
all,lightgbm,49,0.0804020100502512,"{""lgbm_colsample_bytree"": 0.8, ""lgbm_learning_rate"": 0.02, ""lgbm_max_depth"": -1, ""lgbm_min_child_samples"": 20, ""lgbm_n_estimators"": 1500, ""lgbm_num_leaves"": 63, ""lgbm_reg_alpha"": 0.0, ""lgbm_reg_lambda"": 1.0, ""lgbm_subsample"": 0.8}",output/all_satisfying_primordia_splits/split_009/models/all/lightgbm/hyperparameter_search_train_cv.csv,0.9434531168576448,0.991270145155504,0.9470967741935484,0.9520103761348896,0.9495472186287194,output/all_satisfying_primordia_splits/split_009/models/all/lightgbm/training_summary.json,0.930835734870317,0.9416909620991254,0.9362318840579712,323,24,20,8,split_009,split_009,output/all_satisfying_primordia_splits/split_009/neighbor_pairs_train.csv,output/all_satisfying_primordia_splits/split_009/neighbor_pairs_test.csv,output/all_satisfying_primordia_splits/split_009/primordium_assignment.csv,5283,2290,7573,7624,51,exception_label,1,0.6976099300145253,0.3023900699854747,7,5,sample1;sample2;sample3;sample4;sample5;sample7;sample9,sample10;sample11;sample12;sample6;sample8,771,343,1114,4512,1947,0.1459398069278819,0.1497816593886463,0.0038418524607644056
selected4,lr,4,0.4974874371859296,"{""lr_C"": 1.0}",output/all_satisfying_primordia_splits/split_009/models/selected4/lr/hyperparameter_search_train_cv.csv,0.939768068130238,0.9911019814002264,0.9334170854271356,0.9636835278858624,0.9483088704530952,output/all_satisfying_primordia_splits/split_009/models/selected4/lr/training_summary.json,0.9030470914127424,0.9504373177842566,0.9261363636363636,326,35,17,8,split_009,split_009,output/all_satisfying_primordia_splits/split_009/neighbor_pairs_train.csv,output/all_satisfying_primordia_splits/split_009/neighbor_pairs_test.csv,output/all_satisfying_primordia_splits/split_009/primordium_assignment.csv,5283,2290,7573,7624,51,exception_label,1,0.6976099300145253,0.3023900699854747,7,5,sample1;sample2;sample3;sample4;sample5;sample7;sample9,sample10;sample11;sample12;sample6;sample8,771,343,1114,4512,1947,0.1459398069278819,0.1497816593886463,0.0038418524607644056
selected4,svm,4,0.1608040201005025,"{""svm_C"": 1.0, ""svm_calib_method"": ""sigmoid""}",output/all_satisfying_primordia_splits/split_009/models/selected4/svm/hyperparameter_search_train_cv.csv,0.9392820684657414,0.991069211027403,0.933249370277078,0.9610894941634242,0.946964856230032,output/all_satisfying_primordia_splits/split_009/models/selected4/svm/training_summary.json,0.9085872576177284,0.956268221574344,0.9318181818181818,328,33,15,8,split_009,split_009,output/all_satisfying_primordia_splits/split_009/neighbor_pairs_train.csv,output/all_satisfying_primordia_splits/split_009/neighbor_pairs_test.csv,output/all_satisfying_primordia_splits/split_009/primordium_assignment.csv,5283,2290,7573,7624,51,exception_label,1,0.6976099300145253,0.3023900699854747,7,5,sample1;sample2;sample3;sample4;sample5;sample7;sample9,sample10;sample11;sample12;sample6;sample8,771,343,1114,4512,1947,0.1459398069278819,0.1497816593886463,0.0038418524607644056
selected4,xgboost,4,0.0603015075376884,"{""xgb_colsample_bytree"": 0.8, ""xgb_gamma"": 0.0, ""xgb_learning_rate"": 0.05, ""xgb_max_depth"": 4, ""xgb_min_child_weight"": 1.0, ""xgb_n_estimators"": 600, ""xgb_reg_alpha"": 0.0, ""xgb_reg_lambda"": 1.0, ""xgb_subsample"": 0.8}",output/all_satisfying_primordia_splits/split_009/models/selected4/xgboost/hyperparameter_search_train_cv.csv,0.9047572496967772,0.988686459971852,0.9066002490660025,0.9442282749675746,0.9250317662007624,output/all_satisfying_primordia_splits/split_009/models/selected4/xgboost/training_summary.json,0.8849315068493151,0.9416909620991254,0.9124293785310734,323,42,20,8,split_009,split_009,output/all_satisfying_primordia_splits/split_009/neighbor_pairs_train.csv,output/all_satisfying_primordia_splits/split_009/neighbor_pairs_test.csv,output/all_satisfying_primordia_splits/split_009/primordium_assignment.csv,5283,2290,7573,7624,51,exception_label,1,0.6976099300145253,0.3023900699854747,7,5,sample1;sample2;sample3;sample4;sample5;sample7;sample9,sample10;sample11;sample12;sample6;sample8,771,343,1114,4512,1947,0.1459398069278819,0.1497816593886463,0.0038418524607644056
selected4,lightgbm,4,0.0100502512562814,"{""lgbm_colsample_bytree"": 0.8, ""lgbm_learning_rate"": 0.02, ""lgbm_max_depth"": -1, ""lgbm_min_child_samples"": 20, ""lgbm_n_estimators"": 1500, ""lgbm_num_leaves"": 63, ""lgbm_reg_alpha"": 0.0, ""lgbm_reg_lambda"": 1.0, ""lgbm_subsample"": 0.8}",output/all_satisfying_primordia_splits/split_009/models/selected4/lightgbm/hyperparameter_search_train_cv.csv,0.9045236045661504,0.9868976000588716,0.905,0.9390402075226978,0.921705919796308,output/all_satisfying_primordia_splits/split_009/models/selected4/lightgbm/training_summary.json,0.8712328767123287,0.9271137026239068,0.8983050847457628,318,47,25,8,split_009,split_009,output/all_satisfying_primordia_splits/split_009/neighbor_pairs_train.csv,output/all_satisfying_primordia_splits/split_009/neighbor_pairs_test.csv,output/all_satisfying_primordia_splits/split_009/primordium_assignment.csv,5283,2290,7573,7624,51,exception_label,1,0.6976099300145253,0.3023900699854747,7,5,sample1;sample2;sample3;sample4;sample5;sample7;sample9,sample10;sample11;sample12;sample6;sample8,771,343,1114,4512,1947,0.1459398069278819,0.1497816593886463,0.0038418524607644056
all,lr,49,0.6080402010050251,"{""lr_C"": 1.0}",output/all_satisfying_primordia_splits/split_010/models/all/lr/hyperparameter_search_train_cv.csv,0.9551547654853176,0.9931827203338892,0.9440914866581956,0.9574742268041238,0.9507357645553424,output/all_satisfying_primordia_splits/split_010/models/all/lr/training_summary.json,0.935103244837758,0.9378698224852072,0.9364844903988184,317,22,21,9,split_010,split_010,output/all_satisfying_primordia_splits/split_010/neighbor_pairs_train.csv,output/all_satisfying_primordia_splits/split_010/neighbor_pairs_test.csv,output/all_satisfying_primordia_splits/split_010/primordium_assignment.csv,5321,2252,7573,7624,51,exception_label,1,0.7026277565033672,0.29737224349663277,8,4,sample10;sample11;sample12;sample2;sample4;sample5;sample7;sample8,sample1;sample3;sample6;sample9,776,338,1114,4545,1914,0.14583724863747416,0.15008880994671403,0.004251561309239871
all,svm,49,0.1758793969849246,"{""svm_C"": 1.0, ""svm_calib_method"": ""sigmoid""}",output/all_satisfying_primordia_splits/split_010/models/all/svm/hyperparameter_search_train_cv.csv,0.9539084114939952,0.9931033309516516,0.9304347826086956,0.9652061855670104,0.9475015812776724,output/all_satisfying_primordia_splits/split_010/models/all/svm/training_summary.json,0.92,0.9526627218934912,0.936046511627907,322,28,16,9,split_010,split_010,output/all_satisfying_primordia_splits/split_010/neighbor_pairs_train.csv,output/all_satisfying_primordia_splits/split_010/neighbor_pairs_test.csv,output/all_satisfying_primordia_splits/split_010/primordium_assignment.csv,5321,2252,7573,7624,51,exception_label,1,0.7026277565033672,0.29737224349663277,8,4,sample10;sample11;sample12;sample2;sample4;sample5;sample7;sample8,sample1;sample3;sample6;sample9,776,338,1114,4545,1914,0.14583724863747416,0.15008880994671403,0.004251561309239871
all,xgboost,49,0.3417085427135678,"{""xgb_colsample_bytree"": 0.8, ""xgb_gamma"": 0.0, ""xgb_learning_rate"": 0.05, ""xgb_max_depth"": 4, ""xgb_min_child_weight"": 1.0, ""xgb_n_estimators"": 600, ""xgb_reg_alpha"": 0.0, ""xgb_reg_lambda"": 1.0, ""xgb_subsample"": 0.8}",output/all_satisfying_primordia_splits/split_010/models/all/xgboost/hyperparameter_search_train_cv.csv,0.950824202331178,0.992426252934572,0.9573091849935316,0.9536082474226804,0.9554551323434474,output/all_satisfying_primordia_splits/split_010/models/all/xgboost/training_summary.json,0.9369369369369368,0.9230769230769232,0.9299552906110284,312,21,26,9,split_010,split_010,output/all_satisfying_primordia_splits/split_010/neighbor_pairs_train.csv,output/all_satisfying_primordia_splits/split_010/neighbor_pairs_test.csv,output/all_satisfying_primordia_splits/split_010/primordium_assignment.csv,5321,2252,7573,7624,51,exception_label,1,0.7026277565033672,0.29737224349663277,8,4,sample10;sample11;sample12;sample2;sample4;sample5;sample7;sample8,sample1;sample3;sample6;sample9,776,338,1114,4545,1914,0.14583724863747416,0.15008880994671403,0.004251561309239871
all,lightgbm,49,0.1206030150753768,"{""lgbm_colsample_bytree"": 0.8, ""lgbm_learning_rate"": 0.02, ""lgbm_max_depth"": -1, ""lgbm_min_child_samples"": 20, ""lgbm_n_estimators"": 1500, ""lgbm_num_leaves"": 63, ""lgbm_reg_alpha"": 0.0, ""lgbm_reg_lambda"": 1.0, ""lgbm_subsample"": 0.8}",output/all_satisfying_primordia_splits/split_010/models/all/lightgbm/hyperparameter_search_train_cv.csv,0.9498322342712332,0.9924585757544828,0.9548969072164948,0.9548969072164948,0.9548969072164948,output/all_satisfying_primordia_splits/split_010/models/all/lightgbm/training_summary.json,0.9429429429429428,0.9289940828402368,0.9359165424739194,314,19,24,9,split_010,split_010,output/all_satisfying_primordia_splits/split_010/neighbor_pairs_train.csv,output/all_satisfying_primordia_splits/split_010/neighbor_pairs_test.csv,output/all_satisfying_primordia_splits/split_010/primordium_assignment.csv,5321,2252,7573,7624,51,exception_label,1,0.7026277565033672,0.29737224349663277,8,4,sample10;sample11;sample12;sample2;sample4;sample5;sample7;sample8,sample1;sample3;sample6;sample9,776,338,1114,4545,1914,0.14583724863747416,0.15008880994671403,0.004251561309239871
selected4,lr,4,0.4673366834170854,"{""lr_C"": 1.0}",output/all_satisfying_primordia_splits/split_010/models/selected4/lr/hyperparameter_search_train_cv.csv,0.9386577087657968,0.9909839179794268,0.9232673267326732,0.961340206185567,0.941919191919192,output/all_satisfying_primordia_splits/split_010/models/selected4/lr/training_summary.json,0.916184971098266,0.9378698224852072,0.9269005847953216,317,29,21,9,split_010,split_010,output/all_satisfying_primordia_splits/split_010/neighbor_pairs_train.csv,output/all_satisfying_primordia_splits/split_010/neighbor_pairs_test.csv,output/all_satisfying_primordia_splits/split_010/primordium_assignment.csv,5321,2252,7573,7624,51,exception_label,1,0.7026277565033672,0.29737224349663277,8,4,sample10;sample11;sample12;sample2;sample4;sample5;sample7;sample8,sample1;sample3;sample6;sample9,776,338,1114,4545,1914,0.14583724863747416,0.15008880994671403,0.004251561309239871
selected4,svm,4,0.1457286432160804,"{""svm_C"": 1.0, ""svm_calib_method"": ""sigmoid""}",output/all_satisfying_primordia_splits/split_010/models/selected4/svm/hyperparameter_search_train_cv.csv,0.9378245516187124,0.990952729293548,0.9246913580246914,0.9652061855670104,0.9445145018915512,output/all_satisfying_primordia_splits/split_010/models/selected4/svm/training_summary.json,0.9302325581395348,0.9467455621301776,0.93841642228739,320,24,18,9,split_010,split_010,output/all_satisfying_primordia_splits/split_010/neighbor_pairs_train.csv,output/all_satisfying_primordia_splits/split_010/neighbor_pairs_test.csv,output/all_satisfying_primordia_splits/split_010/primordium_assignment.csv,5321,2252,7573,7624,51,exception_label,1,0.7026277565033672,0.29737224349663277,8,4,sample10;sample11;sample12;sample2;sample4;sample5;sample7;sample8,sample1;sample3;sample6;sample9,776,338,1114,4545,1914,0.14583724863747416,0.15008880994671403,0.004251561309239871
selected4,xgboost,4,0.135678391959799,"{""xgb_colsample_bytree"": 0.8, ""xgb_gamma"": 0.0, ""xgb_learning_rate"": 0.05, ""xgb_max_depth"": 4, ""xgb_min_child_weight"": 1.0, ""xgb_n_estimators"": 600, ""xgb_reg_alpha"": 0.0, ""xgb_reg_lambda"": 1.0, ""xgb_subsample"": 0.8}",output/all_satisfying_primordia_splits/split_010/models/selected4/xgboost/hyperparameter_search_train_cv.csv,0.9339660774310394,0.9904117473603032,0.9238451935081148,0.9536082474226804,0.9384908053265696,output/all_satisfying_primordia_splits/split_010/models/selected4/xgboost/training_summary.json,0.8959537572254336,0.9171597633136096,0.9064327485380118,310,36,28,9,split_010,split_010,output/all_satisfying_primordia_splits/split_010/neighbor_pairs_train.csv,output/all_satisfying_primordia_splits/split_010/neighbor_pairs_test.csv,output/all_satisfying_primordia_splits/split_010/primordium_assignment.csv,5321,2252,7573,7624,51,exception_label,1,0.7026277565033672,0.29737224349663277,8,4,sample10;sample11;sample12;sample2;sample4;sample5;sample7;sample8,sample1;sample3;sample6;sample9,776,338,1114,4545,1914,0.14583724863747416,0.15008880994671403,0.004251561309239871
selected4,lightgbm,4,0.0150753768844221,"{""lgbm_colsample_bytree"": 0.8, ""lgbm_learning_rate"": 0.02, ""lgbm_max_depth"": -1, ""lgbm_min_child_samples"": 20, ""lgbm_n_estimators"": 1500, ""lgbm_num_leaves"": 63, ""lgbm_reg_alpha"": 0.0, ""lgbm_reg_lambda"": 1.0, ""lgbm_subsample"": 0.8}",output/all_satisfying_primordia_splits/split_010/models/selected4/lightgbm/hyperparameter_search_train_cv.csv,0.9308476666960844,0.989934560466356,0.9122373300370828,0.9510309278350516,0.9312302839116718,output/all_satisfying_primordia_splits/split_010/models/selected4/lightgbm/training_summary.json,0.8944281524926686,0.9023668639053254,0.898379970544919,305,36,33,9,split_010,split_010,output/all_satisfying_primordia_splits/split_010/neighbor_pairs_train.csv,output/all_satisfying_primordia_splits/split_010/neighbor_pairs_test.csv,output/all_satisfying_primordia_splits/split_010/primordium_assignment.csv,5321,2252,7573,7624,51,exception_label,1,0.7026277565033672,0.29737224349663277,8,4,sample10;sample11;sample12;sample2;sample4;sample5;sample7;sample8,sample1;sample3;sample6;sample9,776,338,1114,4545,1914,0.14583724863747416,0.15008880994671403,0.004251561309239871
all,lr,49,0.542713567839196,"{""lr_C"": 1.0}",output/all_satisfying_primordia_splits/split_011/models/all/lr/hyperparameter_search_train_cv.csv,0.9491917125923484,0.9922735155199792,0.9339378238341968,0.944954128440367,0.9394136807817588,output/all_satisfying_primordia_splits/split_011/models/all/lr/training_summary.json,0.9441340782122905,0.9629629629629628,0.9534555712270804,338,20,13,10,split_011,split_011,output/all_satisfying_primordia_splits/split_011/neighbor_pairs_train.csv,output/all_satisfying_primordia_splits/split_011/neighbor_pairs_test.csv,output/all_satisfying_primordia_splits/split_011/primordium_assignment.csv,5281,2292,7573,7624,51,exception_label,1,0.6973458338835337,0.3026541661164664,7,5,sample10;sample3;sample4;sample5;sample7;sample8;sample9,sample1;sample11;sample12;sample2;sample6,763,351,1114,4518,1941,0.14448021208104525,0.1531413612565445,0.008661149175499261
all,svm,49,0.185929648241206,"{""svm_C"": 1.0, ""svm_calib_method"": ""sigmoid""}",output/all_satisfying_primordia_splits/split_011/models/all/svm/hyperparameter_search_train_cv.csv,0.9492822315331032,0.9923109368264528,0.9333333333333332,0.9541284403669724,0.9436163318211276,output/all_satisfying_primordia_splits/split_011/models/all/svm/training_summary.json,0.935754189944134,0.9544159544159544,0.9449929478138224,335,23,16,10,split_011,split_011,output/all_satisfying_primordia_splits/split_011/neighbor_pairs_train.csv,output/all_satisfying_primordia_splits/split_011/neighbor_pairs_test.csv,output/all_satisfying_primordia_splits/split_011/primordium_assignment.csv,5281,2292,7573,7624,51,exception_label,1,0.6973458338835337,0.3026541661164664,7,5,sample10;sample3;sample4;sample5;sample7;sample8;sample9,sample1;sample11;sample12;sample2;sample6,763,351,1114,4518,1941,0.14448021208104525,0.1531413612565445,0.008661149175499261
all,xgboost,49,0.0402010050251256,"{""xgb_colsample_bytree"": 0.8, ""xgb_gamma"": 0.0, ""xgb_learning_rate"": 0.05, ""xgb_max_depth"": 4, ""xgb_min_child_weight"": 1.0, ""xgb_n_estimators"": 600, ""xgb_reg_alpha"": 0.0, ""xgb_reg_lambda"": 1.0, ""xgb_subsample"": 0.8}",output/all_satisfying_primordia_splits/split_011/models/all/xgboost/hyperparameter_search_train_cv.csv,0.9400346137545296,0.9907464941457412,0.9249363867684478,0.9528178243774574,0.9386701097482248,output/all_satisfying_primordia_splits/split_011/models/all/xgboost/training_summary.json,0.9307479224376732,0.9572649572649572,0.943820224719101,336,25,15,10,split_011,split_011,output/all_satisfying_primordia_splits/split_011/neighbor_pairs_train.csv,output/all_satisfying_primordia_splits/split_011/neighbor_pairs_test.csv,output/all_satisfying_primordia_splits/split_011/primordium_assignment.csv,5281,2292,7573,7624,51,exception_label,1,0.6973458338835337,0.3026541661164664,7,5,sample10;sample3;sample4;sample5;sample7;sample8;sample9,sample1;sample11;sample12;sample2;sample6,763,351,1114,4518,1941,0.14448021208104525,0.1531413612565445,0.008661149175499261
all,lightgbm,49,0.0402010050251256,"{""lgbm_colsample_bytree"": 0.8, ""lgbm_learning_rate"": 0.02, ""lgbm_max_depth"": -1, ""lgbm_min_child_samples"": 20, ""lgbm_n_estimators"": 1500, ""lgbm_num_leaves"": 63, ""lgbm_reg_alpha"": 0.0, ""lgbm_reg_lambda"": 1.0, ""lgbm_subsample"": 0.8}",output/all_satisfying_primordia_splits/split_011/models/all/lightgbm/hyperparameter_search_train_cv.csv,0.9416980720251232,0.9910670409957664,0.9362808842652796,0.943643512450852,0.9399477806788512,output/all_satisfying_primordia_splits/split_011/models/all/lightgbm/training_summary.json,0.940677966101695,0.9487179487179488,0.9446808510638298,333,21,18,10,split_011,split_011,output/all_satisfying_primordia_splits/split_011/neighbor_pairs_train.csv,output/all_satisfying_primordia_splits/split_011/neighbor_pairs_test.csv,output/all_satisfying_primordia_splits/split_011/primordium_assignment.csv,5281,2292,7573,7624,51,exception_label,1,0.6973458338835337,0.3026541661164664,7,5,sample10;sample3;sample4;sample5;sample7;sample8;sample9,sample1;sample11;sample12;sample2;sample6,763,351,1114,4518,1941,0.14448021208104525,0.1531413612565445,0.008661149175499261
selected4,lr,4,0.4321608040201005,"{""lr_C"": 1.0}",output/all_satisfying_primordia_splits/split_011/models/selected4/lr/hyperparameter_search_train_cv.csv,0.9300762606102194,0.9899969076656822,0.9183417085427136,0.9580602883355176,0.937780628608082,output/all_satisfying_primordia_splits/split_011/models/selected4/lr/training_summary.json,0.9307479224376732,0.9572649572649572,0.943820224719101,336,25,15,10,split_011,split_011,output/all_satisfying_primordia_splits/split_011/neighbor_pairs_train.csv,output/all_satisfying_primordia_splits/split_011/neighbor_pairs_test.csv,output/all_satisfying_primordia_splits/split_011/primordium_assignment.csv,5281,2292,7573,7624,51,exception_label,1,0.6973458338835337,0.3026541661164664,7,5,sample10;sample3;sample4;sample5;sample7;sample8;sample9,sample1;sample11;sample12;sample2;sample6,763,351,1114,4518,1941,0.14448021208104525,0.1531413612565445,0.008661149175499261
selected4,svm,4,0.135678391959799,"{""svm_C"": 1.0, ""svm_calib_method"": ""sigmoid""}",output/all_satisfying_primordia_splits/split_011/models/selected4/svm/hyperparameter_search_train_cv.csv,0.9296399652932076,0.9900131525739186,0.9206549118387908,0.9580602883355176,0.9389852280025692,output/all_satisfying_primordia_splits/split_011/models/selected4/svm/training_summary.json,0.9387186629526464,0.96011396011396,0.9492957746478872,337,22,14,10,split_011,split_011,output/all_satisfying_primordia_splits/split_011/neighbor_pairs_train.csv,output/all_satisfying_primordia_splits/split_011/neighbor_pairs_test.csv,output/all_satisfying_primordia_splits/split_011/primordium_assignment.csv,5281,2292,7573,7624,51,exception_label,1,0.6973458338835337,0.3026541661164664,7,5,sample10;sample3;sample4;sample5;sample7;sample8;sample9,sample1;sample11;sample12;sample2;sample6,763,351,1114,4518,1941,0.14448021208104525,0.1531413612565445,0.008661149175499261
selected4,xgboost,4,0.1256281407035175,"{""xgb_colsample_bytree"": 0.8, ""xgb_gamma"": 0.0, ""xgb_learning_rate"": 0.05, ""xgb_max_depth"": 4, ""xgb_min_child_weight"": 1.0, ""xgb_n_estimators"": 600, ""xgb_reg_alpha"": 0.0, ""xgb_reg_lambda"": 1.0, ""xgb_subsample"": 0.8}",output/all_satisfying_primordia_splits/split_011/models/selected4/xgboost/hyperparameter_search_train_cv.csv,0.9076162049597718,0.9883689357902596,0.9191270860077022,0.9384010484927916,0.9286640726329444,output/all_satisfying_primordia_splits/split_011/models/selected4/xgboost/training_summary.json,0.923728813559322,0.9316239316239316,0.9276595744680852,327,27,24,10,split_011,split_011,output/all_satisfying_primordia_splits/split_011/neighbor_pairs_train.csv,output/all_satisfying_primordia_splits/split_011/neighbor_pairs_test.csv,output/all_satisfying_primordia_splits/split_011/primordium_assignment.csv,5281,2292,7573,7624,51,exception_label,1,0.6973458338835337,0.3026541661164664,7,5,sample10;sample3;sample4;sample5;sample7;sample8;sample9,sample1;sample11;sample12;sample2;sample6,763,351,1114,4518,1941,0.14448021208104525,0.1531413612565445,0.008661149175499261
selected4,lightgbm,4,0.0201005025125628,"{""lgbm_colsample_bytree"": 0.8, ""lgbm_learning_rate"": 0.02, ""lgbm_max_depth"": -1, ""lgbm_min_child_samples"": 20, ""lgbm_n_estimators"": 1500, ""lgbm_num_leaves"": 63, ""lgbm_reg_alpha"": 0.0, ""lgbm_reg_lambda"": 1.0, ""lgbm_subsample"": 0.8}",output/all_satisfying_primordia_splits/split_011/models/selected4/lightgbm/hyperparameter_search_train_cv.csv,0.9030167170630896,0.9875543696772542,0.9188144329896908,0.9344692005242464,0.9265756985055232,output/all_satisfying_primordia_splits/split_011/models/selected4/lightgbm/training_summary.json,0.9173789173789174,0.9173789173789174,0.9173789173789174,322,29,29,10,split_011,split_011,output/all_satisfying_primordia_splits/split_011/neighbor_pairs_train.csv,output/all_satisfying_primordia_splits/split_011/neighbor_pairs_test.csv,output/all_satisfying_primordia_splits/split_011/primordium_assignment.csv,5281,2292,7573,7624,51,exception_label,1,0.6973458338835337,0.3026541661164664,7,5,sample10;sample3;sample4;sample5;sample7;sample8;sample9,sample1;sample11;sample12;sample2;sample6,763,351,1114,4518,1941,0.14448021208104525,0.1531413612565445,0.008661149175499261
all,lr,49,0.4070351758793969,"{""lr_C"": 1.0}",output/all_satisfying_primordia_splits/split_012/models/all/lr/hyperparameter_search_train_cv.csv,0.955167383154182,0.9928949087088622,0.9325842696629212,0.9651162790697676,0.9485714285714284,output/all_satisfying_primordia_splits/split_012/models/all/lr/training_summary.json,0.9219653179190752,0.9382352941176472,0.9300291545189504,319,27,21,11,split_012,split_012,output/all_satisfying_primordia_splits/split_012/neighbor_pairs_train.csv,output/all_satisfying_primordia_splits/split_012/neighbor_pairs_test.csv,output/all_satisfying_primordia_splits/split_012/primordium_assignment.csv,5324,2249,7573,7624,51,exception_label,1,0.7030239006998548,0.29697609930014524,8,4,sample1;sample11;sample3;sample4;sample5;sample7;sample8;sample9,sample10;sample12;sample2;sample6,774,340,1114,4550,1909,0.1453794139744553,0.1511783014673188,0.005798887492863503
all,svm,49,0.1557788944723618,"{""svm_C"": 1.0, ""svm_calib_method"": ""sigmoid""}",output/all_satisfying_primordia_splits/split_012/models/all/svm/hyperparameter_search_train_cv.csv,0.9561336301702796,0.9930596018968112,0.935929648241206,0.962532299741602,0.9490445859872612,output/all_satisfying_primordia_splits/split_012/models/all/svm/training_summary.json,0.9302325581395348,0.9411764705882352,0.935672514619883,320,24,20,11,split_012,split_012,output/all_satisfying_primordia_splits/split_012/neighbor_pairs_train.csv,output/all_satisfying_primordia_splits/split_012/neighbor_pairs_test.csv,output/all_satisfying_primordia_splits/split_012/primordium_assignment.csv,5324,2249,7573,7624,51,exception_label,1,0.7030239006998548,0.29697609930014524,8,4,sample1;sample11;sample3;sample4;sample5;sample7;sample8;sample9,sample10;sample12;sample2;sample6,774,340,1114,4550,1909,0.1453794139744553,0.1511783014673188,0.005798887492863503
all,xgboost,49,0.0904522613065326,"{""xgb_colsample_bytree"": 0.8, ""xgb_gamma"": 0.0, ""xgb_learning_rate"": 0.05, ""xgb_max_depth"": 4, ""xgb_min_child_weight"": 1.0, ""xgb_n_estimators"": 600, ""xgb_reg_alpha"": 0.0, ""xgb_reg_lambda"": 1.0, ""xgb_subsample"": 0.8}",output/all_satisfying_primordia_splits/split_012/models/all/xgboost/hyperparameter_search_train_cv.csv,0.9407095329395722,0.9912170258681884,0.9323116219667944,0.9431524547803618,0.9377007064868336,output/all_satisfying_primordia_splits/split_012/models/all/xgboost/training_summary.json,0.95,0.95,0.95,323,17,17,11,split_012,split_012,output/all_satisfying_primordia_splits/split_012/neighbor_pairs_train.csv,output/all_satisfying_primordia_splits/split_012/neighbor_pairs_test.csv,output/all_satisfying_primordia_splits/split_012/primordium_assignment.csv,5324,2249,7573,7624,51,exception_label,1,0.7030239006998548,0.29697609930014524,8,4,sample1;sample11;sample3;sample4;sample5;sample7;sample8;sample9,sample10;sample12;sample2;sample6,774,340,1114,4550,1909,0.1453794139744553,0.1511783014673188,0.005798887492863503
all,lightgbm,49,0.2010050251256281,"{""lgbm_colsample_bytree"": 0.8, ""lgbm_learning_rate"": 0.02, ""lgbm_max_depth"": -1, ""lgbm_min_child_samples"": 20, ""lgbm_n_estimators"": 1500, ""lgbm_num_leaves"": 63, ""lgbm_reg_alpha"": 0.0, ""lgbm_reg_lambda"": 1.0, ""lgbm_subsample"": 0.8}",output/all_satisfying_primordia_splits/split_012/models/all/lightgbm/hyperparameter_search_train_cv.csv,0.9399720036851636,0.990544623335321,0.9550858652575958,0.9341085271317828,0.944480731548008,output/all_satisfying_primordia_splits/split_012/models/all/lightgbm/training_summary.json,0.956656346749226,0.9088235294117648,0.9321266968325792,309,14,31,11,split_012,split_012,output/all_satisfying_primordia_splits/split_012/neighbor_pairs_train.csv,output/all_satisfying_primordia_splits/split_012/neighbor_pairs_test.csv,output/all_satisfying_primordia_splits/split_012/primordium_assignment.csv,5324,2249,7573,7624,51,exception_label,1,0.7030239006998548,0.29697609930014524,8,4,sample1;sample11;sample3;sample4;sample5;sample7;sample8;sample9,sample10;sample12;sample2;sample6,774,340,1114,4550,1909,0.1453794139744553,0.1511783014673188,0.005798887492863503
selected4,lr,4,0.457286432160804,"{""lr_C"": 1.0}",output/all_satisfying_primordia_splits/split_012/models/selected4/lr/hyperparameter_search_train_cv.csv,0.937411808178888,0.9909259732515546,0.9277708592777086,0.962532299741602,0.9448319594166138,output/all_satisfying_primordia_splits/split_012/models/selected4/lr/training_summary.json,0.9124293785310734,0.95,0.930835734870317,323,31,17,11,split_012,split_012,output/all_satisfying_primordia_splits/split_012/neighbor_pairs_train.csv,output/all_satisfying_primordia_splits/split_012/neighbor_pairs_test.csv,output/all_satisfying_primordia_splits/split_012/primordium_assignment.csv,5324,2249,7573,7624,51,exception_label,1,0.7030239006998548,0.29697609930014524,8,4,sample1;sample11;sample3;sample4;sample5;sample7;sample8;sample9,sample10;sample12;sample2;sample6,774,340,1114,4550,1909,0.1453794139744553,0.1511783014673188,0.005798887492863503
selected4,svm,4,0.1457286432160804,"{""svm_C"": 1.0, ""svm_calib_method"": ""sigmoid""}",output/all_satisfying_primordia_splits/split_012/models/selected4/svm/hyperparameter_search_train_cv.csv,0.9366526231720936,0.9908947383365988,0.9288389513108616,0.9612403100775194,0.9447619047619048,output/all_satisfying_primordia_splits/split_012/models/selected4/svm/training_summary.json,0.9204545454545454,0.9529411764705882,0.9364161849710982,324,28,16,11,split_012,split_012,output/all_satisfying_primordia_splits/split_012/neighbor_pairs_train.csv,output/all_satisfying_primordia_splits/split_012/neighbor_pairs_test.csv,output/all_satisfying_primordia_splits/split_012/primordium_assignment.csv,5324,2249,7573,7624,51,exception_label,1,0.7030239006998548,0.29697609930014524,8,4,sample1;sample11;sample3;sample4;sample5;sample7;sample8;sample9,sample10;sample12;sample2;sample6,774,340,1114,4550,1909,0.1453794139744553,0.1511783014673188,0.005798887492863503
selected4,xgboost,4,0.2412060301507537,"{""xgb_colsample_bytree"": 0.8, ""xgb_gamma"": 0.0, ""xgb_learning_rate"": 0.05, ""xgb_max_depth"": 4, ""xgb_min_child_weight"": 1.0, ""xgb_n_estimators"": 600, ""xgb_reg_alpha"": 0.0, ""xgb_reg_lambda"": 1.0, ""xgb_subsample"": 0.8}",output/all_satisfying_primordia_splits/split_012/models/selected4/xgboost/hyperparameter_search_train_cv.csv,0.9008698550118536,0.9881565721100604,0.9317889317889316,0.9354005167958656,0.9335912314635718,output/all_satisfying_primordia_splits/split_012/models/selected4/xgboost/training_summary.json,0.9104477611940298,0.8970588235294118,0.9037037037037036,305,30,35,11,split_012,split_012,output/all_satisfying_primordia_splits/split_012/neighbor_pairs_train.csv,output/all_satisfying_primordia_splits/split_012/neighbor_pairs_test.csv,output/all_satisfying_primordia_splits/split_012/primordium_assignment.csv,5324,2249,7573,7624,51,exception_label,1,0.7030239006998548,0.29697609930014524,8,4,sample1;sample11;sample3;sample4;sample5;sample7;sample8;sample9,sample10;sample12;sample2;sample6,774,340,1114,4550,1909,0.1453794139744553,0.1511783014673188,0.005798887492863503
selected4,lightgbm,4,0.0150753768844221,"{""lgbm_colsample_bytree"": 0.8, ""lgbm_learning_rate"": 0.02, ""lgbm_max_depth"": -1, ""lgbm_min_child_samples"": 20, ""lgbm_n_estimators"": 1500, ""lgbm_num_leaves"": 63, ""lgbm_reg_alpha"": 0.0, ""lgbm_reg_lambda"": 1.0, ""lgbm_subsample"": 0.8}",output/all_satisfying_primordia_splits/split_012/models/selected4/lightgbm/hyperparameter_search_train_cv.csv,0.9021479983243296,0.9876437515972398,0.9183417085427136,0.9444444444444444,0.9312101910828026,output/all_satisfying_primordia_splits/split_012/models/selected4/lightgbm/training_summary.json,0.8936781609195402,0.9147058823529411,0.9040697674418604,311,37,29,11,split_012,split_012,output/all_satisfying_primordia_splits/split_012/neighbor_pairs_train.csv,output/all_satisfying_primordia_splits/split_012/neighbor_pairs_test.csv,output/all_satisfying_primordia_splits/split_012/primordium_assignment.csv,5324,2249,7573,7624,51,exception_label,1,0.7030239006998548,0.29697609930014524,8,4,sample1;sample11;sample3;sample4;sample5;sample7;sample8;sample9,sample10;sample12;sample2;sample6,774,340,1114,4550,1909,0.1453794139744553,0.1511783014673188,0.005798887492863503
all,lr,49,0.5175879396984925,"{""lr_C"": 1.0}",output/all_satisfying_primordia_splits/split_013/models/all/lr/hyperparameter_search_train_cv.csv,0.9538747506642736,0.9927090262255328,0.932741116751269,0.9557867360208062,0.9441233140655106,output/all_satisfying_primordia_splits/split_013/models/all/lr/training_summary.json,0.9316239316239316,0.9478260869565216,0.939655172413793,327,24,18,12,split_013,split_013,output/all_satisfying_primordia_splits/split_013/neighbor_pairs_train.csv,output/all_satisfying_primordia_splits/split_013/neighbor_pairs_test.csv,output/all_satisfying_primordia_splits/split_013/primordium_assignment.csv,5326,2247,7573,7624,51,exception_label,1,0.7032879968308464,0.2967120031691536,7,5,sample10;sample11;sample2;sample4;sample5;sample8;sample9,sample1;sample12;sample3;sample6;sample7,769,345,1114,4557,1902,0.14438603079233947,0.15353805073431243,0.009152019941972955
all,svm,49,0.2010050251256281,"{""svm_C"": 1.0, ""svm_calib_method"": ""sigmoid""}",output/all_satisfying_primordia_splits/split_013/models/all/svm/hyperparameter_search_train_cv.csv,0.9537418860379928,0.992788641946984,0.9323116219667944,0.9492847854356308,0.940721649484536,output/all_satisfying_primordia_splits/split_013/models/all/svm/training_summary.json,0.9373219373219374,0.9536231884057972,0.9454022988505748,329,22,16,12,split_013,split_013,output/all_satisfying_primordia_splits/split_013/neighbor_pairs_train.csv,output/all_satisfying_primordia_splits/split_013/neighbor_pairs_test.csv,output/all_satisfying_primordia_splits/split_013/primordium_assignment.csv,5326,2247,7573,7624,51,exception_label,1,0.7032879968308464,0.2967120031691536,7,5,sample10;sample11;sample2;sample4;sample5;sample8;sample9,sample1;sample12;sample3;sample6;sample7,769,345,1114,4557,1902,0.14438603079233947,0.15353805073431243,0.009152019941972955
all,xgboost,49,0.1758793969849246,"{""xgb_colsample_bytree"": 0.8, ""xgb_gamma"": 0.0, ""xgb_learning_rate"": 0.05, ""xgb_max_depth"": 4, ""xgb_min_child_weight"": 1.0, ""xgb_n_estimators"": 600, ""xgb_reg_alpha"": 0.0, ""xgb_reg_lambda"": 1.0, ""xgb_subsample"": 0.8}",output/all_satisfying_primordia_splits/split_013/models/all/xgboost/hyperparameter_search_train_cv.csv,0.9492808069136026,0.9920217342358733,0.9468911917098446,0.9505851755526658,0.9487345879299156,output/all_satisfying_primordia_splits/split_013/models/all/xgboost/training_summary.json,0.9420289855072465,0.9420289855072465,0.9420289855072465,325,20,20,12,split_013,split_013,output/all_satisfying_primordia_splits/split_013/neighbor_pairs_train.csv,output/all_satisfying_primordia_splits/split_013/neighbor_pairs_test.csv,output/all_satisfying_primordia_splits/split_013/primordium_assignment.csv,5326,2247,7573,7624,51,exception_label,1,0.7032879968308464,0.2967120031691536,7,5,sample10;sample11;sample2;sample4;sample5;sample8;sample9,sample1;sample12;sample3;sample6;sample7,769,345,1114,4557,1902,0.14438603079233947,0.15353805073431243,0.009152019941972955
all,lightgbm,49,0.0351758793969849,"{""lgbm_colsample_bytree"": 0.8, ""lgbm_learning_rate"": 0.02, ""lgbm_max_depth"": -1, ""lgbm_min_child_samples"": 20, ""lgbm_n_estimators"": 1500, ""lgbm_num_leaves"": 63, ""lgbm_reg_alpha"": 0.0, ""lgbm_reg_lambda"": 1.0, ""lgbm_subsample"": 0.8}",output/all_satisfying_primordia_splits/split_013/models/all/lightgbm/hyperparameter_search_train_cv.csv,0.9462417350201688,0.9920056113388768,0.941101152368758,0.9557867360208062,0.9483870967741936,output/all_satisfying_primordia_splits/split_013/models/all/lightgbm/training_summary.json,0.930835734870317,0.936231884057971,0.9335260115606936,323,24,22,12,split_013,split_013,output/all_satisfying_primordia_splits/split_013/neighbor_pairs_train.csv,output/all_satisfying_primordia_splits/split_013/neighbor_pairs_test.csv,output/all_satisfying_primordia_splits/split_013/primordium_assignment.csv,5326,2247,7573,7624,51,exception_label,1,0.7032879968308464,0.2967120031691536,7,5,sample10;sample11;sample2;sample4;sample5;sample8;sample9,sample1;sample12;sample3;sample6;sample7,769,345,1114,4557,1902,0.14438603079233947,0.15353805073431243,0.009152019941972955
selected4,lr,4,0.4522613065326633,"{""lr_C"": 1.0}",output/all_satisfying_primordia_splits/split_013/models/selected4/lr/hyperparameter_search_train_cv.csv,0.9368798655164572,0.9906564244893394,0.9189526184538652,0.9583875162548764,0.9382558879694464,output/all_satisfying_primordia_splits/split_013/models/selected4/lr/training_summary.json,0.9295774647887324,0.9565217391304348,0.9428571428571428,330,25,15,12,split_013,split_013,output/all_satisfying_primordia_splits/split_013/neighbor_pairs_train.csv,output/all_satisfying_primordia_splits/split_013/neighbor_pairs_test.csv,output/all_satisfying_primordia_splits/split_013/primordium_assignment.csv,5326,2247,7573,7624,51,exception_label,1,0.7032879968308464,0.2967120031691536,7,5,sample10;sample11;sample2;sample4;sample5;sample8;sample9,sample1;sample12;sample3;sample6;sample7,769,345,1114,4557,1902,0.14438603079233947,0.15353805073431243,0.009152019941972955
selected4,svm,4,0.1557788944723618,"{""svm_C"": 1.0, ""svm_calib_method"": ""sigmoid""}",output/all_satisfying_primordia_splits/split_013/models/selected4/svm/hyperparameter_search_train_cv.csv,0.936230707276765,0.990655568406313,0.9223057644110276,0.9570871261378412,0.9393746011486916,output/all_satisfying_primordia_splits/split_013/models/selected4/svm/training_summary.json,0.9376770538243626,0.9594202898550724,0.9484240687679084,331,22,14,12,split_013,split_013,output/all_satisfying_primordia_splits/split_013/neighbor_pairs_train.csv,output/all_satisfying_primordia_splits/split_013/neighbor_pairs_test.csv,output/all_satisfying_primordia_splits/split_013/primordium_assignment.csv,5326,2247,7573,7624,51,exception_label,1,0.7032879968308464,0.2967120031691536,7,5,sample10;sample11;sample2;sample4;sample5;sample8;sample9,sample1;sample12;sample3;sample6;sample7,769,345,1114,4557,1902,0.14438603079233947,0.15353805073431243,0.009152019941972955
selected4,xgboost,4,0.0854271356783919,"{""xgb_colsample_bytree"": 0.8, ""xgb_gamma"": 0.0, ""xgb_learning_rate"": 0.05, ""xgb_max_depth"": 4, ""xgb_min_child_weight"": 1.0, ""xgb_n_estimators"": 600, ""xgb_reg_alpha"": 0.0, ""xgb_reg_lambda"": 1.0, ""xgb_subsample"": 0.8}",output/all_satisfying_primordia_splits/split_013/models/selected4/xgboost/hyperparameter_search_train_cv.csv,0.9140653029775476,0.9883592683686168,0.915,0.951885565669701,0.9330783938814532,output/all_satisfying_primordia_splits/split_013/models/selected4/xgboost/training_summary.json,0.9178470254957508,0.9391304347826088,0.9283667621776504,324,29,21,12,split_013,split_013,output/all_satisfying_primordia_splits/split_013/neighbor_pairs_train.csv,output/all_satisfying_primordia_splits/split_013/neighbor_pairs_test.csv,output/all_satisfying_primordia_splits/split_013/primordium_assignment.csv,5326,2247,7573,7624,51,exception_label,1,0.7032879968308464,0.2967120031691536,7,5,sample10;sample11;sample2;sample4;sample5;sample8;sample9,sample1;sample12;sample3;sample6;sample7,769,345,1114,4557,1902,0.14438603079233947,0.15353805073431243,0.009152019941972955
selected4,lightgbm,4,0.0402010050251256,"{""lgbm_colsample_bytree"": 0.8, ""lgbm_learning_rate"": 0.02, ""lgbm_max_depth"": -1, ""lgbm_min_child_samples"": 20, ""lgbm_n_estimators"": 1500, ""lgbm_num_leaves"": 63, ""lgbm_reg_alpha"": 0.0, ""lgbm_reg_lambda"": 1.0, ""lgbm_subsample"": 0.8}",output/all_satisfying_primordia_splits/split_013/models/selected4/lightgbm/hyperparameter_search_train_cv.csv,0.910358411434274,0.9874458277794946,0.9216944801026956,0.9336801040312094,0.9276485788113694,output/all_satisfying_primordia_splits/split_013/models/selected4/lightgbm/training_summary.json,0.93841642228739,0.927536231884058,0.932944606413994,320,21,25,12,split_013,split_013,output/all_satisfying_primordia_splits/split_013/neighbor_pairs_train.csv,output/all_satisfying_primordia_splits/split_013/neighbor_pairs_test.csv,output/all_satisfying_primordia_splits/split_013/primordium_assignment.csv,5326,2247,7573,7624,51,exception_label,1,0.7032879968308464,0.2967120031691536,7,5,sample10;sample11;sample2;sample4;sample5;sample8;sample9,sample1;sample12;sample3;sample6;sample7,769,345,1114,4557,1902,0.14438603079233947,0.15353805073431243,0.009152019941972955
all,lr,49,0.507537688442211,"{""lr_C"": 1.0}",output/all_satisfying_primordia_splits/split_014/models/all/lr/hyperparameter_search_train_cv.csv,0.9550197135856306,0.9929903174255004,0.931904161412358,0.9597402597402598,0.945617402431222,output/all_satisfying_primordia_splits/split_014/models/all/lr/training_summary.json,0.9416909620991254,0.938953488372093,0.940320232896652,323,20,21,13,split_014,split_014,output/all_satisfying_primordia_splits/split_014/neighbor_pairs_train.csv,output/all_satisfying_primordia_splits/split_014/neighbor_pairs_test.csv,output/all_satisfying_primordia_splits/split_014/primordium_assignment.csv,5329,2244,7573,7624,51,exception_label,1,0.7036841410273339,0.29631585897266605,8,4,sample1;sample10;sample12;sample2;sample3;sample4;sample7;sample9,sample11;sample5;sample6;sample8,770,344,1114,4559,1900,0.14449240007506098,0.1532976827094474,0.00880528263438643
all,svm,49,0.2663316582914573,"{""svm_C"": 1.0, ""svm_calib_method"": ""sigmoid""}",output/all_satisfying_primordia_splits/split_014/models/all/svm/hyperparameter_search_train_cv.csv,0.9533725002935708,0.9928188284626098,0.93573264781491,0.9454545454545454,0.9405684754521964,output/all_satisfying_primordia_splits/split_014/models/all/svm/training_summary.json,0.9553571428571428,0.9331395348837208,0.9441176470588236,321,15,23,13,split_014,split_014,output/all_satisfying_primordia_splits/split_014/neighbor_pairs_train.csv,output/all_satisfying_primordia_splits/split_014/neighbor_pairs_test.csv,output/all_satisfying_primordia_splits/split_014/primordium_assignment.csv,5329,2244,7573,7624,51,exception_label,1,0.7036841410273339,0.29631585897266605,8,4,sample1;sample10;sample12;sample2;sample3;sample4;sample7;sample9,sample11;sample5;sample6;sample8,770,344,1114,4559,1900,0.14449240007506098,0.1532976827094474,0.00880528263438643
all,xgboost,49,0.0251256281407035,"{""xgb_colsample_bytree"": 0.8, ""xgb_gamma"": 0.0, ""xgb_learning_rate"": 0.05, ""xgb_max_depth"": 4, ""xgb_min_child_weight"": 1.0, ""xgb_n_estimators"": 600, ""xgb_reg_alpha"": 0.0, ""xgb_reg_lambda"": 1.0, ""xgb_subsample"": 0.8}",output/all_satisfying_primordia_splits/split_014/models/all/xgboost/hyperparameter_search_train_cv.csv,0.9409986489338792,0.991481243038602,0.91875,0.9545454545454546,0.9363057324840764,output/all_satisfying_primordia_splits/split_014/models/all/xgboost/training_summary.json,0.9371428571428572,0.9534883720930232,0.9452449567723344,328,22,16,13,split_014,split_014,output/all_satisfying_primordia_splits/split_014/neighbor_pairs_train.csv,output/all_satisfying_primordia_splits/split_014/neighbor_pairs_test.csv,output/all_satisfying_primordia_splits/split_014/primordium_assignment.csv,5329,2244,7573,7624,51,exception_label,1,0.7036841410273339,0.29631585897266605,8,4,sample1;sample10;sample12;sample2;sample3;sample4;sample7;sample9,sample11;sample5;sample6;sample8,770,344,1114,4559,1900,0.14449240007506098,0.1532976827094474,0.00880528263438643
all,lightgbm,49,0.0351758793969849,"{""lgbm_colsample_bytree"": 0.8, ""lgbm_learning_rate"": 0.02, ""lgbm_max_depth"": -1, ""lgbm_min_child_samples"": 20, ""lgbm_n_estimators"": 1500, ""lgbm_num_leaves"": 63, ""lgbm_reg_alpha"": 0.0, ""lgbm_reg_lambda"": 1.0, ""lgbm_subsample"": 0.8}",output/all_satisfying_primordia_splits/split_014/models/all/lightgbm/hyperparameter_search_train_cv.csv,0.93941463346334,0.9913039143352808,0.9310344827586208,0.9467532467532468,0.9388280746941404,output/all_satisfying_primordia_splits/split_014/models/all/lightgbm/training_summary.json,0.9479768786127168,0.9534883720930232,0.9507246376811592,328,18,16,13,split_014,split_014,output/all_satisfying_primordia_splits/split_014/neighbor_pairs_train.csv,output/all_satisfying_primordia_splits/split_014/neighbor_pairs_test.csv,output/all_satisfying_primordia_splits/split_014/primordium_assignment.csv,5329,2244,7573,7624,51,exception_label,1,0.7036841410273339,0.29631585897266605,8,4,sample1;sample10;sample12;sample2;sample3;sample4;sample7;sample9,sample11;sample5;sample6;sample8,770,344,1114,4559,1900,0.14449240007506098,0.1532976827094474,0.00880528263438643
selected4,lr,4,0.4321608040201005,"{""lr_C"": 1.0}",output/all_satisfying_primordia_splits/split_014/models/selected4/lr/hyperparameter_search_train_cv.csv,0.9350414300036448,0.99063960825312,0.915841584158416,0.961038961038961,0.9378960709759188,output/all_satisfying_primordia_splits/split_014/models/selected4/lr/training_summary.json,0.9209039548022598,0.9476744186046512,0.9340974212034384,326,28,18,13,split_014,split_014,output/all_satisfying_primordia_splits/split_014/neighbor_pairs_train.csv,output/all_satisfying_primordia_splits/split_014/neighbor_pairs_test.csv,output/all_satisfying_primordia_splits/split_014/primordium_assignment.csv,5329,2244,7573,7624,51,exception_label,1,0.7036841410273339,0.29631585897266605,8,4,sample1;sample10;sample12;sample2;sample3;sample4;sample7;sample9,sample11;sample5;sample6;sample8,770,344,1114,4559,1900,0.14449240007506098,0.1532976827094474,0.00880528263438643
selected4,svm,4,0.1457286432160804,"{""svm_C"": 1.0, ""svm_calib_method"": ""sigmoid""}",output/all_satisfying_primordia_splits/split_014/models/selected4/svm/hyperparameter_search_train_cv.csv,0.9344355812972056,0.990598587637412,0.9191542288557214,0.9597402597402598,0.9390088945362134,output/all_satisfying_primordia_splits/split_014/models/selected4/svm/training_summary.json,0.9430199430199432,0.9622093023255814,0.9525179856115108,331,20,13,13,split_014,split_014,output/all_satisfying_primordia_splits/split_014/neighbor_pairs_train.csv,output/all_satisfying_primordia_splits/split_014/neighbor_pairs_test.csv,output/all_satisfying_primordia_splits/split_014/primordium_assignment.csv,5329,2244,7573,7624,51,exception_label,1,0.7036841410273339,0.29631585897266605,8,4,sample1;sample10;sample12;sample2;sample3;sample4;sample7;sample9,sample11;sample5;sample6;sample8,770,344,1114,4559,1900,0.14449240007506098,0.1532976827094474,0.00880528263438643
selected4,xgboost,4,0.0703517587939698,"{""xgb_colsample_bytree"": 0.8, ""xgb_gamma"": 0.0, ""xgb_learning_rate"": 0.05, ""xgb_max_depth"": 4, ""xgb_min_child_weight"": 1.0, ""xgb_n_estimators"": 600, ""xgb_reg_alpha"": 0.0, ""xgb_reg_lambda"": 1.0, ""xgb_subsample"": 0.8}",output/all_satisfying_primordia_splits/split_014/models/selected4/xgboost/hyperparameter_search_train_cv.csv,0.9080968292096188,0.9882105610993523,0.900497512437811,0.9402597402597402,0.9199491740787802,output/all_satisfying_primordia_splits/split_014/models/selected4/xgboost/training_summary.json,0.9111111111111112,0.9534883720930232,0.931818181818182,328,32,16,13,split_014,split_014,output/all_satisfying_primordia_splits/split_014/neighbor_pairs_train.csv,output/all_satisfying_primordia_splits/split_014/neighbor_pairs_test.csv,output/all_satisfying_primordia_splits/split_014/primordium_assignment.csv,5329,2244,7573,7624,51,exception_label,1,0.7036841410273339,0.29631585897266605,8,4,sample1;sample10;sample12;sample2;sample3;sample4;sample7;sample9,sample11;sample5;sample6;sample8,770,344,1114,4559,1900,0.14449240007506098,0.1532976827094474,0.00880528263438643
selected4,lightgbm,4,0.0100502512562814,"{""lgbm_colsample_bytree"": 0.8, ""lgbm_learning_rate"": 0.02, ""lgbm_max_depth"": -1, ""lgbm_min_child_samples"": 20, ""lgbm_n_estimators"": 1500, ""lgbm_num_leaves"": 63, ""lgbm_reg_alpha"": 0.0, ""lgbm_reg_lambda"": 1.0, ""lgbm_subsample"": 0.8}",output/all_satisfying_primordia_splits/split_014/models/selected4/lightgbm/hyperparameter_search_train_cv.csv,0.8978958586931546,0.9857279592528552,0.9027431421446384,0.9402597402597402,0.921119592875318,output/all_satisfying_primordia_splits/split_014/models/selected4/lightgbm/training_summary.json,0.9222222222222224,0.9651162790697676,0.943181818181818,332,28,12,13,split_014,split_014,output/all_satisfying_primordia_splits/split_014/neighbor_pairs_train.csv,output/all_satisfying_primordia_splits/split_014/neighbor_pairs_test.csv,output/all_satisfying_primordia_splits/split_014/primordium_assignment.csv,5329,2244,7573,7624,51,exception_label,1,0.7036841410273339,0.29631585897266605,8,4,sample1;sample10;sample12;sample2;sample3;sample4;sample7;sample9,sample11;sample5;sample6;sample8,770,344,1114,4559,1900,0.14449240007506098,0.1532976827094474,0.00880528263438643
all,lr,49,0.5879396984924623,"{""lr_C"": 1.0}",output/all_satisfying_primordia_splits/split_015/models/all/lr/hyperparameter_search_train_cv.csv,0.9511630329189008,0.9923062641242324,0.9429312581063554,0.9503267973856208,0.9466145833333334,output/all_satisfying_primordia_splits/split_015/models/all/lr/training_summary.json,0.9401709401709402,0.9455587392550144,0.9428571428571428,330,21,19,14,split_015,split_015,output/all_satisfying_primordia_splits/split_015/neighbor_pairs_train.csv,output/all_satisfying_primordia_splits/split_015/neighbor_pairs_test.csv,output/all_satisfying_primordia_splits/split_015/primordium_assignment.csv,5271,2302,7573,7624,51,exception_label,1,0.6960253532285752,0.3039746467714248,8,4,sample1;sample10;sample11;sample3;sample4;sample5;sample8;sample9,sample12;sample2;sample6;sample7,765,349,1114,4506,1953,0.14513375071143997,0.1516072980017376,0.006473547290297643
all,svm,49,0.271356783919598,"{""svm_C"": 1.0, ""svm_calib_method"": ""sigmoid""}",output/all_satisfying_primordia_splits/split_015/models/all/svm/hyperparameter_search_train_cv.csv,0.9522105994671788,0.9924385496172132,0.9423328964613368,0.9398692810457516,0.9410994764397904,output/all_satisfying_primordia_splits/split_015/models/all/svm/training_summary.json,0.9541547277936964,0.9541547277936964,0.9541547277936964,333,16,16,14,split_015,split_015,output/all_satisfying_primordia_splits/split_015/neighbor_pairs_train.csv,output/all_satisfying_primordia_splits/split_015/neighbor_pairs_test.csv,output/all_satisfying_primordia_splits/split_015/primordium_assignment.csv,5271,2302,7573,7624,51,exception_label,1,0.6960253532285752,0.3039746467714248,8,4,sample1;sample10;sample11;sample3;sample4;sample5;sample8;sample9,sample12;sample2;sample6;sample7,765,349,1114,4506,1953,0.14513375071143997,0.1516072980017376,0.006473547290297643
all,xgboost,49,0.0452261306532663,"{""xgb_colsample_bytree"": 0.8, ""xgb_gamma"": 0.0, ""xgb_learning_rate"": 0.05, ""xgb_max_depth"": 4, ""xgb_min_child_weight"": 1.0, ""xgb_n_estimators"": 600, ""xgb_reg_alpha"": 0.0, ""xgb_reg_lambda"": 1.0, ""xgb_subsample"": 0.8}",output/all_satisfying_primordia_splits/split_015/models/all/xgboost/hyperparameter_search_train_cv.csv,0.9400344895781738,0.9912722035107874,0.928843710292249,0.9555555555555556,0.9420103092783504,output/all_satisfying_primordia_splits/split_015/models/all/xgboost/training_summary.json,0.9380281690140844,0.9541547277936964,0.9460227272727272,333,22,16,14,split_015,split_015,output/all_satisfying_primordia_splits/split_015/neighbor_pairs_train.csv,output/all_satisfying_primordia_splits/split_015/neighbor_pairs_test.csv,output/all_satisfying_primordia_splits/split_015/primordium_assignment.csv,5271,2302,7573,7624,51,exception_label,1,0.6960253532285752,0.3039746467714248,8,4,sample1;sample10;sample11;sample3;sample4;sample5;sample8;sample9,sample12;sample2;sample6;sample7,765,349,1114,4506,1953,0.14513375071143997,0.1516072980017376,0.006473547290297643
all,lightgbm,49,0.1507537688442211,"{""lgbm_colsample_bytree"": 0.8, ""lgbm_learning_rate"": 0.02, ""lgbm_max_depth"": -1, ""lgbm_min_child_samples"": 20, ""lgbm_n_estimators"": 1500, ""lgbm_num_leaves"": 63, ""lgbm_reg_alpha"": 0.0, ""lgbm_reg_lambda"": 1.0, ""lgbm_subsample"": 0.8}",output/all_satisfying_primordia_splits/split_015/models/all/lightgbm/hyperparameter_search_train_cv.csv,0.9368211092531668,0.9908557652976858,0.9498018494055482,0.9398692810457516,0.9448094612352168,output/all_satisfying_primordia_splits/split_015/models/all/lightgbm/training_summary.json,0.9502923976608189,0.9312320916905444,0.9406657018813316,325,17,24,14,split_015,split_015,output/all_satisfying_primordia_splits/split_015/neighbor_pairs_train.csv,output/all_satisfying_primordia_splits/split_015/neighbor_pairs_test.csv,output/all_satisfying_primordia_splits/split_015/primordium_assignment.csv,5271,2302,7573,7624,51,exception_label,1,0.6960253532285752,0.3039746467714248,8,4,sample1;sample10;sample11;sample3;sample4;sample5;sample8;sample9,sample12;sample2;sample6;sample7,765,349,1114,4506,1953,0.14513375071143997,0.1516072980017376,0.006473547290297643
selected4,lr,4,0.577889447236181,"{""lr_C"": 1.0}",output/all_satisfying_primordia_splits/split_015/models/selected4/lr/hyperparameter_search_train_cv.csv,0.9326909794148718,0.990390735373895,0.9306803594351734,0.9477124183006536,0.939119170984456,output/all_satisfying_primordia_splits/split_015/models/selected4/lr/training_summary.json,0.9478260869565216,0.9369627507163324,0.9423631123919308,327,18,22,14,split_015,split_015,output/all_satisfying_primordia_splits/split_015/neighbor_pairs_train.csv,output/all_satisfying_primordia_splits/split_015/neighbor_pairs_test.csv,output/all_satisfying_primordia_splits/split_015/primordium_assignment.csv,5271,2302,7573,7624,51,exception_label,1,0.6960253532285752,0.3039746467714248,8,4,sample1;sample10;sample11;sample3;sample4;sample5;sample8;sample9,sample12;sample2;sample6;sample7,765,349,1114,4506,1953,0.14513375071143997,0.1516072980017376,0.006473547290297643
selected4,svm,4,0.2060301507537688,"{""svm_C"": 1.0, ""svm_calib_method"": ""sigmoid""}",output/all_satisfying_primordia_splits/split_015/models/selected4/svm/hyperparameter_search_train_cv.csv,0.9317869176231712,0.9903736194877418,0.9282970550576184,0.9477124183006536,0.9379042690815006,output/all_satisfying_primordia_splits/split_015/models/selected4/svm/training_summary.json,0.9446064139941692,0.9283667621776504,0.9364161849710982,324,19,25,14,split_015,split_015,output/all_satisfying_primordia_splits/split_015/neighbor_pairs_train.csv,output/all_satisfying_primordia_splits/split_015/neighbor_pairs_test.csv,output/all_satisfying_primordia_splits/split_015/primordium_assignment.csv,5271,2302,7573,7624,51,exception_label,1,0.6960253532285752,0.3039746467714248,8,4,sample1;sample10;sample11;sample3;sample4;sample5;sample8;sample9,sample12;sample2;sample6;sample7,765,349,1114,4506,1953,0.14513375071143997,0.1516072980017376,0.006473547290297643
selected4,xgboost,4,0.1206030150753768,"{""xgb_colsample_bytree"": 0.8, ""xgb_gamma"": 0.0, ""xgb_learning_rate"": 0.05, ""xgb_max_depth"": 4, ""xgb_min_child_weight"": 1.0, ""xgb_n_estimators"": 600, ""xgb_reg_alpha"": 0.0, ""xgb_reg_lambda"": 1.0, ""xgb_subsample"": 0.8}",output/all_satisfying_primordia_splits/split_015/models/selected4/xgboost/hyperparameter_search_train_cv.csv,0.9072323722921704,0.987892106095286,0.903430749682338,0.9294117647058824,0.9162371134020618,output/all_satisfying_primordia_splits/split_015/models/selected4/xgboost/training_summary.json,0.9197707736389684,0.9197707736389684,0.9197707736389684,321,28,28,14,split_015,split_015,output/all_satisfying_primordia_splits/split_015/neighbor_pairs_train.csv,output/all_satisfying_primordia_splits/split_015/neighbor_pairs_test.csv,output/all_satisfying_primordia_splits/split_015/primordium_assignment.csv,5271,2302,7573,7624,51,exception_label,1,0.6960253532285752,0.3039746467714248,8,4,sample1;sample10;sample11;sample3;sample4;sample5;sample8;sample9,sample12;sample2;sample6;sample7,765,349,1114,4506,1953,0.14513375071143997,0.1516072980017376,0.006473547290297643
selected4,lightgbm,4,0.0150753768844221,"{""lgbm_colsample_bytree"": 0.8, ""lgbm_learning_rate"": 0.02, ""lgbm_max_depth"": -1, ""lgbm_min_child_samples"": 20, ""lgbm_n_estimators"": 1500, ""lgbm_num_leaves"": 63, ""lgbm_reg_alpha"": 0.0, ""lgbm_reg_lambda"": 1.0, ""lgbm_subsample"": 0.8}",output/all_satisfying_primordia_splits/split_015/models/selected4/lightgbm/hyperparameter_search_train_cv.csv,0.8878305129523303,0.985080749269674,0.9118773946360154,0.9333333333333332,0.9224806201550388,output/all_satisfying_primordia_splits/split_015/models/selected4/lightgbm/training_summary.json,0.9252873563218392,0.9226361031518624,0.9239598278335724,322,26,27,14,split_015,split_015,output/all_satisfying_primordia_splits/split_015/neighbor_pairs_train.csv,output/all_satisfying_primordia_splits/split_015/neighbor_pairs_test.csv,output/all_satisfying_primordia_splits/split_015/primordium_assignment.csv,5271,2302,7573,7624,51,exception_label,1,0.6960253532285752,0.3039746467714248,8,4,sample1;sample10;sample11;sample3;sample4;sample5;sample8;sample9,sample12;sample2;sample6;sample7,765,349,1114,4506,1953,0.14513375071143997,0.1516072980017376,0.006473547290297643
all,lr,49,0.4371859296482412,"{""lr_C"": 1.0}",output/all_satisfying_primordia_splits/split_016/models/all/lr/hyperparameter_search_train_cv.csv,0.9576060625791564,0.99329389111979,0.9366286438529784,0.9710906701708278,0.9535483870967744,output/all_satisfying_primordia_splits/split_016/models/all/lr/training_summary.json,0.9287671232876712,0.9603399433427762,0.9442896935933148,339,26,14,15,split_016,split_016,output/all_satisfying_primordia_splits/split_016/neighbor_pairs_train.csv,output/all_satisfying_primordia_splits/split_016/neighbor_pairs_test.csv,output/all_satisfying_primordia_splits/split_016/primordium_assignment.csv,5270,2303,7573,7624,51,exception_label,1,0.6958933051630793,0.30410669483692065,7,5,sample1;sample12;sample2;sample4;sample5;sample6;sample8,sample10;sample11;sample3;sample7;sample9,761,353,1114,4509,1950,0.1444022770398482,0.1532783326096396,0.008876055569791402
all,svm,49,0.1105527638190954,"{""svm_C"": 1.0, ""svm_calib_method"": ""sigmoid""}",output/all_satisfying_primordia_splits/split_016/models/all/svm/hyperparameter_search_train_cv.csv,0.95675810999773,0.9932504679646402,0.9282115869017632,0.9684625492772668,0.9479099678456592,output/all_satisfying_primordia_splits/split_016/models/all/svm/training_summary.json,0.9090909090909092,0.963172804532578,0.9353507565337,340,34,13,15,split_016,split_016,output/all_satisfying_primordia_splits/split_016/neighbor_pairs_train.csv,output/all_satisfying_primordia_splits/split_016/neighbor_pairs_test.csv,output/all_satisfying_primordia_splits/split_016/primordium_assignment.csv,5270,2303,7573,7624,51,exception_label,1,0.6958933051630793,0.30410669483692065,7,5,sample1;sample12;sample2;sample4;sample5;sample6;sample8,sample10;sample11;sample3;sample7;sample9,761,353,1114,4509,1950,0.1444022770398482,0.1532783326096396,0.008876055569791402
all,xgboost,49,0.1658291457286432,"{""xgb_colsample_bytree"": 0.8, ""xgb_gamma"": 0.0, ""xgb_learning_rate"": 0.05, ""xgb_max_depth"": 4, ""xgb_min_child_weight"": 1.0, ""xgb_n_estimators"": 600, ""xgb_reg_alpha"": 0.0, ""xgb_reg_lambda"": 1.0, ""xgb_subsample"": 0.8}",output/all_satisfying_primordia_splits/split_016/models/all/xgboost/hyperparameter_search_train_cv.csv,0.9535860194396384,0.9926540553001169,0.9528795811518324,0.9566360052562418,0.9547540983606556,output/all_satisfying_primordia_splits/split_016/models/all/xgboost/training_summary.json,0.9318181818181818,0.9291784702549576,0.9304964539007092,328,24,25,15,split_016,split_016,output/all_satisfying_primordia_splits/split_016/neighbor_pairs_train.csv,output/all_satisfying_primordia_splits/split_016/neighbor_pairs_test.csv,output/all_satisfying_primordia_splits/split_016/primordium_assignment.csv,5270,2303,7573,7624,51,exception_label,1,0.6958933051630793,0.30410669483692065,7,5,sample1;sample12;sample2;sample4;sample5;sample6;sample8,sample10;sample11;sample3;sample7;sample9,761,353,1114,4509,1950,0.1444022770398482,0.1532783326096396,0.008876055569791402
all,lightgbm,49,0.050251256281407,"{""lgbm_colsample_bytree"": 0.8, ""lgbm_learning_rate"": 0.02, ""lgbm_max_depth"": -1, ""lgbm_min_child_samples"": 20, ""lgbm_n_estimators"": 1500, ""lgbm_num_leaves"": 63, ""lgbm_reg_alpha"": 0.0, ""lgbm_reg_lambda"": 1.0, ""lgbm_subsample"": 0.8}",output/all_satisfying_primordia_splits/split_016/models/all/lightgbm/hyperparameter_search_train_cv.csv,0.9548427859259166,0.9929948833534564,0.9428571428571428,0.9540078843626808,0.9483997387328544,output/all_satisfying_primordia_splits/split_016/models/all/lightgbm/training_summary.json,0.9405099150141644,0.9405099150141644,0.9405099150141644,332,21,21,15,split_016,split_016,output/all_satisfying_primordia_splits/split_016/neighbor_pairs_train.csv,output/all_satisfying_primordia_splits/split_016/neighbor_pairs_test.csv,output/all_satisfying_primordia_splits/split_016/primordium_assignment.csv,5270,2303,7573,7624,51,exception_label,1,0.6958933051630793,0.30410669483692065,7,5,sample1;sample12;sample2;sample4;sample5;sample6;sample8,sample10;sample11;sample3;sample7;sample9,761,353,1114,4509,1950,0.1444022770398482,0.1532783326096396,0.008876055569791402
selected4,lr,4,0.6130653266331658,"{""lr_C"": 1.0}",output/all_satisfying_primordia_splits/split_016/models/selected4/lr/hyperparameter_search_train_cv.csv,0.9425539087924184,0.991391723779773,0.940026075619296,0.947437582128778,0.943717277486911,output/all_satisfying_primordia_splits/split_016/models/selected4/lr/training_summary.json,0.9263456090651558,0.9263456090651558,0.9263456090651558,327,26,26,15,split_016,split_016,output/all_satisfying_primordia_splits/split_016/neighbor_pairs_train.csv,output/all_satisfying_primordia_splits/split_016/neighbor_pairs_test.csv,output/all_satisfying_primordia_splits/split_016/primordium_assignment.csv,5270,2303,7573,7624,51,exception_label,1,0.6958933051630793,0.30410669483692065,7,5,sample1;sample12;sample2;sample4;sample5;sample6;sample8,sample10;sample11;sample3;sample7;sample9,761,353,1114,4509,1950,0.1444022770398482,0.1532783326096396,0.008876055569791402
selected4,svm,4,0.2412060301507537,"{""svm_C"": 1.0, ""svm_calib_method"": ""sigmoid""}",output/all_satisfying_primordia_splits/split_016/models/selected4/svm/hyperparameter_search_train_cv.csv,0.9419401352172806,0.9913544206666242,0.9446640316205532,0.9421813403416556,0.9434210526315788,output/all_satisfying_primordia_splits/split_016/models/selected4/svm/training_summary.json,0.9263456090651558,0.9263456090651558,0.9263456090651558,327,26,26,15,split_016,split_016,output/all_satisfying_primordia_splits/split_016/neighbor_pairs_train.csv,output/all_satisfying_primordia_splits/split_016/neighbor_pairs_test.csv,output/all_satisfying_primordia_splits/split_016/primordium_assignment.csv,5270,2303,7573,7624,51,exception_label,1,0.6958933051630793,0.30410669483692065,7,5,sample1;sample12;sample2;sample4;sample5;sample6;sample8,sample10;sample11;sample3;sample7;sample9,761,353,1114,4509,1950,0.1444022770398482,0.1532783326096396,0.008876055569791402
selected4,xgboost,4,0.0854271356783919,"{""xgb_colsample_bytree"": 0.8, ""xgb_gamma"": 0.0, ""xgb_learning_rate"": 0.05, ""xgb_max_depth"": 4, ""xgb_min_child_weight"": 1.0, ""xgb_n_estimators"": 600, ""xgb_reg_alpha"": 0.0, ""xgb_reg_lambda"": 1.0, ""xgb_subsample"": 0.8}",output/all_satisfying_primordia_splits/split_016/models/selected4/xgboost/hyperparameter_search_train_cv.csv,0.9165377035245088,0.9888507406270828,0.9119496855345912,0.9526938239159002,0.9318766066838048,output/all_satisfying_primordia_splits/split_016/models/selected4/xgboost/training_summary.json,0.9027027027027028,0.9461756373937678,0.9239280774550483,334,36,19,15,split_016,split_016,output/all_satisfying_primordia_splits/split_016/neighbor_pairs_train.csv,output/all_satisfying_primordia_splits/split_016/neighbor_pairs_test.csv,output/all_satisfying_primordia_splits/split_016/primordium_assignment.csv,5270,2303,7573,7624,51,exception_label,1,0.6958933051630793,0.30410669483692065,7,5,sample1;sample12;sample2;sample4;sample5;sample6;sample8,sample10;sample11;sample3;sample7;sample9,761,353,1114,4509,1950,0.1444022770398482,0.1532783326096396,0.008876055569791402
selected4,lightgbm,4,0.050251256281407,"{""lgbm_colsample_bytree"": 0.8, ""lgbm_learning_rate"": 0.02, ""lgbm_max_depth"": -1, ""lgbm_min_child_samples"": 20, ""lgbm_n_estimators"": 1500, ""lgbm_num_leaves"": 63, ""lgbm_reg_alpha"": 0.0, ""lgbm_reg_lambda"": 1.0, ""lgbm_subsample"": 0.8}",output/all_satisfying_primordia_splits/split_016/models/selected4/lightgbm/hyperparameter_search_train_cv.csv,0.9163515101199668,0.9875553317368768,0.9248704663212436,0.938239159001314,0.9315068493150686,output/all_satisfying_primordia_splits/split_016/models/selected4/lightgbm/training_summary.json,0.8975069252077562,0.9178470254957508,0.907563025210084,324,37,29,15,split_016,split_016,output/all_satisfying_primordia_splits/split_016/neighbor_pairs_train.csv,output/all_satisfying_primordia_splits/split_016/neighbor_pairs_test.csv,output/all_satisfying_primordia_splits/split_016/primordium_assignment.csv,5270,2303,7573,7624,51,exception_label,1,0.6958933051630793,0.30410669483692065,7,5,sample1;sample12;sample2;sample4;sample5;sample6;sample8,sample10;sample11;sample3;sample7;sample9,761,353,1114,4509,1950,0.1444022770398482,0.1532783326096396,0.008876055569791402
all,lr,49,0.4271356783919598,"{""lr_C"": 1.0}",output/all_satisfying_primordia_splits/split_017/models/all/lr/hyperparameter_search_train_cv.csv,0.9524756597314644,0.9927479587060236,0.9263420724094882,0.961139896373057,0.9434202161474888,output/all_satisfying_primordia_splits/split_017/models/all/lr/training_summary.json,0.9232954545454546,0.9502923976608189,0.936599423631124,325,27,17,16,split_017,split_017,output/all_satisfying_primordia_splits/split_017/neighbor_pairs_train.csv,output/all_satisfying_primordia_splits/split_017/neighbor_pairs_test.csv,output/all_satisfying_primordia_splits/split_017/primordium_assignment.csv,5266,2307,7573,7624,51,exception_label,1,0.695365112901096,0.304634887098904,9,3,sample1;sample10;sample11;sample12;sample3;sample4;sample5;sample7;sample8,sample2;sample6;sample9,772,342,1114,4494,1965,0.14660083554880365,0.1482444733420026,0.0016436377931989543
all,svm,49,0.1809045226130653,"{""svm_C"": 1.0, ""svm_calib_method"": ""sigmoid""}",output/all_satisfying_primordia_splits/split_017/models/all/svm/hyperparameter_search_train_cv.csv,0.9524194322593073,0.9926946348729796,0.93173198482933,0.9546632124352332,0.9430582213691618,output/all_satisfying_primordia_splits/split_017/models/all/svm/training_summary.json,0.9342857142857144,0.956140350877193,0.9450867052023122,327,23,15,16,split_017,split_017,output/all_satisfying_primordia_splits/split_017/neighbor_pairs_train.csv,output/all_satisfying_primordia_splits/split_017/neighbor_pairs_test.csv,output/all_satisfying_primordia_splits/split_017/primordium_assignment.csv,5266,2307,7573,7624,51,exception_label,1,0.695365112901096,0.304634887098904,9,3,sample1;sample10;sample11;sample12;sample3;sample4;sample5;sample7;sample8,sample2;sample6;sample9,772,342,1114,4494,1965,0.14660083554880365,0.1482444733420026,0.0016436377931989543
all,xgboost,49,0.2964824120603015,"{""xgb_colsample_bytree"": 0.8, ""xgb_gamma"": 0.0, ""xgb_learning_rate"": 0.05, ""xgb_max_depth"": 4, ""xgb_min_child_weight"": 1.0, ""xgb_n_estimators"": 600, ""xgb_reg_alpha"": 0.0, ""xgb_reg_lambda"": 1.0, ""xgb_subsample"": 0.8}",output/all_satisfying_primordia_splits/split_017/models/all/xgboost/hyperparameter_search_train_cv.csv,0.941331333848626,0.9916636113551518,0.9488188976377953,0.9365284974093264,0.9426336375488918,output/all_satisfying_primordia_splits/split_017/models/all/xgboost/training_summary.json,0.940652818991098,0.9269005847953216,0.9337260677466864,317,20,25,16,split_017,split_017,output/all_satisfying_primordia_splits/split_017/neighbor_pairs_train.csv,output/all_satisfying_primordia_splits/split_017/neighbor_pairs_test.csv,output/all_satisfying_primordia_splits/split_017/primordium_assignment.csv,5266,2307,7573,7624,51,exception_label,1,0.695365112901096,0.304634887098904,9,3,sample1;sample10;sample11;sample12;sample3;sample4;sample5;sample7;sample8,sample2;sample6;sample9,772,342,1114,4494,1965,0.14660083554880365,0.1482444733420026,0.0016436377931989543
all,lightgbm,49,0.0703517587939698,"{""lgbm_colsample_bytree"": 0.8, ""lgbm_learning_rate"": 0.02, ""lgbm_max_depth"": -1, ""lgbm_min_child_samples"": 20, ""lgbm_n_estimators"": 1500, ""lgbm_num_leaves"": 63, ""lgbm_reg_alpha"": 0.0, ""lgbm_reg_lambda"": 1.0, ""lgbm_subsample"": 0.8}",output/all_satisfying_primordia_splits/split_017/models/all/lightgbm/hyperparameter_search_train_cv.csv,0.9428473350490508,0.9917895708959096,0.939119170984456,0.939119170984456,0.939119170984456,output/all_satisfying_primordia_splits/split_017/models/all/lightgbm/training_summary.json,0.9472140762463344,0.9444444444444444,0.945827232796486,323,18,19,16,split_017,split_017,output/all_satisfying_primordia_splits/split_017/neighbor_pairs_train.csv,output/all_satisfying_primordia_splits/split_017/neighbor_pairs_test.csv,output/all_satisfying_primordia_splits/split_017/primordium_assignment.csv,5266,2307,7573,7624,51,exception_label,1,0.695365112901096,0.304634887098904,9,3,sample1;sample10;sample11;sample12;sample3;sample4;sample5;sample7;sample8,sample2;sample6;sample9,772,342,1114,4494,1965,0.14660083554880365,0.1482444733420026,0.0016436377931989543
selected4,lr,4,0.4170854271356784,"{""lr_C"": 1.0}",output/all_satisfying_primordia_splits/split_017/models/selected4/lr/hyperparameter_search_train_cv.csv,0.934960337851164,0.9906922528829458,0.9197530864197532,0.9650259067357512,0.9418457648546144,output/all_satisfying_primordia_splits/split_017/models/selected4/lr/training_summary.json,0.9230769230769232,0.9473684210526316,0.935064935064935,324,27,18,16,split_017,split_017,output/all_satisfying_primordia_splits/split_017/neighbor_pairs_train.csv,output/all_satisfying_primordia_splits/split_017/neighbor_pairs_test.csv,output/all_satisfying_primordia_splits/split_017/primordium_assignment.csv,5266,2307,7573,7624,51,exception_label,1,0.695365112901096,0.304634887098904,9,3,sample1;sample10;sample11;sample12;sample3;sample4;sample5;sample7;sample8,sample2;sample6;sample9,772,342,1114,4494,1965,0.14660083554880365,0.1482444733420026,0.0016436377931989543
selected4,svm,4,0.135678391959799,"{""svm_C"": 1.0, ""svm_calib_method"": ""sigmoid""}",output/all_satisfying_primordia_splits/split_017/models/selected4/svm/hyperparameter_search_train_cv.csv,0.9347205306818356,0.9906867763811736,0.9207920792079208,0.9637305699481864,0.9417721518987342,output/all_satisfying_primordia_splits/split_017/models/selected4/svm/training_summary.json,0.9339080459770116,0.9502923976608189,0.9420289855072465,325,23,17,16,split_017,split_017,output/all_satisfying_primordia_splits/split_017/neighbor_pairs_train.csv,output/all_satisfying_primordia_splits/split_017/neighbor_pairs_test.csv,output/all_satisfying_primordia_splits/split_017/primordium_assignment.csv,5266,2307,7573,7624,51,exception_label,1,0.695365112901096,0.304634887098904,9,3,sample1;sample10;sample11;sample12;sample3;sample4;sample5;sample7;sample8,sample2;sample6;sample9,772,342,1114,4494,1965,0.14660083554880365,0.1482444733420026,0.0016436377931989543
selected4,xgboost,4,0.0251256281407035,"{""xgb_colsample_bytree"": 0.8, ""xgb_gamma"": 0.0, ""xgb_learning_rate"": 0.05, ""xgb_max_depth"": 4, ""xgb_min_child_weight"": 1.0, ""xgb_n_estimators"": 600, ""xgb_reg_alpha"": 0.0, ""xgb_reg_lambda"": 1.0, ""xgb_subsample"": 0.8}",output/all_satisfying_primordia_splits/split_017/models/selected4/xgboost/hyperparameter_search_train_cv.csv,0.9303738252517084,0.989674055908742,0.901840490797546,0.9520725388601036,0.9262759924385636,output/all_satisfying_primordia_splits/split_017/models/selected4/xgboost/training_summary.json,0.9011299435028248,0.932748538011696,0.9166666666666666,319,35,23,16,split_017,split_017,output/all_satisfying_primordia_splits/split_017/neighbor_pairs_train.csv,output/all_satisfying_primordia_splits/split_017/neighbor_pairs_test.csv,output/all_satisfying_primordia_splits/split_017/primordium_assignment.csv,5266,2307,7573,7624,51,exception_label,1,0.695365112901096,0.304634887098904,9,3,sample1;sample10;sample11;sample12;sample3;sample4;sample5;sample7;sample8,sample2;sample6;sample9,772,342,1114,4494,1965,0.14660083554880365,0.1482444733420026,0.0016436377931989543
selected4,lightgbm,4,0.0251256281407035,"{""lgbm_colsample_bytree"": 0.8, ""lgbm_learning_rate"": 0.02, ""lgbm_max_depth"": -1, ""lgbm_min_child_samples"": 20, ""lgbm_n_estimators"": 1500, ""lgbm_num_leaves"": 63, ""lgbm_reg_alpha"": 0.0, ""lgbm_reg_lambda"": 1.0, ""lgbm_subsample"": 0.8}",output/all_satisfying_primordia_splits/split_017/models/selected4/lightgbm/hyperparameter_search_train_cv.csv,0.9179121147969276,0.98771015354958,0.9212198221092758,0.939119170984456,0.9300833867864016,output/all_satisfying_primordia_splits/split_017/models/selected4/lightgbm/training_summary.json,0.9008746355685132,0.9035087719298246,0.9021897810218978,309,34,33,16,split_017,split_017,output/all_satisfying_primordia_splits/split_017/neighbor_pairs_train.csv,output/all_satisfying_primordia_splits/split_017/neighbor_pairs_test.csv,output/all_satisfying_primordia_splits/split_017/primordium_assignment.csv,5266,2307,7573,7624,51,exception_label,1,0.695365112901096,0.304634887098904,9,3,sample1;sample10;sample11;sample12;sample3;sample4;sample5;sample7;sample8,sample2;sample6;sample9,772,342,1114,4494,1965,0.14660083554880365,0.1482444733420026,0.0016436377931989543
all,lr,49,0.4723618090452261,"{""lr_C"": 1.0}",output/all_satisfying_primordia_splits/split_018/models/all/lr/hyperparameter_search_train_cv.csv,0.9505136599527824,0.992353361187108,0.9301745635910224,0.9625806451612904,0.9461001902346228,output/all_satisfying_primordia_splits/split_018/models/all/lr/training_summary.json,0.938953488372093,0.952802359882006,0.9458272327964862,323,21,16,17,split_018,split_018,output/all_satisfying_primordia_splits/split_018/neighbor_pairs_train.csv,output/all_satisfying_primordia_splits/split_018/neighbor_pairs_test.csv,output/all_satisfying_primordia_splits/split_018/primordium_assignment.csv,5338,2235,7573,7624,51,exception_label,1,0.7048725736167966,0.2951274263832035,9,3,sample1;sample10;sample11;sample12;sample3;sample4;sample5;sample8;sample9,sample2;sample6;sample7,775,339,1114,4563,1896,0.1451854627201199,0.15167785234899328,0.006492389628873385
all,svm,49,0.1105527638190954,"{""svm_C"": 1.0, ""svm_calib_method"": ""sigmoid""}",output/all_satisfying_primordia_splits/split_018/models/all/svm/hyperparameter_search_train_cv.csv,0.950313958664175,0.9922999158731168,0.9153374233128836,0.9625806451612904,0.938364779874214,output/all_satisfying_primordia_splits/split_018/models/all/svm/training_summary.json,0.9484240687679084,0.976401179941003,0.9622093023255814,331,18,8,17,split_018,split_018,output/all_satisfying_primordia_splits/split_018/neighbor_pairs_train.csv,output/all_satisfying_primordia_splits/split_018/neighbor_pairs_test.csv,output/all_satisfying_primordia_splits/split_018/primordium_assignment.csv,5338,2235,7573,7624,51,exception_label,1,0.7048725736167966,0.2951274263832035,9,3,sample1;sample10;sample11;sample12;sample3;sample4;sample5;sample8;sample9,sample2;sample6;sample7,775,339,1114,4563,1896,0.1451854627201199,0.15167785234899328,0.006492389628873385
all,xgboost,49,0.0904522613065326,"{""xgb_colsample_bytree"": 0.8, ""xgb_gamma"": 0.0, ""xgb_learning_rate"": 0.05, ""xgb_max_depth"": 4, ""xgb_min_child_weight"": 1.0, ""xgb_n_estimators"": 600, ""xgb_reg_alpha"": 0.0, ""xgb_reg_lambda"": 1.0, ""xgb_subsample"": 0.8}",output/all_satisfying_primordia_splits/split_018/models/all/xgboost/hyperparameter_search_train_cv.csv,0.9391873510199992,0.9909623691261408,0.922882427307206,0.9419354838709676,0.9323116219667944,output/all_satisfying_primordia_splits/split_018/models/all/xgboost/training_summary.json,0.9442815249266864,0.9498525073746312,0.9470588235294118,322,19,17,17,split_018,split_018,output/all_satisfying_primordia_splits/split_018/neighbor_pairs_train.csv,output/all_satisfying_primordia_splits/split_018/neighbor_pairs_test.csv,output/all_satisfying_primordia_splits/split_018/primordium_assignment.csv,5338,2235,7573,7624,51,exception_label,1,0.7048725736167966,0.2951274263832035,9,3,sample1;sample10;sample11;sample12;sample3;sample4;sample5;sample8;sample9,sample2;sample6;sample7,775,339,1114,4563,1896,0.1451854627201199,0.15167785234899328,0.006492389628873385
all,lightgbm,49,0.1155778894472361,"{""lgbm_colsample_bytree"": 0.8, ""lgbm_learning_rate"": 0.02, ""lgbm_max_depth"": -1, ""lgbm_min_child_samples"": 20, ""lgbm_n_estimators"": 1500, ""lgbm_num_leaves"": 63, ""lgbm_reg_alpha"": 0.0, ""lgbm_reg_lambda"": 1.0, ""lgbm_subsample"": 0.8}",output/all_satisfying_primordia_splits/split_018/models/all/lightgbm/hyperparameter_search_train_cv.csv,0.9344633861947184,0.9907870458738944,0.9426336375488916,0.9329032258064516,0.9377431906614786,output/all_satisfying_primordia_splits/split_018/models/all/lightgbm/training_summary.json,0.951951951951952,0.935103244837758,0.9434523809523808,317,16,22,17,split_018,split_018,output/all_satisfying_primordia_splits/split_018/neighbor_pairs_train.csv,output/all_satisfying_primordia_splits/split_018/neighbor_pairs_test.csv,output/all_satisfying_primordia_splits/split_018/primordium_assignment.csv,5338,2235,7573,7624,51,exception_label,1,0.7048725736167966,0.2951274263832035,9,3,sample1;sample10;sample11;sample12;sample3;sample4;sample5;sample8;sample9,sample2;sample6;sample7,775,339,1114,4563,1896,0.1451854627201199,0.15167785234899328,0.006492389628873385
selected4,lr,4,0.5175879396984925,"{""lr_C"": 1.0}",output/all_satisfying_primordia_splits/split_018/models/selected4/lr/hyperparameter_search_train_cv.csv,0.9317259765273272,0.9901915123751353,0.9238451935081148,0.9548387096774194,0.9390862944162436,output/all_satisfying_primordia_splits/split_018/models/selected4/lr/training_summary.json,0.9497041420118344,0.9469026548672568,0.948301329394387,321,17,18,17,split_018,split_018,output/all_satisfying_primordia_splits/split_018/neighbor_pairs_train.csv,output/all_satisfying_primordia_splits/split_018/neighbor_pairs_test.csv,output/all_satisfying_primordia_splits/split_018/primordium_assignment.csv,5338,2235,7573,7624,51,exception_label,1,0.7048725736167966,0.2951274263832035,9,3,sample1;sample10;sample11;sample12;sample3;sample4;sample5;sample8;sample9,sample2;sample6;sample7,775,339,1114,4563,1896,0.1451854627201199,0.15167785234899328,0.006492389628873385
selected4,svm,4,0.185929648241206,"{""svm_C"": 1.0, ""svm_calib_method"": ""sigmoid""}",output/all_satisfying_primordia_splits/split_018/models/selected4/svm/hyperparameter_search_train_cv.csv,0.9312765150613156,0.990151357694782,0.9234629861982434,0.9496774193548388,0.9363867684478372,output/all_satisfying_primordia_splits/split_018/models/selected4/svm/training_summary.json,0.946268656716418,0.935103244837758,0.940652818991098,317,18,22,17,split_018,split_018,output/all_satisfying_primordia_splits/split_018/neighbor_pairs_train.csv,output/all_satisfying_primordia_splits/split_018/neighbor_pairs_test.csv,output/all_satisfying_primordia_splits/split_018/primordium_assignment.csv,5338,2235,7573,7624,51,exception_label,1,0.7048725736167966,0.2951274263832035,9,3,sample1;sample10;sample11;sample12;sample3;sample4;sample5;sample8;sample9,sample2;sample6;sample7,775,339,1114,4563,1896,0.1451854627201199,0.15167785234899328,0.006492389628873385
selected4,xgboost,4,0.0653266331658291,"{""xgb_colsample_bytree"": 0.8, ""xgb_gamma"": 0.0, ""xgb_learning_rate"": 0.05, ""xgb_max_depth"": 4, ""xgb_min_child_weight"": 1.0, ""xgb_n_estimators"": 600, ""xgb_reg_alpha"": 0.0, ""xgb_reg_lambda"": 1.0, ""xgb_subsample"": 0.8}",output/all_satisfying_primordia_splits/split_018/models/selected4/xgboost/hyperparameter_search_train_cv.csv,0.912163492698692,0.9880913094808876,0.8982843137254902,0.9458064516129032,0.9214330609679446,output/all_satisfying_primordia_splits/split_018/models/selected4/xgboost/training_summary.json,0.916184971098266,0.935103244837758,0.9255474452554744,317,29,22,17,split_018,split_018,output/all_satisfying_primordia_splits/split_018/neighbor_pairs_train.csv,output/all_satisfying_primordia_splits/split_018/neighbor_pairs_test.csv,output/all_satisfying_primordia_splits/split_018/primordium_assignment.csv,5338,2235,7573,7624,51,exception_label,1,0.7048725736167966,0.2951274263832035,9,3,sample1;sample10;sample11;sample12;sample3;sample4;sample5;sample8;sample9,sample2;sample6;sample7,775,339,1114,4563,1896,0.1451854627201199,0.15167785234899328,0.006492389628873385
selected4,lightgbm,4,0.0050251256281407,"{""lgbm_colsample_bytree"": 0.8, ""lgbm_learning_rate"": 0.02, ""lgbm_max_depth"": -1, ""lgbm_min_child_samples"": 20, ""lgbm_n_estimators"": 1500, ""lgbm_num_leaves"": 63, ""lgbm_reg_alpha"": 0.0, ""lgbm_reg_lambda"": 1.0, ""lgbm_subsample"": 0.8}",output/all_satisfying_primordia_splits/split_018/models/selected4/lightgbm/hyperparameter_search_train_cv.csv,0.9134198891032954,0.9868640467151631,0.9073170731707316,0.96,0.9329153605015674,output/all_satisfying_primordia_splits/split_018/models/selected4/lightgbm/training_summary.json,0.9208211143695014,0.9262536873156342,0.9235294117647056,314,27,25,17,split_018,split_018,output/all_satisfying_primordia_splits/split_018/neighbor_pairs_train.csv,output/all_satisfying_primordia_splits/split_018/neighbor_pairs_test.csv,output/all_satisfying_primordia_splits/split_018/primordium_assignment.csv,5338,2235,7573,7624,51,exception_label,1,0.7048725736167966,0.2951274263832035,9,3,sample1;sample10;sample11;sample12;sample3;sample4;sample5;sample8;sample9,sample2;sample6;sample7,775,339,1114,4563,1896,0.1451854627201199,0.15167785234899328,0.006492389628873385
all,lr,49,0.5175879396984925,"{""lr_C"": 1.0}",output/all_satisfying_primordia_splits/split_019/models/all/lr/hyperparameter_search_train_cv.csv,0.9564615799650644,0.9932161967093074,0.9358151476251604,0.9566929133858268,0.946138870863076,output/all_satisfying_primordia_splits/split_019/models/all/lr/training_summary.json,0.934065934065934,0.9659090909090908,0.9497206703910612,340,24,12,18,split_019,split_019,output/all_satisfying_primordia_splits/split_019/neighbor_pairs_train.csv,output/all_satisfying_primordia_splits/split_019/neighbor_pairs_test.csv,output/all_satisfying_primordia_splits/split_019/primordium_assignment.csv,5264,2309,7573,7624,51,exception_label,1,0.6951010167701043,0.30489898322989567,7,5,sample12;sample2;sample4;sample5;sample7;sample8;sample9,sample1;sample10;sample11;sample3;sample6,762,352,1114,4502,1957,0.14475683890577506,0.15244694673018622,0.007690107824411152
all,svm,49,0.100502512562814,"{""svm_C"": 1.0, ""svm_calib_method"": ""sigmoid""}",output/all_satisfying_primordia_splits/split_019/models/all/svm/hyperparameter_search_train_cv.csv,0.9550474781425607,0.9932019131771124,0.9233668341708544,0.9645669291338582,0.9435173299101411,output/all_satisfying_primordia_splits/split_019/models/all/svm/training_summary.json,0.9047619047619048,0.9715909090909092,0.9369863013698628,342,36,10,18,split_019,split_019,output/all_satisfying_primordia_splits/split_019/neighbor_pairs_train.csv,output/all_satisfying_primordia_splits/split_019/neighbor_pairs_test.csv,output/all_satisfying_primordia_splits/split_019/primordium_assignment.csv,5264,2309,7573,7624,51,exception_label,1,0.6951010167701043,0.30489898322989567,7,5,sample12;sample2;sample4;sample5;sample7;sample8;sample9,sample1;sample10;sample11;sample3;sample6,762,352,1114,4502,1957,0.14475683890577506,0.15244694673018622,0.007690107824411152
all,xgboost,49,0.3467336683417085,"{""xgb_colsample_bytree"": 0.8, ""xgb_gamma"": 0.0, ""xgb_learning_rate"": 0.05, ""xgb_max_depth"": 4, ""xgb_min_child_weight"": 1.0, ""xgb_n_estimators"": 600, ""xgb_reg_alpha"": 0.0, ""xgb_reg_lambda"": 1.0, ""xgb_subsample"": 0.8}",output/all_satisfying_primordia_splits/split_019/models/all/xgboost/hyperparameter_search_train_cv.csv,0.9438813912426725,0.9912937498761124,0.9554655870445344,0.9291338582677166,0.942115768463074,output/all_satisfying_primordia_splits/split_019/models/all/xgboost/training_summary.json,0.9536231884057972,0.9346590909090908,0.9440459110473458,329,16,23,18,split_019,split_019,output/all_satisfying_primordia_splits/split_019/neighbor_pairs_train.csv,output/all_satisfying_primordia_splits/split_019/neighbor_pairs_test.csv,output/all_satisfying_primordia_splits/split_019/primordium_assignment.csv,5264,2309,7573,7624,51,exception_label,1,0.6951010167701043,0.30489898322989567,7,5,sample12;sample2;sample4;sample5;sample7;sample8;sample9,sample1;sample10;sample11;sample3;sample6,762,352,1114,4502,1957,0.14475683890577506,0.15244694673018622,0.007690107824411152
all,lightgbm,49,0.0603015075376884,"{""lgbm_colsample_bytree"": 0.8, ""lgbm_learning_rate"": 0.02, ""lgbm_max_depth"": -1, ""lgbm_min_child_samples"": 20, ""lgbm_n_estimators"": 1500, ""lgbm_num_leaves"": 63, ""lgbm_reg_alpha"": 0.0, ""lgbm_reg_lambda"": 1.0, ""lgbm_subsample"": 0.8}",output/all_satisfying_primordia_splits/split_019/models/all/lightgbm/hyperparameter_search_train_cv.csv,0.9441893705494776,0.9910512213294528,0.9375,0.9448818897637796,0.9411764705882352,output/all_satisfying_primordia_splits/split_019/models/all/lightgbm/training_summary.json,0.9408450704225352,0.9488636363636364,0.9448373408769448,334,21,18,18,split_019,split_019,output/all_satisfying_primordia_splits/split_019/neighbor_pairs_train.csv,output/all_satisfying_primordia_splits/split_019/neighbor_pairs_test.csv,output/all_satisfying_primordia_splits/split_019/primordium_assignment.csv,5264,2309,7573,7624,51,exception_label,1,0.6951010167701043,0.30489898322989567,7,5,sample12;sample2;sample4;sample5;sample7;sample8;sample9,sample1;sample10;sample11;sample3;sample6,762,352,1114,4502,1957,0.14475683890577506,0.15244694673018622,0.007690107824411152
selected4,lr,4,0.4824120603015075,"{""lr_C"": 1.0}",output/all_satisfying_primordia_splits/split_019/models/selected4/lr/hyperparameter_search_train_cv.csv,0.9416934706411606,0.9911754006093528,0.9302915082382764,0.963254593175853,0.9464861379754996,output/all_satisfying_primordia_splits/split_019/models/selected4/lr/training_summary.json,0.904632152588556,0.9431818181818182,0.9235048678720446,332,35,20,18,split_019,split_019,output/all_satisfying_primordia_splits/split_019/neighbor_pairs_train.csv,output/all_satisfying_primordia_splits/split_019/neighbor_pairs_test.csv,output/all_satisfying_primordia_splits/split_019/primordium_assignment.csv,5264,2309,7573,7624,51,exception_label,1,0.6951010167701043,0.30489898322989567,7,5,sample12;sample2;sample4;sample5;sample7;sample8;sample9,sample1;sample10;sample11;sample3;sample6,762,352,1114,4502,1957,0.14475683890577506,0.15244694673018622,0.007690107824411152
selected4,svm,4,0.1407035175879397,"{""svm_C"": 1.0, ""svm_calib_method"": ""sigmoid""}",output/all_satisfying_primordia_splits/split_019/models/selected4/svm/hyperparameter_search_train_cv.csv,0.940375863128452,0.9911305095081684,0.9275730622617536,0.958005249343832,0.9425435765009684,output/all_satisfying_primordia_splits/split_019/models/selected4/svm/training_summary.json,0.9178082191780822,0.9517045454545454,0.9344490934449092,335,30,17,18,split_019,split_019,output/all_satisfying_primordia_splits/split_019/neighbor_pairs_train.csv,output/all_satisfying_primordia_splits/split_019/neighbor_pairs_test.csv,output/all_satisfying_primordia_splits/split_019/primordium_assignment.csv,5264,2309,7573,7624,51,exception_label,1,0.6951010167701043,0.30489898322989567,7,5,sample12;sample2;sample4;sample5;sample7;sample8;sample9,sample1;sample10;sample11;sample3;sample6,762,352,1114,4502,1957,0.14475683890577506,0.15244694673018622,0.007690107824411152
selected4,xgboost,4,0.0301507537688442,"{""xgb_colsample_bytree"": 0.8, ""xgb_gamma"": 0.0, ""xgb_learning_rate"": 0.05, ""xgb_max_depth"": 4, ""xgb_min_child_weight"": 1.0, ""xgb_n_estimators"": 600, ""xgb_reg_alpha"": 0.0, ""xgb_reg_lambda"": 1.0, ""xgb_subsample"": 0.8}",output/all_satisfying_primordia_splits/split_019/models/selected4/xgboost/hyperparameter_search_train_cv.csv,0.9096170733415068,0.9891952366460636,0.9016189290161892,0.9501312335958004,0.9252396166134184,output/all_satisfying_primordia_splits/split_019/models/selected4/xgboost/training_summary.json,0.8853333333333333,0.9431818181818182,0.9133425034387896,332,43,20,18,split_019,split_019,output/all_satisfying_primordia_splits/split_019/neighbor_pairs_train.csv,output/all_satisfying_primordia_splits/split_019/neighbor_pairs_test.csv,output/all_satisfying_primordia_splits/split_019/primordium_assignment.csv,5264,2309,7573,7624,51,exception_label,1,0.6951010167701043,0.30489898322989567,7,5,sample12;sample2;sample4;sample5;sample7;sample8;sample9,sample1;sample10;sample11;sample3;sample6,762,352,1114,4502,1957,0.14475683890577506,0.15244694673018622,0.007690107824411152
selected4,lightgbm,4,0.0201005025125628,"{""lgbm_colsample_bytree"": 0.8, ""lgbm_learning_rate"": 0.02, ""lgbm_max_depth"": -1, ""lgbm_min_child_samples"": 20, ""lgbm_n_estimators"": 1500, ""lgbm_num_leaves"": 63, ""lgbm_reg_alpha"": 0.0, ""lgbm_reg_lambda"": 1.0, ""lgbm_subsample"": 0.8}",output/all_satisfying_primordia_splits/split_019/models/selected4/lightgbm/hyperparameter_search_train_cv.csv,0.9068390698543224,0.9883495932399832,0.9190231362467868,0.9383202099737532,0.9285714285714286,output/all_satisfying_primordia_splits/split_019/models/selected4/lightgbm/training_summary.json,0.888283378746594,0.9261363636363636,0.9068150208623088,326,41,26,18,split_019,split_019,output/all_satisfying_primordia_splits/split_019/neighbor_pairs_train.csv,output/all_satisfying_primordia_splits/split_019/neighbor_pairs_test.csv,output/all_satisfying_primordia_splits/split_019/primordium_assignment.csv,5264,2309,7573,7624,51,exception_label,1,0.6951010167701043,0.30489898322989567,7,5,sample12;sample2;sample4;sample5;sample7;sample8;sample9,sample1;sample10;sample11;sample3;sample6,762,352,1114,4502,1957,0.14475683890577506,0.15244694673018622,0.007690107824411152
all,lr,49,0.5226130653266332,"{""lr_C"": 1.0}",output/all_satisfying_primordia_splits/split_020/models/all/lr/hyperparameter_search_train_cv.csv,0.954150429663603,0.993003558768624,0.9391304347826088,0.9630573248407645,0.9509433962264152,output/all_satisfying_primordia_splits/split_020/models/all/lr/training_summary.json,0.9201183431952664,0.945288753799392,0.9325337331334336,311,27,18,19,split_020,split_020,output/all_satisfying_primordia_splits/split_020/neighbor_pairs_train.csv,output/all_satisfying_primordia_splits/split_020/neighbor_pairs_test.csv,output/all_satisfying_primordia_splits/split_020/primordium_assignment.csv,5340,2233,7573,7624,51,exception_label,1,0.7051366697477882,0.2948633302522118,8,4,sample1;sample10;sample11;sample2;sample3;sample4;sample5;sample7,sample12;sample6;sample8;sample9,785,329,1114,4555,1904,0.14700374531835206,0.14733542319749215,0.0003316778791400965
all,svm,49,0.2512562814070351,"{""svm_C"": 1.0, ""svm_calib_method"": ""sigmoid""}",output/all_satisfying_primordia_splits/split_020/models/all/svm/hyperparameter_search_train_cv.csv,0.9520819900612038,0.9927297643102352,0.9345911949685536,0.9464968152866242,0.940506329113924,output/all_satisfying_primordia_splits/split_020/models/all/svm/training_summary.json,0.9285714285714286,0.9483282674772036,0.938345864661654,312,24,17,19,split_020,split_020,output/all_satisfying_primordia_splits/split_020/neighbor_pairs_train.csv,output/all_satisfying_primordia_splits/split_020/neighbor_pairs_test.csv,output/all_satisfying_primordia_splits/split_020/primordium_assignment.csv,5340,2233,7573,7624,51,exception_label,1,0.7051366697477882,0.2948633302522118,8,4,sample1;sample10;sample11;sample2;sample3;sample4;sample5;sample7,sample12;sample6;sample8;sample9,785,329,1114,4555,1904,0.14700374531835206,0.14733542319749215,0.0003316778791400965
all,xgboost,49,0.3366834170854271,"{""xgb_colsample_bytree"": 0.8, ""xgb_gamma"": 0.0, ""xgb_learning_rate"": 0.05, ""xgb_max_depth"": 4, ""xgb_min_child_weight"": 1.0, ""xgb_n_estimators"": 600, ""xgb_reg_alpha"": 0.0, ""xgb_reg_lambda"": 1.0, ""xgb_subsample"": 0.8}",output/all_satisfying_primordia_splits/split_020/models/all/xgboost/hyperparameter_search_train_cv.csv,0.9470123947235234,0.9917791745614464,0.9512820512820512,0.9452229299363056,0.9482428115015974,output/all_satisfying_primordia_splits/split_020/models/all/xgboost/training_summary.json,0.9447852760736196,0.9361702127659576,0.9404580152671757,308,18,21,19,split_020,split_020,output/all_satisfying_primordia_splits/split_020/neighbor_pairs_train.csv,output/all_satisfying_primordia_splits/split_020/neighbor_pairs_test.csv,output/all_satisfying_primordia_splits/split_020/primordium_assignment.csv,5340,2233,7573,7624,51,exception_label,1,0.7051366697477882,0.2948633302522118,8,4,sample1;sample10;sample11;sample2;sample3;sample4;sample5;sample7,sample12;sample6;sample8;sample9,785,329,1114,4555,1904,0.14700374531835206,0.14733542319749215,0.0003316778791400965
all,lightgbm,49,0.0854271356783919,"{""lgbm_colsample_bytree"": 0.8, ""lgbm_learning_rate"": 0.02, ""lgbm_max_depth"": -1, ""lgbm_min_child_samples"": 20, ""lgbm_n_estimators"": 1500, ""lgbm_num_leaves"": 63, ""lgbm_reg_alpha"": 0.0, ""lgbm_reg_lambda"": 1.0, ""lgbm_subsample"": 0.8}",output/all_satisfying_primordia_splits/split_020/models/all/lightgbm/hyperparameter_search_train_cv.csv,0.9463439616113244,0.9918832108622846,0.9393939393939394,0.9477707006369428,0.943563728598605,output/all_satisfying_primordia_splits/split_020/models/all/lightgbm/training_summary.json,0.9369369369369368,0.9483282674772036,0.9425981873111782,312,21,17,19,split_020,split_020,output/all_satisfying_primordia_splits/split_020/neighbor_pairs_train.csv,output/all_satisfying_primordia_splits/split_020/neighbor_pairs_test.csv,output/all_satisfying_primordia_splits/split_020/primordium_assignment.csv,5340,2233,7573,7624,51,exception_label,1,0.7051366697477882,0.2948633302522118,8,4,sample1;sample10;sample11;sample2;sample3;sample4;sample5;sample7,sample12;sample6;sample8;sample9,785,329,1114,4555,1904,0.14700374531835206,0.14733542319749215,0.0003316778791400965
selected4,lr,4,0.4472361809045226,"{""lr_C"": 1.0}",output/all_satisfying_primordia_splits/split_020/models/selected4/lr/hyperparameter_search_train_cv.csv,0.9396423374588008,0.9910881162298028,0.925609756097561,0.9668789808917198,0.9457943925233644,output/all_satisfying_primordia_splits/split_020/models/selected4/lr/training_summary.json,0.8976608187134503,0.933130699088146,0.9150521609538004,307,35,22,19,split_020,split_020,output/all_satisfying_primordia_splits/split_020/neighbor_pairs_train.csv,output/all_satisfying_primordia_splits/split_020/neighbor_pairs_test.csv,output/all_satisfying_primordia_splits/split_020/primordium_assignment.csv,5340,2233,7573,7624,51,exception_label,1,0.7051366697477882,0.2948633302522118,8,4,sample1;sample10;sample11;sample2;sample3;sample4;sample5;sample7,sample12;sample6;sample8;sample9,785,329,1114,4555,1904,0.14700374531835206,0.14733542319749215,0.0003316778791400965
selected4,svm,4,0.1809045226130653,"{""svm_C"": 1.0, ""svm_calib_method"": ""sigmoid""}",output/all_satisfying_primordia_splits/split_020/models/selected4/svm/hyperparameter_search_train_cv.csv,0.9392582046704712,0.9910590308123642,0.9320148331273176,0.9605095541401274,0.9460476787954832,output/all_satisfying_primordia_splits/split_020/models/selected4/svm/training_summary.json,0.9174041297935104,0.945288753799392,0.9311377245508982,311,28,18,19,split_020,split_020,output/all_satisfying_primordia_splits/split_020/neighbor_pairs_train.csv,output/all_satisfying_primordia_splits/split_020/neighbor_pairs_test.csv,output/all_satisfying_primordia_splits/split_020/primordium_assignment.csv,5340,2233,7573,7624,51,exception_label,1,0.7051366697477882,0.2948633302522118,8,4,sample1;sample10;sample11;sample2;sample3;sample4;sample5;sample7,sample12;sample6;sample8;sample9,785,329,1114,4555,1904,0.14700374531835206,0.14733542319749215,0.0003316778791400965
selected4,xgboost,4,0.0201005025125628,"{""xgb_colsample_bytree"": 0.8, ""xgb_gamma"": 0.0, ""xgb_learning_rate"": 0.05, ""xgb_max_depth"": 4, ""xgb_min_child_weight"": 1.0, ""xgb_n_estimators"": 600, ""xgb_reg_alpha"": 0.0, ""xgb_reg_lambda"": 1.0, ""xgb_subsample"": 0.8}",output/all_satisfying_primordia_splits/split_020/models/selected4/xgboost/hyperparameter_search_train_cv.csv,0.921512628205142,0.9887987582764092,0.910950661853189,0.9643312101910828,0.936881188118812,output/all_satisfying_primordia_splits/split_020/models/selected4/xgboost/training_summary.json,0.882183908045977,0.933130699088146,0.9069423929098966,307,41,22,19,split_020,split_020,output/all_satisfying_primordia_splits/split_020/neighbor_pairs_train.csv,output/all_satisfying_primordia_splits/split_020/neighbor_pairs_test.csv,output/all_satisfying_primordia_splits/split_020/primordium_assignment.csv,5340,2233,7573,7624,51,exception_label,1,0.7051366697477882,0.2948633302522118,8,4,sample1;sample10;sample11;sample2;sample3;sample4;sample5;sample7,sample12;sample6;sample8;sample9,785,329,1114,4555,1904,0.14700374531835206,0.14733542319749215,0.0003316778791400965
selected4,lightgbm,4,0.0050251256281407,"{""lgbm_colsample_bytree"": 0.8, ""lgbm_learning_rate"": 0.02, ""lgbm_max_depth"": -1, ""lgbm_min_child_samples"": 20, ""lgbm_n_estimators"": 1500, ""lgbm_num_leaves"": 63, ""lgbm_reg_alpha"": 0.0, ""lgbm_reg_lambda"": 1.0, ""lgbm_subsample"": 0.8}",output/all_satisfying_primordia_splits/split_020/models/selected4/lightgbm/hyperparameter_search_train_cv.csv,0.9109178587385424,0.987710012794787,0.9092009685230024,0.956687898089172,0.9323401613904408,output/all_satisfying_primordia_splits/split_020/models/selected4/lightgbm/training_summary.json,0.877906976744186,0.917933130699088,0.8974739970282317,302,42,27,19,split_020,split_020,output/all_satisfying_primordia_splits/split_020/neighbor_pairs_train.csv,output/all_satisfying_primordia_splits/split_020/neighbor_pairs_test.csv,output/all_satisfying_primordia_splits/split_020/primordium_assignment.csv,5340,2233,7573,7624,51,exception_label,1,0.7051366697477882,0.2948633302522118,8,4,sample1;sample10;sample11;sample2;sample3;sample4;sample5;sample7,sample12;sample6;sample8;sample9,785,329,1114,4555,1904,0.14700374531835206,0.14733542319749215,0.0003316778791400965
all,lr,49,0.371859296482412,"{""lr_C"": 1.0}",output/all_satisfying_primordia_splits/split_021/models/all/lr/hyperparameter_search_train_cv.csv,0.9539934162944422,0.9928642782139492,0.9361702127659576,0.9701686121919584,0.9528662420382166,output/all_satisfying_primordia_splits/split_021/models/all/lr/training_summary.json,0.925925925925926,0.9475218658892128,0.936599423631124,325,26,18,20,split_021,split_021,output/all_satisfying_primordia_splits/split_021/neighbor_pairs_train.csv,output/all_satisfying_primordia_splits/split_021/neighbor_pairs_test.csv,output/all_satisfying_primordia_splits/split_021/primordium_assignment.csv,5340,2233,7573,7624,51,exception_label,1,0.7051366697477882,0.2948633302522118,7,5,sample1;sample3;sample4;sample5;sample6;sample7;sample8,sample10;sample11;sample12;sample2;sample9,771,343,1114,4569,1890,0.14438202247191012,0.1536050156739812,0.009222993202071067
all,svm,49,0.0904522613065326,"{""svm_C"": 1.0, ""svm_calib_method"": ""sigmoid""}",output/all_satisfying_primordia_splits/split_021/models/all/svm/hyperparameter_search_train_cv.csv,0.9551819479906284,0.9930624217396944,0.9302615193026152,0.9688715953307392,0.949174078780178,output/all_satisfying_primordia_splits/split_021/models/all/svm/training_summary.json,0.9232954545454546,0.9475218658892128,0.935251798561151,325,27,18,20,split_021,split_021,output/all_satisfying_primordia_splits/split_021/neighbor_pairs_train.csv,output/all_satisfying_primordia_splits/split_021/neighbor_pairs_test.csv,output/all_satisfying_primordia_splits/split_021/primordium_assignment.csv,5340,2233,7573,7624,51,exception_label,1,0.7051366697477882,0.2948633302522118,7,5,sample1;sample3;sample4;sample5;sample6;sample7;sample8,sample10;sample11;sample12;sample2;sample9,771,343,1114,4569,1890,0.14438202247191012,0.1536050156739812,0.009222993202071067
all,xgboost,49,0.0351758793969849,"{""xgb_colsample_bytree"": 0.8, ""xgb_gamma"": 0.0, ""xgb_learning_rate"": 0.05, ""xgb_max_depth"": 4, ""xgb_min_child_weight"": 1.0, ""xgb_n_estimators"": 600, ""xgb_reg_alpha"": 0.0, ""xgb_reg_lambda"": 1.0, ""xgb_subsample"": 0.8}",output/all_satisfying_primordia_splits/split_021/models/all/xgboost/hyperparameter_search_train_cv.csv,0.9432491691347746,0.9907498483407184,0.922882427307206,0.9468223086900128,0.9346991037131882,output/all_satisfying_primordia_splits/split_021/models/all/xgboost/training_summary.json,0.9421965317919077,0.9504373177842566,0.946298984034833,326,20,17,20,split_021,split_021,output/all_satisfying_primordia_splits/split_021/neighbor_pairs_train.csv,output/all_satisfying_primordia_splits/split_021/neighbor_pairs_test.csv,output/all_satisfying_primordia_splits/split_021/primordium_assignment.csv,5340,2233,7573,7624,51,exception_label,1,0.7051366697477882,0.2948633302522118,7,5,sample1;sample3;sample4;sample5;sample6;sample7;sample8,sample10;sample11;sample12;sample2;sample9,771,343,1114,4569,1890,0.14438202247191012,0.1536050156739812,0.009222993202071067
all,lightgbm,49,0.0100502512562814,"{""lgbm_colsample_bytree"": 0.8, ""lgbm_learning_rate"": 0.02, ""lgbm_max_depth"": -1, ""lgbm_min_child_samples"": 20, ""lgbm_n_estimators"": 1500, ""lgbm_num_leaves"": 63, ""lgbm_reg_alpha"": 0.0, ""lgbm_reg_lambda"": 1.0, ""lgbm_subsample"": 0.8}",output/all_satisfying_primordia_splits/split_021/models/all/lightgbm/hyperparameter_search_train_cv.csv,0.9396985290306954,0.9905802340762012,0.918987341772152,0.9416342412451362,0.9301729660474056,output/all_satisfying_primordia_splits/split_021/models/all/lightgbm/training_summary.json,0.936046511627907,0.9387755102040816,0.9374090247452692,322,22,21,20,split_021,split_021,output/all_satisfying_primordia_splits/split_021/neighbor_pairs_train.csv,output/all_satisfying_primordia_splits/split_021/neighbor_pairs_test.csv,output/all_satisfying_primordia_splits/split_021/primordium_assignment.csv,5340,2233,7573,7624,51,exception_label,1,0.7051366697477882,0.2948633302522118,7,5,sample1;sample3;sample4;sample5;sample6;sample7;sample8,sample10;sample11;sample12;sample2;sample9,771,343,1114,4569,1890,0.14438202247191012,0.1536050156739812,0.009222993202071067
selected4,lr,4,0.4773869346733668,"{""lr_C"": 1.0}",output/all_satisfying_primordia_splits/split_021/models/selected4/lr/hyperparameter_search_train_cv.csv,0.9364876503569656,0.9908740428858668,0.9284818067754078,0.959792477302205,0.9438775510204082,output/all_satisfying_primordia_splits/split_021/models/selected4/lr/training_summary.json,0.9215686274509804,0.9591836734693876,0.94,329,28,14,20,split_021,split_021,output/all_satisfying_primordia_splits/split_021/neighbor_pairs_train.csv,output/all_satisfying_primordia_splits/split_021/neighbor_pairs_test.csv,output/all_satisfying_primordia_splits/split_021/primordium_assignment.csv,5340,2233,7573,7624,51,exception_label,1,0.7051366697477882,0.2948633302522118,7,5,sample1;sample3;sample4;sample5;sample6;sample7;sample8,sample10;sample11;sample12;sample2;sample9,771,343,1114,4569,1890,0.14438202247191012,0.1536050156739812,0.009222993202071067
selected4,svm,4,0.1457286432160804,"{""svm_C"": 1.0, ""svm_calib_method"": ""sigmoid""}",output/all_satisfying_primordia_splits/split_021/models/selected4/svm/hyperparameter_search_train_cv.csv,0.9353444431739226,0.9908252166875456,0.926065162907268,0.9584954604409858,0.9420012746972594,output/all_satisfying_primordia_splits/split_021/models/selected4/svm/training_summary.json,0.9185393258426966,0.9533527696793004,0.9356223175965664,327,29,16,20,split_021,split_021,output/all_satisfying_primordia_splits/split_021/neighbor_pairs_train.csv,output/all_satisfying_primordia_splits/split_021/neighbor_pairs_test.csv,output/all_satisfying_primordia_splits/split_021/primordium_assignment.csv,5340,2233,7573,7624,51,exception_label,1,0.7051366697477882,0.2948633302522118,7,5,sample1;sample3;sample4;sample5;sample6;sample7;sample8,sample10;sample11;sample12;sample2;sample9,771,343,1114,4569,1890,0.14438202247191012,0.1536050156739812,0.009222993202071067
selected4,xgboost,4,0.4472361809045226,"{""xgb_colsample_bytree"": 0.8, ""xgb_gamma"": 0.0, ""xgb_learning_rate"": 0.05, ""xgb_max_depth"": 4, ""xgb_min_child_weight"": 1.0, ""xgb_n_estimators"": 600, ""xgb_reg_alpha"": 0.0, ""xgb_reg_lambda"": 1.0, ""xgb_subsample"": 0.8}",output/all_satisfying_primordia_splits/split_021/models/selected4/xgboost/hyperparameter_search_train_cv.csv,0.9100743407587688,0.9884296103640988,0.9363395225464192,0.9156939040207522,0.9259016393442622,output/all_satisfying_primordia_splits/split_021/models/selected4/xgboost/training_summary.json,0.9126506024096386,0.8833819241982507,0.8977777777777778,303,29,40,20,split_021,split_021,output/all_satisfying_primordia_splits/split_021/neighbor_pairs_train.csv,output/all_satisfying_primordia_splits/split_021/neighbor_pairs_test.csv,output/all_satisfying_primordia_splits/split_021/primordium_assignment.csv,5340,2233,7573,7624,51,exception_label,1,0.7051366697477882,0.2948633302522118,7,5,sample1;sample3;sample4;sample5;sample6;sample7;sample8,sample10;sample11;sample12;sample2;sample9,771,343,1114,4569,1890,0.14438202247191012,0.1536050156739812,0.009222993202071067
selected4,lightgbm,4,0.0201005025125628,"{""lgbm_colsample_bytree"": 0.8, ""lgbm_learning_rate"": 0.02, ""lgbm_max_depth"": -1, ""lgbm_min_child_samples"": 20, ""lgbm_n_estimators"": 1500, ""lgbm_num_leaves"": 63, ""lgbm_reg_alpha"": 0.0, ""lgbm_reg_lambda"": 1.0, ""lgbm_subsample"": 0.8}",output/all_satisfying_primordia_splits/split_021/models/selected4/lightgbm/hyperparameter_search_train_cv.csv,0.8956731354877003,0.9849280338740268,0.9154929577464788,0.9273670557717252,0.9213917525773198,output/all_satisfying_primordia_splits/split_021/models/selected4/lightgbm/training_summary.json,0.8847262247838616,0.8950437317784257,0.8898550724637682,307,40,36,20,split_021,split_021,output/all_satisfying_primordia_splits/split_021/neighbor_pairs_train.csv,output/all_satisfying_primordia_splits/split_021/neighbor_pairs_test.csv,output/all_satisfying_primordia_splits/split_021/primordium_assignment.csv,5340,2233,7573,7624,51,exception_label,1,0.7051366697477882,0.2948633302522118,7,5,sample1;sample3;sample4;sample5;sample6;sample7;sample8,sample10;sample11;sample12;sample2;sample9,771,343,1114,4569,1890,0.14438202247191012,0.1536050156739812,0.009222993202071067
all,lr,49,0.3819095477386934,"{""lr_C"": 1.0}",output/all_satisfying_primordia_splits/split_022/models/all/lr/hyperparameter_search_train_cv.csv,0.9557185694756792,0.9929189366129672,0.9279393173198482,0.9657894736842104,0.9464861379754996,output/all_satisfying_primordia_splits/split_022/models/all/lr/training_summary.json,0.9289617486338798,0.96045197740113,0.9444444444444444,340,26,14,21,split_022,split_022,output/all_satisfying_primordia_splits/split_022/neighbor_pairs_train.csv,output/all_satisfying_primordia_splits/split_022/neighbor_pairs_test.csv,output/all_satisfying_primordia_splits/split_022/primordium_assignment.csv,5262,2311,7573,7624,51,exception_label,1,0.6948369206391126,0.3051630793608874,7,5,sample1;sample10;sample2;sample3;sample4;sample7;sample9,sample11;sample12;sample5;sample6;sample8,760,354,1114,4502,1957,0.14443177499049792,0.15318044136737344,0.008748666376875519
all,svm,49,0.2462311557788944,"{""svm_C"": 1.0, ""svm_calib_method"": ""sigmoid""}",output/all_satisfying_primordia_splits/split_022/models/all/svm/hyperparameter_search_train_cv.csv,0.9550429143163,0.992841777923262,0.9341085271317828,0.9513157894736842,0.9426336375488918,output/all_satisfying_primordia_splits/split_022/models/all/svm/training_summary.json,0.9485714285714286,0.9378531073446328,0.9431818181818182,332,18,22,21,split_022,split_022,output/all_satisfying_primordia_splits/split_022/neighbor_pairs_train.csv,output/all_satisfying_primordia_splits/split_022/neighbor_pairs_test.csv,output/all_satisfying_primordia_splits/split_022/primordium_assignment.csv,5262,2311,7573,7624,51,exception_label,1,0.6948369206391126,0.3051630793608874,7,5,sample1;sample10;sample2;sample3;sample4;sample7;sample9,sample11;sample12;sample5;sample6;sample8,760,354,1114,4502,1957,0.14443177499049792,0.15318044136737344,0.008748666376875519
all,xgboost,49,0.0904522613065326,"{""xgb_colsample_bytree"": 0.8, ""xgb_gamma"": 0.0, ""xgb_learning_rate"": 0.05, ""xgb_max_depth"": 4, ""xgb_min_child_weight"": 1.0, ""xgb_n_estimators"": 600, ""xgb_reg_alpha"": 0.0, ""xgb_reg_lambda"": 1.0, ""xgb_subsample"": 0.8}",output/all_satisfying_primordia_splits/split_022/models/all/xgboost/hyperparameter_search_train_cv.csv,0.9453880759493898,0.9915677827398348,0.9253539253539254,0.9460526315789474,0.9355888093689004,output/all_satisfying_primordia_splits/split_022/models/all/xgboost/training_summary.json,0.9353932584269664,0.940677966101695,0.9380281690140844,333,23,21,21,split_022,split_022,output/all_satisfying_primordia_splits/split_022/neighbor_pairs_train.csv,output/all_satisfying_primordia_splits/split_022/neighbor_pairs_test.csv,output/all_satisfying_primordia_splits/split_022/primordium_assignment.csv,5262,2311,7573,7624,51,exception_label,1,0.6948369206391126,0.3051630793608874,7,5,sample1;sample10;sample2;sample3;sample4;sample7;sample9,sample11;sample12;sample5;sample6;sample8,760,354,1114,4502,1957,0.14443177499049792,0.15318044136737344,0.008748666376875519
all,lightgbm,49,0.1306532663316583,"{""lgbm_colsample_bytree"": 0.8, ""lgbm_learning_rate"": 0.02, ""lgbm_max_depth"": -1, ""lgbm_min_child_samples"": 20, ""lgbm_n_estimators"": 1500, ""lgbm_num_leaves"": 63, ""lgbm_reg_alpha"": 0.0, ""lgbm_reg_lambda"": 1.0, ""lgbm_subsample"": 0.8}",output/all_satisfying_primordia_splits/split_022/models/all/lightgbm/hyperparameter_search_train_cv.csv,0.945404775920274,0.9910744347541444,0.9352708058124174,0.9315789473684212,0.933421226104153,output/all_satisfying_primordia_splits/split_022/models/all/lightgbm/training_summary.json,0.96,0.9491525423728814,0.9545454545454544,336,14,18,21,split_022,split_022,output/all_satisfying_primordia_splits/split_022/neighbor_pairs_train.csv,output/all_satisfying_primordia_splits/split_022/neighbor_pairs_test.csv,output/all_satisfying_primordia_splits/split_022/primordium_assignment.csv,5262,2311,7573,7624,51,exception_label,1,0.6948369206391126,0.3051630793608874,7,5,sample1;sample10;sample2;sample3;sample4;sample7;sample9,sample11;sample12;sample5;sample6;sample8,760,354,1114,4502,1957,0.14443177499049792,0.15318044136737344,0.008748666376875519
selected4,lr,4,0.4874371859296482,"{""lr_C"": 1.0}",output/all_satisfying_primordia_splits/split_022/models/selected4/lr/hyperparameter_search_train_cv.csv,0.9360160833299648,0.9907298510603472,0.9250317662007624,0.9578947368421052,0.9411764705882352,output/all_satisfying_primordia_splits/split_022/models/selected4/lr/training_summary.json,0.9226519337016574,0.943502824858757,0.9329608938547488,334,28,20,21,split_022,split_022,output/all_satisfying_primordia_splits/split_022/neighbor_pairs_train.csv,output/all_satisfying_primordia_splits/split_022/neighbor_pairs_test.csv,output/all_satisfying_primordia_splits/split_022/primordium_assignment.csv,5262,2311,7573,7624,51,exception_label,1,0.6948369206391126,0.3051630793608874,7,5,sample1;sample10;sample2;sample3;sample4;sample7;sample9,sample11;sample12;sample5;sample6;sample8,760,354,1114,4502,1957,0.14443177499049792,0.15318044136737344,0.008748666376875519
selected4,svm,4,0.135678391959799,"{""svm_C"": 1.0, ""svm_calib_method"": ""sigmoid""}",output/all_satisfying_primordia_splits/split_022/models/selected4/svm/hyperparameter_search_train_cv.csv,0.935531694228984,0.9907362809511562,0.9168765743073048,0.9578947368421052,0.9369369369369368,output/all_satisfying_primordia_splits/split_022/models/selected4/svm/training_summary.json,0.9368131868131868,0.963276836158192,0.9498607242339832,341,23,13,21,split_022,split_022,output/all_satisfying_primordia_splits/split_022/neighbor_pairs_train.csv,output/all_satisfying_primordia_splits/split_022/neighbor_pairs_test.csv,output/all_satisfying_primordia_splits/split_022/primordium_assignment.csv,5262,2311,7573,7624,51,exception_label,1,0.6948369206391126,0.3051630793608874,7,5,sample1;sample10;sample2;sample3;sample4;sample7;sample9,sample11;sample12;sample5;sample6;sample8,760,354,1114,4502,1957,0.14443177499049792,0.15318044136737344,0.008748666376875519
selected4,xgboost,4,0.0603015075376884,"{""xgb_colsample_bytree"": 0.8, ""xgb_gamma"": 0.0, ""xgb_learning_rate"": 0.05, ""xgb_max_depth"": 4, ""xgb_min_child_weight"": 1.0, ""xgb_n_estimators"": 600, ""xgb_reg_alpha"": 0.0, ""xgb_reg_lambda"": 1.0, ""xgb_subsample"": 0.8}",output/all_satisfying_primordia_splits/split_022/models/selected4/xgboost/hyperparameter_search_train_cv.csv,0.9074204902839008,0.9880266665107904,0.8965952080706179,0.9355263157894737,0.9156471345782357,output/all_satisfying_primordia_splits/split_022/models/selected4/xgboost/training_summary.json,0.9088471849865952,0.9576271186440678,0.9325997248968364,339,34,15,21,split_022,split_022,output/all_satisfying_primordia_splits/split_022/neighbor_pairs_train.csv,output/all_satisfying_primordia_splits/split_022/neighbor_pairs_test.csv,output/all_satisfying_primordia_splits/split_022/primordium_assignment.csv,5262,2311,7573,7624,51,exception_label,1,0.6948369206391126,0.3051630793608874,7,5,sample1;sample10;sample2;sample3;sample4;sample7;sample9,sample11;sample12;sample5;sample6;sample8,760,354,1114,4502,1957,0.14443177499049792,0.15318044136737344,0.008748666376875519
selected4,lightgbm,4,0.050251256281407,"{""lgbm_colsample_bytree"": 0.8, ""lgbm_learning_rate"": 0.02, ""lgbm_max_depth"": -1, ""lgbm_min_child_samples"": 20, ""lgbm_n_estimators"": 1500, ""lgbm_num_leaves"": 63, ""lgbm_reg_alpha"": 0.0, ""lgbm_reg_lambda"": 1.0, ""lgbm_subsample"": 0.8}",output/all_satisfying_primordia_splits/split_022/models/selected4/lightgbm/hyperparameter_search_train_cv.csv,0.9020171698862426,0.9861199116182282,0.9149214659685864,0.9197368421052632,0.9173228346456692,output/all_satisfying_primordia_splits/split_022/models/selected4/lightgbm/training_summary.json,0.9103641456582632,0.9180790960451978,0.9142053445850914,325,32,29,21,split_022,split_022,output/all_satisfying_primordia_splits/split_022/neighbor_pairs_train.csv,output/all_satisfying_primordia_splits/split_022/neighbor_pairs_test.csv,output/all_satisfying_primordia_splits/split_022/primordium_assignment.csv,5262,2311,7573,7624,51,exception_label,1,0.6948369206391126,0.3051630793608874,7,5,sample1;sample10;sample2;sample3;sample4;sample7;sample9,sample11;sample12;sample5;sample6;sample8,760,354,1114,4502,1957,0.14443177499049792,0.15318044136737344,0.008748666376875519
all,lr,49,0.4422110552763819,"{""lr_C"": 1.0}",output/all_satisfying_primordia_splits/split_023/models/all/lr/hyperparameter_search_train_cv.csv,0.9557929320438764,0.9930422990663954,0.93375,0.9613899613899614,0.9473684210526316,output/all_satisfying_primordia_splits/split_023/models/all/lr/training_summary.json,0.9226361031518624,0.9554896142433236,0.9387755102040816,322,27,15,22,split_023,split_023,output/all_satisfying_primordia_splits/split_023/neighbor_pairs_train.csv,output/all_satisfying_primordia_splits/split_023/neighbor_pairs_test.csv,output/all_satisfying_primordia_splits/split_023/primordium_assignment.csv,5342,2231,7573,7624,51,exception_label,1,0.7054007658787799,0.29459923412122013,7,5,sample1;sample2;sample3;sample4;sample7;sample8;sample9,sample10;sample11;sample12;sample5;sample6,777,337,1114,4565,1894,0.14545114189442157,0.1510533393097266,0.005602197415305016
all,svm,49,0.1457286432160804,"{""svm_C"": 1.0, ""svm_calib_method"": ""sigmoid""}",output/all_satisfying_primordia_splits/split_023/models/all/svm/hyperparameter_search_train_cv.csv,0.9563117275012432,0.9930211544669376,0.929192546583851,0.9626769626769628,0.945638432364096,output/all_satisfying_primordia_splits/split_023/models/all/svm/training_summary.json,0.9202279202279202,0.9584569732937686,0.9389534883720928,323,28,14,22,split_023,split_023,output/all_satisfying_primordia_splits/split_023/neighbor_pairs_train.csv,output/all_satisfying_primordia_splits/split_023/neighbor_pairs_test.csv,output/all_satisfying_primordia_splits/split_023/primordium_assignment.csv,5342,2231,7573,7624,51,exception_label,1,0.7054007658787799,0.29459923412122013,7,5,sample1;sample2;sample3;sample4;sample7;sample8;sample9,sample10;sample11;sample12;sample5;sample6,777,337,1114,4565,1894,0.14545114189442157,0.1510533393097266,0.005602197415305016
all,xgboost,49,0.1959798994974874,"{""xgb_colsample_bytree"": 0.8, ""xgb_gamma"": 0.0, ""xgb_learning_rate"": 0.05, ""xgb_max_depth"": 4, ""xgb_min_child_weight"": 1.0, ""xgb_n_estimators"": 600, ""xgb_reg_alpha"": 0.0, ""xgb_reg_lambda"": 1.0, ""xgb_subsample"": 0.8}",output/all_satisfying_primordia_splits/split_023/models/all/xgboost/hyperparameter_search_train_cv.csv,0.9463626937407874,0.991901477443646,0.942381562099872,0.9472329472329472,0.944801026957638,output/all_satisfying_primordia_splits/split_023/models/all/xgboost/training_summary.json,0.9454545454545454,0.9258160237388724,0.9355322338830584,312,18,25,22,split_023,split_023,output/all_satisfying_primordia_splits/split_023/neighbor_pairs_train.csv,output/all_satisfying_primordia_splits/split_023/neighbor_pairs_test.csv,output/all_satisfying_primordia_splits/split_023/primordium_assignment.csv,5342,2231,7573,7624,51,exception_label,1,0.7054007658787799,0.29459923412122013,7,5,sample1;sample2;sample3;sample4;sample7;sample8;sample9,sample10;sample11;sample12;sample5;sample6,777,337,1114,4565,1894,0.14545114189442157,0.1510533393097266,0.005602197415305016
all,lightgbm,49,0.0301507537688442,"{""lgbm_colsample_bytree"": 0.8, ""lgbm_learning_rate"": 0.02, ""lgbm_max_depth"": -1, ""lgbm_min_child_samples"": 20, ""lgbm_n_estimators"": 1500, ""lgbm_num_leaves"": 63, ""lgbm_reg_alpha"": 0.0, ""lgbm_reg_lambda"": 1.0, ""lgbm_subsample"": 0.8}",output/all_satisfying_primordia_splits/split_023/models/all/lightgbm/hyperparameter_search_train_cv.csv,0.9431958701784656,0.9911398489711742,0.935361216730038,0.9498069498069498,0.942528735632184,output/all_satisfying_primordia_splits/split_023/models/all/lightgbm/training_summary.json,0.940828402366864,0.9436201780415432,0.9422222222222224,318,20,19,22,split_023,split_023,output/all_satisfying_primordia_splits/split_023/neighbor_pairs_train.csv,output/all_satisfying_primordia_splits/split_023/neighbor_pairs_test.csv,output/all_satisfying_primordia_splits/split_023/primordium_assignment.csv,5342,2231,7573,7624,51,exception_label,1,0.7054007658787799,0.29459923412122013,7,5,sample1;sample2;sample3;sample4;sample7;sample8;sample9,sample10;sample11;sample12;sample5;sample6,777,337,1114,4565,1894,0.14545114189442157,0.1510533393097266,0.005602197415305016
selected4,lr,4,0.4472361809045226,"{""lr_C"": 1.0}",output/all_satisfying_primordia_splits/split_023/models/selected4/lr/hyperparameter_search_train_cv.csv,0.9394081898948348,0.9912802491115744,0.9246913580246914,0.963963963963964,0.9439193446754884,output/all_satisfying_primordia_splits/split_023/models/selected4/lr/training_summary.json,0.9088319088319088,0.9465875370919882,0.9273255813953488,319,32,18,22,split_023,split_023,output/all_satisfying_primordia_splits/split_023/neighbor_pairs_train.csv,output/all_satisfying_primordia_splits/split_023/neighbor_pairs_test.csv,output/all_satisfying_primordia_splits/split_023/primordium_assignment.csv,5342,2231,7573,7624,51,exception_label,1,0.7054007658787799,0.29459923412122013,7,5,sample1;sample2;sample3;sample4;sample7;sample8;sample9,sample10;sample11;sample12;sample5;sample6,777,337,1114,4565,1894,0.14545114189442157,0.1510533393097266,0.005602197415305016
selected4,svm,4,0.1457286432160804,"{""svm_C"": 1.0, ""svm_calib_method"": ""sigmoid""}",output/all_satisfying_primordia_splits/split_023/models/selected4/svm/hyperparameter_search_train_cv.csv,0.9392117872458492,0.9912698177758418,0.9280397022332506,0.9626769626769628,0.945041061276058,output/all_satisfying_primordia_splits/split_023/models/selected4/svm/training_summary.json,0.9226361031518624,0.9554896142433236,0.9387755102040816,322,27,15,22,split_023,split_023,output/all_satisfying_primordia_splits/split_023/neighbor_pairs_train.csv,output/all_satisfying_primordia_splits/split_023/neighbor_pairs_test.csv,output/all_satisfying_primordia_splits/split_023/primordium_assignment.csv,5342,2231,7573,7624,51,exception_label,1,0.7054007658787799,0.29459923412122013,7,5,sample1;sample2;sample3;sample4;sample7;sample8;sample9,sample10;sample11;sample12;sample5;sample6,777,337,1114,4565,1894,0.14545114189442157,0.1510533393097266,0.005602197415305016
selected4,xgboost,4,0.0301507537688442,"{""xgb_colsample_bytree"": 0.8, ""xgb_gamma"": 0.0, ""xgb_learning_rate"": 0.05, ""xgb_max_depth"": 4, ""xgb_min_child_weight"": 1.0, ""xgb_n_estimators"": 600, ""xgb_reg_alpha"": 0.0, ""xgb_reg_lambda"": 1.0, ""xgb_subsample"": 0.8}",output/all_satisfying_primordia_splits/split_023/models/selected4/xgboost/hyperparameter_search_train_cv.csv,0.9069686718317757,0.988903596132512,0.904645476772616,0.9523809523809524,0.927899686520376,output/all_satisfying_primordia_splits/split_023/models/selected4/xgboost/training_summary.json,0.8842975206611571,0.9525222551928784,0.9171428571428571,321,42,16,22,split_023,split_023,output/all_satisfying_primordia_splits/split_023/neighbor_pairs_train.csv,output/all_satisfying_primordia_splits/split_023/neighbor_pairs_test.csv,output/all_satisfying_primordia_splits/split_023/primordium_assignment.csv,5342,2231,7573,7624,51,exception_label,1,0.7054007658787799,0.29459923412122013,7,5,sample1;sample2;sample3;sample4;sample7;sample8;sample9,sample10;sample11;sample12;sample5;sample6,777,337,1114,4565,1894,0.14545114189442157,0.1510533393097266,0.005602197415305016
selected4,lightgbm,4,0.0251256281407035,"{""lgbm_colsample_bytree"": 0.8, ""lgbm_learning_rate"": 0.02, ""lgbm_max_depth"": -1, ""lgbm_min_child_samples"": 20, ""lgbm_n_estimators"": 1500, ""lgbm_num_leaves"": 63, ""lgbm_reg_alpha"": 0.0, ""lgbm_reg_lambda"": 1.0, ""lgbm_subsample"": 0.8}",output/all_satisfying_primordia_splits/split_023/models/selected4/lightgbm/hyperparameter_search_train_cv.csv,0.8970605064569512,0.9869935339814856,0.914572864321608,0.9369369369369368,0.9256198347107436,output/all_satisfying_primordia_splits/split_023/models/selected4/lightgbm/training_summary.json,0.8847262247838616,0.9109792284866468,0.8976608187134503,307,40,30,22,split_023,split_023,output/all_satisfying_primordia_splits/split_023/neighbor_pairs_train.csv,output/all_satisfying_primordia_splits/split_023/neighbor_pairs_test.csv,output/all_satisfying_primordia_splits/split_023/primordium_assignment.csv,5342,2231,7573,7624,51,exception_label,1,0.7054007658787799,0.29459923412122013,7,5,sample1;sample2;sample3;sample4;sample7;sample8;sample9,sample10;sample11;sample12;sample5;sample6,777,337,1114,4565,1894,0.14545114189442157,0.1510533393097266,0.005602197415305016
all,lr,49,0.3567839195979899,"{""lr_C"": 1.0}",output/all_satisfying_primordia_splits/split_024/models/all/lr/hyperparameter_search_train_cv.csv,0.9482952067650936,0.9920539520285028,0.9217391304347826,0.959896507115136,0.9404309252217996,output/all_satisfying_primordia_splits/split_024/models/all/lr/training_summary.json,0.9376770538243626,0.9706744868035192,0.9538904899135446,331,22,10,23,split_024,split_024,output/all_satisfying_primordia_splits/split_024/neighbor_pairs_train.csv,output/all_satisfying_primordia_splits/split_024/neighbor_pairs_test.csv,output/all_satisfying_primordia_splits/split_024/primordium_assignment.csv,5348,2225,7573,7624,51,exception_label,1,0.7061930542717549,0.29380694572824506,8,4,sample10;sample12;sample3;sample4;sample5;sample7;sample8;sample9,sample1;sample11;sample2;sample6,773,341,1114,4575,1884,0.14454001495886312,0.15325842696629213,0.00871841200742901
all,svm,49,0.1708542713567839,"{""svm_C"": 1.0, ""svm_calib_method"": ""sigmoid""}",output/all_satisfying_primordia_splits/split_024/models/all/svm/hyperparameter_search_train_cv.csv,0.94857061897307,0.9921659279367164,0.926065162907268,0.9560155239327296,0.9408020369191598,output/all_satisfying_primordia_splits/split_024/models/all/svm/training_summary.json,0.9423631123919308,0.9589442815249268,0.9505813953488372,327,20,14,23,split_024,split_024,output/all_satisfying_primordia_splits/split_024/neighbor_pairs_train.csv,output/all_satisfying_primordia_splits/split_024/neighbor_pairs_test.csv,output/all_satisfying_primordia_splits/split_024/primordium_assignment.csv,5348,2225,7573,7624,51,exception_label,1,0.7061930542717549,0.29380694572824506,8,4,sample10;sample12;sample3;sample4;sample5;sample7;sample8;sample9,sample1;sample11;sample2;sample6,773,341,1114,4575,1884,0.14454001495886312,0.15325842696629213,0.00871841200742901
all,xgboost,49,0.0452261306532663,"{""xgb_colsample_bytree"": 0.8, ""xgb_gamma"": 0.0, ""xgb_learning_rate"": 0.05, ""xgb_max_depth"": 4, ""xgb_min_child_weight"": 1.0, ""xgb_n_estimators"": 600, ""xgb_reg_alpha"": 0.0, ""xgb_reg_lambda"": 1.0, ""xgb_subsample"": 0.8}",output/all_satisfying_primordia_splits/split_024/models/all/xgboost/hyperparameter_search_train_cv.csv,0.9390785545891652,0.990925851306739,0.9242424242424242,0.9469598965071152,0.9354632587859426,output/all_satisfying_primordia_splits/split_024/models/all/xgboost/training_summary.json,0.9283667621776504,0.9501466275659824,0.9391304347826088,324,25,17,23,split_024,split_024,output/all_satisfying_primordia_splits/split_024/neighbor_pairs_train.csv,output/all_satisfying_primordia_splits/split_024/neighbor_pairs_test.csv,output/all_satisfying_primordia_splits/split_024/primordium_assignment.csv,5348,2225,7573,7624,51,exception_label,1,0.7061930542717549,0.29380694572824506,8,4,sample10;sample12;sample3;sample4;sample5;sample7;sample8;sample9,sample1;sample11;sample2;sample6,773,341,1114,4575,1884,0.14454001495886312,0.15325842696629213,0.00871841200742901
all,lightgbm,49,0.0603015075376884,"{""lgbm_colsample_bytree"": 0.8, ""lgbm_learning_rate"": 0.02, ""lgbm_max_depth"": -1, ""lgbm_min_child_samples"": 20, ""lgbm_n_estimators"": 1500, ""lgbm_num_leaves"": 63, ""lgbm_reg_alpha"": 0.0, ""lgbm_reg_lambda"": 1.0, ""lgbm_subsample"": 0.8}",output/all_satisfying_primordia_splits/split_024/models/all/lightgbm/hyperparameter_search_train_cv.csv,0.9334924313600887,0.9897765430266012,0.9291237113402062,0.9327296248382924,0.9309231762427372,output/all_satisfying_primordia_splits/split_024/models/all/lightgbm/training_summary.json,0.9498525073746312,0.9442815249266864,0.9470588235294118,322,17,19,23,split_024,split_024,output/all_satisfying_primordia_splits/split_024/neighbor_pairs_train.csv,output/all_satisfying_primordia_splits/split_024/neighbor_pairs_test.csv,output/all_satisfying_primordia_splits/split_024/primordium_assignment.csv,5348,2225,7573,7624,51,exception_label,1,0.7061930542717549,0.29380694572824506,8,4,sample10;sample12;sample3;sample4;sample5;sample7;sample8;sample9,sample1;sample11;sample2;sample6,773,341,1114,4575,1884,0.14454001495886312,0.15325842696629213,0.00871841200742901
selected4,lr,4,0.4321608040201005,"{""lr_C"": 1.0}",output/all_satisfying_primordia_splits/split_024/models/selected4/lr/hyperparameter_search_train_cv.csv,0.9287337424057096,0.9898438416785076,0.9169764560099132,0.9573091849935316,0.9367088607594936,output/all_satisfying_primordia_splits/split_024/models/selected4/lr/training_summary.json,0.9340974212034384,0.9560117302052786,0.9449275362318842,326,23,15,23,split_024,split_024,output/all_satisfying_primordia_splits/split_024/neighbor_pairs_train.csv,output/all_satisfying_primordia_splits/split_024/neighbor_pairs_test.csv,output/all_satisfying_primordia_splits/split_024/primordium_assignment.csv,5348,2225,7573,7624,51,exception_label,1,0.7061930542717549,0.29380694572824506,8,4,sample10;sample12;sample3;sample4;sample5;sample7;sample8;sample9,sample1;sample11;sample2;sample6,773,341,1114,4575,1884,0.14454001495886312,0.15325842696629213,0.00871841200742901
selected4,svm,4,0.1306532663316583,"{""svm_C"": 1.0, ""svm_calib_method"": ""sigmoid""}",output/all_satisfying_primordia_splits/split_024/models/selected4/svm/hyperparameter_search_train_cv.csv,0.9277378083728548,0.9897898330965156,0.9217391304347826,0.959896507115136,0.9404309252217996,output/all_satisfying_primordia_splits/split_024/models/selected4/svm/training_summary.json,0.9423631123919308,0.9589442815249268,0.9505813953488372,327,20,14,23,split_024,split_024,output/all_satisfying_primordia_splits/split_024/neighbor_pairs_train.csv,output/all_satisfying_primordia_splits/split_024/neighbor_pairs_test.csv,output/all_satisfying_primordia_splits/split_024/primordium_assignment.csv,5348,2225,7573,7624,51,exception_label,1,0.7061930542717549,0.29380694572824506,8,4,sample10;sample12;sample3;sample4;sample5;sample7;sample8;sample9,sample1;sample11;sample2;sample6,773,341,1114,4575,1884,0.14454001495886312,0.15325842696629213,0.00871841200742901
selected4,xgboost,4,0.3015075376884422,"{""xgb_colsample_bytree"": 0.8, ""xgb_gamma"": 0.0, ""xgb_learning_rate"": 0.05, ""xgb_max_depth"": 4, ""xgb_min_child_weight"": 1.0, ""xgb_n_estimators"": 600, ""xgb_reg_alpha"": 0.0, ""xgb_reg_lambda"": 1.0, ""xgb_subsample"": 0.8}",output/all_satisfying_primordia_splits/split_024/models/selected4/xgboost/hyperparameter_search_train_cv.csv,0.913237592310917,0.9886912815727524,0.9347258485639688,0.926261319534282,0.930474333983106,output/all_satisfying_primordia_splits/split_024/models/selected4/xgboost/training_summary.json,0.927710843373494,0.9032258064516128,0.9153046062407132,308,24,33,23,split_024,split_024,output/all_satisfying_primordia_splits/split_024/neighbor_pairs_train.csv,output/all_satisfying_primordia_splits/split_024/neighbor_pairs_test.csv,output/all_satisfying_primordia_splits/split_024/primordium_assignment.csv,5348,2225,7573,7624,51,exception_label,1,0.7061930542717549,0.29380694572824506,8,4,sample10;sample12;sample3;sample4;sample5;sample7;sample8;sample9,sample1;sample11;sample2;sample6,773,341,1114,4575,1884,0.14454001495886312,0.15325842696629213,0.00871841200742901
selected4,lightgbm,4,0.0251256281407035,"{""lgbm_colsample_bytree"": 0.8, ""lgbm_learning_rate"": 0.02, ""lgbm_max_depth"": -1, ""lgbm_min_child_samples"": 20, ""lgbm_n_estimators"": 1500, ""lgbm_num_leaves"": 63, ""lgbm_reg_alpha"": 0.0, ""lgbm_reg_lambda"": 1.0, ""lgbm_subsample"": 0.8}",output/all_satisfying_primordia_splits/split_024/models/selected4/lightgbm/hyperparameter_search_train_cv.csv,0.905372021208174,0.9877999985861629,0.9199491740787802,0.9366106080206986,0.9282051282051282,output/all_satisfying_primordia_splits/split_024/models/selected4/lightgbm/training_summary.json,0.9205882352941176,0.9178885630498532,0.9192364170337738,313,27,28,23,split_024,split_024,output/all_satisfying_primordia_splits/split_024/neighbor_pairs_train.csv,output/all_satisfying_primordia_splits/split_024/neighbor_pairs_test.csv,output/all_satisfying_primordia_splits/split_024/primordium_assignment.csv,5348,2225,7573,7624,51,exception_label,1,0.7061930542717549,0.29380694572824506,8,4,sample10;sample12;sample3;sample4;sample5;sample7;sample8;sample9,sample1;sample11;sample2;sample6,773,341,1114,4575,1884,0.14454001495886312,0.15325842696629213,0.00871841200742901
all,lr,49,0.4070351758793969,"{""lr_C"": 1.0}",output/all_satisfying_primordia_splits/split_025/models/all/lr/hyperparameter_search_train_cv.csv,0.9560969903314952,0.9932750752805276,0.929559748427673,0.9647519582245432,0.9468289557975658,output/all_satisfying_primordia_splits/split_025/models/all/lr/training_summary.json,0.9085872576177284,0.942528735632184,0.92524682651622,328,33,20,24,split_025,split_025,output/all_satisfying_primordia_splits/split_025/neighbor_pairs_train.csv,output/all_satisfying_primordia_splits/split_025/neighbor_pairs_test.csv,output/all_satisfying_primordia_splits/split_025/primordium_assignment.csv,5254,2319,7573,7624,51,exception_label,1,0.6937805361151459,0.3062194638848541,7,5,sample10;sample11;sample2;sample4;sample5;sample7;sample8,sample1;sample12;sample3;sample6;sample9,766,348,1114,4488,1971,0.1457936810049486,0.1500646830530401,0.004271002048091499
all,svm,49,0.1608040201005025,"{""svm_C"": 1.0, ""svm_calib_method"": ""sigmoid""}",output/all_satisfying_primordia_splits/split_025/models/all/svm/hyperparameter_search_train_cv.csv,0.955110660343405,0.993130506415716,0.9293820933165196,0.9621409921671018,0.9454778704297626,output/all_satisfying_primordia_splits/split_025/models/all/svm/training_summary.json,0.9146005509641874,0.9540229885057472,0.9338959212376934,332,31,16,24,split_025,split_025,output/all_satisfying_primordia_splits/split_025/neighbor_pairs_train.csv,output/all_satisfying_primordia_splits/split_025/neighbor_pairs_test.csv,output/all_satisfying_primordia_splits/split_025/primordium_assignment.csv,5254,2319,7573,7624,51,exception_label,1,0.6937805361151459,0.3062194638848541,7,5,sample10;sample11;sample2;sample4;sample5;sample7;sample8,sample1;sample12;sample3;sample6;sample9,766,348,1114,4488,1971,0.1457936810049486,0.1500646830530401,0.004271002048091499
all,xgboost,49,0.1608040201005025,"{""xgb_colsample_bytree"": 0.8, ""xgb_gamma"": 0.0, ""xgb_learning_rate"": 0.05, ""xgb_max_depth"": 4, ""xgb_min_child_weight"": 1.0, ""xgb_n_estimators"": 600, ""xgb_reg_alpha"": 0.0, ""xgb_reg_lambda"": 1.0, ""xgb_subsample"": 0.8}",output/all_satisfying_primordia_splits/split_025/models/all/xgboost/hyperparameter_search_train_cv.csv,0.9540265115974774,0.9927340328488388,0.9428571428571428,0.9477806788511748,0.9453125,output/all_satisfying_primordia_splits/split_025/models/all/xgboost/training_summary.json,0.9316239316239316,0.9396551724137931,0.9356223175965666,327,24,21,24,split_025,split_025,output/all_satisfying_primordia_splits/split_025/neighbor_pairs_train.csv,output/all_satisfying_primordia_splits/split_025/neighbor_pairs_test.csv,output/all_satisfying_primordia_splits/split_025/primordium_assignment.csv,5254,2319,7573,7624,51,exception_label,1,0.6937805361151459,0.3062194638848541,7,5,sample10;sample11;sample2;sample4;sample5;sample7;sample8,sample1;sample12;sample3;sample6;sample9,766,348,1114,4488,1971,0.1457936810049486,0.1500646830530401,0.004271002048091499
all,lightgbm,49,0.2261306532663316,"{""lgbm_colsample_bytree"": 0.8, ""lgbm_learning_rate"": 0.02, ""lgbm_max_depth"": -1, ""lgbm_min_child_samples"": 20, ""lgbm_n_estimators"": 1500, ""lgbm_num_leaves"": 63, ""lgbm_reg_alpha"": 0.0, ""lgbm_reg_lambda"": 1.0, ""lgbm_subsample"": 0.8}",output/all_satisfying_primordia_splits/split_025/models/all/lightgbm/hyperparameter_search_train_cv.csv,0.9509603972931974,0.9923646114035454,0.9482071713147412,0.9321148825065274,0.9400921658986175,output/all_satisfying_primordia_splits/split_025/models/all/lightgbm/training_summary.json,0.9411764705882352,0.9195402298850576,0.9302325581395348,320,20,28,24,split_025,split_025,output/all_satisfying_primordia_splits/split_025/neighbor_pairs_train.csv,output/all_satisfying_primordia_splits/split_025/neighbor_pairs_test.csv,output/all_satisfying_primordia_splits/split_025/primordium_assignment.csv,5254,2319,7573,7624,51,exception_label,1,0.6937805361151459,0.3062194638848541,7,5,sample10;sample11;sample2;sample4;sample5;sample7;sample8,sample1;sample12;sample3;sample6;sample9,766,348,1114,4488,1971,0.1457936810049486,0.1500646830530401,0.004271002048091499
selected4,lr,4,0.4623115577889447,"{""lr_C"": 1.0}",output/all_satisfying_primordia_splits/split_025/models/selected4/lr/hyperparameter_search_train_cv.csv,0.9400841787318832,0.9912432573314158,0.924812030075188,0.9634464751958224,0.9437340153452686,output/all_satisfying_primordia_splits/split_025/models/selected4/lr/training_summary.json,0.9080779944289692,0.9367816091954024,0.9222065063649222,326,33,22,24,split_025,split_025,output/all_satisfying_primordia_splits/split_025/neighbor_pairs_train.csv,output/all_satisfying_primordia_splits/split_025/neighbor_pairs_test.csv,output/all_satisfying_primordia_splits/split_025/primordium_assignment.csv,5254,2319,7573,7624,51,exception_label,1,0.6937805361151459,0.3062194638848541,7,5,sample10;sample11;sample2;sample4;sample5;sample7;sample8,sample1;sample12;sample3;sample6;sample9,766,348,1114,4488,1971,0.1457936810049486,0.1500646830530401,0.004271002048091499
selected4,svm,4,0.1608040201005025,"{""svm_C"": 1.0, ""svm_calib_method"": ""sigmoid""}",output/all_satisfying_primordia_splits/split_025/models/selected4/svm/hyperparameter_search_train_cv.csv,0.9394206251794304,0.9912127146134978,0.9270440251572328,0.9621409921671018,0.9442664958360024,output/all_satisfying_primordia_splits/split_025/models/selected4/svm/training_summary.json,0.9269662921348316,0.9482758620689656,0.9375,330,26,18,24,split_025,split_025,output/all_satisfying_primordia_splits/split_025/neighbor_pairs_train.csv,output/all_satisfying_primordia_splits/split_025/neighbor_pairs_test.csv,output/all_satisfying_primordia_splits/split_025/primordium_assignment.csv,5254,2319,7573,7624,51,exception_label,1,0.6937805361151459,0.3062194638848541,7,5,sample10;sample11;sample2;sample4;sample5;sample7;sample8,sample1;sample12;sample3;sample6;sample9,766,348,1114,4488,1971,0.1457936810049486,0.1500646830530401,0.004271002048091499
selected4,xgboost,4,0.0351758793969849,"{""xgb_colsample_bytree"": 0.8, ""xgb_gamma"": 0.0, ""xgb_learning_rate"": 0.05, ""xgb_max_depth"": 4, ""xgb_min_child_weight"": 1.0, ""xgb_n_estimators"": 600, ""xgb_reg_alpha"": 0.0, ""xgb_reg_lambda"": 1.0, ""xgb_subsample"": 0.8}",output/all_satisfying_primordia_splits/split_025/models/selected4/xgboost/hyperparameter_search_train_cv.csv,0.9309349754632822,0.9896396191992108,0.915527950310559,0.9621409921671018,0.9382558879694464,output/all_satisfying_primordia_splits/split_025/models/selected4/xgboost/training_summary.json,0.8698060941828255,0.9022988505747126,0.8857545839210155,314,47,34,24,split_025,split_025,output/all_satisfying_primordia_splits/split_025/neighbor_pairs_train.csv,output/all_satisfying_primordia_splits/split_025/neighbor_pairs_test.csv,output/all_satisfying_primordia_splits/split_025/primordium_assignment.csv,5254,2319,7573,7624,51,exception_label,1,0.6937805361151459,0.3062194638848541,7,5,sample10;sample11;sample2;sample4;sample5;sample7;sample8,sample1;sample12;sample3;sample6;sample9,766,348,1114,4488,1971,0.1457936810049486,0.1500646830530401,0.004271002048091499
selected4,lightgbm,4,0.0150753768844221,"{""lgbm_colsample_bytree"": 0.8, ""lgbm_learning_rate"": 0.02, ""lgbm_max_depth"": -1, ""lgbm_min_child_samples"": 20, ""lgbm_n_estimators"": 1500, ""lgbm_num_leaves"": 63, ""lgbm_reg_alpha"": 0.0, ""lgbm_reg_lambda"": 1.0, ""lgbm_subsample"": 0.8}",output/all_satisfying_primordia_splits/split_025/models/selected4/lightgbm/hyperparameter_search_train_cv.csv,0.928928460059304,0.9893269199443364,0.9165613147914032,0.9464751958224544,0.9312780989081568,output/all_satisfying_primordia_splits/split_025/models/selected4/lightgbm/training_summary.json,0.8820224719101124,0.9022988505747126,0.8920454545454546,314,42,34,24,split_025,split_025,output/all_satisfying_primordia_splits/split_025/neighbor_pairs_train.csv,output/all_satisfying_primordia_splits/split_025/neighbor_pairs_test.csv,output/all_satisfying_primordia_splits/split_025/primordium_assignment.csv,5254,2319,7573,7624,51,exception_label,1,0.6937805361151459,0.3062194638848541,7,5,sample10;sample11;sample2;sample4;sample5;sample7;sample8,sample1;sample12;sample3;sample6;sample9,766,348,1114,4488,1971,0.1457936810049486,0.1500646830530401,0.004271002048091499
all,lr,49,0.6231155778894473,"{""lr_C"": 1.0}",output/all_satisfying_primordia_splits/split_026/models/all/lr/hyperparameter_search_train_cv.csv,0.9544435640125206,0.9929062838885716,0.9477806788511748,0.950261780104712,0.9490196078431372,output/all_satisfying_primordia_splits/split_026/models/all/lr/training_summary.json,0.9348441926345608,0.9428571428571428,0.9388335704125176,330,23,20,25,split_026,split_026,output/all_satisfying_primordia_splits/split_026/neighbor_pairs_train.csv,output/all_satisfying_primordia_splits/split_026/neighbor_pairs_test.csv,output/all_satisfying_primordia_splits/split_026/primordium_assignment.csv,5254,2319,7573,7624,51,exception_label,1,0.6937805361151459,0.3062194638848541,8,4,sample1;sample11;sample12;sample2;sample4;sample5;sample8;sample9,sample10;sample3;sample6;sample7,764,350,1114,4490,1969,0.14541301865245526,0.15092712376024148,0.005514105107786216
all,svm,49,0.2110552763819095,"{""svm_C"": 1.0, ""svm_calib_method"": ""sigmoid""}",output/all_satisfying_primordia_splits/split_026/models/all/svm/hyperparameter_search_train_cv.csv,0.952576345883538,0.9928159143646732,0.9346991037131882,0.9554973821989527,0.9449838187702264,output/all_satisfying_primordia_splits/split_026/models/all/svm/training_summary.json,0.9301675977653632,0.9514285714285714,0.940677966101695,333,25,17,25,split_026,split_026,output/all_satisfying_primordia_splits/split_026/neighbor_pairs_train.csv,output/all_satisfying_primordia_splits/split_026/neighbor_pairs_test.csv,output/all_satisfying_primordia_splits/split_026/primordium_assignment.csv,5254,2319,7573,7624,51,exception_label,1,0.6937805361151459,0.3062194638848541,8,4,sample1;sample11;sample12;sample2;sample4;sample5;sample8;sample9,sample10;sample3;sample6;sample7,764,350,1114,4490,1969,0.14541301865245526,0.15092712376024148,0.005514105107786216
all,xgboost,49,0.1407035175879397,"{""xgb_colsample_bytree"": 0.8, ""xgb_gamma"": 0.0, ""xgb_learning_rate"": 0.05, ""xgb_max_depth"": 4, ""xgb_min_child_weight"": 1.0, ""xgb_n_estimators"": 600, ""xgb_reg_alpha"": 0.0, ""xgb_reg_lambda"": 1.0, ""xgb_subsample"": 0.8}",output/all_satisfying_primordia_splits/split_026/models/all/xgboost/hyperparameter_search_train_cv.csv,0.9372117684183056,0.9912953742464348,0.9378238341968912,0.9476439790575916,0.9427083333333334,output/all_satisfying_primordia_splits/split_026/models/all/xgboost/training_summary.json,0.9403409090909092,0.9457142857142856,0.943019943019943,331,21,19,25,split_026,split_026,output/all_satisfying_primordia_splits/split_026/neighbor_pairs_train.csv,output/all_satisfying_primordia_splits/split_026/neighbor_pairs_test.csv,output/all_satisfying_primordia_splits/split_026/primordium_assignment.csv,5254,2319,7573,7624,51,exception_label,1,0.6937805361151459,0.3062194638848541,8,4,sample1;sample11;sample12;sample2;sample4;sample5;sample8;sample9,sample10;sample3;sample6;sample7,764,350,1114,4490,1969,0.14541301865245526,0.15092712376024148,0.005514105107786216
all,lightgbm,49,0.050251256281407,"{""lgbm_colsample_bytree"": 0.8, ""lgbm_learning_rate"": 0.02, ""lgbm_max_depth"": -1, ""lgbm_min_child_samples"": 20, ""lgbm_n_estimators"": 1500, ""lgbm_num_leaves"": 63, ""lgbm_reg_alpha"": 0.0, ""lgbm_reg_lambda"": 1.0, ""lgbm_subsample"": 0.8}",output/all_satisfying_primordia_splits/split_026/models/all/lightgbm/hyperparameter_search_train_cv.csv,0.9401454114657886,0.9911315430450448,0.933852140077821,0.9424083769633508,0.9381107491856676,output/all_satisfying_primordia_splits/split_026/models/all/lightgbm/training_summary.json,0.9396551724137931,0.9342857142857144,0.9369627507163324,327,21,23,25,split_026,split_026,output/all_satisfying_primordia_splits/split_026/neighbor_pairs_train.csv,output/all_satisfying_primordia_splits/split_026/neighbor_pairs_test.csv,output/all_satisfying_primordia_splits/split_026/primordium_assignment.csv,5254,2319,7573,7624,51,exception_label,1,0.6937805361151459,0.3062194638848541,8,4,sample1;sample11;sample12;sample2;sample4;sample5;sample8;sample9,sample10;sample3;sample6;sample7,764,350,1114,4490,1969,0.14541301865245526,0.15092712376024148,0.005514105107786216
selected4,lr,4,0.6080402010050251,"{""lr_C"": 1.0}",output/all_satisfying_primordia_splits/split_026/models/selected4/lr/hyperparameter_search_train_cv.csv,0.9426416046086148,0.991356592311011,0.938961038961039,0.9463350785340314,0.9426336375488918,output/all_satisfying_primordia_splits/split_026/models/selected4/lr/training_summary.json,0.925925925925926,0.9285714285714286,0.927246790299572,325,26,25,25,split_026,split_026,output/all_satisfying_primordia_splits/split_026/neighbor_pairs_train.csv,output/all_satisfying_primordia_splits/split_026/neighbor_pairs_test.csv,output/all_satisfying_primordia_splits/split_026/primordium_assignment.csv,5254,2319,7573,7624,51,exception_label,1,0.6937805361151459,0.3062194638848541,8,4,sample1;sample11;sample12;sample2;sample4;sample5;sample8;sample9,sample10;sample3;sample6;sample7,764,350,1114,4490,1969,0.14541301865245526,0.15092712376024148,0.005514105107786216
selected4,svm,4,0.1507537688442211,"{""svm_C"": 1.0, ""svm_calib_method"": ""sigmoid""}",output/all_satisfying_primordia_splits/split_026/models/selected4/svm/hyperparameter_search_train_cv.csv,0.9415592911244342,0.99129858090696,0.9266750948166876,0.9594240837696336,0.9427652733118972,output/all_satisfying_primordia_splits/split_026/models/selected4/svm/training_summary.json,0.9201101928374656,0.9542857142857144,0.9368863955119212,334,29,16,25,split_026,split_026,output/all_satisfying_primordia_splits/split_026/neighbor_pairs_train.csv,output/all_satisfying_primordia_splits/split_026/neighbor_pairs_test.csv,output/all_satisfying_primordia_splits/split_026/primordium_assignment.csv,5254,2319,7573,7624,51,exception_label,1,0.6937805361151459,0.3062194638848541,8,4,sample1;sample11;sample12;sample2;sample4;sample5;sample8;sample9,sample10;sample3;sample6;sample7,764,350,1114,4490,1969,0.14541301865245526,0.15092712376024148,0.005514105107786216
selected4,xgboost,4,0.0653266331658291,"{""xgb_colsample_bytree"": 0.8, ""xgb_gamma"": 0.0, ""xgb_learning_rate"": 0.05, ""xgb_max_depth"": 4, ""xgb_min_child_weight"": 1.0, ""xgb_n_estimators"": 600, ""xgb_reg_alpha"": 0.0, ""xgb_reg_lambda"": 1.0, ""xgb_subsample"": 0.8}",output/all_satisfying_primordia_splits/split_026/models/selected4/xgboost/hyperparameter_search_train_cv.csv,0.9184453699969696,0.9893323149756876,0.9102244389027432,0.9554973821989527,0.9323116219667944,output/all_satisfying_primordia_splits/split_026/models/selected4/xgboost/training_summary.json,0.9008264462809916,0.9342857142857144,0.9172510518934082,327,36,23,25,split_026,split_026,output/all_satisfying_primordia_splits/split_026/neighbor_pairs_train.csv,output/all_satisfying_primordia_splits/split_026/neighbor_pairs_test.csv,output/all_satisfying_primordia_splits/split_026/primordium_assignment.csv,5254,2319,7573,7624,51,exception_label,1,0.6937805361151459,0.3062194638848541,8,4,sample1;sample11;sample12;sample2;sample4;sample5;sample8;sample9,sample10;sample3;sample6;sample7,764,350,1114,4490,1969,0.14541301865245526,0.15092712376024148,0.005514105107786216
selected4,lightgbm,4,0.0050251256281407,"{""lgbm_colsample_bytree"": 0.8, ""lgbm_learning_rate"": 0.02, ""lgbm_max_depth"": -1, ""lgbm_min_child_samples"": 20, ""lgbm_n_estimators"": 1500, ""lgbm_num_leaves"": 63, ""lgbm_reg_alpha"": 0.0, ""lgbm_reg_lambda"": 1.0, ""lgbm_subsample"": 0.8}",output/all_satisfying_primordia_splits/split_026/models/selected4/lightgbm/hyperparameter_search_train_cv.csv,0.9134397437557088,0.9874721603563474,0.904881101376721,0.9463350785340314,0.9251439539347408,output/all_satisfying_primordia_splits/split_026/models/selected4/lightgbm/training_summary.json,0.8719346049046321,0.9142857142857144,0.8926080892608089,320,47,30,25,split_026,split_026,output/all_satisfying_primordia_splits/split_026/neighbor_pairs_train.csv,output/all_satisfying_primordia_splits/split_026/neighbor_pairs_test.csv,output/all_satisfying_primordia_splits/split_026/primordium_assignment.csv,5254,2319,7573,7624,51,exception_label,1,0.6937805361151459,0.3062194638848541,8,4,sample1;sample11;sample12;sample2;sample4;sample5;sample8;sample9,sample10;sample3;sample6;sample7,764,350,1114,4490,1969,0.14541301865245526,0.15092712376024148,0.005514105107786216
all,lr,49,0.5829145728643216,"{""lr_C"": 1.0}",output/all_satisfying_primordia_splits/split_027/models/all/lr/hyperparameter_search_train_cv.csv,0.95437978228471,0.992696704311105,0.9393939393939394,0.9526248399487836,0.9459631277813098,output/all_satisfying_primordia_splits/split_027/models/all/lr/training_summary.json,0.9294117647058824,0.948948948948949,0.9390787518573552,316,24,17,26,split_027,split_027,output/all_satisfying_primordia_splits/split_027/neighbor_pairs_train.csv,output/all_satisfying_primordia_splits/split_027/neighbor_pairs_test.csv,output/all_satisfying_primordia_splits/split_027/primordium_assignment.csv,5350,2223,7573,7624,51,exception_label,1,0.7064571504027466,0.2935428495972534,8,4,sample1;sample12;sample2;sample3;sample4;sample5;sample7;sample9,sample10;sample11;sample6;sample8,781,333,1114,4569,1890,0.14598130841121496,0.14979757085020243,0.003816262438987472
all,svm,49,0.2060301507537688,"{""svm_C"": 1.0, ""svm_calib_method"": ""sigmoid""}",output/all_satisfying_primordia_splits/split_027/models/all/svm/hyperparameter_search_train_cv.csv,0.9543000307524464,0.9926319692163604,0.935929648241206,0.9539052496798976,0.9448319594166136,output/all_satisfying_primordia_splits/split_027/models/all/svm/training_summary.json,0.927536231884058,0.960960960960961,0.943952802359882,320,25,13,26,split_027,split_027,output/all_satisfying_primordia_splits/split_027/neighbor_pairs_train.csv,output/all_satisfying_primordia_splits/split_027/neighbor_pairs_test.csv,output/all_satisfying_primordia_splits/split_027/primordium_assignment.csv,5350,2223,7573,7624,51,exception_label,1,0.7064571504027466,0.2935428495972534,8,4,sample1;sample12;sample2;sample3;sample4;sample5;sample7;sample9,sample10;sample11;sample6;sample8,781,333,1114,4569,1890,0.14598130841121496,0.14979757085020243,0.003816262438987472
all,xgboost,49,0.2110552763819095,"{""xgb_colsample_bytree"": 0.8, ""xgb_gamma"": 0.0, ""xgb_learning_rate"": 0.05, ""xgb_max_depth"": 4, ""xgb_min_child_weight"": 1.0, ""xgb_n_estimators"": 600, ""xgb_reg_alpha"": 0.0, ""xgb_reg_lambda"": 1.0, ""xgb_subsample"": 0.8}",output/all_satisfying_primordia_splits/split_027/models/all/xgboost/hyperparameter_search_train_cv.csv,0.9383577756396166,0.9913452541188756,0.9387755102040816,0.942381562099872,0.9405750798722046,output/all_satisfying_primordia_splits/split_027/models/all/xgboost/training_summary.json,0.927710843373494,0.924924924924925,0.9263157894736842,308,24,25,26,split_027,split_027,output/all_satisfying_primordia_splits/split_027/neighbor_pairs_train.csv,output/all_satisfying_primordia_splits/split_027/neighbor_pairs_test.csv,output/all_satisfying_primordia_splits/split_027/primordium_assignment.csv,5350,2223,7573,7624,51,exception_label,1,0.7064571504027466,0.2935428495972534,8,4,sample1;sample12;sample2;sample3;sample4;sample5;sample7;sample9,sample10;sample11;sample6;sample8,781,333,1114,4569,1890,0.14598130841121496,0.14979757085020243,0.003816262438987472
all,lightgbm,49,0.0954773869346733,"{""lgbm_colsample_bytree"": 0.8, ""lgbm_learning_rate"": 0.02, ""lgbm_max_depth"": -1, ""lgbm_min_child_samples"": 20, ""lgbm_n_estimators"": 1500, ""lgbm_num_leaves"": 63, ""lgbm_reg_alpha"": 0.0, ""lgbm_reg_lambda"": 1.0, ""lgbm_subsample"": 0.8}",output/all_satisfying_primordia_splits/split_027/models/all/lightgbm/hyperparameter_search_train_cv.csv,0.9394464999589264,0.990570815009238,0.9435897435897436,0.942381562099872,0.9429852658552212,output/all_satisfying_primordia_splits/split_027/models/all/lightgbm/training_summary.json,0.946268656716418,0.951951951951952,0.9491017964071856,317,18,16,26,split_027,split_027,output/all_satisfying_primordia_splits/split_027/neighbor_pairs_train.csv,output/all_satisfying_primordia_splits/split_027/neighbor_pairs_test.csv,output/all_satisfying_primordia_splits/split_027/primordium_assignment.csv,5350,2223,7573,7624,51,exception_label,1,0.7064571504027466,0.2935428495972534,8,4,sample1;sample12;sample2;sample3;sample4;sample5;sample7;sample9,sample10;sample11;sample6;sample8,781,333,1114,4569,1890,0.14598130841121496,0.14979757085020243,0.003816262438987472
selected4,lr,4,0.4623115577889447,"{""lr_C"": 1.0}",output/all_satisfying_primordia_splits/split_027/models/selected4/lr/hyperparameter_search_train_cv.csv,0.9386146440749422,0.9909300807731444,0.9295426452410384,0.9628681177976952,0.9459119496855346,output/all_satisfying_primordia_splits/split_027/models/selected4/lr/training_summary.json,0.8942857142857142,0.93993993993994,0.9165446559297218,313,37,20,26,split_027,split_027,output/all_satisfying_primordia_splits/split_027/neighbor_pairs_train.csv,output/all_satisfying_primordia_splits/split_027/neighbor_pairs_test.csv,output/all_satisfying_primordia_splits/split_027/primordium_assignment.csv,5350,2223,7573,7624,51,exception_label,1,0.7064571504027466,0.2935428495972534,8,4,sample1;sample12;sample2;sample3;sample4;sample5;sample7;sample9,sample10;sample11;sample6;sample8,781,333,1114,4569,1890,0.14598130841121496,0.14979757085020243,0.003816262438987472
selected4,svm,4,0.1407035175879397,"{""svm_C"": 1.0, ""svm_calib_method"": ""sigmoid""}",output/all_satisfying_primordia_splits/split_027/models/selected4/svm/hyperparameter_search_train_cv.csv,0.9374520818831472,0.9908527349456576,0.9281288723667904,0.9590268886043534,0.9433249370277078,output/all_satisfying_primordia_splits/split_027/models/selected4/svm/training_summary.json,0.9111747851002864,0.954954954954955,0.9325513196480938,318,31,15,26,split_027,split_027,output/all_satisfying_primordia_splits/split_027/neighbor_pairs_train.csv,output/all_satisfying_primordia_splits/split_027/neighbor_pairs_test.csv,output/all_satisfying_primordia_splits/split_027/primordium_assignment.csv,5350,2223,7573,7624,51,exception_label,1,0.7064571504027466,0.2935428495972534,8,4,sample1;sample12;sample2;sample3;sample4;sample5;sample7;sample9,sample10;sample11;sample6;sample8,781,333,1114,4569,1890,0.14598130841121496,0.14979757085020243,0.003816262438987472
selected4,xgboost,4,0.0904522613065326,"{""xgb_colsample_bytree"": 0.8, ""xgb_gamma"": 0.0, ""xgb_learning_rate"": 0.05, ""xgb_max_depth"": 4, ""xgb_min_child_weight"": 1.0, ""xgb_n_estimators"": 600, ""xgb_reg_alpha"": 0.0, ""xgb_reg_lambda"": 1.0, ""xgb_subsample"": 0.8}",output/all_satisfying_primordia_splits/split_027/models/selected4/xgboost/hyperparameter_search_train_cv.csv,0.9042238827182428,0.9877294768031176,0.9014778325123152,0.9372599231754162,0.919020715630885,output/all_satisfying_primordia_splits/split_027/models/selected4/xgboost/training_summary.json,0.884180790960452,0.93993993993994,0.911208151382824,313,41,20,26,split_027,split_027,output/all_satisfying_primordia_splits/split_027/neighbor_pairs_train.csv,output/all_satisfying_primordia_splits/split_027/neighbor_pairs_test.csv,output/all_satisfying_primordia_splits/split_027/primordium_assignment.csv,5350,2223,7573,7624,51,exception_label,1,0.7064571504027466,0.2935428495972534,8,4,sample1;sample12;sample2;sample3;sample4;sample5;sample7;sample9,sample10;sample11;sample6;sample8,781,333,1114,4569,1890,0.14598130841121496,0.14979757085020243,0.003816262438987472
selected4,lightgbm,4,0.0201005025125628,"{""lgbm_colsample_bytree"": 0.8, ""lgbm_learning_rate"": 0.02, ""lgbm_max_depth"": -1, ""lgbm_min_child_samples"": 20, ""lgbm_n_estimators"": 1500, ""lgbm_num_leaves"": 63, ""lgbm_reg_alpha"": 0.0, ""lgbm_reg_lambda"": 1.0, ""lgbm_subsample"": 0.8}",output/all_satisfying_primordia_splits/split_027/models/selected4/lightgbm/hyperparameter_search_train_cv.csv,0.9003631854077105,0.986089521069592,0.9031446540880504,0.9193341869398208,0.9111675126903552,output/all_satisfying_primordia_splits/split_027/models/selected4/lightgbm/training_summary.json,0.9020172910662824,0.93993993993994,0.9205882352941176,313,34,20,26,split_027,split_027,output/all_satisfying_primordia_splits/split_027/neighbor_pairs_train.csv,output/all_satisfying_primordia_splits/split_027/neighbor_pairs_test.csv,output/all_satisfying_primordia_splits/split_027/primordium_assignment.csv,5350,2223,7573,7624,51,exception_label,1,0.7064571504027466,0.2935428495972534,8,4,sample1;sample12;sample2;sample3;sample4;sample5;sample7;sample9,sample10;sample11;sample6;sample8,781,333,1114,4569,1890,0.14598130841121496,0.14979757085020243,0.003816262438987472
all,lr,49,0.5276381909547738,"{""lr_C"": 1.0}",output/all_satisfying_primordia_splits/split_028/models/all/lr/hyperparameter_search_train_cv.csv,0.9541752095465992,0.9929791563311116,0.9419924337957124,0.9613899613899614,0.951592356687898,output/all_satisfying_primordia_splits/split_028/models/all/lr/training_summary.json,0.9248554913294798,0.9495548961424332,0.9370424597364568,320,26,17,27,split_028,split_028,output/all_satisfying_primordia_splits/split_028/neighbor_pairs_train.csv,output/all_satisfying_primordia_splits/split_028/neighbor_pairs_test.csv,output/all_satisfying_primordia_splits/split_028/primordium_assignment.csv,5252,2321,7573,7624,51,exception_label,1,0.6935164399841542,0.30648356001584576,8,4,sample1;sample10;sample12;sample2;sample3;sample4;sample5;sample8,sample11;sample6;sample7;sample9,777,337,1114,4475,1984,0.14794364051789793,0.14519603619129687,0.0027476043266010663
all,svm,49,0.1959798994974874,"{""svm_C"": 1.0, ""svm_calib_method"": ""sigmoid""}",output/all_satisfying_primordia_splits/split_028/models/all/svm/hyperparameter_search_train_cv.csv,0.9538004897369996,0.9928911513269056,0.9335839598997494,0.9588159588159588,0.946031746031746,output/all_satisfying_primordia_splits/split_028/models/all/svm/training_summary.json,0.9283667621776504,0.9614243323442137,0.9446064139941692,324,25,13,27,split_028,split_028,output/all_satisfying_primordia_splits/split_028/neighbor_pairs_train.csv,output/all_satisfying_primordia_splits/split_028/neighbor_pairs_test.csv,output/all_satisfying_primordia_splits/split_028/primordium_assignment.csv,5252,2321,7573,7624,51,exception_label,1,0.6935164399841542,0.30648356001584576,8,4,sample1;sample10;sample12;sample2;sample3;sample4;sample5;sample8,sample11;sample6;sample7;sample9,777,337,1114,4475,1984,0.14794364051789793,0.14519603619129687,0.0027476043266010663
all,xgboost,49,0.050251256281407,"{""xgb_colsample_bytree"": 0.8, ""xgb_gamma"": 0.0, ""xgb_learning_rate"": 0.05, ""xgb_max_depth"": 4, ""xgb_min_child_weight"": 1.0, ""xgb_n_estimators"": 600, ""xgb_reg_alpha"": 0.0, ""xgb_reg_lambda"": 1.0, ""xgb_subsample"": 0.8}",output/all_satisfying_primordia_splits/split_028/models/all/xgboost/hyperparameter_search_train_cv.csv,0.938655082538446,0.991990394225031,0.93,0.9575289575289576,0.9435637285986048,output/all_satisfying_primordia_splits/split_028/models/all/xgboost/training_summary.json,0.9232954545454546,0.9643916913946587,0.9433962264150944,325,27,12,27,split_028,split_028,output/all_satisfying_primordia_splits/split_028/neighbor_pairs_train.csv,output/all_satisfying_primordia_splits/split_028/neighbor_pairs_test.csv,output/all_satisfying_primordia_splits/split_028/primordium_assignment.csv,5252,2321,7573,7624,51,exception_label,1,0.6935164399841542,0.30648356001584576,8,4,sample1;sample10;sample12;sample2;sample3;sample4;sample5;sample8,sample11;sample6;sample7;sample9,777,337,1114,4475,1984,0.14794364051789793,0.14519603619129687,0.0027476043266010663
all,lightgbm,49,0.1809045226130653,"{""lgbm_colsample_bytree"": 0.8, ""lgbm_learning_rate"": 0.02, ""lgbm_max_depth"": -1, ""lgbm_min_child_samples"": 20, ""lgbm_n_estimators"": 1500, ""lgbm_num_leaves"": 63, ""lgbm_reg_alpha"": 0.0, ""lgbm_reg_lambda"": 1.0, ""lgbm_subsample"": 0.8}",output/all_satisfying_primordia_splits/split_028/models/all/lightgbm/hyperparameter_search_train_cv.csv,0.9405596333483986,0.9921675546256552,0.9454545454545454,0.9369369369369368,0.9411764705882352,output/all_satisfying_primordia_splits/split_028/models/all/lightgbm/training_summary.json,0.933933933933934,0.9228486646884272,0.9283582089552238,311,22,26,27,split_028,split_028,output/all_satisfying_primordia_splits/split_028/neighbor_pairs_train.csv,output/all_satisfying_primordia_splits/split_028/neighbor_pairs_test.csv,output/all_satisfying_primordia_splits/split_028/primordium_assignment.csv,5252,2321,7573,7624,51,exception_label,1,0.6935164399841542,0.30648356001584576,8,4,sample1;sample10;sample12;sample2;sample3;sample4;sample5;sample8,sample11;sample6;sample7;sample9,777,337,1114,4475,1984,0.14794364051789793,0.14519603619129687,0.0027476043266010663
selected4,lr,4,0.5678391959798995,"{""lr_C"": 1.0}",output/all_satisfying_primordia_splits/split_028/models/selected4/lr/hyperparameter_search_train_cv.csv,0.9372995131948262,0.9907284139686374,0.9307304785894208,0.9510939510939512,0.9408020369191598,output/all_satisfying_primordia_splits/split_028/models/selected4/lr/training_summary.json,0.935103244837758,0.940652818991098,0.937869822485207,317,22,20,27,split_028,split_028,output/all_satisfying_primordia_splits/split_028/neighbor_pairs_train.csv,output/all_satisfying_primordia_splits/split_028/neighbor_pairs_test.csv,output/all_satisfying_primordia_splits/split_028/primordium_assignment.csv,5252,2321,7573,7624,51,exception_label,1,0.6935164399841542,0.30648356001584576,8,4,sample1;sample10;sample12;sample2;sample3;sample4;sample5;sample8,sample11;sample6;sample7;sample9,777,337,1114,4475,1984,0.14794364051789793,0.14519603619129687,0.0027476043266010663
selected4,svm,4,0.1557788944723618,"{""svm_C"": 1.0, ""svm_calib_method"": ""sigmoid""}",output/all_satisfying_primordia_splits/split_028/models/selected4/svm/hyperparameter_search_train_cv.csv,0.9366146616604532,0.9906809602898988,0.9207920792079208,0.9575289575289576,0.9388012618296532,output/all_satisfying_primordia_splits/split_028/models/selected4/svm/training_summary.json,0.9281609195402298,0.9584569732937686,0.9430656934306568,323,25,14,27,split_028,split_028,output/all_satisfying_primordia_splits/split_028/neighbor_pairs_train.csv,output/all_satisfying_primordia_splits/split_028/neighbor_pairs_test.csv,output/all_satisfying_primordia_splits/split_028/primordium_assignment.csv,5252,2321,7573,7624,51,exception_label,1,0.6935164399841542,0.30648356001584576,8,4,sample1;sample10;sample12;sample2;sample3;sample4;sample5;sample8,sample11;sample6;sample7;sample9,777,337,1114,4475,1984,0.14794364051789793,0.14519603619129687,0.0027476043266010663
selected4,xgboost,4,0.0904522613065326,"{""xgb_colsample_bytree"": 0.8, ""xgb_gamma"": 0.0, ""xgb_learning_rate"": 0.05, ""xgb_max_depth"": 4, ""xgb_min_child_weight"": 1.0, ""xgb_n_estimators"": 600, ""xgb_reg_alpha"": 0.0, ""xgb_reg_lambda"": 1.0, ""xgb_subsample"": 0.8}",output/all_satisfying_primordia_splits/split_028/models/selected4/xgboost/hyperparameter_search_train_cv.csv,0.9262641424900449,0.989465858516138,0.9122373300370828,0.9498069498069498,0.9306431273644388,output/all_satisfying_primordia_splits/split_028/models/selected4/xgboost/training_summary.json,0.8882521489971347,0.9198813056379822,0.9037900874635568,310,39,27,27,split_028,split_028,output/all_satisfying_primordia_splits/split_028/neighbor_pairs_train.csv,output/all_satisfying_primordia_splits/split_028/neighbor_pairs_test.csv,output/all_satisfying_primordia_splits/split_028/primordium_assignment.csv,5252,2321,7573,7624,51,exception_label,1,0.6935164399841542,0.30648356001584576,8,4,sample1;sample10;sample12;sample2;sample3;sample4;sample5;sample8,sample11;sample6;sample7;sample9,777,337,1114,4475,1984,0.14794364051789793,0.14519603619129687,0.0027476043266010663
selected4,lightgbm,4,0.0201005025125628,"{""lgbm_colsample_bytree"": 0.8, ""lgbm_learning_rate"": 0.02, ""lgbm_max_depth"": -1, ""lgbm_min_child_samples"": 20, ""lgbm_n_estimators"": 1500, ""lgbm_num_leaves"": 63, ""lgbm_reg_alpha"": 0.0, ""lgbm_reg_lambda"": 1.0, ""lgbm_subsample"": 0.8}",output/all_satisfying_primordia_splits/split_028/models/selected4/lightgbm/hyperparameter_search_train_cv.csv,0.9189348460012214,0.9876873521566258,0.9178255372945638,0.9343629343629344,0.9260204081632653,output/all_satisfying_primordia_splits/split_028/models/selected4/lightgbm/training_summary.json,0.884393063583815,0.9080118694362018,0.8960468521229868,306,40,31,27,split_028,split_028,output/all_satisfying_primordia_splits/split_028/neighbor_pairs_train.csv,output/all_satisfying_primordia_splits/split_028/neighbor_pairs_test.csv,output/all_satisfying_primordia_splits/split_028/primordium_assignment.csv,5252,2321,7573,7624,51,exception_label,1,0.6935164399841542,0.30648356001584576,8,4,sample1;sample10;sample12;sample2;sample3;sample4;sample5;sample8,sample11;sample6;sample7;sample9,777,337,1114,4475,1984,0.14794364051789793,0.14519603619129687,0.0027476043266010663
all,lr,49,0.4874371859296482,"{""lr_C"": 1.0}",output/all_satisfying_primordia_splits/split_029/models/all/lr/hyperparameter_search_train_cv.csv,0.950085375186577,0.9923243803755628,0.92875,0.9624352331606216,0.94529262086514,output/all_satisfying_primordia_splits/split_029/models/all/lr/training_summary.json,0.9563953488372092,0.9619883040935672,0.959183673469388,329,15,13,28,split_029,split_029,output/all_satisfying_primordia_splits/split_029/neighbor_pairs_train.csv,output/all_satisfying_primordia_splits/split_029/neighbor_pairs_test.csv,output/all_satisfying_primordia_splits/split_029/primordium_assignment.csv,5354,2219,7573,7624,51,exception_label,1,0.70698534266473,0.29301465733527005,8,4,sample1;sample10;sample12;sample3;sample4;sample5;sample6;sample8,sample11;sample2;sample7;sample9,772,342,1114,4582,1877,0.1441912588718715,0.15412347904461468,0.009932220172743172
all,svm,49,0.2110552763819095,"{""svm_C"": 1.0, ""svm_calib_method"": ""sigmoid""}",output/all_satisfying_primordia_splits/split_029/models/all/svm/hyperparameter_search_train_cv.csv,0.9512470197642684,0.992416823660053,0.939820742637644,0.9507772020725388,0.945267224726336,output/all_satisfying_primordia_splits/split_029/models/all/svm/training_summary.json,0.952802359882006,0.9444444444444444,0.948604992657856,323,16,19,28,split_029,split_029,output/all_satisfying_primordia_splits/split_029/neighbor_pairs_train.csv,output/all_satisfying_primordia_splits/split_029/neighbor_pairs_test.csv,output/all_satisfying_primordia_splits/split_029/primordium_assignment.csv,5354,2219,7573,7624,51,exception_label,1,0.70698534266473,0.29301465733527005,8,4,sample1;sample10;sample12;sample3;sample4;sample5;sample6;sample8,sample11;sample2;sample7;sample9,772,342,1114,4582,1877,0.1441912588718715,0.15412347904461468,0.009932220172743172
all,xgboost,49,0.0804020100502512,"{""xgb_colsample_bytree"": 0.8, ""xgb_gamma"": 0.0, ""xgb_learning_rate"": 0.05, ""xgb_max_depth"": 4, ""xgb_min_child_weight"": 1.0, ""xgb_n_estimators"": 600, ""xgb_reg_alpha"": 0.0, ""xgb_reg_lambda"": 1.0, ""xgb_subsample"": 0.8}",output/all_satisfying_primordia_splits/split_029/models/all/xgboost/hyperparameter_search_train_cv.csv,0.940071856785156,0.9909831046469288,0.9339263024142312,0.9520725388601036,0.9429121231558693,output/all_satisfying_primordia_splits/split_029/models/all/xgboost/training_summary.json,0.9502923976608189,0.9502923976608189,0.9502923976608189,325,17,17,28,split_029,split_029,output/all_satisfying_primordia_splits/split_029/neighbor_pairs_train.csv,output/all_satisfying_primordia_splits/split_029/neighbor_pairs_test.csv,output/all_satisfying_primordia_splits/split_029/primordium_assignment.csv,5354,2219,7573,7624,51,exception_label,1,0.70698534266473,0.29301465733527005,8,4,sample1;sample10;sample12;sample3;sample4;sample5;sample6;sample8,sample11;sample2;sample7;sample9,772,342,1114,4582,1877,0.1441912588718715,0.15412347904461468,0.009932220172743172
all,lightgbm,49,0.1155778894472361,"{""lgbm_colsample_bytree"": 0.8, ""lgbm_learning_rate"": 0.02, ""lgbm_max_depth"": -1, ""lgbm_min_child_samples"": 20, ""lgbm_n_estimators"": 1500, ""lgbm_num_leaves"": 63, ""lgbm_reg_alpha"": 0.0, ""lgbm_reg_lambda"": 1.0, ""lgbm_subsample"": 0.8}",output/all_satisfying_primordia_splits/split_029/models/all/lightgbm/hyperparameter_search_train_cv.csv,0.937080082857894,0.9902626407003752,0.9452411994784876,0.939119170984456,0.9421702404158544,output/all_satisfying_primordia_splits/split_029/models/all/lightgbm/training_summary.json,0.9637462235649548,0.932748538011696,0.9479940564635958,319,12,23,28,split_029,split_029,output/all_satisfying_primordia_splits/split_029/neighbor_pairs_train.csv,output/all_satisfying_primordia_splits/split_029/neighbor_pairs_test.csv,output/all_satisfying_primordia_splits/split_029/primordium_assignment.csv,5354,2219,7573,7624,51,exception_label,1,0.70698534266473,0.29301465733527005,8,4,sample1;sample10;sample12;sample3;sample4;sample5;sample6;sample8,sample11;sample2;sample7;sample9,772,342,1114,4582,1877,0.1441912588718715,0.15412347904461468,0.009932220172743172
selected4,lr,4,0.5628140703517588,"{""lr_C"": 1.0}",output/all_satisfying_primordia_splits/split_029/models/selected4/lr/hyperparameter_search_train_cv.csv,0.9312746036208408,0.9902227798345858,0.9275730622617536,0.9455958549222798,0.9364977549711352,output/all_satisfying_primordia_splits/split_029/models/selected4/lr/training_summary.json,0.9552238805970148,0.935672514619883,0.9453471196454948,320,15,22,28,split_029,split_029,output/all_satisfying_primordia_splits/split_029/neighbor_pairs_train.csv,output/all_satisfying_primordia_splits/split_029/neighbor_pairs_test.csv,output/all_satisfying_primordia_splits/split_029/primordium_assignment.csv,5354,2219,7573,7624,51,exception_label,1,0.70698534266473,0.29301465733527005,8,4,sample1;sample10;sample12;sample3;sample4;sample5;sample6;sample8,sample11;sample2;sample7;sample9,772,342,1114,4582,1877,0.1441912588718715,0.15412347904461468,0.009932220172743172
selected4,svm,4,0.2462311557788944,"{""svm_C"": 1.0, ""svm_calib_method"": ""sigmoid""}",output/all_satisfying_primordia_splits/split_029/models/selected4/svm/hyperparameter_search_train_cv.csv,0.9308997810271484,0.9901914000040708,0.935483870967742,0.939119170984456,0.9372979961215256,output/all_satisfying_primordia_splits/split_029/models/selected4/svm/training_summary.json,0.9574468085106383,0.9210526315789472,0.9388971684053652,315,14,27,28,split_029,split_029,output/all_satisfying_primordia_splits/split_029/neighbor_pairs_train.csv,output/all_satisfying_primordia_splits/split_029/neighbor_pairs_test.csv,output/all_satisfying_primordia_splits/split_029/primordium_assignment.csv,5354,2219,7573,7624,51,exception_label,1,0.70698534266473,0.29301465733527005,8,4,sample1;sample10;sample12;sample3;sample4;sample5;sample6;sample8,sample11;sample2;sample7;sample9,772,342,1114,4582,1877,0.1441912588718715,0.15412347904461468,0.009932220172743172
selected4,xgboost,4,0.2160804020100502,"{""xgb_colsample_bytree"": 0.8, ""xgb_gamma"": 0.0, ""xgb_learning_rate"": 0.05, ""xgb_max_depth"": 4, ""xgb_min_child_weight"": 1.0, ""xgb_n_estimators"": 600, ""xgb_reg_alpha"": 0.0, ""xgb_reg_lambda"": 1.0, ""xgb_subsample"": 0.8}",output/all_satisfying_primordia_splits/split_029/models/selected4/xgboost/hyperparameter_search_train_cv.csv,0.9107830345902196,0.9877618660991536,0.9188846641318124,0.939119170984456,0.928891736066624,output/all_satisfying_primordia_splits/split_029/models/selected4/xgboost/training_summary.json,0.9317507418397626,0.9181286549707602,0.9248895434462444,314,23,28,28,split_029,split_029,output/all_satisfying_primordia_splits/split_029/neighbor_pairs_train.csv,output/all_satisfying_primordia_splits/split_029/neighbor_pairs_test.csv,output/all_satisfying_primordia_splits/split_029/primordium_assignment.csv,5354,2219,7573,7624,51,exception_label,1,0.70698534266473,0.29301465733527005,8,4,sample1;sample10;sample12;sample3;sample4;sample5;sample6;sample8,sample11;sample2;sample7;sample9,772,342,1114,4582,1877,0.1441912588718715,0.15412347904461468,0.009932220172743172
selected4,lightgbm,4,0.0402010050251256,"{""lgbm_colsample_bytree"": 0.8, ""lgbm_learning_rate"": 0.02, ""lgbm_max_depth"": -1, ""lgbm_min_child_samples"": 20, ""lgbm_n_estimators"": 1500, ""lgbm_num_leaves"": 63, ""lgbm_reg_alpha"": 0.0, ""lgbm_reg_lambda"": 1.0, ""lgbm_subsample"": 0.8}",output/all_satisfying_primordia_splits/split_029/models/selected4/lightgbm/hyperparameter_search_train_cv.csv,0.9065396742702968,0.9860566126066632,0.9166666666666666,0.9404145077720208,0.9283887468030688,output/all_satisfying_primordia_splits/split_029/models/selected4/lightgbm/training_summary.json,0.934131736526946,0.912280701754386,0.923076923076923,312,22,30,28,split_029,split_029,output/all_satisfying_primordia_splits/split_029/neighbor_pairs_train.csv,output/all_satisfying_primordia_splits/split_029/neighbor_pairs_test.csv,output/all_satisfying_primordia_splits/split_029/primordium_assignment.csv,5354,2219,7573,7624,51,exception_label,1,0.70698534266473,0.29301465733527005,8,4,sample1;sample10;sample12;sample3;sample4;sample5;sample6;sample8,sample11;sample2;sample7;sample9,772,342,1114,4582,1877,0.1441912588718715,0.15412347904461468,0.009932220172743172
all,lr,49,0.4120603015075377,"{""lr_C"": 1.0}",output/all_satisfying_primordia_splits/split_030/models/all/lr/hyperparameter_search_train_cv.csv,0.953485579921422,0.9927205782433252,0.9281288723667904,0.9627249357326478,0.9451104100946373,output/all_satisfying_primordia_splits/split_030/models/all/lr/training_summary.json,0.936231884057971,0.9613095238095238,0.948604992657856,323,22,13,29,split_030,split_030,output/all_satisfying_primordia_splits/split_030/neighbor_pairs_train.csv,output/all_satisfying_primordia_splits/split_030/neighbor_pairs_test.csv,output/all_satisfying_primordia_splits/split_030/primordium_assignment.csv,5356,2217,7573,7624,51,exception_label,1,0.7072494387957217,0.29275056120427834,8,4,sample1;sample10;sample12;sample2;sample3;sample4;sample8;sample9,sample11;sample5;sample6;sample7,778,336,1114,4578,1881,0.14525765496639284,0.15155615696887687,0.006298502002484024
all,svm,49,0.2010050251256281,"{""svm_C"": 1.0, ""svm_calib_method"": ""sigmoid""}",output/all_satisfying_primordia_splits/split_030/models/all/svm/hyperparameter_search_train_cv.csv,0.9533989744502032,0.9926675134571172,0.926065162907268,0.9498714652956298,0.9378172588832488,output/all_satisfying_primordia_splits/split_030/models/all/svm/training_summary.json,0.9472140762463344,0.9613095238095238,0.9542097488921716,323,18,13,29,split_030,split_030,output/all_satisfying_primordia_splits/split_030/neighbor_pairs_train.csv,output/all_satisfying_primordia_splits/split_030/neighbor_pairs_test.csv,output/all_satisfying_primordia_splits/split_030/primordium_assignment.csv,5356,2217,7573,7624,51,exception_label,1,0.7072494387957217,0.29275056120427834,8,4,sample1;sample10;sample12;sample2;sample3;sample4;sample8;sample9,sample11;sample5;sample6;sample7,778,336,1114,4578,1881,0.14525765496639284,0.15155615696887687,0.006298502002484024
all,xgboost,49,0.0552763819095477,"{""xgb_colsample_bytree"": 0.8, ""xgb_gamma"": 0.0, ""xgb_learning_rate"": 0.05, ""xgb_max_depth"": 4, ""xgb_min_child_weight"": 1.0, ""xgb_n_estimators"": 600, ""xgb_reg_alpha"": 0.0, ""xgb_reg_lambda"": 1.0, ""xgb_subsample"": 0.8}",output/all_satisfying_primordia_splits/split_030/models/all/xgboost/hyperparameter_search_train_cv.csv,0.9415454120452073,0.9917336855262848,0.925280199252802,0.9550128534704372,0.939911448450348,output/all_satisfying_primordia_splits/split_030/models/all/xgboost/training_summary.json,0.9523809523809524,0.9523809523809524,0.9523809523809524,320,16,16,29,split_030,split_030,output/all_satisfying_primordia_splits/split_030/neighbor_pairs_train.csv,output/all_satisfying_primordia_splits/split_030/neighbor_pairs_test.csv,output/all_satisfying_primordia_splits/split_030/primordium_assignment.csv,5356,2217,7573,7624,51,exception_label,1,0.7072494387957217,0.29275056120427834,8,4,sample1;sample10;sample12;sample2;sample3;sample4;sample8;sample9,sample11;sample5;sample6;sample7,778,336,1114,4578,1881,0.14525765496639284,0.15155615696887687,0.006298502002484024
all,lightgbm,49,0.0452261306532663,"{""lgbm_colsample_bytree"": 0.8, ""lgbm_learning_rate"": 0.02, ""lgbm_max_depth"": -1, ""lgbm_min_child_samples"": 20, ""lgbm_n_estimators"": 1500, ""lgbm_num_leaves"": 63, ""lgbm_reg_alpha"": 0.0, ""lgbm_reg_lambda"": 1.0, ""lgbm_subsample"": 0.8}",output/all_satisfying_primordia_splits/split_030/models/all/lightgbm/hyperparameter_search_train_cv.csv,0.9404666442022604,0.9914051892307122,0.9316455696202532,0.9460154241645244,0.9387755102040816,output/all_satisfying_primordia_splits/split_030/models/all/lightgbm/training_summary.json,0.9457831325301204,0.9345238095238096,0.940119760479042,314,18,22,29,split_030,split_030,output/all_satisfying_primordia_splits/split_030/neighbor_pairs_train.csv,output/all_satisfying_primordia_splits/split_030/neighbor_pairs_test.csv,output/all_satisfying_primordia_splits/split_030/primordium_assignment.csv,5356,2217,7573,7624,51,exception_label,1,0.7072494387957217,0.29275056120427834,8,4,sample1;sample10;sample12;sample2;sample3;sample4;sample8;sample9,sample11;sample5;sample6;sample7,778,336,1114,4578,1881,0.14525765496639284,0.15155615696887687,0.006298502002484024
selected4,lr,4,0.5125628140703518,"{""lr_C"": 1.0}",output/all_satisfying_primordia_splits/split_030/models/selected4/lr/hyperparameter_search_train_cv.csv,0.936068583731056,0.990724893056206,0.9228855721393034,0.9537275064267352,0.9380530973451328,output/all_satisfying_primordia_splits/split_030/models/selected4/lr/training_summary.json,0.9345238095238096,0.9345238095238096,0.9345238095238096,314,22,22,29,split_030,split_030,output/all_satisfying_primordia_splits/split_030/neighbor_pairs_train.csv,output/all_satisfying_primordia_splits/split_030/neighbor_pairs_test.csv,output/all_satisfying_primordia_splits/split_030/primordium_assignment.csv,5356,2217,7573,7624,51,exception_label,1,0.7072494387957217,0.29275056120427834,8,4,sample1;sample10;sample12;sample2;sample3;sample4;sample8;sample9,sample11;sample5;sample6;sample7,778,336,1114,4578,1881,0.14525765496639284,0.15155615696887687,0.006298502002484024
selected4,svm,4,0.1909547738693467,"{""svm_C"": 1.0, ""svm_calib_method"": ""sigmoid""}",output/all_satisfying_primordia_splits/split_030/models/selected4/svm/hyperparameter_search_train_cv.csv,0.935701105054467,0.99072208539556,0.9224030037546934,0.9473007712082262,0.9346861128725428,output/all_satisfying_primordia_splits/split_030/models/selected4/svm/training_summary.json,0.9492537313432836,0.9464285714285714,0.947839046199702,318,17,18,29,split_030,split_030,output/all_satisfying_primordia_splits/split_030/neighbor_pairs_train.csv,output/all_satisfying_primordia_splits/split_030/neighbor_pairs_test.csv,output/all_satisfying_primordia_splits/split_030/primordium_assignment.csv,5356,2217,7573,7624,51,exception_label,1,0.7072494387957217,0.29275056120427834,8,4,sample1;sample10;sample12;sample2;sample3;sample4;sample8;sample9,sample11;sample5;sample6;sample7,778,336,1114,4578,1881,0.14525765496639284,0.15155615696887687,0.006298502002484024
selected4,xgboost,4,0.3165829145728643,"{""xgb_colsample_bytree"": 0.8, ""xgb_gamma"": 0.0, ""xgb_learning_rate"": 0.05, ""xgb_max_depth"": 4, ""xgb_min_child_weight"": 1.0, ""xgb_n_estimators"": 600, ""xgb_reg_alpha"": 0.0, ""xgb_reg_lambda"": 1.0, ""xgb_subsample"": 0.8}",output/all_satisfying_primordia_splits/split_030/models/selected4/xgboost/hyperparameter_search_train_cv.csv,0.9199124142387208,0.9887645843932252,0.9244558258642764,0.9280205655526992,0.9262347658755612,output/all_satisfying_primordia_splits/split_030/models/selected4/xgboost/training_summary.json,0.9395770392749244,0.925595238095238,0.9325337331334332,311,20,25,29,split_030,split_030,output/all_satisfying_primordia_splits/split_030/neighbor_pairs_train.csv,output/all_satisfying_primordia_splits/split_030/neighbor_pairs_test.csv,output/all_satisfying_primordia_splits/split_030/primordium_assignment.csv,5356,2217,7573,7624,51,exception_label,1,0.7072494387957217,0.29275056120427834,8,4,sample1;sample10;sample12;sample2;sample3;sample4;sample8;sample9,sample11;sample5;sample6;sample7,778,336,1114,4578,1881,0.14525765496639284,0.15155615696887687,0.006298502002484024
selected4,lightgbm,4,0.0201005025125628,"{""lgbm_colsample_bytree"": 0.8, ""lgbm_learning_rate"": 0.02, ""lgbm_max_depth"": -1, ""lgbm_min_child_samples"": 20, ""lgbm_n_estimators"": 1500, ""lgbm_num_leaves"": 63, ""lgbm_reg_alpha"": 0.0, ""lgbm_reg_lambda"": 1.0, ""lgbm_subsample"": 0.8}",output/all_satisfying_primordia_splits/split_030/models/selected4/lightgbm/hyperparameter_search_train_cv.csv,0.9107512477275798,0.9869446587625404,0.9104477611940298,0.9408740359897172,0.9254108723135273,output/all_satisfying_primordia_splits/split_030/models/selected4/lightgbm/training_summary.json,0.911504424778761,0.9196428571428572,0.9155555555555556,309,30,27,29,split_030,split_030,output/all_satisfying_primordia_splits/split_030/neighbor_pairs_train.csv,output/all_satisfying_primordia_splits/split_030/neighbor_pairs_test.csv,output/all_satisfying_primordia_splits/split_030/primordium_assignment.csv,5356,2217,7573,7624,51,exception_label,1,0.7072494387957217,0.29275056120427834,8,4,sample1;sample10;sample12;sample2;sample3;sample4;sample8;sample9,sample11;sample5;sample6;sample7,778,336,1114,4578,1881,0.14525765496639284,0.15155615696887687,0.006298502002484024
all,lr,49,0.542713567839196,"{""lr_C"": 1.0}",output/all_satisfying_primordia_splits/split_031/models/all/lr/hyperparameter_search_train_cv.csv,0.9513509929827212,0.992416077092225,0.9341085271317828,0.9550858652575958,0.944480731548008,output/all_satisfying_primordia_splits/split_031/models/all/lr/training_summary.json,0.9392265193370166,0.9523809523809524,0.9457579972183588,340,22,17,30,split_031,split_031,output/all_satisfying_primordia_splits/split_031/neighbor_pairs_train.csv,output/all_satisfying_primordia_splits/split_031/neighbor_pairs_test.csv,output/all_satisfying_primordia_splits/split_031/primordium_assignment.csv,5244,2329,7573,7624,51,exception_label,1,0.6924600554601875,0.3075399445398125,8,4,sample1;sample10;sample11;sample3;sample4;sample5;sample7;sample9,sample12;sample2;sample6;sample8,757,357,1114,4487,1972,0.14435545385202136,0.15328467153284672,0.008929217680825358
all,svm,49,0.1809045226130653,"{""svm_C"": 1.0, ""svm_calib_method"": ""sigmoid""}",output/all_satisfying_primordia_splits/split_031/models/all/svm/hyperparameter_search_train_cv.csv,0.950919139233642,0.992334820775356,0.926829268292683,0.953764861294584,0.9401041666666669,output/all_satisfying_primordia_splits/split_031/models/all/svm/training_summary.json,0.9478021978021978,0.9663865546218487,0.957004160887656,345,19,12,30,split_031,split_031,output/all_satisfying_primordia_splits/split_031/neighbor_pairs_train.csv,output/all_satisfying_primordia_splits/split_031/neighbor_pairs_test.csv,output/all_satisfying_primordia_splits/split_031/primordium_assignment.csv,5244,2329,7573,7624,51,exception_label,1,0.6924600554601875,0.3075399445398125,8,4,sample1;sample10;sample11;sample3;sample4;sample5;sample7;sample9,sample12;sample2;sample6;sample8,757,357,1114,4487,1972,0.14435545385202136,0.15328467153284672,0.008929217680825358
all,xgboost,49,0.1557788944723618,"{""xgb_colsample_bytree"": 0.8, ""xgb_gamma"": 0.0, ""xgb_learning_rate"": 0.05, ""xgb_max_depth"": 4, ""xgb_min_child_weight"": 1.0, ""xgb_n_estimators"": 600, ""xgb_reg_alpha"": 0.0, ""xgb_reg_lambda"": 1.0, ""xgb_subsample"": 0.8}",output/all_satisfying_primordia_splits/split_031/models/all/xgboost/hyperparameter_search_train_cv.csv,0.9403109165525438,0.9911050829653492,0.9404761904761904,0.9392338177014532,0.9398545935228024,output/all_satisfying_primordia_splits/split_031/models/all/xgboost/training_summary.json,0.9439775910364144,0.9439775910364144,0.9439775910364144,337,20,20,30,split_031,split_031,output/all_satisfying_primordia_splits/split_031/neighbor_pairs_train.csv,output/all_satisfying_primordia_splits/split_031/neighbor_pairs_test.csv,output/all_satisfying_primordia_splits/split_031/primordium_assignment.csv,5244,2329,7573,7624,51,exception_label,1,0.6924600554601875,0.3075399445398125,8,4,sample1;sample10;sample11;sample3;sample4;sample5;sample7;sample9,sample12;sample2;sample6;sample8,757,357,1114,4487,1972,0.14435545385202136,0.15328467153284672,0.008929217680825358
all,lightgbm,49,0.0351758793969849,"{""lgbm_colsample_bytree"": 0.8, ""lgbm_learning_rate"": 0.02, ""lgbm_max_depth"": -1, ""lgbm_min_child_samples"": 20, ""lgbm_n_estimators"": 1500, ""lgbm_num_leaves"": 63, ""lgbm_reg_alpha"": 0.0, ""lgbm_reg_lambda"": 1.0, ""lgbm_subsample"": 0.8}",output/all_satisfying_primordia_splits/split_031/models/all/lightgbm/hyperparameter_search_train_cv.csv,0.9389183070723948,0.9907276532616316,0.9298701298701298,0.9458388375165124,0.9377865094957434,output/all_satisfying_primordia_splits/split_031/models/all/lightgbm/training_summary.json,0.9333333333333332,0.9411764705882352,0.9372384937238494,336,24,21,30,split_031,split_031,output/all_satisfying_primordia_splits/split_031/neighbor_pairs_train.csv,output/all_satisfying_primordia_splits/split_031/neighbor_pairs_test.csv,output/all_satisfying_primordia_splits/split_031/primordium_assignment.csv,5244,2329,7573,7624,51,exception_label,1,0.6924600554601875,0.3075399445398125,8,4,sample1;sample10;sample11;sample3;sample4;sample5;sample7;sample9,sample12;sample2;sample6;sample8,757,357,1114,4487,1972,0.14435545385202136,0.15328467153284672,0.008929217680825358
selected4,lr,4,0.5025125628140703,"{""lr_C"": 1.0}",output/all_satisfying_primordia_splits/split_031/models/selected4/lr/hyperparameter_search_train_cv.csv,0.9323936179321204,0.9902960526800012,0.9223918575063612,0.9577278731836196,0.9397278029812056,output/all_satisfying_primordia_splits/split_031/models/selected4/lr/training_summary.json,0.9313186813186812,0.9495798319327732,0.9403606102635228,339,25,18,30,split_031,split_031,output/all_satisfying_primordia_splits/split_031/neighbor_pairs_train.csv,output/all_satisfying_primordia_splits/split_031/neighbor_pairs_test.csv,output/all_satisfying_primordia_splits/split_031/primordium_assignment.csv,5244,2329,7573,7624,51,exception_label,1,0.6924600554601875,0.3075399445398125,8,4,sample1;sample10;sample11;sample3;sample4;sample5;sample7;sample9,sample12;sample2;sample6;sample8,757,357,1114,4487,1972,0.14435545385202136,0.15328467153284672,0.008929217680825358
selected4,svm,4,0.1959798994974874,"{""svm_C"": 1.0, ""svm_calib_method"": ""sigmoid""}",output/all_satisfying_primordia_splits/split_031/models/selected4/svm/hyperparameter_search_train_cv.csv,0.9317042660650734,0.9902889869133168,0.9337662337662338,0.9498018494055482,0.9417157825802228,output/all_satisfying_primordia_splits/split_031/models/selected4/svm/training_summary.json,0.9385474860335196,0.9411764705882352,0.9398601398601398,336,22,21,30,split_031,split_031,output/all_satisfying_primordia_splits/split_031/neighbor_pairs_train.csv,output/all_satisfying_primordia_splits/split_031/neighbor_pairs_test.csv,output/all_satisfying_primordia_splits/split_031/primordium_assignment.csv,5244,2329,7573,7624,51,exception_label,1,0.6924600554601875,0.3075399445398125,8,4,sample1;sample10;sample11;sample3;sample4;sample5;sample7;sample9,sample12;sample2;sample6;sample8,757,357,1114,4487,1972,0.14435545385202136,0.15328467153284672,0.008929217680825358
selected4,xgboost,4,0.1809045226130653,"{""xgb_colsample_bytree"": 0.8, ""xgb_gamma"": 0.0, ""xgb_learning_rate"": 0.05, ""xgb_max_depth"": 4, ""xgb_min_child_weight"": 1.0, ""xgb_n_estimators"": 600, ""xgb_reg_alpha"": 0.0, ""xgb_reg_lambda"": 1.0, ""xgb_subsample"": 0.8}",output/all_satisfying_primordia_splits/split_031/models/selected4/xgboost/hyperparameter_search_train_cv.csv,0.9081641023604674,0.9884539484240248,0.9124839124839124,0.9365918097754292,0.924380704041721,output/all_satisfying_primordia_splits/split_031/models/selected4/xgboost/training_summary.json,0.9269662921348316,0.9243697478991596,0.9256661991584856,330,26,27,30,split_031,split_031,output/all_satisfying_primordia_splits/split_031/neighbor_pairs_train.csv,output/all_satisfying_primordia_splits/split_031/neighbor_pairs_test.csv,output/all_satisfying_primordia_splits/split_031/primordium_assignment.csv,5244,2329,7573,7624,51,exception_label,1,0.6924600554601875,0.3075399445398125,8,4,sample1;sample10;sample11;sample3;sample4;sample5;sample7;sample9,sample12;sample2;sample6;sample8,757,357,1114,4487,1972,0.14435545385202136,0.15328467153284672,0.008929217680825358
selected4,lightgbm,4,0.0552763819095477,"{""lgbm_colsample_bytree"": 0.8, ""lgbm_learning_rate"": 0.02, ""lgbm_max_depth"": -1, ""lgbm_min_child_samples"": 20, ""lgbm_n_estimators"": 1500, ""lgbm_num_leaves"": 63, ""lgbm_reg_alpha"": 0.0, ""lgbm_reg_lambda"": 1.0, ""lgbm_subsample"": 0.8}",output/all_satisfying_primordia_splits/split_031/models/selected4/lightgbm/hyperparameter_search_train_cv.csv,0.9046462123270644,0.9875353987550708,0.918954248366013,0.928665785997358,0.923784494086728,output/all_satisfying_primordia_splits/split_031/models/selected4/lightgbm/training_summary.json,0.9261363636363636,0.9131652661064426,0.919605077574048,326,26,31,30,split_031,split_031,output/all_satisfying_primordia_splits/split_031/neighbor_pairs_train.csv,output/all_satisfying_primordia_splits/split_031/neighbor_pairs_test.csv,output/all_satisfying_primordia_splits/split_031/primordium_assignment.csv,5244,2329,7573,7624,51,exception_label,1,0.6924600554601875,0.3075399445398125,8,4,sample1;sample10;sample11;sample3;sample4;sample5;sample7;sample9,sample12;sample2;sample6;sample8,757,357,1114,4487,1972,0.14435545385202136,0.15328467153284672,0.008929217680825358
all,lr,49,0.3417085427135678,"{""lr_C"": 1.0}",output/all_satisfying_primordia_splits/split_032/models/all/lr/hyperparameter_search_train_cv.csv,0.9566430900320506,0.9932606731760064,0.9329192546583852,0.9677835051546392,0.9500316255534472,output/all_satisfying_primordia_splits/split_032/models/all/lr/training_summary.json,0.8953168044077136,0.9615384615384616,0.927246790299572,325,38,13,31,split_032,split_032,output/all_satisfying_primordia_splits/split_032/neighbor_pairs_train.csv,output/all_satisfying_primordia_splits/split_032/neighbor_pairs_test.csv,output/all_satisfying_primordia_splits/split_032/primordium_assignment.csv,5238,2335,7573,7624,51,exception_label,1,0.6916677670672124,0.30833223293278755,7,5,sample1;sample2;sample3;sample4;sample5;sample7;sample8,sample10;sample11;sample12;sample6;sample9,776,338,1114,4462,1997,0.14814814814814814,0.14475374732334048,0.0033944008248076585
all,svm,49,0.1959798994974874,"{""svm_C"": 1.0, ""svm_calib_method"": ""sigmoid""}",output/all_satisfying_primordia_splits/split_032/models/all/svm/hyperparameter_search_train_cv.csv,0.9560723718399986,0.9931252223819008,0.935687263556116,0.9561855670103092,0.945825366475462,output/all_satisfying_primordia_splits/split_032/models/all/svm/training_summary.json,0.904494382022472,0.9526627218934912,0.9279538904899136,322,34,16,31,split_032,split_032,output/all_satisfying_primordia_splits/split_032/neighbor_pairs_train.csv,output/all_satisfying_primordia_splits/split_032/neighbor_pairs_test.csv,output/all_satisfying_primordia_splits/split_032/primordium_assignment.csv,5238,2335,7573,7624,51,exception_label,1,0.6916677670672124,0.30833223293278755,7,5,sample1;sample2;sample3;sample4;sample5;sample7;sample8,sample10;sample11;sample12;sample6;sample9,776,338,1114,4462,1997,0.14814814814814814,0.14475374732334048,0.0033944008248076585
all,xgboost,49,0.2160804020100502,"{""xgb_colsample_bytree"": 0.8, ""xgb_gamma"": 0.0, ""xgb_learning_rate"": 0.05, ""xgb_max_depth"": 4, ""xgb_min_child_weight"": 1.0, ""xgb_n_estimators"": 600, ""xgb_reg_alpha"": 0.0, ""xgb_reg_lambda"": 1.0, ""xgb_subsample"": 0.8}",output/all_satisfying_primordia_splits/split_032/models/all/xgboost/hyperparameter_search_train_cv.csv,0.9431069811899232,0.9920082587439408,0.9434447300771208,0.9458762886597938,0.9446589446589448,output/all_satisfying_primordia_splits/split_032/models/all/xgboost/training_summary.json,0.9437869822485208,0.9437869822485208,0.9437869822485208,319,19,19,31,split_032,split_032,output/all_satisfying_primordia_splits/split_032/neighbor_pairs_train.csv,output/all_satisfying_primordia_splits/split_032/neighbor_pairs_test.csv,output/all_satisfying_primordia_splits/split_032/primordium_assignment.csv,5238,2335,7573,7624,51,exception_label,1,0.6916677670672124,0.30833223293278755,7,5,sample1;sample2;sample3;sample4;sample5;sample7;sample8,sample10;sample11;sample12;sample6;sample9,776,338,1114,4462,1997,0.14814814814814814,0.14475374732334048,0.0033944008248076585
all,lightgbm,49,0.0050251256281407,"{""lgbm_colsample_bytree"": 0.8, ""lgbm_learning_rate"": 0.02, ""lgbm_max_depth"": -1, ""lgbm_min_child_samples"": 20, ""lgbm_n_estimators"": 1500, ""lgbm_num_leaves"": 63, ""lgbm_reg_alpha"": 0.0, ""lgbm_reg_lambda"": 1.0, ""lgbm_subsample"": 0.8}",output/all_satisfying_primordia_splits/split_032/models/all/lightgbm/hyperparameter_search_train_cv.csv,0.9374266331454004,0.9914992352373077,0.9286608260325406,0.9561855670103092,0.9422222222222224,output/all_satisfying_primordia_splits/split_032/models/all/lightgbm/training_summary.json,0.9019607843137256,0.9526627218934912,0.9266187050359712,322,35,16,31,split_032,split_032,output/all_satisfying_primordia_splits/split_032/neighbor_pairs_train.csv,output/all_satisfying_primordia_splits/split_032/neighbor_pairs_test.csv,output/all_satisfying_primordia_splits/split_032/primordium_assignment.csv,5238,2335,7573,7624,51,exception_label,1,0.6916677670672124,0.30833223293278755,7,5,sample1;sample2;sample3;sample4;sample5;sample7;sample8,sample10;sample11;sample12;sample6;sample9,776,338,1114,4462,1997,0.14814814814814814,0.14475374732334048,0.0033944008248076585
selected4,lr,4,0.4422110552763819,"{""lr_C"": 1.0}",output/all_satisfying_primordia_splits/split_032/models/selected4/lr/hyperparameter_search_train_cv.csv,0.943953858804098,0.9915356250028882,0.9292803970223326,0.9652061855670104,0.9469026548672568,output/all_satisfying_primordia_splits/split_032/models/selected4/lr/training_summary.json,0.8907563025210085,0.940828402366864,0.9151079136690649,318,39,20,31,split_032,split_032,output/all_satisfying_primordia_splits/split_032/neighbor_pairs_train.csv,output/all_satisfying_primordia_splits/split_032/neighbor_pairs_test.csv,output/all_satisfying_primordia_splits/split_032/primordium_assignment.csv,5238,2335,7573,7624,51,exception_label,1,0.6916677670672124,0.30833223293278755,7,5,sample1;sample2;sample3;sample4;sample5;sample7;sample8,sample10;sample11;sample12;sample6;sample9,776,338,1114,4462,1997,0.14814814814814814,0.14475374732334048,0.0033944008248076585
selected4,svm,4,0.135678391959799,"{""svm_C"": 1.0, ""svm_calib_method"": ""sigmoid""}",output/all_satisfying_primordia_splits/split_032/models/selected4/svm/hyperparameter_search_train_cv.csv,0.9434989658421004,0.9915263831576612,0.931592039800995,0.9652061855670104,0.9481012658227848,output/all_satisfying_primordia_splits/split_032/models/selected4/svm/training_summary.json,0.901685393258427,0.9497041420118344,0.92507204610951,321,35,17,31,split_032,split_032,output/all_satisfying_primordia_splits/split_032/neighbor_pairs_train.csv,output/all_satisfying_primordia_splits/split_032/neighbor_pairs_test.csv,output/all_satisfying_primordia_splits/split_032/primordium_assignment.csv,5238,2335,7573,7624,51,exception_label,1,0.6916677670672124,0.30833223293278755,7,5,sample1;sample2;sample3;sample4;sample5;sample7;sample8,sample10;sample11;sample12;sample6;sample9,776,338,1114,4462,1997,0.14814814814814814,0.14475374732334048,0.0033944008248076585
selected4,xgboost,4,0.0653266331658291,"{""xgb_colsample_bytree"": 0.8, ""xgb_gamma"": 0.0, ""xgb_learning_rate"": 0.05, ""xgb_max_depth"": 4, ""xgb_min_child_weight"": 1.0, ""xgb_n_estimators"": 600, ""xgb_reg_alpha"": 0.0, ""xgb_reg_lambda"": 1.0, ""xgb_subsample"": 0.8}",output/all_satisfying_primordia_splits/split_032/models/selected4/xgboost/hyperparameter_search_train_cv.csv,0.926188148291918,0.9899110818966116,0.9223057644110276,0.9484536082474226,0.9351969504447268,output/all_satisfying_primordia_splits/split_032/models/selected4/xgboost/training_summary.json,0.8579387186629527,0.9112426035502958,0.8837876614060257,308,51,30,31,split_032,split_032,output/all_satisfying_primordia_splits/split_032/neighbor_pairs_train.csv,output/all_satisfying_primordia_splits/split_032/neighbor_pairs_test.csv,output/all_satisfying_primordia_splits/split_032/primordium_assignment.csv,5238,2335,7573,7624,51,exception_label,1,0.6916677670672124,0.30833223293278755,7,5,sample1;sample2;sample3;sample4;sample5;sample7;sample8,sample10;sample11;sample12;sample6;sample9,776,338,1114,4462,1997,0.14814814814814814,0.14475374732334048,0.0033944008248076585
selected4,lightgbm,4,0.0050251256281407,"{""lgbm_colsample_bytree"": 0.8, ""lgbm_learning_rate"": 0.02, ""lgbm_max_depth"": -1, ""lgbm_min_child_samples"": 20, ""lgbm_n_estimators"": 1500, ""lgbm_num_leaves"": 63, ""lgbm_reg_alpha"": 0.0, ""lgbm_reg_lambda"": 1.0, ""lgbm_subsample"": 0.8}",output/all_satisfying_primordia_splits/split_032/models/selected4/lightgbm/hyperparameter_search_train_cv.csv,0.9188421236137992,0.9885652381854562,0.911910669975186,0.9471649484536082,0.9292035398230089,output/all_satisfying_primordia_splits/split_032/models/selected4/lightgbm/training_summary.json,0.8453038674033149,0.9053254437869822,0.8742857142857142,306,56,32,31,split_032,split_032,output/all_satisfying_primordia_splits/split_032/neighbor_pairs_train.csv,output/all_satisfying_primordia_splits/split_032/neighbor_pairs_test.csv,output/all_satisfying_primordia_splits/split_032/primordium_assignment.csv,5238,2335,7573,7624,51,exception_label,1,0.6916677670672124,0.30833223293278755,7,5,sample1;sample2;sample3;sample4;sample5;sample7;sample8,sample10;sample11;sample12;sample6;sample9,776,338,1114,4462,1997,0.14814814814814814,0.14475374732334048,0.0033944008248076585
all,lr,49,0.5527638190954774,"{""lr_C"": 1.0}",output/all_satisfying_primordia_splits/split_033/models/all/lr/hyperparameter_search_train_cv.csv,0.9555522817558522,0.9932479263516416,0.940813810110974,0.9621689785624212,0.9513715710723192,output/all_satisfying_primordia_splits/split_033/models/all/lr/training_summary.json,0.9204892966360856,0.9376947040498442,0.9290123456790124,301,26,20,32,split_033,split_033,output/all_satisfying_primordia_splits/split_033/neighbor_pairs_train.csv,output/all_satisfying_primordia_splits/split_033/neighbor_pairs_test.csv,output/all_satisfying_primordia_splits/split_033/primordium_assignment.csv,5367,2206,7573,7624,51,exception_label,1,0.7087019675161759,0.29129803248382413,8,4,sample1;sample10;sample11;sample2;sample3;sample4;sample5;sample8,sample12;sample6;sample7;sample9,793,321,1114,4574,1885,0.14775479783864356,0.1455122393472348,0.0022425584914087526
all,svm,49,0.185929648241206,"{""svm_C"": 1.0, ""svm_calib_method"": ""sigmoid""}",output/all_satisfying_primordia_splits/split_033/models/all/svm/hyperparameter_search_train_cv.csv,0.9556530180992008,0.9931434375225726,0.9302325581395348,0.9583858764186634,0.9440993788819876,output/all_satisfying_primordia_splits/split_033/models/all/svm/training_summary.json,0.9281437125748504,0.9657320872274144,0.9465648854961832,310,24,11,32,split_033,split_033,output/all_satisfying_primordia_splits/split_033/neighbor_pairs_train.csv,output/all_satisfying_primordia_splits/split_033/neighbor_pairs_test.csv,output/all_satisfying_primordia_splits/split_033/primordium_assignment.csv,5367,2206,7573,7624,51,exception_label,1,0.7087019675161759,0.29129803248382413,8,4,sample1;sample10;sample11;sample2;sample3;sample4;sample5;sample8,sample12;sample6;sample7;sample9,793,321,1114,4574,1885,0.14775479783864356,0.1455122393472348,0.0022425584914087526
all,xgboost,49,0.0552763819095477,"{""xgb_colsample_bytree"": 0.8, ""xgb_gamma"": 0.0, ""xgb_learning_rate"": 0.05, ""xgb_max_depth"": 4, ""xgb_min_child_weight"": 1.0, ""xgb_n_estimators"": 600, ""xgb_reg_alpha"": 0.0, ""xgb_reg_lambda"": 1.0, ""xgb_subsample"": 0.8}",output/all_satisfying_primordia_splits/split_033/models/all/xgboost/hyperparameter_search_train_cv.csv,0.9473719578977192,0.9921962835060384,0.9352078239608802,0.9646910466582598,0.9497206703910616,output/all_satisfying_primordia_splits/split_033/models/all/xgboost/training_summary.json,0.9272727272727272,0.9532710280373832,0.9400921658986175,306,24,15,32,split_033,split_033,output/all_satisfying_primordia_splits/split_033/neighbor_pairs_train.csv,output/all_satisfying_primordia_splits/split_033/neighbor_pairs_test.csv,output/all_satisfying_primordia_splits/split_033/primordium_assignment.csv,5367,2206,7573,7624,51,exception_label,1,0.7087019675161759,0.29129803248382413,8,4,sample1;sample10;sample11;sample2;sample3;sample4;sample5;sample8,sample12;sample6;sample7;sample9,793,321,1114,4574,1885,0.14775479783864356,0.1455122393472348,0.0022425584914087526
all,lightgbm,49,0.2914572864321608,"{""lgbm_colsample_bytree"": 0.8, ""lgbm_learning_rate"": 0.02, ""lgbm_max_depth"": -1, ""lgbm_min_child_samples"": 20, ""lgbm_n_estimators"": 1500, ""lgbm_num_leaves"": 63, ""lgbm_reg_alpha"": 0.0, ""lgbm_reg_lambda"": 1.0, ""lgbm_subsample"": 0.8}",output/all_satisfying_primordia_splits/split_033/models/all/lightgbm/hyperparameter_search_train_cv.csv,0.9442039266085304,0.9921975241385736,0.9561855670103092,0.935687263556116,0.945825366475462,output/all_satisfying_primordia_splits/split_033/models/all/lightgbm/training_summary.json,0.9428571428571428,0.9252336448598132,0.9339622641509434,297,18,24,32,split_033,split_033,output/all_satisfying_primordia_splits/split_033/neighbor_pairs_train.csv,output/all_satisfying_primordia_splits/split_033/neighbor_pairs_test.csv,output/all_satisfying_primordia_splits/split_033/primordium_assignment.csv,5367,2206,7573,7624,51,exception_label,1,0.7087019675161759,0.29129803248382413,8,4,sample1;sample10;sample11;sample2;sample3;sample4;sample5;sample8,sample12;sample6;sample7;sample9,793,321,1114,4574,1885,0.14775479783864356,0.1455122393472348,0.0022425584914087526
selected4,lr,4,0.4824120603015075,"{""lr_C"": 1.0}",output/all_satisfying_primordia_splits/split_033/models/selected4/lr/hyperparameter_search_train_cv.csv,0.9403854531988728,0.9911542900245977,0.9259708737864076,0.9621689785624212,0.9437229437229436,output/all_satisfying_primordia_splits/split_033/models/selected4/lr/training_summary.json,0.9156626506024096,0.9470404984423676,0.9310872894333844,304,28,17,32,split_033,split_033,output/all_satisfying_primordia_splits/split_033/neighbor_pairs_train.csv,output/all_satisfying_primordia_splits/split_033/neighbor_pairs_test.csv,output/all_satisfying_primordia_splits/split_033/primordium_assignment.csv,5367,2206,7573,7624,51,exception_label,1,0.7087019675161759,0.29129803248382413,8,4,sample1;sample10;sample11;sample2;sample3;sample4;sample5;sample8,sample12;sample6;sample7;sample9,793,321,1114,4574,1885,0.14775479783864356,0.1455122393472348,0.0022425584914087526
selected4,svm,4,0.1708542713567839,"{""svm_C"": 1.0, ""svm_calib_method"": ""sigmoid""}",output/all_satisfying_primordia_splits/split_033/models/selected4/svm/hyperparameter_search_train_cv.csv,0.9397323873716548,0.9911203794019712,0.9244823386114496,0.957124842370744,0.9405204460966544,output/all_satisfying_primordia_splits/split_033/models/selected4/svm/training_summary.json,0.926605504587156,0.9439252336448598,0.9351851851851852,303,24,18,32,split_033,split_033,output/all_satisfying_primordia_splits/split_033/neighbor_pairs_train.csv,output/all_satisfying_primordia_splits/split_033/neighbor_pairs_test.csv,output/all_satisfying_primordia_splits/split_033/primordium_assignment.csv,5367,2206,7573,7624,51,exception_label,1,0.7087019675161759,0.29129803248382413,8,4,sample1;sample10;sample11;sample2;sample3;sample4;sample5;sample8,sample12;sample6;sample7;sample9,793,321,1114,4574,1885,0.14775479783864356,0.1455122393472348,0.0022425584914087526
selected4,xgboost,4,0.0653266331658291,"{""xgb_colsample_bytree"": 0.8, ""xgb_gamma"": 0.0, ""xgb_learning_rate"": 0.05, ""xgb_max_depth"": 4, ""xgb_min_child_weight"": 1.0, ""xgb_n_estimators"": 600, ""xgb_reg_alpha"": 0.0, ""xgb_reg_lambda"": 1.0, ""xgb_subsample"": 0.8}",output/all_satisfying_primordia_splits/split_033/models/selected4/xgboost/hyperparameter_search_train_cv.csv,0.9284867588937266,0.9896219709956656,0.90832328106152,0.9495586380832284,0.9284833538840938,output/all_satisfying_primordia_splits/split_033/models/selected4/xgboost/training_summary.json,0.8882175226586103,0.9158878504672896,0.901840490797546,294,37,27,32,split_033,split_033,output/all_satisfying_primordia_splits/split_033/neighbor_pairs_train.csv,output/all_satisfying_primordia_splits/split_033/neighbor_pairs_test.csv,output/all_satisfying_primordia_splits/split_033/primordium_assignment.csv,5367,2206,7573,7624,51,exception_label,1,0.7087019675161759,0.29129803248382413,8,4,sample1;sample10;sample11;sample2;sample3;sample4;sample5;sample8,sample12;sample6;sample7;sample9,793,321,1114,4574,1885,0.14775479783864356,0.1455122393472348,0.0022425584914087526
selected4,lightgbm,4,0.0251256281407035,"{""lgbm_colsample_bytree"": 0.8, ""lgbm_learning_rate"": 0.02, ""lgbm_max_depth"": -1, ""lgbm_min_child_samples"": 20, ""lgbm_n_estimators"": 1500, ""lgbm_num_leaves"": 63, ""lgbm_reg_alpha"": 0.0, ""lgbm_reg_lambda"": 1.0, ""lgbm_subsample"": 0.8}",output/all_satisfying_primordia_splits/split_033/models/selected4/lightgbm/hyperparameter_search_train_cv.csv,0.9257384464290936,0.987895286202898,0.9144981412639404,0.9306431273644388,0.9225,output/all_satisfying_primordia_splits/split_033/models/selected4/lightgbm/training_summary.json,0.8929663608562691,0.909657320872274,0.9012345679012346,292,35,29,32,split_033,split_033,output/all_satisfying_primordia_splits/split_033/neighbor_pairs_train.csv,output/all_satisfying_primordia_splits/split_033/neighbor_pairs_test.csv,output/all_satisfying_primordia_splits/split_033/primordium_assignment.csv,5367,2206,7573,7624,51,exception_label,1,0.7087019675161759,0.29129803248382413,8,4,sample1;sample10;sample11;sample2;sample3;sample4;sample5;sample8,sample12;sample6;sample7;sample9,793,321,1114,4574,1885,0.14775479783864356,0.1455122393472348,0.0022425584914087526
all,lr,49,0.4924623115577889,"{""lr_C"": 1.0}",output/all_satisfying_primordia_splits/split_034/models/all/lr/hyperparameter_search_train_cv.csv,0.9532274274708284,0.992564506540532,0.9349489795918368,0.9619422572178478,0.9482535575679172,output/all_satisfying_primordia_splits/split_034/models/all/lr/training_summary.json,0.9361111111111112,0.9573863636363636,0.946629213483146,337,23,15,33,split_034,split_034,output/all_satisfying_primordia_splits/split_034/neighbor_pairs_train.csv,output/all_satisfying_primordia_splits/split_034/neighbor_pairs_test.csv,output/all_satisfying_primordia_splits/split_034/primordium_assignment.csv,5230,2343,7573,7624,51,exception_label,1,0.6906113825432457,0.3093886174567543,7,5,sample1;sample10;sample2;sample3;sample4;sample5;sample9,sample11;sample12;sample6;sample7;sample8,762,352,1114,4468,1991,0.145697896749522,0.15023474178403756,0.004536845034515569
all,svm,49,0.2160804020100502,"{""svm_C"": 1.0, ""svm_calib_method"": ""sigmoid""}",output/all_satisfying_primordia_splits/split_034/models/all/svm/hyperparameter_search_train_cv.csv,0.9533487134059968,0.9924364451086408,0.9304123711340206,0.94750656167979,0.9388816644993496,output/all_satisfying_primordia_splits/split_034/models/all/svm/training_summary.json,0.938375350140056,0.9517045454545454,0.9449929478138224,335,22,17,33,split_034,split_034,output/all_satisfying_primordia_splits/split_034/neighbor_pairs_train.csv,output/all_satisfying_primordia_splits/split_034/neighbor_pairs_test.csv,output/all_satisfying_primordia_splits/split_034/primordium_assignment.csv,5230,2343,7573,7624,51,exception_label,1,0.6906113825432457,0.3093886174567543,7,5,sample1;sample10;sample2;sample3;sample4;sample5;sample9,sample11;sample12;sample6;sample7;sample8,762,352,1114,4468,1991,0.145697896749522,0.15023474178403756,0.004536845034515569
all,xgboost,49,0.0954773869346733,"{""xgb_colsample_bytree"": 0.8, ""xgb_gamma"": 0.0, ""xgb_learning_rate"": 0.05, ""xgb_max_depth"": 4, ""xgb_min_child_weight"": 1.0, ""xgb_n_estimators"": 600, ""xgb_reg_alpha"": 0.0, ""xgb_reg_lambda"": 1.0, ""xgb_subsample"": 0.8}",output/all_satisfying_primordia_splits/split_034/models/all/xgboost/hyperparameter_search_train_cv.csv,0.9390973424901542,0.9905648684021928,0.9301423027166882,0.9435695538057742,0.9368078175895764,output/all_satisfying_primordia_splits/split_034/models/all/xgboost/training_summary.json,0.935933147632312,0.9545454545454546,0.9451476793248944,336,23,16,33,split_034,split_034,output/all_satisfying_primordia_splits/split_034/neighbor_pairs_train.csv,output/all_satisfying_primordia_splits/split_034/neighbor_pairs_test.csv,output/all_satisfying_primordia_splits/split_034/primordium_assignment.csv,5230,2343,7573,7624,51,exception_label,1,0.6906113825432457,0.3093886174567543,7,5,sample1;sample10;sample2;sample3;sample4;sample5;sample9,sample11;sample12;sample6;sample7;sample8,762,352,1114,4468,1991,0.145697896749522,0.15023474178403756,0.004536845034515569
all,lightgbm,49,0.0552763819095477,"{""lgbm_colsample_bytree"": 0.8, ""lgbm_learning_rate"": 0.02, ""lgbm_max_depth"": -1, ""lgbm_min_child_samples"": 20, ""lgbm_n_estimators"": 1500, ""lgbm_num_leaves"": 63, ""lgbm_reg_alpha"": 0.0, ""lgbm_reg_lambda"": 1.0, ""lgbm_subsample"": 0.8}",output/all_satisfying_primordia_splits/split_034/models/all/lightgbm/hyperparameter_search_train_cv.csv,0.9433585758499032,0.9910718271899092,0.9365284974093264,0.9488188976377953,0.9426336375488918,output/all_satisfying_primordia_splits/split_034/models/all/lightgbm/training_summary.json,0.943661971830986,0.9517045454545454,0.9476661951909476,335,20,17,33,split_034,split_034,output/all_satisfying_primordia_splits/split_034/neighbor_pairs_train.csv,output/all_satisfying_primordia_splits/split_034/neighbor_pairs_test.csv,output/all_satisfying_primordia_splits/split_034/primordium_assignment.csv,5230,2343,7573,7624,51,exception_label,1,0.6906113825432457,0.3093886174567543,7,5,sample1;sample10;sample2;sample3;sample4;sample5;sample9,sample11;sample12;sample6;sample7;sample8,762,352,1114,4468,1991,0.145697896749522,0.15023474178403756,0.004536845034515569
selected4,lr,4,0.4623115577889447,"{""lr_C"": 1.0}",output/all_satisfying_primordia_splits/split_034/models/selected4/lr/hyperparameter_search_train_cv.csv,0.935457978398491,0.9904785150513302,0.9218158890290038,0.9593175853018372,0.940192926045016,output/all_satisfying_primordia_splits/split_034/models/selected4/lr/training_summary.json,0.9155313351498636,0.9545454545454546,0.9346314325452018,336,31,16,33,split_034,split_034,output/all_satisfying_primordia_splits/split_034/neighbor_pairs_train.csv,output/all_satisfying_primordia_splits/split_034/neighbor_pairs_test.csv,output/all_satisfying_primordia_splits/split_034/primordium_assignment.csv,5230,2343,7573,7624,51,exception_label,1,0.6906113825432457,0.3093886174567543,7,5,sample1;sample10;sample2;sample3;sample4;sample5;sample9,sample11;sample12;sample6;sample7;sample8,762,352,1114,4468,1991,0.145697896749522,0.15023474178403756,0.004536845034515569
selected4,svm,4,0.1658291457286432,"{""svm_C"": 1.0, ""svm_calib_method"": ""sigmoid""}",output/all_satisfying_primordia_splits/split_034/models/selected4/svm/hyperparameter_search_train_cv.csv,0.9351715120303212,0.990445031098955,0.9237611181702668,0.9540682414698164,0.9386701097482246,output/all_satisfying_primordia_splits/split_034/models/selected4/svm/training_summary.json,0.9313186813186812,0.9630681818181818,0.946927374301676,339,25,13,33,split_034,split_034,output/all_satisfying_primordia_splits/split_034/neighbor_pairs_train.csv,output/all_satisfying_primordia_splits/split_034/neighbor_pairs_test.csv,output/all_satisfying_primordia_splits/split_034/primordium_assignment.csv,5230,2343,7573,7624,51,exception_label,1,0.6906113825432457,0.3093886174567543,7,5,sample1;sample10;sample2;sample3;sample4;sample5;sample9,sample11;sample12;sample6;sample7;sample8,762,352,1114,4468,1991,0.145697896749522,0.15023474178403756,0.004536845034515569
selected4,xgboost,4,0.1457286432160804,"{""xgb_colsample_bytree"": 0.8, ""xgb_gamma"": 0.0, ""xgb_learning_rate"": 0.05, ""xgb_max_depth"": 4, ""xgb_min_child_weight"": 1.0, ""xgb_n_estimators"": 600, ""xgb_reg_alpha"": 0.0, ""xgb_reg_lambda"": 1.0, ""xgb_subsample"": 0.8}",output/all_satisfying_primordia_splits/split_034/models/selected4/xgboost/hyperparameter_search_train_cv.csv,0.9085068335353188,0.988079419235532,0.9031847133757962,0.9304461942257218,0.91661279896574,output/all_satisfying_primordia_splits/split_034/models/selected4/xgboost/training_summary.json,0.9095890410958904,0.9431818181818182,0.9260808926080892,332,33,20,33,split_034,split_034,output/all_satisfying_primordia_splits/split_034/neighbor_pairs_train.csv,output/all_satisfying_primordia_splits/split_034/neighbor_pairs_test.csv,output/all_satisfying_primordia_splits/split_034/primordium_assignment.csv,5230,2343,7573,7624,51,exception_label,1,0.6906113825432457,0.3093886174567543,7,5,sample1;sample10;sample2;sample3;sample4;sample5;sample9,sample11;sample12;sample6;sample7;sample8,762,352,1114,4468,1991,0.145697896749522,0.15023474178403756,0.004536845034515569
selected4,lightgbm,4,0.0050251256281407,"{""lgbm_colsample_bytree"": 0.8, ""lgbm_learning_rate"": 0.02, ""lgbm_max_depth"": -1, ""lgbm_min_child_samples"": 20, ""lgbm_n_estimators"": 1500, ""lgbm_num_leaves"": 63, ""lgbm_reg_alpha"": 0.0, ""lgbm_reg_lambda"": 1.0, ""lgbm_subsample"": 0.8}",output/all_satisfying_primordia_splits/split_034/models/selected4/lightgbm/hyperparameter_search_train_cv.csv,0.9017928982073457,0.9854797134243626,0.8840399002493765,0.9304461942257218,0.9066496163682864,output/all_satisfying_primordia_splits/split_034/models/selected4/lightgbm/training_summary.json,0.9059139784946236,0.9573863636363636,0.930939226519337,337,35,15,33,split_034,split_034,output/all_satisfying_primordia_splits/split_034/neighbor_pairs_train.csv,output/all_satisfying_primordia_splits/split_034/neighbor_pairs_test.csv,output/all_satisfying_primordia_splits/split_034/primordium_assignment.csv,5230,2343,7573,7624,51,exception_label,1,0.6906113825432457,0.3093886174567543,7,5,sample1;sample10;sample2;sample3;sample4;sample5;sample9,sample11;sample12;sample6;sample7;sample8,762,352,1114,4468,1991,0.145697896749522,0.15023474178403756,0.004536845034515569
all,lr,49,0.6180904522613065,"{""lr_C"": 1.0}",output/all_satisfying_primordia_splits/split_035/models/all/lr/hyperparameter_search_train_cv.csv,0.956119995735729,0.993054002336042,0.9409448818897638,0.9484126984126984,0.9446640316205532,output/all_satisfying_primordia_splits/split_035/models/all/lr/training_summary.json,0.9416666666666668,0.946927374301676,0.9442896935933148,339,21,19,34,split_035,split_035,output/all_satisfying_primordia_splits/split_035/neighbor_pairs_train.csv,output/all_satisfying_primordia_splits/split_035/neighbor_pairs_test.csv,output/all_satisfying_primordia_splits/split_035/primordium_assignment.csv,5227,2346,7573,7624,51,exception_label,1,0.6902152383467582,0.30978476165324176,8,4,sample1;sample11;sample12;sample2;sample4;sample5;sample7;sample9,sample10;sample3;sample6;sample8,756,358,1114,4471,1988,0.14463363305911614,0.1526001705029838,0.00796653744386766
all,svm,49,0.2060301507537688,"{""svm_C"": 1.0, ""svm_calib_method"": ""sigmoid""}",output/all_satisfying_primordia_splits/split_035/models/all/svm/hyperparameter_search_train_cv.csv,0.9554937098143444,0.9930244172024534,0.9363636363636364,0.9537037037037036,0.944954128440367,output/all_satisfying_primordia_splits/split_035/models/all/svm/training_summary.json,0.9344262295081968,0.9553072625698324,0.9447513812154698,342,24,16,34,split_035,split_035,output/all_satisfying_primordia_splits/split_035/neighbor_pairs_train.csv,output/all_satisfying_primordia_splits/split_035/neighbor_pairs_test.csv,output/all_satisfying_primordia_splits/split_035/primordium_assignment.csv,5227,2346,7573,7624,51,exception_label,1,0.6902152383467582,0.30978476165324176,8,4,sample1;sample11;sample12;sample2;sample4;sample5;sample7;sample9,sample10;sample3;sample6;sample8,756,358,1114,4471,1988,0.14463363305911614,0.1526001705029838,0.00796653744386766
all,xgboost,49,0.2763819095477387,"{""xgb_colsample_bytree"": 0.8, ""xgb_gamma"": 0.0, ""xgb_learning_rate"": 0.05, ""xgb_max_depth"": 4, ""xgb_min_child_weight"": 1.0, ""xgb_n_estimators"": 600, ""xgb_reg_alpha"": 0.0, ""xgb_reg_lambda"": 1.0, ""xgb_subsample"": 0.8}",output/all_satisfying_primordia_splits/split_035/models/all/xgboost/hyperparameter_search_train_cv.csv,0.9458703598526276,0.991384661173299,0.9531459170013388,0.9417989417989416,0.9474384564204924,output/all_satisfying_primordia_splits/split_035/models/all/xgboost/training_summary.json,0.9512893982808024,0.9273743016759776,0.9391796322489392,332,17,26,34,split_035,split_035,output/all_satisfying_primordia_splits/split_035/neighbor_pairs_train.csv,output/all_satisfying_primordia_splits/split_035/neighbor_pairs_test.csv,output/all_satisfying_primordia_splits/split_035/primordium_assignment.csv,5227,2346,7573,7624,51,exception_label,1,0.6902152383467582,0.30978476165324176,8,4,sample1;sample11;sample12;sample2;sample4;sample5;sample7;sample9,sample10;sample3;sample6;sample8,756,358,1114,4471,1988,0.14463363305911614,0.1526001705029838,0.00796653744386766
all,lightgbm,49,0.1206030150753768,"{""lgbm_colsample_bytree"": 0.8, ""lgbm_learning_rate"": 0.02, ""lgbm_max_depth"": -1, ""lgbm_min_child_samples"": 20, ""lgbm_n_estimators"": 1500, ""lgbm_num_leaves"": 63, ""lgbm_reg_alpha"": 0.0, ""lgbm_reg_lambda"": 1.0, ""lgbm_subsample"": 0.8}",output/all_satisfying_primordia_splits/split_035/models/all/lightgbm/hyperparameter_search_train_cv.csv,0.9433006484597284,0.9911318562067836,0.949535192563081,0.9457671957671958,0.9476474486414844,output/all_satisfying_primordia_splits/split_035/models/all/lightgbm/training_summary.json,0.9441340782122905,0.9441340782122905,0.9441340782122905,338,20,20,34,split_035,split_035,output/all_satisfying_primordia_splits/split_035/neighbor_pairs_train.csv,output/all_satisfying_primordia_splits/split_035/neighbor_pairs_test.csv,output/all_satisfying_primordia_splits/split_035/primordium_assignment.csv,5227,2346,7573,7624,51,exception_label,1,0.6902152383467582,0.30978476165324176,8,4,sample1;sample11;sample12;sample2;sample4;sample5;sample7;sample9,sample10;sample3;sample6;sample8,756,358,1114,4471,1988,0.14463363305911614,0.1526001705029838,0.00796653744386766
selected4,lr,4,0.5025125628140703,"{""lr_C"": 1.0}",output/all_satisfying_primordia_splits/split_035/models/selected4/lr/hyperparameter_search_train_cv.csv,0.943410054675493,0.9914220863672888,0.9309462915601024,0.9629629629629628,0.9466840052015606,output/all_satisfying_primordia_splits/split_035/models/selected4/lr/training_summary.json,0.9115281501340484,0.9497206703910616,0.9302325581395348,340,33,18,34,split_035,split_035,output/all_satisfying_primordia_splits/split_035/neighbor_pairs_train.csv,output/all_satisfying_primordia_splits/split_035/neighbor_pairs_test.csv,output/all_satisfying_primordia_splits/split_035/primordium_assignment.csv,5227,2346,7573,7624,51,exception_label,1,0.6902152383467582,0.30978476165324176,8,4,sample1;sample11;sample12;sample2;sample4;sample5;sample7;sample9,sample10;sample3;sample6;sample8,756,358,1114,4471,1988,0.14463363305911614,0.1526001705029838,0.00796653744386766
selected4,svm,4,0.1708542713567839,"{""svm_C"": 1.0, ""svm_calib_method"": ""sigmoid""}",output/all_satisfying_primordia_splits/split_035/models/selected4/svm/hyperparameter_search_train_cv.csv,0.94250138571325,0.9913744543022108,0.9318766066838048,0.958994708994709,0.9452411994784876,output/all_satisfying_primordia_splits/split_035/models/selected4/svm/training_summary.json,0.9137466307277629,0.946927374301676,0.9300411522633744,339,32,19,34,split_035,split_035,output/all_satisfying_primordia_splits/split_035/neighbor_pairs_train.csv,output/all_satisfying_primordia_splits/split_035/neighbor_pairs_test.csv,output/all_satisfying_primordia_splits/split_035/primordium_assignment.csv,5227,2346,7573,7624,51,exception_label,1,0.6902152383467582,0.30978476165324176,8,4,sample1;sample11;sample12;sample2;sample4;sample5;sample7;sample9,sample10;sample3;sample6;sample8,756,358,1114,4471,1988,0.14463363305911614,0.1526001705029838,0.00796653744386766
selected4,xgboost,4,0.236180904522613,"{""xgb_colsample_bytree"": 0.8, ""xgb_gamma"": 0.0, ""xgb_learning_rate"": 0.05, ""xgb_max_depth"": 4, ""xgb_min_child_weight"": 1.0, ""xgb_n_estimators"": 600, ""xgb_reg_alpha"": 0.0, ""xgb_reg_lambda"": 1.0, ""xgb_subsample"": 0.8}",output/all_satisfying_primordia_splits/split_035/models/selected4/xgboost/hyperparameter_search_train_cv.csv,0.9100784829478364,0.9886348709318962,0.9213630406290956,0.92989417989418,0.9256089532587228,output/all_satisfying_primordia_splits/split_035/models/selected4/xgboost/training_summary.json,0.9021739130434784,0.9273743016759776,0.9146005509641874,332,36,26,34,split_035,split_035,output/all_satisfying_primordia_splits/split_035/neighbor_pairs_train.csv,output/all_satisfying_primordia_splits/split_035/neighbor_pairs_test.csv,output/all_satisfying_primordia_splits/split_035/primordium_assignment.csv,5227,2346,7573,7624,51,exception_label,1,0.6902152383467582,0.30978476165324176,8,4,sample1;sample11;sample12;sample2;sample4;sample5;sample7;sample9,sample10;sample3;sample6;sample8,756,358,1114,4471,1988,0.14463363305911614,0.1526001705029838,0.00796653744386766
selected4,lightgbm,4,0.0201005025125628,"{""lgbm_colsample_bytree"": 0.8, ""lgbm_learning_rate"": 0.02, ""lgbm_max_depth"": -1, ""lgbm_min_child_samples"": 20, ""lgbm_n_estimators"": 1500, ""lgbm_num_leaves"": 63, ""lgbm_reg_alpha"": 0.0, ""lgbm_reg_lambda"": 1.0, ""lgbm_subsample"": 0.8}",output/all_satisfying_primordia_splits/split_035/models/selected4/lightgbm/hyperparameter_search_train_cv.csv,0.9086574754183452,0.987723648817364,0.9146183699870634,0.9351851851851852,0.9247874427730542,output/all_satisfying_primordia_splits/split_035/models/selected4/lightgbm/training_summary.json,0.903485254691689,0.9413407821229052,0.9220246238030096,337,36,21,34,split_035,split_035,output/all_satisfying_primordia_splits/split_035/neighbor_pairs_train.csv,output/all_satisfying_primordia_splits/split_035/neighbor_pairs_test.csv,output/all_satisfying_primordia_splits/split_035/primordium_assignment.csv,5227,2346,7573,7624,51,exception_label,1,0.6902152383467582,0.30978476165324176,8,4,sample1;sample11;sample12;sample2;sample4;sample5;sample7;sample9,sample10;sample3;sample6;sample8,756,358,1114,4471,1988,0.14463363305911614,0.1526001705029838,0.00796653744386766
all,lr,49,0.6180904522613065,"{""lr_C"": 1.0}",output/all_satisfying_primordia_splits/split_036/models/all/lr/hyperparameter_search_train_cv.csv,0.9544650230201946,0.993165589991636,0.9402985074626866,0.9557522123893806,0.9479623824451412,output/all_satisfying_primordia_splits/split_036/models/all/lr/training_summary.json,0.9388379204892966,0.9504643962848296,0.9446153846153846,307,20,16,35,split_036,split_036,output/all_satisfying_primordia_splits/split_036/neighbor_pairs_train.csv,output/all_satisfying_primordia_splits/split_036/neighbor_pairs_test.csv,output/all_satisfying_primordia_splits/split_036/primordium_assignment.csv,5377,2196,7573,7624,51,exception_label,1,0.7100224481711342,0.2899775518288657,7,5,sample10;sample2;sample3;sample4;sample5;sample7;sample8,sample1;sample11;sample12;sample6;sample9,791,323,1114,4586,1873,0.14710805281755626,0.1470856102003643,2.24426171919756e-05
all,svm,49,0.2110552763819095,"{""svm_C"": 1.0, ""svm_calib_method"": ""sigmoid""}",output/all_satisfying_primordia_splits/split_036/models/all/svm/hyperparameter_search_train_cv.csv,0.9541457370206244,0.9930139715056489,0.9358024691358025,0.9582806573957016,0.9469081823860088,output/all_satisfying_primordia_splits/split_036/models/all/svm/training_summary.json,0.9194029850746268,0.953560371517028,0.9361702127659574,308,27,15,35,split_036,split_036,output/all_satisfying_primordia_splits/split_036/neighbor_pairs_train.csv,output/all_satisfying_primordia_splits/split_036/neighbor_pairs_test.csv,output/all_satisfying_primordia_splits/split_036/primordium_assignment.csv,5377,2196,7573,7624,51,exception_label,1,0.7100224481711342,0.2899775518288657,7,5,sample10;sample2;sample3;sample4;sample5;sample7;sample8,sample1;sample11;sample12;sample6;sample9,791,323,1114,4586,1873,0.14710805281755626,0.1470856102003643,2.24426171919756e-05
all,xgboost,49,0.1708542713567839,"{""xgb_colsample_bytree"": 0.8, ""xgb_gamma"": 0.0, ""xgb_learning_rate"": 0.05, ""xgb_max_depth"": 4, ""xgb_min_child_weight"": 1.0, ""xgb_n_estimators"": 600, ""xgb_reg_alpha"": 0.0, ""xgb_reg_lambda"": 1.0, ""xgb_subsample"": 0.8}",output/all_satisfying_primordia_splits/split_036/models/all/xgboost/hyperparameter_search_train_cv.csv,0.9476932724403664,0.9918859299699024,0.9409547738693468,0.9469026548672568,0.9439193446754884,output/all_satisfying_primordia_splits/split_036/models/all/xgboost/training_summary.json,0.9357798165137616,0.9473684210526316,0.9415384615384615,306,21,17,35,split_036,split_036,output/all_satisfying_primordia_splits/split_036/neighbor_pairs_train.csv,output/all_satisfying_primordia_splits/split_036/neighbor_pairs_test.csv,output/all_satisfying_primordia_splits/split_036/primordium_assignment.csv,5377,2196,7573,7624,51,exception_label,1,0.7100224481711342,0.2899775518288657,7,5,sample10;sample2;sample3;sample4;sample5;sample7;sample8,sample1;sample11;sample12;sample6;sample9,791,323,1114,4586,1873,0.14710805281755626,0.1470856102003643,2.24426171919756e-05
all,lightgbm,49,0.0653266331658291,"{""lgbm_colsample_bytree"": 0.8, ""lgbm_learning_rate"": 0.02, ""lgbm_max_depth"": -1, ""lgbm_min_child_samples"": 20, ""lgbm_n_estimators"": 1500, ""lgbm_num_leaves"": 63, ""lgbm_reg_alpha"": 0.0, ""lgbm_reg_lambda"": 1.0, ""lgbm_subsample"": 0.8}",output/all_satisfying_primordia_splits/split_036/models/all/lightgbm/hyperparameter_search_train_cv.csv,0.9450975160439494,0.9918649790518386,0.9422835633626098,0.9494310998735778,0.9458438287153652,output/all_satisfying_primordia_splits/split_036/models/all/lightgbm/training_summary.json,0.9386503067484664,0.9473684210526316,0.9429892141756548,306,20,17,35,split_036,split_036,output/all_satisfying_primordia_splits/split_036/neighbor_pairs_train.csv,output/all_satisfying_primordia_splits/split_036/neighbor_pairs_test.csv,output/all_satisfying_primordia_splits/split_036/primordium_assignment.csv,5377,2196,7573,7624,51,exception_label,1,0.7100224481711342,0.2899775518288657,7,5,sample10;sample2;sample3;sample4;sample5;sample7;sample8,sample1;sample11;sample12;sample6;sample9,791,323,1114,4586,1873,0.14710805281755626,0.1470856102003643,2.24426171919756e-05
selected4,lr,4,0.457286432160804,"{""lr_C"": 1.0}",output/all_satisfying_primordia_splits/split_036/models/selected4/lr/hyperparameter_search_train_cv.csv,0.9371636907425038,0.9908232222181178,0.9270959902794652,0.9646017699115044,0.9454770755885996,output/all_satisfying_primordia_splits/split_036/models/selected4/lr/training_summary.json,0.9131736526946108,0.9442724458204336,0.9284627092846272,305,29,18,35,split_036,split_036,output/all_satisfying_primordia_splits/split_036/neighbor_pairs_train.csv,output/all_satisfying_primordia_splits/split_036/neighbor_pairs_test.csv,output/all_satisfying_primordia_splits/split_036/primordium_assignment.csv,5377,2196,7573,7624,51,exception_label,1,0.7100224481711342,0.2899775518288657,7,5,sample10;sample2;sample3;sample4;sample5;sample7;sample8,sample1;sample11;sample12;sample6;sample9,791,323,1114,4586,1873,0.14710805281755626,0.1470856102003643,2.24426171919756e-05
selected4,svm,4,0.1507537688442211,"{""svm_C"": 1.0, ""svm_calib_method"": ""sigmoid""}",output/all_satisfying_primordia_splits/split_036/models/selected4/svm/hyperparameter_search_train_cv.csv,0.9368234214709292,0.9908014442901304,0.925609756097561,0.9595448798988622,0.9422718808193667,output/all_satisfying_primordia_splits/split_036/models/selected4/svm/training_summary.json,0.924924924924925,0.953560371517028,0.9390243902439026,308,25,15,35,split_036,split_036,output/all_satisfying_primordia_splits/split_036/neighbor_pairs_train.csv,output/all_satisfying_primordia_splits/split_036/neighbor_pairs_test.csv,output/all_satisfying_primordia_splits/split_036/primordium_assignment.csv,5377,2196,7573,7624,51,exception_label,1,0.7100224481711342,0.2899775518288657,7,5,sample10;sample2;sample3;sample4;sample5;sample7;sample8,sample1;sample11;sample12;sample6;sample9,791,323,1114,4586,1873,0.14710805281755626,0.1470856102003643,2.24426171919756e-05
selected4,xgboost,4,0.1658291457286432,"{""xgb_colsample_bytree"": 0.8, ""xgb_gamma"": 0.0, ""xgb_learning_rate"": 0.05, ""xgb_max_depth"": 4, ""xgb_min_child_weight"": 1.0, ""xgb_n_estimators"": 600, ""xgb_reg_alpha"": 0.0, ""xgb_reg_lambda"": 1.0, ""xgb_subsample"": 0.8}",output/all_satisfying_primordia_splits/split_036/models/selected4/xgboost/hyperparameter_search_train_cv.csv,0.9319812439070224,0.9896805701737216,0.9221260815822002,0.943109987357775,0.9325,output/all_satisfying_primordia_splits/split_036/models/selected4/xgboost/training_summary.json,0.8805970149253731,0.913312693498452,0.8966565349544072,295,40,28,35,split_036,split_036,output/all_satisfying_primordia_splits/split_036/neighbor_pairs_train.csv,output/all_satisfying_primordia_splits/split_036/neighbor_pairs_test.csv,output/all_satisfying_primordia_splits/split_036/primordium_assignment.csv,5377,2196,7573,7624,51,exception_label,1,0.7100224481711342,0.2899775518288657,7,5,sample10;sample2;sample3;sample4;sample5;sample7;sample8,sample1;sample11;sample12;sample6;sample9,791,323,1114,4586,1873,0.14710805281755626,0.1470856102003643,2.24426171919756e-05
selected4,lightgbm,4,0.0150753768844221,"{""lgbm_colsample_bytree"": 0.8, ""lgbm_learning_rate"": 0.02, ""lgbm_max_depth"": -1, ""lgbm_min_child_samples"": 20, ""lgbm_n_estimators"": 1500, ""lgbm_num_leaves"": 63, ""lgbm_reg_alpha"": 0.0, ""lgbm_reg_lambda"": 1.0, ""lgbm_subsample"": 0.8}",output/all_satisfying_primordia_splits/split_036/models/selected4/lightgbm/hyperparameter_search_train_cv.csv,0.9261365610032476,0.9889144833145236,0.9202453987730062,0.9481668773704172,0.933997509339975,output/all_satisfying_primordia_splits/split_036/models/selected4/lightgbm/training_summary.json,0.8802395209580839,0.9102167182662538,0.8949771689497716,294,40,29,35,split_036,split_036,output/all_satisfying_primordia_splits/split_036/neighbor_pairs_train.csv,output/all_satisfying_primordia_splits/split_036/neighbor_pairs_test.csv,output/all_satisfying_primordia_splits/split_036/primordium_assignment.csv,5377,2196,7573,7624,51,exception_label,1,0.7100224481711342,0.2899775518288657,7,5,sample10;sample2;sample3;sample4;sample5;sample7;sample8,sample1;sample11;sample12;sample6;sample9,791,323,1114,4586,1873,0.14710805281755626,0.1470856102003643,2.24426171919756e-05
all,lr,49,0.3919597989949749,"{""lr_C"": 1.0}",output/all_satisfying_primordia_splits/split_037/models/all/lr/hyperparameter_search_train_cv.csv,0.9554075911958853,0.9928087046939004,0.9328449328449328,0.9683143219264893,0.9502487562189056,output/all_satisfying_primordia_splits/split_037/models/all/lr/training_summary.json,0.9072463768115944,0.963076923076923,0.9343283582089552,313,32,12,36,split_037,split_037,output/all_satisfying_primordia_splits/split_037/neighbor_pairs_train.csv,output/all_satisfying_primordia_splits/split_037/neighbor_pairs_test.csv,output/all_satisfying_primordia_splits/split_037/primordium_assignment.csv,5377,2196,7573,7624,51,exception_label,1,0.7100224481711342,0.2899775518288657,8,4,sample1;sample12;sample2;sample3;sample4;sample5;sample8;sample9,sample10;sample11;sample6;sample7,789,325,1114,4588,1871,0.1467360981960201,0.14799635701275046,0.001260258816730364
all,svm,49,0.1457286432160804,"{""svm_C"": 1.0, ""svm_calib_method"": ""sigmoid""}",output/all_satisfying_primordia_splits/split_037/models/all/svm/hyperparameter_search_train_cv.csv,0.9548538567063456,0.9926860504561964,0.9312039312039312,0.9607097591888466,0.9457267623206488,output/all_satisfying_primordia_splits/split_037/models/all/svm/training_summary.json,0.9183673469387756,0.9692307692307692,0.94311377245509,315,28,10,36,split_037,split_037,output/all_satisfying_primordia_splits/split_037/neighbor_pairs_train.csv,output/all_satisfying_primordia_splits/split_037/neighbor_pairs_test.csv,output/all_satisfying_primordia_splits/split_037/primordium_assignment.csv,5377,2196,7573,7624,51,exception_label,1,0.7100224481711342,0.2899775518288657,8,4,sample1;sample12;sample2;sample3;sample4;sample5;sample8;sample9,sample10;sample11;sample6;sample7,789,325,1114,4588,1871,0.1467360981960201,0.14799635701275046,0.001260258816730364
all,xgboost,49,0.0402010050251256,"{""xgb_colsample_bytree"": 0.8, ""xgb_gamma"": 0.0, ""xgb_learning_rate"": 0.05, ""xgb_max_depth"": 4, ""xgb_min_child_weight"": 1.0, ""xgb_n_estimators"": 600, ""xgb_reg_alpha"": 0.0, ""xgb_reg_lambda"": 1.0, ""xgb_subsample"": 0.8}",output/all_satisfying_primordia_splits/split_037/models/all/xgboost/hyperparameter_search_train_cv.csv,0.9346353614145098,0.9909789741906754,0.9324324324324323,0.9619771863117872,0.9469744229569558,output/all_satisfying_primordia_splits/split_037/models/all/xgboost/training_summary.json,0.923529411764706,0.966153846153846,0.9443609022556392,314,26,11,36,split_037,split_037,output/all_satisfying_primordia_splits/split_037/neighbor_pairs_train.csv,output/all_satisfying_primordia_splits/split_037/neighbor_pairs_test.csv,output/all_satisfying_primordia_splits/split_037/primordium_assignment.csv,5377,2196,7573,7624,51,exception_label,1,0.7100224481711342,0.2899775518288657,8,4,sample1;sample12;sample2;sample3;sample4;sample5;sample8;sample9,sample10;sample11;sample6;sample7,789,325,1114,4588,1871,0.1467360981960201,0.14799635701275046,0.001260258816730364
all,lightgbm,49,0.050251256281407,"{""lgbm_colsample_bytree"": 0.8, ""lgbm_learning_rate"": 0.02, ""lgbm_max_depth"": -1, ""lgbm_min_child_samples"": 20, ""lgbm_n_estimators"": 1500, ""lgbm_num_leaves"": 63, ""lgbm_reg_alpha"": 0.0, ""lgbm_reg_lambda"": 1.0, ""lgbm_subsample"": 0.8}",output/all_satisfying_primordia_splits/split_037/models/all/lightgbm/hyperparameter_search_train_cv.csv,0.9335529425799,0.9907177814389884,0.9424280350438048,0.9543726235741444,0.9483627204030228,output/all_satisfying_primordia_splits/split_037/models/all/lightgbm/training_summary.json,0.929878048780488,0.9384615384615383,0.9341500765696784,305,23,20,36,split_037,split_037,output/all_satisfying_primordia_splits/split_037/neighbor_pairs_train.csv,output/all_satisfying_primordia_splits/split_037/neighbor_pairs_test.csv,output/all_satisfying_primordia_splits/split_037/primordium_assignment.csv,5377,2196,7573,7624,51,exception_label,1,0.7100224481711342,0.2899775518288657,8,4,sample1;sample12;sample2;sample3;sample4;sample5;sample8;sample9,sample10;sample11;sample6;sample7,789,325,1114,4588,1871,0.1467360981960201,0.14799635701275046,0.001260258816730364
selected4,lr,4,0.5577889447236181,"{""lr_C"": 1.0}",output/all_satisfying_primordia_splits/split_037/models/selected4/lr/hyperparameter_search_train_cv.csv,0.9405139050796972,0.9909589461901492,0.9364881693648816,0.953105196451204,0.9447236180904524,output/all_satisfying_primordia_splits/split_037/models/selected4/lr/training_summary.json,0.9240121580547112,0.9353846153846154,0.9296636085626911,304,25,21,36,split_037,split_037,output/all_satisfying_primordia_splits/split_037/neighbor_pairs_train.csv,output/all_satisfying_primordia_splits/split_037/neighbor_pairs_test.csv,output/all_satisfying_primordia_splits/split_037/primordium_assignment.csv,5377,2196,7573,7624,51,exception_label,1,0.7100224481711342,0.2899775518288657,8,4,sample1;sample12;sample2;sample3;sample4;sample5;sample8;sample9,sample10;sample11;sample6;sample7,789,325,1114,4588,1871,0.1467360981960201,0.14799635701275046,0.001260258816730364
selected4,svm,4,0.2010050251256281,"{""svm_C"": 1.0, ""svm_calib_method"": ""sigmoid""}",output/all_satisfying_primordia_splits/split_037/models/selected4/svm/hyperparameter_search_train_cv.csv,0.9403779165487162,0.9909581174453,0.9340796019900498,0.9518377693282636,0.9428750784682988,output/all_satisfying_primordia_splits/split_037/models/selected4/svm/training_summary.json,0.9214501510574018,0.9384615384615383,0.929878048780488,305,26,20,36,split_037,split_037,output/all_satisfying_primordia_splits/split_037/neighbor_pairs_train.csv,output/all_satisfying_primordia_splits/split_037/neighbor_pairs_test.csv,output/all_satisfying_primordia_splits/split_037/primordium_assignment.csv,5377,2196,7573,7624,51,exception_label,1,0.7100224481711342,0.2899775518288657,8,4,sample1;sample12;sample2;sample3;sample4;sample5;sample8;sample9,sample10;sample11;sample6;sample7,789,325,1114,4588,1871,0.1467360981960201,0.14799635701275046,0.001260258816730364
selected4,xgboost,4,0.0201005025125628,"{""xgb_colsample_bytree"": 0.8, ""xgb_gamma"": 0.0, ""xgb_learning_rate"": 0.05, ""xgb_max_depth"": 4, ""xgb_min_child_weight"": 1.0, ""xgb_n_estimators"": 600, ""xgb_reg_alpha"": 0.0, ""xgb_reg_lambda"": 1.0, ""xgb_subsample"": 0.8}",output/all_satisfying_primordia_splits/split_037/models/selected4/xgboost/hyperparameter_search_train_cv.csv,0.9070171731416266,0.988018835712936,0.901913875598086,0.9556400506970848,0.928,output/all_satisfying_primordia_splits/split_037/models/selected4/xgboost/training_summary.json,0.8831908831908832,0.953846153846154,0.9171597633136096,310,41,15,36,split_037,split_037,output/all_satisfying_primordia_splits/split_037/neighbor_pairs_train.csv,output/all_satisfying_primordia_splits/split_037/neighbor_pairs_test.csv,output/all_satisfying_primordia_splits/split_037/primordium_assignment.csv,5377,2196,7573,7624,51,exception_label,1,0.7100224481711342,0.2899775518288657,8,4,sample1;sample12;sample2;sample3;sample4;sample5;sample8;sample9,sample10;sample11;sample6;sample7,789,325,1114,4588,1871,0.1467360981960201,0.14799635701275046,0.001260258816730364
selected4,lightgbm,4,0.0904522613065326,"{""lgbm_colsample_bytree"": 0.8, ""lgbm_learning_rate"": 0.02, ""lgbm_max_depth"": -1, ""lgbm_min_child_samples"": 20, ""lgbm_n_estimators"": 1500, ""lgbm_num_leaves"": 63, ""lgbm_reg_alpha"": 0.0, ""lgbm_reg_lambda"": 1.0, ""lgbm_subsample"": 0.8}",output/all_satisfying_primordia_splits/split_037/models/selected4/lightgbm/hyperparameter_search_train_cv.csv,0.8982357013799466,0.985738682384089,0.9247448979591836,0.9188846641318124,0.9218054672600128,output/all_satisfying_primordia_splits/split_037/models/selected4/lightgbm/training_summary.json,0.8878787878787879,0.9015384615384616,0.8946564885496183,293,37,32,36,split_037,split_037,output/all_satisfying_primordia_splits/split_037/neighbor_pairs_train.csv,output/all_satisfying_primordia_splits/split_037/neighbor_pairs_test.csv,output/all_satisfying_primordia_splits/split_037/primordium_assignment.csv,5377,2196,7573,7624,51,exception_label,1,0.7100224481711342,0.2899775518288657,8,4,sample1;sample12;sample2;sample3;sample4;sample5;sample8;sample9,sample10;sample11;sample6;sample7,789,325,1114,4588,1871,0.1467360981960201,0.14799635701275046,0.001260258816730364
all,lr,49,0.4120603015075377,"{""lr_C"": 1.0}",output/all_satisfying_primordia_splits/split_038/models/all/lr/hyperparameter_search_train_cv.csv,0.9544467571623264,0.9928825820097914,0.92991239048811,0.9661898569570871,0.9477040816326532,output/all_satisfying_primordia_splits/split_038/models/all/lr/training_summary.json,0.914364640883978,0.9594202898550724,0.9363507779349364,331,31,14,37,split_038,split_038,output/all_satisfying_primordia_splits/split_038/neighbor_pairs_train.csv,output/all_satisfying_primordia_splits/split_038/neighbor_pairs_test.csv,output/all_satisfying_primordia_splits/split_038/primordium_assignment.csv,5225,2348,7573,7624,51,exception_label,1,0.6899511422157666,0.31004885778423347,8,4,sample1;sample10;sample12;sample2;sample3;sample4;sample5;sample7,sample11;sample6;sample8;sample9,769,345,1114,4456,2003,0.14717703349282296,0.1469335604770017,0.00024347301582125502
all,svm,49,0.2211055276381909,"{""svm_C"": 1.0, ""svm_calib_method"": ""sigmoid""}",output/all_satisfying_primordia_splits/split_038/models/all/svm/hyperparameter_search_train_cv.csv,0.9531443405346802,0.9926631265860908,0.9252217997465144,0.9492847854356308,0.9370988446726572,output/all_satisfying_primordia_splits/split_038/models/all/svm/training_summary.json,0.923943661971831,0.9507246376811594,0.9371428571428572,328,27,17,37,split_038,split_038,output/all_satisfying_primordia_splits/split_038/neighbor_pairs_train.csv,output/all_satisfying_primordia_splits/split_038/neighbor_pairs_test.csv,output/all_satisfying_primordia_splits/split_038/primordium_assignment.csv,5225,2348,7573,7624,51,exception_label,1,0.6899511422157666,0.31004885778423347,8,4,sample1;sample10;sample12;sample2;sample3;sample4;sample5;sample7,sample11;sample6;sample8;sample9,769,345,1114,4456,2003,0.14717703349282296,0.1469335604770017,0.00024347301582125502
all,xgboost,49,0.2864321608040201,"{""xgb_colsample_bytree"": 0.8, ""xgb_gamma"": 0.0, ""xgb_learning_rate"": 0.05, ""xgb_max_depth"": 4, ""xgb_min_child_weight"": 1.0, ""xgb_n_estimators"": 600, ""xgb_reg_alpha"": 0.0, ""xgb_reg_lambda"": 1.0, ""xgb_subsample"": 0.8}",output/all_satisfying_primordia_splits/split_038/models/all/xgboost/hyperparameter_search_train_cv.csv,0.9396170304725768,0.9913822890134544,0.9410994764397904,0.9349804941482444,0.9380300065231572,output/all_satisfying_primordia_splits/split_038/models/all/xgboost/training_summary.json,0.9418604651162792,0.9391304347826088,0.9404934687953556,324,20,21,37,split_038,split_038,output/all_satisfying_primordia_splits/split_038/neighbor_pairs_train.csv,output/all_satisfying_primordia_splits/split_038/neighbor_pairs_test.csv,output/all_satisfying_primordia_splits/split_038/primordium_assignment.csv,5225,2348,7573,7624,51,exception_label,1,0.6899511422157666,0.31004885778423347,8,4,sample1;sample10;sample12;sample2;sample3;sample4;sample5;sample7,sample11;sample6;sample8;sample9,769,345,1114,4456,2003,0.14717703349282296,0.1469335604770017,0.00024347301582125502
all,lightgbm,49,0.0753768844221105,"{""lgbm_colsample_bytree"": 0.8, ""lgbm_learning_rate"": 0.02, ""lgbm_max_depth"": -1, ""lgbm_min_child_samples"": 20, ""lgbm_n_estimators"": 1500, ""lgbm_num_leaves"": 63, ""lgbm_reg_alpha"": 0.0, ""lgbm_reg_lambda"": 1.0, ""lgbm_subsample"": 0.8}",output/all_satisfying_primordia_splits/split_038/models/all/lightgbm/hyperparameter_search_train_cv.csv,0.9393141979023428,0.991385790961705,0.940721649484536,0.9492847854356308,0.9449838187702264,output/all_satisfying_primordia_splits/split_038/models/all/lightgbm/training_summary.json,0.9228571428571428,0.936231884057971,0.929496402877698,323,27,22,37,split_038,split_038,output/all_satisfying_primordia_splits/split_038/neighbor_pairs_train.csv,output/all_satisfying_primordia_splits/split_038/neighbor_pairs_test.csv,output/all_satisfying_primordia_splits/split_038/primordium_assignment.csv,5225,2348,7573,7624,51,exception_label,1,0.6899511422157666,0.31004885778423347,8,4,sample1;sample10;sample12;sample2;sample3;sample4;sample5;sample7,sample11;sample6;sample8;sample9,769,345,1114,4456,2003,0.14717703349282296,0.1469335604770017,0.00024347301582125502
selected4,lr,4,0.4321608040201005,"{""lr_C"": 1.0}",output/all_satisfying_primordia_splits/split_038/models/selected4/lr/hyperparameter_search_train_cv.csv,0.9384603697162006,0.9908225609514092,0.925280199252802,0.9661898569570871,0.94529262086514,output/all_satisfying_primordia_splits/split_038/models/selected4/lr/training_summary.json,0.9025069637883008,0.9391304347826088,0.9204545454545456,324,35,21,37,split_038,split_038,output/all_satisfying_primordia_splits/split_038/neighbor_pairs_train.csv,output/all_satisfying_primordia_splits/split_038/neighbor_pairs_test.csv,output/all_satisfying_primordia_splits/split_038/primordium_assignment.csv,5225,2348,7573,7624,51,exception_label,1,0.6899511422157666,0.31004885778423347,8,4,sample1;sample10;sample12;sample2;sample3;sample4;sample5;sample7,sample11;sample6;sample8;sample9,769,345,1114,4456,2003,0.14717703349282296,0.1469335604770017,0.00024347301582125502
selected4,svm,4,0.1457286432160804,"{""svm_C"": 1.0, ""svm_calib_method"": ""sigmoid""}",output/all_satisfying_primordia_splits/split_038/models/selected4/svm/hyperparameter_search_train_cv.csv,0.9379810265059528,0.990797171826593,0.92875,0.9661898569570871,0.947100063734863,output/all_satisfying_primordia_splits/split_038/models/selected4/svm/training_summary.json,0.9162011173184358,0.9507246376811594,0.9331436699857754,328,30,17,37,split_038,split_038,output/all_satisfying_primordia_splits/split_038/neighbor_pairs_train.csv,output/all_satisfying_primordia_splits/split_038/neighbor_pairs_test.csv,output/all_satisfying_primordia_splits/split_038/primordium_assignment.csv,5225,2348,7573,7624,51,exception_label,1,0.6899511422157666,0.31004885778423347,8,4,sample1;sample10;sample12;sample2;sample3;sample4;sample5;sample7,sample11;sample6;sample8;sample9,769,345,1114,4456,2003,0.14717703349282296,0.1469335604770017,0.00024347301582125502
selected4,xgboost,4,0.1909547738693467,"{""xgb_colsample_bytree"": 0.8, ""xgb_gamma"": 0.0, ""xgb_learning_rate"": 0.05, ""xgb_max_depth"": 4, ""xgb_min_child_weight"": 1.0, ""xgb_n_estimators"": 600, ""xgb_reg_alpha"": 0.0, ""xgb_reg_lambda"": 1.0, ""xgb_subsample"": 0.8}",output/all_satisfying_primordia_splits/split_038/models/selected4/xgboost/hyperparameter_search_train_cv.csv,0.9244590284587548,0.9889586489950576,0.9186785260482846,0.9401820546163848,0.9293059125964008,output/all_satisfying_primordia_splits/split_038/models/selected4/xgboost/training_summary.json,0.8785310734463276,0.9014492753623188,0.8898426323319027,311,43,34,37,split_038,split_038,output/all_satisfying_primordia_splits/split_038/neighbor_pairs_train.csv,output/all_satisfying_primordia_splits/split_038/neighbor_pairs_test.csv,output/all_satisfying_primordia_splits/split_038/primordium_assignment.csv,5225,2348,7573,7624,51,exception_label,1,0.6899511422157666,0.31004885778423347,8,4,sample1;sample10;sample12;sample2;sample3;sample4;sample5;sample7,sample11;sample6;sample8;sample9,769,345,1114,4456,2003,0.14717703349282296,0.1469335604770017,0.00024347301582125502
selected4,lightgbm,4,0.0150753768844221,"{""lgbm_colsample_bytree"": 0.8, ""lgbm_learning_rate"": 0.02, ""lgbm_max_depth"": -1, ""lgbm_min_child_samples"": 20, ""lgbm_n_estimators"": 1500, ""lgbm_num_leaves"": 63, ""lgbm_reg_alpha"": 0.0, ""lgbm_reg_lambda"": 1.0, ""lgbm_subsample"": 0.8}",output/all_satisfying_primordia_splits/split_038/models/selected4/lightgbm/hyperparameter_search_train_cv.csv,0.9198557036433588,0.987048336224386,0.9130982367758188,0.9427828348504552,0.927703134996801,output/all_satisfying_primordia_splits/split_038/models/selected4/lightgbm/training_summary.json,0.8666666666666667,0.9043478260869564,0.8851063829787233,312,48,33,37,split_038,split_038,output/all_satisfying_primordia_splits/split_038/neighbor_pairs_train.csv,output/all_satisfying_primordia_splits/split_038/neighbor_pairs_test.csv,output/all_satisfying_primordia_splits/split_038/primordium_assignment.csv,5225,2348,7573,7624,51,exception_label,1,0.6899511422157666,0.31004885778423347,8,4,sample1;sample10;sample12;sample2;sample3;sample4;sample5;sample7,sample11;sample6;sample8;sample9,769,345,1114,4456,2003,0.14717703349282296,0.1469335604770017,0.00024347301582125502
all,lr,49,0.4974874371859296,"{""lr_C"": 1.0}",output/all_satisfying_primordia_splits/split_039/models/all/lr/hyperparameter_search_train_cv.csv,0.9551978132557976,0.9931388560327502,0.9347553324968632,0.9575835475578406,0.946031746031746,output/all_satisfying_primordia_splits/split_039/models/all/lr/training_summary.json,0.9312320916905444,0.9672619047619048,0.9489051094890512,325,24,11,38,split_039,split_039,output/all_satisfying_primordia_splits/split_039/neighbor_pairs_train.csv,output/all_satisfying_primordia_splits/split_039/neighbor_pairs_test.csv,output/all_satisfying_primordia_splits/split_039/primordium_assignment.csv,5379,2194,7573,7624,51,exception_label,1,0.710286544302126,0.28971345569787404,7,5,sample11;sample2;sample4;sample5;sample7;sample8;sample9,sample1;sample10;sample12;sample3;sample6,778,336,1114,4601,1858,0.144636549544525,0.15314494074749316,0.008508391202968146
all,svm,49,0.135678391959799,"{""svm_C"": 1.0, ""svm_calib_method"": ""sigmoid""}",output/all_satisfying_primordia_splits/split_039/models/all/svm/hyperparameter_search_train_cv.csv,0.9547708902056236,0.993079631174401,0.9258343634116192,0.9627249357326478,0.9439193446754884,output/all_satisfying_primordia_splits/split_039/models/all/svm/training_summary.json,0.9204545454545454,0.9642857142857144,0.941860465116279,324,28,12,38,split_039,split_039,output/all_satisfying_primordia_splits/split_039/neighbor_pairs_train.csv,output/all_satisfying_primordia_splits/split_039/neighbor_pairs_test.csv,output/all_satisfying_primordia_splits/split_039/primordium_assignment.csv,5379,2194,7573,7624,51,exception_label,1,0.710286544302126,0.28971345569787404,7,5,sample11;sample2;sample4;sample5;sample7;sample8;sample9,sample1;sample10;sample12;sample3;sample6,778,336,1114,4601,1858,0.144636549544525,0.15314494074749316,0.008508391202968146
all,xgboost,49,0.1557788944723618,"{""xgb_colsample_bytree"": 0.8, ""xgb_gamma"": 0.0, ""xgb_learning_rate"": 0.05, ""xgb_max_depth"": 4, ""xgb_min_child_weight"": 1.0, ""xgb_n_estimators"": 600, ""xgb_reg_alpha"": 0.0, ""xgb_reg_lambda"": 1.0, ""xgb_subsample"": 0.8}",output/all_satisfying_primordia_splits/split_039/models/all/xgboost/hyperparameter_search_train_cv.csv,0.9492569976764514,0.9919257242054792,0.946153846153846,0.948586118251928,0.9473684210526316,output/all_satisfying_primordia_splits/split_039/models/all/xgboost/training_summary.json,0.9323529411764706,0.9434523809523808,0.9378698224852072,317,23,19,38,split_039,split_039,output/all_satisfying_primordia_splits/split_039/neighbor_pairs_train.csv,output/all_satisfying_primordia_splits/split_039/neighbor_pairs_test.csv,output/all_satisfying_primordia_splits/split_039/primordium_assignment.csv,5379,2194,7573,7624,51,exception_label,1,0.710286544302126,0.28971345569787404,7,5,sample11;sample2;sample4;sample5;sample7;sample8;sample9,sample1;sample10;sample12;sample3;sample6,778,336,1114,4601,1858,0.144636549544525,0.15314494074749316,0.008508391202968146
all,lightgbm,49,0.1407035175879397,"{""lgbm_colsample_bytree"": 0.8, ""lgbm_learning_rate"": 0.02, ""lgbm_max_depth"": -1, ""lgbm_min_child_samples"": 20, ""lgbm_n_estimators"": 1500, ""lgbm_num_leaves"": 63, ""lgbm_reg_alpha"": 0.0, ""lgbm_reg_lambda"": 1.0, ""lgbm_subsample"": 0.8}",output/all_satisfying_primordia_splits/split_039/models/all/lightgbm/hyperparameter_search_train_cv.csv,0.945185820416435,0.9916800248520916,0.9482535575679172,0.9421593830334192,0.9451966473243067,output/all_satisfying_primordia_splits/split_039/models/all/lightgbm/training_summary.json,0.9461077844311376,0.9404761904761904,0.9432835820895524,316,18,20,38,split_039,split_039,output/all_satisfying_primordia_splits/split_039/neighbor_pairs_train.csv,output/all_satisfying_primordia_splits/split_039/neighbor_pairs_test.csv,output/all_satisfying_primordia_splits/split_039/primordium_assignment.csv,5379,2194,7573,7624,51,exception_label,1,0.710286544302126,0.28971345569787404,7,5,sample11;sample2;sample4;sample5;sample7;sample8;sample9,sample1;sample10;sample12;sample3;sample6,778,336,1114,4601,1858,0.144636549544525,0.15314494074749316,0.008508391202968146
selected4,lr,4,0.5979899497487438,"{""lr_C"": 1.0}",output/all_satisfying_primordia_splits/split_039/models/selected4/lr/hyperparameter_search_train_cv.csv,0.9423564115969028,0.9913732847838488,0.939820742637644,0.9434447300771208,0.9416292495189224,output/all_satisfying_primordia_splits/split_039/models/selected4/lr/training_summary.json,0.9205882352941176,0.9315476190476192,0.92603550295858,313,27,23,38,split_039,split_039,output/all_satisfying_primordia_splits/split_039/neighbor_pairs_train.csv,output/all_satisfying_primordia_splits/split_039/neighbor_pairs_test.csv,output/all_satisfying_primordia_splits/split_039/primordium_assignment.csv,5379,2194,7573,7624,51,exception_label,1,0.710286544302126,0.28971345569787404,7,5,sample11;sample2;sample4;sample5;sample7;sample8;sample9,sample1;sample10;sample12;sample3;sample6,778,336,1114,4601,1858,0.144636549544525,0.15314494074749316,0.008508391202968146
selected4,svm,4,0.1407035175879397,"{""svm_C"": 1.0, ""svm_calib_method"": ""sigmoid""}",output/all_satisfying_primordia_splits/split_039/models/selected4/svm/hyperparameter_search_train_cv.csv,0.9415647476047524,0.9913671388079824,0.9292803970223326,0.9627249357326478,0.9457070707070708,output/all_satisfying_primordia_splits/split_039/models/selected4/svm/training_summary.json,0.9195402298850576,0.9523809523809524,0.935672514619883,320,28,16,38,split_039,split_039,output/all_satisfying_primordia_splits/split_039/neighbor_pairs_train.csv,output/all_satisfying_primordia_splits/split_039/neighbor_pairs_test.csv,output/all_satisfying_primordia_splits/split_039/primordium_assignment.csv,5379,2194,7573,7624,51,exception_label,1,0.710286544302126,0.28971345569787404,7,5,sample11;sample2;sample4;sample5;sample7;sample8;sample9,sample1;sample10;sample12;sample3;sample6,778,336,1114,4601,1858,0.144636549544525,0.15314494074749316,0.008508391202968146
selected4,xgboost,4,0.2010050251256281,"{""xgb_colsample_bytree"": 0.8, ""xgb_gamma"": 0.0, ""xgb_learning_rate"": 0.05, ""xgb_max_depth"": 4, ""xgb_min_child_weight"": 1.0, ""xgb_n_estimators"": 600, ""xgb_reg_alpha"": 0.0, ""xgb_reg_lambda"": 1.0, ""xgb_subsample"": 0.8}",output/all_satisfying_primordia_splits/split_039/models/selected4/xgboost/hyperparameter_search_train_cv.csv,0.9208045548756728,0.9898474065937382,0.9251269035532996,0.9370179948586118,0.9310344827586208,output/all_satisfying_primordia_splits/split_039/models/selected4/xgboost/training_summary.json,0.8985507246376812,0.9226190476190476,0.9104258443465492,310,35,26,38,split_039,split_039,output/all_satisfying_primordia_splits/split_039/neighbor_pairs_train.csv,output/all_satisfying_primordia_splits/split_039/neighbor_pairs_test.csv,output/all_satisfying_primordia_splits/split_039/primordium_assignment.csv,5379,2194,7573,7624,51,exception_label,1,0.710286544302126,0.28971345569787404,7,5,sample11;sample2;sample4;sample5;sample7;sample8;sample9,sample1;sample10;sample12;sample3;sample6,778,336,1114,4601,1858,0.144636549544525,0.15314494074749316,0.008508391202968146
selected4,lightgbm,4,0.0301507537688442,"{""lgbm_colsample_bytree"": 0.8, ""lgbm_learning_rate"": 0.02, ""lgbm_max_depth"": -1, ""lgbm_min_child_samples"": 20, ""lgbm_n_estimators"": 1500, ""lgbm_num_leaves"": 63, ""lgbm_reg_alpha"": 0.0, ""lgbm_reg_lambda"": 1.0, ""lgbm_subsample"": 0.8}",output/all_satisfying_primordia_splits/split_039/models/selected4/lightgbm/hyperparameter_search_train_cv.csv,0.916708685381914,0.9890808357856709,0.9247176913425345,0.9473007712082262,0.935873015873016,output/all_satisfying_primordia_splits/split_039/models/selected4/lightgbm/training_summary.json,0.8869565217391304,0.9107142857142856,0.8986784140969162,306,39,30,38,split_039,split_039,output/all_satisfying_primordia_splits/split_039/neighbor_pairs_train.csv,output/all_satisfying_primordia_splits/split_039/neighbor_pairs_test.csv,output/all_satisfying_primordia_splits/split_039/primordium_assignment.csv,5379,2194,7573,7624,51,exception_label,1,0.710286544302126,0.28971345569787404,7,5,sample11;sample2;sample4;sample5;sample7;sample8;sample9,sample1;sample10;sample12;sample3;sample6,778,336,1114,4601,1858,0.144636549544525,0.15314494074749316,0.008508391202968146
all,lr,49,0.3969849246231156,"{""lr_C"": 1.0}",output/all_satisfying_primordia_splits/split_040/models/all/lr/hyperparameter_search_train_cv.csv,0.9529781457766676,0.9928176405551778,0.9250614250614252,0.962915601023018,0.9436090225563912,output/all_satisfying_primordia_splits/split_040/models/all/lr/training_summary.json,0.9217391304347826,0.9578313253012049,0.9394387001477106,318,27,14,39,split_040,split_040,output/all_satisfying_primordia_splits/split_040/neighbor_pairs_train.csv,output/all_satisfying_primordia_splits/split_040/neighbor_pairs_test.csv,output/all_satisfying_primordia_splits/split_040/primordium_assignment.csv,5383,2190,7573,7624,51,exception_label,1,0.7108147365641093,0.2891852634358907,7,5,sample1;sample10;sample4;sample5;sample7;sample8;sample9,sample11;sample12;sample2;sample3;sample6,782,332,1114,4601,1858,0.1452721530744938,0.15159817351598173,0.006326020441487945
all,svm,49,0.1658291457286432,"{""svm_C"": 1.0, ""svm_calib_method"": ""sigmoid""}",output/all_satisfying_primordia_splits/split_040/models/all/svm/hyperparameter_search_train_cv.csv,0.9533768886525908,0.99299218284027,0.9291044776119404,0.955242966751918,0.9419924337957124,output/all_satisfying_primordia_splits/split_040/models/all/svm/training_summary.json,0.9262536873156342,0.9457831325301204,0.9359165424739196,314,25,18,39,split_040,split_040,output/all_satisfying_primordia_splits/split_040/neighbor_pairs_train.csv,output/all_satisfying_primordia_splits/split_040/neighbor_pairs_test.csv,output/all_satisfying_primordia_splits/split_040/primordium_assignment.csv,5383,2190,7573,7624,51,exception_label,1,0.7108147365641093,0.2891852634358907,7,5,sample1;sample10;sample4;sample5;sample7;sample8;sample9,sample11;sample12;sample2;sample3;sample6,782,332,1114,4601,1858,0.1452721530744938,0.15159817351598173,0.006326020441487945
all,xgboost,49,0.0552763819095477,"{""xgb_colsample_bytree"": 0.8, ""xgb_gamma"": 0.0, ""xgb_learning_rate"": 0.05, ""xgb_max_depth"": 4, ""xgb_min_child_weight"": 1.0, ""xgb_n_estimators"": 600, ""xgb_reg_alpha"": 0.0, ""xgb_reg_lambda"": 1.0, ""xgb_subsample"": 0.8}",output/all_satisfying_primordia_splits/split_040/models/all/xgboost/hyperparameter_search_train_cv.csv,0.9459245796278556,0.9919795318598036,0.9335839598997494,0.9526854219948848,0.9430379746835444,output/all_satisfying_primordia_splits/split_040/models/all/xgboost/training_summary.json,0.9215116279069768,0.9548192771084336,0.9378698224852072,317,27,15,39,split_040,split_040,output/all_satisfying_primordia_splits/split_040/neighbor_pairs_train.csv,output/all_satisfying_primordia_splits/split_040/neighbor_pairs_test.csv,output/all_satisfying_primordia_splits/split_040/primordium_assignment.csv,5383,2190,7573,7624,51,exception_label,1,0.7108147365641093,0.2891852634358907,7,5,sample1;sample10;sample4;sample5;sample7;sample8;sample9,sample11;sample12;sample2;sample3;sample6,782,332,1114,4601,1858,0.1452721530744938,0.15159817351598173,0.006326020441487945
all,lightgbm,49,0.3165829145728643,"{""lgbm_colsample_bytree"": 0.8, ""lgbm_learning_rate"": 0.02, ""lgbm_max_depth"": -1, ""lgbm_min_child_samples"": 20, ""lgbm_n_estimators"": 1500, ""lgbm_num_leaves"": 63, ""lgbm_reg_alpha"": 0.0, ""lgbm_reg_lambda"": 1.0, ""lgbm_subsample"": 0.8}",output/all_satisfying_primordia_splits/split_040/models/all/lightgbm/hyperparameter_search_train_cv.csv,0.941414624908734,0.9912942866306724,0.9564068692206076,0.9258312020460358,0.9408706952566602,output/all_satisfying_primordia_splits/split_040/models/all/lightgbm/training_summary.json,0.9501557632398754,0.9186746987951808,0.9341500765696784,305,16,27,39,split_040,split_040,output/all_satisfying_primordia_splits/split_040/neighbor_pairs_train.csv,output/all_satisfying_primordia_splits/split_040/neighbor_pairs_test.csv,output/all_satisfying_primordia_splits/split_040/primordium_assignment.csv,5383,2190,7573,7624,51,exception_label,1,0.7108147365641093,0.2891852634358907,7,5,sample1;sample10;sample4;sample5;sample7;sample8;sample9,sample11;sample12;sample2;sample3;sample6,782,332,1114,4601,1858,0.1452721530744938,0.15159817351598173,0.006326020441487945
selected4,lr,4,0.4974874371859296,"{""lr_C"": 1.0}",output/all_satisfying_primordia_splits/split_040/models/selected4/lr/hyperparameter_search_train_cv.csv,0.9335397893427916,0.9904124033972376,0.9220297029702972,0.9526854219948848,0.9371069182389938,output/all_satisfying_primordia_splits/split_040/models/selected4/lr/training_summary.json,0.935672514619883,0.963855421686747,0.9495548961424332,320,22,12,39,split_040,split_040,output/all_satisfying_primordia_splits/split_040/neighbor_pairs_train.csv,output/all_satisfying_primordia_splits/split_040/neighbor_pairs_test.csv,output/all_satisfying_primordia_splits/split_040/primordium_assignment.csv,5383,2190,7573,7624,51,exception_label,1,0.7108147365641093,0.2891852634358907,7,5,sample1;sample10;sample4;sample5;sample7;sample8;sample9,sample11;sample12;sample2;sample3;sample6,782,332,1114,4601,1858,0.1452721530744938,0.15159817351598173,0.006326020441487945
selected4,svm,4,0.1658291457286432,"{""svm_C"": 1.0, ""svm_calib_method"": ""sigmoid""}",output/all_satisfying_primordia_splits/split_040/models/selected4/svm/hyperparameter_search_train_cv.csv,0.9328961019981024,0.9903859997076138,0.9245049504950495,0.955242966751918,0.939622641509434,output/all_satisfying_primordia_splits/split_040/models/selected4/svm/training_summary.json,0.9298245614035088,0.9578313253012049,0.9436201780415432,318,24,14,39,split_040,split_040,output/all_satisfying_primordia_splits/split_040/neighbor_pairs_train.csv,output/all_satisfying_primordia_splits/split_040/neighbor_pairs_test.csv,output/all_satisfying_primordia_splits/split_040/primordium_assignment.csv,5383,2190,7573,7624,51,exception_label,1,0.7108147365641093,0.2891852634358907,7,5,sample1;sample10;sample4;sample5;sample7;sample8;sample9,sample11;sample12;sample2;sample3;sample6,782,332,1114,4601,1858,0.1452721530744938,0.15159817351598173,0.006326020441487945
selected4,xgboost,4,0.1708542713567839,"{""xgb_colsample_bytree"": 0.8, ""xgb_gamma"": 0.0, ""xgb_learning_rate"": 0.05, ""xgb_max_depth"": 4, ""xgb_min_child_weight"": 1.0, ""xgb_n_estimators"": 600, ""xgb_reg_alpha"": 0.0, ""xgb_reg_lambda"": 1.0, ""xgb_subsample"": 0.8}",output/all_satisfying_primordia_splits/split_040/models/selected4/xgboost/hyperparameter_search_train_cv.csv,0.9183693534806788,0.9891664271805696,0.9246231155778896,0.9411764705882352,0.9328263624841572,output/all_satisfying_primordia_splits/split_040/models/selected4/xgboost/training_summary.json,0.9191616766467066,0.9246987951807228,0.921921921921922,307,27,25,39,split_040,split_040,output/all_satisfying_primordia_splits/split_040/neighbor_pairs_train.csv,output/all_satisfying_primordia_splits/split_040/neighbor_pairs_test.csv,output/all_satisfying_primordia_splits/split_040/primordium_assignment.csv,5383,2190,7573,7624,51,exception_label,1,0.7108147365641093,0.2891852634358907,7,5,sample1;sample10;sample4;sample5;sample7;sample8;sample9,sample11;sample12;sample2;sample3;sample6,782,332,1114,4601,1858,0.1452721530744938,0.15159817351598173,0.006326020441487945
selected4,lightgbm,4,0.0402010050251256,"{""lgbm_colsample_bytree"": 0.8, ""lgbm_learning_rate"": 0.02, ""lgbm_max_depth"": -1, ""lgbm_min_child_samples"": 20, ""lgbm_n_estimators"": 1500, ""lgbm_num_leaves"": 63, ""lgbm_reg_alpha"": 0.0, ""lgbm_reg_lambda"": 1.0, ""lgbm_subsample"": 0.8}",output/all_satisfying_primordia_splits/split_040/models/selected4/lightgbm/hyperparameter_search_train_cv.csv,0.9085390168958803,0.987666697609938,0.926489226869455,0.9347826086956522,0.9306174411203056,output/all_satisfying_primordia_splits/split_040/models/selected4/lightgbm/training_summary.json,0.9207317073170732,0.9096385542168676,0.9151515151515152,302,26,30,39,split_040,split_040,output/all_satisfying_primordia_splits/split_040/neighbor_pairs_train.csv,output/all_satisfying_primordia_splits/split_040/neighbor_pairs_test.csv,output/all_satisfying_primordia_splits/split_040/primordium_assignment.csv,5383,2190,7573,7624,51,exception_label,1,0.7108147365641093,0.2891852634358907,7,5,sample1;sample10;sample4;sample5;sample7;sample8;sample9,sample11;sample12;sample2;sample3;sample6,782,332,1114,4601,1858,0.1452721530744938,0.15159817351598173,0.006326020441487945
all,lr,49,0.4020100502512563,"{""lr_C"": 1.0}",output/all_satisfying_primordia_splits/split_041/models/all/lr/hyperparameter_search_train_cv.csv,0.959252779757874,0.993595766114628,0.9304123711340206,0.9601063829787234,0.9450261780104712,output/all_satisfying_primordia_splits/split_041/models/all/lr/training_summary.json,0.922872340425532,0.9585635359116024,0.940379403794038,347,29,15,40,split_041,split_041,output/all_satisfying_primordia_splits/split_041/neighbor_pairs_train.csv,output/all_satisfying_primordia_splits/split_041/neighbor_pairs_test.csv,output/all_satisfying_primordia_splits/split_041/primordium_assignment.csv,5219,2354,7573,7624,51,exception_label,1,0.6891588538227915,0.3108411461772085,7,5,sample1;sample11;sample2;sample4;sample7;sample8;sample9,sample10;sample12;sample3;sample5;sample6,752,362,1114,4467,1992,0.14408890592067447,0.15378079864061173,0.009691892719937256
all,svm,49,0.1507537688442211,"{""svm_C"": 1.0, ""svm_calib_method"": ""sigmoid""}",output/all_satisfying_primordia_splits/split_041/models/all/svm/hyperparameter_search_train_cv.csv,0.9584340027193916,0.993609162225112,0.9282051282051282,0.9627659574468084,0.9451697127937336,output/all_satisfying_primordia_splits/split_041/models/all/svm/training_summary.json,0.9329758713136728,0.9613259668508288,0.946938775510204,348,25,14,40,split_041,split_041,output/all_satisfying_primordia_splits/split_041/neighbor_pairs_train.csv,output/all_satisfying_primordia_splits/split_041/neighbor_pairs_test.csv,output/all_satisfying_primordia_splits/split_041/primordium_assignment.csv,5219,2354,7573,7624,51,exception_label,1,0.6891588538227915,0.3108411461772085,7,5,sample1;sample11;sample2;sample4;sample7;sample8;sample9,sample10;sample12;sample3;sample5;sample6,752,362,1114,4467,1992,0.14408890592067447,0.15378079864061173,0.009691892719937256
all,xgboost,49,0.1608040201005025,"{""xgb_colsample_bytree"": 0.8, ""xgb_gamma"": 0.0, ""xgb_learning_rate"": 0.05, ""xgb_max_depth"": 4, ""xgb_min_child_weight"": 1.0, ""xgb_n_estimators"": 600, ""xgb_reg_alpha"": 0.0, ""xgb_reg_lambda"": 1.0, ""xgb_subsample"": 0.8}",output/all_satisfying_primordia_splits/split_041/models/all/xgboost/hyperparameter_search_train_cv.csv,0.9476227506565504,0.992224153246741,0.9453333333333334,0.9428191489361702,0.9440745672436752,output/all_satisfying_primordia_splits/split_041/models/all/xgboost/training_summary.json,0.9501385041551248,0.947513812154696,0.9488243430152145,343,18,19,40,split_041,split_041,output/all_satisfying_primordia_splits/split_041/neighbor_pairs_train.csv,output/all_satisfying_primordia_splits/split_041/neighbor_pairs_test.csv,output/all_satisfying_primordia_splits/split_041/primordium_assignment.csv,5219,2354,7573,7624,51,exception_label,1,0.6891588538227915,0.3108411461772085,7,5,sample1;sample11;sample2;sample4;sample7;sample8;sample9,sample10;sample12;sample3;sample5;sample6,752,362,1114,4467,1992,0.14408890592067447,0.15378079864061173,0.009691892719937256
all,lightgbm,49,0.0402010050251256,"{""lgbm_colsample_bytree"": 0.8, ""lgbm_learning_rate"": 0.02, ""lgbm_max_depth"": -1, ""lgbm_min_child_samples"": 20, ""lgbm_n_estimators"": 1500, ""lgbm_num_leaves"": 63, ""lgbm_reg_alpha"": 0.0, ""lgbm_reg_lambda"": 1.0, ""lgbm_subsample"": 0.8}",output/all_satisfying_primordia_splits/split_041/models/all/lightgbm/hyperparameter_search_train_cv.csv,0.9450816655277468,0.991456556116009,0.9445178335535006,0.9507978723404256,0.9476474486414844,output/all_satisfying_primordia_splits/split_041/models/all/lightgbm/training_summary.json,0.93646408839779,0.93646408839779,0.93646408839779,339,23,23,40,split_041,split_041,output/all_satisfying_primordia_splits/split_041/neighbor_pairs_train.csv,output/all_satisfying_primordia_splits/split_041/neighbor_pairs_test.csv,output/all_satisfying_primordia_splits/split_041/primordium_assignment.csv,5219,2354,7573,7624,51,exception_label,1,0.6891588538227915,0.3108411461772085,7,5,sample1;sample11;sample2;sample4;sample7;sample8;sample9,sample10;sample12;sample3;sample5;sample6,752,362,1114,4467,1992,0.14408890592067447,0.15378079864061173,0.009691892719937256
selected4,lr,4,0.457286432160804,"{""lr_C"": 1.0}",output/all_satisfying_primordia_splits/split_041/models/selected4/lr/hyperparameter_search_train_cv.csv,0.9444395491985186,0.9918176557163882,0.9235668789808916,0.964095744680851,0.9433962264150942,output/all_satisfying_primordia_splits/split_041/models/selected4/lr/training_summary.json,0.9171122994652406,0.947513812154696,0.9320652173913044,343,31,19,40,split_041,split_041,output/all_satisfying_primordia_splits/split_041/neighbor_pairs_train.csv,output/all_satisfying_primordia_splits/split_041/neighbor_pairs_test.csv,output/all_satisfying_primordia_splits/split_041/primordium_assignment.csv,5219,2354,7573,7624,51,exception_label,1,0.6891588538227915,0.3108411461772085,7,5,sample1;sample11;sample2;sample4;sample7;sample8;sample9,sample10;sample12;sample3;sample5;sample6,752,362,1114,4467,1992,0.14408890592067447,0.15378079864061173,0.009691892719937256
selected4,svm,4,0.1608040201005025,"{""svm_C"": 1.0, ""svm_calib_method"": ""sigmoid""}",output/all_satisfying_primordia_splits/split_041/models/selected4/svm/hyperparameter_search_train_cv.csv,0.943424407608066,0.991782528137786,0.9243589743589744,0.9587765957446808,0.941253263707572,output/all_satisfying_primordia_splits/split_041/models/selected4/svm/training_summary.json,0.9247311827956988,0.9502762430939228,0.9373297002724796,344,28,18,40,split_041,split_041,output/all_satisfying_primordia_splits/split_041/neighbor_pairs_train.csv,output/all_satisfying_primordia_splits/split_041/neighbor_pairs_test.csv,output/all_satisfying_primordia_splits/split_041/primordium_assignment.csv,5219,2354,7573,7624,51,exception_label,1,0.6891588538227915,0.3108411461772085,7,5,sample1;sample11;sample2;sample4;sample7;sample8;sample9,sample10;sample12;sample3;sample5;sample6,752,362,1114,4467,1992,0.14408890592067447,0.15378079864061173,0.009691892719937256
selected4,xgboost,4,0.0854271356783919,"{""xgb_colsample_bytree"": 0.8, ""xgb_gamma"": 0.0, ""xgb_learning_rate"": 0.05, ""xgb_max_depth"": 4, ""xgb_min_child_weight"": 1.0, ""xgb_n_estimators"": 600, ""xgb_reg_alpha"": 0.0, ""xgb_reg_lambda"": 1.0, ""xgb_subsample"": 0.8}",output/all_satisfying_primordia_splits/split_041/models/selected4/xgboost/hyperparameter_search_train_cv.csv,0.9144627352462668,0.9889604141958284,0.9115384615384616,0.9454787234042552,0.9281984334203656,output/all_satisfying_primordia_splits/split_041/models/selected4/xgboost/training_summary.json,0.904,0.93646408839779,0.9199457259158752,339,36,23,40,split_041,split_041,output/all_satisfying_primordia_splits/split_041/neighbor_pairs_train.csv,output/all_satisfying_primordia_splits/split_041/neighbor_pairs_test.csv,output/all_satisfying_primordia_splits/split_041/primordium_assignment.csv,5219,2354,7573,7624,51,exception_label,1,0.6891588538227915,0.3108411461772085,7,5,sample1;sample11;sample2;sample4;sample7;sample8;sample9,sample10;sample12;sample3;sample5;sample6,752,362,1114,4467,1992,0.14408890592067447,0.15378079864061173,0.009691892719937256
selected4,lightgbm,4,0.0050251256281407,"{""lgbm_colsample_bytree"": 0.8, ""lgbm_learning_rate"": 0.02, ""lgbm_max_depth"": -1, ""lgbm_min_child_samples"": 20, ""lgbm_n_estimators"": 1500, ""lgbm_num_leaves"": 63, ""lgbm_reg_alpha"": 0.0, ""lgbm_reg_lambda"": 1.0, ""lgbm_subsample"": 0.8}",output/all_satisfying_primordia_splits/split_041/models/selected4/lightgbm/hyperparameter_search_train_cv.csv,0.9106546935807764,0.9870453657793083,0.9044585987261148,0.9441489361702128,0.9238776837996096,output/all_satisfying_primordia_splits/split_041/models/selected4/lightgbm/training_summary.json,0.9078947368421052,0.9530386740331492,0.9299191374663072,345,35,17,40,split_041,split_041,output/all_satisfying_primordia_splits/split_041/neighbor_pairs_train.csv,output/all_satisfying_primordia_splits/split_041/neighbor_pairs_test.csv,output/all_satisfying_primordia_splits/split_041/primordium_assignment.csv,5219,2354,7573,7624,51,exception_label,1,0.6891588538227915,0.3108411461772085,7,5,sample1;sample11;sample2;sample4;sample7;sample8;sample9,sample10;sample12;sample3;sample5;sample6,752,362,1114,4467,1992,0.14408890592067447,0.15378079864061173,0.009691892719937256
all,lr,49,0.678391959798995,"{""lr_C"": 1.0}",output/all_satisfying_primordia_splits/split_042/models/all/lr/hyperparameter_search_train_cv.csv,0.9590158013650903,0.9935334329865578,0.9559014267185474,0.9485199485199484,0.9521963824289406,output/all_satisfying_primordia_splits/split_042/models/all/lr/training_summary.json,0.9429429429429428,0.9317507418397626,0.9373134328358208,314,19,23,41,split_042,split_042,output/all_satisfying_primordia_splits/split_042/neighbor_pairs_train.csv,output/all_satisfying_primordia_splits/split_042/neighbor_pairs_test.csv,output/all_satisfying_primordia_splits/split_042/primordium_assignment.csv,5385,2188,7573,7624,51,exception_label,1,0.711078832695101,0.288921167304899,7,5,sample1;sample11;sample2;sample4;sample5;sample6;sample8,sample10;sample12;sample3;sample7;sample9,777,337,1114,4608,1851,0.14428969359331476,0.1540219378427788,0.009732244249464034
all,svm,49,0.2663316582914573,"{""svm_C"": 1.0, ""svm_calib_method"": ""sigmoid""}",output/all_satisfying_primordia_splits/split_042/models/all/svm/hyperparameter_search_train_cv.csv,0.958642388486669,0.9934691946410696,0.9496124031007752,0.945945945945946,0.9477756286266924,output/all_satisfying_primordia_splits/split_042/models/all/svm/training_summary.json,0.9432835820895522,0.9376854599406528,0.9404761904761904,316,19,21,41,split_042,split_042,output/all_satisfying_primordia_splits/split_042/neighbor_pairs_train.csv,output/all_satisfying_primordia_splits/split_042/neighbor_pairs_test.csv,output/all_satisfying_primordia_splits/split_042/primordium_assignment.csv,5385,2188,7573,7624,51,exception_label,1,0.711078832695101,0.288921167304899,7,5,sample1;sample11;sample2;sample4;sample5;sample6;sample8,sample10;sample12;sample3;sample7;sample9,777,337,1114,4608,1851,0.14428969359331476,0.1540219378427788,0.009732244249464034
all,xgboost,49,0.3165829145728643,"{""xgb_colsample_bytree"": 0.8, ""xgb_gamma"": 0.0, ""xgb_learning_rate"": 0.05, ""xgb_max_depth"": 4, ""xgb_min_child_weight"": 1.0, ""xgb_n_estimators"": 600, ""xgb_reg_alpha"": 0.0, ""xgb_reg_lambda"": 1.0, ""xgb_subsample"": 0.8}",output/all_satisfying_primordia_splits/split_042/models/all/xgboost/hyperparameter_search_train_cv.csv,0.9529010675395394,0.9924740588803088,0.9569752281616688,0.9446589446589446,0.9507772020725388,output/all_satisfying_primordia_splits/split_042/models/all/xgboost/training_summary.json,0.9427710843373494,0.9287833827893176,0.9357249626307922,313,19,24,41,split_042,split_042,output/all_satisfying_primordia_splits/split_042/neighbor_pairs_train.csv,output/all_satisfying_primordia_splits/split_042/neighbor_pairs_test.csv,output/all_satisfying_primordia_splits/split_042/primordium_assignment.csv,5385,2188,7573,7624,51,exception_label,1,0.711078832695101,0.288921167304899,7,5,sample1;sample11;sample2;sample4;sample5;sample6;sample8,sample10;sample12;sample3;sample7;sample9,777,337,1114,4608,1851,0.14428969359331476,0.1540219378427788,0.009732244249464034
all,lightgbm,49,0.1959798994974874,"{""lgbm_colsample_bytree"": 0.8, ""lgbm_learning_rate"": 0.02, ""lgbm_max_depth"": -1, ""lgbm_min_child_samples"": 20, ""lgbm_n_estimators"": 1500, ""lgbm_num_leaves"": 63, ""lgbm_reg_alpha"": 0.0, ""lgbm_reg_lambda"": 1.0, ""lgbm_subsample"": 0.8}",output/all_satisfying_primordia_splits/split_042/models/all/lightgbm/hyperparameter_search_train_cv.csv,0.9446545882869484,0.992200626966252,0.9540682414698164,0.9356499356499356,0.9447693307342432,output/all_satisfying_primordia_splits/split_042/models/all/lightgbm/training_summary.json,0.9483282674772036,0.9258160237388724,0.936936936936937,312,17,25,41,split_042,split_042,output/all_satisfying_primordia_splits/split_042/neighbor_pairs_train.csv,output/all_satisfying_primordia_splits/split_042/neighbor_pairs_test.csv,output/all_satisfying_primordia_splits/split_042/primordium_assignment.csv,5385,2188,7573,7624,51,exception_label,1,0.711078832695101,0.288921167304899,7,5,sample1;sample11;sample2;sample4;sample5;sample6;sample8,sample10;sample12;sample3;sample7;sample9,777,337,1114,4608,1851,0.14428969359331476,0.1540219378427788,0.009732244249464034
selected4,lr,4,0.6030150753768845,"{""lr_C"": 1.0}",output/all_satisfying_primordia_splits/split_042/models/selected4/lr/hyperparameter_search_train_cv.csv,0.9435294822015232,0.9916417533605034,0.9414012738853504,0.9510939510939512,0.9462227912932138,output/all_satisfying_primordia_splits/split_042/models/selected4/lr/training_summary.json,0.9203539823008848,0.9258160237388724,0.923076923076923,312,27,25,41,split_042,split_042,output/all_satisfying_primordia_splits/split_042/neighbor_pairs_train.csv,output/all_satisfying_primordia_splits/split_042/neighbor_pairs_test.csv,output/all_satisfying_primordia_splits/split_042/primordium_assignment.csv,5385,2188,7573,7624,51,exception_label,1,0.711078832695101,0.288921167304899,7,5,sample1;sample11;sample2;sample4;sample5;sample6;sample8,sample10;sample12;sample3;sample7;sample9,777,337,1114,4608,1851,0.14428969359331476,0.1540219378427788,0.009732244249464034
selected4,svm,4,0.236180904522613,"{""svm_C"": 1.0, ""svm_calib_method"": ""sigmoid""}",output/all_satisfying_primordia_splits/split_042/models/selected4/svm/hyperparameter_search_train_cv.csv,0.9430396075692068,0.9916194095881596,0.9470967741935484,0.9446589446589446,0.945876288659794,output/all_satisfying_primordia_splits/split_042/models/selected4/svm/training_summary.json,0.9201183431952664,0.9228486646884272,0.9214814814814816,311,27,26,41,split_042,split_042,output/all_satisfying_primordia_splits/split_042/neighbor_pairs_train.csv,output/all_satisfying_primordia_splits/split_042/neighbor_pairs_test.csv,output/all_satisfying_primordia_splits/split_042/primordium_assignment.csv,5385,2188,7573,7624,51,exception_label,1,0.711078832695101,0.288921167304899,7,5,sample1;sample11;sample2;sample4;sample5;sample6;sample8,sample10;sample12;sample3;sample7;sample9,777,337,1114,4608,1851,0.14428969359331476,0.1540219378427788,0.009732244249464034
selected4,xgboost,4,0.0653266331658291,"{""xgb_colsample_bytree"": 0.8, ""xgb_gamma"": 0.0, ""xgb_learning_rate"": 0.05, ""xgb_max_depth"": 4, ""xgb_min_child_weight"": 1.0, ""xgb_n_estimators"": 600, ""xgb_reg_alpha"": 0.0, ""xgb_reg_lambda"": 1.0, ""xgb_subsample"": 0.8}",output/all_satisfying_primordia_splits/split_042/models/selected4/xgboost/hyperparameter_search_train_cv.csv,0.9142349012205492,0.988926147129272,0.9103194103194104,0.9536679536679536,0.9314896291640478,output/all_satisfying_primordia_splits/split_042/models/selected4/xgboost/training_summary.json,0.8892045454545454,0.9287833827893176,0.9085631349782292,313,39,24,41,split_042,split_042,output/all_satisfying_primordia_splits/split_042/neighbor_pairs_train.csv,output/all_satisfying_primordia_splits/split_042/neighbor_pairs_test.csv,output/all_satisfying_primordia_splits/split_042/primordium_assignment.csv,5385,2188,7573,7624,51,exception_label,1,0.711078832695101,0.288921167304899,7,5,sample1;sample11;sample2;sample4;sample5;sample6;sample8,sample10;sample12;sample3;sample7;sample9,777,337,1114,4608,1851,0.14428969359331476,0.1540219378427788,0.009732244249464034
selected4,lightgbm,4,0.0050251256281407,"{""lgbm_colsample_bytree"": 0.8, ""lgbm_learning_rate"": 0.02, ""lgbm_max_depth"": -1, ""lgbm_min_child_samples"": 20, ""lgbm_n_estimators"": 1500, ""lgbm_num_leaves"": 63, ""lgbm_reg_alpha"": 0.0, ""lgbm_reg_lambda"": 1.0, ""lgbm_subsample"": 0.8}",output/all_satisfying_primordia_splits/split_042/models/selected4/lightgbm/hyperparameter_search_train_cv.csv,0.9146943216747054,0.9878879996067496,0.8990267639902676,0.9510939510939512,0.9243277048155096,output/all_satisfying_primordia_splits/split_042/models/selected4/lightgbm/training_summary.json,0.886685552407932,0.9287833827893176,0.9072463768115944,313,40,24,41,split_042,split_042,output/all_satisfying_primordia_splits/split_042/neighbor_pairs_train.csv,output/all_satisfying_primordia_splits/split_042/neighbor_pairs_test.csv,output/all_satisfying_primordia_splits/split_042/primordium_assignment.csv,5385,2188,7573,7624,51,exception_label,1,0.711078832695101,0.288921167304899,7,5,sample1;sample11;sample2;sample4;sample5;sample6;sample8,sample10;sample12;sample3;sample7;sample9,777,337,1114,4608,1851,0.14428969359331476,0.1540219378427788,0.009732244249464034
all,lr,49,0.3919597989949749,"{""lr_C"": 1.0}",output/all_satisfying_primordia_splits/split_043/models/all/lr/hyperparameter_search_train_cv.csv,0.9578812757383266,0.993616146668311,0.933500627352572,0.9725490196078432,0.9526248399487836,output/all_satisfying_primordia_splits/split_043/models/all/lr/training_summary.json,0.9173553719008264,0.9541547277936964,0.9353932584269664,333,30,16,42,split_043,split_043,output/all_satisfying_primordia_splits/split_043/neighbor_pairs_train.csv,output/all_satisfying_primordia_splits/split_043/neighbor_pairs_test.csv,output/all_satisfying_primordia_splits/split_043/primordium_assignment.csv,5217,2356,7573,7624,51,exception_label,1,0.6888947576917999,0.3111052423082002,7,5,sample1;sample10;sample2;sample3;sample4;sample7;sample8,sample11;sample12;sample5;sample6;sample9,765,349,1114,4452,2007,0.1466359976998275,0.14813242784380307,0.0014964301439755745
all,svm,49,0.1658291457286432,"{""svm_C"": 1.0, ""svm_calib_method"": ""sigmoid""}",output/all_satisfying_primordia_splits/split_043/models/all/svm/hyperparameter_search_train_cv.csv,0.9565647457202364,0.9933272260686246,0.9272271016311168,0.9660130718954248,0.9462227912932136,output/all_satisfying_primordia_splits/split_043/models/all/svm/training_summary.json,0.922437673130194,0.9541547277936964,0.9380281690140844,333,28,16,42,split_043,split_043,output/all_satisfying_primordia_splits/split_043/neighbor_pairs_train.csv,output/all_satisfying_primordia_splits/split_043/neighbor_pairs_test.csv,output/all_satisfying_primordia_splits/split_043/primordium_assignment.csv,5217,2356,7573,7624,51,exception_label,1,0.6888947576917999,0.3111052423082002,7,5,sample1;sample10;sample2;sample3;sample4;sample7;sample8,sample11;sample12;sample5;sample6;sample9,765,349,1114,4452,2007,0.1466359976998275,0.14813242784380307,0.0014964301439755745
all,xgboost,49,0.2412060301507537,"{""xgb_colsample_bytree"": 0.8, ""xgb_gamma"": 0.0, ""xgb_learning_rate"": 0.05, ""xgb_max_depth"": 4, ""xgb_min_child_weight"": 1.0, ""xgb_n_estimators"": 600, ""xgb_reg_alpha"": 0.0, ""xgb_reg_lambda"": 1.0, ""xgb_subsample"": 0.8}",output/all_satisfying_primordia_splits/split_043/models/all/xgboost/hyperparameter_search_train_cv.csv,0.956193403290618,0.993427056357134,0.9463350785340314,0.9450980392156862,0.945716154349248,output/all_satisfying_primordia_splits/split_043/models/all/xgboost/training_summary.json,0.95,0.9255014326647564,0.9375907111756168,323,17,26,42,split_043,split_043,output/all_satisfying_primordia_splits/split_043/neighbor_pairs_train.csv,output/all_satisfying_primordia_splits/split_043/neighbor_pairs_test.csv,output/all_satisfying_primordia_splits/split_043/primordium_assignment.csv,5217,2356,7573,7624,51,exception_label,1,0.6888947576917999,0.3111052423082002,7,5,sample1;sample10;sample2;sample3;sample4;sample7;sample8,sample11;sample12;sample5;sample6;sample9,765,349,1114,4452,2007,0.1466359976998275,0.14813242784380307,0.0014964301439755745
all,lightgbm,49,0.0251256281407035,"{""lgbm_colsample_bytree"": 0.8, ""lgbm_learning_rate"": 0.02, ""lgbm_max_depth"": -1, ""lgbm_min_child_samples"": 20, ""lgbm_n_estimators"": 1500, ""lgbm_num_leaves"": 63, ""lgbm_reg_alpha"": 0.0, ""lgbm_reg_lambda"": 1.0, ""lgbm_subsample"": 0.8}",output/all_satisfying_primordia_splits/split_043/models/all/lightgbm/hyperparameter_search_train_cv.csv,0.9504210737893528,0.9930852844282368,0.935897435897436,0.954248366013072,0.9449838187702266,output/all_satisfying_primordia_splits/split_043/models/all/lightgbm/training_summary.json,0.9312320916905444,0.9312320916905444,0.9312320916905444,325,24,24,42,split_043,split_043,output/all_satisfying_primordia_splits/split_043/neighbor_pairs_train.csv,output/all_satisfying_primordia_splits/split_043/neighbor_pairs_test.csv,output/all_satisfying_primordia_splits/split_043/primordium_assignment.csv,5217,2356,7573,7624,51,exception_label,1,0.6888947576917999,0.3111052423082002,7,5,sample1;sample10;sample2;sample3;sample4;sample7;sample8,sample11;sample12;sample5;sample6;sample9,765,349,1114,4452,2007,0.1466359976998275,0.14813242784380307,0.0014964301439755745
selected4,lr,4,0.4221105527638191,"{""lr_C"": 1.0}",output/all_satisfying_primordia_splits/split_043/models/selected4/lr/hyperparameter_search_train_cv.csv,0.939157438328946,0.9912017217788582,0.9189526184538652,0.9633986928104576,0.9406509253350352,output/all_satisfying_primordia_splits/split_043/models/selected4/lr/training_summary.json,0.9192200557103064,0.9455587392550144,0.9322033898305084,330,29,19,42,split_043,split_043,output/all_satisfying_primordia_splits/split_043/neighbor_pairs_train.csv,output/all_satisfying_primordia_splits/split_043/neighbor_pairs_test.csv,output/all_satisfying_primordia_splits/split_043/primordium_assignment.csv,5217,2356,7573,7624,51,exception_label,1,0.6888947576917999,0.3111052423082002,7,5,sample1;sample10;sample2;sample3;sample4;sample7;sample8,sample11;sample12;sample5;sample6;sample9,765,349,1114,4452,2007,0.1466359976998275,0.14813242784380307,0.0014964301439755745
selected4,svm,4,0.1457286432160804,"{""svm_C"": 1.0, ""svm_calib_method"": ""sigmoid""}",output/all_satisfying_primordia_splits/split_043/models/selected4/svm/hyperparameter_search_train_cv.csv,0.938975300860415,0.9911817557211564,0.92125,0.9633986928104576,0.94185303514377,output/all_satisfying_primordia_splits/split_043/models/selected4/svm/training_summary.json,0.9301675977653632,0.9541547277936964,0.942008486562942,333,25,16,42,split_043,split_043,output/all_satisfying_primordia_splits/split_043/neighbor_pairs_train.csv,output/all_satisfying_primordia_splits/split_043/neighbor_pairs_test.csv,output/all_satisfying_primordia_splits/split_043/primordium_assignment.csv,5217,2356,7573,7624,51,exception_label,1,0.6888947576917999,0.3111052423082002,7,5,sample1;sample10;sample2;sample3;sample4;sample7;sample8,sample11;sample12;sample5;sample6;sample9,765,349,1114,4452,2007,0.1466359976998275,0.14813242784380307,0.0014964301439755745
selected4,xgboost,4,0.0904522613065326,"{""xgb_colsample_bytree"": 0.8, ""xgb_gamma"": 0.0, ""xgb_learning_rate"": 0.05, ""xgb_max_depth"": 4, ""xgb_min_child_weight"": 1.0, ""xgb_n_estimators"": 600, ""xgb_reg_alpha"": 0.0, ""xgb_reg_lambda"": 1.0, ""xgb_subsample"": 0.8}",output/all_satisfying_primordia_splits/split_043/models/selected4/xgboost/hyperparameter_search_train_cv.csv,0.9356450166585444,0.9904738415282256,0.919496855345912,0.9555555555555556,0.9371794871794872,output/all_satisfying_primordia_splits/split_043/models/selected4/xgboost/training_summary.json,0.8916666666666667,0.9197707736389684,0.9055007052186178,321,39,28,42,split_043,split_043,output/all_satisfying_primordia_splits/split_043/neighbor_pairs_train.csv,output/all_satisfying_primordia_splits/split_043/neighbor_pairs_test.csv,output/all_satisfying_primordia_splits/split_043/primordium_assignment.csv,5217,2356,7573,7624,51,exception_label,1,0.6888947576917999,0.3111052423082002,7,5,sample1;sample10;sample2;sample3;sample4;sample7;sample8,sample11;sample12;sample5;sample6;sample9,765,349,1114,4452,2007,0.1466359976998275,0.14813242784380307,0.0014964301439755745
selected4,lightgbm,4,0.0050251256281407,"{""lgbm_colsample_bytree"": 0.8, ""lgbm_learning_rate"": 0.02, ""lgbm_max_depth"": -1, ""lgbm_min_child_samples"": 20, ""lgbm_n_estimators"": 1500, ""lgbm_num_leaves"": 63, ""lgbm_reg_alpha"": 0.0, ""lgbm_reg_lambda"": 1.0, ""lgbm_subsample"": 0.8}",output/all_satisfying_primordia_splits/split_043/models/selected4/lightgbm/hyperparameter_search_train_cv.csv,0.928105007755347,0.9887068454216068,0.9053549190535491,0.9503267973856208,0.927295918367347,output/all_satisfying_primordia_splits/split_043/models/selected4/lightgbm/training_summary.json,0.8876712328767123,0.9283667621776504,0.907563025210084,324,41,25,42,split_043,split_043,output/all_satisfying_primordia_splits/split_043/neighbor_pairs_train.csv,output/all_satisfying_primordia_splits/split_043/neighbor_pairs_test.csv,output/all_satisfying_primordia_splits/split_043/primordium_assignment.csv,5217,2356,7573,7624,51,exception_label,1,0.6888947576917999,0.3111052423082002,7,5,sample1;sample10;sample2;sample3;sample4;sample7;sample8,sample11;sample12;sample5;sample6;sample9,765,349,1114,4452,2007,0.1466359976998275,0.14813242784380307,0.0014964301439755745
all,lr,49,0.3969849246231156,"{""lr_C"": 1.0}",output/all_satisfying_primordia_splits/split_044/models/all/lr/hyperparameter_search_train_cv.csv,0.9526294723161672,0.9925271769224296,0.9322660098522167,0.965561224489796,0.9486215538847116,output/all_satisfying_primordia_splits/split_044/models/all/lr/training_summary.json,0.9251497005988024,0.9363636363636364,0.9307228915662652,309,25,21,43,split_044,split_044,output/all_satisfying_primordia_splits/split_044/neighbor_pairs_train.csv,output/all_satisfying_primordia_splits/split_044/neighbor_pairs_test.csv,output/all_satisfying_primordia_splits/split_044/primordium_assignment.csv,5391,2182,7573,7624,51,exception_label,1,0.711871121088076,0.28812887891192396,9,3,sample1;sample11;sample12;sample3;sample4;sample5;sample7;sample8;sample9,sample10;sample2;sample6,784,330,1114,4607,1852,0.14542756445928398,0.15123739688359303,0.005809832424309047
all,svm,49,0.1055276381909547,"{""svm_C"": 1.0, ""svm_calib_method"": ""sigmoid""}",output/all_satisfying_primordia_splits/split_044/models/all/svm/hyperparameter_search_train_cv.csv,0.9523135121504624,0.9926348768289605,0.9253365973072216,0.9642857142857144,0.9444097439100562,output/all_satisfying_primordia_splits/split_044/models/all/svm/training_summary.json,0.9345238095238096,0.9515151515151516,0.942942942942943,314,22,16,43,split_044,split_044,output/all_satisfying_primordia_splits/split_044/neighbor_pairs_train.csv,output/all_satisfying_primordia_splits/split_044/neighbor_pairs_test.csv,output/all_satisfying_primordia_splits/split_044/primordium_assignment.csv,5391,2182,7573,7624,51,exception_label,1,0.711871121088076,0.28812887891192396,9,3,sample1;sample11;sample12;sample3;sample4;sample5;sample7;sample8;sample9,sample10;sample2;sample6,784,330,1114,4607,1852,0.14542756445928398,0.15123739688359303,0.005809832424309047
all,xgboost,49,0.1909547738693467,"{""xgb_colsample_bytree"": 0.8, ""xgb_gamma"": 0.0, ""xgb_learning_rate"": 0.05, ""xgb_max_depth"": 4, ""xgb_min_child_weight"": 1.0, ""xgb_n_estimators"": 600, ""xgb_reg_alpha"": 0.0, ""xgb_reg_lambda"": 1.0, ""xgb_subsample"": 0.8}",output/all_satisfying_primordia_splits/split_044/models/all/xgboost/hyperparameter_search_train_cv.csv,0.9391035598217384,0.990851045215134,0.9411764705882352,0.9387755102040816,0.9399744572158366,output/all_satisfying_primordia_splits/split_044/models/all/xgboost/training_summary.json,0.9596273291925466,0.9363636363636364,0.9478527607361964,309,13,21,43,split_044,split_044,output/all_satisfying_primordia_splits/split_044/neighbor_pairs_train.csv,output/all_satisfying_primordia_splits/split_044/neighbor_pairs_test.csv,output/all_satisfying_primordia_splits/split_044/primordium_assignment.csv,5391,2182,7573,7624,51,exception_label,1,0.711871121088076,0.28812887891192396,9,3,sample1;sample11;sample12;sample3;sample4;sample5;sample7;sample8;sample9,sample10;sample2;sample6,784,330,1114,4607,1852,0.14542756445928398,0.15123739688359303,0.005809832424309047
all,lightgbm,49,0.1105527638190954,"{""lgbm_colsample_bytree"": 0.8, ""lgbm_learning_rate"": 0.02, ""lgbm_max_depth"": -1, ""lgbm_min_child_samples"": 20, ""lgbm_n_estimators"": 1500, ""lgbm_num_leaves"": 63, ""lgbm_reg_alpha"": 0.0, ""lgbm_reg_lambda"": 1.0, ""lgbm_subsample"": 0.8}",output/all_satisfying_primordia_splits/split_044/models/all/lightgbm/hyperparameter_search_train_cv.csv,0.9303909348710818,0.9905069038685584,0.9460847240051348,0.9400510204081632,0.9430582213691618,output/all_satisfying_primordia_splits/split_044/models/all/lightgbm/training_summary.json,0.9561128526645768,0.9242424242424242,0.9399075500770416,305,14,25,43,split_044,split_044,output/all_satisfying_primordia_splits/split_044/neighbor_pairs_train.csv,output/all_satisfying_primordia_splits/split_044/neighbor_pairs_test.csv,output/all_satisfying_primordia_splits/split_044/primordium_assignment.csv,5391,2182,7573,7624,51,exception_label,1,0.711871121088076,0.28812887891192396,9,3,sample1;sample11;sample12;sample3;sample4;sample5;sample7;sample8;sample9,sample10;sample2;sample6,784,330,1114,4607,1852,0.14542756445928398,0.15123739688359303,0.005809832424309047
selected4,lr,4,0.4522613065326633,"{""lr_C"": 1.0}",output/all_satisfying_primordia_splits/split_044/models/selected4/lr/hyperparameter_search_train_cv.csv,0.9367541420048632,0.9907710316598964,0.9274292742927428,0.9617346938775512,0.9442705072010018,output/all_satisfying_primordia_splits/split_044/models/selected4/lr/training_summary.json,0.9152046783625732,0.9484848484848484,0.9315476190476192,313,29,17,43,split_044,split_044,output/all_satisfying_primordia_splits/split_044/neighbor_pairs_train.csv,output/all_satisfying_primordia_splits/split_044/neighbor_pairs_test.csv,output/all_satisfying_primordia_splits/split_044/primordium_assignment.csv,5391,2182,7573,7624,51,exception_label,1,0.711871121088076,0.28812887891192396,9,3,sample1;sample11;sample12;sample3;sample4;sample5;sample7;sample8;sample9,sample10;sample2;sample6,784,330,1114,4607,1852,0.14542756445928398,0.15123739688359303,0.005809832424309047
selected4,svm,4,0.1457286432160804,"{""svm_C"": 1.0, ""svm_calib_method"": ""sigmoid""}",output/all_satisfying_primordia_splits/split_044/models/selected4/svm/hyperparameter_search_train_cv.csv,0.9357333601454786,0.990719535046491,0.9273399014778324,0.9604591836734694,0.9436090225563912,output/all_satisfying_primordia_splits/split_044/models/selected4/svm/training_summary.json,0.923529411764706,0.9515151515151516,0.9373134328358208,314,26,16,43,split_044,split_044,output/all_satisfying_primordia_splits/split_044/neighbor_pairs_train.csv,output/all_satisfying_primordia_splits/split_044/neighbor_pairs_test.csv,output/all_satisfying_primordia_splits/split_044/primordium_assignment.csv,5391,2182,7573,7624,51,exception_label,1,0.711871121088076,0.28812887891192396,9,3,sample1;sample11;sample12;sample3;sample4;sample5;sample7;sample8;sample9,sample10;sample2;sample6,784,330,1114,4607,1852,0.14542756445928398,0.15123739688359303,0.005809832424309047
selected4,xgboost,4,0.0351758793969849,"{""xgb_colsample_bytree"": 0.8, ""xgb_gamma"": 0.0, ""xgb_learning_rate"": 0.05, ""xgb_max_depth"": 4, ""xgb_min_child_weight"": 1.0, ""xgb_n_estimators"": 600, ""xgb_reg_alpha"": 0.0, ""xgb_reg_lambda"": 1.0, ""xgb_subsample"": 0.8}",output/all_satisfying_primordia_splits/split_044/models/selected4/xgboost/hyperparameter_search_train_cv.csv,0.9115342336222938,0.9884182455269932,0.9072289156626506,0.9604591836734694,0.933085501858736,output/all_satisfying_primordia_splits/split_044/models/selected4/xgboost/training_summary.json,0.8982558139534884,0.9363636363636364,0.9169139465875372,309,35,21,43,split_044,split_044,output/all_satisfying_primordia_splits/split_044/neighbor_pairs_train.csv,output/all_satisfying_primordia_splits/split_044/neighbor_pairs_test.csv,output/all_satisfying_primordia_splits/split_044/primordium_assignment.csv,5391,2182,7573,7624,51,exception_label,1,0.711871121088076,0.28812887891192396,9,3,sample1;sample11;sample12;sample3;sample4;sample5;sample7;sample8;sample9,sample10;sample2;sample6,784,330,1114,4607,1852,0.14542756445928398,0.15123739688359303,0.005809832424309047
selected4,lightgbm,4,0.0100502512562814,"{""lgbm_colsample_bytree"": 0.8, ""lgbm_learning_rate"": 0.02, ""lgbm_max_depth"": -1, ""lgbm_min_child_samples"": 20, ""lgbm_n_estimators"": 1500, ""lgbm_num_leaves"": 63, ""lgbm_reg_alpha"": 0.0, ""lgbm_reg_lambda"": 1.0, ""lgbm_subsample"": 0.8}",output/all_satisfying_primordia_splits/split_044/models/selected4/lightgbm/hyperparameter_search_train_cv.csv,0.9088173734665352,0.9877199957473766,0.9110012360939432,0.9400510204081632,0.9252981795354676,output/all_satisfying_primordia_splits/split_044/models/selected4/lightgbm/training_summary.json,0.9020771513353116,0.9212121212121211,0.9115442278860568,304,33,26,43,split_044,split_044,output/all_satisfying_primordia_splits/split_044/neighbor_pairs_train.csv,output/all_satisfying_primordia_splits/split_044/neighbor_pairs_test.csv,output/all_satisfying_primordia_splits/split_044/primordium_assignment.csv,5391,2182,7573,7624,51,exception_label,1,0.711871121088076,0.28812887891192396,9,3,sample1;sample11;sample12;sample3;sample4;sample5;sample7;sample8;sample9,sample10;sample2;sample6,784,330,1114,4607,1852,0.14542756445928398,0.15123739688359303,0.005809832424309047
all,lr,49,0.5326633165829145,"{""lr_C"": 1.0}",output/all_satisfying_primordia_splits/split_045/models/all/lr/hyperparameter_search_train_cv.csv,0.9541240107749897,0.992934497988307,0.9317010309278352,0.9601593625498008,0.9457161543492478,output/all_satisfying_primordia_splits/split_045/models/all/lr/training_summary.json,0.9318801089918256,0.9473684210526316,0.9395604395604394,342,25,19,44,split_045,split_045,output/all_satisfying_primordia_splits/split_045/neighbor_pairs_train.csv,output/all_satisfying_primordia_splits/split_045/neighbor_pairs_test.csv,output/all_satisfying_primordia_splits/split_045/primordium_assignment.csv,5211,2362,7573,7624,51,exception_label,1,0.6881024692988248,0.3118975307011752,7,5,sample10;sample12;sample2;sample4;sample5;sample8;sample9,sample1;sample11;sample3;sample6;sample7,753,361,1114,4458,2001,0.1445020149683362,0.15283657917019475,0.008334564201858546
all,svm,49,0.3065326633165829,"{""svm_C"": 1.0, ""svm_calib_method"": ""sigmoid""}",output/all_satisfying_primordia_splits/split_045/models/all/svm/hyperparameter_search_train_cv.csv,0.9532006370791564,0.992964585504252,0.9403973509933776,0.9428950863213812,0.9416445623342176,output/all_satisfying_primordia_splits/split_045/models/all/svm/training_summary.json,0.9497206703910616,0.9418282548476454,0.945757997218359,340,18,21,44,split_045,split_045,output/all_satisfying_primordia_splits/split_045/neighbor_pairs_train.csv,output/all_satisfying_primordia_splits/split_045/neighbor_pairs_test.csv,output/all_satisfying_primordia_splits/split_045/primordium_assignment.csv,5211,2362,7573,7624,51,exception_label,1,0.6881024692988248,0.3118975307011752,7,5,sample10;sample12;sample2;sample4;sample5;sample8;sample9,sample1;sample11;sample3;sample6;sample7,753,361,1114,4458,2001,0.1445020149683362,0.15283657917019475,0.008334564201858546
all,xgboost,49,0.2512562814070351,"{""xgb_colsample_bytree"": 0.8, ""xgb_gamma"": 0.0, ""xgb_learning_rate"": 0.05, ""xgb_max_depth"": 4, ""xgb_min_child_weight"": 1.0, ""xgb_n_estimators"": 600, ""xgb_reg_alpha"": 0.0, ""xgb_reg_lambda"": 1.0, ""xgb_subsample"": 0.8}",output/all_satisfying_primordia_splits/split_045/models/all/xgboost/hyperparameter_search_train_cv.csv,0.9426066039978483,0.991700016145974,0.944,0.9402390438247012,0.942115768463074,output/all_satisfying_primordia_splits/split_045/models/all/xgboost/training_summary.json,0.9441340782122905,0.9362880886426592,0.9401947148817804,338,20,23,44,split_045,split_045,output/all_satisfying_primordia_splits/split_045/neighbor_pairs_train.csv,output/all_satisfying_primordia_splits/split_045/neighbor_pairs_test.csv,output/all_satisfying_primordia_splits/split_045/primordium_assignment.csv,5211,2362,7573,7624,51,exception_label,1,0.6881024692988248,0.3118975307011752,7,5,sample10;sample12;sample2;sample4;sample5;sample8;sample9,sample1;sample11;sample3;sample6;sample7,753,361,1114,4458,2001,0.1445020149683362,0.15283657917019475,0.008334564201858546
all,lightgbm,49,0.135678391959799,"{""lgbm_colsample_bytree"": 0.8, ""lgbm_learning_rate"": 0.02, ""lgbm_max_depth"": -1, ""lgbm_min_child_samples"": 20, ""lgbm_n_estimators"": 1500, ""lgbm_num_leaves"": 63, ""lgbm_reg_alpha"": 0.0, ""lgbm_reg_lambda"": 1.0, ""lgbm_subsample"": 0.8}",output/all_satisfying_primordia_splits/split_045/models/all/lightgbm/hyperparameter_search_train_cv.csv,0.9412068870462637,0.9915007235898636,0.9442231075697212,0.9442231075697212,0.9442231075697212,output/all_satisfying_primordia_splits/split_045/models/all/lightgbm/training_summary.json,0.9410112359550562,0.92797783933518,0.9344490934449092,335,21,26,44,split_045,split_045,output/all_satisfying_primordia_splits/split_045/neighbor_pairs_train.csv,output/all_satisfying_primordia_splits/split_045/neighbor_pairs_test.csv,output/all_satisfying_primordia_splits/split_045/primordium_assignment.csv,5211,2362,7573,7624,51,exception_label,1,0.6881024692988248,0.3118975307011752,7,5,sample10;sample12;sample2;sample4;sample5;sample8;sample9,sample1;sample11;sample3;sample6;sample7,753,361,1114,4458,2001,0.1445020149683362,0.15283657917019475,0.008334564201858546
selected4,lr,4,0.6030150753768845,"{""lr_C"": 1.0}",output/all_satisfying_primordia_splits/split_045/models/selected4/lr/hyperparameter_search_train_cv.csv,0.9372835915451776,0.9906299730046468,0.9331585845347312,0.9455511288180612,0.9393139841688656,output/all_satisfying_primordia_splits/split_045/models/selected4/lr/training_summary.json,0.952247191011236,0.9390581717451524,0.9456066945606696,339,17,22,44,split_045,split_045,output/all_satisfying_primordia_splits/split_045/neighbor_pairs_train.csv,output/all_satisfying_primordia_splits/split_045/neighbor_pairs_test.csv,output/all_satisfying_primordia_splits/split_045/primordium_assignment.csv,5211,2362,7573,7624,51,exception_label,1,0.6881024692988248,0.3118975307011752,7,5,sample10;sample12;sample2;sample4;sample5;sample8;sample9,sample1;sample11;sample3;sample6;sample7,753,361,1114,4458,2001,0.1445020149683362,0.15283657917019475,0.008334564201858546
selected4,svm,4,0.2060301507537688,"{""svm_C"": 1.0, ""svm_calib_method"": ""sigmoid""}",output/all_satisfying_primordia_splits/split_045/models/selected4/svm/hyperparameter_search_train_cv.csv,0.9366872479571284,0.9906034602430712,0.9282920469361148,0.9455511288180612,0.936842105263158,output/all_satisfying_primordia_splits/split_045/models/selected4/svm/training_summary.json,0.947075208913649,0.9418282548476454,0.9444444444444444,340,19,21,44,split_045,split_045,output/all_satisfying_primordia_splits/split_045/neighbor_pairs_train.csv,output/all_satisfying_primordia_splits/split_045/neighbor_pairs_test.csv,output/all_satisfying_primordia_splits/split_045/primordium_assignment.csv,5211,2362,7573,7624,51,exception_label,1,0.6881024692988248,0.3118975307011752,7,5,sample10;sample12;sample2;sample4;sample5;sample8;sample9,sample1;sample11;sample3;sample6;sample7,753,361,1114,4458,2001,0.1445020149683362,0.15283657917019475,0.008334564201858546
selected4,xgboost,4,0.4020100502512563,"{""xgb_colsample_bytree"": 0.8, ""xgb_gamma"": 0.0, ""xgb_learning_rate"": 0.05, ""xgb_max_depth"": 4, ""xgb_min_child_weight"": 1.0, ""xgb_n_estimators"": 600, ""xgb_reg_alpha"": 0.0, ""xgb_reg_lambda"": 1.0, ""xgb_subsample"": 0.8}",output/all_satisfying_primordia_splits/split_045/models/selected4/xgboost/hyperparameter_search_train_cv.csv,0.915986395305349,0.9889709890809129,0.927710843373494,0.9203187250996016,0.924,output/all_satisfying_primordia_splits/split_045/models/selected4/xgboost/training_summary.json,0.9376770538243626,0.9168975069252078,0.9271708683473392,331,22,30,44,split_045,split_045,output/all_satisfying_primordia_splits/split_045/neighbor_pairs_train.csv,output/all_satisfying_primordia_splits/split_045/neighbor_pairs_test.csv,output/all_satisfying_primordia_splits/split_045/primordium_assignment.csv,5211,2362,7573,7624,51,exception_label,1,0.6881024692988248,0.3118975307011752,7,5,sample10;sample12;sample2;sample4;sample5;sample8;sample9,sample1;sample11;sample3;sample6;sample7,753,361,1114,4458,2001,0.1445020149683362,0.15283657917019475,0.008334564201858546
selected4,lightgbm,4,0.0402010050251256,"{""lgbm_colsample_bytree"": 0.8, ""lgbm_learning_rate"": 0.02, ""lgbm_max_depth"": -1, ""lgbm_min_child_samples"": 20, ""lgbm_n_estimators"": 1500, ""lgbm_num_leaves"": 63, ""lgbm_reg_alpha"": 0.0, ""lgbm_reg_lambda"": 1.0, ""lgbm_subsample"": 0.8}",output/all_satisfying_primordia_splits/split_045/models/selected4/lightgbm/hyperparameter_search_train_cv.csv,0.9086256816066964,0.9876301582960816,0.9255874673629244,0.9415670650730412,0.933508887425938,output/all_satisfying_primordia_splits/split_045/models/selected4/lightgbm/training_summary.json,0.9287671232876712,0.9390581717451524,0.9338842975206612,339,26,22,44,split_045,split_045,output/all_satisfying_primordia_splits/split_045/neighbor_pairs_train.csv,output/all_satisfying_primordia_splits/split_045/neighbor_pairs_test.csv,output/all_satisfying_primordia_splits/split_045/primordium_assignment.csv,5211,2362,7573,7624,51,exception_label,1,0.6881024692988248,0.3118975307011752,7,5,sample10;sample12;sample2;sample4;sample5;sample8;sample9,sample1;sample11;sample3;sample6;sample7,753,361,1114,4458,2001,0.1445020149683362,0.15283657917019475,0.008334564201858546
all,lr,49,0.4723618090452261,"{""lr_C"": 1.0}",output/all_satisfying_primordia_splits/split_046/models/all/lr/hyperparameter_search_train_cv.csv,0.9540924414439816,0.9928297701976404,0.9327521793275216,0.9614890885750964,0.9469026548672568,output/all_satisfying_primordia_splits/split_046/models/all/lr/training_summary.json,0.935483870967742,0.9522388059701492,0.9437869822485206,319,22,16,45,split_046,split_046,output/all_satisfying_primordia_splits/split_046/neighbor_pairs_train.csv,output/all_satisfying_primordia_splits/split_046/neighbor_pairs_test.csv,output/all_satisfying_primordia_splits/split_046/primordium_assignment.csv,5393,2180,7573,7624,51,exception_label,1,0.7121352172190677,0.28786478278093225,8,4,sample10;sample11;sample12;sample2;sample4;sample5;sample8;sample9,sample1;sample3;sample6;sample7,779,335,1114,4614,1845,0.14444650472835158,0.1536697247706422,0.00922322004229062
all,svm,49,0.2311557788944723,"{""svm_C"": 1.0, ""svm_calib_method"": ""sigmoid""}",output/all_satisfying_primordia_splits/split_046/models/all/svm/hyperparameter_search_train_cv.csv,0.9536220508328852,0.9928442375245736,0.9364675984752224,0.9460847240051348,0.9412515964240102,output/all_satisfying_primordia_splits/split_046/models/all/svm/training_summary.json,0.940652818991098,0.946268656716418,0.9434523809523808,317,20,18,45,split_046,split_046,output/all_satisfying_primordia_splits/split_046/neighbor_pairs_train.csv,output/all_satisfying_primordia_splits/split_046/neighbor_pairs_test.csv,output/all_satisfying_primordia_splits/split_046/primordium_assignment.csv,5393,2180,7573,7624,51,exception_label,1,0.7121352172190677,0.28786478278093225,8,4,sample10;sample11;sample12;sample2;sample4;sample5;sample8;sample9,sample1;sample3;sample6;sample7,779,335,1114,4614,1845,0.14444650472835158,0.1536697247706422,0.00922322004229062
all,xgboost,49,0.2763819095477387,"{""xgb_colsample_bytree"": 0.8, ""xgb_gamma"": 0.0, ""xgb_learning_rate"": 0.05, ""xgb_max_depth"": 4, ""xgb_min_child_weight"": 1.0, ""xgb_n_estimators"": 600, ""xgb_reg_alpha"": 0.0, ""xgb_reg_lambda"": 1.0, ""xgb_subsample"": 0.8}",output/all_satisfying_primordia_splits/split_046/models/all/xgboost/hyperparameter_search_train_cv.csv,0.950710878432879,0.9923259177154088,0.954954954954955,0.9525032092426188,0.9537275064267352,output/all_satisfying_primordia_splits/split_046/models/all/xgboost/training_summary.json,0.9420731707317072,0.9223880597014924,0.9321266968325792,309,19,26,45,split_046,split_046,output/all_satisfying_primordia_splits/split_046/neighbor_pairs_train.csv,output/all_satisfying_primordia_splits/split_046/neighbor_pairs_test.csv,output/all_satisfying_primordia_splits/split_046/primordium_assignment.csv,5393,2180,7573,7624,51,exception_label,1,0.7121352172190677,0.28786478278093225,8,4,sample10;sample11;sample12;sample2;sample4;sample5;sample8;sample9,sample1;sample3;sample6;sample7,779,335,1114,4614,1845,0.14444650472835158,0.1536697247706422,0.00922322004229062
all,lightgbm,49,0.2613065326633166,"{""lgbm_colsample_bytree"": 0.8, ""lgbm_learning_rate"": 0.02, ""lgbm_max_depth"": -1, ""lgbm_min_child_samples"": 20, ""lgbm_n_estimators"": 1500, ""lgbm_num_leaves"": 63, ""lgbm_reg_alpha"": 0.0, ""lgbm_reg_lambda"": 1.0, ""lgbm_subsample"": 0.8}",output/all_satisfying_primordia_splits/split_046/models/all/lightgbm/hyperparameter_search_train_cv.csv,0.949653499020246,0.992229376129912,0.9582790091264668,0.9435173299101411,0.9508408796895214,output/all_satisfying_primordia_splits/split_046/models/all/lightgbm/training_summary.json,0.9480122324159022,0.9253731343283582,0.9365558912386708,310,17,25,45,split_046,split_046,output/all_satisfying_primordia_splits/split_046/neighbor_pairs_train.csv,output/all_satisfying_primordia_splits/split_046/neighbor_pairs_test.csv,output/all_satisfying_primordia_splits/split_046/primordium_assignment.csv,5393,2180,7573,7624,51,exception_label,1,0.7121352172190677,0.28786478278093225,8,4,sample10;sample11;sample12;sample2;sample4;sample5;sample8;sample9,sample1;sample3;sample6;sample7,779,335,1114,4614,1845,0.14444650472835158,0.1536697247706422,0.00922322004229062
selected4,lr,4,0.4723618090452261,"{""lr_C"": 1.0}",output/all_satisfying_primordia_splits/split_046/models/selected4/lr/hyperparameter_search_train_cv.csv,0.937761923203988,0.9907083592771456,0.9200492004920048,0.9602053915275996,0.9396984924623116,output/all_satisfying_primordia_splits/split_046/models/selected4/lr/training_summary.json,0.932944606413994,0.9552238805970148,0.943952802359882,320,23,15,45,split_046,split_046,output/all_satisfying_primordia_splits/split_046/neighbor_pairs_train.csv,output/all_satisfying_primordia_splits/split_046/neighbor_pairs_test.csv,output/all_satisfying_primordia_splits/split_046/primordium_assignment.csv,5393,2180,7573,7624,51,exception_label,1,0.7121352172190677,0.28786478278093225,8,4,sample10;sample11;sample12;sample2;sample4;sample5;sample8;sample9,sample1;sample3;sample6;sample7,779,335,1114,4614,1845,0.14444650472835158,0.1536697247706422,0.00922322004229062
selected4,svm,4,0.1557788944723618,"{""svm_C"": 1.0, ""svm_calib_method"": ""sigmoid""}",output/all_satisfying_primordia_splits/split_046/models/selected4/svm/hyperparameter_search_train_cv.csv,0.9372136353452132,0.9907091939306226,0.92336217552534,0.9589216944801028,0.9408060453400504,output/all_satisfying_primordia_splits/split_046/models/selected4/svm/training_summary.json,0.9411764705882352,0.9552238805970148,0.9481481481481482,320,20,15,45,split_046,split_046,output/all_satisfying_primordia_splits/split_046/neighbor_pairs_train.csv,output/all_satisfying_primordia_splits/split_046/neighbor_pairs_test.csv,output/all_satisfying_primordia_splits/split_046/primordium_assignment.csv,5393,2180,7573,7624,51,exception_label,1,0.7121352172190677,0.28786478278093225,8,4,sample10;sample11;sample12;sample2;sample4;sample5;sample8;sample9,sample1;sample3;sample6;sample7,779,335,1114,4614,1845,0.14444650472835158,0.1536697247706422,0.00922322004229062
selected4,xgboost,4,0.2261306532663316,"{""xgb_colsample_bytree"": 0.8, ""xgb_gamma"": 0.0, ""xgb_learning_rate"": 0.05, ""xgb_max_depth"": 4, ""xgb_min_child_weight"": 1.0, ""xgb_n_estimators"": 600, ""xgb_reg_alpha"": 0.0, ""xgb_reg_lambda"": 1.0, ""xgb_subsample"": 0.8}",output/all_satisfying_primordia_splits/split_046/models/selected4/xgboost/hyperparameter_search_train_cv.csv,0.9203864559828566,0.9889035602422276,0.9123904881101376,0.9358151476251604,0.923954372623574,output/all_satisfying_primordia_splits/split_046/models/selected4/xgboost/training_summary.json,0.9228486646884272,0.928358208955224,0.925595238095238,311,26,24,45,split_046,split_046,output/all_satisfying_primordia_splits/split_046/neighbor_pairs_train.csv,output/all_satisfying_primordia_splits/split_046/neighbor_pairs_test.csv,output/all_satisfying_primordia_splits/split_046/primordium_assignment.csv,5393,2180,7573,7624,51,exception_label,1,0.7121352172190677,0.28786478278093225,8,4,sample10;sample11;sample12;sample2;sample4;sample5;sample8;sample9,sample1;sample3;sample6;sample7,779,335,1114,4614,1845,0.14444650472835158,0.1536697247706422,0.00922322004229062
selected4,lightgbm,4,0.0100502512562814,"{""lgbm_colsample_bytree"": 0.8, ""lgbm_learning_rate"": 0.02, ""lgbm_max_depth"": -1, ""lgbm_min_child_samples"": 20, ""lgbm_n_estimators"": 1500, ""lgbm_num_leaves"": 63, ""lgbm_reg_alpha"": 0.0, ""lgbm_reg_lambda"": 1.0, ""lgbm_subsample"": 0.8}",output/all_satisfying_primordia_splits/split_046/models/selected4/lightgbm/hyperparameter_search_train_cv.csv,0.922116152299268,0.9890752206406466,0.908979089790898,0.9486521181001284,0.928391959798995,output/all_satisfying_primordia_splits/split_046/models/selected4/lightgbm/training_summary.json,0.9210526315789472,0.9402985074626866,0.930576070901034,315,27,20,45,split_046,split_046,output/all_satisfying_primordia_splits/split_046/neighbor_pairs_train.csv,output/all_satisfying_primordia_splits/split_046/neighbor_pairs_test.csv,output/all_satisfying_primordia_splits/split_046/primordium_assignment.csv,5393,2180,7573,7624,51,exception_label,1,0.7121352172190677,0.28786478278093225,8,4,sample10;sample11;sample12;sample2;sample4;sample5;sample8;sample9,sample1;sample3;sample6;sample7,779,335,1114,4614,1845,0.14444650472835158,0.1536697247706422,0.00922322004229062
all,lr,49,0.3517587939698492,"{""lr_C"": 1.0}",output/all_satisfying_primordia_splits/split_047/models/all/lr/hyperparameter_search_train_cv.csv,0.9549372498663778,0.9926161681967646,0.931297709923664,0.9656992084432716,0.9481865284974093,output/all_satisfying_primordia_splits/split_047/models/all/lr/training_summary.json,0.9237057220708448,0.952247191011236,0.9377593360995852,339,28,17,46,split_047,split_047,output/all_satisfying_primordia_splits/split_047/neighbor_pairs_train.csv,output/all_satisfying_primordia_splits/split_047/neighbor_pairs_test.csv,output/all_satisfying_primordia_splits/split_047/primordium_assignment.csv,5209,2364,7573,7624,51,exception_label,1,0.6878383731678331,0.3121616268321669,8,4,sample1;sample12;sample3;sample4;sample5;sample7;sample8;sample9,sample10;sample11;sample2;sample6,758,356,1114,4451,2008,0.14551737377615664,0.1505922165820643,0.005074842805907642
all,svm,49,0.1105527638190954,"{""svm_C"": 1.0, ""svm_calib_method"": ""sigmoid""}",output/all_satisfying_primordia_splits/split_047/models/all/svm/hyperparameter_search_train_cv.csv,0.9555158388252044,0.9928426151900882,0.9313850063532402,0.967018469656992,0.9488673139158575,output/all_satisfying_primordia_splits/split_047/models/all/svm/training_summary.json,0.926027397260274,0.949438202247191,0.9375866851595006,338,27,18,46,split_047,split_047,output/all_satisfying_primordia_splits/split_047/neighbor_pairs_train.csv,output/all_satisfying_primordia_splits/split_047/neighbor_pairs_test.csv,output/all_satisfying_primordia_splits/split_047/primordium_assignment.csv,5209,2364,7573,7624,51,exception_label,1,0.6878383731678331,0.3121616268321669,8,4,sample1;sample12;sample3;sample4;sample5;sample7;sample8;sample9,sample10;sample11;sample2;sample6,758,356,1114,4451,2008,0.14551737377615664,0.1505922165820643,0.005074842805907642
all,xgboost,49,0.1959798994974874,"{""xgb_colsample_bytree"": 0.8, ""xgb_gamma"": 0.0, ""xgb_learning_rate"": 0.05, ""xgb_max_depth"": 4, ""xgb_min_child_weight"": 1.0, ""xgb_n_estimators"": 600, ""xgb_reg_alpha"": 0.0, ""xgb_reg_lambda"": 1.0, ""xgb_subsample"": 0.8}",output/all_satisfying_primordia_splits/split_047/models/all/xgboost/hyperparameter_search_train_cv.csv,0.9427540148743064,0.9908440129963976,0.9472295514511874,0.9472295514511874,0.9472295514511874,output/all_satisfying_primordia_splits/split_047/models/all/xgboost/training_summary.json,0.9655172413793104,0.9438202247191012,0.9545454545454544,336,12,20,46,split_047,split_047,output/all_satisfying_primordia_splits/split_047/neighbor_pairs_train.csv,output/all_satisfying_primordia_splits/split_047/neighbor_pairs_test.csv,output/all_satisfying_primordia_splits/split_047/primordium_assignment.csv,5209,2364,7573,7624,51,exception_label,1,0.6878383731678331,0.3121616268321669,8,4,sample1;sample12;sample3;sample4;sample5;sample7;sample8;sample9,sample10;sample11;sample2;sample6,758,356,1114,4451,2008,0.14551737377615664,0.1505922165820643,0.005074842805907642
all,lightgbm,49,0.4020100502512563,"{""lgbm_colsample_bytree"": 0.8, ""lgbm_learning_rate"": 0.02, ""lgbm_max_depth"": -1, ""lgbm_min_child_samples"": 20, ""lgbm_n_estimators"": 1500, ""lgbm_num_leaves"": 63, ""lgbm_reg_alpha"": 0.0, ""lgbm_reg_lambda"": 1.0, ""lgbm_subsample"": 0.8}",output/all_satisfying_primordia_splits/split_047/models/all/lightgbm/hyperparameter_search_train_cv.csv,0.938630754733358,0.9903896370268104,0.95,0.9274406332453826,0.938584779706275,output/all_satisfying_primordia_splits/split_047/models/all/lightgbm/training_summary.json,0.964179104477612,0.9073033707865168,0.934876989869754,323,12,33,46,split_047,split_047,output/all_satisfying_primordia_splits/split_047/neighbor_pairs_train.csv,output/all_satisfying_primordia_splits/split_047/neighbor_pairs_test.csv,output/all_satisfying_primordia_splits/split_047/primordium_assignment.csv,5209,2364,7573,7624,51,exception_label,1,0.6878383731678331,0.3121616268321669,8,4,sample1;sample12;sample3;sample4;sample5;sample7;sample8;sample9,sample10;sample11;sample2;sample6,758,356,1114,4451,2008,0.14551737377615664,0.1505922165820643,0.005074842805907642
selected4,lr,4,0.4623115577889447,"{""lr_C"": 1.0}",output/all_satisfying_primordia_splits/split_047/models/selected4/lr/hyperparameter_search_train_cv.csv,0.9368094957499072,0.9906635074742328,0.9275730622617536,0.9630606860158312,0.9449838187702264,output/all_satisfying_primordia_splits/split_047/models/selected4/lr/training_summary.json,0.9137466307277629,0.952247191011236,0.9325997248968364,339,32,17,46,split_047,split_047,output/all_satisfying_primordia_splits/split_047/neighbor_pairs_train.csv,output/all_satisfying_primordia_splits/split_047/neighbor_pairs_test.csv,output/all_satisfying_primordia_splits/split_047/primordium_assignment.csv,5209,2364,7573,7624,51,exception_label,1,0.6878383731678331,0.3121616268321669,8,4,sample1;sample12;sample3;sample4;sample5;sample7;sample8;sample9,sample10;sample11;sample2;sample6,758,356,1114,4451,2008,0.14551737377615664,0.1505922165820643,0.005074842805907642
selected4,svm,4,0.1608040201005025,"{""svm_C"": 1.0, ""svm_calib_method"": ""sigmoid""}",output/all_satisfying_primordia_splits/split_047/models/selected4/svm/hyperparameter_search_train_cv.csv,0.9360886984500714,0.9906632110776448,0.9308578745198464,0.9591029023746702,0.944769330734243,output/all_satisfying_primordia_splits/split_047/models/selected4/svm/training_summary.json,0.9214092140921408,0.9550561797752808,0.9379310344827586,340,29,16,46,split_047,split_047,output/all_satisfying_primordia_splits/split_047/neighbor_pairs_train.csv,output/all_satisfying_primordia_splits/split_047/neighbor_pairs_test.csv,output/all_satisfying_primordia_splits/split_047/primordium_assignment.csv,5209,2364,7573,7624,51,exception_label,1,0.6878383731678331,0.3121616268321669,8,4,sample1;sample12;sample3;sample4;sample5;sample7;sample8;sample9,sample10;sample11;sample2;sample6,758,356,1114,4451,2008,0.14551737377615664,0.1505922165820643,0.005074842805907642
selected4,xgboost,4,0.3015075376884422,"{""xgb_colsample_bytree"": 0.8, ""xgb_gamma"": 0.0, ""xgb_learning_rate"": 0.05, ""xgb_max_depth"": 4, ""xgb_min_child_weight"": 1.0, ""xgb_n_estimators"": 600, ""xgb_reg_alpha"": 0.0, ""xgb_reg_lambda"": 1.0, ""xgb_subsample"": 0.8}",output/all_satisfying_primordia_splits/split_047/models/selected4/xgboost/hyperparameter_search_train_cv.csv,0.9082517359938904,0.9885565723275846,0.9246031746031746,0.9221635883905012,0.9233817701453104,output/all_satisfying_primordia_splits/split_047/models/selected4/xgboost/training_summary.json,0.9176136363636364,0.9073033707865168,0.9124293785310736,323,29,33,46,split_047,split_047,output/all_satisfying_primordia_splits/split_047/neighbor_pairs_train.csv,output/all_satisfying_primordia_splits/split_047/neighbor_pairs_test.csv,output/all_satisfying_primordia_splits/split_047/primordium_assignment.csv,5209,2364,7573,7624,51,exception_label,1,0.6878383731678331,0.3121616268321669,8,4,sample1;sample12;sample3;sample4;sample5;sample7;sample8;sample9,sample10;sample11;sample2;sample6,758,356,1114,4451,2008,0.14551737377615664,0.1505922165820643,0.005074842805907642
selected4,lightgbm,4,0.0050251256281407,"{""lgbm_colsample_bytree"": 0.8, ""lgbm_learning_rate"": 0.02, ""lgbm_max_depth"": -1, ""lgbm_min_child_samples"": 20, ""lgbm_n_estimators"": 1500, ""lgbm_num_leaves"": 63, ""lgbm_reg_alpha"": 0.0, ""lgbm_reg_lambda"": 1.0, ""lgbm_subsample"": 0.8}",output/all_satisfying_primordia_splits/split_047/models/selected4/lightgbm/hyperparameter_search_train_cv.csv,0.8976308177726423,0.9872694701436754,0.9064475347661188,0.945910290237467,0.9257585539057456,output/all_satisfying_primordia_splits/split_047/models/selected4/lightgbm/training_summary.json,0.8927613941018767,0.9353932584269664,0.9135802469135804,333,40,23,46,split_047,split_047,output/all_satisfying_primordia_splits/split_047/neighbor_pairs_train.csv,output/all_satisfying_primordia_splits/split_047/neighbor_pairs_test.csv,output/all_satisfying_primordia_splits/split_047/primordium_assignment.csv,5209,2364,7573,7624,51,exception_label,1,0.6878383731678331,0.3121616268321669,8,4,sample1;sample12;sample3;sample4;sample5;sample7;sample8;sample9,sample10;sample11;sample2;sample6,758,356,1114,4451,2008,0.14551737377615664,0.1505922165820643,0.005074842805907642
all,lr,49,0.4371859296482412,"{""lr_C"": 1.0}",output/all_satisfying_primordia_splits/split_048/models/all/lr/hyperparameter_search_train_cv.csv,0.9579375108903032,0.9934744938720326,0.9364303178484108,0.968394437420986,0.952144188937228,output/all_satisfying_primordia_splits/split_048/models/all/lr/training_summary.json,0.9212121212121211,0.9411764705882352,0.9310872894333844,304,26,19,47,split_048,split_048,output/all_satisfying_primordia_splits/split_048/neighbor_pairs_train.csv,output/all_satisfying_primordia_splits/split_048/neighbor_pairs_test.csv,output/all_satisfying_primordia_splits/split_048/primordium_assignment.csv,5399,2174,7573,7624,51,exception_label,1,0.7129275056120428,0.28707249438795723,8,4,sample1;sample10;sample11;sample2;sample3;sample4;sample7;sample8,sample12;sample5;sample6;sample9,791,323,1114,4608,1851,0.14650861270605667,0.1485740570377185,0.0020654443316618365
all,svm,49,0.1457286432160804,"{""svm_C"": 1.0, ""svm_calib_method"": ""sigmoid""}",output/all_satisfying_primordia_splits/split_048/models/all/svm/hyperparameter_search_train_cv.csv,0.9569431299238272,0.993374354719764,0.925211097708082,0.9696586599241468,0.9469135802469136,output/all_satisfying_primordia_splits/split_048/models/all/svm/training_summary.json,0.9307228915662652,0.956656346749226,0.9435114503816796,309,23,14,47,split_048,split_048,output/all_satisfying_primordia_splits/split_048/neighbor_pairs_train.csv,output/all_satisfying_primordia_splits/split_048/neighbor_pairs_test.csv,output/all_satisfying_primordia_splits/split_048/primordium_assignment.csv,5399,2174,7573,7624,51,exception_label,1,0.7129275056120428,0.28707249438795723,8,4,sample1;sample10;sample11;sample2;sample3;sample4;sample7;sample8,sample12;sample5;sample6;sample9,791,323,1114,4608,1851,0.14650861270605667,0.1485740570377185,0.0020654443316618365
all,xgboost,49,0.1909547738693467,"{""xgb_colsample_bytree"": 0.8, ""xgb_gamma"": 0.0, ""xgb_learning_rate"": 0.05, ""xgb_max_depth"": 4, ""xgb_min_child_weight"": 1.0, ""xgb_n_estimators"": 600, ""xgb_reg_alpha"": 0.0, ""xgb_reg_lambda"": 1.0, ""xgb_subsample"": 0.8}",output/all_satisfying_primordia_splits/split_048/models/all/xgboost/hyperparameter_search_train_cv.csv,0.9539169703035476,0.9930229074483776,0.9493670886075948,0.9481668773704172,0.9487666034155596,output/all_satisfying_primordia_splits/split_048/models/all/xgboost/training_summary.json,0.94375,0.934984520123839,0.9393468118195956,302,18,21,47,split_048,split_048,output/all_satisfying_primordia_splits/split_048/neighbor_pairs_train.csv,output/all_satisfying_primordia_splits/split_048/neighbor_pairs_test.csv,output/all_satisfying_primordia_splits/split_048/primordium_assignment.csv,5399,2174,7573,7624,51,exception_label,1,0.7129275056120428,0.28707249438795723,8,4,sample1;sample10;sample11;sample2;sample3;sample4;sample7;sample8,sample12;sample5;sample6;sample9,791,323,1114,4608,1851,0.14650861270605667,0.1485740570377185,0.0020654443316618365
all,lightgbm,49,0.0753768844221105,"{""lgbm_colsample_bytree"": 0.8, ""lgbm_learning_rate"": 0.02, ""lgbm_max_depth"": -1, ""lgbm_min_child_samples"": 20, ""lgbm_n_estimators"": 1500, ""lgbm_num_leaves"": 63, ""lgbm_reg_alpha"": 0.0, ""lgbm_reg_lambda"": 1.0, ""lgbm_subsample"": 0.8}",output/all_satisfying_primordia_splits/split_048/models/all/lightgbm/hyperparameter_search_train_cv.csv,0.952892317497024,0.9929137146193286,0.9495586380832284,0.9519595448798988,0.9507575757575756,output/all_satisfying_primordia_splits/split_048/models/all/lightgbm/training_summary.json,0.940809968847352,0.934984520123839,0.937888198757764,302,19,21,47,split_048,split_048,output/all_satisfying_primordia_splits/split_048/neighbor_pairs_train.csv,output/all_satisfying_primordia_splits/split_048/neighbor_pairs_test.csv,output/all_satisfying_primordia_splits/split_048/primordium_assignment.csv,5399,2174,7573,7624,51,exception_label,1,0.7129275056120428,0.28707249438795723,8,4,sample1;sample10;sample11;sample2;sample3;sample4;sample7;sample8,sample12;sample5;sample6;sample9,791,323,1114,4608,1851,0.14650861270605667,0.1485740570377185,0.0020654443316618365
selected4,lr,4,0.4321608040201005,"{""lr_C"": 1.0}",output/all_satisfying_primordia_splits/split_048/models/selected4/lr/hyperparameter_search_train_cv.csv,0.9400251686756792,0.9913378261518472,0.9181708784596871,0.9646017699115044,0.940813810110974,output/all_satisfying_primordia_splits/split_048/models/selected4/lr/training_summary.json,0.9212121212121211,0.9411764705882352,0.9310872894333844,304,26,19,47,split_048,split_048,output/all_satisfying_primordia_splits/split_048/neighbor_pairs_train.csv,output/all_satisfying_primordia_splits/split_048/neighbor_pairs_test.csv,output/all_satisfying_primordia_splits/split_048/primordium_assignment.csv,5399,2174,7573,7624,51,exception_label,1,0.7129275056120428,0.28707249438795723,8,4,sample1;sample10;sample11;sample2;sample3;sample4;sample7;sample8,sample12;sample5;sample6;sample9,791,323,1114,4608,1851,0.14650861270605667,0.1485740570377185,0.0020654443316618365
selected4,svm,4,0.1407035175879397,"{""svm_C"": 1.0, ""svm_calib_method"": ""sigmoid""}",output/all_satisfying_primordia_splits/split_048/models/selected4/svm/hyperparameter_search_train_cv.csv,0.939746582913662,0.99132328539823,0.9190821256038648,0.9620733249051832,0.9400864731315628,output/all_satisfying_primordia_splits/split_048/models/selected4/svm/training_summary.json,0.9359756097560976,0.9504643962848296,0.9431643625192012,307,21,16,47,split_048,split_048,output/all_satisfying_primordia_splits/split_048/neighbor_pairs_train.csv,output/all_satisfying_primordia_splits/split_048/neighbor_pairs_test.csv,output/all_satisfying_primordia_splits/split_048/primordium_assignment.csv,5399,2174,7573,7624,51,exception_label,1,0.7129275056120428,0.28707249438795723,8,4,sample1;sample10;sample11;sample2;sample3;sample4;sample7;sample8,sample12;sample5;sample6;sample9,791,323,1114,4608,1851,0.14650861270605667,0.1485740570377185,0.0020654443316618365
selected4,xgboost,4,0.1457286432160804,"{""xgb_colsample_bytree"": 0.8, ""xgb_gamma"": 0.0, ""xgb_learning_rate"": 0.05, ""xgb_max_depth"": 4, ""xgb_min_child_weight"": 1.0, ""xgb_n_estimators"": 600, ""xgb_reg_alpha"": 0.0, ""xgb_reg_lambda"": 1.0, ""xgb_subsample"": 0.8}",output/all_satisfying_primordia_splits/split_048/models/selected4/xgboost/hyperparameter_search_train_cv.csv,0.9306183531451184,0.9898960967130216,0.9227941176470588,0.9519595448798988,0.9371499688861232,output/all_satisfying_primordia_splits/split_048/models/selected4/xgboost/training_summary.json,0.8966565349544073,0.913312693498452,0.9049079754601226,295,34,28,47,split_048,split_048,output/all_satisfying_primordia_splits/split_048/neighbor_pairs_train.csv,output/all_satisfying_primordia_splits/split_048/neighbor_pairs_test.csv,output/all_satisfying_primordia_splits/split_048/primordium_assignment.csv,5399,2174,7573,7624,51,exception_label,1,0.7129275056120428,0.28707249438795723,8,4,sample1;sample10;sample11;sample2;sample3;sample4;sample7;sample8,sample12;sample5;sample6;sample9,791,323,1114,4608,1851,0.14650861270605667,0.1485740570377185,0.0020654443316618365
selected4,lightgbm,4,0.0351758793969849,"{""lgbm_colsample_bytree"": 0.8, ""lgbm_learning_rate"": 0.02, ""lgbm_max_depth"": -1, ""lgbm_min_child_samples"": 20, ""lgbm_n_estimators"": 1500, ""lgbm_num_leaves"": 63, ""lgbm_reg_alpha"": 0.0, ""lgbm_reg_lambda"": 1.0, ""lgbm_subsample"": 0.8}",output/all_satisfying_primordia_splits/split_048/models/selected4/lightgbm/hyperparameter_search_train_cv.csv,0.9179074674066552,0.9883542281219272,0.9186189889025894,0.9418457648546144,0.930087390761548,output/all_satisfying_primordia_splits/split_048/models/selected4/lightgbm/training_summary.json,0.8923076923076924,0.8978328173374613,0.8950617283950617,290,35,33,47,split_048,split_048,output/all_satisfying_primordia_splits/split_048/neighbor_pairs_train.csv,output/all_satisfying_primordia_splits/split_048/neighbor_pairs_test.csv,output/all_satisfying_primordia_splits/split_048/primordium_assignment.csv,5399,2174,7573,7624,51,exception_label,1,0.7129275056120428,0.28707249438795723,8,4,sample1;sample10;sample11;sample2;sample3;sample4;sample7;sample8,sample12;sample5;sample6;sample9,791,323,1114,4608,1851,0.14650861270605667,0.1485740570377185,0.0020654443316618365
all,lr,49,0.4321608040201005,"{""lr_C"": 1.0}",output/all_satisfying_primordia_splits/split_049/models/all/lr/hyperparameter_search_train_cv.csv,0.9578462054098084,0.9933589595424132,0.9355670103092784,0.966711051930759,0.9508840864440078,output/all_satisfying_primordia_splits/split_049/models/all/lr/training_summary.json,0.9234828496042216,0.9641873278236914,0.9433962264150942,350,29,13,48,split_049,split_049,output/all_satisfying_primordia_splits/split_049/neighbor_pairs_train.csv,output/all_satisfying_primordia_splits/split_049/neighbor_pairs_test.csv,output/all_satisfying_primordia_splits/split_049/primordium_assignment.csv,5203,2370,7573,7624,51,exception_label,1,0.6870460847748581,0.31295391522514193,6,6,sample1;sample2;sample4;sample5;sample6;sample8,sample10;sample11;sample12;sample3;sample7;sample9,751,363,1114,4452,2007,0.14433980395925428,0.15316455696202533,0.008824753002771052
all,svm,49,0.1256281407035175,"{""svm_C"": 1.0, ""svm_calib_method"": ""sigmoid""}",output/all_satisfying_primordia_splits/split_049/models/all/svm/hyperparameter_search_train_cv.csv,0.9578022629415176,0.9934050197221316,0.9280205655526992,0.9613848202396804,0.9444081098757358,output/all_satisfying_primordia_splits/split_049/models/all/svm/training_summary.json,0.9114583333333334,0.9641873278236914,0.9370816599732262,350,34,13,48,split_049,split_049,output/all_satisfying_primordia_splits/split_049/neighbor_pairs_train.csv,output/all_satisfying_primordia_splits/split_049/neighbor_pairs_test.csv,output/all_satisfying_primordia_splits/split_049/primordium_assignment.csv,5203,2370,7573,7624,51,exception_label,1,0.6870460847748581,0.31295391522514193,6,6,sample1;sample2;sample4;sample5;sample6;sample8,sample10;sample11;sample12;sample3;sample7;sample9,751,363,1114,4452,2007,0.14433980395925428,0.15316455696202533,0.008824753002771052
all,xgboost,49,0.1909547738693467,"{""xgb_colsample_bytree"": 0.8, ""xgb_gamma"": 0.0, ""xgb_learning_rate"": 0.05, ""xgb_max_depth"": 4, ""xgb_min_child_weight"": 1.0, ""xgb_n_estimators"": 600, ""xgb_reg_alpha"": 0.0, ""xgb_reg_lambda"": 1.0, ""xgb_subsample"": 0.8}",output/all_satisfying_primordia_splits/split_049/models/all/xgboost/hyperparameter_search_train_cv.csv,0.9520374728873608,0.9917945584384044,0.949535192563081,0.952063914780293,0.9507978723404256,output/all_satisfying_primordia_splits/split_049/models/all/xgboost/training_summary.json,0.9361111111111112,0.928374655647383,0.9322268326417704,337,23,26,48,split_049,split_049,output/all_satisfying_primordia_splits/split_049/neighbor_pairs_train.csv,output/all_satisfying_primordia_splits/split_049/neighbor_pairs_test.csv,output/all_satisfying_primordia_splits/split_049/primordium_assignment.csv,5203,2370,7573,7624,51,exception_label,1,0.6870460847748581,0.31295391522514193,6,6,sample1;sample2;sample4;sample5;sample6;sample8,sample10;sample11;sample12;sample3;sample7;sample9,751,363,1114,4452,2007,0.14433980395925428,0.15316455696202533,0.008824753002771052
all,lightgbm,49,0.0552763819095477,"{""lgbm_colsample_bytree"": 0.8, ""lgbm_learning_rate"": 0.02, ""lgbm_max_depth"": -1, ""lgbm_min_child_samples"": 20, ""lgbm_n_estimators"": 1500, ""lgbm_num_leaves"": 63, ""lgbm_reg_alpha"": 0.0, ""lgbm_reg_lambda"": 1.0, ""lgbm_subsample"": 0.8}",output/all_satisfying_primordia_splits/split_049/models/all/lightgbm/hyperparameter_search_train_cv.csv,0.9454596764088116,0.991825215376204,0.9482071713147412,0.9507323568575232,0.949468085106383,output/all_satisfying_primordia_splits/split_049/models/all/lightgbm/training_summary.json,0.9346049046321526,0.9449035812672176,0.9397260273972604,343,24,20,48,split_049,split_049,output/all_satisfying_primordia_splits/split_049/neighbor_pairs_train.csv,output/all_satisfying_primordia_splits/split_049/neighbor_pairs_test.csv,output/all_satisfying_primordia_splits/split_049/primordium_assignment.csv,5203,2370,7573,7624,51,exception_label,1,0.6870460847748581,0.31295391522514193,6,6,sample1;sample2;sample4;sample5;sample6;sample8,sample10;sample11;sample12;sample3;sample7;sample9,751,363,1114,4452,2007,0.14433980395925428,0.15316455696202533,0.008824753002771052
selected4,lr,4,0.6582914572864321,"{""lr_C"": 1.0}",output/all_satisfying_primordia_splits/split_049/models/selected4/lr/hyperparameter_search_train_cv.csv,0.942064005821581,0.991391232773792,0.948993288590604,0.941411451398136,0.9451871657754012,output/all_satisfying_primordia_splits/split_049/models/selected4/lr/training_summary.json,0.9228650137741048,0.9228650137741048,0.9228650137741048,335,28,28,48,split_049,split_049,output/all_satisfying_primordia_splits/split_049/neighbor_pairs_train.csv,output/all_satisfying_primordia_splits/split_049/neighbor_pairs_test.csv,output/all_satisfying_primordia_splits/split_049/primordium_assignment.csv,5203,2370,7573,7624,51,exception_label,1,0.6870460847748581,0.31295391522514193,6,6,sample1;sample2;sample4;sample5;sample6;sample8,sample10;sample11;sample12;sample3;sample7;sample9,751,363,1114,4452,2007,0.14433980395925428,0.15316455696202533,0.008824753002771052
selected4,svm,4,0.185929648241206,"{""svm_C"": 1.0, ""svm_calib_method"": ""sigmoid""}",output/all_satisfying_primordia_splits/split_049/models/selected4/svm/hyperparameter_search_train_cv.csv,0.9417245064993548,0.9914002055360748,0.93359375,0.9547270306258322,0.9440421329822252,output/all_satisfying_primordia_splits/split_049/models/selected4/svm/training_summary.json,0.9168900804289544,0.9421487603305784,0.9293478260869564,342,31,21,48,split_049,split_049,output/all_satisfying_primordia_splits/split_049/neighbor_pairs_train.csv,output/all_satisfying_primordia_splits/split_049/neighbor_pairs_test.csv,output/all_satisfying_primordia_splits/split_049/primordium_assignment.csv,5203,2370,7573,7624,51,exception_label,1,0.6870460847748581,0.31295391522514193,6,6,sample1;sample2;sample4;sample5;sample6;sample8,sample10;sample11;sample12;sample3;sample7;sample9,751,363,1114,4452,2007,0.14433980395925428,0.15316455696202533,0.008824753002771052
selected4,xgboost,4,0.1457286432160804,"{""xgb_colsample_bytree"": 0.8, ""xgb_gamma"": 0.0, ""xgb_learning_rate"": 0.05, ""xgb_max_depth"": 4, ""xgb_min_child_weight"": 1.0, ""xgb_n_estimators"": 600, ""xgb_reg_alpha"": 0.0, ""xgb_reg_lambda"": 1.0, ""xgb_subsample"": 0.8}",output/all_satisfying_primordia_splits/split_049/models/selected4/xgboost/hyperparameter_search_train_cv.csv,0.9176705870427676,0.988786738975167,0.922976501305483,0.941411451398136,0.9321028345418588,output/all_satisfying_primordia_splits/split_049/models/selected4/xgboost/training_summary.json,0.8992042440318302,0.9338842975206612,0.9162162162162162,339,38,24,48,split_049,split_049,output/all_satisfying_primordia_splits/split_049/neighbor_pairs_train.csv,output/all_satisfying_primordia_splits/split_049/neighbor_pairs_test.csv,output/all_satisfying_primordia_splits/split_049/primordium_assignment.csv,5203,2370,7573,7624,51,exception_label,1,0.6870460847748581,0.31295391522514193,6,6,sample1;sample2;sample4;sample5;sample6;sample8,sample10;sample11;sample12;sample3;sample7;sample9,751,363,1114,4452,2007,0.14433980395925428,0.15316455696202533,0.008824753002771052
selected4,lightgbm,4,0.0201005025125628,"{""lgbm_colsample_bytree"": 0.8, ""lgbm_learning_rate"": 0.02, ""lgbm_max_depth"": -1, ""lgbm_min_child_samples"": 20, ""lgbm_n_estimators"": 1500, ""lgbm_num_leaves"": 63, ""lgbm_reg_alpha"": 0.0, ""lgbm_reg_lambda"": 1.0, ""lgbm_subsample"": 0.8}",output/all_satisfying_primordia_splits/split_049/models/selected4/lightgbm/hyperparameter_search_train_cv.csv,0.9142304928966588,0.9879349247424518,0.926509186351706,0.940079893475366,0.9332452081956378,output/all_satisfying_primordia_splits/split_049/models/selected4/lightgbm/training_summary.json,0.8912466843501327,0.9256198347107438,0.908108108108108,336,41,27,48,split_049,split_049,output/all_satisfying_primordia_splits/split_049/neighbor_pairs_train.csv,output/all_satisfying_primordia_splits/split_049/neighbor_pairs_test.csv,output/all_satisfying_primordia_splits/split_049/primordium_assignment.csv,5203,2370,7573,7624,51,exception_label,1,0.6870460847748581,0.31295391522514193,6,6,sample1;sample2;sample4;sample5;sample6;sample8,sample10;sample11;sample12;sample3;sample7;sample9,751,363,1114,4452,2007,0.14433980395925428,0.15316455696202533,0.008824753002771052
all,lr,49,0.4824120603015075,"{""lr_C"": 1.0}",output/all_satisfying_primordia_splits/split_050/models/all/lr/hyperparameter_search_train_cv.csv,0.953187915967466,0.9928396796918304,0.9346991037131882,0.958005249343832,0.9462086843810756,output/all_satisfying_primordia_splits/split_050/models/all/lr/training_summary.json,0.9226519337016574,0.9488636363636364,0.9355742296918768,334,28,18,49,split_050,split_050,output/all_satisfying_primordia_splits/split_050/neighbor_pairs_train.csv,output/all_satisfying_primordia_splits/split_050/neighbor_pairs_test.csv,output/all_satisfying_primordia_splits/split_050/primordium_assignment.csv,5199,2374,7573,7624,51,exception_label,1,0.6865178925128747,0.3134821074871253,8,4,sample1;sample10;sample11;sample3;sample4;sample5;sample7;sample8,sample12;sample2;sample6;sample9,762,352,1114,4437,2022,0.1465666474321985,0.14827295703454085,0.0017063096023423596
all,svm,49,0.135678391959799,"{""svm_C"": 1.0, ""svm_calib_method"": ""sigmoid""}",output/all_satisfying_primordia_splits/split_050/models/all/svm/hyperparameter_search_train_cv.csv,0.9534615385813576,0.9928884819079832,0.924812030075188,0.968503937007874,0.9461538461538462,output/all_satisfying_primordia_splits/split_050/models/all/svm/training_summary.json,0.931129476584022,0.9602272727272728,0.9454545454545454,338,25,14,49,split_050,split_050,output/all_satisfying_primordia_splits/split_050/neighbor_pairs_train.csv,output/all_satisfying_primordia_splits/split_050/neighbor_pairs_test.csv,output/all_satisfying_primordia_splits/split_050/primordium_assignment.csv,5199,2374,7573,7624,51,exception_label,1,0.6865178925128747,0.3134821074871253,8,4,sample1;sample10;sample11;sample3;sample4;sample5;sample7;sample8,sample12;sample2;sample6;sample9,762,352,1114,4437,2022,0.1465666474321985,0.14827295703454085,0.0017063096023423596
all,xgboost,49,0.236180904522613,"{""xgb_colsample_bytree"": 0.8, ""xgb_gamma"": 0.0, ""xgb_learning_rate"": 0.05, ""xgb_max_depth"": 4, ""xgb_min_child_weight"": 1.0, ""xgb_n_estimators"": 600, ""xgb_reg_alpha"": 0.0, ""xgb_reg_lambda"": 1.0, ""xgb_subsample"": 0.8}",output/all_satisfying_primordia_splits/split_050/models/all/xgboost/hyperparameter_search_train_cv.csv,0.9433871075921004,0.990864816678172,0.9445178335535006,0.9383202099737532,0.9414088215931534,output/all_satisfying_primordia_splits/split_050/models/all/xgboost/training_summary.json,0.9342857142857144,0.9289772727272728,0.9316239316239316,327,23,25,49,split_050,split_050,output/all_satisfying_primordia_splits/split_050/neighbor_pairs_train.csv,output/all_satisfying_primordia_splits/split_050/neighbor_pairs_test.csv,output/all_satisfying_primordia_splits/split_050/primordium_assignment.csv,5199,2374,7573,7624,51,exception_label,1,0.6865178925128747,0.3134821074871253,8,4,sample1;sample10;sample11;sample3;sample4;sample5;sample7;sample8,sample12;sample2;sample6;sample9,762,352,1114,4437,2022,0.1465666474321985,0.14827295703454085,0.0017063096023423596
all,lightgbm,49,0.1407035175879397,"{""lgbm_colsample_bytree"": 0.8, ""lgbm_learning_rate"": 0.02, ""lgbm_max_depth"": -1, ""lgbm_min_child_samples"": 20, ""lgbm_n_estimators"": 1500, ""lgbm_num_leaves"": 63, ""lgbm_reg_alpha"": 0.0, ""lgbm_reg_lambda"": 1.0, ""lgbm_subsample"": 0.8}",output/all_satisfying_primordia_splits/split_050/models/all/lightgbm/hyperparameter_search_train_cv.csv,0.9438369845499336,0.9908659997622,0.9496021220159152,0.9396325459317584,0.9445910290237466,output/all_satisfying_primordia_splits/split_050/models/all/lightgbm/training_summary.json,0.9426934097421203,0.9346590909090908,0.9386590584878745,329,20,23,49,split_050,split_050,output/all_satisfying_primordia_splits/split_050/neighbor_pairs_train.csv,output/all_satisfying_primordia_splits/split_050/neighbor_pairs_test.csv,output/all_satisfying_primordia_splits/split_050/primordium_assignment.csv,5199,2374,7573,7624,51,exception_label,1,0.6865178925128747,0.3134821074871253,8,4,sample1;sample10;sample11;sample3;sample4;sample5;sample7;sample8,sample12;sample2;sample6;sample9,762,352,1114,4437,2022,0.1465666474321985,0.14827295703454085,0.0017063096023423596
selected4,lr,4,0.4472361809045226,"{""lr_C"": 1.0}",output/all_satisfying_primordia_splits/split_050/models/selected4/lr/hyperparameter_search_train_cv.csv,0.9350741951248448,0.990701846853322,0.9219143576826196,0.9606299212598424,0.9408740359897172,output/all_satisfying_primordia_splits/split_050/models/selected4/lr/training_summary.json,0.9226519337016574,0.9488636363636364,0.9355742296918768,334,28,18,49,split_050,split_050,output/all_satisfying_primordia_splits/split_050/neighbor_pairs_train.csv,output/all_satisfying_primordia_splits/split_050/neighbor_pairs_test.csv,output/all_satisfying_primordia_splits/split_050/primordium_assignment.csv,5199,2374,7573,7624,51,exception_label,1,0.6865178925128747,0.3134821074871253,8,4,sample1;sample10;sample11;sample3;sample4;sample5;sample7;sample8,sample12;sample2;sample6;sample9,762,352,1114,4437,2022,0.1465666474321985,0.14827295703454085,0.0017063096023423596
selected4,svm,4,0.1256281407035175,"{""svm_C"": 1.0, ""svm_calib_method"": ""sigmoid""}",output/all_satisfying_primordia_splits/split_050/models/selected4/svm/hyperparameter_search_train_cv.csv,0.9347808611829088,0.9906764105467208,0.9196988707653702,0.9619422572178478,0.9403463758819756,output/all_satisfying_primordia_splits/split_050/models/selected4/svm/training_summary.json,0.92797783933518,0.9517045454545454,0.9396914446002804,335,26,17,49,split_050,split_050,output/all_satisfying_primordia_splits/split_050/neighbor_pairs_train.csv,output/all_satisfying_primordia_splits/split_050/neighbor_pairs_test.csv,output/all_satisfying_primordia_splits/split_050/primordium_assignment.csv,5199,2374,7573,7624,51,exception_label,1,0.6865178925128747,0.3134821074871253,8,4,sample1;sample10;sample11;sample3;sample4;sample5;sample7;sample8,sample12;sample2;sample6;sample9,762,352,1114,4437,2022,0.1465666474321985,0.14827295703454085,0.0017063096023423596
selected4,xgboost,4,0.0854271356783919,"{""xgb_colsample_bytree"": 0.8, ""xgb_gamma"": 0.0, ""xgb_learning_rate"": 0.05, ""xgb_max_depth"": 4, ""xgb_min_child_weight"": 1.0, ""xgb_n_estimators"": 600, ""xgb_reg_alpha"": 0.0, ""xgb_reg_lambda"": 1.0, ""xgb_subsample"": 0.8}",output/all_satisfying_primordia_splits/split_050/models/selected4/xgboost/hyperparameter_search_train_cv.csv,0.9232984207789012,0.9892058370999772,0.9255989911727616,0.963254593175853,0.9440514469453376,output/all_satisfying_primordia_splits/split_050/models/selected4/xgboost/training_summary.json,0.8919667590027701,0.9147727272727272,0.9032258064516128,322,39,30,49,split_050,split_050,output/all_satisfying_primordia_splits/split_050/neighbor_pairs_train.csv,output/all_satisfying_primordia_splits/split_050/neighbor_pairs_test.csv,output/all_satisfying_primordia_splits/split_050/primordium_assignment.csv,5199,2374,7573,7624,51,exception_label,1,0.6865178925128747,0.3134821074871253,8,4,sample1;sample10;sample11;sample3;sample4;sample5;sample7;sample8,sample12;sample2;sample6;sample9,762,352,1114,4437,2022,0.1465666474321985,0.14827295703454085,0.0017063096023423596
selected4,lightgbm,4,0.0201005025125628,"{""lgbm_colsample_bytree"": 0.8, ""lgbm_learning_rate"": 0.02, ""lgbm_max_depth"": -1, ""lgbm_min_child_samples"": 20, ""lgbm_n_estimators"": 1500, ""lgbm_num_leaves"": 63, ""lgbm_reg_alpha"": 0.0, ""lgbm_reg_lambda"": 1.0, ""lgbm_subsample"": 0.8}",output/all_satisfying_primordia_splits/split_050/models/selected4/lightgbm/hyperparameter_search_train_cv.csv,0.9176290085189336,0.987745024096464,0.9250317662007624,0.9553805774278216,0.9399612653324726,output/all_satisfying_primordia_splits/split_050/models/selected4/lightgbm/training_summary.json,0.9047619047619048,0.9176136363636364,0.91114245416079,323,34,29,49,split_050,split_050,output/all_satisfying_primordia_splits/split_050/neighbor_pairs_train.csv,output/all_satisfying_primordia_splits/split_050/neighbor_pairs_test.csv,output/all_satisfying_primordia_splits/split_050/primordium_assignment.csv,5199,2374,7573,7624,51,exception_label,1,0.6865178925128747,0.3134821074871253,8,4,sample1;sample10;sample11;sample3;sample4;sample5;sample7;sample8,sample12;sample2;sample6;sample9,762,352,1114,4437,2022,0.1465666474321985,0.14827295703454085,0.0017063096023423596
all,lr,49,0.5326633165829145,"{""lr_C"": 1.0}",output/all_satisfying_primordia_splits/split_051/models/all/lr/hyperparameter_search_train_cv.csv,0.956291003206436,0.9932735801641815,0.9397905759162304,0.9547872340425532,0.9472295514511874,output/all_satisfying_primordia_splits/split_051/models/all/lr/training_summary.json,0.9306666666666666,0.9640883977900552,0.9470827679782904,349,26,13,50,split_051,split_051,output/all_satisfying_primordia_splits/split_051/neighbor_pairs_train.csv,output/all_satisfying_primordia_splits/split_051/neighbor_pairs_test.csv,output/all_satisfying_primordia_splits/split_051/primordium_assignment.csv,5197,2376,7573,7624,51,exception_label,1,0.686253796381883,0.313746203618117,6,6,sample2;sample4;sample5;sample7;sample8;sample9,sample1;sample10;sample11;sample12;sample3;sample6,752,362,1114,4445,2014,0.1446988647296517,0.15235690235690236,0.007658037627250647
all,svm,49,0.1407035175879397,"{""svm_C"": 1.0, ""svm_calib_method"": ""sigmoid""}",output/all_satisfying_primordia_splits/split_051/models/all/svm/hyperparameter_search_train_cv.csv,0.9556647915908216,0.9932903333891774,0.9341935483870968,0.9627659574468084,0.9482645710543548,output/all_satisfying_primordia_splits/split_051/models/all/svm/training_summary.json,0.918848167539267,0.9696132596685084,0.943548387096774,351,31,11,50,split_051,split_051,output/all_satisfying_primordia_splits/split_051/neighbor_pairs_train.csv,output/all_satisfying_primordia_splits/split_051/neighbor_pairs_test.csv,output/all_satisfying_primordia_splits/split_051/primordium_assignment.csv,5197,2376,7573,7624,51,exception_label,1,0.686253796381883,0.313746203618117,6,6,sample2;sample4;sample5;sample7;sample8;sample9,sample1;sample10;sample11;sample12;sample3;sample6,752,362,1114,4445,2014,0.1446988647296517,0.15235690235690236,0.007658037627250647
all,xgboost,49,0.0653266331658291,"{""xgb_colsample_bytree"": 0.8, ""xgb_gamma"": 0.0, ""xgb_learning_rate"": 0.05, ""xgb_max_depth"": 4, ""xgb_min_child_weight"": 1.0, ""xgb_n_estimators"": 600, ""xgb_reg_alpha"": 0.0, ""xgb_reg_lambda"": 1.0, ""xgb_subsample"": 0.8}",output/all_satisfying_primordia_splits/split_051/models/all/xgboost/hyperparameter_search_train_cv.csv,0.952577276757968,0.9922677883349688,0.943864229765013,0.961436170212766,0.9525691699604744,output/all_satisfying_primordia_splits/split_051/models/all/xgboost/training_summary.json,0.922872340425532,0.9585635359116024,0.940379403794038,347,29,15,50,split_051,split_051,output/all_satisfying_primordia_splits/split_051/neighbor_pairs_train.csv,output/all_satisfying_primordia_splits/split_051/neighbor_pairs_test.csv,output/all_satisfying_primordia_splits/split_051/primordium_assignment.csv,5197,2376,7573,7624,51,exception_label,1,0.686253796381883,0.313746203618117,6,6,sample2;sample4;sample5;sample7;sample8;sample9,sample1;sample10;sample11;sample12;sample3;sample6,752,362,1114,4445,2014,0.1446988647296517,0.15235690235690236,0.007658037627250647
all,lightgbm,49,0.0804020100502512,"{""lgbm_colsample_bytree"": 0.8, ""lgbm_learning_rate"": 0.02, ""lgbm_max_depth"": -1, ""lgbm_min_child_samples"": 20, ""lgbm_n_estimators"": 1500, ""lgbm_num_leaves"": 63, ""lgbm_reg_alpha"": 0.0, ""lgbm_reg_lambda"": 1.0, ""lgbm_subsample"": 0.8}",output/all_satisfying_primordia_splits/split_051/models/all/lightgbm/hyperparameter_search_train_cv.csv,0.9506690511523496,0.9914307254146424,0.9420289855072465,0.9507978723404256,0.9463931171409664,output/all_satisfying_primordia_splits/split_051/models/all/lightgbm/training_summary.json,0.9447513812154696,0.9447513812154696,0.9447513812154696,342,20,20,50,split_051,split_051,output/all_satisfying_primordia_splits/split_051/neighbor_pairs_train.csv,output/all_satisfying_primordia_splits/split_051/neighbor_pairs_test.csv,output/all_satisfying_primordia_splits/split_051/primordium_assignment.csv,5197,2376,7573,7624,51,exception_label,1,0.686253796381883,0.313746203618117,6,6,sample2;sample4;sample5;sample7;sample8;sample9,sample1;sample10;sample11;sample12;sample3;sample6,752,362,1114,4445,2014,0.1446988647296517,0.15235690235690236,0.007658037627250647
selected4,lr,4,0.4824120603015075,"{""lr_C"": 1.0}",output/all_satisfying_primordia_splits/split_051/models/selected4/lr/hyperparameter_search_train_cv.csv,0.942138174544856,0.9912652873178086,0.9305912596401028,0.9627659574468084,0.94640522875817,output/all_satisfying_primordia_splits/split_051/models/selected4/lr/training_summary.json,0.9023746701846964,0.9447513812154696,0.923076923076923,342,37,20,50,split_051,split_051,output/all_satisfying_primordia_splits/split_051/neighbor_pairs_train.csv,output/all_satisfying_primordia_splits/split_051/neighbor_pairs_test.csv,output/all_satisfying_primordia_splits/split_051/primordium_assignment.csv,5197,2376,7573,7624,51,exception_label,1,0.686253796381883,0.313746203618117,6,6,sample2;sample4;sample5;sample7;sample8;sample9,sample1;sample10;sample11;sample12;sample3;sample6,752,362,1114,4445,2014,0.1446988647296517,0.15235690235690236,0.007658037627250647
selected4,svm,4,0.1557788944723618,"{""svm_C"": 1.0, ""svm_calib_method"": ""sigmoid""}",output/all_satisfying_primordia_splits/split_051/models/selected4/svm/hyperparameter_search_train_cv.csv,0.9411368791726776,0.991235670009334,0.9304123711340206,0.9601063829787234,0.9450261780104712,output/all_satisfying_primordia_splits/split_051/models/selected4/svm/training_summary.json,0.9151193633952256,0.9530386740331492,0.9336941813261164,345,32,17,50,split_051,split_051,output/all_satisfying_primordia_splits/split_051/neighbor_pairs_train.csv,output/all_satisfying_primordia_splits/split_051/neighbor_pairs_test.csv,output/all_satisfying_primordia_splits/split_051/primordium_assignment.csv,5197,2376,7573,7624,51,exception_label,1,0.686253796381883,0.313746203618117,6,6,sample2;sample4;sample5;sample7;sample8;sample9,sample1;sample10;sample11;sample12;sample3;sample6,752,362,1114,4445,2014,0.1446988647296517,0.15235690235690236,0.007658037627250647
selected4,xgboost,4,0.0251256281407035,"{""xgb_colsample_bytree"": 0.8, ""xgb_gamma"": 0.0, ""xgb_learning_rate"": 0.05, ""xgb_max_depth"": 4, ""xgb_min_child_weight"": 1.0, ""xgb_n_estimators"": 600, ""xgb_reg_alpha"": 0.0, ""xgb_reg_lambda"": 1.0, ""xgb_subsample"": 0.8}",output/all_satisfying_primordia_splits/split_051/models/selected4/xgboost/hyperparameter_search_train_cv.csv,0.9174824509034996,0.9895265418950292,0.9005037783375315,0.9507978723404256,0.92496765847348,output/all_satisfying_primordia_splits/split_051/models/selected4/xgboost/training_summary.json,0.8785529715762274,0.9392265193370166,0.9078771695594126,340,47,22,50,split_051,split_051,output/all_satisfying_primordia_splits/split_051/neighbor_pairs_train.csv,output/all_satisfying_primordia_splits/split_051/neighbor_pairs_test.csv,output/all_satisfying_primordia_splits/split_051/primordium_assignment.csv,5197,2376,7573,7624,51,exception_label,1,0.686253796381883,0.313746203618117,6,6,sample2;sample4;sample5;sample7;sample8;sample9,sample1;sample10;sample11;sample12;sample3;sample6,752,362,1114,4445,2014,0.1446988647296517,0.15235690235690236,0.007658037627250647
selected4,lightgbm,4,0.0050251256281407,"{""lgbm_colsample_bytree"": 0.8, ""lgbm_learning_rate"": 0.02, ""lgbm_max_depth"": -1, ""lgbm_min_child_samples"": 20, ""lgbm_n_estimators"": 1500, ""lgbm_num_leaves"": 63, ""lgbm_reg_alpha"": 0.0, ""lgbm_reg_lambda"": 1.0, ""lgbm_subsample"": 0.8}",output/all_satisfying_primordia_splits/split_051/models/selected4/lightgbm/hyperparameter_search_train_cv.csv,0.908832488257322,0.9883861259363858,0.9008894536213468,0.9428191489361702,0.921377517868746,output/all_satisfying_primordia_splits/split_051/models/selected4/lightgbm/training_summary.json,0.8812664907651715,0.9226519337016574,0.9014844804318488,334,45,28,50,split_051,split_051,output/all_satisfying_primordia_splits/split_051/neighbor_pairs_train.csv,output/all_satisfying_primordia_splits/split_051/neighbor_pairs_test.csv,output/all_satisfying_primordia_splits/split_051/primordium_assignment.csv,5197,2376,7573,7624,51,exception_label,1,0.686253796381883,0.313746203618117,6,6,sample2;sample4;sample5;sample7;sample8;sample9,sample1;sample10;sample11;sample12;sample3;sample6,752,362,1114,4445,2014,0.1446988647296517,0.15235690235690236,0.007658037627250647
all,lr,49,0.4874371859296482,"{""lr_C"": 1.0}",output/all_satisfying_primordia_splits/split_052/models/all/lr/hyperparameter_search_train_cv.csv,0.9548625339217434,0.9930383958718576,0.9353658536585366,0.9647798742138364,0.94984520123839,output/all_satisfying_primordia_splits/split_052/models/all/lr/training_summary.json,0.9204892966360856,0.9435736677115988,0.9318885448916407,301,26,18,51,split_052,split_052,output/all_satisfying_primordia_splits/split_052/neighbor_pairs_train.csv,output/all_satisfying_primordia_splits/split_052/neighbor_pairs_test.csv,output/all_satisfying_primordia_splits/split_052/primordium_assignment.csv,5407,2166,7573,7624,51,exception_label,1,0.7139838901360095,0.2860161098639905,9,3,sample1;sample10;sample11;sample12;sample2;sample3;sample4;sample5;sample7,sample6;sample8;sample9,795,319,1114,4612,1847,0.1470316256704272,0.14727608494921515,0.0002444592787879396
all,svm,49,0.1909547738693467,"{""svm_C"": 1.0, ""svm_calib_method"": ""sigmoid""}",output/all_satisfying_primordia_splits/split_052/models/all/svm/hyperparameter_search_train_cv.csv,0.9538604918344183,0.9928504802893192,0.9327628361858192,0.959748427672956,0.9460632362058276,output/all_satisfying_primordia_splits/split_052/models/all/svm/training_summary.json,0.9300911854103344,0.9592476489028212,0.9444444444444444,306,23,13,51,split_052,split_052,output/all_satisfying_primordia_splits/split_052/neighbor_pairs_train.csv,output/all_satisfying_primordia_splits/split_052/neighbor_pairs_test.csv,output/all_satisfying_primordia_splits/split_052/primordium_assignment.csv,5407,2166,7573,7624,51,exception_label,1,0.7139838901360095,0.2860161098639905,9,3,sample1;sample10;sample11;sample12;sample2;sample3;sample4;sample5;sample7,sample6;sample8;sample9,795,319,1114,4612,1847,0.1470316256704272,0.14727608494921515,0.0002444592787879396
all,xgboost,49,0.1758793969849246,"{""xgb_colsample_bytree"": 0.8, ""xgb_gamma"": 0.0, ""xgb_learning_rate"": 0.05, ""xgb_max_depth"": 4, ""xgb_min_child_weight"": 1.0, ""xgb_n_estimators"": 600, ""xgb_reg_alpha"": 0.0, ""xgb_reg_lambda"": 1.0, ""xgb_subsample"": 0.8}",output/all_satisfying_primordia_splits/split_052/models/all/xgboost/hyperparameter_search_train_cv.csv,0.9367926421004216,0.9914764328222246,0.9448621553884712,0.9484276729559749,0.9466415568110482,output/all_satisfying_primordia_splits/split_052/models/all/xgboost/training_summary.json,0.9318885448916407,0.9435736677115988,0.9376947040498442,301,22,18,51,split_052,split_052,output/all_satisfying_primordia_splits/split_052/neighbor_pairs_train.csv,output/all_satisfying_primordia_splits/split_052/neighbor_pairs_test.csv,output/all_satisfying_primordia_splits/split_052/primordium_assignment.csv,5407,2166,7573,7624,51,exception_label,1,0.7139838901360095,0.2860161098639905,9,3,sample1;sample10;sample11;sample12;sample2;sample3;sample4;sample5;sample7,sample6;sample8;sample9,795,319,1114,4612,1847,0.1470316256704272,0.14727608494921515,0.0002444592787879396
all,lightgbm,49,0.1105527638190954,"{""lgbm_colsample_bytree"": 0.8, ""lgbm_learning_rate"": 0.02, ""lgbm_max_depth"": -1, ""lgbm_min_child_samples"": 20, ""lgbm_n_estimators"": 1500, ""lgbm_num_leaves"": 63, ""lgbm_reg_alpha"": 0.0, ""lgbm_reg_lambda"": 1.0, ""lgbm_subsample"": 0.8}",output/all_satisfying_primordia_splits/split_052/models/all/lightgbm/hyperparameter_search_train_cv.csv,0.9399327343363812,0.9914854331331446,0.9385194479297364,0.940880503144654,0.9396984924623116,output/all_satisfying_primordia_splits/split_052/models/all/lightgbm/training_summary.json,0.9341692789968652,0.9341692789968652,0.9341692789968652,298,21,21,51,split_052,split_052,output/all_satisfying_primordia_splits/split_052/neighbor_pairs_train.csv,output/all_satisfying_primordia_splits/split_052/neighbor_pairs_test.csv,output/all_satisfying_primordia_splits/split_052/primordium_assignment.csv,5407,2166,7573,7624,51,exception_label,1,0.7139838901360095,0.2860161098639905,9,3,sample1;sample10;sample11;sample12;sample2;sample3;sample4;sample5;sample7,sample6;sample8;sample9,795,319,1114,4612,1847,0.1470316256704272,0.14727608494921515,0.0002444592787879396
selected4,lr,4,0.4874371859296482,"{""lr_C"": 1.0}",output/all_satisfying_primordia_splits/split_052/models/selected4/lr/hyperparameter_search_train_cv.csv,0.9392312429747416,0.9910111440213388,0.9264173703256936,0.9660377358490566,0.9458128078817734,output/all_satisfying_primordia_splits/split_052/models/selected4/lr/training_summary.json,0.9143730886850152,0.9373040752351096,0.9256965944272444,299,28,20,51,split_052,split_052,output/all_satisfying_primordia_splits/split_052/neighbor_pairs_train.csv,output/all_satisfying_primordia_splits/split_052/neighbor_pairs_test.csv,output/all_satisfying_primordia_splits/split_052/primordium_assignment.csv,5407,2166,7573,7624,51,exception_label,1,0.7139838901360095,0.2860161098639905,9,3,sample1;sample10;sample11;sample12;sample2;sample3;sample4;sample5;sample7,sample6;sample8;sample9,795,319,1114,4612,1847,0.1470316256704272,0.14727608494921515,0.0002444592787879396
selected4,svm,4,0.1708542713567839,"{""svm_C"": 1.0, ""svm_calib_method"": ""sigmoid""}",output/all_satisfying_primordia_splits/split_052/models/selected4/svm/hyperparameter_search_train_cv.csv,0.9384426488589814,0.9909797793014667,0.9295261239368166,0.9622641509433962,0.9456118665018542,output/all_satisfying_primordia_splits/split_052/models/selected4/svm/training_summary.json,0.9204892966360856,0.9435736677115988,0.9318885448916407,301,26,18,51,split_052,split_052,output/all_satisfying_primordia_splits/split_052/neighbor_pairs_train.csv,output/all_satisfying_primordia_splits/split_052/neighbor_pairs_test.csv,output/all_satisfying_primordia_splits/split_052/primordium_assignment.csv,5407,2166,7573,7624,51,exception_label,1,0.7139838901360095,0.2860161098639905,9,3,sample1;sample10;sample11;sample12;sample2;sample3;sample4;sample5;sample7,sample6;sample8;sample9,795,319,1114,4612,1847,0.1470316256704272,0.14727608494921515,0.0002444592787879396
selected4,xgboost,4,0.0452261306532663,"{""xgb_colsample_bytree"": 0.8, ""xgb_gamma"": 0.0, ""xgb_learning_rate"": 0.05, ""xgb_max_depth"": 4, ""xgb_min_child_weight"": 1.0, ""xgb_n_estimators"": 600, ""xgb_reg_alpha"": 0.0, ""xgb_reg_lambda"": 1.0, ""xgb_subsample"": 0.8}",output/all_satisfying_primordia_splits/split_052/models/selected4/xgboost/hyperparameter_search_train_cv.csv,0.928539378108151,0.98934308639753,0.9088729016786572,0.9534591194968554,0.930632289748312,output/all_satisfying_primordia_splits/split_052/models/selected4/xgboost/training_summary.json,0.8855421686746988,0.9216300940438872,0.903225806451613,294,38,25,51,split_052,split_052,output/all_satisfying_primordia_splits/split_052/neighbor_pairs_train.csv,output/all_satisfying_primordia_splits/split_052/neighbor_pairs_test.csv,output/all_satisfying_primordia_splits/split_052/primordium_assignment.csv,5407,2166,7573,7624,51,exception_label,1,0.7139838901360095,0.2860161098639905,9,3,sample1;sample10;sample11;sample12;sample2;sample3;sample4;sample5;sample7,sample6;sample8;sample9,795,319,1114,4612,1847,0.1470316256704272,0.14727608494921515,0.0002444592787879396
selected4,lightgbm,4,0.0351758793969849,"{""lgbm_colsample_bytree"": 0.8, ""lgbm_learning_rate"": 0.02, ""lgbm_max_depth"": -1, ""lgbm_min_child_samples"": 20, ""lgbm_n_estimators"": 1500, ""lgbm_num_leaves"": 63, ""lgbm_reg_alpha"": 0.0, ""lgbm_reg_lambda"": 1.0, ""lgbm_subsample"": 0.8}",output/all_satisfying_primordia_splits/split_052/models/selected4/lightgbm/hyperparameter_search_train_cv.csv,0.917366623026294,0.9870229153370752,0.9268897149938042,0.940880503144654,0.933832709113608,output/all_satisfying_primordia_splits/split_052/models/selected4/lightgbm/training_summary.json,0.8834355828220859,0.90282131661442,0.8930232558139535,288,38,31,51,split_052,split_052,output/all_satisfying_primordia_splits/split_052/neighbor_pairs_train.csv,output/all_satisfying_primordia_splits/split_052/neighbor_pairs_test.csv,output/all_satisfying_primordia_splits/split_052/primordium_assignment.csv,5407,2166,7573,7624,51,exception_label,1,0.7139838901360095,0.2860161098639905,9,3,sample1;sample10;sample11;sample12;sample2;sample3;sample4;sample5;sample7,sample6;sample8;sample9,795,319,1114,4612,1847,0.1470316256704272,0.14727608494921515,0.0002444592787879396
all,lr,49,0.4170854271356784,"{""lr_C"": 1.0}",output/all_satisfying_primordia_splits/split_053/models/all/lr/hyperparameter_search_train_cv.csv,0.9535646088816028,0.9928390054986208,0.9391304347826088,0.967989756722151,0.953341740226986,output/all_satisfying_primordia_splits/split_053/models/all/lr/training_summary.json,0.9317507418397626,0.9429429429429428,0.9373134328358208,314,23,19,52,split_053,split_053,output/all_satisfying_primordia_splits/split_053/neighbor_pairs_train.csv,output/all_satisfying_primordia_splits/split_053/neighbor_pairs_test.csv,output/all_satisfying_primordia_splits/split_053/primordium_assignment.csv,5407,2166,7573,7624,51,exception_label,1,0.7139838901360095,0.2860161098639905,8,4,sample1;sample12;sample3;sample4;sample5;sample6;sample7;sample8,sample10;sample11;sample2;sample9,781,333,1114,4626,1833,0.14444238949509894,0.15373961218836565,0.009297222693266716
all,svm,49,0.1055276381909547,"{""svm_C"": 1.0, ""svm_calib_method"": ""sigmoid""}",output/all_satisfying_primordia_splits/split_053/models/all/svm/hyperparameter_search_train_cv.csv,0.9541650717763746,0.992958023264375,0.9347290640394088,0.971830985915493,0.9529190207156312,output/all_satisfying_primordia_splits/split_053/models/all/svm/training_summary.json,0.9292035398230089,0.945945945945946,0.9375,315,24,18,52,split_053,split_053,output/all_satisfying_primordia_splits/split_053/neighbor_pairs_train.csv,output/all_satisfying_primordia_splits/split_053/neighbor_pairs_test.csv,output/all_satisfying_primordia_splits/split_053/primordium_assignment.csv,5407,2166,7573,7624,51,exception_label,1,0.7139838901360095,0.2860161098639905,8,4,sample1;sample12;sample3;sample4;sample5;sample6;sample7;sample8,sample10;sample11;sample2;sample9,781,333,1114,4626,1833,0.14444238949509894,0.15373961218836565,0.009297222693266716
all,xgboost,49,0.135678391959799,"{""xgb_colsample_bytree"": 0.8, ""xgb_gamma"": 0.0, ""xgb_learning_rate"": 0.05, ""xgb_max_depth"": 4, ""xgb_min_child_weight"": 1.0, ""xgb_n_estimators"": 600, ""xgb_reg_alpha"": 0.0, ""xgb_reg_lambda"": 1.0, ""xgb_subsample"": 0.8}",output/all_satisfying_primordia_splits/split_053/models/all/xgboost/hyperparameter_search_train_cv.csv,0.9456608157040214,0.9911865960531496,0.9399744572158364,0.942381562099872,0.9411764705882352,output/all_satisfying_primordia_splits/split_053/models/all/xgboost/training_summary.json,0.9507692307692308,0.927927927927928,0.939209726443769,309,16,24,52,split_053,split_053,output/all_satisfying_primordia_splits/split_053/neighbor_pairs_train.csv,output/all_satisfying_primordia_splits/split_053/neighbor_pairs_test.csv,output/all_satisfying_primordia_splits/split_053/primordium_assignment.csv,5407,2166,7573,7624,51,exception_label,1,0.7139838901360095,0.2860161098639905,8,4,sample1;sample12;sample3;sample4;sample5;sample6;sample7;sample8,sample10;sample11;sample2;sample9,781,333,1114,4626,1833,0.14444238949509894,0.15373961218836565,0.009297222693266716
all,lightgbm,49,0.2914572864321608,"{""lgbm_colsample_bytree"": 0.8, ""lgbm_learning_rate"": 0.02, ""lgbm_max_depth"": -1, ""lgbm_min_child_samples"": 20, ""lgbm_n_estimators"": 1500, ""lgbm_num_leaves"": 63, ""lgbm_reg_alpha"": 0.0, ""lgbm_reg_lambda"": 1.0, ""lgbm_subsample"": 0.8}",output/all_satisfying_primordia_splits/split_053/models/all/lightgbm/hyperparameter_search_train_cv.csv,0.9432079212052796,0.9914094083820616,0.9486166007905138,0.9218950064020488,0.935064935064935,output/all_satisfying_primordia_splits/split_053/models/all/lightgbm/training_summary.json,0.9681528662420382,0.9129129129129128,0.9397217928902628,304,10,29,52,split_053,split_053,output/all_satisfying_primordia_splits/split_053/neighbor_pairs_train.csv,output/all_satisfying_primordia_splits/split_053/neighbor_pairs_test.csv,output/all_satisfying_primordia_splits/split_053/primordium_assignment.csv,5407,2166,7573,7624,51,exception_label,1,0.7139838901360095,0.2860161098639905,8,4,sample1;sample12;sample3;sample4;sample5;sample6;sample7;sample8,sample10;sample11;sample2;sample9,781,333,1114,4626,1833,0.14444238949509894,0.15373961218836565,0.009297222693266716
selected4,lr,4,0.5025125628140703,"{""lr_C"": 1.0}",output/all_satisfying_primordia_splits/split_053/models/selected4/lr/hyperparameter_search_train_cv.csv,0.9353523967939869,0.9906836767964624,0.9254658385093169,0.9539052496798976,0.939470365699874,output/all_satisfying_primordia_splits/split_053/models/selected4/lr/training_summary.json,0.924198250728863,0.951951951951952,0.9378698224852072,317,26,16,52,split_053,split_053,output/all_satisfying_primordia_splits/split_053/neighbor_pairs_train.csv,output/all_satisfying_primordia_splits/split_053/neighbor_pairs_test.csv,output/all_satisfying_primordia_splits/split_053/primordium_assignment.csv,5407,2166,7573,7624,51,exception_label,1,0.7139838901360095,0.2860161098639905,8,4,sample1;sample12;sample3;sample4;sample5;sample6;sample7;sample8,sample10;sample11;sample2;sample9,781,333,1114,4626,1833,0.14444238949509894,0.15373961218836565,0.009297222693266716
selected4,svm,4,0.1457286432160804,"{""svm_C"": 1.0, ""svm_calib_method"": ""sigmoid""}",output/all_satisfying_primordia_splits/split_053/models/selected4/svm/hyperparameter_search_train_cv.csv,0.934817949152581,0.9906745428749044,0.9247842170160296,0.9603072983354674,0.942211055276382,output/all_satisfying_primordia_splits/split_053/models/selected4/svm/training_summary.json,0.9215116279069768,0.951951951951952,0.9364844903988184,317,27,16,52,split_053,split_053,output/all_satisfying_primordia_splits/split_053/neighbor_pairs_train.csv,output/all_satisfying_primordia_splits/split_053/neighbor_pairs_test.csv,output/all_satisfying_primordia_splits/split_053/primordium_assignment.csv,5407,2166,7573,7624,51,exception_label,1,0.7139838901360095,0.2860161098639905,8,4,sample1;sample12;sample3;sample4;sample5;sample6;sample7;sample8,sample10;sample11;sample2;sample9,781,333,1114,4626,1833,0.14444238949509894,0.15373961218836565,0.009297222693266716
selected4,xgboost,4,0.1758793969849246,"{""xgb_colsample_bytree"": 0.8, ""xgb_gamma"": 0.0, ""xgb_learning_rate"": 0.05, ""xgb_max_depth"": 4, ""xgb_min_child_weight"": 1.0, ""xgb_n_estimators"": 600, ""xgb_reg_alpha"": 0.0, ""xgb_reg_lambda"": 1.0, ""xgb_subsample"": 0.8}",output/all_satisfying_primordia_splits/split_053/models/selected4/xgboost/hyperparameter_search_train_cv.csv,0.9139655166970564,0.988364214291764,0.9179292929292928,0.9308578745198464,0.9243483788938336,output/all_satisfying_primordia_splits/split_053/models/selected4/xgboost/training_summary.json,0.9,0.918918918918919,0.9093610698365528,306,34,27,52,split_053,split_053,output/all_satisfying_primordia_splits/split_053/neighbor_pairs_train.csv,output/all_satisfying_primordia_splits/split_053/neighbor_pairs_test.csv,output/all_satisfying_primordia_splits/split_053/primordium_assignment.csv,5407,2166,7573,7624,51,exception_label,1,0.7139838901360095,0.2860161098639905,8,4,sample1;sample12;sample3;sample4;sample5;sample6;sample7;sample8,sample10;sample11;sample2;sample9,781,333,1114,4626,1833,0.14444238949509894,0.15373961218836565,0.009297222693266716
selected4,lightgbm,4,0.0150753768844221,"{""lgbm_colsample_bytree"": 0.8, ""lgbm_learning_rate"": 0.02, ""lgbm_max_depth"": -1, ""lgbm_min_child_samples"": 20, ""lgbm_n_estimators"": 1500, ""lgbm_num_leaves"": 63, ""lgbm_reg_alpha"": 0.0, ""lgbm_reg_lambda"": 1.0, ""lgbm_subsample"": 0.8}",output/all_satisfying_primordia_splits/split_053/models/selected4/lightgbm/hyperparameter_search_train_cv.csv,0.9105152161493149,0.986701563782728,0.91125,0.9334186939820742,0.922201138519924,output/all_satisfying_primordia_splits/split_053/models/selected4/lightgbm/training_summary.json,0.9005847953216374,0.924924924924925,0.9125925925925926,308,34,25,52,split_053,split_053,output/all_satisfying_primordia_splits/split_053/neighbor_pairs_train.csv,output/all_satisfying_primordia_splits/split_053/neighbor_pairs_test.csv,output/all_satisfying_primordia_splits/split_053/primordium_assignment.csv,5407,2166,7573,7624,51,exception_label,1,0.7139838901360095,0.2860161098639905,8,4,sample1;sample12;sample3;sample4;sample5;sample6;sample7;sample8,sample10;sample11;sample2;sample9,781,333,1114,4626,1833,0.14444238949509894,0.15373961218836565,0.009297222693266716
all,lr,49,0.457286432160804,"{""lr_C"": 1.0}",output/all_satisfying_primordia_splits/split_054/models/all/lr/hyperparameter_search_train_cv.csv,0.9546777414347516,0.9930721916121836,0.9332509270704572,0.9593392630241424,0.9461152882205514,output/all_satisfying_primordia_splits/split_054/models/all/lr/training_summary.json,0.9285714285714286,0.9541284403669724,0.9411764705882352,312,24,15,53,split_054,split_054,output/all_satisfying_primordia_splits/split_054/neighbor_pairs_train.csv,output/all_satisfying_primordia_splits/split_054/neighbor_pairs_test.csv,output/all_satisfying_primordia_splits/split_054/primordium_assignment.csv,5409,2164,7573,7624,51,exception_label,1,0.7142479862670011,0.2857520137329988,8,4,sample1;sample12;sample2;sample3;sample4;sample7;sample8;sample9,sample10;sample11;sample5;sample6,787,327,1114,4622,1837,0.1454982436679608,0.1511090573012939,0.0056108136333331005
all,svm,49,0.2160804020100502,"{""svm_C"": 1.0, ""svm_calib_method"": ""sigmoid""}",output/all_satisfying_primordia_splits/split_054/models/all/svm/hyperparameter_search_train_cv.csv,0.9533052636123284,0.9928635326214552,0.9351620947630924,0.9529860228716646,0.9439899307740718,output/all_satisfying_primordia_splits/split_054/models/all/svm/training_summary.json,0.9335347432024168,0.944954128440367,0.939209726443769,309,22,18,53,split_054,split_054,output/all_satisfying_primordia_splits/split_054/neighbor_pairs_train.csv,output/all_satisfying_primordia_splits/split_054/neighbor_pairs_test.csv,output/all_satisfying_primordia_splits/split_054/primordium_assignment.csv,5409,2164,7573,7624,51,exception_label,1,0.7142479862670011,0.2857520137329988,8,4,sample1;sample12;sample2;sample3;sample4;sample7;sample8;sample9,sample10;sample11;sample5;sample6,787,327,1114,4622,1837,0.1454982436679608,0.1511090573012939,0.0056108136333331005
all,xgboost,49,0.0351758793969849,"{""xgb_colsample_bytree"": 0.8, ""xgb_gamma"": 0.0, ""xgb_learning_rate"": 0.05, ""xgb_max_depth"": 4, ""xgb_min_child_weight"": 1.0, ""xgb_n_estimators"": 600, ""xgb_reg_alpha"": 0.0, ""xgb_reg_lambda"": 1.0, ""xgb_subsample"": 0.8}",output/all_satisfying_primordia_splits/split_054/models/all/xgboost/hyperparameter_search_train_cv.csv,0.9355269898782288,0.9916721970004788,0.9250614250614252,0.9567979669631512,0.9406620861961276,output/all_satisfying_primordia_splits/split_054/models/all/xgboost/training_summary.json,0.93993993993994,0.9571865443425076,0.9484848484848484,313,20,14,53,split_054,split_054,output/all_satisfying_primordia_splits/split_054/neighbor_pairs_train.csv,output/all_satisfying_primordia_splits/split_054/neighbor_pairs_test.csv,output/all_satisfying_primordia_splits/split_054/primordium_assignment.csv,5409,2164,7573,7624,51,exception_label,1,0.7142479862670011,0.2857520137329988,8,4,sample1;sample12;sample2;sample3;sample4;sample7;sample8;sample9,sample10;sample11;sample5;sample6,787,327,1114,4622,1837,0.1454982436679608,0.1511090573012939,0.0056108136333331005
all,lightgbm,49,0.0251256281407035,"{""lgbm_colsample_bytree"": 0.8, ""lgbm_learning_rate"": 0.02, ""lgbm_max_depth"": -1, ""lgbm_min_child_samples"": 20, ""lgbm_n_estimators"": 1500, ""lgbm_num_leaves"": 63, ""lgbm_reg_alpha"": 0.0, ""lgbm_reg_lambda"": 1.0, ""lgbm_subsample"": 0.8}",output/all_satisfying_primordia_splits/split_054/models/all/lightgbm/hyperparameter_search_train_cv.csv,0.9372163007909616,0.9911219585684068,0.9374217772215268,0.951715374841169,0.9445145018915512,output/all_satisfying_primordia_splits/split_054/models/all/lightgbm/training_summary.json,0.9539877300613496,0.9510703363914372,0.9525267993874426,311,15,16,53,split_054,split_054,output/all_satisfying_primordia_splits/split_054/neighbor_pairs_train.csv,output/all_satisfying_primordia_splits/split_054/neighbor_pairs_test.csv,output/all_satisfying_primordia_splits/split_054/primordium_assignment.csv,5409,2164,7573,7624,51,exception_label,1,0.7142479862670011,0.2857520137329988,8,4,sample1;sample12;sample2;sample3;sample4;sample7;sample8;sample9,sample10;sample11;sample5;sample6,787,327,1114,4622,1837,0.1454982436679608,0.1511090573012939,0.0056108136333331005
selected4,lr,4,0.4371859296482412,"{""lr_C"": 1.0}",output/all_satisfying_primordia_splits/split_054/models/selected4/lr/hyperparameter_search_train_cv.csv,0.9402631477478348,0.9912514426061316,0.92326431181486,0.963151207115629,0.9427860696517412,output/all_satisfying_primordia_splits/split_054/models/selected4/lr/training_summary.json,0.911504424778761,0.944954128440367,0.927927927927928,309,30,18,53,split_054,split_054,output/all_satisfying_primordia_splits/split_054/neighbor_pairs_train.csv,output/all_satisfying_primordia_splits/split_054/neighbor_pairs_test.csv,output/all_satisfying_primordia_splits/split_054/primordium_assignment.csv,5409,2164,7573,7624,51,exception_label,1,0.7142479862670011,0.2857520137329988,8,4,sample1;sample12;sample2;sample3;sample4;sample7;sample8;sample9,sample10;sample11;sample5;sample6,787,327,1114,4622,1837,0.1454982436679608,0.1511090573012939,0.0056108136333331005
selected4,svm,4,0.1507537688442211,"{""svm_C"": 1.0, ""svm_calib_method"": ""sigmoid""}",output/all_satisfying_primordia_splits/split_054/models/selected4/svm/hyperparameter_search_train_cv.csv,0.939160654651753,0.991197559652004,0.9253365973072216,0.960609911054638,0.942643391521197,output/all_satisfying_primordia_splits/split_054/models/selected4/svm/training_summary.json,0.9258160237388724,0.9541284403669724,0.9397590361445785,312,25,15,53,split_054,split_054,output/all_satisfying_primordia_splits/split_054/neighbor_pairs_train.csv,output/all_satisfying_primordia_splits/split_054/neighbor_pairs_test.csv,output/all_satisfying_primordia_splits/split_054/primordium_assignment.csv,5409,2164,7573,7624,51,exception_label,1,0.7142479862670011,0.2857520137329988,8,4,sample1;sample12;sample2;sample3;sample4;sample7;sample8;sample9,sample10;sample11;sample5;sample6,787,327,1114,4622,1837,0.1454982436679608,0.1511090573012939,0.0056108136333331005
selected4,xgboost,4,0.050251256281407,"{""xgb_colsample_bytree"": 0.8, ""xgb_gamma"": 0.0, ""xgb_learning_rate"": 0.05, ""xgb_max_depth"": 4, ""xgb_min_child_weight"": 1.0, ""xgb_n_estimators"": 600, ""xgb_reg_alpha"": 0.0, ""xgb_reg_lambda"": 1.0, ""xgb_subsample"": 0.8}",output/all_satisfying_primordia_splits/split_054/models/selected4/xgboost/hyperparameter_search_train_cv.csv,0.9042008696567236,0.9876212160283095,0.9009661835748792,0.9479034307496824,0.9238390092879256,output/all_satisfying_primordia_splits/split_054/models/selected4/xgboost/training_summary.json,0.9046242774566474,0.9571865443425076,0.9301634472511144,313,33,14,53,split_054,split_054,output/all_satisfying_primordia_splits/split_054/neighbor_pairs_train.csv,output/all_satisfying_primordia_splits/split_054/neighbor_pairs_test.csv,output/all_satisfying_primordia_splits/split_054/primordium_assignment.csv,5409,2164,7573,7624,51,exception_label,1,0.7142479862670011,0.2857520137329988,8,4,sample1;sample12;sample2;sample3;sample4;sample7;sample8;sample9,sample10;sample11;sample5;sample6,787,327,1114,4622,1837,0.1454982436679608,0.1511090573012939,0.0056108136333331005
selected4,lightgbm,4,0.0201005025125628,"{""lgbm_colsample_bytree"": 0.8, ""lgbm_learning_rate"": 0.02, ""lgbm_max_depth"": -1, ""lgbm_min_child_samples"": 20, ""lgbm_n_estimators"": 1500, ""lgbm_num_leaves"": 63, ""lgbm_reg_alpha"": 0.0, ""lgbm_reg_lambda"": 1.0, ""lgbm_subsample"": 0.8}",output/all_satisfying_primordia_splits/split_054/models/selected4/lightgbm/hyperparameter_search_train_cv.csv,0.898723937545064,0.9866744155486412,0.9079754601226994,0.940279542566709,0.9238451935081148,output/all_satisfying_primordia_splits/split_054/models/selected4/lightgbm/training_summary.json,0.9014925373134328,0.9235474006116208,0.9123867069486404,302,33,25,53,split_054,split_054,output/all_satisfying_primordia_splits/split_054/neighbor_pairs_train.csv,output/all_satisfying_primordia_splits/split_054/neighbor_pairs_test.csv,output/all_satisfying_primordia_splits/split_054/primordium_assignment.csv,5409,2164,7573,7624,51,exception_label,1,0.7142479862670011,0.2857520137329988,8,4,sample1;sample12;sample2;sample3;sample4;sample7;sample8;sample9,sample10;sample11;sample5;sample6,787,327,1114,4622,1837,0.1454982436679608,0.1511090573012939,0.0056108136333331005
all,lr,49,0.4170854271356784,"{""lr_C"": 1.0}",output/all_satisfying_primordia_splits/split_055/models/all/lr/hyperparameter_search_train_cv.csv,0.9527532977254362,0.9926201631742576,0.9304029304029304,0.967005076142132,0.9483509645301804,output/all_satisfying_primordia_splits/split_055/models/all/lr/training_summary.json,0.9292035398230089,0.9662576687116564,0.9473684210526316,315,24,11,54,split_055,split_055,output/all_satisfying_primordia_splits/split_055/neighbor_pairs_train.csv,output/all_satisfying_primordia_splits/split_055/neighbor_pairs_test.csv,output/all_satisfying_primordia_splits/split_055/primordium_assignment.csv,5412,2161,7573,7624,51,exception_label,1,0.7146441304634887,0.28535586953651126,8,4,sample1;sample10;sample11;sample2;sample3;sample4;sample5;sample9,sample12;sample6;sample7;sample8,788,326,1114,4624,1835,0.14560236511456023,0.15085608514576584,0.005253720031205611
all,svm,49,0.3115577889447236,"{""svm_C"": 1.0, ""svm_calib_method"": ""sigmoid""}",output/all_satisfying_primordia_splits/split_055/models/all/svm/hyperparameter_search_train_cv.csv,0.9537569002073572,0.992635257671298,0.9427480916030534,0.9403553299492384,0.9415501905972046,output/all_satisfying_primordia_splits/split_055/models/all/svm/training_summary.json,0.95625,0.9386503067484664,0.9473684210526316,306,14,20,54,split_055,split_055,output/all_satisfying_primordia_splits/split_055/neighbor_pairs_train.csv,output/all_satisfying_primordia_splits/split_055/neighbor_pairs_test.csv,output/all_satisfying_primordia_splits/split_055/primordium_assignment.csv,5412,2161,7573,7624,51,exception_label,1,0.7146441304634887,0.28535586953651126,8,4,sample1;sample10;sample11;sample2;sample3;sample4;sample5;sample9,sample12;sample6;sample7;sample8,788,326,1114,4624,1835,0.14560236511456023,0.15085608514576584,0.005253720031205611
all,xgboost,49,0.2814070351758794,"{""xgb_colsample_bytree"": 0.8, ""xgb_gamma"": 0.0, ""xgb_learning_rate"": 0.05, ""xgb_max_depth"": 4, ""xgb_min_child_weight"": 1.0, ""xgb_n_estimators"": 600, ""xgb_reg_alpha"": 0.0, ""xgb_reg_lambda"": 1.0, ""xgb_subsample"": 0.8}",output/all_satisfying_primordia_splits/split_055/models/all/xgboost/hyperparameter_search_train_cv.csv,0.9392690862726396,0.9912542484148034,0.940721649484536,0.9263959390862944,0.9335038363171356,output/all_satisfying_primordia_splits/split_055/models/all/xgboost/training_summary.json,0.9444444444444444,0.9386503067484664,0.9415384615384614,306,18,20,54,split_055,split_055,output/all_satisfying_primordia_splits/split_055/neighbor_pairs_train.csv,output/all_satisfying_primordia_splits/split_055/neighbor_pairs_test.csv,output/all_satisfying_primordia_splits/split_055/primordium_assignment.csv,5412,2161,7573,7624,51,exception_label,1,0.7146441304634887,0.28535586953651126,8,4,sample1;sample10;sample11;sample2;sample3;sample4;sample5;sample9,sample12;sample6;sample7;sample8,788,326,1114,4624,1835,0.14560236511456023,0.15085608514576584,0.005253720031205611
all,lightgbm,49,0.0251256281407035,"{""lgbm_colsample_bytree"": 0.8, ""lgbm_learning_rate"": 0.02, ""lgbm_max_depth"": -1, ""lgbm_min_child_samples"": 20, ""lgbm_n_estimators"": 1500, ""lgbm_num_leaves"": 63, ""lgbm_reg_alpha"": 0.0, ""lgbm_reg_lambda"": 1.0, ""lgbm_subsample"": 0.8}",output/all_satisfying_primordia_splits/split_055/models/all/lightgbm/hyperparameter_search_train_cv.csv,0.938725736313351,0.9909350684137496,0.92375,0.9378172588832488,0.9307304785894208,output/all_satisfying_primordia_splits/split_055/models/all/lightgbm/training_summary.json,0.9424242424242424,0.9539877300613496,0.948170731707317,311,19,15,54,split_055,split_055,output/all_satisfying_primordia_splits/split_055/neighbor_pairs_train.csv,output/all_satisfying_primordia_splits/split_055/neighbor_pairs_test.csv,output/all_satisfying_primordia_splits/split_055/primordium_assignment.csv,5412,2161,7573,7624,51,exception_label,1,0.7146441304634887,0.28535586953651126,8,4,sample1;sample10;sample11;sample2;sample3;sample4;sample5;sample9,sample12;sample6;sample7;sample8,788,326,1114,4624,1835,0.14560236511456023,0.15085608514576584,0.005253720031205611
selected4,lr,4,0.507537688442211,"{""lr_C"": 1.0}",output/all_satisfying_primordia_splits/split_055/models/selected4/lr/hyperparameter_search_train_cv.csv,0.9359831332617188,0.9906315318005374,0.9241126070991432,0.9581218274111676,0.940809968847352,output/all_satisfying_primordia_splits/split_055/models/selected4/lr/training_summary.json,0.928358208955224,0.9539877300613496,0.940998487140696,311,24,15,54,split_055,split_055,output/all_satisfying_primordia_splits/split_055/neighbor_pairs_train.csv,output/all_satisfying_primordia_splits/split_055/neighbor_pairs_test.csv,output/all_satisfying_primordia_splits/split_055/primordium_assignment.csv,5412,2161,7573,7624,51,exception_label,1,0.7146441304634887,0.28535586953651126,8,4,sample1;sample10;sample11;sample2;sample3;sample4;sample5;sample9,sample12;sample6;sample7;sample8,788,326,1114,4624,1835,0.14560236511456023,0.15085608514576584,0.005253720031205611
selected4,svm,4,0.1809045226130653,"{""svm_C"": 1.0, ""svm_calib_method"": ""sigmoid""}",output/all_satisfying_primordia_splits/split_055/models/selected4/svm/hyperparameter_search_train_cv.csv,0.934977320529948,0.9905533148613284,0.9248768472906403,0.953045685279188,0.93875,output/all_satisfying_primordia_splits/split_055/models/selected4/svm/training_summary.json,0.933933933933934,0.9539877300613496,0.9438543247344462,311,22,15,54,split_055,split_055,output/all_satisfying_primordia_splits/split_055/neighbor_pairs_train.csv,output/all_satisfying_primordia_splits/split_055/neighbor_pairs_test.csv,output/all_satisfying_primordia_splits/split_055/primordium_assignment.csv,5412,2161,7573,7624,51,exception_label,1,0.7146441304634887,0.28535586953651126,8,4,sample1;sample10;sample11;sample2;sample3;sample4;sample5;sample9,sample12;sample6;sample7;sample8,788,326,1114,4624,1835,0.14560236511456023,0.15085608514576584,0.005253720031205611
selected4,xgboost,4,0.0452261306532663,"{""xgb_colsample_bytree"": 0.8, ""xgb_gamma"": 0.0, ""xgb_learning_rate"": 0.05, ""xgb_max_depth"": 4, ""xgb_min_child_weight"": 1.0, ""xgb_n_estimators"": 600, ""xgb_reg_alpha"": 0.0, ""xgb_reg_lambda"": 1.0, ""xgb_subsample"": 0.8}",output/all_satisfying_primordia_splits/split_055/models/selected4/xgboost/hyperparameter_search_train_cv.csv,0.9032740840859113,0.9876249824354943,0.8907563025210085,0.9416243654822336,0.9154842689697718,output/all_satisfying_primordia_splits/split_055/models/selected4/xgboost/training_summary.json,0.9117647058823528,0.950920245398773,0.9309309309309308,310,30,16,54,split_055,split_055,output/all_satisfying_primordia_splits/split_055/neighbor_pairs_train.csv,output/all_satisfying_primordia_splits/split_055/neighbor_pairs_test.csv,output/all_satisfying_primordia_splits/split_055/primordium_assignment.csv,5412,2161,7573,7624,51,exception_label,1,0.7146441304634887,0.28535586953651126,8,4,sample1;sample10;sample11;sample2;sample3;sample4;sample5;sample9,sample12;sample6;sample7;sample8,788,326,1114,4624,1835,0.14560236511456023,0.15085608514576584,0.005253720031205611
selected4,lightgbm,4,0.0351758793969849,"{""lgbm_colsample_bytree"": 0.8, ""lgbm_learning_rate"": 0.02, ""lgbm_max_depth"": -1, ""lgbm_min_child_samples"": 20, ""lgbm_n_estimators"": 1500, ""lgbm_num_leaves"": 63, ""lgbm_reg_alpha"": 0.0, ""lgbm_reg_lambda"": 1.0, ""lgbm_subsample"": 0.8}",output/all_satisfying_primordia_splits/split_055/models/selected4/lightgbm/hyperparameter_search_train_cv.csv,0.8963962430771897,0.9859744677954788,0.8981366459627329,0.91751269035533,0.9077212806026363,output/all_satisfying_primordia_splits/split_055/models/selected4/lightgbm/training_summary.json,0.9129129129129128,0.9325153374233128,0.9226100151745068,304,29,22,54,split_055,split_055,output/all_satisfying_primordia_splits/split_055/neighbor_pairs_train.csv,output/all_satisfying_primordia_splits/split_055/neighbor_pairs_test.csv,output/all_satisfying_primordia_splits/split_055/primordium_assignment.csv,5412,2161,7573,7624,51,exception_label,1,0.7146441304634887,0.28535586953651126,8,4,sample1;sample10;sample11;sample2;sample3;sample4;sample5;sample9,sample12;sample6;sample7;sample8,788,326,1114,4624,1835,0.14560236511456023,0.15085608514576584,0.005253720031205611
all,lr,49,0.4974874371859296,"{""lr_C"": 1.0}",output/all_satisfying_primordia_splits/split_056/models/all/lr/hyperparameter_search_train_cv.csv,0.9538600713549832,0.9928875601482714,0.9336801040312094,0.9611780455153948,0.9472295514511874,output/all_satisfying_primordia_splits/split_056/models/all/lr/training_summary.json,0.9427792915531336,0.9427792915531336,0.9427792915531336,346,21,21,55,split_056,split_056,output/all_satisfying_primordia_splits/split_056/neighbor_pairs_train.csv,output/all_satisfying_primordia_splits/split_056/neighbor_pairs_test.csv,output/all_satisfying_primordia_splits/split_056/primordium_assignment.csv,5188,2385,7573,7624,51,exception_label,1,0.6850653637924204,0.31493463620757955,8,4,sample1;sample10;sample12;sample3;sample4;sample7;sample8;sample9,sample11;sample2;sample5;sample6,747,367,1114,4441,2018,0.14398612181958365,0.1538784067085954,0.009892284889011754
all,svm,49,0.185929648241206,"{""svm_C"": 1.0, ""svm_calib_method"": ""sigmoid""}",output/all_satisfying_primordia_splits/split_056/models/all/svm/hyperparameter_search_train_cv.csv,0.9539181991742288,0.9929056464543152,0.929778933680104,0.9571619812583668,0.9432717678100264,output/all_satisfying_primordia_splits/split_056/models/all/svm/training_summary.json,0.947945205479452,0.9427792915531336,0.9453551912568308,346,19,21,55,split_056,split_056,output/all_satisfying_primordia_splits/split_056/neighbor_pairs_train.csv,output/all_satisfying_primordia_splits/split_056/neighbor_pairs_test.csv,output/all_satisfying_primordia_splits/split_056/primordium_assignment.csv,5188,2385,7573,7624,51,exception_label,1,0.6850653637924204,0.31493463620757955,8,4,sample1;sample10;sample12;sample3;sample4;sample7;sample8;sample9,sample11;sample2;sample5;sample6,747,367,1114,4441,2018,0.14398612181958365,0.1538784067085954,0.009892284889011754
all,xgboost,49,0.0703517587939698,"{""xgb_colsample_bytree"": 0.8, ""xgb_gamma"": 0.0, ""xgb_learning_rate"": 0.05, ""xgb_max_depth"": 4, ""xgb_min_child_weight"": 1.0, ""xgb_n_estimators"": 600, ""xgb_reg_alpha"": 0.0, ""xgb_reg_lambda"": 1.0, ""xgb_subsample"": 0.8}",output/all_satisfying_primordia_splits/split_056/models/all/xgboost/hyperparameter_search_train_cv.csv,0.9388028154944216,0.9915865518668534,0.9290407358738502,0.9464524765729584,0.9376657824933686,output/all_satisfying_primordia_splits/split_056/models/all/xgboost/training_summary.json,0.9561643835616438,0.9509536784741144,0.953551912568306,349,16,18,55,split_056,split_056,output/all_satisfying_primordia_splits/split_056/neighbor_pairs_train.csv,output/all_satisfying_primordia_splits/split_056/neighbor_pairs_test.csv,output/all_satisfying_primordia_splits/split_056/primordium_assignment.csv,5188,2385,7573,7624,51,exception_label,1,0.6850653637924204,0.31493463620757955,8,4,sample1;sample10;sample12;sample3;sample4;sample7;sample8;sample9,sample11;sample2;sample5;sample6,747,367,1114,4441,2018,0.14398612181958365,0.1538784067085954,0.009892284889011754
all,lightgbm,49,0.0552763819095477,"{""lgbm_colsample_bytree"": 0.8, ""lgbm_learning_rate"": 0.02, ""lgbm_max_depth"": -1, ""lgbm_min_child_samples"": 20, ""lgbm_n_estimators"": 1500, ""lgbm_num_leaves"": 63, ""lgbm_reg_alpha"": 0.0, ""lgbm_reg_lambda"": 1.0, ""lgbm_subsample"": 0.8}",output/all_satisfying_primordia_splits/split_056/models/all/lightgbm/hyperparameter_search_train_cv.csv,0.9370009009073416,0.9911187194171868,0.9401595744680852,0.9464524765729584,0.9432955303535692,output/all_satisfying_primordia_splits/split_056/models/all/lightgbm/training_summary.json,0.9663865546218487,0.9400544959128064,0.9530386740331492,345,12,22,55,split_056,split_056,output/all_satisfying_primordia_splits/split_056/neighbor_pairs_train.csv,output/all_satisfying_primordia_splits/split_056/neighbor_pairs_test.csv,output/all_satisfying_primordia_splits/split_056/primordium_assignment.csv,5188,2385,7573,7624,51,exception_label,1,0.6850653637924204,0.31493463620757955,8,4,sample1;sample10;sample12;sample3;sample4;sample7;sample8;sample9,sample11;sample2;sample5;sample6,747,367,1114,4441,2018,0.14398612181958365,0.1538784067085954,0.009892284889011754
selected4,lr,4,0.4020100502512563,"{""lr_C"": 1.0}",output/all_satisfying_primordia_splits/split_056/models/selected4/lr/hyperparameter_search_train_cv.csv,0.9319049139797464,0.9903892384067532,0.9110546378653112,0.9598393574297188,0.9348109517601042,output/all_satisfying_primordia_splits/split_056/models/selected4/lr/training_summary.json,0.9385026737967914,0.9564032697547684,0.9473684210526316,351,23,16,55,split_056,split_056,output/all_satisfying_primordia_splits/split_056/neighbor_pairs_train.csv,output/all_satisfying_primordia_splits/split_056/neighbor_pairs_test.csv,output/all_satisfying_primordia_splits/split_056/primordium_assignment.csv,5188,2385,7573,7624,51,exception_label,1,0.6850653637924204,0.31493463620757955,8,4,sample1;sample10;sample12;sample3;sample4;sample7;sample8;sample9,sample11;sample2;sample5;sample6,747,367,1114,4441,2018,0.14398612181958365,0.1538784067085954,0.009892284889011754
selected4,svm,4,0.1206030150753768,"{""svm_C"": 1.0, ""svm_calib_method"": ""sigmoid""}",output/all_satisfying_primordia_splits/split_056/models/selected4/svm/hyperparameter_search_train_cv.csv,0.931201865524702,0.990378989499995,0.910941475826972,0.9585006693440428,0.934116112198304,output/all_satisfying_primordia_splits/split_056/models/selected4/svm/training_summary.json,0.946236559139785,0.9591280653950952,0.952638700947226,352,20,15,55,split_056,split_056,output/all_satisfying_primordia_splits/split_056/neighbor_pairs_train.csv,output/all_satisfying_primordia_splits/split_056/neighbor_pairs_test.csv,output/all_satisfying_primordia_splits/split_056/primordium_assignment.csv,5188,2385,7573,7624,51,exception_label,1,0.6850653637924204,0.31493463620757955,8,4,sample1;sample10;sample12;sample3;sample4;sample7;sample8;sample9,sample11;sample2;sample5;sample6,747,367,1114,4441,2018,0.14398612181958365,0.1538784067085954,0.009892284889011754
selected4,xgboost,4,0.0552763819095477,"{""xgb_colsample_bytree"": 0.8, ""xgb_gamma"": 0.0, ""xgb_learning_rate"": 0.05, ""xgb_max_depth"": 4, ""xgb_min_child_weight"": 1.0, ""xgb_n_estimators"": 600, ""xgb_reg_alpha"": 0.0, ""xgb_reg_lambda"": 1.0, ""xgb_subsample"": 0.8}",output/all_satisfying_primordia_splits/split_056/models/selected4/xgboost/hyperparameter_search_train_cv.csv,0.9125359797624156,0.9879177446858664,0.9005102040816326,0.9451137884872824,0.9222730241672108,output/all_satisfying_primordia_splits/split_056/models/selected4/xgboost/training_summary.json,0.9276139410187668,0.9427792915531336,0.9351351351351352,346,27,21,55,split_056,split_056,output/all_satisfying_primordia_splits/split_056/neighbor_pairs_train.csv,output/all_satisfying_primordia_splits/split_056/neighbor_pairs_test.csv,output/all_satisfying_primordia_splits/split_056/primordium_assignment.csv,5188,2385,7573,7624,51,exception_label,1,0.6850653637924204,0.31493463620757955,8,4,sample1;sample10;sample12;sample3;sample4;sample7;sample8;sample9,sample11;sample2;sample5;sample6,747,367,1114,4441,2018,0.14398612181958365,0.1538784067085954,0.009892284889011754
selected4,lightgbm,4,0.0201005025125628,"{""lgbm_colsample_bytree"": 0.8, ""lgbm_learning_rate"": 0.02, ""lgbm_max_depth"": -1, ""lgbm_min_child_samples"": 20, ""lgbm_n_estimators"": 1500, ""lgbm_num_leaves"": 63, ""lgbm_reg_alpha"": 0.0, ""lgbm_reg_lambda"": 1.0, ""lgbm_subsample"": 0.8}",output/all_satisfying_primordia_splits/split_056/models/selected4/lightgbm/hyperparameter_search_train_cv.csv,0.8977956550913819,0.9865877983147782,0.912532637075718,0.9357429718875502,0.9239920687376074,output/all_satisfying_primordia_splits/split_056/models/selected4/lightgbm/training_summary.json,0.9262295081967212,0.9237057220708448,0.9249658935879944,339,27,28,55,split_056,split_056,output/all_satisfying_primordia_splits/split_056/neighbor_pairs_train.csv,output/all_satisfying_primordia_splits/split_056/neighbor_pairs_test.csv,output/all_satisfying_primordia_splits/split_056/primordium_assignment.csv,5188,2385,7573,7624,51,exception_label,1,0.6850653637924204,0.31493463620757955,8,4,sample1;sample10;sample12;sample3;sample4;sample7;sample8;sample9,sample11;sample2;sample5;sample6,747,367,1114,4441,2018,0.14398612181958365,0.1538784067085954,0.009892284889011754
all,lr,49,0.5326633165829145,"{""lr_C"": 1.0}",output/all_satisfying_primordia_splits/split_057/models/all/lr/hyperparameter_search_train_cv.csv,0.9584856810509926,0.9934626424315822,0.9379042690815006,0.9615384615384616,0.9495743287491814,output/all_satisfying_primordia_splits/split_057/models/all/lr/training_summary.json,0.926829268292683,0.95,0.9382716049382716,342,27,18,56,split_057,split_057,output/all_satisfying_primordia_splits/split_057/neighbor_pairs_train.csv,output/all_satisfying_primordia_splits/split_057/neighbor_pairs_test.csv,output/all_satisfying_primordia_splits/split_057/primordium_assignment.csv,5187,2386,7573,7624,51,exception_label,1,0.6849333157269246,0.3150666842730754,7,5,sample1;sample11;sample2;sample4;sample5;sample8;sample9,sample10;sample12;sample3;sample6;sample7,754,360,1114,4433,2026,0.14536340852130325,0.15088013411567477,0.005516725594371524
all,svm,49,0.2763819095477387,"{""svm_C"": 1.0, ""svm_calib_method"": ""sigmoid""}",output/all_satisfying_primordia_splits/split_057/models/all/svm/hyperparameter_search_train_cv.csv,0.9573826555855453,0.993449478561141,0.9443708609271524,0.9456233421750664,0.9449966865473822,output/all_satisfying_primordia_splits/split_057/models/all/svm/training_summary.json,0.9342465753424658,0.9472222222222222,0.940689655172414,341,24,19,56,split_057,split_057,output/all_satisfying_primordia_splits/split_057/neighbor_pairs_train.csv,output/all_satisfying_primordia_splits/split_057/neighbor_pairs_test.csv,output/all_satisfying_primordia_splits/split_057/primordium_assignment.csv,5187,2386,7573,7624,51,exception_label,1,0.6849333157269246,0.3150666842730754,7,5,sample1;sample11;sample2;sample4;sample5;sample8;sample9,sample10;sample12;sample3;sample6;sample7,754,360,1114,4433,2026,0.14536340852130325,0.15088013411567477,0.005516725594371524
all,xgboost,49,0.2562814070351759,"{""xgb_colsample_bytree"": 0.8, ""xgb_gamma"": 0.0, ""xgb_learning_rate"": 0.05, ""xgb_max_depth"": 4, ""xgb_min_child_weight"": 1.0, ""xgb_n_estimators"": 600, ""xgb_reg_alpha"": 0.0, ""xgb_reg_lambda"": 1.0, ""xgb_subsample"": 0.8}",output/all_satisfying_primordia_splits/split_057/models/all/xgboost/hyperparameter_search_train_cv.csv,0.9478320776949668,0.992889714888517,0.9558232931726908,0.946949602122016,0.9513657561625584,output/all_satisfying_primordia_splits/split_057/models/all/xgboost/training_summary.json,0.9497206703910616,0.9444444444444444,0.947075208913649,340,18,20,56,split_057,split_057,output/all_satisfying_primordia_splits/split_057/neighbor_pairs_train.csv,output/all_satisfying_primordia_splits/split_057/neighbor_pairs_test.csv,output/all_satisfying_primordia_splits/split_057/primordium_assignment.csv,5187,2386,7573,7624,51,exception_label,1,0.6849333157269246,0.3150666842730754,7,5,sample1;sample11;sample2;sample4;sample5;sample8;sample9,sample10;sample12;sample3;sample6;sample7,754,360,1114,4433,2026,0.14536340852130325,0.15088013411567477,0.005516725594371524
all,lightgbm,49,0.0753768844221105,"{""lgbm_colsample_bytree"": 0.8, ""lgbm_learning_rate"": 0.02, ""lgbm_max_depth"": -1, ""lgbm_min_child_samples"": 20, ""lgbm_n_estimators"": 1500, ""lgbm_num_leaves"": 63, ""lgbm_reg_alpha"": 0.0, ""lgbm_reg_lambda"": 1.0, ""lgbm_subsample"": 0.8}",output/all_satisfying_primordia_splits/split_057/models/all/lightgbm/hyperparameter_search_train_cv.csv,0.9502187231768828,0.9922734064087704,0.9525691699604744,0.9588859416445624,0.9557171183079972,output/all_satisfying_primordia_splits/split_057/models/all/lightgbm/training_summary.json,0.9441340782122905,0.9388888888888888,0.9415041782729804,338,20,22,56,split_057,split_057,output/all_satisfying_primordia_splits/split_057/neighbor_pairs_train.csv,output/all_satisfying_primordia_splits/split_057/neighbor_pairs_test.csv,output/all_satisfying_primordia_splits/split_057/primordium_assignment.csv,5187,2386,7573,7624,51,exception_label,1,0.6849333157269246,0.3150666842730754,7,5,sample1;sample11;sample2;sample4;sample5;sample8;sample9,sample10;sample12;sample3;sample6;sample7,754,360,1114,4433,2026,0.14536340852130325,0.15088013411567477,0.005516725594371524
selected4,lr,4,0.5175879396984925,"{""lr_C"": 1.0}",output/all_satisfying_primordia_splits/split_057/models/selected4/lr/hyperparameter_search_train_cv.csv,0.9452819195669612,0.9916095284881116,0.9317010309278352,0.9588859416445624,0.9450980392156862,output/all_satisfying_primordia_splits/split_057/models/selected4/lr/training_summary.json,0.92,0.9583333333333334,0.9387755102040816,345,30,15,56,split_057,split_057,output/all_satisfying_primordia_splits/split_057/neighbor_pairs_train.csv,output/all_satisfying_primordia_splits/split_057/neighbor_pairs_test.csv,output/all_satisfying_primordia_splits/split_057/primordium_assignment.csv,5187,2386,7573,7624,51,exception_label,1,0.6849333157269246,0.3150666842730754,7,5,sample1;sample11;sample2;sample4;sample5;sample8;sample9,sample10;sample12;sample3;sample6;sample7,754,360,1114,4433,2026,0.14536340852130325,0.15088013411567477,0.005516725594371524
selected4,svm,4,0.236180904522613,"{""svm_C"": 1.0, ""svm_calib_method"": ""sigmoid""}",output/all_satisfying_primordia_splits/split_057/models/selected4/svm/hyperparameter_search_train_cv.csv,0.9443158306555308,0.991559266437336,0.9431968295904888,0.946949602122016,0.945069490403706,output/all_satisfying_primordia_splits/split_057/models/selected4/svm/training_summary.json,0.925207756232687,0.9277777777777778,0.926490984743412,334,27,26,56,split_057,split_057,output/all_satisfying_primordia_splits/split_057/neighbor_pairs_train.csv,output/all_satisfying_primordia_splits/split_057/neighbor_pairs_test.csv,output/all_satisfying_primordia_splits/split_057/primordium_assignment.csv,5187,2386,7573,7624,51,exception_label,1,0.6849333157269246,0.3150666842730754,7,5,sample1;sample11;sample2;sample4;sample5;sample8;sample9,sample10;sample12;sample3;sample6;sample7,754,360,1114,4433,2026,0.14536340852130325,0.15088013411567477,0.005516725594371524
selected4,xgboost,4,0.1758793969849246,"{""xgb_colsample_bytree"": 0.8, ""xgb_gamma"": 0.0, ""xgb_learning_rate"": 0.05, ""xgb_max_depth"": 4, ""xgb_min_child_weight"": 1.0, ""xgb_n_estimators"": 600, ""xgb_reg_alpha"": 0.0, ""xgb_reg_lambda"": 1.0, ""xgb_subsample"": 0.8}",output/all_satisfying_primordia_splits/split_057/models/selected4/xgboost/hyperparameter_search_train_cv.csv,0.9185638248724252,0.9893405559102488,0.9232769830949284,0.9416445623342176,0.9323703217334208,output/all_satisfying_primordia_splits/split_057/models/selected4/xgboost/training_summary.json,0.912568306010929,0.9277777777777778,0.9201101928374656,334,32,26,56,split_057,split_057,output/all_satisfying_primordia_splits/split_057/neighbor_pairs_train.csv,output/all_satisfying_primordia_splits/split_057/neighbor_pairs_test.csv,output/all_satisfying_primordia_splits/split_057/primordium_assignment.csv,5187,2386,7573,7624,51,exception_label,1,0.6849333157269246,0.3150666842730754,7,5,sample1;sample11;sample2;sample4;sample5;sample8;sample9,sample10;sample12;sample3;sample6;sample7,754,360,1114,4433,2026,0.14536340852130325,0.15088013411567477,0.005516725594371524
selected4,lightgbm,4,0.0050251256281407,"{""lgbm_colsample_bytree"": 0.8, ""lgbm_learning_rate"": 0.02, ""lgbm_max_depth"": -1, ""lgbm_min_child_samples"": 20, ""lgbm_n_estimators"": 1500, ""lgbm_num_leaves"": 63, ""lgbm_reg_alpha"": 0.0, ""lgbm_reg_lambda"": 1.0, ""lgbm_subsample"": 0.8}",output/all_satisfying_primordia_splits/split_057/models/selected4/lightgbm/hyperparameter_search_train_cv.csv,0.9107620700721232,0.9877196047727408,0.905422446406053,0.9522546419098143,0.9282482223658696,output/all_satisfying_primordia_splits/split_057/models/selected4/lightgbm/training_summary.json,0.8806366047745358,0.9222222222222224,0.9009497964721844,332,45,28,56,split_057,split_057,output/all_satisfying_primordia_splits/split_057/neighbor_pairs_train.csv,output/all_satisfying_primordia_splits/split_057/neighbor_pairs_test.csv,output/all_satisfying_primordia_splits/split_057/primordium_assignment.csv,5187,2386,7573,7624,51,exception_label,1,0.6849333157269246,0.3150666842730754,7,5,sample1;sample11;sample2;sample4;sample5;sample8;sample9,sample10;sample12;sample3;sample6;sample7,754,360,1114,4433,2026,0.14536340852130325,0.15088013411567477,0.005516725594371524
all,lr,49,0.5175879396984925,"{""lr_C"": 1.0}",output/all_satisfying_primordia_splits/split_058/models/all/lr/hyperparameter_search_train_cv.csv,0.9558594029832216,0.9931747745238012,0.940127388535032,0.9621903520208605,0.9510309278350516,output/all_satisfying_primordia_splits/split_058/models/all/lr/training_summary.json,0.9217877094972068,0.9510086455331412,0.9361702127659576,330,28,17,57,split_058,split_058,output/all_satisfying_primordia_splits/split_058/neighbor_pairs_train.csv,output/all_satisfying_primordia_splits/split_058/neighbor_pairs_test.csv,output/all_satisfying_primordia_splits/split_058/primordium_assignment.csv,5185,2388,7573,7624,51,exception_label,1,0.684669219595933,0.3153307804040671,7,5,sample1;sample10;sample2;sample3;sample4;sample5;sample8,sample11;sample12;sample6;sample7;sample9,767,347,1114,4418,2041,0.14792671166827387,0.14530988274706869,0.002616828921205183
all,svm,49,0.2060301507537688,"{""svm_C"": 1.0, ""svm_calib_method"": ""sigmoid""}",output/all_satisfying_primordia_splits/split_058/models/all/svm/hyperparameter_search_train_cv.csv,0.957231367120569,0.9932816031134928,0.9390088945362136,0.9634941329856584,0.9510939510939512,output/all_satisfying_primordia_splits/split_058/models/all/svm/training_summary.json,0.925,0.9596541786743517,0.942008486562942,333,27,14,57,split_058,split_058,output/all_satisfying_primordia_splits/split_058/neighbor_pairs_train.csv,output/all_satisfying_primordia_splits/split_058/neighbor_pairs_test.csv,output/all_satisfying_primordia_splits/split_058/primordium_assignment.csv,5185,2388,7573,7624,51,exception_label,1,0.684669219595933,0.3153307804040671,7,5,sample1;sample10;sample2;sample3;sample4;sample5;sample8,sample11;sample12;sample6;sample7;sample9,767,347,1114,4418,2041,0.14792671166827387,0.14530988274706869,0.002616828921205183
all,xgboost,49,0.0201005025125628,"{""xgb_colsample_bytree"": 0.8, ""xgb_gamma"": 0.0, ""xgb_learning_rate"": 0.05, ""xgb_max_depth"": 4, ""xgb_min_child_weight"": 1.0, ""xgb_n_estimators"": 600, ""xgb_reg_alpha"": 0.0, ""xgb_reg_lambda"": 1.0, ""xgb_subsample"": 0.8}",output/all_satisfying_primordia_splits/split_058/models/all/xgboost/hyperparameter_search_train_cv.csv,0.9501267703548002,0.9926055138897824,0.92875,0.96870925684485,0.9483088704530952,output/all_satisfying_primordia_splits/split_058/models/all/xgboost/training_summary.json,0.915068493150685,0.962536023054755,0.9382022471910112,334,31,13,57,split_058,split_058,output/all_satisfying_primordia_splits/split_058/neighbor_pairs_train.csv,output/all_satisfying_primordia_splits/split_058/neighbor_pairs_test.csv,output/all_satisfying_primordia_splits/split_058/primordium_assignment.csv,5185,2388,7573,7624,51,exception_label,1,0.684669219595933,0.3153307804040671,7,5,sample1;sample10;sample2;sample3;sample4;sample5;sample8,sample11;sample12;sample6;sample7;sample9,767,347,1114,4418,2041,0.14792671166827387,0.14530988274706869,0.002616828921205183
all,lightgbm,49,0.0100502512562814,"{""lgbm_colsample_bytree"": 0.8, ""lgbm_learning_rate"": 0.02, ""lgbm_max_depth"": -1, ""lgbm_min_child_samples"": 20, ""lgbm_n_estimators"": 1500, ""lgbm_num_leaves"": 63, ""lgbm_reg_alpha"": 0.0, ""lgbm_reg_lambda"": 1.0, ""lgbm_subsample"": 0.8}",output/all_satisfying_primordia_splits/split_058/models/all/lightgbm/hyperparameter_search_train_cv.csv,0.9504677122114824,0.992623220285864,0.9296482412060302,0.9647979139504564,0.946896992962252,output/all_satisfying_primordia_splits/split_058/models/all/lightgbm/training_summary.json,0.9116022099447514,0.9510086455331412,0.930888575458392,330,32,17,57,split_058,split_058,output/all_satisfying_primordia_splits/split_058/neighbor_pairs_train.csv,output/all_satisfying_primordia_splits/split_058/neighbor_pairs_test.csv,output/all_satisfying_primordia_splits/split_058/primordium_assignment.csv,5185,2388,7573,7624,51,exception_label,1,0.684669219595933,0.3153307804040671,7,5,sample1;sample10;sample2;sample3;sample4;sample5;sample8,sample11;sample12;sample6;sample7;sample9,767,347,1114,4418,2041,0.14792671166827387,0.14530988274706869,0.002616828921205183
selected4,lr,4,0.4321608040201005,"{""lr_C"": 1.0}",output/all_satisfying_primordia_splits/split_058/models/selected4/lr/hyperparameter_search_train_cv.csv,0.9392289051696728,0.9909780009832954,0.9235588972431078,0.9608865710560626,0.94185303514377,output/all_satisfying_primordia_splits/split_058/models/selected4/lr/training_summary.json,0.9035812672176308,0.9452449567723344,0.9239436619718312,328,35,19,57,split_058,split_058,output/all_satisfying_primordia_splits/split_058/neighbor_pairs_train.csv,output/all_satisfying_primordia_splits/split_058/neighbor_pairs_test.csv,output/all_satisfying_primordia_splits/split_058/primordium_assignment.csv,5185,2388,7573,7624,51,exception_label,1,0.684669219595933,0.3153307804040671,7,5,sample1;sample10;sample2;sample3;sample4;sample5;sample8,sample11;sample12;sample6;sample7;sample9,767,347,1114,4418,2041,0.14792671166827387,0.14530988274706869,0.002616828921205183
selected4,svm,4,0.1457286432160804,"{""svm_C"": 1.0, ""svm_calib_method"": ""sigmoid""}",output/all_satisfying_primordia_splits/split_058/models/selected4/svm/hyperparameter_search_train_cv.csv,0.9387982995571243,0.990943178404335,0.9235588972431078,0.9608865710560626,0.94185303514377,output/all_satisfying_primordia_splits/split_058/models/selected4/svm/training_summary.json,0.919889502762431,0.9596541786743517,0.9393511988716504,333,29,14,57,split_058,split_058,output/all_satisfying_primordia_splits/split_058/neighbor_pairs_train.csv,output/all_satisfying_primordia_splits/split_058/neighbor_pairs_test.csv,output/all_satisfying_primordia_splits/split_058/primordium_assignment.csv,5185,2388,7573,7624,51,exception_label,1,0.684669219595933,0.3153307804040671,7,5,sample1;sample10;sample2;sample3;sample4;sample5;sample8,sample11;sample12;sample6;sample7;sample9,767,347,1114,4418,2041,0.14792671166827387,0.14530988274706869,0.002616828921205183
selected4,xgboost,4,0.0452261306532663,"{""xgb_colsample_bytree"": 0.8, ""xgb_gamma"": 0.0, ""xgb_learning_rate"": 0.05, ""xgb_max_depth"": 4, ""xgb_min_child_weight"": 1.0, ""xgb_n_estimators"": 600, ""xgb_reg_alpha"": 0.0, ""xgb_reg_lambda"": 1.0, ""xgb_subsample"": 0.8}",output/all_satisfying_primordia_splits/split_058/models/selected4/xgboost/hyperparameter_search_train_cv.csv,0.9342111750391512,0.9899221095636376,0.9139650872817956,0.9556714471968708,0.934353091140854,output/all_satisfying_primordia_splits/split_058/models/selected4/xgboost/training_summary.json,0.8818681318681318,0.92507204610951,0.9029535864978904,321,43,26,57,split_058,split_058,output/all_satisfying_primordia_splits/split_058/neighbor_pairs_train.csv,output/all_satisfying_primordia_splits/split_058/neighbor_pairs_test.csv,output/all_satisfying_primordia_splits/split_058/primordium_assignment.csv,5185,2388,7573,7624,51,exception_label,1,0.684669219595933,0.3153307804040671,7,5,sample1;sample10;sample2;sample3;sample4;sample5;sample8,sample11;sample12;sample6;sample7;sample9,767,347,1114,4418,2041,0.14792671166827387,0.14530988274706869,0.002616828921205183
selected4,lightgbm,4,0.0201005025125628,"{""lgbm_colsample_bytree"": 0.8, ""lgbm_learning_rate"": 0.02, ""lgbm_max_depth"": -1, ""lgbm_min_child_samples"": 20, ""lgbm_n_estimators"": 1500, ""lgbm_num_leaves"": 63, ""lgbm_reg_alpha"": 0.0, ""lgbm_reg_lambda"": 1.0, ""lgbm_subsample"": 0.8}",output/all_satisfying_primordia_splits/split_058/models/selected4/lightgbm/hyperparameter_search_train_cv.csv,0.9228631883517822,0.9883099422004212,0.9247448979591836,0.9452411994784876,0.9348807221147648,output/all_satisfying_primordia_splits/split_058/models/selected4/lightgbm/training_summary.json,0.8913649025069638,0.9221902017291066,0.9065155807365438,320,39,27,57,split_058,split_058,output/all_satisfying_primordia_splits/split_058/neighbor_pairs_train.csv,output/all_satisfying_primordia_splits/split_058/neighbor_pairs_test.csv,output/all_satisfying_primordia_splits/split_058/primordium_assignment.csv,5185,2388,7573,7624,51,exception_label,1,0.684669219595933,0.3153307804040671,7,5,sample1;sample10;sample2;sample3;sample4;sample5;sample8,sample11;sample12;sample6;sample7;sample9,767,347,1114,4418,2041,0.14792671166827387,0.14530988274706869,0.002616828921205183
all,lr,49,0.5025125628140703,"{""lr_C"": 1.0}",output/all_satisfying_primordia_splits/split_059/models/all/lr/hyperparameter_search_train_cv.csv,0.9572954769072594,0.993393249228596,0.9378806333739342,0.9600997506234414,0.948860135551448,output/all_satisfying_primordia_splits/split_059/models/all/lr/training_summary.json,0.908256880733945,0.9519230769230768,0.9295774647887324,297,30,15,58,split_059,split_059,output/all_satisfying_primordia_splits/split_059/neighbor_pairs_train.csv,output/all_satisfying_primordia_splits/split_059/neighbor_pairs_test.csv,output/all_satisfying_primordia_splits/split_059/primordium_assignment.csv,5420,2153,7573,7624,51,exception_label,1,0.7157005149874555,0.28429948501254454,8,4,sample1;sample11;sample2;sample3;sample4;sample5;sample7;sample8,sample10;sample12;sample6;sample9,802,312,1114,4618,1841,0.14797047970479704,0.14491407338597306,0.0030564063188239787
all,svm,49,0.1206030150753768,"{""svm_C"": 1.0, ""svm_calib_method"": ""sigmoid""}",output/all_satisfying_primordia_splits/split_059/models/all/svm/hyperparameter_search_train_cv.csv,0.9564123114256784,0.9932531166669728,0.9270334928229664,0.9663341645885288,0.9462759462759462,output/all_satisfying_primordia_splits/split_059/models/all/svm/training_summary.json,0.9148936170212766,0.9647435897435898,0.939157566302652,301,28,11,58,split_059,split_059,output/all_satisfying_primordia_splits/split_059/neighbor_pairs_train.csv,output/all_satisfying_primordia_splits/split_059/neighbor_pairs_test.csv,output/all_satisfying_primordia_splits/split_059/primordium_assignment.csv,5420,2153,7573,7624,51,exception_label,1,0.7157005149874555,0.28429948501254454,8,4,sample1;sample11;sample2;sample3;sample4;sample5;sample7;sample8,sample10;sample12;sample6;sample9,802,312,1114,4618,1841,0.14797047970479704,0.14491407338597306,0.0030564063188239787
all,xgboost,49,0.0854271356783919,"{""xgb_colsample_bytree"": 0.8, ""xgb_gamma"": 0.0, ""xgb_learning_rate"": 0.05, ""xgb_max_depth"": 4, ""xgb_min_child_weight"": 1.0, ""xgb_n_estimators"": 600, ""xgb_reg_alpha"": 0.0, ""xgb_reg_lambda"": 1.0, ""xgb_subsample"": 0.8}",output/all_satisfying_primordia_splits/split_059/models/all/xgboost/hyperparameter_search_train_cv.csv,0.949748266170868,0.9924852226298698,0.9348894348894348,0.9488778054862844,0.9418316831683168,output/all_satisfying_primordia_splits/split_059/models/all/xgboost/training_summary.json,0.9376947040498442,0.9647435897435898,0.9510268562401264,301,20,11,58,split_059,split_059,output/all_satisfying_primordia_splits/split_059/neighbor_pairs_train.csv,output/all_satisfying_primordia_splits/split_059/neighbor_pairs_test.csv,output/all_satisfying_primordia_splits/split_059/primordium_assignment.csv,5420,2153,7573,7624,51,exception_label,1,0.7157005149874555,0.28429948501254454,8,4,sample1;sample11;sample2;sample3;sample4;sample5;sample7;sample8,sample10;sample12;sample6;sample9,802,312,1114,4618,1841,0.14797047970479704,0.14491407338597306,0.0030564063188239787
all,lightgbm,49,0.0050251256281407,"{""lgbm_colsample_bytree"": 0.8, ""lgbm_learning_rate"": 0.02, ""lgbm_max_depth"": -1, ""lgbm_min_child_samples"": 20, ""lgbm_n_estimators"": 1500, ""lgbm_num_leaves"": 63, ""lgbm_reg_alpha"": 0.0, ""lgbm_reg_lambda"": 1.0, ""lgbm_subsample"": 0.8}",output/all_satisfying_primordia_splits/split_059/models/all/lightgbm/hyperparameter_search_train_cv.csv,0.94605698560828,0.992141506346736,0.9254807692307692,0.9600997506234414,0.9424724602203184,output/all_satisfying_primordia_splits/split_059/models/all/lightgbm/training_summary.json,0.9054878048780488,0.9519230769230768,0.928125,297,31,15,58,split_059,split_059,output/all_satisfying_primordia_splits/split_059/neighbor_pairs_train.csv,output/all_satisfying_primordia_splits/split_059/neighbor_pairs_test.csv,output/all_satisfying_primordia_splits/split_059/primordium_assignment.csv,5420,2153,7573,7624,51,exception_label,1,0.7157005149874555,0.28429948501254454,8,4,sample1;sample11;sample2;sample3;sample4;sample5;sample7;sample8,sample10;sample12;sample6;sample9,802,312,1114,4618,1841,0.14797047970479704,0.14491407338597306,0.0030564063188239787
selected4,lr,4,0.4974874371859296,"{""lr_C"": 1.0}",output/all_satisfying_primordia_splits/split_059/models/selected4/lr/hyperparameter_search_train_cv.csv,0.9450865410390376,0.9917378489678792,0.9348612786489746,0.9663341645885288,0.950337216431637,output/all_satisfying_primordia_splits/split_059/models/selected4/lr/training_summary.json,0.8868501529051988,0.9294871794871796,0.9076682316118936,290,37,22,58,split_059,split_059,output/all_satisfying_primordia_splits/split_059/neighbor_pairs_train.csv,output/all_satisfying_primordia_splits/split_059/neighbor_pairs_test.csv,output/all_satisfying_primordia_splits/split_059/primordium_assignment.csv,5420,2153,7573,7624,51,exception_label,1,0.7157005149874555,0.28429948501254454,8,4,sample1;sample11;sample2;sample3;sample4;sample5;sample7;sample8,sample10;sample12;sample6;sample9,802,312,1114,4618,1841,0.14797047970479704,0.14491407338597306,0.0030564063188239787
selected4,svm,4,0.1557788944723618,"{""svm_C"": 1.0, ""svm_calib_method"": ""sigmoid""}",output/all_satisfying_primordia_splits/split_059/models/selected4/svm/hyperparameter_search_train_cv.csv,0.9446966255360638,0.9917097684545672,0.932367149758454,0.9625935162094764,0.9472392638036812,output/all_satisfying_primordia_splits/split_059/models/selected4/svm/training_summary.json,0.9049079754601228,0.9455128205128204,0.9247648902821316,295,31,17,58,split_059,split_059,output/all_satisfying_primordia_splits/split_059/neighbor_pairs_train.csv,output/all_satisfying_primordia_splits/split_059/neighbor_pairs_test.csv,output/all_satisfying_primordia_splits/split_059/primordium_assignment.csv,5420,2153,7573,7624,51,exception_label,1,0.7157005149874555,0.28429948501254454,8,4,sample1;sample11;sample2;sample3;sample4;sample5;sample7;sample8,sample10;sample12;sample6;sample9,802,312,1114,4618,1841,0.14797047970479704,0.14491407338597306,0.0030564063188239787
selected4,xgboost,4,0.1608040201005025,"{""xgb_colsample_bytree"": 0.8, ""xgb_gamma"": 0.0, ""xgb_learning_rate"": 0.05, ""xgb_max_depth"": 4, ""xgb_min_child_weight"": 1.0, ""xgb_n_estimators"": 600, ""xgb_reg_alpha"": 0.0, ""xgb_reg_lambda"": 1.0, ""xgb_subsample"": 0.8}",output/all_satisfying_primordia_splits/split_059/models/selected4/xgboost/hyperparameter_search_train_cv.csv,0.9319027197728262,0.9903540736724668,0.931372549019608,0.9476309226932668,0.9394313967861558,output/all_satisfying_primordia_splits/split_059/models/selected4/xgboost/training_summary.json,0.8532110091743119,0.8942307692307693,0.8732394366197184,279,48,33,58,split_059,split_059,output/all_satisfying_primordia_splits/split_059/neighbor_pairs_train.csv,output/all_satisfying_primordia_splits/split_059/neighbor_pairs_test.csv,output/all_satisfying_primordia_splits/split_059/primordium_assignment.csv,5420,2153,7573,7624,51,exception_label,1,0.7157005149874555,0.28429948501254454,8,4,sample1;sample11;sample2;sample3;sample4;sample5;sample7;sample8,sample10;sample12;sample6;sample9,802,312,1114,4618,1841,0.14797047970479704,0.14491407338597306,0.0030564063188239787
selected4,lightgbm,4,0.0150753768844221,"{""lgbm_colsample_bytree"": 0.8, ""lgbm_learning_rate"": 0.02, ""lgbm_max_depth"": -1, ""lgbm_min_child_samples"": 20, ""lgbm_n_estimators"": 1500, ""lgbm_num_leaves"": 63, ""lgbm_reg_alpha"": 0.0, ""lgbm_reg_lambda"": 1.0, ""lgbm_subsample"": 0.8}",output/all_satisfying_primordia_splits/split_059/models/selected4/lightgbm/hyperparameter_search_train_cv.csv,0.924966835948357,0.9888717465755276,0.926829268292683,0.9476309226932668,0.93711467324291,output/all_satisfying_primordia_splits/split_059/models/selected4/lightgbm/training_summary.json,0.8501529051987767,0.8910256410256411,0.8701095461658842,278,49,34,58,split_059,split_059,output/all_satisfying_primordia_splits/split_059/neighbor_pairs_train.csv,output/all_satisfying_primordia_splits/split_059/neighbor_pairs_test.csv,output/all_satisfying_primordia_splits/split_059/primordium_assignment.csv,5420,2153,7573,7624,51,exception_label,1,0.7157005149874555,0.28429948501254454,8,4,sample1;sample11;sample2;sample3;sample4;sample5;sample7;sample8,sample10;sample12;sample6;sample9,802,312,1114,4618,1841,0.14797047970479704,0.14491407338597306,0.0030564063188239787
all,lr,49,0.4271356783919598,"{""lr_C"": 1.0}",output/all_satisfying_primordia_splits/split_060/models/all/lr/hyperparameter_search_train_cv.csv,0.9602794239666772,0.9938443357039526,0.9364675984752224,0.9684625492772668,0.9521963824289404,output/all_satisfying_primordia_splits/split_060/models/all/lr/training_summary.json,0.8978494623655914,0.9461756373937678,0.9213793103448276,334,38,19,59,split_060,split_060,output/all_satisfying_primordia_splits/split_060/neighbor_pairs_train.csv,output/all_satisfying_primordia_splits/split_060/neighbor_pairs_test.csv,output/all_satisfying_primordia_splits/split_060/primordium_assignment.csv,5182,2391,7573,7624,51,exception_label,1,0.6842730753994454,0.3157269246005546,8,4,sample1;sample11;sample12;sample2;sample4;sample5;sample7;sample8,sample10;sample3;sample6;sample9,761,353,1114,4421,2038,0.14685449633346198,0.1476369719782518,0.0007824756447898096
all,svm,49,0.135678391959799,"{""svm_C"": 1.0, ""svm_calib_method"": ""sigmoid""}",output/all_satisfying_primordia_splits/split_060/models/all/svm/hyperparameter_search_train_cv.csv,0.9589443325246748,0.993743871458078,0.9308176100628932,0.9724047306176083,0.9511568123393316,output/all_satisfying_primordia_splits/split_060/models/all/svm/training_summary.json,0.9086021505376344,0.9575070821529744,0.9324137931034484,338,34,15,59,split_060,split_060,output/all_satisfying_primordia_splits/split_060/neighbor_pairs_train.csv,output/all_satisfying_primordia_splits/split_060/neighbor_pairs_test.csv,output/all_satisfying_primordia_splits/split_060/primordium_assignment.csv,5182,2391,7573,7624,51,exception_label,1,0.6842730753994454,0.3157269246005546,8,4,sample1;sample11;sample12;sample2;sample4;sample5;sample7;sample8,sample10;sample3;sample6;sample9,761,353,1114,4421,2038,0.14685449633346198,0.1476369719782518,0.0007824756447898096
all,xgboost,49,0.0954773869346733,"{""xgb_colsample_bytree"": 0.8, ""xgb_gamma"": 0.0, ""xgb_learning_rate"": 0.05, ""xgb_max_depth"": 4, ""xgb_min_child_weight"": 1.0, ""xgb_n_estimators"": 600, ""xgb_reg_alpha"": 0.0, ""xgb_reg_lambda"": 1.0, ""xgb_subsample"": 0.8}",output/all_satisfying_primordia_splits/split_060/models/all/xgboost/hyperparameter_search_train_cv.csv,0.9520995070799364,0.9930473094456304,0.937984496124031,0.9540078843626808,0.945928338762215,output/all_satisfying_primordia_splits/split_060/models/all/xgboost/training_summary.json,0.9194444444444444,0.9376770538243626,0.9284712482468443,331,29,22,59,split_060,split_060,output/all_satisfying_primordia_splits/split_060/neighbor_pairs_train.csv,output/all_satisfying_primordia_splits/split_060/neighbor_pairs_test.csv,output/all_satisfying_primordia_splits/split_060/primordium_assignment.csv,5182,2391,7573,7624,51,exception_label,1,0.6842730753994454,0.3157269246005546,8,4,sample1;sample11;sample12;sample2;sample4;sample5;sample7;sample8,sample10;sample3;sample6;sample9,761,353,1114,4421,2038,0.14685449633346198,0.1476369719782518,0.0007824756447898096
all,lightgbm,49,0.1105527638190954,"{""lgbm_colsample_bytree"": 0.8, ""lgbm_learning_rate"": 0.02, ""lgbm_max_depth"": -1, ""lgbm_min_child_samples"": 20, ""lgbm_n_estimators"": 1500, ""lgbm_num_leaves"": 63, ""lgbm_reg_alpha"": 0.0, ""lgbm_reg_lambda"": 1.0, ""lgbm_subsample"": 0.8}",output/all_satisfying_primordia_splits/split_060/models/all/lightgbm/hyperparameter_search_train_cv.csv,0.949108888712856,0.9930893677024096,0.9424083769633508,0.9461235216819974,0.9442622950819672,output/all_satisfying_primordia_splits/split_060/models/all/lightgbm/training_summary.json,0.9285714285714286,0.9206798866855525,0.9246088193456614,325,25,28,59,split_060,split_060,output/all_satisfying_primordia_splits/split_060/neighbor_pairs_train.csv,output/all_satisfying_primordia_splits/split_060/neighbor_pairs_test.csv,output/all_satisfying_primordia_splits/split_060/primordium_assignment.csv,5182,2391,7573,7624,51,exception_label,1,0.6842730753994454,0.3157269246005546,8,4,sample1;sample11;sample12;sample2;sample4;sample5;sample7;sample8,sample10;sample3;sample6;sample9,761,353,1114,4421,2038,0.14685449633346198,0.1476369719782518,0.0007824756447898096
selected4,lr,4,0.4874371859296482,"{""lr_C"": 1.0}",output/all_satisfying_primordia_splits/split_060/models/selected4/lr/hyperparameter_search_train_cv.csv,0.9466733511760316,0.991899847252734,0.9315589353612168,0.9658344283837056,0.9483870967741936,output/all_satisfying_primordia_splits/split_060/models/selected4/lr/training_summary.json,0.8967391304347826,0.9348441926345608,0.9153952843273232,330,38,23,59,split_060,split_060,output/all_satisfying_primordia_splits/split_060/neighbor_pairs_train.csv,output/all_satisfying_primordia_splits/split_060/neighbor_pairs_test.csv,output/all_satisfying_primordia_splits/split_060/primordium_assignment.csv,5182,2391,7573,7624,51,exception_label,1,0.6842730753994454,0.3157269246005546,8,4,sample1;sample11;sample12;sample2;sample4;sample5;sample7;sample8,sample10;sample3;sample6;sample9,761,353,1114,4421,2038,0.14685449633346198,0.1476369719782518,0.0007824756447898096
selected4,svm,4,0.1608040201005025,"{""svm_C"": 1.0, ""svm_calib_method"": ""sigmoid""}",output/all_satisfying_primordia_splits/split_060/models/selected4/svm/hyperparameter_search_train_cv.csv,0.945910927512642,0.99186090992667,0.9326556543837357,0.9645203679369252,0.9483204134366924,output/all_satisfying_primordia_splits/split_060/models/selected4/svm/training_summary.json,0.9098360655737704,0.943342776203966,0.9262865090403336,333,33,20,59,split_060,split_060,output/all_satisfying_primordia_splits/split_060/neighbor_pairs_train.csv,output/all_satisfying_primordia_splits/split_060/neighbor_pairs_test.csv,output/all_satisfying_primordia_splits/split_060/primordium_assignment.csv,5182,2391,7573,7624,51,exception_label,1,0.6842730753994454,0.3157269246005546,8,4,sample1;sample11;sample12;sample2;sample4;sample5;sample7;sample8,sample10;sample3;sample6;sample9,761,353,1114,4421,2038,0.14685449633346198,0.1476369719782518,0.0007824756447898096
selected4,xgboost,4,0.1055276381909547,"{""xgb_colsample_bytree"": 0.8, ""xgb_gamma"": 0.0, ""xgb_learning_rate"": 0.05, ""xgb_max_depth"": 4, ""xgb_min_child_weight"": 1.0, ""xgb_n_estimators"": 600, ""xgb_reg_alpha"": 0.0, ""xgb_reg_lambda"": 1.0, ""xgb_subsample"": 0.8}",output/all_satisfying_primordia_splits/split_060/models/selected4/xgboost/hyperparameter_search_train_cv.csv,0.9278511119689424,0.9904618412718418,0.9212198221092758,0.9526938239159002,0.9366925064599484,output/all_satisfying_primordia_splits/split_060/models/selected4/xgboost/training_summary.json,0.8594594594594595,0.9008498583569404,0.8796680497925311,318,52,35,59,split_060,split_060,output/all_satisfying_primordia_splits/split_060/neighbor_pairs_train.csv,output/all_satisfying_primordia_splits/split_060/neighbor_pairs_test.csv,output/all_satisfying_primordia_splits/split_060/primordium_assignment.csv,5182,2391,7573,7624,51,exception_label,1,0.6842730753994454,0.3157269246005546,8,4,sample1;sample11;sample12;sample2;sample4;sample5;sample7;sample8,sample10;sample3;sample6;sample9,761,353,1114,4421,2038,0.14685449633346198,0.1476369719782518,0.0007824756447898096
selected4,lightgbm,4,0.0100502512562814,"{""lgbm_colsample_bytree"": 0.8, ""lgbm_learning_rate"": 0.02, ""lgbm_max_depth"": -1, ""lgbm_min_child_samples"": 20, ""lgbm_n_estimators"": 1500, ""lgbm_num_leaves"": 63, ""lgbm_reg_alpha"": 0.0, ""lgbm_reg_lambda"": 1.0, ""lgbm_subsample"": 0.8}",output/all_satisfying_primordia_splits/split_060/models/selected4/lightgbm/hyperparameter_search_train_cv.csv,0.9307682968427036,0.9893959691247812,0.917617237008872,0.9513797634691196,0.9341935483870968,output/all_satisfying_primordia_splits/split_060/models/selected4/lightgbm/training_summary.json,0.8641304347826086,0.9008498583569404,0.8821081830790569,318,50,35,59,split_060,split_060,output/all_satisfying_primordia_splits/split_060/neighbor_pairs_train.csv,output/all_satisfying_primordia_splits/split_060/neighbor_pairs_test.csv,output/all_satisfying_primordia_splits/split_060/primordium_assignment.csv,5182,2391,7573,7624,51,exception_label,1,0.6842730753994454,0.3157269246005546,8,4,sample1;sample11;sample12;sample2;sample4;sample5;sample7;sample8,sample10;sample3;sample6;sample9,761,353,1114,4421,2038,0.14685449633346198,0.1476369719782518,0.0007824756447898096
all,lr,49,0.5376884422110553,"{""lr_C"": 1.0}",output/all_satisfying_primordia_splits/split_061/models/all/lr/hyperparameter_search_train_cv.csv,0.9506039830243936,0.992424591700751,0.9339152119700748,0.9529262086513997,0.9433249370277078,output/all_satisfying_primordia_splits/split_061/models/all/lr/training_summary.json,0.9345238095238096,0.9573170731707316,0.9457831325301204,314,22,14,60,split_061,split_061,output/all_satisfying_primordia_splits/split_061/neighbor_pairs_train.csv,output/all_satisfying_primordia_splits/split_061/neighbor_pairs_test.csv,output/all_satisfying_primordia_splits/split_061/primordium_assignment.csv,5422,2151,7573,7624,51,exception_label,1,0.7159646111184471,0.2840353888815529,7,5,sample10;sample2;sample3;sample4;sample5;sample7;sample9,sample1;sample11;sample12;sample6;sample8,786,328,1114,4636,1823,0.1449649575802287,0.15248721524872152,0.007522257668492821
all,svm,49,0.1507537688442211,"{""svm_C"": 1.0, ""svm_calib_method"": ""sigmoid""}",output/all_satisfying_primordia_splits/split_061/models/all/svm/hyperparameter_search_train_cv.csv,0.9504819731892168,0.9923477508688504,0.922509225092251,0.9541984732824428,0.9380863039399624,output/all_satisfying_primordia_splits/split_061/models/all/svm/training_summary.json,0.938953488372093,0.9847560975609756,0.9613095238095238,323,21,5,60,split_061,split_061,output/all_satisfying_primordia_splits/split_061/neighbor_pairs_train.csv,output/all_satisfying_primordia_splits/split_061/neighbor_pairs_test.csv,output/all_satisfying_primordia_splits/split_061/primordium_assignment.csv,5422,2151,7573,7624,51,exception_label,1,0.7159646111184471,0.2840353888815529,7,5,sample10;sample2;sample3;sample4;sample5;sample7;sample9,sample1;sample11;sample12;sample6;sample8,786,328,1114,4636,1823,0.1449649575802287,0.15248721524872152,0.007522257668492821
all,xgboost,49,0.0301507537688442,"{""xgb_colsample_bytree"": 0.8, ""xgb_gamma"": 0.0, ""xgb_learning_rate"": 0.05, ""xgb_max_depth"": 4, ""xgb_min_child_weight"": 1.0, ""xgb_n_estimators"": 600, ""xgb_reg_alpha"": 0.0, ""xgb_reg_lambda"": 1.0, ""xgb_subsample"": 0.8}",output/all_satisfying_primordia_splits/split_061/models/all/xgboost/hyperparameter_search_train_cv.csv,0.9482097399583536,0.9918224888964996,0.9190184049079756,0.9529262086513997,0.9356652092442224,output/all_satisfying_primordia_splits/split_061/models/all/xgboost/training_summary.json,0.9264705882352942,0.9603658536585366,0.94311377245509,315,25,13,60,split_061,split_061,output/all_satisfying_primordia_splits/split_061/neighbor_pairs_train.csv,output/all_satisfying_primordia_splits/split_061/neighbor_pairs_test.csv,output/all_satisfying_primordia_splits/split_061/primordium_assignment.csv,5422,2151,7573,7624,51,exception_label,1,0.7159646111184471,0.2840353888815529,7,5,sample10;sample2;sample3;sample4;sample5;sample7;sample9,sample1;sample11;sample12;sample6;sample8,786,328,1114,4636,1823,0.1449649575802287,0.15248721524872152,0.007522257668492821
all,lightgbm,49,0.3668341708542713,"{""lgbm_colsample_bytree"": 0.8, ""lgbm_learning_rate"": 0.02, ""lgbm_max_depth"": -1, ""lgbm_min_child_samples"": 20, ""lgbm_n_estimators"": 1500, ""lgbm_num_leaves"": 63, ""lgbm_reg_alpha"": 0.0, ""lgbm_reg_lambda"": 1.0, ""lgbm_subsample"": 0.8}",output/all_satisfying_primordia_splits/split_061/models/all/lightgbm/hyperparameter_search_train_cv.csv,0.9489264914361706,0.9911833378340106,0.950261780104712,0.9236641221374046,0.9367741935483872,output/all_satisfying_primordia_splits/split_061/models/all/lightgbm/training_summary.json,0.9596273291925466,0.9420731707317072,0.9507692307692308,309,13,19,60,split_061,split_061,output/all_satisfying_primordia_splits/split_061/neighbor_pairs_train.csv,output/all_satisfying_primordia_splits/split_061/neighbor_pairs_test.csv,output/all_satisfying_primordia_splits/split_061/primordium_assignment.csv,5422,2151,7573,7624,51,exception_label,1,0.7159646111184471,0.2840353888815529,7,5,sample10;sample2;sample3;sample4;sample5;sample7;sample9,sample1;sample11;sample12;sample6;sample8,786,328,1114,4636,1823,0.1449649575802287,0.15248721524872152,0.007522257668492821
selected4,lr,4,0.4773869346733668,"{""lr_C"": 1.0}",output/all_satisfying_primordia_splits/split_061/models/selected4/lr/hyperparameter_search_train_cv.csv,0.9332147613178278,0.9902884165739088,0.9229828850855746,0.960559796437659,0.9413965087281794,output/all_satisfying_primordia_splits/split_061/models/selected4/lr/training_summary.json,0.9233038348082596,0.9542682926829268,0.9385307346326835,313,26,15,60,split_061,split_061,output/all_satisfying_primordia_splits/split_061/neighbor_pairs_train.csv,output/all_satisfying_primordia_splits/split_061/neighbor_pairs_test.csv,output/all_satisfying_primordia_splits/split_061/primordium_assignment.csv,5422,2151,7573,7624,51,exception_label,1,0.7159646111184471,0.2840353888815529,7,5,sample10;sample2;sample3;sample4;sample5;sample7;sample9,sample1;sample11;sample12;sample6;sample8,786,328,1114,4636,1823,0.1449649575802287,0.15248721524872152,0.007522257668492821
selected4,svm,4,0.1507537688442211,"{""svm_C"": 1.0, ""svm_calib_method"": ""sigmoid""}",output/all_satisfying_primordia_splits/split_061/models/selected4/svm/hyperparameter_search_train_cv.csv,0.932896819440761,0.9902642665981686,0.9262899262899262,0.9592875318066156,0.9425,output/all_satisfying_primordia_splits/split_061/models/selected4/svm/training_summary.json,0.9292035398230089,0.9603658536585366,0.944527736131934,315,24,13,60,split_061,split_061,output/all_satisfying_primordia_splits/split_061/neighbor_pairs_train.csv,output/all_satisfying_primordia_splits/split_061/neighbor_pairs_test.csv,output/all_satisfying_primordia_splits/split_061/primordium_assignment.csv,5422,2151,7573,7624,51,exception_label,1,0.7159646111184471,0.2840353888815529,7,5,sample10;sample2;sample3;sample4;sample5;sample7;sample9,sample1;sample11;sample12;sample6;sample8,786,328,1114,4636,1823,0.1449649575802287,0.15248721524872152,0.007522257668492821
selected4,xgboost,4,0.0753768844221105,"{""xgb_colsample_bytree"": 0.8, ""xgb_gamma"": 0.0, ""xgb_learning_rate"": 0.05, ""xgb_max_depth"": 4, ""xgb_min_child_weight"": 1.0, ""xgb_n_estimators"": 600, ""xgb_reg_alpha"": 0.0, ""xgb_reg_lambda"": 1.0, ""xgb_subsample"": 0.8}",output/all_satisfying_primordia_splits/split_061/models/selected4/xgboost/hyperparameter_search_train_cv.csv,0.9198840432422428,0.9888852480970916,0.9072039072039072,0.94529262086514,0.9258566978193148,output/all_satisfying_primordia_splits/split_061/models/selected4/xgboost/training_summary.json,0.9014492753623188,0.948170731707317,0.924219910846954,311,34,17,60,split_061,split_061,output/all_satisfying_primordia_splits/split_061/neighbor_pairs_train.csv,output/all_satisfying_primordia_splits/split_061/neighbor_pairs_test.csv,output/all_satisfying_primordia_splits/split_061/primordium_assignment.csv,5422,2151,7573,7624,51,exception_label,1,0.7159646111184471,0.2840353888815529,7,5,sample10;sample2;sample3;sample4;sample5;sample7;sample9,sample1;sample11;sample12;sample6;sample8,786,328,1114,4636,1823,0.1449649575802287,0.15248721524872152,0.007522257668492821
selected4,lightgbm,4,0.0201005025125628,"{""lgbm_colsample_bytree"": 0.8, ""lgbm_learning_rate"": 0.02, ""lgbm_max_depth"": -1, ""lgbm_min_child_samples"": 20, ""lgbm_n_estimators"": 1500, ""lgbm_num_leaves"": 63, ""lgbm_reg_alpha"": 0.0, ""lgbm_reg_lambda"": 1.0, ""lgbm_subsample"": 0.8}",output/all_satisfying_primordia_splits/split_061/models/selected4/lightgbm/hyperparameter_search_train_cv.csv,0.9108680162917224,0.9878731445683412,0.9070631970260224,0.931297709923664,0.9190207156308852,output/all_satisfying_primordia_splits/split_061/models/selected4/lightgbm/training_summary.json,0.9090909090909092,0.945121951219512,0.9267563527653214,310,31,18,60,split_061,split_061,output/all_satisfying_primordia_splits/split_061/neighbor_pairs_train.csv,output/all_satisfying_primordia_splits/split_061/neighbor_pairs_test.csv,output/all_satisfying_primordia_splits/split_061/primordium_assignment.csv,5422,2151,7573,7624,51,exception_label,1,0.7159646111184471,0.2840353888815529,7,5,sample10;sample2;sample3;sample4;sample5;sample7;sample9,sample1;sample11;sample12;sample6;sample8,786,328,1114,4636,1823,0.1449649575802287,0.15248721524872152,0.007522257668492821
all,lr,49,0.577889447236181,"{""lr_C"": 1.0}",output/all_satisfying_primordia_splits/split_062/models/all/lr/hyperparameter_search_train_cv.csv,0.9528049872067476,0.9927498556144376,0.9410288582183188,0.9554140127388536,0.9481668773704172,output/all_satisfying_primordia_splits/split_062/models/all/lr/training_summary.json,0.9478527607361964,0.939209726443769,0.9435114503816794,309,17,20,61,split_062,split_062,output/all_satisfying_primordia_splits/split_062/neighbor_pairs_train.csv,output/all_satisfying_primordia_splits/split_062/neighbor_pairs_test.csv,output/all_satisfying_primordia_splits/split_062/primordium_assignment.csv,5428,2145,7573,7624,51,exception_label,1,0.7167568995114222,0.2832431004885778,7,5,sample1;sample10;sample2;sample3;sample4;sample5;sample6,sample11;sample12;sample7;sample8;sample9,785,329,1114,4643,1816,0.144620486366986,0.1533799533799534,0.008759467012967398
all,svm,49,0.1909547738693467,"{""svm_C"": 1.0, ""svm_calib_method"": ""sigmoid""}",output/all_satisfying_primordia_splits/split_062/models/all/svm/hyperparameter_search_train_cv.csv,0.9531448696692362,0.9925630117799412,0.9326683291770572,0.9528662420382166,0.9426591052299936,output/all_satisfying_primordia_splits/split_062/models/all/svm/training_summary.json,0.940119760479042,0.9544072948328268,0.947209653092006,314,20,15,61,split_062,split_062,output/all_satisfying_primordia_splits/split_062/neighbor_pairs_train.csv,output/all_satisfying_primordia_splits/split_062/neighbor_pairs_test.csv,output/all_satisfying_primordia_splits/split_062/primordium_assignment.csv,5428,2145,7573,7624,51,exception_label,1,0.7167568995114222,0.2832431004885778,7,5,sample1;sample10;sample2;sample3;sample4;sample5;sample6,sample11;sample12;sample7;sample8;sample9,785,329,1114,4643,1816,0.144620486366986,0.1533799533799534,0.008759467012967398
all,xgboost,49,0.1608040201005025,"{""xgb_colsample_bytree"": 0.8, ""xgb_gamma"": 0.0, ""xgb_learning_rate"": 0.05, ""xgb_max_depth"": 4, ""xgb_min_child_weight"": 1.0, ""xgb_n_estimators"": 600, ""xgb_reg_alpha"": 0.0, ""xgb_reg_lambda"": 1.0, ""xgb_subsample"": 0.8}",output/all_satisfying_primordia_splits/split_062/models/all/xgboost/hyperparameter_search_train_cv.csv,0.9392983940605484,0.990584826689311,0.9364675984752224,0.9388535031847134,0.9376590330788804,output/all_satisfying_primordia_splits/split_062/models/all/xgboost/training_summary.json,0.951951951951952,0.9635258358662614,0.9577039274924471,317,16,12,61,split_062,split_062,output/all_satisfying_primordia_splits/split_062/neighbor_pairs_train.csv,output/all_satisfying_primordia_splits/split_062/neighbor_pairs_test.csv,output/all_satisfying_primordia_splits/split_062/primordium_assignment.csv,5428,2145,7573,7624,51,exception_label,1,0.7167568995114222,0.2832431004885778,7,5,sample1;sample10;sample2;sample3;sample4;sample5;sample6,sample11;sample12;sample7;sample8;sample9,785,329,1114,4643,1816,0.144620486366986,0.1533799533799534,0.008759467012967398
all,lightgbm,49,0.0703517587939698,"{""lgbm_colsample_bytree"": 0.8, ""lgbm_learning_rate"": 0.02, ""lgbm_max_depth"": -1, ""lgbm_min_child_samples"": 20, ""lgbm_n_estimators"": 1500, ""lgbm_num_leaves"": 63, ""lgbm_reg_alpha"": 0.0, ""lgbm_reg_lambda"": 1.0, ""lgbm_subsample"": 0.8}",output/all_satisfying_primordia_splits/split_062/models/all/lightgbm/hyperparameter_search_train_cv.csv,0.940905648376813,0.9904125242986154,0.9266750948166876,0.9337579617834396,0.9302030456852792,output/all_satisfying_primordia_splits/split_062/models/all/lightgbm/training_summary.json,0.945945945945946,0.9574468085106383,0.9516616314199396,315,18,14,61,split_062,split_062,output/all_satisfying_primordia_splits/split_062/neighbor_pairs_train.csv,output/all_satisfying_primordia_splits/split_062/neighbor_pairs_test.csv,output/all_satisfying_primordia_splits/split_062/primordium_assignment.csv,5428,2145,7573,7624,51,exception_label,1,0.7167568995114222,0.2832431004885778,7,5,sample1;sample10;sample2;sample3;sample4;sample5;sample6,sample11;sample12;sample7;sample8;sample9,785,329,1114,4643,1816,0.144620486366986,0.1533799533799534,0.008759467012967398
selected4,lr,4,0.5125628140703518,"{""lr_C"": 1.0}",output/all_satisfying_primordia_splits/split_062/models/selected4/lr/hyperparameter_search_train_cv.csv,0.9356133119531992,0.9906641187130548,0.9234567901234568,0.9528662420382166,0.9379310344827586,output/all_satisfying_primordia_splits/split_062/models/selected4/lr/training_summary.json,0.9230769230769232,0.9483282674772036,0.9355322338830584,312,26,17,61,split_062,split_062,output/all_satisfying_primordia_splits/split_062/neighbor_pairs_train.csv,output/all_satisfying_primordia_splits/split_062/neighbor_pairs_test.csv,output/all_satisfying_primordia_splits/split_062/primordium_assignment.csv,5428,2145,7573,7624,51,exception_label,1,0.7167568995114222,0.2832431004885778,7,5,sample1;sample10;sample2;sample3;sample4;sample5;sample6,sample11;sample12;sample7;sample8;sample9,785,329,1114,4643,1816,0.144620486366986,0.1533799533799534,0.008759467012967398
selected4,svm,4,0.2311557788944723,"{""svm_C"": 1.0, ""svm_calib_method"": ""sigmoid""}",output/all_satisfying_primordia_splits/split_062/models/selected4/svm/hyperparameter_search_train_cv.csv,0.9352750662463896,0.9906336639911324,0.9415501905972046,0.9439490445859872,0.9427480916030536,output/all_satisfying_primordia_splits/split_062/models/selected4/svm/training_summary.json,0.9363636363636364,0.939209726443769,0.9377845220030347,309,21,20,61,split_062,split_062,output/all_satisfying_primordia_splits/split_062/neighbor_pairs_train.csv,output/all_satisfying_primordia_splits/split_062/neighbor_pairs_test.csv,output/all_satisfying_primordia_splits/split_062/primordium_assignment.csv,5428,2145,7573,7624,51,exception_label,1,0.7167568995114222,0.2832431004885778,7,5,sample1;sample10;sample2;sample3;sample4;sample5;sample6,sample11;sample12;sample7;sample8;sample9,785,329,1114,4643,1816,0.144620486366986,0.1533799533799534,0.008759467012967398
selected4,xgboost,4,0.2412060301507537,"{""xgb_colsample_bytree"": 0.8, ""xgb_gamma"": 0.0, ""xgb_learning_rate"": 0.05, ""xgb_max_depth"": 4, ""xgb_min_child_weight"": 1.0, ""xgb_n_estimators"": 600, ""xgb_reg_alpha"": 0.0, ""xgb_reg_lambda"": 1.0, ""xgb_subsample"": 0.8}",output/all_satisfying_primordia_splits/split_062/models/selected4/xgboost/hyperparameter_search_train_cv.csv,0.9102280511901952,0.9876881985208884,0.915617128463476,0.9261146496815288,0.9208359721342624,output/all_satisfying_primordia_splits/split_062/models/selected4/xgboost/training_summary.json,0.9194029850746268,0.9361702127659576,0.927710843373494,308,27,21,61,split_062,split_062,output/all_satisfying_primordia_splits/split_062/neighbor_pairs_train.csv,output/all_satisfying_primordia_splits/split_062/neighbor_pairs_test.csv,output/all_satisfying_primordia_splits/split_062/primordium_assignment.csv,5428,2145,7573,7624,51,exception_label,1,0.7167568995114222,0.2832431004885778,7,5,sample1;sample10;sample2;sample3;sample4;sample5;sample6,sample11;sample12;sample7;sample8;sample9,785,329,1114,4643,1816,0.144620486366986,0.1533799533799534,0.008759467012967398
selected4,lightgbm,4,0.0351758793969849,"{""lgbm_colsample_bytree"": 0.8, ""lgbm_learning_rate"": 0.02, ""lgbm_max_depth"": -1, ""lgbm_min_child_samples"": 20, ""lgbm_n_estimators"": 1500, ""lgbm_num_leaves"": 63, ""lgbm_reg_alpha"": 0.0, ""lgbm_reg_lambda"": 1.0, ""lgbm_subsample"": 0.8}",output/all_satisfying_primordia_splits/split_062/models/selected4/lightgbm/hyperparameter_search_train_cv.csv,0.898691716696366,0.9862037366023232,0.9045226130653268,0.9171974522292994,0.9108159392789372,output/all_satisfying_primordia_splits/split_062/models/selected4/lightgbm/training_summary.json,0.9036144578313252,0.9118541033434652,0.9077155824508322,300,32,29,61,split_062,split_062,output/all_satisfying_primordia_splits/split_062/neighbor_pairs_train.csv,output/all_satisfying_primordia_splits/split_062/neighbor_pairs_test.csv,output/all_satisfying_primordia_splits/split_062/primordium_assignment.csv,5428,2145,7573,7624,51,exception_label,1,0.7167568995114222,0.2832431004885778,7,5,sample1;sample10;sample2;sample3;sample4;sample5;sample6,sample11;sample12;sample7;sample8;sample9,785,329,1114,4643,1816,0.144620486366986,0.1533799533799534,0.008759467012967398
all,lr,49,0.4723618090452261,"{""lr_C"": 1.0}",output/all_satisfying_primordia_splits/split_063/models/all/lr/hyperparameter_search_train_cv.csv,0.9556818828816982,0.9928696035554008,0.9301423027166882,0.9625167336010708,0.9460526315789474,output/all_satisfying_primordia_splits/split_063/models/all/lr/training_summary.json,0.935656836461126,0.9509536784741144,0.9432432432432432,349,24,18,62,split_063,split_063,output/all_satisfying_primordia_splits/split_063/neighbor_pairs_train.csv,output/all_satisfying_primordia_splits/split_063/neighbor_pairs_test.csv,output/all_satisfying_primordia_splits/split_063/primordium_assignment.csv,5174,2399,7573,7624,51,exception_label,1,0.6832166908754786,0.31678330912452135,8,4,sample1;sample10;sample11;sample12;sample2;sample4;sample5;sample9,sample3;sample6;sample7;sample8,747,367,1114,4427,2032,0.14437572477773483,0.15298040850354314,0.008604683725808304
all,svm,49,0.2211055276381909,"{""svm_C"": 1.0, ""svm_calib_method"": ""sigmoid""}",output/all_satisfying_primordia_splits/split_063/models/all/svm/hyperparameter_search_train_cv.csv,0.9562665581205296,0.9929403632147747,0.9281984334203656,0.9518072289156626,0.9398545935228024,output/all_satisfying_primordia_splits/split_063/models/all/svm/training_summary.json,0.9480874316939892,0.9455040871934604,0.9467939972714868,347,19,20,62,split_063,split_063,output/all_satisfying_primordia_splits/split_063/neighbor_pairs_train.csv,output/all_satisfying_primordia_splits/split_063/neighbor_pairs_test.csv,output/all_satisfying_primordia_splits/split_063/primordium_assignment.csv,5174,2399,7573,7624,51,exception_label,1,0.6832166908754786,0.31678330912452135,8,4,sample1;sample10;sample11;sample12;sample2;sample4;sample5;sample9,sample3;sample6;sample7;sample8,747,367,1114,4427,2032,0.14437572477773483,0.15298040850354314,0.008604683725808304
all,xgboost,49,0.2763819095477387,"{""xgb_colsample_bytree"": 0.8, ""xgb_gamma"": 0.0, ""xgb_learning_rate"": 0.05, ""xgb_max_depth"": 4, ""xgb_min_child_weight"": 1.0, ""xgb_n_estimators"": 600, ""xgb_reg_alpha"": 0.0, ""xgb_reg_lambda"": 1.0, ""xgb_subsample"": 0.8}",output/all_satisfying_primordia_splits/split_063/models/all/xgboost/hyperparameter_search_train_cv.csv,0.9422572612011408,0.9917061514637724,0.9448183041722744,0.9397590361445785,0.9422818791946308,output/all_satisfying_primordia_splits/split_063/models/all/xgboost/training_summary.json,0.9419889502762432,0.9291553133514986,0.935528120713306,341,21,26,62,split_063,split_063,output/all_satisfying_primordia_splits/split_063/neighbor_pairs_train.csv,output/all_satisfying_primordia_splits/split_063/neighbor_pairs_test.csv,output/all_satisfying_primordia_splits/split_063/primordium_assignment.csv,5174,2399,7573,7624,51,exception_label,1,0.6832166908754786,0.31678330912452135,8,4,sample1;sample10;sample11;sample12;sample2;sample4;sample5;sample9,sample3;sample6;sample7;sample8,747,367,1114,4427,2032,0.14437572477773483,0.15298040850354314,0.008604683725808304
all,lightgbm,49,0.3316582914572864,"{""lgbm_colsample_bytree"": 0.8, ""lgbm_learning_rate"": 0.02, ""lgbm_max_depth"": -1, ""lgbm_min_child_samples"": 20, ""lgbm_n_estimators"": 1500, ""lgbm_num_leaves"": 63, ""lgbm_reg_alpha"": 0.0, ""lgbm_reg_lambda"": 1.0, ""lgbm_subsample"": 0.8}",output/all_satisfying_primordia_splits/split_063/models/all/lightgbm/hyperparameter_search_train_cv.csv,0.9381036368931276,0.9913101695238148,0.958904109589041,0.9370816599732262,0.9478672985781992,output/all_satisfying_primordia_splits/split_063/models/all/lightgbm/training_summary.json,0.952513966480447,0.9291553133514986,0.9406896551724137,341,17,26,62,split_063,split_063,output/all_satisfying_primordia_splits/split_063/neighbor_pairs_train.csv,output/all_satisfying_primordia_splits/split_063/neighbor_pairs_test.csv,output/all_satisfying_primordia_splits/split_063/primordium_assignment.csv,5174,2399,7573,7624,51,exception_label,1,0.6832166908754786,0.31678330912452135,8,4,sample1;sample10;sample11;sample12;sample2;sample4;sample5;sample9,sample3;sample6;sample7;sample8,747,367,1114,4427,2032,0.14437572477773483,0.15298040850354314,0.008604683725808304
selected4,lr,4,0.4924623115577889,"{""lr_C"": 1.0}",output/all_satisfying_primordia_splits/split_063/models/selected4/lr/hyperparameter_search_train_cv.csv,0.9380013131793736,0.9906890569581996,0.9213917525773196,0.9571619812583668,0.9389363099146422,output/all_satisfying_primordia_splits/split_063/models/selected4/lr/training_summary.json,0.93368700265252,0.9591280653950952,0.946236559139785,352,25,15,62,split_063,split_063,output/all_satisfying_primordia_splits/split_063/neighbor_pairs_train.csv,output/all_satisfying_primordia_splits/split_063/neighbor_pairs_test.csv,output/all_satisfying_primordia_splits/split_063/primordium_assignment.csv,5174,2399,7573,7624,51,exception_label,1,0.6832166908754786,0.31678330912452135,8,4,sample1;sample10;sample11;sample12;sample2;sample4;sample5;sample9,sample3;sample6;sample7;sample8,747,367,1114,4427,2032,0.14437572477773483,0.15298040850354314,0.008604683725808304
selected4,svm,4,0.1658291457286432,"{""svm_C"": 1.0, ""svm_calib_method"": ""sigmoid""}",output/all_satisfying_primordia_splits/split_063/models/selected4/svm/hyperparameter_search_train_cv.csv,0.9373312288235088,0.9906536771285124,0.9261658031088082,0.9571619812583668,0.9414088215931532,output/all_satisfying_primordia_splits/split_063/models/selected4/svm/training_summary.json,0.936,0.9564032697547684,0.9460916442048518,351,24,16,62,split_063,split_063,output/all_satisfying_primordia_splits/split_063/neighbor_pairs_train.csv,output/all_satisfying_primordia_splits/split_063/neighbor_pairs_test.csv,output/all_satisfying_primordia_splits/split_063/primordium_assignment.csv,5174,2399,7573,7624,51,exception_label,1,0.6832166908754786,0.31678330912452135,8,4,sample1;sample10;sample11;sample12;sample2;sample4;sample5;sample9,sample3;sample6;sample7;sample8,747,367,1114,4427,2032,0.14437572477773483,0.15298040850354314,0.008604683725808304
selected4,xgboost,4,0.0251256281407035,"{""xgb_colsample_bytree"": 0.8, ""xgb_gamma"": 0.0, ""xgb_learning_rate"": 0.05, ""xgb_max_depth"": 4, ""xgb_min_child_weight"": 1.0, ""xgb_n_estimators"": 600, ""xgb_reg_alpha"": 0.0, ""xgb_reg_lambda"": 1.0, ""xgb_subsample"": 0.8}",output/all_satisfying_primordia_splits/split_063/models/selected4/xgboost/hyperparameter_search_train_cv.csv,0.9094469871897656,0.9881380805202588,0.8925,0.9558232931726908,0.923076923076923,output/all_satisfying_primordia_splits/split_063/models/selected4/xgboost/training_summary.json,0.9112271540469974,0.9509536784741144,0.9306666666666666,349,34,18,62,split_063,split_063,output/all_satisfying_primordia_splits/split_063/neighbor_pairs_train.csv,output/all_satisfying_primordia_splits/split_063/neighbor_pairs_test.csv,output/all_satisfying_primordia_splits/split_063/primordium_assignment.csv,5174,2399,7573,7624,51,exception_label,1,0.6832166908754786,0.31678330912452135,8,4,sample1;sample10;sample11;sample12;sample2;sample4;sample5;sample9,sample3;sample6;sample7;sample8,747,367,1114,4427,2032,0.14437572477773483,0.15298040850354314,0.008604683725808304
selected4,lightgbm,4,0.0452261306532663,"{""lgbm_colsample_bytree"": 0.8, ""lgbm_learning_rate"": 0.02, ""lgbm_max_depth"": -1, ""lgbm_min_child_samples"": 20, ""lgbm_n_estimators"": 1500, ""lgbm_num_leaves"": 63, ""lgbm_reg_alpha"": 0.0, ""lgbm_reg_lambda"": 1.0, ""lgbm_subsample"": 0.8}",output/all_satisfying_primordia_splits/split_063/models/selected4/lightgbm/hyperparameter_search_train_cv.csv,0.8968117194050808,0.985796056751666,0.9084880636604774,0.9170013386880856,0.9127248500999334,output/all_satisfying_primordia_splits/split_063/models/selected4/lightgbm/training_summary.json,0.9249329758713136,0.9400544959128064,0.9324324324324323,345,28,22,62,split_063,split_063,output/all_satisfying_primordia_splits/split_063/neighbor_pairs_train.csv,output/all_satisfying_primordia_splits/split_063/neighbor_pairs_test.csv,output/all_satisfying_primordia_splits/split_063/primordium_assignment.csv,5174,2399,7573,7624,51,exception_label,1,0.6832166908754786,0.31678330912452135,8,4,sample1;sample10;sample11;sample12;sample2;sample4;sample5;sample9,sample3;sample6;sample7;sample8,747,367,1114,4427,2032,0.14437572477773483,0.15298040850354314,0.008604683725808304
all,lr,49,0.5175879396984925,"{""lr_C"": 1.0}",output/all_satisfying_primordia_splits/split_064/models/all/lr/hyperparameter_search_train_cv.csv,0.9546843035407612,0.9930182459267276,0.9404617253948968,0.9638854296388544,0.9520295202952028,output/all_satisfying_primordia_splits/split_064/models/all/lr/training_summary.json,0.9182389937106918,0.9389067524115756,0.9284578696343402,292,26,19,63,split_064,split_064,output/all_satisfying_primordia_splits/split_064/neighbor_pairs_train.csv,output/all_satisfying_primordia_splits/split_064/neighbor_pairs_test.csv,output/all_satisfying_primordia_splits/split_064/primordium_assignment.csv,5434,2139,7573,7624,51,exception_label,1,0.7175491879043971,0.2824508120956028,9,3,sample1;sample10;sample11;sample12;sample2;sample3;sample4;sample5;sample8,sample6;sample7;sample9,803,311,1114,4631,1828,0.14777327935222673,0.14539504441327722,0.0023782349389495083
all,svm,49,0.1959798994974874,"{""svm_C"": 1.0, ""svm_calib_method"": ""sigmoid""}",output/all_satisfying_primordia_splits/split_064/models/all/svm/hyperparameter_search_train_cv.csv,0.9554810620784366,0.9930166324566184,0.9311594202898552,0.9601494396014943,0.94543225015328,output/all_satisfying_primordia_splits/split_064/models/all/svm/training_summary.json,0.9341692789968652,0.9581993569131833,0.946031746031746,298,21,13,63,split_064,split_064,output/all_satisfying_primordia_splits/split_064/neighbor_pairs_train.csv,output/all_satisfying_primordia_splits/split_064/neighbor_pairs_test.csv,output/all_satisfying_primordia_splits/split_064/primordium_assignment.csv,5434,2139,7573,7624,51,exception_label,1,0.7175491879043971,0.2824508120956028,9,3,sample1;sample10;sample11;sample12;sample2;sample3;sample4;sample5;sample8,sample6;sample7;sample9,803,311,1114,4631,1828,0.14777327935222673,0.14539504441327722,0.0023782349389495083
all,xgboost,49,0.1507537688442211,"{""xgb_colsample_bytree"": 0.8, ""xgb_gamma"": 0.0, ""xgb_learning_rate"": 0.05, ""xgb_max_depth"": 4, ""xgb_min_child_weight"": 1.0, ""xgb_n_estimators"": 600, ""xgb_reg_alpha"": 0.0, ""xgb_reg_lambda"": 1.0, ""xgb_subsample"": 0.8}",output/all_satisfying_primordia_splits/split_064/models/all/xgboost/hyperparameter_search_train_cv.csv,0.9471260687528336,0.9923389750108438,0.9375764993880048,0.953922789539228,0.9456790123456792,output/all_satisfying_primordia_splits/split_064/models/all/xgboost/training_summary.json,0.932258064516129,0.9292604501607716,0.930756843800322,289,21,22,63,split_064,split_064,output/all_satisfying_primordia_splits/split_064/neighbor_pairs_train.csv,output/all_satisfying_primordia_splits/split_064/neighbor_pairs_test.csv,output/all_satisfying_primordia_splits/split_064/primordium_assignment.csv,5434,2139,7573,7624,51,exception_label,1,0.7175491879043971,0.2824508120956028,9,3,sample1;sample10;sample11;sample12;sample2;sample3;sample4;sample5;sample8,sample6;sample7;sample9,803,311,1114,4631,1828,0.14777327935222673,0.14539504441327722,0.0023782349389495083
all,lightgbm,49,0.1758793969849246,"{""lgbm_colsample_bytree"": 0.8, ""lgbm_learning_rate"": 0.02, ""lgbm_max_depth"": -1, ""lgbm_min_child_samples"": 20, ""lgbm_n_estimators"": 1500, ""lgbm_num_leaves"": 63, ""lgbm_reg_alpha"": 0.0, ""lgbm_reg_lambda"": 1.0, ""lgbm_subsample"": 0.8}",output/all_satisfying_primordia_splits/split_064/models/all/lightgbm/hyperparameter_search_train_cv.csv,0.9489529289765548,0.9925100028423964,0.946716232961586,0.9514321295143212,0.9490683229813666,output/all_satisfying_primordia_splits/split_064/models/all/lightgbm/training_summary.json,0.9413680781758956,0.9292604501607716,0.9352750809061487,289,18,22,63,split_064,split_064,output/all_satisfying_primordia_splits/split_064/neighbor_pairs_train.csv,output/all_satisfying_primordia_splits/split_064/neighbor_pairs_test.csv,output/all_satisfying_primordia_splits/split_064/primordium_assignment.csv,5434,2139,7573,7624,51,exception_label,1,0.7175491879043971,0.2824508120956028,9,3,sample1;sample10;sample11;sample12;sample2;sample3;sample4;sample5;sample8,sample6;sample7;sample9,803,311,1114,4631,1828,0.14777327935222673,0.14539504441327722,0.0023782349389495083
selected4,lr,4,0.4773869346733668,"{""lr_C"": 1.0}",output/all_satisfying_primordia_splits/split_064/models/selected4/lr/hyperparameter_search_train_cv.csv,0.9389330224099206,0.9909118606994448,0.9234449760765552,0.9613947696139477,0.9420378279438684,output/all_satisfying_primordia_splits/split_064/models/selected4/lr/training_summary.json,0.91875,0.945337620578778,0.9318541996830426,294,26,17,63,split_064,split_064,output/all_satisfying_primordia_splits/split_064/neighbor_pairs_train.csv,output/all_satisfying_primordia_splits/split_064/neighbor_pairs_test.csv,output/all_satisfying_primordia_splits/split_064/primordium_assignment.csv,5434,2139,7573,7624,51,exception_label,1,0.7175491879043971,0.2824508120956028,9,3,sample1;sample10;sample11;sample12;sample2;sample3;sample4;sample5;sample8,sample6;sample7;sample9,803,311,1114,4631,1828,0.14777327935222673,0.14539504441327722,0.0023782349389495083
selected4,svm,4,0.1658291457286432,"{""svm_C"": 1.0, ""svm_calib_method"": ""sigmoid""}",output/all_satisfying_primordia_splits/split_064/models/selected4/svm/hyperparameter_search_train_cv.csv,0.938600264734308,0.990882549325798,0.9231692677070829,0.9576587795765878,0.9400977995110024,output/all_satisfying_primordia_splits/split_064/models/selected4/svm/training_summary.json,0.930379746835443,0.945337620578778,0.937799043062201,294,22,17,63,split_064,split_064,output/all_satisfying_primordia_splits/split_064/neighbor_pairs_train.csv,output/all_satisfying_primordia_splits/split_064/neighbor_pairs_test.csv,output/all_satisfying_primordia_splits/split_064/primordium_assignment.csv,5434,2139,7573,7624,51,exception_label,1,0.7175491879043971,0.2824508120956028,9,3,sample1;sample10;sample11;sample12;sample2;sample3;sample4;sample5;sample8,sample6;sample7;sample9,803,311,1114,4631,1828,0.14777327935222673,0.14539504441327722,0.0023782349389495083
selected4,xgboost,4,0.0402010050251256,"{""xgb_colsample_bytree"": 0.8, ""xgb_gamma"": 0.0, ""xgb_learning_rate"": 0.05, ""xgb_max_depth"": 4, ""xgb_min_child_weight"": 1.0, ""xgb_n_estimators"": 600, ""xgb_reg_alpha"": 0.0, ""xgb_reg_lambda"": 1.0, ""xgb_subsample"": 0.8}",output/all_satisfying_primordia_splits/split_064/models/selected4/xgboost/hyperparameter_search_train_cv.csv,0.9251267532804804,0.9892049437799786,0.8969555035128806,0.953922789539228,0.9245624622812312,output/all_satisfying_primordia_splits/split_064/models/selected4/xgboost/training_summary.json,0.8888888888888888,0.9260450160771704,0.9070866141732282,288,36,23,63,split_064,split_064,output/all_satisfying_primordia_splits/split_064/neighbor_pairs_train.csv,output/all_satisfying_primordia_splits/split_064/neighbor_pairs_test.csv,output/all_satisfying_primordia_splits/split_064/primordium_assignment.csv,5434,2139,7573,7624,51,exception_label,1,0.7175491879043971,0.2824508120956028,9,3,sample1;sample10;sample11;sample12;sample2;sample3;sample4;sample5;sample8,sample6;sample7;sample9,803,311,1114,4631,1828,0.14777327935222673,0.14539504441327722,0.0023782349389495083
selected4,lightgbm,4,0.0100502512562814,"{""lgbm_colsample_bytree"": 0.8, ""lgbm_learning_rate"": 0.02, ""lgbm_max_depth"": -1, ""lgbm_min_child_samples"": 20, ""lgbm_n_estimators"": 1500, ""lgbm_num_leaves"": 63, ""lgbm_reg_alpha"": 0.0, ""lgbm_reg_lambda"": 1.0, ""lgbm_subsample"": 0.8}",output/all_satisfying_primordia_splits/split_064/models/selected4/lightgbm/hyperparameter_search_train_cv.csv,0.9158741004330916,0.9880928595073591,0.9073634204275536,0.9514321295143212,0.9288753799392097,output/all_satisfying_primordia_splits/split_064/models/selected4/lightgbm/training_summary.json,0.8836477987421384,0.9035369774919614,0.8934817170111287,281,37,30,63,split_064,split_064,output/all_satisfying_primordia_splits/split_064/neighbor_pairs_train.csv,output/all_satisfying_primordia_splits/split_064/neighbor_pairs_test.csv,output/all_satisfying_primordia_splits/split_064/primordium_assignment.csv,5434,2139,7573,7624,51,exception_label,1,0.7175491879043971,0.2824508120956028,9,3,sample1;sample10;sample11;sample12;sample2;sample3;sample4;sample5;sample8,sample6;sample7;sample9,803,311,1114,4631,1828,0.14777327935222673,0.14539504441327722,0.0023782349389495083
all,lr,49,0.6130653266331658,"{""lr_C"": 1.0}",output/all_satisfying_primordia_splits/split_065/models/all/lr/hyperparameter_search_train_cv.csv,0.9601931382998456,0.9939146074208418,0.9420289855072465,0.9533333333333334,0.9476474486414844,output/all_satisfying_primordia_splits/split_065/models/all/lr/training_summary.json,0.9361111111111112,0.925824175824176,0.930939226519337,337,23,27,64,split_065,split_065,output/all_satisfying_primordia_splits/split_065/neighbor_pairs_train.csv,output/all_satisfying_primordia_splits/split_065/neighbor_pairs_test.csv,output/all_satisfying_primordia_splits/split_065/primordium_assignment.csv,5161,2412,7573,7624,51,exception_label,1,0.6815000660240328,0.31849993397596726,8,4,sample1;sample10;sample11;sample12;sample2;sample4;sample7;sample8,sample3;sample5;sample6;sample9,750,364,1114,4411,2048,0.1453206742879287,0.15091210613598674,0.005591431848058048
all,svm,49,0.1758793969849246,"{""svm_C"": 1.0, ""svm_calib_method"": ""sigmoid""}",output/all_satisfying_primordia_splits/split_065/models/all/svm/hyperparameter_search_train_cv.csv,0.9581190810343514,0.9937395904178948,0.9272959183673468,0.9693333333333334,0.9478487614080836,output/all_satisfying_primordia_splits/split_065/models/all/svm/training_summary.json,0.9351351351351352,0.9505494505494504,0.9427792915531334,346,24,18,64,split_065,split_065,output/all_satisfying_primordia_splits/split_065/neighbor_pairs_train.csv,output/all_satisfying_primordia_splits/split_065/neighbor_pairs_test.csv,output/all_satisfying_primordia_splits/split_065/primordium_assignment.csv,5161,2412,7573,7624,51,exception_label,1,0.6815000660240328,0.31849993397596726,8,4,sample1;sample10;sample11;sample12;sample2;sample4;sample7;sample8,sample3;sample5;sample6;sample9,750,364,1114,4411,2048,0.1453206742879287,0.15091210613598674,0.005591431848058048
all,xgboost,49,0.2814070351758794,"{""xgb_colsample_bytree"": 0.8, ""xgb_gamma"": 0.0, ""xgb_learning_rate"": 0.05, ""xgb_max_depth"": 4, ""xgb_min_child_weight"": 1.0, ""xgb_n_estimators"": 600, ""xgb_reg_alpha"": 0.0, ""xgb_reg_lambda"": 1.0, ""xgb_subsample"": 0.8}",output/all_satisfying_primordia_splits/split_065/models/all/xgboost/hyperparameter_search_train_cv.csv,0.9577267926176836,0.9935917781304316,0.9546061415220294,0.9533333333333334,0.95396931287525,output/all_satisfying_primordia_splits/split_065/models/all/xgboost/training_summary.json,0.9431818181818182,0.912087912087912,0.9273743016759776,332,20,32,64,split_065,split_065,output/all_satisfying_primordia_splits/split_065/neighbor_pairs_train.csv,output/all_satisfying_primordia_splits/split_065/neighbor_pairs_test.csv,output/all_satisfying_primordia_splits/split_065/primordium_assignment.csv,5161,2412,7573,7624,51,exception_label,1,0.6815000660240328,0.31849993397596726,8,4,sample1;sample10;sample11;sample12;sample2;sample4;sample7;sample8,sample3;sample5;sample6;sample9,750,364,1114,4411,2048,0.1453206742879287,0.15091210613598674,0.005591431848058048
all,lightgbm,49,0.050251256281407,"{""lgbm_colsample_bytree"": 0.8, ""lgbm_learning_rate"": 0.02, ""lgbm_max_depth"": -1, ""lgbm_min_child_samples"": 20, ""lgbm_n_estimators"": 1500, ""lgbm_num_leaves"": 63, ""lgbm_reg_alpha"": 0.0, ""lgbm_reg_lambda"": 1.0, ""lgbm_subsample"": 0.8}",output/all_satisfying_primordia_splits/split_065/models/all/lightgbm/hyperparameter_search_train_cv.csv,0.9578182760717092,0.99374170634021,0.9461942257217848,0.9613333333333334,0.9537037037037036,output/all_satisfying_primordia_splits/split_065/models/all/lightgbm/training_summary.json,0.9392265193370166,0.934065934065934,0.9366391184573004,340,22,24,64,split_065,split_065,output/all_satisfying_primordia_splits/split_065/neighbor_pairs_train.csv,output/all_satisfying_primordia_splits/split_065/neighbor_pairs_test.csv,output/all_satisfying_primordia_splits/split_065/primordium_assignment.csv,5161,2412,7573,7624,51,exception_label,1,0.6815000660240328,0.31849993397596726,8,4,sample1;sample10;sample11;sample12;sample2;sample4;sample7;sample8,sample3;sample5;sample6;sample9,750,364,1114,4411,2048,0.1453206742879287,0.15091210613598674,0.005591431848058048
selected4,lr,4,0.4221105527638191,"{""lr_C"": 1.0}",output/all_satisfying_primordia_splits/split_065/models/selected4/lr/hyperparameter_search_train_cv.csv,0.9421109728022932,0.9915659336507217,0.9164556962025316,0.9653333333333334,0.9402597402597402,output/all_satisfying_primordia_splits/split_065/models/selected4/lr/training_summary.json,0.9272237196765498,0.945054945054945,0.9360544217687076,344,27,20,64,split_065,split_065,output/all_satisfying_primordia_splits/split_065/neighbor_pairs_train.csv,output/all_satisfying_primordia_splits/split_065/neighbor_pairs_test.csv,output/all_satisfying_primordia_splits/split_065/primordium_assignment.csv,5161,2412,7573,7624,51,exception_label,1,0.6815000660240328,0.31849993397596726,8,4,sample1;sample10;sample11;sample12;sample2;sample4;sample7;sample8,sample3;sample5;sample6;sample9,750,364,1114,4411,2048,0.1453206742879287,0.15091210613598674,0.005591431848058048
selected4,svm,4,0.1407035175879397,"{""svm_C"": 1.0, ""svm_calib_method"": ""sigmoid""}",output/all_satisfying_primordia_splits/split_065/models/selected4/svm/hyperparameter_search_train_cv.csv,0.9413577219878286,0.9915211970074812,0.9187817258883249,0.9653333333333334,0.94148244473342,output/all_satisfying_primordia_splits/split_065/models/selected4/svm/training_summary.json,0.9375,0.9478021978021978,0.9426229508196722,345,23,19,64,split_065,split_065,output/all_satisfying_primordia_splits/split_065/neighbor_pairs_train.csv,output/all_satisfying_primordia_splits/split_065/neighbor_pairs_test.csv,output/all_satisfying_primordia_splits/split_065/primordium_assignment.csv,5161,2412,7573,7624,51,exception_label,1,0.6815000660240328,0.31849993397596726,8,4,sample1;sample10;sample11;sample12;sample2;sample4;sample7;sample8,sample3;sample5;sample6;sample9,750,364,1114,4411,2048,0.1453206742879287,0.15091210613598674,0.005591431848058048
selected4,xgboost,4,0.1256281407035175,"{""xgb_colsample_bytree"": 0.8, ""xgb_gamma"": 0.0, ""xgb_learning_rate"": 0.05, ""xgb_max_depth"": 4, ""xgb_min_child_weight"": 1.0, ""xgb_n_estimators"": 600, ""xgb_reg_alpha"": 0.0, ""xgb_reg_lambda"": 1.0, ""xgb_subsample"": 0.8}",output/all_satisfying_primordia_splits/split_065/models/selected4/xgboost/hyperparameter_search_train_cv.csv,0.9328223640280776,0.9904417743519988,0.9177377892030848,0.952,0.9345549738219894,output/all_satisfying_primordia_splits/split_065/models/selected4/xgboost/training_summary.json,0.9100817438692098,0.9175824175824177,0.9138166894664844,334,33,30,64,split_065,split_065,output/all_satisfying_primordia_splits/split_065/neighbor_pairs_train.csv,output/all_satisfying_primordia_splits/split_065/neighbor_pairs_test.csv,output/all_satisfying_primordia_splits/split_065/primordium_assignment.csv,5161,2412,7573,7624,51,exception_label,1,0.6815000660240328,0.31849993397596726,8,4,sample1;sample10;sample11;sample12;sample2;sample4;sample7;sample8,sample3;sample5;sample6;sample9,750,364,1114,4411,2048,0.1453206742879287,0.15091210613598674,0.005591431848058048
selected4,lightgbm,4,0.0150753768844221,"{""lgbm_colsample_bytree"": 0.8, ""lgbm_learning_rate"": 0.02, ""lgbm_max_depth"": -1, ""lgbm_min_child_samples"": 20, ""lgbm_n_estimators"": 1500, ""lgbm_num_leaves"": 63, ""lgbm_reg_alpha"": 0.0, ""lgbm_reg_lambda"": 1.0, ""lgbm_subsample"": 0.8}",output/all_satisfying_primordia_splits/split_065/models/selected4/lightgbm/hyperparameter_search_train_cv.csv,0.9283714716831838,0.9890815385777978,0.918918918918919,0.952,0.9351669941060904,output/all_satisfying_primordia_splits/split_065/models/selected4/lightgbm/training_summary.json,0.9168900804289544,0.9395604395604396,0.9280868385345996,342,31,22,64,split_065,split_065,output/all_satisfying_primordia_splits/split_065/neighbor_pairs_train.csv,output/all_satisfying_primordia_splits/split_065/neighbor_pairs_test.csv,output/all_satisfying_primordia_splits/split_065/primordium_assignment.csv,5161,2412,7573,7624,51,exception_label,1,0.6815000660240328,0.31849993397596726,8,4,sample1;sample10;sample11;sample12;sample2;sample4;sample7;sample8,sample3;sample5;sample6;sample9,750,364,1114,4411,2048,0.1453206742879287,0.15091210613598674,0.005591431848058048
all,lr,49,0.6231155778894473,"{""lr_C"": 1.0}",output/all_satisfying_primordia_splits/split_066/models/all/lr/hyperparameter_search_train_cv.csv,0.9572163952002838,0.9931193217777702,0.9474393530997304,0.9423592493297588,0.9448924731182796,output/all_satisfying_primordia_splits/split_066/models/all/lr/training_summary.json,0.9327956989247312,0.9429347826086956,0.9378378378378378,347,25,21,65,split_066,split_066,output/all_satisfying_primordia_splits/split_066/neighbor_pairs_train.csv,output/all_satisfying_primordia_splits/split_066/neighbor_pairs_test.csv,output/all_satisfying_primordia_splits/split_066/primordium_assignment.csv,5160,2413,7573,7624,51,exception_label,1,0.6813680179585369,0.3186319820414631,7,5,sample1;sample11;sample2;sample4;sample5;sample7;sample9,sample10;sample12;sample3;sample6;sample8,746,368,1114,4414,2045,0.14457364341085271,0.1525072523829258,0.007933608972073097
all,svm,49,0.2814070351758794,"{""svm_C"": 1.0, ""svm_calib_method"": ""sigmoid""}",output/all_satisfying_primordia_splits/split_066/models/all/svm/hyperparameter_search_train_cv.csv,0.9566558419528914,0.9932064804770588,0.9450402144772118,0.9450402144772118,0.9450402144772118,output/all_satisfying_primordia_splits/split_066/models/all/svm/training_summary.json,0.9378378378378378,0.9429347826086956,0.9403794037940378,347,23,21,65,split_066,split_066,output/all_satisfying_primordia_splits/split_066/neighbor_pairs_train.csv,output/all_satisfying_primordia_splits/split_066/neighbor_pairs_test.csv,output/all_satisfying_primordia_splits/split_066/primordium_assignment.csv,5160,2413,7573,7624,51,exception_label,1,0.6813680179585369,0.3186319820414631,7,5,sample1;sample11;sample2;sample4;sample5;sample7;sample9,sample10;sample12;sample3;sample6;sample8,746,368,1114,4414,2045,0.14457364341085271,0.1525072523829258,0.007933608972073097
all,xgboost,49,0.2211055276381909,"{""xgb_colsample_bytree"": 0.8, ""xgb_gamma"": 0.0, ""xgb_learning_rate"": 0.05, ""xgb_max_depth"": 4, ""xgb_min_child_weight"": 1.0, ""xgb_n_estimators"": 600, ""xgb_reg_alpha"": 0.0, ""xgb_reg_lambda"": 1.0, ""xgb_subsample"": 0.8}",output/all_satisfying_primordia_splits/split_066/models/all/xgboost/hyperparameter_search_train_cv.csv,0.9471674066892384,0.9919858031537478,0.9553450608930988,0.9463806970509384,0.9508417508417508,output/all_satisfying_primordia_splits/split_066/models/all/xgboost/training_summary.json,0.9375,0.9375,0.9375,345,23,23,65,split_066,split_066,output/all_satisfying_primordia_splits/split_066/neighbor_pairs_train.csv,output/all_satisfying_primordia_splits/split_066/neighbor_pairs_test.csv,output/all_satisfying_primordia_splits/split_066/primordium_assignment.csv,5160,2413,7573,7624,51,exception_label,1,0.6813680179585369,0.3186319820414631,7,5,sample1;sample11;sample2;sample4;sample5;sample7;sample9,sample10;sample12;sample3;sample6;sample8,746,368,1114,4414,2045,0.14457364341085271,0.1525072523829258,0.007933608972073097
all,lightgbm,49,0.271356783919598,"{""lgbm_colsample_bytree"": 0.8, ""lgbm_learning_rate"": 0.02, ""lgbm_max_depth"": -1, ""lgbm_min_child_samples"": 20, ""lgbm_n_estimators"": 1500, ""lgbm_num_leaves"": 63, ""lgbm_reg_alpha"": 0.0, ""lgbm_reg_lambda"": 1.0, ""lgbm_subsample"": 0.8}",output/all_satisfying_primordia_splits/split_066/models/all/lightgbm/hyperparameter_search_train_cv.csv,0.9457135754306544,0.991479402000216,0.9561643835616438,0.935656836461126,0.94579945799458,output/all_satisfying_primordia_splits/split_066/models/all/lightgbm/training_summary.json,0.9452054794520548,0.9375,0.941336971350614,345,20,23,65,split_066,split_066,output/all_satisfying_primordia_splits/split_066/neighbor_pairs_train.csv,output/all_satisfying_primordia_splits/split_066/neighbor_pairs_test.csv,output/all_satisfying_primordia_splits/split_066/primordium_assignment.csv,5160,2413,7573,7624,51,exception_label,1,0.6813680179585369,0.3186319820414631,7,5,sample1;sample11;sample2;sample4;sample5;sample7;sample9,sample10;sample12;sample3;sample6;sample8,746,368,1114,4414,2045,0.14457364341085271,0.1525072523829258,0.007933608972073097
selected4,lr,4,0.5678391959798995,"{""lr_C"": 1.0}",output/all_satisfying_primordia_splits/split_066/models/selected4/lr/hyperparameter_search_train_cv.csv,0.942952174260765,0.9914308117845848,0.9375830013280212,0.9463806970509384,0.9419613075383588,output/all_satisfying_primordia_splits/split_066/models/selected4/lr/training_summary.json,0.905511811023622,0.9375,0.9212283044058744,345,36,23,65,split_066,split_066,output/all_satisfying_primordia_splits/split_066/neighbor_pairs_train.csv,output/all_satisfying_primordia_splits/split_066/neighbor_pairs_test.csv,output/all_satisfying_primordia_splits/split_066/primordium_assignment.csv,5160,2413,7573,7624,51,exception_label,1,0.6813680179585369,0.3186319820414631,7,5,sample1;sample11;sample2;sample4;sample5;sample7;sample9,sample10;sample12;sample3;sample6;sample8,746,368,1114,4414,2045,0.14457364341085271,0.1525072523829258,0.007933608972073097
selected4,svm,4,0.1457286432160804,"{""svm_C"": 1.0, ""svm_calib_method"": ""sigmoid""}",output/all_satisfying_primordia_splits/split_066/models/selected4/svm/hyperparameter_search_train_cv.csv,0.9424844881141828,0.9914505515596852,0.9287564766839378,0.9611260053619304,0.9446640316205532,output/all_satisfying_primordia_splits/split_066/models/selected4/svm/training_summary.json,0.9114583333333334,0.9510869565217392,0.9308510638297872,350,34,18,65,split_066,split_066,output/all_satisfying_primordia_splits/split_066/neighbor_pairs_train.csv,output/all_satisfying_primordia_splits/split_066/neighbor_pairs_test.csv,output/all_satisfying_primordia_splits/split_066/primordium_assignment.csv,5160,2413,7573,7624,51,exception_label,1,0.6813680179585369,0.3186319820414631,7,5,sample1;sample11;sample2;sample4;sample5;sample7;sample9,sample10;sample12;sample3;sample6;sample8,746,368,1114,4414,2045,0.14457364341085271,0.1525072523829258,0.007933608972073097
selected4,xgboost,4,0.0603015075376884,"{""xgb_colsample_bytree"": 0.8, ""xgb_gamma"": 0.0, ""xgb_learning_rate"": 0.05, ""xgb_max_depth"": 4, ""xgb_min_child_weight"": 1.0, ""xgb_n_estimators"": 600, ""xgb_reg_alpha"": 0.0, ""xgb_reg_lambda"": 1.0, ""xgb_subsample"": 0.8}",output/all_satisfying_primordia_splits/split_066/models/selected4/xgboost/hyperparameter_search_train_cv.csv,0.9043530739311184,0.988767764279146,0.9097938144329896,0.9463806970509384,0.9277266754270695,output/all_satisfying_primordia_splits/split_066/models/selected4/xgboost/training_summary.json,0.8946015424164524,0.9456521739130436,0.9194187582562748,348,41,20,65,split_066,split_066,output/all_satisfying_primordia_splits/split_066/neighbor_pairs_train.csv,output/all_satisfying_primordia_splits/split_066/neighbor_pairs_test.csv,output/all_satisfying_primordia_splits/split_066/primordium_assignment.csv,5160,2413,7573,7624,51,exception_label,1,0.6813680179585369,0.3186319820414631,7,5,sample1;sample11;sample2;sample4;sample5;sample7;sample9,sample10;sample12;sample3;sample6;sample8,746,368,1114,4414,2045,0.14457364341085271,0.1525072523829258,0.007933608972073097
selected4,lightgbm,4,0.0150753768844221,"{""lgbm_colsample_bytree"": 0.8, ""lgbm_learning_rate"": 0.02, ""lgbm_max_depth"": -1, ""lgbm_min_child_samples"": 20, ""lgbm_n_estimators"": 1500, ""lgbm_num_leaves"": 63, ""lgbm_reg_alpha"": 0.0, ""lgbm_reg_lambda"": 1.0, ""lgbm_subsample"": 0.8}",output/all_satisfying_primordia_splits/split_066/models/selected4/lightgbm/hyperparameter_search_train_cv.csv,0.9039950984633592,0.9871727904510508,0.9006535947712418,0.9235924932975872,0.9119788219722038,output/all_satisfying_primordia_splits/split_066/models/selected4/lightgbm/training_summary.json,0.8903394255874674,0.9266304347826086,0.9081225033288948,341,42,27,65,split_066,split_066,output/all_satisfying_primordia_splits/split_066/neighbor_pairs_train.csv,output/all_satisfying_primordia_splits/split_066/neighbor_pairs_test.csv,output/all_satisfying_primordia_splits/split_066/primordium_assignment.csv,5160,2413,7573,7624,51,exception_label,1,0.6813680179585369,0.3186319820414631,7,5,sample1;sample11;sample2;sample4;sample5;sample7;sample9,sample10;sample12;sample3;sample6;sample8,746,368,1114,4414,2045,0.14457364341085271,0.1525072523829258,0.007933608972073097
all,lr,49,0.5226130653266332,"{""lr_C"": 1.0}",output/all_satisfying_primordia_splits/split_067/models/all/lr/hyperparameter_search_train_cv.csv,0.9526693972258982,0.9929016685206382,0.9365079365079364,0.9575530586766542,0.9469135802469136,output/all_satisfying_primordia_splits/split_067/models/all/lr/training_summary.json,0.9316770186335404,0.9584664536741214,0.9448818897637796,300,22,13,66,split_067,split_067,output/all_satisfying_primordia_splits/split_067/neighbor_pairs_train.csv,output/all_satisfying_primordia_splits/split_067/neighbor_pairs_test.csv,output/all_satisfying_primordia_splits/split_067/primordium_assignment.csv,5444,2129,7573,7624,51,exception_label,1,0.7188696685593556,0.2811303314406444,8,4,sample10;sample12;sample2;sample3;sample4;sample5;sample7;sample8,sample1;sample11;sample6;sample9,801,313,1114,4643,1816,0.14713445995591476,0.14701737905119774,0.00011708090471701516
all,svm,49,0.1557788944723618,"{""svm_C"": 1.0, ""svm_calib_method"": ""sigmoid""}",output/all_satisfying_primordia_splits/split_067/models/all/svm/hyperparameter_search_train_cv.csv,0.9522555342220278,0.9928196581755038,0.9270334928229664,0.9675405742821472,0.9468540012217472,output/all_satisfying_primordia_splits/split_067/models/all/svm/training_summary.json,0.9176829268292684,0.9616613418530352,0.939157566302652,301,27,12,66,split_067,split_067,output/all_satisfying_primordia_splits/split_067/neighbor_pairs_train.csv,output/all_satisfying_primordia_splits/split_067/neighbor_pairs_test.csv,output/all_satisfying_primordia_splits/split_067/primordium_assignment.csv,5444,2129,7573,7624,51,exception_label,1,0.7188696685593556,0.2811303314406444,8,4,sample10;sample12;sample2;sample3;sample4;sample5;sample7;sample8,sample1;sample11;sample6;sample9,801,313,1114,4643,1816,0.14713445995591476,0.14701737905119774,0.00011708090471701516
all,xgboost,49,0.1557788944723618,"{""xgb_colsample_bytree"": 0.8, ""xgb_gamma"": 0.0, ""xgb_learning_rate"": 0.05, ""xgb_max_depth"": 4, ""xgb_min_child_weight"": 1.0, ""xgb_n_estimators"": 600, ""xgb_reg_alpha"": 0.0, ""xgb_reg_lambda"": 1.0, ""xgb_subsample"": 0.8}",output/all_satisfying_primordia_splits/split_067/models/all/xgboost/hyperparameter_search_train_cv.csv,0.944169464498419,0.9918473650344994,0.937037037037037,0.947565543071161,0.9422718808193667,output/all_satisfying_primordia_splits/split_067/models/all/xgboost/training_summary.json,0.9333333333333332,0.939297124600639,0.9363057324840764,294,21,19,66,split_067,split_067,output/all_satisfying_primordia_splits/split_067/neighbor_pairs_train.csv,output/all_satisfying_primordia_splits/split_067/neighbor_pairs_test.csv,output/all_satisfying_primordia_splits/split_067/primordium_assignment.csv,5444,2129,7573,7624,51,exception_label,1,0.7188696685593556,0.2811303314406444,8,4,sample10;sample12;sample2;sample3;sample4;sample5;sample7;sample8,sample1;sample11;sample6;sample9,801,313,1114,4643,1816,0.14713445995591476,0.14701737905119774,0.00011708090471701516
all,lightgbm,49,0.0552763819095477,"{""lgbm_colsample_bytree"": 0.8, ""lgbm_learning_rate"": 0.02, ""lgbm_max_depth"": -1, ""lgbm_min_child_samples"": 20, ""lgbm_n_estimators"": 1500, ""lgbm_num_leaves"": 63, ""lgbm_reg_alpha"": 0.0, ""lgbm_reg_lambda"": 1.0, ""lgbm_subsample"": 0.8}",output/all_satisfying_primordia_splits/split_067/models/all/lightgbm/hyperparameter_search_train_cv.csv,0.941323704974535,0.9914144579667404,0.9382716049382716,0.9488139825218476,0.9435133457479826,output/all_satisfying_primordia_splits/split_067/models/all/lightgbm/training_summary.json,0.9365079365079364,0.9424920127795527,0.9394904458598724,295,20,18,66,split_067,split_067,output/all_satisfying_primordia_splits/split_067/neighbor_pairs_train.csv,output/all_satisfying_primordia_splits/split_067/neighbor_pairs_test.csv,output/all_satisfying_primordia_splits/split_067/primordium_assignment.csv,5444,2129,7573,7624,51,exception_label,1,0.7188696685593556,0.2811303314406444,8,4,sample10;sample12;sample2;sample3;sample4;sample5;sample7;sample8,sample1;sample11;sample6;sample9,801,313,1114,4643,1816,0.14713445995591476,0.14701737905119774,0.00011708090471701516
selected4,lr,4,0.4824120603015075,"{""lr_C"": 1.0}",output/all_satisfying_primordia_splits/split_067/models/selected4/lr/hyperparameter_search_train_cv.csv,0.9369627566395976,0.990724764408478,0.9256594724220624,0.9637952559300874,0.94434250764526,output/all_satisfying_primordia_splits/split_067/models/selected4/lr/training_summary.json,0.9161490683229814,0.9424920127795527,0.9291338582677168,295,27,18,66,split_067,split_067,output/all_satisfying_primordia_splits/split_067/neighbor_pairs_train.csv,output/all_satisfying_primordia_splits/split_067/neighbor_pairs_test.csv,output/all_satisfying_primordia_splits/split_067/primordium_assignment.csv,5444,2129,7573,7624,51,exception_label,1,0.7188696685593556,0.2811303314406444,8,4,sample10;sample12;sample2;sample3;sample4;sample5;sample7;sample8,sample1;sample11;sample6;sample9,801,313,1114,4643,1816,0.14713445995591476,0.14701737905119774,0.00011708090471701516
selected4,svm,4,0.1658291457286432,"{""svm_C"": 1.0, ""svm_calib_method"": ""sigmoid""}",output/all_satisfying_primordia_splits/split_067/models/selected4/svm/hyperparameter_search_train_cv.csv,0.9365685100418126,0.9907099756577162,0.9253910950661852,0.9600499375780276,0.9424019607843138,output/all_satisfying_primordia_splits/split_067/models/selected4/svm/training_summary.json,0.9310344827586208,0.9488817891373802,0.9398734177215188,297,22,16,66,split_067,split_067,output/all_satisfying_primordia_splits/split_067/neighbor_pairs_train.csv,output/all_satisfying_primordia_splits/split_067/neighbor_pairs_test.csv,output/all_satisfying_primordia_splits/split_067/primordium_assignment.csv,5444,2129,7573,7624,51,exception_label,1,0.7188696685593556,0.2811303314406444,8,4,sample10;sample12;sample2;sample3;sample4;sample5;sample7;sample8,sample1;sample11;sample6;sample9,801,313,1114,4643,1816,0.14713445995591476,0.14701737905119774,0.00011708090471701516
selected4,xgboost,4,0.135678391959799,"{""xgb_colsample_bytree"": 0.8, ""xgb_gamma"": 0.0, ""xgb_learning_rate"": 0.05, ""xgb_max_depth"": 4, ""xgb_min_child_weight"": 1.0, ""xgb_n_estimators"": 600, ""xgb_reg_alpha"": 0.0, ""xgb_reg_lambda"": 1.0, ""xgb_subsample"": 0.8}",output/all_satisfying_primordia_splits/split_067/models/selected4/xgboost/hyperparameter_search_train_cv.csv,0.9343961019441684,0.9902066203590548,0.925609756097561,0.947565543071161,0.9364589759407772,output/all_satisfying_primordia_splits/split_067/models/selected4/xgboost/training_summary.json,0.8765432098765432,0.9073482428115016,0.8916797488226059,284,40,29,66,split_067,split_067,output/all_satisfying_primordia_splits/split_067/neighbor_pairs_train.csv,output/all_satisfying_primordia_splits/split_067/neighbor_pairs_test.csv,output/all_satisfying_primordia_splits/split_067/primordium_assignment.csv,5444,2129,7573,7624,51,exception_label,1,0.7188696685593556,0.2811303314406444,8,4,sample10;sample12;sample2;sample3;sample4;sample5;sample7;sample8,sample1;sample11;sample6;sample9,801,313,1114,4643,1816,0.14713445995591476,0.14701737905119774,0.00011708090471701516
selected4,lightgbm,4,0.0251256281407035,"{""lgbm_colsample_bytree"": 0.8, ""lgbm_learning_rate"": 0.02, ""lgbm_max_depth"": -1, ""lgbm_min_child_samples"": 20, ""lgbm_n_estimators"": 1500, ""lgbm_num_leaves"": 63, ""lgbm_reg_alpha"": 0.0, ""lgbm_reg_lambda"": 1.0, ""lgbm_subsample"": 0.8}",output/all_satisfying_primordia_splits/split_067/models/selected4/lightgbm/hyperparameter_search_train_cv.csv,0.934738267925968,0.9897468246535466,0.936039360393604,0.9500624219725344,0.942998760842627,output/all_satisfying_primordia_splits/split_067/models/selected4/lightgbm/training_summary.json,0.8913043478260869,0.9169329073482428,0.9039370078740158,287,35,26,66,split_067,split_067,output/all_satisfying_primordia_splits/split_067/neighbor_pairs_train.csv,output/all_satisfying_primordia_splits/split_067/neighbor_pairs_test.csv,output/all_satisfying_primordia_splits/split_067/primordium_assignment.csv,5444,2129,7573,7624,51,exception_label,1,0.7188696685593556,0.2811303314406444,8,4,sample10;sample12;sample2;sample3;sample4;sample5;sample7;sample8,sample1;sample11;sample6;sample9,801,313,1114,4643,1816,0.14713445995591476,0.14701737905119774,0.00011708090471701516
all,lr,49,0.6432160804020101,"{""lr_C"": 1.0}",output/all_satisfying_primordia_splits/split_068/models/all/lr/hyperparameter_search_train_cv.csv,0.9564257578690152,0.9932005676845876,0.9455006337135616,0.9491094147582696,0.9473015873015874,output/all_satisfying_primordia_splits/split_068/models/all/lr/training_summary.json,0.9526813880126184,0.9207317073170732,0.9364341085271318,302,15,26,67,split_068,split_068,output/all_satisfying_primordia_splits/split_068/neighbor_pairs_train.csv,output/all_satisfying_primordia_splits/split_068/neighbor_pairs_test.csv,output/all_satisfying_primordia_splits/split_068/primordium_assignment.csv,5444,2129,7573,7624,51,exception_label,1,0.7188696685593556,0.2811303314406444,8,4,sample1;sample10;sample11;sample2;sample3;sample4;sample7;sample9,sample12;sample5;sample6;sample8,786,328,1114,4658,1801,0.1443791329904482,0.15406294034758103,0.00968380735713284
all,svm,49,0.1959798994974874,"{""svm_C"": 1.0, ""svm_calib_method"": ""sigmoid""}",output/all_satisfying_primordia_splits/split_068/models/all/svm/hyperparameter_search_train_cv.csv,0.9562096932202988,0.9930784761667524,0.9248768472906403,0.955470737913486,0.9399249061326658,output/all_satisfying_primordia_splits/split_068/models/all/svm/training_summary.json,0.9484848484848484,0.9542682926829268,0.9513677811550152,313,17,15,67,split_068,split_068,output/all_satisfying_primordia_splits/split_068/neighbor_pairs_train.csv,output/all_satisfying_primordia_splits/split_068/neighbor_pairs_test.csv,output/all_satisfying_primordia_splits/split_068/primordium_assignment.csv,5444,2129,7573,7624,51,exception_label,1,0.7188696685593556,0.2811303314406444,8,4,sample1;sample10;sample11;sample2;sample3;sample4;sample7;sample9,sample12;sample5;sample6;sample8,786,328,1114,4658,1801,0.1443791329904482,0.15406294034758103,0.00968380735713284
all,xgboost,49,0.0603015075376884,"{""xgb_colsample_bytree"": 0.8, ""xgb_gamma"": 0.0, ""xgb_learning_rate"": 0.05, ""xgb_max_depth"": 4, ""xgb_min_child_weight"": 1.0, ""xgb_n_estimators"": 600, ""xgb_reg_alpha"": 0.0, ""xgb_reg_lambda"": 1.0, ""xgb_subsample"": 0.8}",output/all_satisfying_primordia_splits/split_068/models/all/xgboost/hyperparameter_search_train_cv.csv,0.9506378659589004,0.9928646111590008,0.93424317617866,0.9580152671755724,0.9459798994974876,output/all_satisfying_primordia_splits/split_068/models/all/xgboost/training_summary.json,0.9454545454545454,0.951219512195122,0.9483282674772036,312,18,16,67,split_068,split_068,output/all_satisfying_primordia_splits/split_068/neighbor_pairs_train.csv,output/all_satisfying_primordia_splits/split_068/neighbor_pairs_test.csv,output/all_satisfying_primordia_splits/split_068/primordium_assignment.csv,5444,2129,7573,7624,51,exception_label,1,0.7188696685593556,0.2811303314406444,8,4,sample1;sample10;sample11;sample2;sample3;sample4;sample7;sample9,sample12;sample5;sample6;sample8,786,328,1114,4658,1801,0.1443791329904482,0.15406294034758103,0.00968380735713284
all,lightgbm,49,0.135678391959799,"{""lgbm_colsample_bytree"": 0.8, ""lgbm_learning_rate"": 0.02, ""lgbm_max_depth"": -1, ""lgbm_min_child_samples"": 20, ""lgbm_n_estimators"": 1500, ""lgbm_num_leaves"": 63, ""lgbm_reg_alpha"": 0.0, ""lgbm_reg_lambda"": 1.0, ""lgbm_subsample"": 0.8}",output/all_satisfying_primordia_splits/split_068/models/all/lightgbm/hyperparameter_search_train_cv.csv,0.9453009629601804,0.9919758286108226,0.9472329472329472,0.9363867684478372,0.941778630838132,output/all_satisfying_primordia_splits/split_068/models/all/lightgbm/training_summary.json,0.9504643962848296,0.9359756097560976,0.9431643625192012,307,16,21,67,split_068,split_068,output/all_satisfying_primordia_splits/split_068/neighbor_pairs_train.csv,output/all_satisfying_primordia_splits/split_068/neighbor_pairs_test.csv,output/all_satisfying_primordia_splits/split_068/primordium_assignment.csv,5444,2129,7573,7624,51,exception_label,1,0.7188696685593556,0.2811303314406444,8,4,sample1;sample10;sample11;sample2;sample3;sample4;sample7;sample9,sample12;sample5;sample6;sample8,786,328,1114,4658,1801,0.1443791329904482,0.15406294034758103,0.00968380735713284
selected4,lr,4,0.4472361809045226,"{""lr_C"": 1.0}",output/all_satisfying_primordia_splits/split_068/models/selected4/lr/hyperparameter_search_train_cv.csv,0.9363250130085924,0.9908925736673452,0.9175757575757576,0.9631043256997456,0.9397889509621352,output/all_satisfying_primordia_splits/split_068/models/selected4/lr/training_summary.json,0.9253731343283582,0.945121951219512,0.9351432880844646,310,25,18,67,split_068,split_068,output/all_satisfying_primordia_splits/split_068/neighbor_pairs_train.csv,output/all_satisfying_primordia_splits/split_068/neighbor_pairs_test.csv,output/all_satisfying_primordia_splits/split_068/primordium_assignment.csv,5444,2129,7573,7624,51,exception_label,1,0.7188696685593556,0.2811303314406444,8,4,sample1;sample10;sample11;sample2;sample3;sample4;sample7;sample9,sample12;sample5;sample6;sample8,786,328,1114,4658,1801,0.1443791329904482,0.15406294034758103,0.00968380735713284
selected4,svm,4,0.135678391959799,"{""svm_C"": 1.0, ""svm_calib_method"": ""sigmoid""}",output/all_satisfying_primordia_splits/split_068/models/selected4/svm/hyperparameter_search_train_cv.csv,0.9355979965145254,0.9908475063285468,0.9184914841849148,0.960559796437659,0.9390547263681592,output/all_satisfying_primordia_splits/split_068/models/selected4/svm/training_summary.json,0.94311377245509,0.9603658536585366,0.9516616314199396,315,19,13,67,split_068,split_068,output/all_satisfying_primordia_splits/split_068/neighbor_pairs_train.csv,output/all_satisfying_primordia_splits/split_068/neighbor_pairs_test.csv,output/all_satisfying_primordia_splits/split_068/primordium_assignment.csv,5444,2129,7573,7624,51,exception_label,1,0.7188696685593556,0.2811303314406444,8,4,sample1;sample10;sample11;sample2;sample3;sample4;sample7;sample9,sample12;sample5;sample6;sample8,786,328,1114,4658,1801,0.1443791329904482,0.15406294034758103,0.00968380735713284
selected4,xgboost,4,0.321608040201005,"{""xgb_colsample_bytree"": 0.8, ""xgb_gamma"": 0.0, ""xgb_learning_rate"": 0.05, ""xgb_max_depth"": 4, ""xgb_min_child_weight"": 1.0, ""xgb_n_estimators"": 600, ""xgb_reg_alpha"": 0.0, ""xgb_reg_lambda"": 1.0, ""xgb_subsample"": 0.8}",output/all_satisfying_primordia_splits/split_068/models/selected4/xgboost/hyperparameter_search_train_cv.csv,0.916028671542399,0.9889172585510496,0.926208651399491,0.926208651399491,0.926208651399491,output/all_satisfying_primordia_splits/split_068/models/selected4/xgboost/training_summary.json,0.9252336448598132,0.9054878048780488,0.9152542372881356,297,24,31,67,split_068,split_068,output/all_satisfying_primordia_splits/split_068/neighbor_pairs_train.csv,output/all_satisfying_primordia_splits/split_068/neighbor_pairs_test.csv,output/all_satisfying_primordia_splits/split_068/primordium_assignment.csv,5444,2129,7573,7624,51,exception_label,1,0.7188696685593556,0.2811303314406444,8,4,sample1;sample10;sample11;sample2;sample3;sample4;sample7;sample9,sample12;sample5;sample6;sample8,786,328,1114,4658,1801,0.1443791329904482,0.15406294034758103,0.00968380735713284
selected4,lightgbm,4,0.0301507537688442,"{""lgbm_colsample_bytree"": 0.8, ""lgbm_learning_rate"": 0.02, ""lgbm_max_depth"": -1, ""lgbm_min_child_samples"": 20, ""lgbm_n_estimators"": 1500, ""lgbm_num_leaves"": 63, ""lgbm_reg_alpha"": 0.0, ""lgbm_reg_lambda"": 1.0, ""lgbm_subsample"": 0.8}",output/all_satisfying_primordia_splits/split_068/models/selected4/lightgbm/hyperparameter_search_train_cv.csv,0.9115687180217164,0.987599926581208,0.9166666666666666,0.9376590330788804,0.9270440251572328,output/all_satisfying_primordia_splits/split_068/models/selected4/lightgbm/training_summary.json,0.9214501510574018,0.929878048780488,0.9256449165402124,305,26,23,67,split_068,split_068,output/all_satisfying_primordia_splits/split_068/neighbor_pairs_train.csv,output/all_satisfying_primordia_splits/split_068/neighbor_pairs_test.csv,output/all_satisfying_primordia_splits/split_068/primordium_assignment.csv,5444,2129,7573,7624,51,exception_label,1,0.7188696685593556,0.2811303314406444,8,4,sample1;sample10;sample11;sample2;sample3;sample4;sample7;sample9,sample12;sample5;sample6;sample8,786,328,1114,4658,1801,0.1443791329904482,0.15406294034758103,0.00968380735713284
all,lr,49,0.371859296482412,"{""lr_C"": 1.0}",output/all_satisfying_primordia_splits/split_069/models/all/lr/hyperparameter_search_train_cv.csv,0.9545358088541646,0.9930403993481572,0.9305555555555556,0.9710144927536232,0.950354609929078,output/all_satisfying_primordia_splits/split_069/models/all/lr/training_summary.json,0.9069148936170212,0.9605633802816902,0.93296853625171,341,35,14,68,split_069,split_069,output/all_satisfying_primordia_splits/split_069/neighbor_pairs_train.csv,output/all_satisfying_primordia_splits/split_069/neighbor_pairs_test.csv,output/all_satisfying_primordia_splits/split_069/primordium_assignment.csv,5158,2415,7573,7624,51,exception_label,1,0.6811039218275452,0.3188960781724548,7,5,sample1;sample10;sample2;sample3;sample4;sample5;sample7,sample11;sample12;sample6;sample8;sample9,759,355,1114,4399,2060,0.14715005816207832,0.14699792960662525,0.0001521285554530738
all,svm,49,0.1708542713567839,"{""svm_C"": 1.0, ""svm_calib_method"": ""sigmoid""}",output/all_satisfying_primordia_splits/split_069/models/all/svm/hyperparameter_search_train_cv.csv,0.9541470216024588,0.9929613299944502,0.9337579617834396,0.9657444005270092,0.949481865284974,output/all_satisfying_primordia_splits/split_069/models/all/svm/training_summary.json,0.9093333333333332,0.9605633802816902,0.9342465753424658,341,34,14,68,split_069,split_069,output/all_satisfying_primordia_splits/split_069/neighbor_pairs_train.csv,output/all_satisfying_primordia_splits/split_069/neighbor_pairs_test.csv,output/all_satisfying_primordia_splits/split_069/primordium_assignment.csv,5158,2415,7573,7624,51,exception_label,1,0.6811039218275452,0.3188960781724548,7,5,sample1;sample10;sample2;sample3;sample4;sample5;sample7,sample11;sample12;sample6;sample8;sample9,759,355,1114,4399,2060,0.14715005816207832,0.14699792960662525,0.0001521285554530738
all,xgboost,49,0.2412060301507537,"{""xgb_colsample_bytree"": 0.8, ""xgb_gamma"": 0.0, ""xgb_learning_rate"": 0.05, ""xgb_max_depth"": 4, ""xgb_min_child_weight"": 1.0, ""xgb_n_estimators"": 600, ""xgb_reg_alpha"": 0.0, ""xgb_reg_lambda"": 1.0, ""xgb_subsample"": 0.8}",output/all_satisfying_primordia_splits/split_069/models/all/xgboost/hyperparameter_search_train_cv.csv,0.9506124739325904,0.9923051142597088,0.9470899470899472,0.9433465085639,0.9452145214521452,output/all_satisfying_primordia_splits/split_069/models/all/xgboost/training_summary.json,0.9307479224376732,0.9464788732394366,0.9385474860335196,336,25,19,68,split_069,split_069,output/all_satisfying_primordia_splits/split_069/neighbor_pairs_train.csv,output/all_satisfying_primordia_splits/split_069/neighbor_pairs_test.csv,output/all_satisfying_primordia_splits/split_069/primordium_assignment.csv,5158,2415,7573,7624,51,exception_label,1,0.6811039218275452,0.3188960781724548,7,5,sample1;sample10;sample2;sample3;sample4;sample5;sample7,sample11;sample12;sample6;sample8;sample9,759,355,1114,4399,2060,0.14715005816207832,0.14699792960662525,0.0001521285554530738
all,lightgbm,49,0.1055276381909547,"{""lgbm_colsample_bytree"": 0.8, ""lgbm_learning_rate"": 0.02, ""lgbm_max_depth"": -1, ""lgbm_min_child_samples"": 20, ""lgbm_n_estimators"": 1500, ""lgbm_num_leaves"": 63, ""lgbm_reg_alpha"": 0.0, ""lgbm_reg_lambda"": 1.0, ""lgbm_subsample"": 0.8}",output/all_satisfying_primordia_splits/split_069/models/all/lightgbm/hyperparameter_search_train_cv.csv,0.9483798446246994,0.9922047800419368,0.9447368421052632,0.9459815546772068,0.945358788676761,output/all_satisfying_primordia_splits/split_069/models/all/lightgbm/training_summary.json,0.9305555555555556,0.943661971830986,0.9370629370629372,335,25,20,68,split_069,split_069,output/all_satisfying_primordia_splits/split_069/neighbor_pairs_train.csv,output/all_satisfying_primordia_splits/split_069/neighbor_pairs_test.csv,output/all_satisfying_primordia_splits/split_069/primordium_assignment.csv,5158,2415,7573,7624,51,exception_label,1,0.6811039218275452,0.3188960781724548,7,5,sample1;sample10;sample2;sample3;sample4;sample5;sample7,sample11;sample12;sample6;sample8;sample9,759,355,1114,4399,2060,0.14715005816207832,0.14699792960662525,0.0001521285554530738
selected4,lr,4,0.4824120603015075,"{""lr_C"": 1.0}",output/all_satisfying_primordia_splits/split_069/models/selected4/lr/hyperparameter_search_train_cv.csv,0.9375776227408524,0.9908758757904316,0.9278481012658228,0.9657444005270092,0.946417043253712,output/all_satisfying_primordia_splits/split_069/models/selected4/lr/training_summary.json,0.8918918918918919,0.9295774647887324,0.9103448275862068,330,40,25,68,split_069,split_069,output/all_satisfying_primordia_splits/split_069/neighbor_pairs_train.csv,output/all_satisfying_primordia_splits/split_069/neighbor_pairs_test.csv,output/all_satisfying_primordia_splits/split_069/primordium_assignment.csv,5158,2415,7573,7624,51,exception_label,1,0.6811039218275452,0.3188960781724548,7,5,sample1;sample10;sample2;sample3;sample4;sample5;sample7,sample11;sample12;sample6;sample8;sample9,759,355,1114,4399,2060,0.14715005816207832,0.14699792960662525,0.0001521285554530738
selected4,svm,4,0.1658291457286432,"{""svm_C"": 1.0, ""svm_calib_method"": ""sigmoid""}",output/all_satisfying_primordia_splits/split_069/models/selected4/svm/hyperparameter_search_train_cv.csv,0.9365145566137378,0.990817771795662,0.928843710292249,0.9631093544137024,0.945666235446313,output/all_satisfying_primordia_splits/split_069/models/selected4/svm/training_summary.json,0.9182561307901907,0.9492957746478872,0.9335180055401662,337,30,18,68,split_069,split_069,output/all_satisfying_primordia_splits/split_069/neighbor_pairs_train.csv,output/all_satisfying_primordia_splits/split_069/neighbor_pairs_test.csv,output/all_satisfying_primordia_splits/split_069/primordium_assignment.csv,5158,2415,7573,7624,51,exception_label,1,0.6811039218275452,0.3188960781724548,7,5,sample1;sample10;sample2;sample3;sample4;sample5;sample7,sample11;sample12;sample6;sample8;sample9,759,355,1114,4399,2060,0.14715005816207832,0.14699792960662525,0.0001521285554530738
selected4,xgboost,4,0.0301507537688442,"{""xgb_colsample_bytree"": 0.8, ""xgb_gamma"": 0.0, ""xgb_learning_rate"": 0.05, ""xgb_max_depth"": 4, ""xgb_min_child_weight"": 1.0, ""xgb_n_estimators"": 600, ""xgb_reg_alpha"": 0.0, ""xgb_reg_lambda"": 1.0, ""xgb_subsample"": 0.8}",output/all_satisfying_primordia_splits/split_069/models/selected4/xgboost/hyperparameter_search_train_cv.csv,0.9270511695456988,0.989142340111434,0.9183417085427136,0.9631093544137024,0.940192926045016,output/all_satisfying_primordia_splits/split_069/models/selected4/xgboost/training_summary.json,0.875,0.9267605633802816,0.9001367989056087,329,47,26,68,split_069,split_069,output/all_satisfying_primordia_splits/split_069/neighbor_pairs_train.csv,output/all_satisfying_primordia_splits/split_069/neighbor_pairs_test.csv,output/all_satisfying_primordia_splits/split_069/primordium_assignment.csv,5158,2415,7573,7624,51,exception_label,1,0.6811039218275452,0.3188960781724548,7,5,sample1;sample10;sample2;sample3;sample4;sample5;sample7,sample11;sample12;sample6;sample8;sample9,759,355,1114,4399,2060,0.14715005816207832,0.14699792960662525,0.0001521285554530738
selected4,lightgbm,4,0.0452261306532663,"{""lgbm_colsample_bytree"": 0.8, ""lgbm_learning_rate"": 0.02, ""lgbm_max_depth"": -1, ""lgbm_min_child_samples"": 20, ""lgbm_n_estimators"": 1500, ""lgbm_num_leaves"": 63, ""lgbm_reg_alpha"": 0.0, ""lgbm_reg_lambda"": 1.0, ""lgbm_subsample"": 0.8}",output/all_satisfying_primordia_splits/split_069/models/selected4/lightgbm/hyperparameter_search_train_cv.csv,0.9136964626739056,0.9878071462522474,0.9163398692810456,0.9235836627140976,0.9199475065616798,output/all_satisfying_primordia_splits/split_069/models/selected4/lightgbm/training_summary.json,0.8858695652173914,0.9183098591549296,0.9017980636237898,326,42,29,68,split_069,split_069,output/all_satisfying_primordia_splits/split_069/neighbor_pairs_train.csv,output/all_satisfying_primordia_splits/split_069/neighbor_pairs_test.csv,output/all_satisfying_primordia_splits/split_069/primordium_assignment.csv,5158,2415,7573,7624,51,exception_label,1,0.6811039218275452,0.3188960781724548,7,5,sample1;sample10;sample2;sample3;sample4;sample5;sample7,sample11;sample12;sample6;sample8;sample9,759,355,1114,4399,2060,0.14715005816207832,0.14699792960662525,0.0001521285554530738
all,lr,49,0.5276381909547738,"{""lr_C"": 1.0}",output/all_satisfying_primordia_splits/split_070/models/all/lr/hyperparameter_search_train_cv.csv,0.9549277753404438,0.9930434621512468,0.9379652605459056,0.9593908629441624,0.9485570890840652,output/all_satisfying_primordia_splits/split_070/models/all/lr/training_summary.json,0.9457831325301204,0.9631901840490796,0.9544072948328268,314,18,12,69,split_070,split_070,output/all_satisfying_primordia_splits/split_070/neighbor_pairs_train.csv,output/all_satisfying_primordia_splits/split_070/neighbor_pairs_test.csv,output/all_satisfying_primordia_splits/split_070/primordium_assignment.csv,5446,2127,7573,7624,51,exception_label,1,0.7191337646903473,0.2808662353096527,8,4,sample11;sample12;sample2;sample4;sample5;sample7;sample8;sample9,sample1;sample10;sample3;sample6,788,326,1114,4658,1801,0.144693352919574,0.153267512929008,0.008574160009434006
all,svm,49,0.1306532663316583,"{""svm_C"": 1.0, ""svm_calib_method"": ""sigmoid""}",output/all_satisfying_primordia_splits/split_070/models/all/svm/hyperparameter_search_train_cv.csv,0.952785938819376,0.9928985229276416,0.9267399267399268,0.9631979695431472,0.9446172993154948,output/all_satisfying_primordia_splits/split_070/models/all/svm/training_summary.json,0.9210526315789472,0.9662576687116564,0.9431137724550898,315,27,11,69,split_070,split_070,output/all_satisfying_primordia_splits/split_070/neighbor_pairs_train.csv,output/all_satisfying_primordia_splits/split_070/neighbor_pairs_test.csv,output/all_satisfying_primordia_splits/split_070/primordium_assignment.csv,5446,2127,7573,7624,51,exception_label,1,0.7191337646903473,0.2808662353096527,8,4,sample11;sample12;sample2;sample4;sample5;sample7;sample8;sample9,sample1;sample10;sample3;sample6,788,326,1114,4658,1801,0.144693352919574,0.153267512929008,0.008574160009434006
all,xgboost,49,0.135678391959799,"{""xgb_colsample_bytree"": 0.8, ""xgb_gamma"": 0.0, ""xgb_learning_rate"": 0.05, ""xgb_max_depth"": 4, ""xgb_min_child_weight"": 1.0, ""xgb_n_estimators"": 600, ""xgb_reg_alpha"": 0.0, ""xgb_reg_lambda"": 1.0, ""xgb_subsample"": 0.8}",output/all_satisfying_primordia_splits/split_070/models/all/xgboost/hyperparameter_search_train_cv.csv,0.944862433760909,0.99106117307051,0.93734335839599,0.949238578680203,0.9432534678436316,output/all_satisfying_primordia_splits/split_070/models/all/xgboost/training_summary.json,0.9363636363636364,0.9478527607361964,0.9420731707317072,309,21,17,69,split_070,split_070,output/all_satisfying_primordia_splits/split_070/neighbor_pairs_train.csv,output/all_satisfying_primordia_splits/split_070/neighbor_pairs_test.csv,output/all_satisfying_primordia_splits/split_070/primordium_assignment.csv,5446,2127,7573,7624,51,exception_label,1,0.7191337646903473,0.2808662353096527,8,4,sample11;sample12;sample2;sample4;sample5;sample7;sample8;sample9,sample1;sample10;sample3;sample6,788,326,1114,4658,1801,0.144693352919574,0.153267512929008,0.008574160009434006
all,lightgbm,49,0.1758793969849246,"{""lgbm_colsample_bytree"": 0.8, ""lgbm_learning_rate"": 0.02, ""lgbm_max_depth"": -1, ""lgbm_min_child_samples"": 20, ""lgbm_n_estimators"": 1500, ""lgbm_num_leaves"": 63, ""lgbm_reg_alpha"": 0.0, ""lgbm_reg_lambda"": 1.0, ""lgbm_subsample"": 0.8}",output/all_satisfying_primordia_splits/split_070/models/all/lightgbm/hyperparameter_search_train_cv.csv,0.9464508782440784,0.9911870413436408,0.9489144316730524,0.9428934010152284,0.9458943348185868,output/all_satisfying_primordia_splits/split_070/models/all/lightgbm/training_summary.json,0.9498432601880876,0.9294478527607362,0.9395348837209302,303,16,23,69,split_070,split_070,output/all_satisfying_primordia_splits/split_070/neighbor_pairs_train.csv,output/all_satisfying_primordia_splits/split_070/neighbor_pairs_test.csv,output/all_satisfying_primordia_splits/split_070/primordium_assignment.csv,5446,2127,7573,7624,51,exception_label,1,0.7191337646903473,0.2808662353096527,8,4,sample11;sample12;sample2;sample4;sample5;sample7;sample8;sample9,sample1;sample10;sample3;sample6,788,326,1114,4658,1801,0.144693352919574,0.153267512929008,0.008574160009434006
selected4,lr,4,0.4673366834170854,"{""lr_C"": 1.0}",output/all_satisfying_primordia_splits/split_070/models/selected4/lr/hyperparameter_search_train_cv.csv,0.9420556117666422,0.9912930213398486,0.927960927960928,0.964467005076142,0.9458618543870568,output/all_satisfying_primordia_splits/split_070/models/selected4/lr/training_summary.json,0.9053254437869822,0.9386503067484664,0.9216867469879518,306,32,20,69,split_070,split_070,output/all_satisfying_primordia_splits/split_070/neighbor_pairs_train.csv,output/all_satisfying_primordia_splits/split_070/neighbor_pairs_test.csv,output/all_satisfying_primordia_splits/split_070/primordium_assignment.csv,5446,2127,7573,7624,51,exception_label,1,0.7191337646903473,0.2808662353096527,8,4,sample11;sample12;sample2;sample4;sample5;sample7;sample8;sample9,sample1;sample10;sample3;sample6,788,326,1114,4658,1801,0.144693352919574,0.153267512929008,0.008574160009434006
selected4,svm,4,0.135678391959799,"{""svm_C"": 1.0, ""svm_calib_method"": ""sigmoid""}",output/all_satisfying_primordia_splits/split_070/models/selected4/svm/hyperparameter_search_train_cv.csv,0.9409601577083508,0.9912611456083414,0.9277845777233782,0.9619289340101524,0.9445482866043612,output/all_satisfying_primordia_splits/split_070/models/selected4/svm/training_summary.json,0.9226190476190476,0.950920245398773,0.9365558912386708,310,26,16,69,split_070,split_070,output/all_satisfying_primordia_splits/split_070/neighbor_pairs_train.csv,output/all_satisfying_primordia_splits/split_070/neighbor_pairs_test.csv,output/all_satisfying_primordia_splits/split_070/primordium_assignment.csv,5446,2127,7573,7624,51,exception_label,1,0.7191337646903473,0.2808662353096527,8,4,sample11;sample12;sample2;sample4;sample5;sample7;sample8;sample9,sample1;sample10;sample3;sample6,788,326,1114,4658,1801,0.144693352919574,0.153267512929008,0.008574160009434006
selected4,xgboost,4,0.1809045226130653,"{""xgb_colsample_bytree"": 0.8, ""xgb_gamma"": 0.0, ""xgb_learning_rate"": 0.05, ""xgb_max_depth"": 4, ""xgb_min_child_weight"": 1.0, ""xgb_n_estimators"": 600, ""xgb_reg_alpha"": 0.0, ""xgb_reg_lambda"": 1.0, ""xgb_subsample"": 0.8}",output/all_satisfying_primordia_splits/split_070/models/selected4/xgboost/hyperparameter_search_train_cv.csv,0.9159388335528876,0.9892061144736528,0.91375,0.9276649746192892,0.920654911838791,output/all_satisfying_primordia_splits/split_070/models/selected4/xgboost/training_summary.json,0.8985074626865671,0.9233128834355828,0.9107413010590016,301,34,25,69,split_070,split_070,output/all_satisfying_primordia_splits/split_070/neighbor_pairs_train.csv,output/all_satisfying_primordia_splits/split_070/neighbor_pairs_test.csv,output/all_satisfying_primordia_splits/split_070/primordium_assignment.csv,5446,2127,7573,7624,51,exception_label,1,0.7191337646903473,0.2808662353096527,8,4,sample11;sample12;sample2;sample4;sample5;sample7;sample8;sample9,sample1;sample10;sample3;sample6,788,326,1114,4658,1801,0.144693352919574,0.153267512929008,0.008574160009434006
selected4,lightgbm,4,0.0150753768844221,"{""lgbm_colsample_bytree"": 0.8, ""lgbm_learning_rate"": 0.02, ""lgbm_max_depth"": -1, ""lgbm_min_child_samples"": 20, ""lgbm_n_estimators"": 1500, ""lgbm_num_leaves"": 63, ""lgbm_reg_alpha"": 0.0, ""lgbm_reg_lambda"": 1.0, ""lgbm_subsample"": 0.8}",output/all_satisfying_primordia_splits/split_070/models/selected4/lightgbm/hyperparameter_search_train_cv.csv,0.909865048516922,0.9883149562022,0.9196538936959208,0.9441624365482234,0.931747025673137,output/all_satisfying_primordia_splits/split_070/models/selected4/lightgbm/training_summary.json,0.8862275449101796,0.9079754601226994,0.896969696969697,296,38,30,69,split_070,split_070,output/all_satisfying_primordia_splits/split_070/neighbor_pairs_train.csv,output/all_satisfying_primordia_splits/split_070/neighbor_pairs_test.csv,output/all_satisfying_primordia_splits/split_070/primordium_assignment.csv,5446,2127,7573,7624,51,exception_label,1,0.7191337646903473,0.2808662353096527,8,4,sample11;sample12;sample2;sample4;sample5;sample7;sample8;sample9,sample1;sample10;sample3;sample6,788,326,1114,4658,1801,0.144693352919574,0.153267512929008,0.008574160009434006
all,lr,49,0.4924623115577889,"{""lr_C"": 1.0}",output/all_satisfying_primordia_splits/split_071/models/all/lr/hyperparameter_search_train_cv.csv,0.948607529852169,0.9920865669769812,0.9324675324675324,0.958611481975968,0.945358788676761,output/all_satisfying_primordia_splits/split_071/models/all/lr/training_summary.json,0.9407008086253368,0.9561643835616438,0.9483695652173914,349,22,16,70,split_071,split_071,output/all_satisfying_primordia_splits/split_071/neighbor_pairs_train.csv,output/all_satisfying_primordia_splits/split_071/neighbor_pairs_test.csv,output/all_satisfying_primordia_splits/split_071/primordium_assignment.csv,5156,2417,7573,7624,51,exception_label,1,0.6808398256965535,0.31916017430344645,8,4,sample1;sample10;sample12;sample3;sample4;sample5;sample8;sample9,sample11;sample2;sample6;sample7,749,365,1114,4407,2052,0.1452676493405741,0.1510136532892015,0.005746003948627398
all,svm,49,0.1457286432160804,"{""svm_C"": 1.0, ""svm_calib_method"": ""sigmoid""}",output/all_satisfying_primordia_splits/split_071/models/all/svm/hyperparameter_search_train_cv.csv,0.949371828169828,0.9922156249176346,0.9251612903225808,0.9572763684913218,0.940944881889764,output/all_satisfying_primordia_splits/split_071/models/all/svm/training_summary.json,0.9413333333333334,0.9671232876712328,0.9540540540540542,353,22,12,70,split_071,split_071,output/all_satisfying_primordia_splits/split_071/neighbor_pairs_train.csv,output/all_satisfying_primordia_splits/split_071/neighbor_pairs_test.csv,output/all_satisfying_primordia_splits/split_071/primordium_assignment.csv,5156,2417,7573,7624,51,exception_label,1,0.6808398256965535,0.31916017430344645,8,4,sample1;sample10;sample12;sample3;sample4;sample5;sample8;sample9,sample11;sample2;sample6;sample7,749,365,1114,4407,2052,0.1452676493405741,0.1510136532892015,0.005746003948627398
all,xgboost,49,0.1256281407035175,"{""xgb_colsample_bytree"": 0.8, ""xgb_gamma"": 0.0, ""xgb_learning_rate"": 0.05, ""xgb_max_depth"": 4, ""xgb_min_child_weight"": 1.0, ""xgb_n_estimators"": 600, ""xgb_reg_alpha"": 0.0, ""xgb_reg_lambda"": 1.0, ""xgb_subsample"": 0.8}",output/all_satisfying_primordia_splits/split_071/models/all/xgboost/hyperparameter_search_train_cv.csv,0.9282162092904046,0.9901712986652196,0.932450331125828,0.9399198931909212,0.9361702127659576,output/all_satisfying_primordia_splits/split_071/models/all/xgboost/training_summary.json,0.9449035812672176,0.9397260273972604,0.9423076923076924,343,20,22,70,split_071,split_071,output/all_satisfying_primordia_splits/split_071/neighbor_pairs_train.csv,output/all_satisfying_primordia_splits/split_071/neighbor_pairs_test.csv,output/all_satisfying_primordia_splits/split_071/primordium_assignment.csv,5156,2417,7573,7624,51,exception_label,1,0.6808398256965535,0.31916017430344645,8,4,sample1;sample10;sample12;sample3;sample4;sample5;sample8;sample9,sample11;sample2;sample6;sample7,749,365,1114,4407,2052,0.1452676493405741,0.1510136532892015,0.005746003948627398
all,lightgbm,49,0.1407035175879397,"{""lgbm_colsample_bytree"": 0.8, ""lgbm_learning_rate"": 0.02, ""lgbm_max_depth"": -1, ""lgbm_min_child_samples"": 20, ""lgbm_n_estimators"": 1500, ""lgbm_num_leaves"": 63, ""lgbm_reg_alpha"": 0.0, ""lgbm_reg_lambda"": 1.0, ""lgbm_subsample"": 0.8}",output/all_satisfying_primordia_splits/split_071/models/all/lightgbm/hyperparameter_search_train_cv.csv,0.9281091046530356,0.990311262910717,0.935656836461126,0.931909212283044,0.9337792642140468,output/all_satisfying_primordia_splits/split_071/models/all/lightgbm/training_summary.json,0.952112676056338,0.926027397260274,0.9388888888888888,338,17,27,70,split_071,split_071,output/all_satisfying_primordia_splits/split_071/neighbor_pairs_train.csv,output/all_satisfying_primordia_splits/split_071/neighbor_pairs_test.csv,output/all_satisfying_primordia_splits/split_071/primordium_assignment.csv,5156,2417,7573,7624,51,exception_label,1,0.6808398256965535,0.31916017430344645,8,4,sample1;sample10;sample12;sample3;sample4;sample5;sample8;sample9,sample11;sample2;sample6;sample7,749,365,1114,4407,2052,0.1452676493405741,0.1510136532892015,0.005746003948627398
selected4,lr,4,0.5226130653266332,"{""lr_C"": 1.0}",output/all_satisfying_primordia_splits/split_071/models/selected4/lr/hyperparameter_search_train_cv.csv,0.931082045628999,0.9901043460715944,0.923673997412678,0.9532710280373832,0.938239159001314,output/all_satisfying_primordia_splits/split_071/models/selected4/lr/training_summary.json,0.9478021978021978,0.9452054794520548,0.9465020576131687,345,19,20,70,split_071,split_071,output/all_satisfying_primordia_splits/split_071/neighbor_pairs_train.csv,output/all_satisfying_primordia_splits/split_071/neighbor_pairs_test.csv,output/all_satisfying_primordia_splits/split_071/primordium_assignment.csv,5156,2417,7573,7624,51,exception_label,1,0.6808398256965535,0.31916017430344645,8,4,sample1;sample10;sample12;sample3;sample4;sample5;sample8;sample9,sample11;sample2;sample6;sample7,749,365,1114,4407,2052,0.1452676493405741,0.1510136532892015,0.005746003948627398
selected4,svm,4,0.2010050251256281,"{""svm_C"": 1.0, ""svm_calib_method"": ""sigmoid""}",output/all_satisfying_primordia_splits/split_071/models/selected4/svm/hyperparameter_search_train_cv.csv,0.9306575690118358,0.9900822305089942,0.9269882659713168,0.9492656875834444,0.9379947229551452,output/all_satisfying_primordia_splits/split_071/models/selected4/svm/training_summary.json,0.947075208913649,0.9315068493150684,0.9392265193370164,340,19,25,70,split_071,split_071,output/all_satisfying_primordia_splits/split_071/neighbor_pairs_train.csv,output/all_satisfying_primordia_splits/split_071/neighbor_pairs_test.csv,output/all_satisfying_primordia_splits/split_071/primordium_assignment.csv,5156,2417,7573,7624,51,exception_label,1,0.6808398256965535,0.31916017430344645,8,4,sample1;sample10;sample12;sample3;sample4;sample5;sample8;sample9,sample11;sample2;sample6;sample7,749,365,1114,4407,2052,0.1452676493405741,0.1510136532892015,0.005746003948627398
selected4,xgboost,4,0.100502512562814,"{""xgb_colsample_bytree"": 0.8, ""xgb_gamma"": 0.0, ""xgb_learning_rate"": 0.05, ""xgb_max_depth"": 4, ""xgb_min_child_weight"": 1.0, ""xgb_n_estimators"": 600, ""xgb_reg_alpha"": 0.0, ""xgb_reg_lambda"": 1.0, ""xgb_subsample"": 0.8}",output/all_satisfying_primordia_splits/split_071/models/selected4/xgboost/hyperparameter_search_train_cv.csv,0.9040105455784396,0.9880821353817798,0.9076923076923076,0.945260347129506,0.9260954872465664,output/all_satisfying_primordia_splits/split_071/models/selected4/xgboost/training_summary.json,0.913279132791328,0.9232876712328768,0.9182561307901907,337,32,28,70,split_071,split_071,output/all_satisfying_primordia_splits/split_071/neighbor_pairs_train.csv,output/all_satisfying_primordia_splits/split_071/neighbor_pairs_test.csv,output/all_satisfying_primordia_splits/split_071/primordium_assignment.csv,5156,2417,7573,7624,51,exception_label,1,0.6808398256965535,0.31916017430344645,8,4,sample1;sample10;sample12;sample3;sample4;sample5;sample8;sample9,sample11;sample2;sample6;sample7,749,365,1114,4407,2052,0.1452676493405741,0.1510136532892015,0.005746003948627398
selected4,lightgbm,4,0.0351758793969849,"{""lgbm_colsample_bytree"": 0.8, ""lgbm_learning_rate"": 0.02, ""lgbm_max_depth"": -1, ""lgbm_min_child_samples"": 20, ""lgbm_n_estimators"": 1500, ""lgbm_num_leaves"": 63, ""lgbm_reg_alpha"": 0.0, ""lgbm_reg_lambda"": 1.0, ""lgbm_subsample"": 0.8}",output/all_satisfying_primordia_splits/split_071/models/selected4/lightgbm/hyperparameter_search_train_cv.csv,0.8999309655134909,0.9866358381783078,0.9226736566186108,0.9399198931909212,0.9312169312169312,output/all_satisfying_primordia_splits/split_071/models/selected4/lightgbm/training_summary.json,0.92797783933518,0.9178082191780822,0.9228650137741048,335,26,30,70,split_071,split_071,output/all_satisfying_primordia_splits/split_071/neighbor_pairs_train.csv,output/all_satisfying_primordia_splits/split_071/neighbor_pairs_test.csv,output/all_satisfying_primordia_splits/split_071/primordium_assignment.csv,5156,2417,7573,7624,51,exception_label,1,0.6808398256965535,0.31916017430344645,8,4,sample1;sample10;sample12;sample3;sample4;sample5;sample8;sample9,sample11;sample2;sample6;sample7,749,365,1114,4407,2052,0.1452676493405741,0.1510136532892015,0.005746003948627398
all,lr,49,0.507537688442211,"{""lr_C"": 1.0}",output/all_satisfying_primordia_splits/split_072/models/all/lr/hyperparameter_search_train_cv.csv,0.9500134724288412,0.9924327731888194,0.9338235294117648,0.9596977329974812,0.9465838509316772,output/all_satisfying_primordia_splits/split_072/models/all/lr/training_summary.json,0.9300911854103344,0.95625,0.9429892141756548,306,23,14,71,split_072,split_072,output/all_satisfying_primordia_splits/split_072/neighbor_pairs_train.csv,output/all_satisfying_primordia_splits/split_072/neighbor_pairs_test.csv,output/all_satisfying_primordia_splits/split_072/primordium_assignment.csv,5449,2124,7573,7624,51,exception_label,1,0.7195299088868348,0.2804700911131652,7,5,sample10;sample2;sample3;sample4;sample5;sample8;sample9,sample1;sample11;sample12;sample6;sample7,794,320,1114,4655,1804,0.1457148100568912,0.15065913370998116,0.0049443236530899715
all,svm,49,0.2110552763819095,"{""svm_C"": 1.0, ""svm_calib_method"": ""sigmoid""}",output/all_satisfying_primordia_splits/split_072/models/all/svm/hyperparameter_search_train_cv.csv,0.9512299746289492,0.9925239511156444,0.9320987654320988,0.95088161209068,0.9413965087281796,output/all_satisfying_primordia_splits/split_072/models/all/svm/training_summary.json,0.9424242424242424,0.971875,0.9569230769230768,311,19,9,71,split_072,split_072,output/all_satisfying_primordia_splits/split_072/neighbor_pairs_train.csv,output/all_satisfying_primordia_splits/split_072/neighbor_pairs_test.csv,output/all_satisfying_primordia_splits/split_072/primordium_assignment.csv,5449,2124,7573,7624,51,exception_label,1,0.7195299088868348,0.2804700911131652,7,5,sample10;sample2;sample3;sample4;sample5;sample8;sample9,sample1;sample11;sample12;sample6;sample7,794,320,1114,4655,1804,0.1457148100568912,0.15065913370998116,0.0049443236530899715
all,xgboost,49,0.0552763819095477,"{""xgb_colsample_bytree"": 0.8, ""xgb_gamma"": 0.0, ""xgb_learning_rate"": 0.05, ""xgb_max_depth"": 4, ""xgb_min_child_weight"": 1.0, ""xgb_n_estimators"": 600, ""xgb_reg_alpha"": 0.0, ""xgb_reg_lambda"": 1.0, ""xgb_subsample"": 0.8}",output/all_satisfying_primordia_splits/split_072/models/all/xgboost/hyperparameter_search_train_cv.csv,0.9398187517877228,0.9912001125519808,0.9276073619631902,0.9521410579345088,0.9397141081417028,output/all_satisfying_primordia_splits/split_072/models/all/xgboost/training_summary.json,0.9369369369369368,0.975,0.9555895865237368,312,21,8,71,split_072,split_072,output/all_satisfying_primordia_splits/split_072/neighbor_pairs_train.csv,output/all_satisfying_primordia_splits/split_072/neighbor_pairs_test.csv,output/all_satisfying_primordia_splits/split_072/primordium_assignment.csv,5449,2124,7573,7624,51,exception_label,1,0.7195299088868348,0.2804700911131652,7,5,sample10;sample2;sample3;sample4;sample5;sample8;sample9,sample1;sample11;sample12;sample6;sample7,794,320,1114,4655,1804,0.1457148100568912,0.15065913370998116,0.0049443236530899715
all,lightgbm,49,0.1206030150753768,"{""lgbm_colsample_bytree"": 0.8, ""lgbm_learning_rate"": 0.02, ""lgbm_max_depth"": -1, ""lgbm_min_child_samples"": 20, ""lgbm_n_estimators"": 1500, ""lgbm_num_leaves"": 63, ""lgbm_reg_alpha"": 0.0, ""lgbm_reg_lambda"": 1.0, ""lgbm_subsample"": 0.8}",output/all_satisfying_primordia_splits/split_072/models/all/lightgbm/hyperparameter_search_train_cv.csv,0.9390387039573368,0.9910323668112346,0.941919191919192,0.9395465994962215,0.9407313997477932,output/all_satisfying_primordia_splits/split_072/models/all/lightgbm/training_summary.json,0.946875,0.946875,0.946875,303,17,17,71,split_072,split_072,output/all_satisfying_primordia_splits/split_072/neighbor_pairs_train.csv,output/all_satisfying_primordia_splits/split_072/neighbor_pairs_test.csv,output/all_satisfying_primordia_splits/split_072/primordium_assignment.csv,5449,2124,7573,7624,51,exception_label,1,0.7195299088868348,0.2804700911131652,7,5,sample10;sample2;sample3;sample4;sample5;sample8;sample9,sample1;sample11;sample12;sample6;sample7,794,320,1114,4655,1804,0.1457148100568912,0.15065913370998116,0.0049443236530899715
selected4,lr,4,0.4924623115577889,"{""lr_C"": 1.0}",output/all_satisfying_primordia_splits/split_072/models/selected4/lr/hyperparameter_search_train_cv.csv,0.9346936327097878,0.9904184715116326,0.9222357229647632,0.9559193954659948,0.9387755102040816,output/all_satisfying_primordia_splits/split_072/models/selected4/lr/training_summary.json,0.9242424242424242,0.953125,0.9384615384615383,305,25,15,71,split_072,split_072,output/all_satisfying_primordia_splits/split_072/neighbor_pairs_train.csv,output/all_satisfying_primordia_splits/split_072/neighbor_pairs_test.csv,output/all_satisfying_primordia_splits/split_072/primordium_assignment.csv,5449,2124,7573,7624,51,exception_label,1,0.7195299088868348,0.2804700911131652,7,5,sample10;sample2;sample3;sample4;sample5;sample8;sample9,sample1;sample11;sample12;sample6;sample7,794,320,1114,4655,1804,0.1457148100568912,0.15065913370998116,0.0049443236530899715
selected4,svm,4,0.1457286432160804,"{""svm_C"": 1.0, ""svm_calib_method"": ""sigmoid""}",output/all_satisfying_primordia_splits/split_072/models/selected4/svm/hyperparameter_search_train_cv.csv,0.9342936902485351,0.9904073786481316,0.9199029126213591,0.9546599496221664,0.9369592088998764,output/all_satisfying_primordia_splits/split_072/models/selected4/svm/training_summary.json,0.9363636363636364,0.965625,0.9507692307692308,309,21,11,71,split_072,split_072,output/all_satisfying_primordia_splits/split_072/neighbor_pairs_train.csv,output/all_satisfying_primordia_splits/split_072/neighbor_pairs_test.csv,output/all_satisfying_primordia_splits/split_072/primordium_assignment.csv,5449,2124,7573,7624,51,exception_label,1,0.7195299088868348,0.2804700911131652,7,5,sample10;sample2;sample3;sample4;sample5;sample8;sample9,sample1;sample11;sample12;sample6;sample7,794,320,1114,4655,1804,0.1457148100568912,0.15065913370998116,0.0049443236530899715
selected4,xgboost,4,0.1457286432160804,"{""xgb_colsample_bytree"": 0.8, ""xgb_gamma"": 0.0, ""xgb_learning_rate"": 0.05, ""xgb_max_depth"": 4, ""xgb_min_child_weight"": 1.0, ""xgb_n_estimators"": 600, ""xgb_reg_alpha"": 0.0, ""xgb_reg_lambda"": 1.0, ""xgb_subsample"": 0.8}",output/all_satisfying_primordia_splits/split_072/models/selected4/xgboost/hyperparameter_search_train_cv.csv,0.91514875531068,0.988695830977227,0.9143206854345164,0.9408060453400504,0.9273743016759776,output/all_satisfying_primordia_splits/split_072/models/selected4/xgboost/training_summary.json,0.91131498470948,0.93125,0.9211746522411128,298,29,22,71,split_072,split_072,output/all_satisfying_primordia_splits/split_072/neighbor_pairs_train.csv,output/all_satisfying_primordia_splits/split_072/neighbor_pairs_test.csv,output/all_satisfying_primordia_splits/split_072/primordium_assignment.csv,5449,2124,7573,7624,51,exception_label,1,0.7195299088868348,0.2804700911131652,7,5,sample10;sample2;sample3;sample4;sample5;sample8;sample9,sample1;sample11;sample12;sample6;sample7,794,320,1114,4655,1804,0.1457148100568912,0.15065913370998116,0.0049443236530899715
selected4,lightgbm,4,0.0100502512562814,"{""lgbm_colsample_bytree"": 0.8, ""lgbm_learning_rate"": 0.02, ""lgbm_max_depth"": -1, ""lgbm_min_child_samples"": 20, ""lgbm_n_estimators"": 1500, ""lgbm_num_leaves"": 63, ""lgbm_reg_alpha"": 0.0, ""lgbm_reg_lambda"": 1.0, ""lgbm_subsample"": 0.8}",output/all_satisfying_primordia_splits/split_072/models/selected4/lightgbm/hyperparameter_search_train_cv.csv,0.9121813164927391,0.988168514124462,0.901219512195122,0.9307304785894208,0.9157372986369268,output/all_satisfying_primordia_splits/split_072/models/selected4/lightgbm/training_summary.json,0.9151515151515152,0.94375,0.9292307692307692,302,28,18,71,split_072,split_072,output/all_satisfying_primordia_splits/split_072/neighbor_pairs_train.csv,output/all_satisfying_primordia_splits/split_072/neighbor_pairs_test.csv,output/all_satisfying_primordia_splits/split_072/primordium_assignment.csv,5449,2124,7573,7624,51,exception_label,1,0.7195299088868348,0.2804700911131652,7,5,sample10;sample2;sample3;sample4;sample5;sample8;sample9,sample1;sample11;sample12;sample6;sample7,794,320,1114,4655,1804,0.1457148100568912,0.15065913370998116,0.0049443236530899715
all,lr,49,0.4070351758793969,"{""lr_C"": 1.0}",output/all_satisfying_primordia_splits/split_073/models/all/lr/hyperparameter_search_train_cv.csv,0.952640619419871,0.9925996222421726,0.9315403422982884,0.9621212121212122,0.946583850931677,output/all_satisfying_primordia_splits/split_073/models/all/lr/training_summary.json,0.927927927927928,0.9596273291925466,0.9435114503816792,309,24,13,72,split_073,split_073,output/all_satisfying_primordia_splits/split_073/neighbor_pairs_train.csv,output/all_satisfying_primordia_splits/split_073/neighbor_pairs_test.csv,output/all_satisfying_primordia_splits/split_073/primordium_assignment.csv,5450,2123,7573,7624,51,exception_label,1,0.7196619569523306,0.28033804304766935,8,4,sample1;sample10;sample12;sample4;sample5;sample7;sample8;sample9,sample11;sample2;sample3;sample6,792,322,1114,4658,1801,0.1453211009174312,0.15167216203485634,0.006351061117425144
all,svm,49,0.1155778894472361,"{""svm_C"": 1.0, ""svm_calib_method"": ""sigmoid""}",output/all_satisfying_primordia_splits/split_073/models/all/svm/hyperparameter_search_train_cv.csv,0.9525063472197584,0.9927728335306696,0.928311057108141,0.9646464646464646,0.9461300309597522,output/all_satisfying_primordia_splits/split_073/models/all/svm/training_summary.json,0.9166666666666666,0.9565217391304348,0.9361702127659574,308,28,14,72,split_073,split_073,output/all_satisfying_primordia_splits/split_073/neighbor_pairs_train.csv,output/all_satisfying_primordia_splits/split_073/neighbor_pairs_test.csv,output/all_satisfying_primordia_splits/split_073/primordium_assignment.csv,5450,2123,7573,7624,51,exception_label,1,0.7196619569523306,0.28033804304766935,8,4,sample1;sample10;sample12;sample4;sample5;sample7;sample8;sample9,sample11;sample2;sample3;sample6,792,322,1114,4658,1801,0.1453211009174312,0.15167216203485634,0.006351061117425144
all,xgboost,49,0.2261306532663316,"{""xgb_colsample_bytree"": 0.8, ""xgb_gamma"": 0.0, ""xgb_learning_rate"": 0.05, ""xgb_max_depth"": 4, ""xgb_min_child_weight"": 1.0, ""xgb_n_estimators"": 600, ""xgb_reg_alpha"": 0.0, ""xgb_reg_lambda"": 1.0, ""xgb_subsample"": 0.8}",output/all_satisfying_primordia_splits/split_073/models/all/xgboost/hyperparameter_search_train_cv.csv,0.947595846974982,0.99168341855654,0.9440203562340967,0.9368686868686869,0.9404309252217996,output/all_satisfying_primordia_splits/split_073/models/all/xgboost/training_summary.json,0.94375,0.937888198757764,0.940809968847352,302,18,20,72,split_073,split_073,output/all_satisfying_primordia_splits/split_073/neighbor_pairs_train.csv,output/all_satisfying_primordia_splits/split_073/neighbor_pairs_test.csv,output/all_satisfying_primordia_splits/split_073/primordium_assignment.csv,5450,2123,7573,7624,51,exception_label,1,0.7196619569523306,0.28033804304766935,8,4,sample1;sample10;sample12;sample4;sample5;sample7;sample8;sample9,sample11;sample2;sample3;sample6,792,322,1114,4658,1801,0.1453211009174312,0.15167216203485634,0.006351061117425144
all,lightgbm,49,0.1256281407035175,"{""lgbm_colsample_bytree"": 0.8, ""lgbm_learning_rate"": 0.02, ""lgbm_max_depth"": -1, ""lgbm_min_child_samples"": 20, ""lgbm_n_estimators"": 1500, ""lgbm_num_leaves"": 63, ""lgbm_reg_alpha"": 0.0, ""lgbm_reg_lambda"": 1.0, ""lgbm_subsample"": 0.8}",output/all_satisfying_primordia_splits/split_073/models/all/lightgbm/hyperparameter_search_train_cv.csv,0.9458766424496168,0.9911860121177426,0.9537275064267352,0.9368686868686869,0.9452229299363056,output/all_satisfying_primordia_splits/split_073/models/all/lightgbm/training_summary.json,0.9558359621451104,0.9409937888198758,0.9483568075117372,303,14,19,72,split_073,split_073,output/all_satisfying_primordia_splits/split_073/neighbor_pairs_train.csv,output/all_satisfying_primordia_splits/split_073/neighbor_pairs_test.csv,output/all_satisfying_primordia_splits/split_073/primordium_assignment.csv,5450,2123,7573,7624,51,exception_label,1,0.7196619569523306,0.28033804304766935,8,4,sample1;sample10;sample12;sample4;sample5;sample7;sample8;sample9,sample11;sample2;sample3;sample6,792,322,1114,4658,1801,0.1453211009174312,0.15167216203485634,0.006351061117425144
selected4,lr,4,0.4773869346733668,"{""lr_C"": 1.0}",output/all_satisfying_primordia_splits/split_073/models/selected4/lr/hyperparameter_search_train_cv.csv,0.9337584694397534,0.990347875491714,0.9221411192214112,0.9570707070707072,0.939281288723668,output/all_satisfying_primordia_splits/split_073/models/selected4/lr/training_summary.json,0.927710843373494,0.9565217391304348,0.941896024464832,308,24,14,72,split_073,split_073,output/all_satisfying_primordia_splits/split_073/neighbor_pairs_train.csv,output/all_satisfying_primordia_splits/split_073/neighbor_pairs_test.csv,output/all_satisfying_primordia_splits/split_073/primordium_assignment.csv,5450,2123,7573,7624,51,exception_label,1,0.7196619569523306,0.28033804304766935,8,4,sample1;sample10;sample12;sample4;sample5;sample7;sample8;sample9,sample11;sample2;sample3;sample6,792,322,1114,4658,1801,0.1453211009174312,0.15167216203485634,0.006351061117425144
selected4,svm,4,0.1557788944723618,"{""svm_C"": 1.0, ""svm_calib_method"": ""sigmoid""}",output/all_satisfying_primordia_splits/split_073/models/selected4/svm/hyperparameter_search_train_cv.csv,0.93330574920694,0.9903364907121884,0.9222357229647632,0.9583333333333334,0.939938080495356,output/all_satisfying_primordia_splits/split_073/models/selected4/svm/training_summary.json,0.9333333333333332,0.9565217391304348,0.9447852760736196,308,22,14,72,split_073,split_073,output/all_satisfying_primordia_splits/split_073/neighbor_pairs_train.csv,output/all_satisfying_primordia_splits/split_073/neighbor_pairs_test.csv,output/all_satisfying_primordia_splits/split_073/primordium_assignment.csv,5450,2123,7573,7624,51,exception_label,1,0.7196619569523306,0.28033804304766935,8,4,sample1;sample10;sample12;sample4;sample5;sample7;sample8;sample9,sample11;sample2;sample3;sample6,792,322,1114,4658,1801,0.1453211009174312,0.15167216203485634,0.006351061117425144
selected4,xgboost,4,0.050251256281407,"{""xgb_colsample_bytree"": 0.8, ""xgb_gamma"": 0.0, ""xgb_learning_rate"": 0.05, ""xgb_max_depth"": 4, ""xgb_min_child_weight"": 1.0, ""xgb_n_estimators"": 600, ""xgb_reg_alpha"": 0.0, ""xgb_reg_lambda"": 1.0, ""xgb_subsample"": 0.8}",output/all_satisfying_primordia_splits/split_073/models/selected4/xgboost/hyperparameter_search_train_cv.csv,0.9106088958470502,0.988464778744942,0.9095295536791316,0.952020202020202,0.9302899444787168,output/all_satisfying_primordia_splits/split_073/models/selected4/xgboost/training_summary.json,0.9104477611940298,0.9472049689440992,0.928462709284627,305,30,17,72,split_073,split_073,output/all_satisfying_primordia_splits/split_073/neighbor_pairs_train.csv,output/all_satisfying_primordia_splits/split_073/neighbor_pairs_test.csv,output/all_satisfying_primordia_splits/split_073/primordium_assignment.csv,5450,2123,7573,7624,51,exception_label,1,0.7196619569523306,0.28033804304766935,8,4,sample1;sample10;sample12;sample4;sample5;sample7;sample8;sample9,sample11;sample2;sample3;sample6,792,322,1114,4658,1801,0.1453211009174312,0.15167216203485634,0.006351061117425144
selected4,lightgbm,4,0.0100502512562814,"{""lgbm_colsample_bytree"": 0.8, ""lgbm_learning_rate"": 0.02, ""lgbm_max_depth"": -1, ""lgbm_min_child_samples"": 20, ""lgbm_n_estimators"": 1500, ""lgbm_num_leaves"": 63, ""lgbm_reg_alpha"": 0.0, ""lgbm_reg_lambda"": 1.0, ""lgbm_subsample"": 0.8}",output/all_satisfying_primordia_splits/split_073/models/selected4/lightgbm/hyperparameter_search_train_cv.csv,0.8968478127432284,0.9863003153041796,0.910757946210269,0.9406565656565656,0.9254658385093169,output/all_satisfying_primordia_splits/split_073/models/selected4/lightgbm/training_summary.json,0.9197530864197532,0.9254658385093169,0.9226006191950464,298,26,24,72,split_073,split_073,output/all_satisfying_primordia_splits/split_073/neighbor_pairs_train.csv,output/all_satisfying_primordia_splits/split_073/neighbor_pairs_test.csv,output/all_satisfying_primordia_splits/split_073/primordium_assignment.csv,5450,2123,7573,7624,51,exception_label,1,0.7196619569523306,0.28033804304766935,8,4,sample1;sample10;sample12;sample4;sample5;sample7;sample8;sample9,sample11;sample2;sample3;sample6,792,322,1114,4658,1801,0.1453211009174312,0.15167216203485634,0.006351061117425144
all,lr,49,0.507537688442211,"{""lr_C"": 1.0}",output/all_satisfying_primordia_splits/split_074/models/all/lr/hyperparameter_search_train_cv.csv,0.9557729443291564,0.9930787353249788,0.9360313315926893,0.9624161073825503,0.9490403706154864,output/all_satisfying_primordia_splits/split_074/models/all/lr/training_summary.json,0.9466666666666668,0.962059620596206,0.9543010752688172,355,20,14,73,split_074,split_074,output/all_satisfying_primordia_splits/split_074/neighbor_pairs_train.csv,output/all_satisfying_primordia_splits/split_074/neighbor_pairs_test.csv,output/all_satisfying_primordia_splits/split_074/primordium_assignment.csv,5152,2421,7573,7624,51,exception_label,1,0.6803116334345701,0.3196883665654298,8,4,sample11;sample12;sample2;sample3;sample4;sample5;sample8;sample9,sample1;sample10;sample6;sample7,745,369,1114,4407,2052,0.14460403726708074,0.1524163568773234,0.007812319610242674
all,svm,49,0.1407035175879397,"{""svm_C"": 1.0, ""svm_calib_method"": ""sigmoid""}",output/all_satisfying_primordia_splits/split_074/models/all/svm/hyperparameter_search_train_cv.csv,0.9558078295558372,0.9930985329928134,0.922879177377892,0.963758389261745,0.9428759028233752,output/all_satisfying_primordia_splits/split_074/models/all/svm/training_summary.json,0.9324675324675324,0.97289972899729,0.9522546419098142,359,26,10,73,split_074,split_074,output/all_satisfying_primordia_splits/split_074/neighbor_pairs_train.csv,output/all_satisfying_primordia_splits/split_074/neighbor_pairs_test.csv,output/all_satisfying_primordia_splits/split_074/primordium_assignment.csv,5152,2421,7573,7624,51,exception_label,1,0.6803116334345701,0.3196883665654298,8,4,sample11;sample12;sample2;sample3;sample4;sample5;sample8;sample9,sample1;sample10;sample6;sample7,745,369,1114,4407,2052,0.14460403726708074,0.1524163568773234,0.007812319610242674
all,xgboost,49,0.1809045226130653,"{""xgb_colsample_bytree"": 0.8, ""xgb_gamma"": 0.0, ""xgb_learning_rate"": 0.05, ""xgb_max_depth"": 4, ""xgb_min_child_weight"": 1.0, ""xgb_n_estimators"": 600, ""xgb_reg_alpha"": 0.0, ""xgb_reg_lambda"": 1.0, ""xgb_subsample"": 0.8}",output/all_satisfying_primordia_splits/split_074/models/all/xgboost/hyperparameter_search_train_cv.csv,0.9415882350929128,0.9908848491493856,0.9374167776298268,0.94496644295302,0.9411764705882352,output/all_satisfying_primordia_splits/split_074/models/all/xgboost/training_summary.json,0.9455040871934604,0.940379403794038,0.9429347826086956,347,20,22,73,split_074,split_074,output/all_satisfying_primordia_splits/split_074/neighbor_pairs_train.csv,output/all_satisfying_primordia_splits/split_074/neighbor_pairs_test.csv,output/all_satisfying_primordia_splits/split_074/primordium_assignment.csv,5152,2421,7573,7624,51,exception_label,1,0.6803116334345701,0.3196883665654298,8,4,sample11;sample12;sample2;sample3;sample4;sample5;sample8;sample9,sample1;sample10;sample6;sample7,745,369,1114,4407,2052,0.14460403726708074,0.1524163568773234,0.007812319610242674
all,lightgbm,49,0.1105527638190954,"{""lgbm_colsample_bytree"": 0.8, ""lgbm_learning_rate"": 0.02, ""lgbm_max_depth"": -1, ""lgbm_min_child_samples"": 20, ""lgbm_n_estimators"": 1500, ""lgbm_num_leaves"": 63, ""lgbm_reg_alpha"": 0.0, ""lgbm_reg_lambda"": 1.0, ""lgbm_subsample"": 0.8}",output/all_satisfying_primordia_splits/split_074/models/all/lightgbm/hyperparameter_search_train_cv.csv,0.9425303654003286,0.990732863976316,0.9422818791946308,0.9422818791946308,0.9422818791946308,output/all_satisfying_primordia_splits/split_074/models/all/lightgbm/training_summary.json,0.9478021978021978,0.934959349593496,0.941336971350614,345,19,24,73,split_074,split_074,output/all_satisfying_primordia_splits/split_074/neighbor_pairs_train.csv,output/all_satisfying_primordia_splits/split_074/neighbor_pairs_test.csv,output/all_satisfying_primordia_splits/split_074/primordium_assignment.csv,5152,2421,7573,7624,51,exception_label,1,0.6803116334345701,0.3196883665654298,8,4,sample11;sample12;sample2;sample3;sample4;sample5;sample8;sample9,sample1;sample10;sample6;sample7,745,369,1114,4407,2052,0.14460403726708074,0.1524163568773234,0.007812319610242674
selected4,lr,4,0.4673366834170854,"{""lr_C"": 1.0}",output/all_satisfying_primordia_splits/split_074/models/selected4/lr/hyperparameter_search_train_cv.csv,0.9417320656970496,0.9912086171633596,0.924066924066924,0.963758389261745,0.9434954007884362,output/all_satisfying_primordia_splits/split_074/models/selected4/lr/training_summary.json,0.9186351706036744,0.948509485094851,0.9333333333333332,350,31,19,73,split_074,split_074,output/all_satisfying_primordia_splits/split_074/neighbor_pairs_train.csv,output/all_satisfying_primordia_splits/split_074/neighbor_pairs_test.csv,output/all_satisfying_primordia_splits/split_074/primordium_assignment.csv,5152,2421,7573,7624,51,exception_label,1,0.6803116334345701,0.3196883665654298,8,4,sample11;sample12;sample2;sample3;sample4;sample5;sample8;sample9,sample1;sample10;sample6;sample7,745,369,1114,4407,2052,0.14460403726708074,0.1524163568773234,0.007812319610242674
selected4,svm,4,0.2211055276381909,"{""svm_C"": 1.0, ""svm_calib_method"": ""sigmoid""}",output/all_satisfying_primordia_splits/split_074/models/selected4/svm/hyperparameter_search_train_cv.csv,0.9412582716116752,0.9911845553824528,0.9373333333333334,0.9436241610738256,0.9404682274247492,output/all_satisfying_primordia_splits/split_074/models/selected4/svm/training_summary.json,0.9373297002724796,0.9322493224932248,0.9347826086956522,344,23,25,73,split_074,split_074,output/all_satisfying_primordia_splits/split_074/neighbor_pairs_train.csv,output/all_satisfying_primordia_splits/split_074/neighbor_pairs_test.csv,output/all_satisfying_primordia_splits/split_074/primordium_assignment.csv,5152,2421,7573,7624,51,exception_label,1,0.6803116334345701,0.3196883665654298,8,4,sample11;sample12;sample2;sample3;sample4;sample5;sample8;sample9,sample1;sample10;sample6;sample7,745,369,1114,4407,2052,0.14460403726708074,0.1524163568773234,0.007812319610242674
selected4,xgboost,4,0.1407035175879397,"{""xgb_colsample_bytree"": 0.8, ""xgb_gamma"": 0.0, ""xgb_learning_rate"": 0.05, ""xgb_max_depth"": 4, ""xgb_min_child_weight"": 1.0, ""xgb_n_estimators"": 600, ""xgb_reg_alpha"": 0.0, ""xgb_reg_lambda"": 1.0, ""xgb_subsample"": 0.8}",output/all_satisfying_primordia_splits/split_074/models/selected4/xgboost/hyperparameter_search_train_cv.csv,0.9172761335592656,0.988495879800744,0.914586070959264,0.934228187919463,0.9243027888446216,output/all_satisfying_primordia_splits/split_074/models/selected4/xgboost/training_summary.json,0.9095744680851064,0.926829268292683,0.9181208053691275,342,34,27,73,split_074,split_074,output/all_satisfying_primordia_splits/split_074/neighbor_pairs_train.csv,output/all_satisfying_primordia_splits/split_074/neighbor_pairs_test.csv,output/all_satisfying_primordia_splits/split_074/primordium_assignment.csv,5152,2421,7573,7624,51,exception_label,1,0.6803116334345701,0.3196883665654298,8,4,sample11;sample12;sample2;sample3;sample4;sample5;sample8;sample9,sample1;sample10;sample6;sample7,745,369,1114,4407,2052,0.14460403726708074,0.1524163568773234,0.007812319610242674
selected4,lightgbm,4,0.0904522613065326,"{""lgbm_colsample_bytree"": 0.8, ""lgbm_learning_rate"": 0.02, ""lgbm_max_depth"": -1, ""lgbm_min_child_samples"": 20, ""lgbm_n_estimators"": 1500, ""lgbm_num_leaves"": 63, ""lgbm_reg_alpha"": 0.0, ""lgbm_reg_lambda"": 1.0, ""lgbm_subsample"": 0.8}",output/all_satisfying_primordia_splits/split_074/models/selected4/lightgbm/hyperparameter_search_train_cv.csv,0.9158590288129091,0.9883291225216746,0.931266846361186,0.92751677852349,0.929388029589778,output/all_satisfying_primordia_splits/split_074/models/selected4/lightgbm/training_summary.json,0.907859078590786,0.907859078590786,0.907859078590786,335,34,34,73,split_074,split_074,output/all_satisfying_primordia_splits/split_074/neighbor_pairs_train.csv,output/all_satisfying_primordia_splits/split_074/neighbor_pairs_test.csv,output/all_satisfying_primordia_splits/split_074/primordium_assignment.csv,5152,2421,7573,7624,51,exception_label,1,0.6803116334345701,0.3196883665654298,8,4,sample11;sample12;sample2;sample3;sample4;sample5;sample8;sample9,sample1;sample10;sample6;sample7,745,369,1114,4407,2052,0.14460403726708074,0.1524163568773234,0.007812319610242674
all,lr,49,0.5376884422110553,"{""lr_C"": 1.0}",output/all_satisfying_primordia_splits/split_075/models/all/lr/hyperparameter_search_train_cv.csv,0.9579588568481926,0.993391268346428,0.9405940594059404,0.96569250317662,0.9529780564263322,output/all_satisfying_primordia_splits/split_075/models/all/lr/training_summary.json,0.9365558912386708,0.9480122324159022,0.9422492401215804,310,21,17,74,split_075,split_075,output/all_satisfying_primordia_splits/split_075/neighbor_pairs_train.csv,output/all_satisfying_primordia_splits/split_075/neighbor_pairs_test.csv,output/all_satisfying_primordia_splits/split_075/primordium_assignment.csv,5452,2121,7573,7624,51,exception_label,1,0.7199260530833224,0.2800739469166777,8,4,sample1;sample11;sample12;sample2;sample4;sample5;sample6;sample8,sample10;sample3;sample7;sample9,787,327,1114,4665,1794,0.14435069699192957,0.15417256011315417,0.0098218631212246
all,svm,49,0.185929648241206,"{""svm_C"": 1.0, ""svm_calib_method"": ""sigmoid""}",output/all_satisfying_primordia_splits/split_075/models/all/svm/hyperparameter_search_train_cv.csv,0.9558985631795068,0.9931935211931292,0.937888198757764,0.9593392630241424,0.9484924623115578,output/all_satisfying_primordia_splits/split_075/models/all/svm/training_summary.json,0.9424242424242424,0.9510703363914372,0.9467275494672752,311,19,16,74,split_075,split_075,output/all_satisfying_primordia_splits/split_075/neighbor_pairs_train.csv,output/all_satisfying_primordia_splits/split_075/neighbor_pairs_test.csv,output/all_satisfying_primordia_splits/split_075/primordium_assignment.csv,5452,2121,7573,7624,51,exception_label,1,0.7199260530833224,0.2800739469166777,8,4,sample1;sample11;sample12;sample2;sample4;sample5;sample6;sample8,sample10;sample3;sample7;sample9,787,327,1114,4665,1794,0.14435069699192957,0.15417256011315417,0.0098218631212246
all,xgboost,49,0.1206030150753768,"{""xgb_colsample_bytree"": 0.8, ""xgb_gamma"": 0.0, ""xgb_learning_rate"": 0.05, ""xgb_max_depth"": 4, ""xgb_min_child_weight"": 1.0, ""xgb_n_estimators"": 600, ""xgb_reg_alpha"": 0.0, ""xgb_reg_lambda"": 1.0, ""xgb_subsample"": 0.8}",output/all_satisfying_primordia_splits/split_075/models/all/xgboost/hyperparameter_search_train_cv.csv,0.9533842663445132,0.9923919097989709,0.9448621553884712,0.9580686149936468,0.9514195583596214,output/all_satisfying_primordia_splits/split_075/models/all/xgboost/training_summary.json,0.926153846153846,0.9204892966360856,0.9233128834355828,301,24,26,74,split_075,split_075,output/all_satisfying_primordia_splits/split_075/neighbor_pairs_train.csv,output/all_satisfying_primordia_splits/split_075/neighbor_pairs_test.csv,output/all_satisfying_primordia_splits/split_075/primordium_assignment.csv,5452,2121,7573,7624,51,exception_label,1,0.7199260530833224,0.2800739469166777,8,4,sample1;sample11;sample12;sample2;sample4;sample5;sample6;sample8,sample10;sample3;sample7;sample9,787,327,1114,4665,1794,0.14435069699192957,0.15417256011315417,0.0098218631212246
all,lightgbm,49,0.185929648241206,"{""lgbm_colsample_bytree"": 0.8, ""lgbm_learning_rate"": 0.02, ""lgbm_max_depth"": -1, ""lgbm_min_child_samples"": 20, ""lgbm_n_estimators"": 1500, ""lgbm_num_leaves"": 63, ""lgbm_reg_alpha"": 0.0, ""lgbm_reg_lambda"": 1.0, ""lgbm_subsample"": 0.8}",output/all_satisfying_primordia_splits/split_075/models/all/lightgbm/hyperparameter_search_train_cv.csv,0.9498174467184226,0.9921832674857104,0.9585492227979274,0.940279542566709,0.9493264913406028,output/all_satisfying_primordia_splits/split_075/models/all/lightgbm/training_summary.json,0.940625,0.9204892966360856,0.9304482225656878,301,19,26,74,split_075,split_075,output/all_satisfying_primordia_splits/split_075/neighbor_pairs_train.csv,output/all_satisfying_primordia_splits/split_075/neighbor_pairs_test.csv,output/all_satisfying_primordia_splits/split_075/primordium_assignment.csv,5452,2121,7573,7624,51,exception_label,1,0.7199260530833224,0.2800739469166777,8,4,sample1;sample11;sample12;sample2;sample4;sample5;sample6;sample8,sample10;sample3;sample7;sample9,787,327,1114,4665,1794,0.14435069699192957,0.15417256011315417,0.0098218631212246
selected4,lr,4,0.5979899497487438,"{""lr_C"": 1.0}",output/all_satisfying_primordia_splits/split_075/models/selected4/lr/hyperparameter_search_train_cv.csv,0.9430252584277424,0.9914887010381724,0.939622641509434,0.949174078780178,0.9443742098609356,output/all_satisfying_primordia_splits/split_075/models/selected4/lr/training_summary.json,0.9235474006116208,0.9235474006116208,0.9235474006116208,302,25,25,74,split_075,split_075,output/all_satisfying_primordia_splits/split_075/neighbor_pairs_train.csv,output/all_satisfying_primordia_splits/split_075/neighbor_pairs_test.csv,output/all_satisfying_primordia_splits/split_075/primordium_assignment.csv,5452,2121,7573,7624,51,exception_label,1,0.7199260530833224,0.2800739469166777,8,4,sample1;sample11;sample12;sample2;sample4;sample5;sample6;sample8,sample10;sample3;sample7;sample9,787,327,1114,4665,1794,0.14435069699192957,0.15417256011315417,0.0098218631212246
selected4,svm,4,0.2613065326633166,"{""svm_C"": 1.0, ""svm_calib_method"": ""sigmoid""}",output/all_satisfying_primordia_splits/split_075/models/selected4/svm/hyperparameter_search_train_cv.csv,0.9421377035067212,0.991468272613245,0.9475032010243278,0.940279542566709,0.9438775510204082,output/all_satisfying_primordia_splits/split_075/models/selected4/svm/training_summary.json,0.9233128834355828,0.9204892966360856,0.9218989280245022,301,25,26,74,split_075,split_075,output/all_satisfying_primordia_splits/split_075/neighbor_pairs_train.csv,output/all_satisfying_primordia_splits/split_075/neighbor_pairs_test.csv,output/all_satisfying_primordia_splits/split_075/primordium_assignment.csv,5452,2121,7573,7624,51,exception_label,1,0.7199260530833224,0.2800739469166777,8,4,sample1;sample11;sample12;sample2;sample4;sample5;sample6;sample8,sample10;sample3;sample7;sample9,787,327,1114,4665,1794,0.14435069699192957,0.15417256011315417,0.0098218631212246
selected4,xgboost,4,0.1809045226130653,"{""xgb_colsample_bytree"": 0.8, ""xgb_gamma"": 0.0, ""xgb_learning_rate"": 0.05, ""xgb_max_depth"": 4, ""xgb_min_child_weight"": 1.0, ""xgb_n_estimators"": 600, ""xgb_reg_alpha"": 0.0, ""xgb_reg_lambda"": 1.0, ""xgb_subsample"": 0.8}",output/all_satisfying_primordia_splits/split_075/models/selected4/xgboost/hyperparameter_search_train_cv.csv,0.9202046001293578,0.9894656060228444,0.9214463840399002,0.9390088945362136,0.9301447451227188,output/all_satisfying_primordia_splits/split_075/models/selected4/xgboost/training_summary.json,0.907185628742515,0.926605504587156,0.9167927382753404,303,31,24,74,split_075,split_075,output/all_satisfying_primordia_splits/split_075/neighbor_pairs_train.csv,output/all_satisfying_primordia_splits/split_075/neighbor_pairs_test.csv,output/all_satisfying_primordia_splits/split_075/primordium_assignment.csv,5452,2121,7573,7624,51,exception_label,1,0.7199260530833224,0.2800739469166777,8,4,sample1;sample11;sample12;sample2;sample4;sample5;sample6;sample8,sample10;sample3;sample7;sample9,787,327,1114,4665,1794,0.14435069699192957,0.15417256011315417,0.0098218631212246
selected4,lightgbm,4,0.0301507537688442,"{""lgbm_colsample_bytree"": 0.8, ""lgbm_learning_rate"": 0.02, ""lgbm_max_depth"": -1, ""lgbm_min_child_samples"": 20, ""lgbm_n_estimators"": 1500, ""lgbm_num_leaves"": 63, ""lgbm_reg_alpha"": 0.0, ""lgbm_reg_lambda"": 1.0, ""lgbm_subsample"": 0.8}",output/all_satisfying_primordia_splits/split_075/models/selected4/lightgbm/hyperparameter_search_train_cv.csv,0.9140838121949292,0.9873866733127143,0.9251870324189526,0.9428208386277002,0.9339207048458148,output/all_satisfying_primordia_splits/split_075/models/selected4/lightgbm/training_summary.json,0.8952095808383234,0.9143730886850152,0.9046898638426626,299,35,28,74,split_075,split_075,output/all_satisfying_primordia_splits/split_075/neighbor_pairs_train.csv,output/all_satisfying_primordia_splits/split_075/neighbor_pairs_test.csv,output/all_satisfying_primordia_splits/split_075/primordium_assignment.csv,5452,2121,7573,7624,51,exception_label,1,0.7199260530833224,0.2800739469166777,8,4,sample1;sample11;sample12;sample2;sample4;sample5;sample6;sample8,sample10;sample3;sample7;sample9,787,327,1114,4665,1794,0.14435069699192957,0.15417256011315417,0.0098218631212246
