fileName,pairIndex,firstPolygonId,secondPolygonId,is_real_division,divided_how_many_hours_ago,areaRatio,areaMean,areaMin,areaMax,areaDiff,perimeterRatio,perimeterMean,perimeterMin,perimeterMax,perimeterDiff,aspectRatio,aspectMean,aspectMin,aspectMax,aspectDiff,circularityRatio,circularityMean,circularityMin,circularityMax,circularityDiff,solidityRatio,solidityMean,solidityMin,solidityMax,solidityDiff,vertexCountRatio,vertexCountMean,vertexCountMin,vertexCountMax,vertexCountDiff,centroidDistance,centroidDistanceNormalized,unionAspectRatio,unionCircularity,unionConvexDeficiency,normalizedSharedEdgeLength,sharedEdgeLength,sharedEdgeUnsharedVerticesDistance,sharedEdgeUnsharedVerticesDistanceNormalized,centroidSharedEdgeDistance,centroidSharedEdgeDistanceNormalized,sharedEdgeUnionCentroidDistance,sharedEdgeUnionCentroidDistanceNormalized,sharedEdgeUnionAxisAngleDegrees,junctionAngleAverageDegrees,junctionAngleMaxDegrees,junctionAngleMinDegrees,junctionAngleDifferenceDegrees,junctionAngleRatio
IC_small_3_278um_cells,1,357,355,0,-1,0.455441,775.750000,485.500000,1066.000000,580.500000,0.662480,113.902982,90.778205,137.027758,46.249553,0.752098,1.468670,1.260870,1.676471,0.415601,0.963638,0.726888,0.713428,0.740348,0.026920,0.995796,0.997898,0.995796,1.000000,0.004204,0.571429,5.500000,4.000000,7.000000,3.000000,25.066980,0.916799,1.117647,0.583065,0.274573,0.821897,22.472205,22.810726,0.834279,11.684305,0.427341,5.523544,0.202018,21.295005,122.410433,131.987212,112.833654,19.153558,0.854883
IC_small_3_278um_cells,2,357,353,0,-1,0.757410,563.250000,485.500000,641.000000,155.500000,0.899456,95.851950,90.778205,100.925695,10.147490,0.920094,1.315620,1.260870,1.370370,0.109501,0.936206,0.765572,0.740348,0.790796,0.050448,1.000000,1.000000,1.000000,1.000000,0.000000,0.800000,4.500000,4.000000,5.000000,1.000000,21.127148,0.892344,1.210526,0.775181,0.004439,1.194638,28.284271,19.442717,0.821199,10.264699,0.433548,1.771104,0.074806,61.605642,178.099280,178.688112,177.510447,1.177665,0.993409
IC_small_3_278um_cells,3,356,355,0,-1,0.790807,954.500000,843.000000,1066.000000,223.000000,0.832267,125.535745,114.043732,137.027758,22.984026,0.719903,1.441684,1.206897,1.676471,0.469574,0.875902,0.763967,0.713428,0.814507,0.101079,0.995796,0.997898,0.995796,1.000000,0.004204,0.714286,6.000000,5.000000,7.000000,2.000000,28.075158,0.910288,1.140351,0.647222,0.185437,0.949177,29.274562,23.057882,0.747612,14.006715,0.454143,0.799971,0.025938,82.350710,122.491553,133.264295,111.718811,21.545484,0.838325
IC_small_3_278um_cells,4,356,354,0,-1,0.959590,860.750000,843.000000,878.500000,35.500000,0.995625,114.294296,114.043732,114.544860,0.501128,0.905172,1.270115,1.206897,1.333333,0.126437,0.968042,0.827951,0.814507,0.841396,0.026889,1.000000,1.000000,1.000000,1.000000,0.000000,0.833333,5.500000,5.000000,6.000000,1.000000,37.951258,1.293632,1.622222,0.528688,0.240198,0.448340,13.152946,28.893196,0.984873,18.433025,0.628320,0.942831,0.032138,73.124001,125.225815,131.223578,119.228052,11.995527,0.908587
IC_small_3_278um_cells,5,356,350,0,-1,0.742731,989.000000,843.000000,1135.000000,292.000000,0.878409,121.936813,114.043732,129.829895,15.786163,0.918291,1.260591,1.206897,1.314286,0.107389,0.962583,0.830337,0.814507,0.846167,0.031661,1.000000,1.000000,1.000000,1.000000,0.000000,0.714286,6.000000,5.000000,7.000000,2.000000,28.362394,0.904352,1.369565,0.785889,0.055359,1.052708,33.015148,24.485286,0.780728,14.091208,0.449307,2.999116,0.095629,68.949593,154.080144,167.870207,140.290081,27.580126,0.835706
IC_small_3_278um_cells,6,355,353,0,-1,0.601313,853.500000,641.000000,1066.000000,425.000000,0.736535,118.976727,100.925695,137.027758,36.102063,0.817414,1.523420,1.370370,1.676471,0.306100,0.902164,0.752112,0.713428,0.790796,0.077368,0.995796,0.997898,0.995796,1.000000,0.004204,0.714286,6.000000,5.000000,7.000000,2.000000,29.623271,1.022062,1.320000,0.520702,0.198008,0.603539,17.492856,23.408485,0.807640,14.323868,0.494202,2.568192,0.088608,47.297311,84.945351,104.036243,65.854458,38.181785,0.632995
IC_small_3_278um_cells,7,355,350,0,-1,0.939207,1100.500000,1066.000000,1135.000000,69.000000,0.947471,133.428826,129.829895,137.027758,7.197863,0.783960,1.495378,1.314286,1.676471,0.362185,0.843128,0.779798,0.713428,0.846167,0.132740,0.995796,0.997898,0.995796,1.000000,0.004204,1.000000,7.000000,7.000000,7.000000,0.000000,46.188034,1.392476,1.111111,0.466677,0.237846,0.352873,11.704700,34.044336,1.026368,23.327233,0.703269,4.629731,0.139577,59.356952,124.380341,168.349701,80.410982,87.938718,0.477643
IC_small_3_278um_cells,8,355,348,0,-1,0.780488,949.000000,832.000000,1066.000000,234.000000,0.864383,127.736120,118.444482,137.027758,18.583276,0.715789,1.438235,1.200000,1.676471,0.476471,0.957296,0.729340,0.713428,0.745253,0.031825,0.995796,0.997898,0.995796,1.000000,0.004204,0.857143,6.500000,6.000000,7.000000,1.000000,47.673513,1.550508,1.745098,0.401238,0.469178,0.189643,5.830952,31.133164,1.012558,22.021014,0.716200,7.016172,0.228190,44.663509,108.333596,112.630949,104.036243,8.594706,0.923691
IC_small_3_278um_cells,9,354,351,0,-1,0.914058,840.750000,803.000000,878.500000,75.500000,0.962747,112.411274,110.277688,114.544860,4.267172,0.822581,1.215054,1.096774,1.333333,0.236559,0.986165,0.835576,0.829755,0.841396,0.011641,1.000000,1.000000,1.000000,1.000000,0.000000,1.000000,6.000000,6.000000,6.000000,0.000000,32.754174,1.129907,1.369565,0.614554,0.135296,0.679504,19.697716,26.715784,0.921603,16.281085,0.561642,2.549667,0.087955,82.744872,133.705337,158.404690,109.005984,49.398705,0.688149
IC_small_3_278um_cells,10,354,350,0,-1,0.774009,1006.750000,878.500000,1135.000000,256.500000,0.882269,122.187377,114.544860,129.829895,15.285035,0.985714,1.323810,1.314286,1.333333,0.019048,0.994361,0.843782,0.841396,0.846167,0.004771,1.000000,1.000000,1.000000,1.000000,0.000000,0.857143,6.500000,6.000000,7.000000,1.000000,33.859338,1.069311,1.604167,0.577103,0.187733,0.552441,17.492856,25.931385,0.818938,16.790436,0.530258,3.626824,0.114539,73.978431,97.129144,100.481867,93.776422,6.705445,0.933267
IC_small_3_278um_cells,11,354,347,0,-1,0.620945,712.000000,545.500000,878.500000,333.000000,0.817668,104.102239,93.659618,114.544860,20.885242,0.750000,1.166667,1.000000,1.333333,0.333333,0.928751,0.811422,0.781448,0.841396,0.059948,1.000000,1.000000,1.000000,1.000000,0.000000,0.833333,5.500000,5.000000,6.000000,1.000000,25.583919,0.965514,1.425000,0.681592,0.121840,0.871275,23.086793,21.429217,0.808719,12.477314,0.470883,4.429902,0.167181,56.003821,141.145674,142.001268,140.290081,1.711186,0.987949
IC_small_3_278um_cells,12,353,348,0,-1,0.770433,736.500000,641.000000,832.000000,191.000000,0.852093,109.685089,100.925695,118.444482,17.518787,0.875676,1.285185,1.200000,1.370370,0.170370,0.942408,0.768024,0.745253,0.790796,0.045543,1.000000,1.000000,1.000000,1.000000,0.000000,0.833333,5.500000,5.000000,6.000000,1.000000,34.040316,1.256972,1.340000,0.538341,0.177868,0.626655,16.970563,26.500614,0.978562,16.982443,0.627094,4.112068,0.151842,77.945559,141.719094,151.927513,131.510675,20.416838,0.865615
IC_small_3_278um_cells,13,353,345,0,-1,0.639401,821.750000,641.000000,1002.500000,361.500000,0.814957,112.383727,100.925695,123.841758,22.916063,0.965819,1.346950,1.323529,1.370370,0.046841,0.962730,0.806103,0.790796,0.821410,0.030614,1.000000,1.000000,1.000000,1.000000,0.000000,0.833333,5.500000,5.000000,6.000000,1.000000,26.239291,0.920996,1.404762,0.728176,0.088226,0.989045,28.178006,21.523121,0.755459,12.813439,0.449750,5.327807,0.187005,52.752045,141.264404,161.565051,120.963757,40.601295,0.748700
IC_small_3_278um_cells,14,352,351,0,-1,0.935866,777.250000,751.500000,803.000000,51.500000,0.967268,108.472884,106.668080,110.277688,3.609608,0.938581,1.063093,1.029412,1.096774,0.067362,0.999724,0.829870,0.829755,0.829984,0.000229,1.000000,1.000000,1.000000,1.000000,0.000000,1.000000,6.000000,6.000000,6.000000,0.000000,25.103968,0.900579,1.272727,0.680678,0.121261,0.852714,23.769729,20.493866,0.735196,12.544306,0.450014,0.278105,0.009977,78.647047,102.834160,106.205999,99.462322,6.743676,0.936504
IC_small_3_278um_cells,15,352,344,0,-1,0.553560,583.750000,416.000000,751.500000,335.500000,0.816882,96.901679,87.135279,106.668080,19.532801,0.579044,1.403595,1.029412,1.777778,0.748366,0.829555,0.759251,0.688518,0.829984,0.141467,1.000000,1.000000,1.000000,1.000000,0.000000,0.833333,5.500000,5.000000,6.000000,1.000000,27.261973,1.140440,1.882353,0.592887,0.128908,0.763374,18.248288,22.208736,0.929050,13.612584,0.569450,4.935607,0.206469,86.443302,139.642884,157.750976,121.534792,36.216184,0.770422
IC_small_3_278um_cells,16,352,343,0,-1,0.746507,656.250000,561.000000,751.500000,190.500000,0.923013,102.562047,98.456015,106.668080,8.212065,0.488971,1.567337,1.029412,2.105263,1.075851,0.876230,0.778621,0.727258,0.829984,0.102727,1.000000,1.000000,1.000000,1.000000,0.000000,1.000000,6.000000,6.000000,6.000000,0.000000,33.445291,1.309041,1.511111,0.461729,0.273905,0.315555,8.062258,26.561158,1.039597,16.831224,0.658770,2.430797,0.095141,87.902582,107.356126,135.964484,78.747767,57.216717,0.579179
IC_small_3_278um_cells,17,351,347,0,-1,0.679328,674.250000,545.500000,803.000000,257.500000,0.849307,101.968653,93.659618,110.277688,16.618070,0.911765,1.048387,1.000000,1.096774,0.096774,0.941781,0.805602,0.781448,0.829755,0.048308,1.000000,1.000000,1.000000,1.000000,0.000000,0.833333,5.500000,5.000000,6.000000,1.000000,26.402151,1.021494,1.244444,0.579843,0.269559,0.638089,16.492423,23.398962,0.905301,13.137234,0.508277,3.861026,0.149382,86.635334,111.718352,114.443955,108.992748,5.451207,0.952368
IC_small_3_278um_cells,18,351,344,0,-1,0.518057,609.500000,416.000000,803.000000,387.000000,0.790144,98.706483,87.135279,110.277688,23.142409,0.616935,1.437276,1.096774,1.777778,0.681004,0.829784,0.759137,0.688518,0.829755,0.141238,1.000000,1.000000,1.000000,1.000000,0.000000,0.833333,5.500000,5.000000,6.000000,1.000000,30.914681,1.268728,1.102041,0.475889,0.372847,0.369357,9.000000,25.944166,1.064740,13.589157,0.557695,6.882007,0.282435,41.838813,110.920653,119.054604,102.786701,16.267903,0.863358
IC_small_3_278um_cells,19,351,340,0,-1,0.759697,930.000000,803.000000,1057.000000,254.000000,0.904186,116.120571,110.277688,121.963453,11.685765,0.809524,1.225806,1.096774,1.354839,0.258065,0.929233,0.861351,0.829755,0.892946,0.063191,1.000000,1.000000,1.000000,1.000000,0.000000,0.857143,6.500000,6.000000,7.000000,1.000000,30.219973,0.993281,1.547619,0.735710,0.057527,0.887446,27.000000,22.854346,0.751185,14.969951,0.492038,2.297133,0.075503,78.845243,146.232599,150.945396,141.519802,9.425594,0.937556
IC_small_3_278um_cells,20,350,348,0,-1,0.733040,983.500000,832.000000,1135.000000,303.000000,0.912305,124.137188,118.444482,129.829895,11.385413,0.913043,1.257143,1.200000,1.314286,0.114286,0.880739,0.795710,0.745253,0.846167,0.100915,1.000000,1.000000,1.000000,1.000000,0.000000,0.857143,6.500000,6.000000,7.000000,1.000000,26.189604,0.837609,1.431818,0.760086,0.047026,1.086464,33.970576,18.531849,0.592695,12.497292,0.399695,3.806119,0.121729,33.580600,99.382116,119.744881,79.019350,40.725531,0.659898
IC_small_3_278um_cells,21,350,347,0,-1,0.480617,840.250000,545.500000,1135.000000,589.500000,0.721403,111.744756,93.659618,129.829895,36.170277,0.760870,1.157143,1.000000,1.314286,0.314286,0.923514,0.813808,0.781448,0.846167,0.064720,1.000000,1.000000,1.000000,1.000000,0.000000,0.714286,6.000000,5.000000,7.000000,2.000000,36.440742,1.277598,1.659091,0.543134,0.228206,0.461137,13.152946,27.448648,0.962339,17.936459,0.628845,9.138021,0.320375,75.475679,121.594413,125.933497,117.255328,8.678169,0.931089
IC_small_3_278um_cells,22,350,342,0,-1,0.556388,883.250000,631.500000,1135.000000,503.500000,0.793844,116.447267,103.064638,129.829895,26.765256,0.783248,1.171849,1.029412,1.314286,0.284874,0.882892,0.796621,0.747074,0.846167,0.099093,1.000000,1.000000,1.000000,1.000000,0.000000,0.857143,6.500000,6.000000,7.000000,1.000000,41.317082,1.404879,1.095238,0.492504,0.227852,0.350076,10.295630,30.496533,1.036954,20.042548,0.681494,5.968739,0.202951,72.539751,112.298865,114.943905,109.653824,5.290081,0.953977
IC_small_3_278um_cells,23,350,336,0,-1,0.663877,944.250000,753.500000,1135.000000,381.500000,0.845636,119.809392,109.788889,129.829895,20.041006,0.993728,1.318433,1.314286,1.322581,0.008295,0.928368,0.815861,0.785555,0.846167,0.060613,1.000000,1.000000,1.000000,1.000000,0.000000,0.857143,6.500000,6.000000,7.000000,1.000000,39.468356,1.291087,1.396226,0.493805,0.304210,0.333598,10.198039,27.492460,0.899332,19.682591,0.643856,3.546204,0.116003,74.515506,101.134977,114.179107,88.090848,26.088260,0.771515
IC_small_3_278um_cells,24,349,346,0,-1,0.758915,567.250000,489.500000,645.000000,155.500000,0.897631,92.149744,87.178684,97.120804,9.942120,0.970667,1.055714,1.040000,1.071429,0.031429,0.941883,0.834330,0.809360,0.859300,0.049940,1.000000,1.000000,1.000000,1.000000,0.000000,0.833333,5.500000,5.000000,6.000000,1.000000,27.156000,1.142893,1.666667,0.615140,0.167034,0.674693,16.031220,21.343532,0.898269,13.104896,0.551535,2.432148,0.102360,69.448046,129.971803,133.539517,126.404089,7.135429,0.946567
IC_small_3_278um_cells,25,349,343,0,-1,0.872549,525.250000,489.500000,561.000000,71.500000,0.885458,92.817350,87.178684,98.456015,11.277330,0.494000,1.572632,1.040000,2.105263,1.065263,0.898558,0.768309,0.727258,0.809360,0.082103,1.000000,1.000000,1.000000,1.000000,0.000000,0.833333,5.500000,5.000000,6.000000,1.000000,21.646559,0.945056,1.075000,0.591328,0.251785,0.790689,18.110770,18.186164,0.793981,10.368635,0.452679,0.678200,0.029609,42.306502,114.009104,115.851863,112.166346,3.685517,0.968188
IC_small_3_278um_cells,26,349,332,0,-1,0.456198,781.250000,489.500000,1073.000000,583.500000,0.700807,105.788155,87.178684,124.397626,37.218942,0.989268,1.045641,1.040000,1.051282,0.011282,0.928873,0.840348,0.809360,0.871335,0.061975,1.000000,1.000000,1.000000,1.000000,0.000000,0.714286,6.000000,5.000000,7.000000,2.000000,26.311628,0.958855,1.641026,0.772555,0.058880,0.950298,26.076810,21.772561,0.793442,13.123444,0.478248,8.100017,0.295183,78.581744,155.673046,159.775141,151.570951,8.204189,0.948652
IC_small_3_278um_cells,27,348,345,0,-1,0.829925,917.250000,832.000000,1002.500000,170.500000,0.956418,121.143120,118.444482,123.841758,5.397276,0.906667,1.261765,1.200000,1.323529,0.123529,0.907285,0.783331,0.745253,0.821410,0.076157,1.000000,1.000000,1.000000,1.000000,0.000000,1.000000,6.000000,6.000000,6.000000,0.000000,32.572342,1.076653,1.600000,0.526239,0.290270,0.545144,16.492423,26.736464,0.883752,16.090505,0.531859,0.739462,0.024442,68.144194,104.922507,107.525568,102.319445,5.206123,0.951582
IC_small_3_278um_cells,28,348,339,0,-1,0.976563,822.250000,812.500000,832.000000,19.500000,0.975474,116.991995,115.539508,118.444482,2.904974,0.857143,1.300000,1.200000,1.400000,0.200000,0.974387,0.755048,0.745253,0.764843,0.019590,1.000000,1.000000,1.000000,1.000000,0.000000,0.833333,5.500000,5.000000,6.000000,1.000000,22.586046,0.787673,1.288889,0.781655,0.066282,1.244774,35.693137,19.721034,0.687758,11.020432,0.384330,0.450409,0.015708,49.023574,151.949715,161.565051,142.334379,19.230672,0.880973
IC_small_3_278um_cells,29,348,336,0,-1,0.905649,792.750000,753.500000,832.000000,78.500000,0.926923,114.116685,109.788889,118.444482,8.655594,0.907317,1.261290,1.200000,1.322581,0.122581,0.948696,0.765404,0.745253,0.785555,0.040302,1.000000,1.000000,1.000000,1.000000,0.000000,1.000000,6.000000,6.000000,6.000000,0.000000,41.521468,1.475155,1.076923,0.454993,0.293598,0.337044,9.486833,31.212798,1.108914,20.032409,0.711702,4.942600,0.175598,65.399278,113.692972,126.076012,101.309932,24.766079,0.803562
IC_small_3_278um_cells,30,347,342,0,-1,0.863816,588.500000,545.500000,631.500000,86.000000,0.908746,98.362128,93.659618,103.064638,9.405020,0.971429,1.014706,1.000000,1.029412,0.029412,0.956013,0.764261,0.747074,0.781448,0.034373,1.000000,1.000000,1.000000,1.000000,0.000000,0.833333,5.500000,5.000000,6.000000,1.000000,19.419436,0.801039,1.263158,0.765130,0.071368,1.189813,28.844410,16.099805,0.664107,9.383264,0.387054,0.839630,0.034634,37.206078,138.823109,149.845452,127.800766,22.044686,0.852884
IC_small_3_278um_cells,31,347,340,0,-1,0.516083,801.250000,545.500000,1057.000000,511.500000,0.767932,107.811536,93.659618,121.963453,28.303835,0.738095,1.177419,1.000000,1.354839,0.354839,0.875134,0.837197,0.781448,0.892946,0.111499,1.000000,1.000000,1.000000,1.000000,0.000000,0.714286,6.000000,5.000000,7.000000,2.000000,35.807469,1.281872,1.346939,0.549371,0.204680,0.432561,12.083046,27.232463,0.974895,17.540280,0.627925,8.341837,0.298629,79.174535,116.718452,129.400661,104.036243,25.364417,0.803985
IC_small_3_278um_cells,32,346,341,0,-1,0.731008,558.250000,471.500000,645.000000,173.500000,0.893033,91.926446,86.732088,97.120804,10.388716,0.794931,1.209627,1.071429,1.347826,0.276398,0.916615,0.823474,0.787648,0.859300,0.071653,1.000000,1.000000,1.000000,1.000000,0.000000,1.000000,6.000000,6.000000,6.000000,0.000000,26.362703,1.119176,1.325000,0.577616,0.214510,0.594342,14.000000,21.233582,0.901430,12.335562,0.523682,5.158083,0.218976,62.546687,117.520937,143.194263,91.847610,51.346653,0.641420
IC_small_3_278um_cells,33,346,334,0,-1,0.912403,616.750000,588.500000,645.000000,56.500000,0.967146,95.525407,93.930010,97.120804,3.190794,0.997537,1.072751,1.071429,1.074074,0.002646,0.975444,0.848750,0.838200,0.859300,0.021101,1.000000,1.000000,1.000000,1.000000,0.000000,1.000000,6.000000,6.000000,6.000000,0.000000,24.005315,0.966867,1.606061,0.764536,0.041346,0.979987,24.331050,19.523697,0.786360,11.964763,0.481907,0.524762,0.021136,74.891913,158.342342,168.690068,147.994617,20.695451,0.877317
IC_small_3_278um_cells,34,346,332,0,-1,0.601118,859.000000,645.000000,1073.000000,428.000000,0.780729,110.759215,97.120804,124.397626,27.276822,0.981197,1.061355,1.051282,1.071429,0.020147,0.986188,0.865318,0.859300,0.871335,0.012035,1.000000,1.000000,1.000000,1.000000,0.000000,0.857143,6.500000,6.000000,7.000000,1.000000,33.938589,1.167207,1.067797,0.525700,0.257858,0.324451,9.433981,26.587809,0.914401,16.879188,0.580504,6.781015,0.233211,82.705768,90.743641,99.462322,82.024960,17.437362,0.824684
IC_small_3_278um_cells,35,345,339,0,-1,0.810474,907.500000,812.500000,1002.500000,190.000000,0.932961,119.690633,115.539508,123.841758,8.302250,0.945378,1.361765,1.323529,1.400000,0.076471,0.931134,0.793126,0.764843,0.821410,0.056567,1.000000,1.000000,1.000000,1.000000,0.000000,0.833333,5.500000,5.000000,6.000000,1.000000,38.373340,1.275568,1.169492,0.545633,0.175758,0.580529,17.464249,32.145236,1.068540,19.035884,0.632772,0.962838,0.032006,78.838059,143.230181,171.114185,115.346176,55.768009,0.674089
IC_small_3_278um_cells,36,345,337,0,-1,0.828928,916.750000,831.000000,1002.500000,171.500000,0.966381,125.995908,123.841758,128.150059,4.308301,0.524417,1.923669,1.323529,2.523810,1.200280,0.774129,0.728644,0.635877,0.821410,0.185533,1.000000,1.000000,1.000000,1.000000,0.000000,0.833333,5.500000,5.000000,6.000000,1.000000,26.045888,0.861173,1.382979,0.578936,0.192255,0.867882,26.248809,22.969346,0.759451,12.282017,0.406089,2.301024,0.076080,25.041306,92.648694,94.398705,90.898684,3.500022,0.962923
IC_small_3_278um_cells,37,345,325,0,-1,0.877805,941.250000,880.000000,1002.500000,122.500000,0.990663,124.425350,123.841758,125.008942,1.167184,0.702281,1.604072,1.323529,1.884615,0.561086,0.861490,0.764523,0.707637,0.821410,0.113773,1.000000,1.000000,1.000000,1.000000,0.000000,1.000000,6.000000,6.000000,6.000000,0.000000,39.921779,1.301930,2.617647,0.538692,0.116335,0.640725,19.646883,30.375686,0.990613,19.630637,0.640195,0.065328,0.002130,73.985345,151.491852,156.370622,146.613082,9.757540,0.937600
IC_small_3_278um_cells,38,344,343,0,-1,0.741533,488.500000,416.000000,561.000000,145.000000,0.885017,92.795647,87.135279,98.456015,11.320736,0.844444,1.941520,1.777778,2.105263,0.327485,0.946732,0.707888,0.688518,0.727258,0.038740,1.000000,1.000000,1.000000,1.000000,0.000000,0.833333,5.500000,5.000000,6.000000,1.000000,15.325517,0.695326,1.111111,0.830850,0.031218,1.452564,32.015621,13.593523,0.616745,7.660454,0.347559,1.463835,0.066415,29.047196,165.850174,171.982907,159.717441,12.265466,0.928682
IC_small_3_278um_cells,39,344,340,0,-1,0.393567,736.500000,416.000000,1057.000000,641.000000,0.714438,104.549366,87.135279,121.963453,34.828174,0.762097,1.566308,1.354839,1.777778,0.422939,0.771063,0.790732,0.688518,0.892946,0.204429,1.000000,1.000000,1.000000,1.000000,0.000000,0.714286,6.000000,5.000000,7.000000,2.000000,25.519927,0.964698,1.162791,0.656489,0.118126,0.778386,20.591260,22.967507,0.868212,12.752196,0.482055,10.364218,0.391785,87.451602,96.177680,102.355360,90.000000,12.355360,0.879290
IC_small_3_278um_cells,40,344,335,0,-1,0.857732,450.500000,416.000000,485.000000,69.000000,0.992374,87.470097,87.135279,87.804915,0.669636,0.720000,1.528889,1.280000,1.777778,0.497778,0.870966,0.739520,0.688518,0.790522,0.102004,1.000000,1.000000,1.000000,1.000000,0.000000,0.833333,5.500000,5.000000,6.000000,1.000000,29.948566,1.412042,1.571429,0.440184,0.426193,0.343249,7.280110,22.016758,1.038066,13.573549,0.639978,1.323804,0.062416,54.100031,117.408609,122.644640,112.172578,10.472062,0.914615
IC_small_3_278um_cells,41,343,335,0,-1,0.864528,523.000000,485.000000,561.000000,76.000000,0.891819,93.130465,87.804915,98.456015,10.651100,0.608000,1.692632,1.280000,2.105263,0.825263,0.919971,0.758890,0.727258,0.790522,0.063264,1.000000,1.000000,1.000000,1.000000,0.000000,1.000000,6.000000,6.000000,6.000000,0.000000,29.514477,1.291432,1.787879,0.473787,0.313576,0.430945,9.848858,23.384511,1.023210,14.634130,0.640329,5.506198,0.240928,78.053698,97.292155,118.739795,75.844515,42.895281,0.638746
IC_small_3_278um_cells,42,343,332,0,-1,0.522833,817.000000,561.000000,1073.000000,512.000000,0.791462,111.426821,98.456015,124.397626,25.941612,0.499359,1.578273,1.051282,2.105263,1.053981,0.834647,0.799296,0.727258,0.871335,0.144078,1.000000,1.000000,1.000000,1.000000,0.000000,0.857143,6.500000,6.000000,7.000000,1.000000,30.810695,1.091763,1.354167,0.586710,0.169217,0.633872,17.888544,24.948103,0.884024,14.476497,0.512968,9.138183,0.323807,61.902780,118.358078,148.657643,88.058514,60.599129,0.592358
IC_small_3_278um_cells,43,342,340,0,-1,0.597446,844.250000,631.500000,1057.000000,425.500000,0.845045,112.514046,103.064638,121.963453,18.898815,0.759804,1.192125,1.029412,1.354839,0.325427,0.836640,0.820010,0.747074,0.892946,0.145872,1.000000,1.000000,1.000000,1.000000,0.000000,0.857143,6.500000,6.000000,7.000000,1.000000,35.321772,1.225574,2.083333,0.505251,0.207581,0.348705,10.049876,25.635277,0.889478,17.390386,0.603401,6.831823,0.237047,69.262681,90.053433,99.352979,80.753887,18.599092,0.812798
IC_small_3_278um_cells,44,342,336,0,-1,0.838089,692.500000,631.500000,753.500000,122.000000,0.938753,106.426764,103.064638,109.788889,6.724250,0.778336,1.175996,1.029412,1.322581,0.293169,0.951015,0.766314,0.747074,0.785555,0.038480,1.000000,1.000000,1.000000,1.000000,0.000000,1.000000,6.000000,6.000000,6.000000,0.000000,19.378981,0.737129,1.021739,0.852519,0.031047,1.330771,34.985711,15.582697,0.592728,9.617128,0.365812,1.369141,0.052079,27.415990,154.603602,162.255328,146.951875,15.303453,0.905683
IC_small_3_278um_cells,45,342,323,0,-1,0.942201,613.250000,595.000000,631.500000,36.500000,0.972191,104.538704,103.064638,106.012769,2.948130,0.502736,1.538515,1.029412,2.047619,1.018207,0.890526,0.706182,0.665289,0.747074,0.081785,1.000000,1.000000,1.000000,1.000000,0.000000,0.833333,5.500000,5.000000,6.000000,1.000000,34.647991,1.399289,1.533333,0.457901,0.168773,0.517191,12.806248,25.685663,1.037338,17.188112,0.694157,0.175231,0.007077,82.852076,117.841336,137.697806,97.984866,39.712939,0.711594
IC_small_3_278um_cells,46,342,316,0,-1,0.873444,677.250000,631.500000,723.000000,91.500000,0.824259,114.051897,103.064638,125.039156,21.974517,0.597059,1.376775,1.029412,1.724138,0.694726,0.777844,0.664091,0.581107,0.747074,0.165967,0.864316,0.932158,0.864316,1.000000,0.135684,0.857143,6.500000,6.000000,7.000000,1.000000,38.263926,1.471171,2.400000,0.365031,0.451458,0.233870,6.082763,29.501449,1.134271,19.055237,0.732636,3.155765,0.121333,88.556818,106.379655,111.212620,101.546691,9.665929,0.913086
IC_small_3_278um_cells,47,341,334,0,-1,0.801189,530.000000,471.500000,588.500000,117.000000,0.923369,90.331049,86.732088,93.930010,7.197922,0.796894,1.210950,1.074074,1.347826,0.273752,0.939689,0.812924,0.787648,0.838200,0.050552,1.000000,1.000000,1.000000,1.000000,0.000000,1.000000,6.000000,6.000000,6.000000,0.000000,23.485515,1.021708,1.068182,0.591479,0.206604,0.665479,15.297059,18.272194,0.794909,10.618177,0.461930,2.829499,0.123094,43.707065,98.638808,99.462322,97.815294,1.647029,0.983441
IC_small_3_278um_cells,48,341,333,0,-1,0.924510,490.750000,471.500000,510.000000,38.500000,0.932903,89.851114,86.732088,92.970140,6.238052,0.840860,1.240580,1.133333,1.347826,0.214493,0.941372,0.764558,0.741469,0.787648,0.046178,0.997067,0.998534,0.997067,1.000000,0.002933,1.000000,6.000000,6.000000,6.000000,0.000000,23.290180,1.051541,1.175000,0.673809,0.047886,1.002483,22.203603,19.329343,0.872711,11.505991,0.519490,1.727196,0.077982,73.963467,163.063160,174.866116,151.260205,23.605911,0.865006
IC_small_3_278um_cells,49,341,330,0,-1,0.656416,390.500000,309.500000,471.500000,162.000000,0.806574,78.343954,69.955821,86.732088,16.776267,0.774194,1.195652,1.043478,1.347826,0.304348,0.991081,0.791192,0.787648,0.794736,0.007088,1.000000,1.000000,1.000000,1.000000,0.000000,0.833333,5.500000,5.000000,6.000000,1.000000,26.248874,1.335594,2.250000,0.483006,0.287452,0.359790,7.071068,21.422497,1.090019,13.010330,0.661991,5.617802,0.285845,76.883891,121.888458,152.744672,91.032245,61.712427,0.595977
IC_small_3_278um_cells,50,340,335,0,-1,0.458846,771.000000,485.000000,1057.000000,572.000000,0.719928,104.884184,87.804915,121.963453,34.158538,0.944762,1.317419,1.280000,1.354839,0.074839,0.885296,0.841734,0.790522,0.892946,0.102424,1.000000,1.000000,1.000000,1.000000,0.000000,0.857143,6.500000,6.000000,7.000000,1.000000,32.896132,1.206439,1.558140,0.596483,0.162127,0.541488,14.764823,25.585121,0.938314,16.446606,0.603166,10.023320,0.367597,85.129857,126.975498,135.000000,118.950995,16.049005,0.881118
IC_small_3_278um_cells,51,340,323,0,-1,0.562914,826.000000,595.000000,1057.000000,462.000000,0.869218,113.988111,106.012769,121.963453,15.950684,0.661665,1.701229,1.354839,2.047619,0.692780,0.745049,0.779118,0.665289,0.892946,0.227657,1.000000,1.000000,1.000000,1.000000,0.000000,0.714286,6.000000,5.000000,7.000000,2.000000,31.875052,1.120307,1.254902,0.513487,0.274818,0.472852,13.453624,25.753661,0.905159,15.814249,0.555821,5.922514,0.208158,58.876294,104.413783,122.949215,85.878351,37.070864,0.698486
IC_small_3_278um_cells,52,340,320,0,-1,0.832545,968.500000,880.000000,1057.000000,177.000000,0.976258,120.515653,119.067853,121.963453,2.895600,0.967742,1.377419,1.354839,1.400000,0.045161,0.873530,0.836481,0.780016,0.892946,0.112931,1.000000,1.000000,1.000000,1.000000,0.000000,0.714286,6.000000,5.000000,7.000000,2.000000,32.568235,1.047609,1.714286,0.653539,0.124677,0.772668,24.020824,24.922982,0.801687,16.107813,0.518133,0.518190,0.016668,73.072493,129.428555,133.722917,125.134193,8.588724,0.935772
IC_small_3_278um_cells,53,339,336,0,-1,0.927385,783.000000,753.500000,812.500000,59.000000,0.950228,112.664198,109.788889,115.539508,5.750620,0.944700,1.361290,1.322581,1.400000,0.077419,0.973634,0.775199,0.764843,0.785555,0.020712,1.000000,1.000000,1.000000,1.000000,0.000000,0.833333,5.500000,5.000000,6.000000,1.000000,32.766167,1.171175,1.780488,0.505385,0.230843,0.500408,14.000000,24.843300,0.887985,16.340457,0.584064,3.525436,0.126011,72.661732,97.518448,97.911880,97.125016,0.786864,0.991964
IC_small_3_278um_cells,54,339,331,0,-1,0.840000,747.500000,682.500000,812.500000,130.000000,0.929466,111.464773,107.390037,115.539508,8.149471,0.760369,1.232258,1.064516,1.400000,0.335484,0.972327,0.754260,0.743677,0.764843,0.021166,1.000000,1.000000,1.000000,1.000000,0.000000,0.833333,5.500000,5.000000,6.000000,1.000000,20.843056,0.763075,1.119048,0.801782,0.043144,1.278751,34.928498,16.778723,0.614278,10.401610,0.380808,1.396399,0.051123,21.996662,141.797097,156.370622,127.223571,29.147051,0.813603
IC_small_3_278um_cells,55,339,328,0,-1,0.795077,729.250000,646.000000,812.500000,166.500000,0.851105,106.937880,98.336251,115.539508,17.203257,0.806452,1.264516,1.129032,1.400000,0.270968,0.911081,0.802166,0.764843,0.839489,0.074646,1.000000,1.000000,1.000000,1.000000,0.000000,0.833333,5.500000,5.000000,6.000000,1.000000,34.609602,1.283717,1.125000,0.524299,0.218032,0.499013,13.453624,27.201273,1.008932,17.291963,0.641382,2.716357,0.100753,82.000105,124.246963,130.100908,118.393019,11.707888,0.910009
IC_small_3_278um_cells,56,338,337,0,-1,0.697148,1011.500000,831.000000,1192.000000,361.000000,0.899975,135.271496,128.150059,142.392934,14.242874,0.868650,2.358059,2.192308,2.523810,0.331502,0.860724,0.687324,0.635877,0.738770,0.102893,1.000000,1.000000,1.000000,1.000000,0.000000,0.833333,5.500000,5.000000,6.000000,1.000000,20.578890,0.649664,1.260870,0.854110,0.028423,1.547224,49.010203,16.742496,0.528551,10.062603,0.317671,3.267689,0.103159,17.228348,156.168500,164.981639,147.355360,17.626280,0.893162
IC_small_3_278um_cells,57,338,326,0,-1,0.739094,1036.500000,881.000000,1192.000000,311.000000,0.848658,131.617922,120.842909,142.392934,21.550024,0.603282,1.757444,1.322581,2.192308,0.869727,0.974464,0.748450,0.738770,0.758130,0.019360,1.000000,1.000000,1.000000,1.000000,0.000000,0.833333,5.500000,5.000000,6.000000,1.000000,34.574434,1.076968,1.880952,0.556413,0.177279,0.729850,23.430749,28.369127,0.883677,15.644498,0.487314,4.867697,0.151625,45.883229,104.697703,119.503510,89.891895,29.611615,0.752211
IC_small_3_278um_cells,58,338,318,0,-1,0.893456,1128.500000,1065.000000,1192.000000,127.000000,0.864609,132.753602,123.114270,142.392934,19.278664,0.494152,1.637821,1.083333,2.192308,1.108974,0.836694,0.810867,0.738770,0.882963,0.144193,1.000000,1.000000,1.000000,1.000000,0.000000,0.750000,7.000000,6.000000,8.000000,2.000000,48.744792,1.451609,2.021739,0.473952,0.258972,0.310910,10.440307,36.589169,1.089617,24.371468,0.725777,5.607393,0.166987,89.196940,116.083210,127.390163,104.776257,22.613906,0.822483
IC_small_3_278um_cells,59,337,325,0,-1,0.944318,855.500000,831.000000,880.000000,49.000000,0.975489,126.579501,125.008942,128.150059,3.141117,0.746734,2.204212,1.884615,2.523810,0.639194,0.898593,0.671757,0.635877,0.707637,0.071760,1.000000,1.000000,1.000000,1.000000,0.000000,0.833333,5.500000,5.000000,6.000000,1.000000,29.915391,1.022891,1.925000,0.530944,0.217124,0.887696,25.961510,24.397222,0.834209,11.795799,0.403331,0.382807,0.013089,31.745780,122.346918,122.488234,122.205601,0.282634,0.997693
IC_small_3_278um_cells,60,337,318,0,-1,0.780282,948.000000,831.000000,1065.000000,234.000000,0.960704,125.632165,123.114270,128.150059,5.035789,0.429245,1.803571,1.083333,2.523810,1.440476,0.720163,0.759420,0.635877,0.882963,0.247086,1.000000,1.000000,1.000000,1.000000,0.000000,0.625000,6.500000,5.000000,8.000000,3.000000,42.591325,1.385953,2.444444,0.482814,0.223629,0.473800,14.560220,31.925296,1.038873,21.125120,0.687427,0.228801,0.007445,73.405214,127.982966,148.097549,107.868384,40.229165,0.728360
IC_small_3_278um_cells,61,336,328,0,-1,0.857332,699.750000,646.000000,753.500000,107.500000,0.895685,104.062570,98.336251,109.788889,11.452638,0.853659,1.225806,1.129032,1.322581,0.193548,0.935753,0.812522,0.785555,0.839489,0.053935,1.000000,1.000000,1.000000,1.000000,0.000000,1.000000,6.000000,6.000000,6.000000,0.000000,24.026805,0.908962,1.463415,0.700518,0.108253,0.939706,24.839485,18.579323,0.702877,11.342200,0.429088,1.679906,0.063553,42.493392,126.593864,131.987212,121.200515,10.786698,0.918275
IC_small_3_278um_cells,62,336,316,0,-1,0.959522,738.250000,723.000000,753.500000,30.500000,0.878036,117.414022,109.788889,125.039156,15.250267,0.767097,1.523359,1.322581,1.724138,0.401557,0.739741,0.683331,0.581107,0.785555,0.204448,0.864316,0.932158,0.864316,1.000000,0.135684,0.857143,6.500000,6.000000,7.000000,1.000000,36.596550,1.346981,1.645833,0.453501,0.299695,0.599162,16.278821,28.557152,1.051081,18.103279,0.666314,1.201200,0.044212,75.114878,126.456137,141.410840,111.501434,29.909406,0.788493
IC_small_3_278um_cells,63,335,332,0,-1,0.452004,779.000000,485.000000,1073.000000,588.000000,0.705841,106.101271,87.804915,124.397626,36.592711,0.821314,1.165641,1.051282,1.280000,0.228718,0.907253,0.830929,0.790522,0.871335,0.080814,1.000000,1.000000,1.000000,1.000000,0.000000,0.857143,6.500000,6.000000,7.000000,1.000000,30.108342,1.099258,1.512195,0.600398,0.219512,0.577275,15.811388,23.732331,0.866469,13.808447,0.504148,7.614222,0.277996,59.500172,108.449278,124.295993,92.602562,31.693431,0.745016
IC_small_3_278um_cells,64,335,327,0,-1,0.779743,553.500000,485.000000,622.000000,137.000000,0.853831,95.320692,87.804915,102.836469,15.031554,0.718049,1.531304,1.280000,1.782609,0.502609,0.934958,0.764813,0.739105,0.790522,0.051417,1.000000,1.000000,1.000000,1.000000,0.000000,0.857143,6.500000,6.000000,7.000000,1.000000,22.623967,0.963488,1.119048,0.738204,0.027552,1.136364,26.683328,19.575581,0.833666,10.315330,0.439299,1.922150,0.081859,55.784756,171.181046,174.957549,167.404543,7.553005,0.956829
IC_small_3_278um_cells,65,335,320,0,-1,0.551136,682.500000,485.000000,880.000000,395.000000,0.737436,103.436384,87.804915,119.067853,31.262938,0.914286,1.340000,1.280000,1.400000,0.120000,0.986710,0.785269,0.780016,0.790522,0.010506,1.000000,1.000000,1.000000,1.000000,0.000000,0.833333,5.500000,5.000000,6.000000,1.000000,30.170111,1.167404,1.037037,0.529182,0.355678,0.519135,13.416408,25.117013,0.971879,14.991730,0.580091,6.796336,0.262978,69.988646,124.644277,133.373743,115.914812,17.458931,0.869098
IC_small_3_278um_cells,66,334,332,0,-1,0.548462,830.750000,588.500000,1073.000000,484.500000,0.755079,109.163818,93.930010,124.397626,30.467616,0.978780,1.062678,1.051282,1.074074,0.022792,0.961971,0.854768,0.838200,0.871335,0.033136,1.000000,1.000000,1.000000,1.000000,0.000000,0.857143,6.500000,6.000000,7.000000,1.000000,32.680893,1.146382,1.609756,0.552893,0.229612,0.420937,12.000000,25.861163,0.907159,16.294960,0.571596,6.809309,0.238857,83.364962,100.826920,112.543061,89.110780,23.432281,0.791793
IC_small_3_278um_cells,67,334,330,0,-1,0.525913,449.000000,309.500000,588.500000,279.000000,0.744765,81.942915,69.955821,93.930010,23.974189,0.971514,1.058776,1.043478,1.074074,0.030596,0.948146,0.816468,0.794736,0.838200,0.043464,1.000000,1.000000,1.000000,1.000000,0.000000,0.833333,5.500000,5.000000,6.000000,1.000000,22.295103,1.065435,1.179487,0.621340,0.164811,0.695802,14.560220,17.297372,0.826604,10.638644,0.508398,5.273315,0.252000,74.481672,121.905218,134.370401,109.440035,24.930367,0.814465
IC_small_3_278um_cells,68,334,329,0,-1,0.816483,534.500000,480.500000,588.500000,108.000000,0.929556,90.621592,87.313175,93.930010,6.616835,0.963139,1.054278,1.034483,1.074074,0.039591,0.944922,0.815117,0.792034,0.838200,0.046166,1.000000,1.000000,1.000000,1.000000,0.000000,0.833333,5.500000,5.000000,6.000000,1.000000,23.308353,1.009471,1.022727,0.631419,0.178204,0.766222,17.691806,19.915301,0.862520,11.641236,0.504175,0.822646,0.035628,89.048239,122.424686,138.179830,106.669542,31.510288,0.771962
IC_small_3_278um_cells,69,334,319,0,-1,0.927502,611.500000,588.500000,634.500000,46.000000,0.920280,97.998373,93.930010,102.066737,8.136727,0.982011,1.083912,1.074074,1.093750,0.019676,0.913115,0.801786,0.765373,0.838200,0.072827,1.000000,1.000000,1.000000,1.000000,0.000000,0.857143,6.500000,6.000000,7.000000,1.000000,31.723579,1.283101,1.463415,0.496729,0.304170,0.406480,10.049876,23.190143,0.937955,14.769132,0.597356,1.011811,0.040924,56.029395,117.862025,125.394796,110.329255,15.065541,0.879855
IC_small_3_278um_cells,70,333,330,0,-1,0.606863,409.750000,309.500000,510.000000,200.500000,0.752455,81.462980,69.955821,92.970140,23.014319,0.920716,1.088406,1.043478,1.133333,0.089855,0.932976,0.768102,0.741469,0.794736,0.053267,0.997067,0.998534,0.997067,1.000000,0.002933,0.833333,5.500000,5.000000,6.000000,1.000000,19.466675,0.969075,1.000000,0.582826,0.225747,0.746718,15.000000,16.516655,0.822219,8.980585,0.447065,2.474395,0.123178,69.637223,108.403750,117.707551,99.099950,18.607600,0.841917
IC_small_3_278um_cells,71,333,321,0,-1,0.755882,447.750000,385.500000,510.000000,124.500000,0.819896,84.597977,76.225814,92.970140,16.744326,0.992647,1.129167,1.125000,1.133333,0.008333,0.889330,0.787604,0.741469,0.833739,0.092270,0.997067,0.998534,0.997067,1.000000,0.002933,0.833333,5.500000,5.000000,6.000000,1.000000,23.464132,1.111588,1.636364,0.525095,0.243439,0.540146,11.401754,19.204696,0.909801,10.852831,0.514141,0.019082,0.000904,63.063511,106.095044,132.295124,79.894964,52.400160,0.603915
IC_small_3_278um_cells,72,332,329,0,-1,0.447810,776.750000,480.500000,1073.000000,592.500000,0.701888,105.855401,87.313175,124.397626,37.084452,0.984020,1.042882,1.034483,1.051282,0.016799,0.908988,0.831685,0.792034,0.871335,0.079302,1.000000,1.000000,1.000000,1.000000,0.000000,0.714286,6.000000,5.000000,7.000000,2.000000,26.862551,0.982591,1.019608,0.755750,0.055037,0.932571,25.495098,20.780760,0.760128,13.324408,0.487386,8.539361,0.312357,82.823444,149.554424,166.399457,132.709390,33.690068,0.797535
IC_small_3_278um_cells,73,332,327,0,-1,0.579683,847.500000,622.000000,1073.000000,451.000000,0.826675,113.617048,102.836469,124.397626,21.561157,0.589744,1.416945,1.051282,1.782609,0.731327,0.848243,0.805220,0.739105,0.871335,0.132231,1.000000,1.000000,1.000000,1.000000,0.000000,1.000000,7.000000,7.000000,7.000000,0.000000,28.654272,0.993274,1.076923,0.578700,0.199705,0.613270,17.691806,22.248987,0.771241,14.145387,0.490337,6.083635,0.210884,75.418056,86.394613,104.489763,68.299463,36.190299,0.653647
IC_small_3_278um_cells,74,331,328,0,-1,0.946520,664.250000,646.000000,682.500000,36.500000,0.915692,102.863144,98.336251,107.390037,9.053787,0.942857,1.096774,1.064516,1.129032,0.064516,0.885869,0.791583,0.743677,0.839489,0.095812,1.000000,1.000000,1.000000,1.000000,0.000000,1.000000,6.000000,6.000000,6.000000,0.000000,31.720101,1.230863,1.575000,0.505980,0.275122,0.467261,12.041595,24.650386,0.956531,15.370652,0.596441,1.705626,0.066185,66.401711,98.736091,114.383410,83.088773,31.294637,0.726406
IC_small_3_278um_cells,75,331,325,0,-1,0.775568,781.250000,682.500000,880.000000,197.500000,0.859059,116.199490,107.390037,125.008942,17.618905,0.564845,1.474566,1.064516,1.884615,0.820099,0.951537,0.725657,0.707637,0.743677,0.036041,1.000000,1.000000,1.000000,1.000000,0.000000,1.000000,6.000000,6.000000,6.000000,0.000000,28.800603,1.032474,1.204082,0.427154,0.252160,0.322641,9.000000,31.278946,1.121320,16.962109,0.608075,0.625813,0.022435,83.797204,99.474120,171.114185,27.834054,143.280131,0.162664
IC_small_3_278um_cells,76,331,324,0,-1,0.383883,472.250000,262.000000,682.500000,420.500000,0.781159,95.639388,83.888738,107.390037,23.501299,0.425806,1.782258,1.064516,2.500000,1.435484,0.629099,0.605762,0.467847,0.743677,0.275830,1.000000,1.000000,1.000000,1.000000,0.000000,0.666667,5.000000,4.000000,6.000000,2.000000,21.917847,1.036033,1.023256,0.510718,0.255691,0.917796,19.416488,21.803086,1.030608,9.975593,0.471535,8.028111,0.379480,88.397490,125.643367,164.054604,87.232130,76.822474,0.531726
IC_small_3_278um_cells,77,331,317,0,-1,0.573626,537.000000,391.500000,682.500000,291.000000,0.763167,94.673268,81.956498,107.390037,25.433540,0.698589,1.294163,1.064516,1.523810,0.459293,0.984896,0.738061,0.732445,0.743677,0.011233,1.000000,1.000000,1.000000,1.000000,0.000000,0.833333,5.500000,5.000000,6.000000,1.000000,33.926716,1.477932,1.137255,0.427479,0.380354,0.254011,5.830952,27.607006,1.202630,16.808507,0.732220,7.332390,0.319417,75.423209,118.172793,132.638625,103.706961,28.931664,0.781876
IC_small_3_278um_cells,78,331,314,0,-1,0.762144,789.000000,682.500000,895.500000,213.000000,0.920667,112.016886,107.390037,116.643735,9.253697,0.818859,1.182258,1.064516,1.300000,0.235484,0.899150,0.785384,0.743677,0.827090,0.083412,1.000000,1.000000,1.000000,1.000000,0.000000,1.000000,6.000000,6.000000,6.000000,0.000000,28.680734,1.023405,2.030303,0.672718,0.052598,0.933905,26.172505,22.767636,0.812410,14.068725,0.502010,4.345224,0.155049,64.427198,153.104247,164.297267,141.911227,22.386040,0.863747
IC_small_3_278um_cells,79,330,321,0,-1,0.802853,347.500000,309.500000,385.500000,76.000000,0.917744,73.090817,69.955821,76.225814,6.269993,0.927536,1.084239,1.043478,1.125000,0.081522,0.953219,0.814237,0.794736,0.833739,0.039003,1.000000,1.000000,1.000000,1.000000,0.000000,1.000000,5.000000,5.000000,5.000000,0.000000,17.213981,0.924817,1.156250,0.789981,0.002878,1.102340,20.518285,16.095151,0.864709,8.602491,0.462167,1.334249,0.071682,80.566912,178.951849,178.994914,178.908784,0.086130,0.999519
IC_small_3_278um_cells,80,330,319,0,-1,0.487786,472.000000,309.500000,634.500000,325.000000,0.685393,86.011279,69.955821,102.066737,32.110916,0.954037,1.068614,1.043478,1.093750,0.050272,0.963053,0.780054,0.765373,0.794736,0.029363,1.000000,1.000000,1.000000,1.000000,0.000000,0.714286,6.000000,5.000000,7.000000,2.000000,20.725965,0.968913,1.125000,0.553401,0.253708,0.598676,12.806248,17.969341,0.840044,9.541595,0.446058,3.266248,0.152693,40.862954,97.845638,100.234803,95.456474,4.778329,0.952329
IC_small_3_278um_cells,81,329,327,0,-1,0.772508,551.250000,480.500000,622.000000,141.500000,0.849049,95.074822,87.313175,102.836469,15.523294,0.580320,1.408546,1.034483,1.782609,0.748126,0.933173,0.765569,0.739105,0.792034,0.052929,1.000000,1.000000,1.000000,1.000000,0.000000,0.714286,6.000000,5.000000,7.000000,2.000000,33.642224,1.435854,2.300000,0.413979,0.287982,0.153885,3.605551,23.418348,0.999498,16.404745,0.700156,1.434087,0.061207,65.067387,87.356037,89.110780,85.601295,3.509485,0.960617
IC_small_3_278um_cells,82,329,319,0,-1,0.757289,557.500000,480.500000,634.500000,154.000000,0.855452,94.689956,87.313175,102.066737,14.753562,0.945813,1.064116,1.034483,1.093750,0.059267,0.966339,0.778703,0.765373,0.792034,0.026661,1.000000,1.000000,1.000000,1.000000,0.000000,0.714286,6.000000,5.000000,7.000000,2.000000,26.913145,1.142576,1.318182,0.601612,0.095067,0.780511,18.384776,22.644419,0.961351,13.392076,0.568550,3.912828,0.166116,82.272161,152.283127,161.565051,143.001203,18.563848,0.885100
IC_small_3_278um_cells,83,329,315,0,-1,1.000000,480.500000,480.500000,480.500000,0.000000,0.939595,90.119769,87.313175,92.926364,5.613189,0.827586,1.142241,1.034483,1.250000,0.215517,0.882839,0.745636,0.699239,0.792034,0.092795,1.000000,1.000000,1.000000,1.000000,0.000000,0.833333,5.500000,5.000000,6.000000,1.000000,19.826416,0.904477,1.428571,0.653224,0.150364,1.009837,22.135944,15.813906,0.721427,9.359870,0.426995,1.186978,0.054150,64.397015,118.381726,132.273689,104.489763,27.783926,0.789951
IC_small_3_278um_cells,84,328,317,0,-1,0.606037,518.750000,391.500000,646.000000,254.500000,0.833431,90.146374,81.956498,98.336251,16.379753,0.740927,1.326421,1.129032,1.523810,0.394777,0.872489,0.785967,0.732445,0.839489,0.107044,1.000000,1.000000,1.000000,1.000000,0.000000,0.833333,5.500000,5.000000,6.000000,1.000000,21.094434,0.933322,1.606061,0.718712,0.080482,1.008940,22.803509,17.185296,0.760363,10.168108,0.449888,3.310320,0.146465,50.855338,150.098552,155.924502,144.272602,11.651900,0.925272
IC_small_3_278um_cells,85,328,316,0,-1,0.893499,684.500000,646.000000,723.000000,77.000000,0.786444,111.687703,98.336251,125.039156,26.702905,0.654839,1.426585,1.129032,1.724138,0.595106,0.692215,0.710298,0.581107,0.839489,0.258382,0.864316,0.932158,0.864316,1.000000,0.135684,0.857143,6.500000,6.000000,7.000000,1.000000,30.129901,1.152081,1.074074,0.417551,0.417823,0.389944,10.198039,24.066173,0.920221,13.609906,0.520404,0.036315,0.001389,43.749373,96.771907,97.388645,96.155168,1.233477,0.987334
IC_small_3_278um_cells,86,328,305,0,-1,0.658176,813.750000,646.000000,981.500000,335.500000,0.824255,108.819695,98.336251,119.303140,20.966889,0.903226,1.189516,1.129032,1.250000,0.120968,0.968766,0.853022,0.839489,0.866556,0.027066,1.000000,1.000000,1.000000,1.000000,0.000000,0.857143,6.500000,6.000000,7.000000,1.000000,33.587342,1.183790,1.577778,0.580875,0.176344,0.528677,15.000000,26.431276,0.931574,16.264074,0.573229,3.387220,0.119383,77.191203,123.552623,148.284866,98.820380,49.464487,0.666423
IC_small_3_278um_cells,87,327,315,0,-1,0.772508,551.250000,480.500000,622.000000,141.500000,0.903632,97.881417,92.926364,102.836469,9.910105,0.701220,1.516304,1.250000,1.782609,0.532609,0.946062,0.719172,0.699239,0.739105,0.039866,1.000000,1.000000,1.000000,1.000000,0.000000,0.857143,6.500000,6.000000,7.000000,1.000000,37.433406,1.597662,1.720930,0.431093,0.309751,0.351949,8.246211,23.801824,1.015864,18.353260,0.783319,3.323123,0.141831,80.223983,137.638703,142.125016,133.152390,8.972627,0.936868
IC_small_3_278um_cells,88,327,313,0,-1,0.733119,539.000000,456.000000,622.000000,166.000000,0.905817,97.993737,93.151004,102.836469,9.685465,0.780488,1.586957,1.391304,1.782609,0.391304,0.893498,0.699747,0.660389,0.739105,0.078716,1.000000,1.000000,1.000000,1.000000,0.000000,0.571429,5.500000,4.000000,7.000000,3.000000,21.097983,0.911476,1.243902,0.607752,0.141466,1.008562,23.345235,17.884893,0.772664,10.389488,0.448847,0.256992,0.011103,43.405569,130.942821,169.840234,92.045408,77.794826,0.541953
IC_small_3_278um_cells,89,327,310,0,-1,0.630832,804.000000,622.000000,986.000000,364.000000,0.810003,114.897301,102.836469,126.958134,24.121664,0.747967,1.557971,1.333333,1.782609,0.449275,0.961480,0.753910,0.739105,0.768716,0.029611,1.000000,1.000000,1.000000,1.000000,0.000000,1.000000,7.000000,7.000000,7.000000,0.000000,30.751821,1.091641,1.074074,0.508897,0.246269,0.541860,15.264338,30.840095,1.094774,16.253800,0.576984,2.941665,0.104424,84.477197,96.030100,133.373743,58.686457,74.687286,0.440015
IC_small_3_278um_cells,90,327,309,0,-1,0.768489,550.000000,478.000000,622.000000,144.000000,0.859863,95.630874,88.425280,102.836469,14.411190,0.724593,1.537138,1.291667,1.782609,0.490942,0.962102,0.753662,0.739105,0.768219,0.029114,1.000000,1.000000,1.000000,1.000000,0.000000,0.714286,6.000000,5.000000,7.000000,2.000000,31.266345,1.336079,1.000000,0.450016,0.363636,0.341857,8.000000,22.804194,0.974473,14.703202,0.628300,0.522576,0.022331,46.183492,110.315883,122.811367,97.820398,24.990968,0.796509
IC_small_3_278um_cells,91,326,322,0,-1,0.802733,989.250000,881.000000,1097.500000,216.500000,0.886374,128.588461,120.842909,136.334012,15.491102,0.899355,1.396584,1.322581,1.470588,0.148008,0.978729,0.750067,0.742004,0.758130,0.016126,1.000000,1.000000,1.000000,1.000000,0.000000,0.833333,5.500000,5.000000,6.000000,1.000000,23.998275,0.764152,1.140000,0.806368,0.043215,1.298903,40.792156,19.869408,0.632681,11.529057,0.367108,1.775784,0.056544,23.798895,159.852585,162.538823,157.166346,5.372478,0.966946
IC_small_3_278um_cells,92,326,318,0,-1,0.827230,973.000000,881.000000,1065.000000,184.000000,0.981551,121.978590,120.842909,123.114270,2.271360,0.819106,1.202957,1.083333,1.322581,0.239247,0.858619,0.820546,0.758130,0.882963,0.124834,1.000000,1.000000,1.000000,1.000000,0.000000,0.625000,6.500000,5.000000,8.000000,3.000000,32.184577,1.032948,1.127273,0.618538,0.149024,0.724085,22.561028,26.199700,0.840866,15.473462,0.496613,2.101023,0.067431,63.293512,116.425604,119.744881,113.106327,6.638554,0.944561
IC_small_3_278um_cells,93,326,312,0,-1,0.998865,880.500000,880.000000,881.000000,1.000000,0.954537,118.095950,115.348990,120.842909,5.493919,0.982927,1.311290,1.300000,1.322581,0.022581,0.912176,0.794626,0.758130,0.831122,0.072993,1.000000,1.000000,1.000000,1.000000,0.000000,0.714286,6.000000,5.000000,7.000000,2.000000,33.290452,1.121902,1.794872,0.552481,0.233958,0.607543,18.027756,26.113993,0.880053,16.641453,0.560824,2.985286,0.100605,80.955442,119.487287,140.630683,98.343892,42.286791,0.699306
IC_small_3_278um_cells,94,325,324,0,-1,0.297727,571.000000,262.000000,880.000000,618.000000,0.671062,104.448840,83.888738,125.008942,41.120204,0.753846,2.192308,1.884615,2.500000,0.615385,0.661140,0.587742,0.467847,0.707637,0.239790,1.000000,1.000000,1.000000,1.000000,0.000000,0.666667,5.000000,4.000000,6.000000,2.000000,17.392777,0.758662,1.633333,0.774786,0.015762,1.587768,36.400549,14.144904,0.616992,7.347524,0.320494,6.793053,0.296309,23.602150,171.856318,175.601295,168.111342,7.489953,0.957347
IC_small_3_278um_cells,95,325,318,0,-1,0.826291,972.500000,880.000000,1065.000000,185.000000,0.984844,124.061606,123.114270,125.008942,1.894672,0.574830,1.483974,1.083333,1.884615,0.801282,0.801434,0.795300,0.707637,0.882963,0.175327,1.000000,1.000000,1.000000,1.000000,0.000000,0.750000,7.000000,6.000000,8.000000,2.000000,30.171067,0.968587,1.090909,0.622671,0.149100,0.802579,25.000000,21.059242,0.676069,14.136401,0.453823,2.695873,0.086546,45.569599,89.848425,90.000000,89.696851,0.303149,0.996632
IC_small_3_278um_cells,96,325,306,0,-1,0.561364,687.000000,494.000000,880.000000,386.000000,0.805984,112.882085,100.755229,125.008942,24.253713,0.564845,1.474566,1.064516,1.884615,0.820099,0.864154,0.659572,0.611507,0.707637,0.096129,0.990973,0.995486,0.990973,1.000000,0.009027,1.000000,6.000000,6.000000,6.000000,0.000000,39.371383,1.517468,2.131579,0.399996,0.296579,0.346882,9.000000,30.200533,1.164001,20.165648,0.777232,12.270864,0.472949,75.328657,116.697847,163.739795,69.655899,94.083897,0.425406
IC_small_3_278um_cells,97,324,314,0,-1,0.292574,578.750000,262.000000,895.500000,633.500000,0.719188,100.266237,83.888738,116.643735,32.754996,0.520000,1.900000,1.300000,2.500000,1.200000,0.565654,0.647468,0.467847,0.827090,0.359243,1.000000,1.000000,1.000000,1.000000,0.000000,0.666667,5.000000,4.000000,6.000000,2.000000,24.632724,1.068402,1.348837,0.500560,0.346868,0.652044,15.033296,24.492279,1.062311,10.317978,0.447525,10.433389,0.452531,28.993652,107.313971,108.470603,106.157340,2.313263,0.978674
IC_small_3_278um_cells,98,324,306,0,-1,0.530364,378.000000,262.000000,494.000000,232.000000,0.832599,92.321984,83.888738,100.755229,16.866490,0.425806,1.782258,1.064516,2.500000,1.435484,0.765072,0.539677,0.467847,0.611507,0.143660,0.990973,0.995486,0.990973,1.000000,0.009027,0.666667,5.000000,4.000000,6.000000,2.000000,24.611059,1.281408,2.161290,0.377838,0.313492,0.678862,13.038405,21.197521,1.103678,12.273848,0.639054,3.916036,0.203894,88.004580,130.787638,155.629880,105.945396,49.684484,0.680752
IC_small_3_278um_cells,99,323,320,0,-1,0.676136,737.500000,595.000000,880.000000,285.000000,0.890356,112.540311,106.012769,119.067853,13.055084,0.683721,1.723810,1.400000,2.047619,0.647619,0.852917,0.722653,0.665289,0.780016,0.114727,1.000000,1.000000,1.000000,1.000000,0.000000,1.000000,5.000000,5.000000,5.000000,0.000000,21.286566,0.787554,1.020000,0.732711,0.104407,1.221485,33.015148,18.679943,0.691115,10.193162,0.377124,4.032383,0.149189,38.232750,138.909120,140.398732,137.419509,2.979222,0.978780
IC_small_3_278um_cells,100,323,316,0,-1,0.822960,659.000000,595.000000,723.000000,128.000000,0.847837,115.525962,106.012769,125.039156,19.026387,0.842021,1.885878,1.724138,2.047619,0.323481,0.873465,0.623198,0.581107,0.665289,0.084182,0.864316,0.932158,0.864316,1.000000,0.135684,0.714286,6.000000,5.000000,7.000000,2.000000,17.525354,0.683499,1.487179,0.666182,0.151366,1.430849,36.687873,15.660264,0.610759,8.571850,0.334307,1.663488,0.064877,20.326617,146.680359,150.802514,142.558203,8.244311,0.945330
IC_small_3_278um_cells,101,323,311,0,-1,0.942948,613.000000,595.000000,631.000000,36.000000,0.932886,102.455314,98.897860,106.012769,7.114909,0.705426,1.746032,1.444444,2.047619,0.603175,0.820626,0.738000,0.665289,0.810710,0.145421,1.000000,1.000000,1.000000,1.000000,0.000000,0.833333,5.500000,5.000000,6.000000,1.000000,34.116909,1.378118,1.769231,0.451071,0.453507,0.405954,10.049876,28.022227,1.131929,17.058441,0.689058,4.104569,0.165800,83.030312,122.155402,128.605602,115.705201,12.900401,0.899690
IC_small_3_278um_cells,102,322,312,0,-1,0.801822,988.750000,880.000000,1097.500000,217.500000,0.846076,125.841501,115.348990,136.334012,20.985022,0.884000,1.385294,1.300000,1.470588,0.170588,0.892773,0.786563,0.742004,0.831122,0.089119,1.000000,1.000000,1.000000,1.000000,0.000000,0.857143,6.500000,6.000000,7.000000,1.000000,41.167906,1.311219,1.271186,0.504444,0.227560,0.473492,14.866069,31.140182,0.991831,20.163330,0.642212,7.613874,0.242506,77.336366,124.955237,145.420712,104.489763,40.930950,0.718534
IC_small_3_278um_cells,103,322,307,0,-1,0.670844,1366.750000,1097.500000,1636.000000,538.500000,0.880233,145.609039,136.334012,154.884066,18.550055,0.846222,1.357516,1.244444,1.470588,0.226144,0.865817,0.799501,0.742004,0.856998,0.114994,1.000000,1.000000,1.000000,1.000000,0.000000,0.857143,6.500000,6.000000,7.000000,1.000000,38.515795,1.046966,1.191176,0.524821,0.274008,0.480912,17.691806,31.926083,0.867839,18.924833,0.514429,6.512546,0.177029,55.198264,88.179055,101.523722,74.834388,26.689333,0.737112
IC_small_3_278um_cells,104,321,319,0,-1,0.607565,510.000000,385.500000,634.500000,249.000000,0.746823,89.146275,76.225814,102.066737,25.840923,0.972222,1.109375,1.093750,1.125000,0.031250,0.918001,0.799556,0.765373,0.833739,0.068366,1.000000,1.000000,1.000000,1.000000,0.000000,0.714286,6.000000,5.000000,7.000000,2.000000,21.829837,0.974037,1.400000,0.605540,0.194118,0.731814,16.401219,17.731814,0.791185,10.016484,0.446931,1.976071,0.088171,59.358791,106.445016,127.255289,85.634742,41.620547,0.672937
IC_small_3_278um_cells,105,320,311,0,-1,0.717045,755.500000,631.000000,880.000000,249.000000,0.830601,108.982856,98.897860,119.067853,20.169993,0.969231,1.422222,1.400000,1.444444,0.044444,0.962140,0.795363,0.780016,0.810710,0.030694,1.000000,1.000000,1.000000,1.000000,0.000000,0.833333,5.500000,5.000000,6.000000,1.000000,33.247680,1.213762,1.090909,0.537424,0.293845,0.547600,15.000000,25.781841,0.941209,16.541728,0.603883,5.573792,0.203481,79.389741,117.732830,141.490772,93.974889,47.515883,0.664177
IC_small_3_278um_cells,106,320,310,0,-1,0.892495,933.000000,880.000000,986.000000,106.000000,0.937851,123.012993,119.067853,126.958134,7.890281,0.952381,1.366667,1.333333,1.400000,0.066667,0.985513,0.774366,0.768716,0.780016,0.011300,1.000000,1.000000,1.000000,1.000000,0.000000,0.714286,6.000000,5.000000,7.000000,2.000000,29.663147,0.971520,1.244898,0.733518,0.024920,1.100966,33.615473,21.233428,0.695432,13.656774,0.447283,1.921169,0.062922,56.563440,154.978774,174.957549,135.000000,39.957549,0.771616
IC_small_3_278um_cells,107,319,315,0,-1,0.757289,557.500000,480.500000,634.500000,154.000000,0.910447,97.496550,92.926364,102.066737,9.140373,0.875000,1.171875,1.093750,1.250000,0.156250,0.913592,0.732306,0.699239,0.765373,0.066134,1.000000,1.000000,1.000000,1.000000,0.000000,0.857143,6.500000,6.000000,7.000000,1.000000,24.564852,1.042881,1.526316,0.514699,0.330045,0.636813,15.000000,20.817699,0.883799,9.970207,0.423277,2.245082,0.095313,35.334500,109.293067,124.640948,93.945186,30.695761,0.753727
IC_small_3_278um_cells,108,319,302,0,-1,0.714527,761.250000,634.500000,888.000000,253.500000,0.888352,108.480588,102.066737,114.894440,12.827703,0.937500,1.130208,1.093750,1.166667,0.072917,0.905416,0.805350,0.765373,0.845327,0.079954,1.000000,1.000000,1.000000,1.000000,0.000000,1.000000,7.000000,7.000000,7.000000,0.000000,26.291896,0.956267,1.476190,0.623303,0.117898,0.759452,20.880613,19.484385,0.708670,12.173576,0.442767,3.434533,0.124918,51.326156,96.893868,118.258030,75.529706,42.728324,0.638686
IC_small_3_278um_cells,109,318,312,0,-1,0.826291,972.500000,880.000000,1065.000000,185.000000,0.936926,119.231630,115.348990,123.114270,7.765280,0.833333,1.191667,1.083333,1.300000,0.216667,0.941287,0.857043,0.831122,0.882963,0.051841,1.000000,1.000000,1.000000,1.000000,0.000000,0.875000,7.500000,7.000000,8.000000,1.000000,35.506742,1.139879,1.259259,0.569541,0.197686,0.502494,15.652476,27.640750,0.887356,17.722814,0.568959,1.836680,0.058963,85.572123,99.025702,99.624436,98.426969,1.197467,0.987980
IC_small_3_278um_cells,110,318,308,0,-1,0.476995,786.500000,508.000000,1065.000000,557.000000,0.710898,105.317978,87.521686,123.114270,35.592583,0.889881,1.150362,1.083333,1.217391,0.134058,0.943843,0.858171,0.833378,0.882963,0.049585,1.000000,1.000000,1.000000,1.000000,0.000000,0.750000,7.000000,6.000000,8.000000,2.000000,26.514109,0.961123,1.611111,0.811765,0.026701,0.989418,27.294688,19.463175,0.705530,13.256815,0.480553,8.440061,0.305948,83.402725,148.084273,153.434949,142.733598,10.701351,0.930255
IC_small_3_278um_cells,111,318,306,0,-1,0.463850,779.500000,494.000000,1065.000000,571.000000,0.818388,111.934749,100.755229,123.114270,22.359041,0.982630,1.073925,1.064516,1.083333,0.018817,0.692562,0.747235,0.611507,0.882963,0.271456,0.990973,0.995486,0.990973,1.000000,0.009027,0.750000,7.000000,6.000000,8.000000,2.000000,40.876235,1.490190,1.116667,0.420410,0.474343,0.145825,4.000000,27.636783,1.007530,19.560817,0.713112,7.023840,0.256062,53.767040,92.475136,106.260205,78.690068,27.570137,0.740541
IC_small_3_278um_cells,112,318,299,0,-1,0.468075,781.750000,498.500000,1065.000000,566.500000,0.842014,113.389118,103.663966,123.114270,19.450304,0.833333,1.191667,1.083333,1.300000,0.216667,0.660202,0.732949,0.582934,0.882963,0.300029,1.000000,1.000000,1.000000,1.000000,0.000000,0.750000,7.000000,6.000000,8.000000,2.000000,44.369286,1.614560,1.109375,0.407543,0.392709,0.131203,3.605551,31.361986,1.141236,22.156053,0.806240,8.068845,0.293618,73.514948,110.074683,135.000000,85.149365,49.850635,0.630736
IC_small_3_278um_cells,113,317,314,0,-1,0.437186,643.500000,391.500000,895.500000,504.000000,0.702622,99.300116,81.956498,116.643735,34.687237,0.853125,1.411905,1.300000,1.523810,0.223810,0.885569,0.779767,0.732445,0.827090,0.094645,1.000000,1.000000,1.000000,1.000000,0.000000,0.833333,5.500000,5.000000,6.000000,1.000000,21.281583,0.856208,1.170732,0.716629,0.095571,0.973090,24.186773,18.027043,0.725270,10.622988,0.427388,7.446614,0.299595,40.627252,112.906490,114.381812,111.431167,2.950645,0.974204
IC_small_3_278um_cells,114,317,305,0,-1,0.398879,686.500000,391.500000,981.500000,590.000000,0.686960,100.629819,81.956498,119.303140,37.346642,0.820313,1.386905,1.250000,1.523810,0.273810,0.845237,0.799500,0.732445,0.866556,0.134111,1.000000,1.000000,1.000000,1.000000,0.000000,0.714286,6.000000,5.000000,7.000000,2.000000,23.634193,0.924741,1.063830,0.673321,0.152221,0.805680,20.591260,20.923598,0.818683,11.816474,0.462346,7.393586,0.289291,73.782005,122.778023,140.300927,105.255119,35.045808,0.750210
IC_small_3_278um_cells,115,317,304,0,-1,0.919540,375.750000,360.000000,391.500000,31.500000,0.901825,77.933468,73.910438,81.956498,8.046060,0.656250,1.261905,1.000000,1.523810,0.523810,0.884452,0.780290,0.732445,0.828134,0.095690,1.000000,1.000000,1.000000,1.000000,0.000000,1.000000,5.000000,5.000000,5.000000,0.000000,25.208203,1.300732,2.000000,0.490334,0.352628,0.440867,8.544004,21.185921,1.093184,12.236787,0.631413,2.143340,0.110595,65.633710,126.044143,130.887771,121.200515,9.687257,0.925988
IC_small_3_278um_cells,116,316,311,0,-1,0.872752,677.000000,631.000000,723.000000,92.000000,0.790935,111.968508,98.897860,125.039156,26.141295,0.837778,1.584291,1.444444,1.724138,0.279693,0.716788,0.695908,0.581107,0.810710,0.229603,0.864316,0.932158,0.864316,1.000000,0.135684,0.857143,6.500000,6.000000,7.000000,1.000000,31.444994,1.209228,1.173077,0.524721,0.298006,0.843392,21.931712,25.251942,0.971072,15.610285,0.600299,4.739006,0.182240,82.415847,105.823611,109.910626,101.736595,8.174031,0.925630
IC_small_3_278um_cells,117,316,305,0,-1,0.736628,852.250000,723.000000,981.500000,258.500000,0.954126,122.171148,119.303140,125.039156,5.736016,0.725000,1.487069,1.250000,1.724138,0.474138,0.670594,0.723831,0.581107,0.866556,0.285449,0.864316,0.932158,0.864316,1.000000,0.135684,1.000000,7.000000,7.000000,7.000000,0.000000,28.652087,0.984311,1.367347,0.686618,0.061602,1.163221,33.859949,22.269417,0.765041,14.036526,0.482209,6.490230,0.222965,62.600585,144.092407,172.624850,115.559965,57.064884,0.669428
IC_small_3_278um_cells,118,315,309,0,-1,0.994797,479.250000,478.000000,480.500000,2.500000,0.951563,90.675822,88.425280,92.926364,4.501084,0.967742,1.270833,1.250000,1.291667,0.041667,0.910208,0.733729,0.699239,0.768219,0.068980,1.000000,1.000000,1.000000,1.000000,0.000000,0.833333,5.500000,5.000000,6.000000,1.000000,19.078078,0.871473,1.128205,0.637193,0.105895,1.001825,21.931712,15.614456,0.713257,9.318993,0.425685,0.969299,0.044277,84.032488,101.112023,104.036243,98.187802,5.848441,0.943785
IC_small_3_278um_cells,119,315,302,0,-1,0.541104,684.250000,480.500000,888.000000,407.500000,0.808798,103.910402,92.926364,114.894440,21.968076,0.933333,1.208333,1.166667,1.250000,0.083333,0.827181,0.772283,0.699239,0.845327,0.146089,1.000000,1.000000,1.000000,1.000000,0.000000,0.857143,6.500000,6.000000,7.000000,1.000000,32.187953,1.244709,1.192308,0.599263,0.046767,0.742827,19.209373,24.320673,0.940481,15.530274,0.600556,6.630680,0.256409,70.691694,164.147363,168.465379,159.829347,8.636033,0.948737
IC_small_3_278um_cells,120,315,301,0,-1,0.983623,484.500000,480.500000,488.500000,8.000000,0.922844,89.341442,85.756520,92.926364,7.169844,0.855172,1.159483,1.068966,1.250000,0.181034,0.837694,0.766979,0.699239,0.834719,0.135480,1.000000,1.000000,1.000000,1.000000,0.000000,1.000000,6.000000,6.000000,6.000000,0.000000,25.724049,1.168681,1.472222,0.442551,0.402993,0.290903,6.403124,21.770384,0.989061,11.498139,0.522377,1.511829,0.068685,40.206932,89.427119,90.000000,88.854237,1.145763,0.987269
IC_small_3_278um_cells,121,314,306,0,-1,0.551647,694.750000,494.000000,895.500000,401.500000,0.863786,108.699482,100.755229,116.643735,15.888506,0.818859,1.182258,1.064516,1.300000,0.235484,0.739348,0.719298,0.611507,0.827090,0.215582,0.990973,0.995486,0.990973,1.000000,0.009027,1.000000,6.000000,6.000000,6.000000,0.000000,21.629540,0.829496,1.083333,0.632625,0.158330,0.982992,25.632011,18.466346,0.708187,10.760662,0.412673,5.153461,0.197636,38.192181,108.055026,117.897271,98.212780,19.684491,0.833037
IC_small_3_278um_cells,122,314,304,0,-1,0.402010,627.750000,360.000000,895.500000,535.500000,0.633643,95.277086,73.910438,116.643735,42.733297,0.769231,1.150000,1.000000,1.300000,0.300000,0.998739,0.827612,0.827090,0.828134,0.001045,1.000000,1.000000,1.000000,1.000000,0.000000,0.833333,5.500000,5.000000,6.000000,1.000000,27.791016,1.136680,1.130435,0.589130,0.175627,0.550267,13.453624,22.158719,0.906314,13.771357,0.563262,9.205974,0.376533,80.225562,113.145613,117.681062,108.610165,9.070897,0.922920
IC_small_3_278um_cells,123,314,290,0,-1,0.868788,836.750000,778.000000,895.500000,117.500000,0.931676,112.658969,108.674203,116.643735,7.969531,0.948718,1.266667,1.233333,1.300000,0.066667,0.999116,0.827455,0.827090,0.827821,0.000731,1.000000,1.000000,1.000000,1.000000,0.000000,0.857143,6.500000,6.000000,7.000000,1.000000,38.608744,1.335537,2.242424,0.520595,0.194801,0.420825,12.165525,25.767011,0.891321,19.214452,0.664658,1.657727,0.057343,89.447050,125.474653,141.009006,109.940301,31.068705,0.779669
IC_small_3_278um_cells,124,313,310,0,-1,0.462475,721.000000,456.000000,986.000000,530.000000,0.733714,110.054569,93.151004,126.958134,33.807129,0.958333,1.362319,1.333333,1.391304,0.057971,0.859081,0.714552,0.660389,0.768716,0.108327,1.000000,1.000000,1.000000,1.000000,0.000000,0.571429,5.500000,4.000000,7.000000,3.000000,21.362580,0.809882,1.000000,0.708347,0.135922,1.140492,30.083218,20.691389,0.784436,10.127698,0.383954,6.201126,0.235092,3.427443,130.616883,131.473309,129.760456,1.712853,0.986972
IC_small_3_278um_cells,125,313,309,0,-1,0.953975,467.000000,456.000000,478.000000,22.000000,0.949268,90.788142,88.425280,93.151004,4.725725,0.928385,1.341486,1.291667,1.391304,0.099638,0.859636,0.714304,0.660389,0.768219,0.107830,1.000000,1.000000,1.000000,1.000000,0.000000,0.800000,4.500000,4.000000,5.000000,1.000000,17.988051,0.832445,1.314286,0.744712,0.017666,1.296601,28.017851,14.916281,0.690291,8.733709,0.404176,0.155555,0.007199,51.481475,174.780627,179.427061,170.134193,9.292868,0.948208
IC_small_3_278um_cells,126,313,295,0,-1,0.680089,563.250000,456.000000,670.500000,214.500000,0.916484,97.395289,93.151004,101.639574,8.488569,0.831055,1.273777,1.156250,1.391304,0.235054,0.809686,0.738000,0.660389,0.815611,0.155222,1.000000,1.000000,1.000000,1.000000,0.000000,0.571429,5.500000,4.000000,7.000000,3.000000,28.832581,1.220474,1.621622,0.481964,0.341767,0.495456,11.704700,21.573281,0.913190,12.713656,0.538165,1.216211,0.051482,48.822217,103.659669,108.510637,98.808701,9.701936,0.910590
IC_small_3_278um_cells,127,312,308,0,-1,0.577273,694.000000,508.000000,880.000000,372.000000,0.758756,101.435338,87.521686,115.348990,27.827304,0.936455,1.258696,1.217391,1.300000,0.082609,0.997293,0.832250,0.831122,0.833378,0.002256,1.000000,1.000000,1.000000,1.000000,0.000000,0.857143,6.500000,6.000000,7.000000,1.000000,35.835526,1.372913,1.970588,0.488957,0.294308,0.268180,7.000000,27.512902,1.054060,17.424578,0.667562,7.426153,0.284507,74.509140,106.560773,108.138082,104.983465,3.154617,0.970828
IC_small_3_278um_cells,128,312,307,0,-1,0.537897,1258.000000,880.000000,1636.000000,756.000000,0.744744,135.116528,115.348990,154.884066,39.535076,0.957265,1.272222,1.244444,1.300000,0.055556,0.969807,0.844060,0.831122,0.856998,0.025875,1.000000,1.000000,1.000000,1.000000,0.000000,1.000000,7.000000,7.000000,7.000000,0.000000,43.124290,1.230149,2.066667,0.540099,0.139706,0.403414,14.142136,31.319469,0.893409,21.046544,0.600367,9.994628,0.285103,78.685340,94.411485,113.055566,75.767404,37.288162,0.670178
IC_small_3_278um_cells,129,312,297,0,-1,0.895455,834.000000,788.000000,880.000000,92.000000,0.946529,112.265105,109.181219,115.348990,6.167771,0.937500,1.259375,1.218750,1.300000,0.081250,0.999483,0.830907,0.830692,0.831122,0.000430,1.000000,1.000000,1.000000,1.000000,0.000000,0.857143,6.500000,6.000000,7.000000,1.000000,24.224560,0.839147,1.200000,0.854515,0.014988,1.176243,33.955854,18.915409,0.655236,12.073489,0.418230,1.162528,0.040270,73.795494,164.254581,177.119622,151.389540,25.730082,0.854730
IC_small_3_278um_cells,130,312,294,0,-1,0.740909,766.000000,652.000000,880.000000,228.000000,0.898640,109.503094,103.657198,115.348990,11.691792,0.885781,1.225758,1.151515,1.300000,0.148485,0.917474,0.796828,0.762533,0.831122,0.068590,1.000000,1.000000,1.000000,1.000000,0.000000,0.714286,6.000000,5.000000,7.000000,2.000000,33.548185,1.215534,1.087719,0.503205,0.312337,0.424090,11.704700,26.674192,0.966472,15.386601,0.557495,4.713179,0.170770,64.680026,101.304933,116.085600,86.524266,29.561334,0.745349
IC_small_3_278um_cells,131,311,310,0,-1,0.639959,808.500000,631.000000,986.000000,355.000000,0.778980,112.927997,98.897860,126.958134,28.060274,0.923077,1.388889,1.333333,1.444444,0.111111,0.948201,0.789713,0.768716,0.810710,0.041994,1.000000,1.000000,1.000000,1.000000,0.000000,0.857143,6.500000,6.000000,7.000000,1.000000,35.230228,1.246639,1.541667,0.453337,0.337353,0.250213,7.071068,26.786105,0.947839,17.614327,0.623291,3.668341,0.129806,81.500737,97.335244,111.161260,83.509228,27.652031,0.751244
IC_small_3_278um_cells,132,311,303,0,-1,0.691759,533.750000,436.500000,631.000000,194.500000,0.859392,91.944962,84.992063,98.897860,13.905797,0.894231,1.368056,1.291667,1.444444,0.152778,0.936638,0.785026,0.759342,0.810710,0.051368,1.000000,1.000000,1.000000,1.000000,0.000000,0.833333,5.500000,5.000000,6.000000,1.000000,25.019529,1.087515,1.325000,0.652412,0.072131,0.880132,20.248457,22.243360,0.966844,11.996307,0.521439,3.843833,0.167079,69.064994,144.594950,172.624850,116.565051,56.059798,0.675251
IC_small_3_278um_cells,133,311,298,0,-1,0.921168,658.000000,631.000000,685.000000,54.000000,0.988268,99.484879,98.897860,100.071898,1.174038,0.713942,1.237847,1.031250,1.444444,0.413194,0.943168,0.835135,0.810710,0.859560,0.048850,1.000000,1.000000,1.000000,1.000000,0.000000,1.000000,6.000000,6.000000,6.000000,0.000000,22.877825,0.892058,1.041667,0.737191,0.107143,0.959083,24.596748,17.638980,0.687784,11.382328,0.443823,0.981480,0.038270,87.281004,131.654517,140.403791,122.905243,17.498548,0.875370
IC_small_3_278um_cells,134,310,298,0,-1,0.694726,835.500000,685.000000,986.000000,301.000000,0.788228,113.515016,100.071898,126.958134,26.886235,0.773438,1.182292,1.031250,1.333333,0.302083,0.894313,0.814138,0.768716,0.859560,0.090844,1.000000,1.000000,1.000000,1.000000,0.000000,0.857143,6.500000,6.000000,7.000000,1.000000,33.038383,1.147701,1.192982,0.539438,0.247756,0.516424,14.866069,25.261453,0.877543,16.515891,0.573736,3.183602,0.110593,81.657108,108.791543,109.148137,108.434949,0.713189,0.993466
IC_small_3_278um_cells,135,310,295,0,-1,0.680020,828.250000,670.500000,986.000000,315.500000,0.800576,114.298854,101.639574,126.958134,25.318560,0.867188,1.244792,1.156250,1.333333,0.177083,0.942503,0.792163,0.768716,0.815611,0.046895,1.000000,1.000000,1.000000,1.000000,0.000000,1.000000,7.000000,7.000000,7.000000,0.000000,37.588082,1.312097,1.196721,0.516201,0.240266,0.484947,13.892444,26.635417,0.929770,18.317796,0.639424,5.369019,0.187418,82.547697,133.460269,135.489696,131.430843,4.058853,0.970043
IC_small_3_278um_cells,136,310,292,0,-1,0.728195,852.000000,718.000000,986.000000,268.000000,0.843218,117.005758,107.053383,126.958134,19.904750,0.966667,1.356322,1.333333,1.379310,0.045977,0.976410,0.778002,0.768716,0.787288,0.018572,1.000000,1.000000,1.000000,1.000000,0.000000,0.857143,6.500000,6.000000,7.000000,1.000000,33.947253,1.166649,1.875000,0.487039,0.227993,0.418087,12.165525,26.391166,0.906973,16.618353,0.571115,4.257152,0.146304,75.566677,93.946147,103.663229,84.229064,19.434166,0.812526
IC_small_3_278um_cells,137,309,301,0,-1,0.978506,483.250000,478.000000,488.500000,10.500000,0.969819,87.090900,85.756520,88.425280,2.668760,0.827586,1.180316,1.068966,1.291667,0.222701,0.920332,0.801469,0.768219,0.834719,0.066500,1.000000,1.000000,1.000000,1.000000,0.000000,0.833333,5.500000,5.000000,6.000000,1.000000,21.487942,0.977497,1.153846,0.715155,0.034144,0.997684,21.931712,16.962608,0.771637,10.742941,0.488701,0.140122,0.006374,80.327695,159.619070,171.812198,147.425943,24.386255,0.858064
IC_small_3_278um_cells,138,309,295,0,-1,0.712901,574.250000,478.000000,670.500000,192.500000,0.869989,95.032427,88.425280,101.639574,13.214294,0.895161,1.223958,1.156250,1.291667,0.135417,0.941894,0.791915,0.768219,0.815611,0.047392,1.000000,1.000000,1.000000,1.000000,0.000000,0.714286,6.000000,5.000000,7.000000,2.000000,26.885075,1.125906,1.191489,0.482353,0.319547,0.357810,8.544004,21.979498,0.920468,13.306608,0.557260,0.371692,0.015566,81.077752,84.172397,96.282492,72.062302,24.220190,0.748447
IC_small_3_278um_cells,139,308,299,0,-1,0.981299,503.250000,498.500000,508.000000,9.500000,0.844283,95.592826,87.521686,103.663966,16.142279,0.936455,1.258696,1.217391,1.300000,0.082609,0.699483,0.708156,0.582934,0.833378,0.250444,1.000000,1.000000,1.000000,1.000000,0.000000,1.000000,6.000000,6.000000,6.000000,0.000000,26.904587,1.199332,1.461538,0.499524,0.251863,0.714627,16.031220,22.389975,0.998083,12.982289,0.578714,0.308194,0.013738,61.638180,114.648786,132.117037,97.180535,34.936501,0.735564
IC_small_3_278um_cells,140,308,297,0,-1,0.644670,648.000000,508.000000,788.000000,280.000000,0.801619,98.351453,87.521686,109.181219,21.659533,0.998885,1.218071,1.217391,1.218750,0.001359,0.996777,0.832035,0.830692,0.833378,0.002686,1.000000,1.000000,1.000000,1.000000,0.000000,1.000000,6.000000,6.000000,6.000000,0.000000,30.871949,1.219989,1.418605,0.552793,0.158179,0.495156,12.529964,23.035056,0.910293,15.435257,0.609966,6.124547,0.242028,85.132247,106.080622,108.534248,103.626995,4.907253,0.954786
IC_small_3_278um_cells,141,308,296,0,-1,0.707677,433.750000,359.500000,508.000000,148.500000,0.895427,82.945496,78.369306,87.521686,9.152380,0.884615,1.147157,1.076923,1.217391,0.140468,0.882622,0.784468,0.735558,0.833378,0.097821,1.000000,1.000000,1.000000,1.000000,0.000000,0.666667,5.000000,4.000000,6.000000,2.000000,24.880269,1.199068,1.045455,0.521145,0.321037,0.512304,10.630146,21.317905,1.027385,12.435251,0.599299,1.914534,0.092268,79.392097,126.247041,135.209874,117.284207,17.925666,0.867423
IC_small_3_278um_cells,142,308,289,0,-1,0.728315,602.750000,508.000000,697.500000,189.500000,0.830881,96.428830,87.521686,105.335974,17.814288,0.946860,1.251553,1.217391,1.285714,0.068323,0.947891,0.811665,0.789952,0.833378,0.043426,1.000000,1.000000,1.000000,1.000000,0.000000,1.000000,6.000000,6.000000,6.000000,0.000000,28.434887,1.161815,2.000000,0.557872,0.148486,0.573480,14.035669,21.562803,0.881030,14.112066,0.576602,5.186062,0.211896,67.436563,118.378505,128.769675,107.987335,20.782341,0.838608
IC_small_3_278um_cells,143,307,300,0,-1,0.633557,1336.250000,1036.500000,1636.000000,599.500000,0.897650,146.957867,139.031668,154.884066,15.852398,0.933333,1.288889,1.244444,1.333333,0.088889,0.786271,0.765415,0.673832,0.856998,0.183166,1.000000,1.000000,1.000000,1.000000,0.000000,0.714286,6.000000,5.000000,7.000000,2.000000,33.059837,0.910210,1.357143,0.665888,0.120112,0.954538,34.669872,28.294638,0.779014,15.807423,0.435213,6.870682,0.189165,62.673654,124.881503,138.066486,111.696520,26.369965,0.809005
IC_small_3_278um_cells,144,307,294,0,-1,0.398533,1144.000000,652.000000,1636.000000,984.000000,0.669257,129.270632,103.657198,154.884066,51.226869,0.925325,1.197980,1.151515,1.244444,0.092929,0.889772,0.809765,0.762533,0.856998,0.094465,1.000000,1.000000,1.000000,1.000000,0.000000,0.714286,6.000000,5.000000,7.000000,2.000000,33.799309,1.024504,1.031250,0.732825,0.038243,0.916387,30.232433,26.847477,0.813784,16.894382,0.512092,12.006797,0.363943,83.264420,165.270514,168.146996,162.394032,5.752964,0.965786
IC_small_3_278um_cells,145,307,281,0,-1,0.963325,1606.000000,1576.000000,1636.000000,60.000000,0.978501,153.219173,151.554280,154.884066,3.329786,0.885569,1.173243,1.102041,1.244444,0.142404,0.993917,0.859620,0.856998,0.862243,0.005245,1.000000,1.000000,1.000000,1.000000,0.000000,1.000000,7.000000,7.000000,7.000000,0.000000,44.161710,1.102027,1.450000,0.519824,0.289072,0.346677,13.892444,35.904547,0.895974,20.532038,0.512364,1.296516,0.032354,54.989610,88.446719,94.815331,82.078107,12.737224,0.865663
IC_small_3_278um_cells,146,306,299,0,-1,0.990973,496.250000,494.000000,498.500000,4.500000,0.971941,102.209597,100.755229,103.663966,2.908737,0.818859,1.182258,1.064516,1.300000,0.235484,0.953274,0.597221,0.582934,0.611507,0.028573,0.990973,0.995486,0.990973,1.000000,0.009027,1.000000,6.000000,6.000000,6.000000,0.000000,14.136039,0.634569,1.333333,0.795372,0.011587,1.777558,39.597980,10.322112,0.463361,6.586842,0.295684,0.232734,0.010447,12.202264,161.565051,176.820170,146.309932,30.510237,0.827450
IC_small_3_278um_cells,147,306,290,0,-1,0.634961,636.000000,494.000000,778.000000,284.000000,0.927131,104.714716,100.755229,108.674203,7.918975,0.863121,1.148925,1.064516,1.233333,0.168817,0.738695,0.719664,0.611507,0.827821,0.216314,0.990973,0.995486,0.990973,1.000000,0.009027,0.857143,6.500000,6.000000,7.000000,1.000000,36.374430,1.451529,1.072727,0.440665,0.302673,0.378574,9.486833,26.779568,1.068644,16.007190,0.638770,2.031573,0.081070,58.451918,110.419302,119.744881,101.093723,18.651158,0.844243
IC_small_3_278um_cells,148,305,304,0,-1,0.366786,670.750000,360.000000,981.500000,621.500000,0.619518,96.606789,73.910438,119.303140,45.392702,0.800000,1.125000,1.000000,1.250000,0.250000,0.955662,0.847345,0.828134,0.866556,0.038421,1.000000,1.000000,1.000000,1.000000,0.000000,0.714286,6.000000,5.000000,7.000000,2.000000,27.006534,1.073764,1.081633,0.650639,0.122997,0.641101,16.124515,22.271320,0.885494,13.503234,0.536881,10.645028,0.423240,79.971262,116.657164,134.815770,98.498559,36.317211,0.730616
IC_small_3_278um_cells,149,305,303,0,-1,0.444727,709.000000,436.500000,981.500000,545.000000,0.712404,102.147602,84.992063,119.303140,34.311076,0.967742,1.270833,1.250000,1.291667,0.041667,0.876276,0.812949,0.759342,0.866556,0.107214,1.000000,1.000000,1.000000,1.000000,0.000000,0.714286,6.000000,5.000000,7.000000,2.000000,24.456212,0.936634,1.040000,0.693891,0.111072,0.843435,22.022716,20.493514,0.784869,12.080198,0.462652,7.007611,0.268380,79.335936,124.819307,139.727988,109.910626,29.817362,0.786604
IC_small_3_278um_cells,150,305,291,0,-1,0.708609,838.500000,695.500000,981.500000,286.000000,0.829345,109.123293,98.943446,119.303140,20.359694,0.942857,1.214286,1.178571,1.250000,0.071429,0.970652,0.879656,0.866556,0.892756,0.026201,1.000000,1.000000,1.000000,1.000000,0.000000,1.000000,7.000000,7.000000,7.000000,0.000000,34.425785,1.193243,1.533333,0.555136,0.176506,0.405700,11.704700,24.755315,0.858051,17.204825,0.596342,6.128662,0.212427,83.490979,98.119451,110.782659,85.456242,25.326417,0.771386
IC_small_3_278um_cells,151,304,291,0,-1,0.517613,527.750000,360.000000,695.500000,335.500000,0.746997,86.426942,73.910438,98.943446,25.033008,0.848485,1.089286,1.000000,1.178571,0.178571,0.927615,0.860445,0.828134,0.892756,0.064622,1.000000,1.000000,1.000000,1.000000,0.000000,0.714286,6.000000,5.000000,7.000000,2.000000,23.150986,1.021082,1.097561,0.724800,0.101374,0.828664,18.788294,19.803705,0.873449,11.460174,0.505455,5.359803,0.236396,78.825206,151.772079,163.816171,139.727988,24.088183,0.852956
IC_small_3_278um_cells,152,304,290,0,-1,0.462725,569.000000,360.000000,778.000000,418.000000,0.680110,91.292320,73.910438,108.674203,34.763766,0.810811,1.116667,1.000000,1.233333,0.233333,0.999622,0.827978,0.827821,0.828134,0.000313,1.000000,1.000000,1.000000,1.000000,0.000000,0.714286,6.000000,5.000000,7.000000,2.000000,23.154092,0.988091,1.093023,0.647745,0.200791,0.725468,17.000000,19.398806,0.827836,10.849989,0.463019,5.487189,0.234163,60.852521,122.381000,141.449535,103.312466,38.137069,0.730384
IC_small_3_278um_cells,153,303,298,0,-1,0.637226,560.750000,436.500000,685.000000,248.500000,0.849310,92.531981,84.992063,100.071898,15.079835,0.798387,1.161458,1.031250,1.291667,0.260417,0.883408,0.809451,0.759342,0.859560,0.100218,1.000000,1.000000,1.000000,1.000000,0.000000,0.833333,5.500000,5.000000,6.000000,1.000000,31.353006,1.332325,2.000000,0.481606,0.351761,0.297460,7.000000,25.024893,1.063416,15.601881,0.662992,3.654183,0.155282,87.154568,112.282975,120.529706,104.036243,16.493462,0.863159
IC_small_3_278um_cells,154,303,293,0,-1,0.978700,441.250000,436.500000,446.000000,9.500000,0.992000,85.334791,84.992063,85.677519,0.685456,0.782828,1.470833,1.291667,1.650000,0.358333,0.994550,0.761423,0.759342,0.763503,0.004161,1.000000,1.000000,1.000000,1.000000,0.000000,0.833333,5.500000,5.000000,6.000000,1.000000,15.565631,0.741021,1.027027,0.833435,0.042493,1.316724,27.658633,13.143128,0.625695,7.770072,0.369904,0.031280,0.001489,78.926341,154.700330,155.965712,153.434949,2.530763,0.983774
IC_small_3_278um_cells,155,303,291,0,-1,0.627606,566.000000,436.500000,695.500000,259.000000,0.858996,91.967755,84.992063,98.943446,13.951382,0.912442,1.235119,1.178571,1.291667,0.113095,0.850559,0.826049,0.759342,0.892756,0.133414,1.000000,1.000000,1.000000,1.000000,0.000000,0.714286,6.000000,5.000000,7.000000,2.000000,30.612749,1.295369,1.439024,0.505144,0.238516,0.341152,8.062258,22.773041,0.963634,15.299950,0.647413,3.447150,0.145865,88.713051,103.153784,109.489353,96.818215,12.671139,0.884271
IC_small_3_278um_cells,156,302,301,0,-1,0.550113,688.250000,488.500000,888.000000,399.500000,0.746394,100.325480,85.756520,114.894440,29.137920,0.916256,1.117816,1.068966,1.166667,0.097701,0.987450,0.840023,0.834719,0.845327,0.010608,1.000000,1.000000,1.000000,1.000000,0.000000,0.857143,6.500000,6.000000,7.000000,1.000000,28.690037,1.105560,1.702703,0.602710,0.185252,0.601930,15.620499,23.166320,0.892706,12.938027,0.498562,5.340885,0.205809,60.220824,101.995158,102.680383,101.309932,1.370451,0.986653
IC_small_3_278um_cells,157,302,285,0,-1,0.971554,901.000000,888.000000,914.000000,26.000000,0.998358,114.988949,114.894440,115.083457,0.189018,0.903475,1.110360,1.054054,1.166667,0.112613,0.974753,0.856275,0.845327,0.867222,0.021895,1.000000,1.000000,1.000000,1.000000,0.000000,0.857143,6.500000,6.000000,7.000000,1.000000,29.366827,0.978376,1.400000,0.649566,0.172863,0.720729,21.633308,23.727006,0.790482,13.858846,0.461717,0.817839,0.027247,75.780266,108.377239,121.560048,95.194429,26.365619,0.783106
IC_small_3_278um_cells,158,301,295,0,-1,0.728561,579.500000,488.500000,670.500000,182.000000,0.843732,93.698047,85.756520,101.639574,15.883054,0.924511,1.112608,1.068966,1.156250,0.087284,0.977109,0.825165,0.815611,0.834719,0.019108,1.000000,1.000000,1.000000,1.000000,0.000000,0.857143,6.500000,6.000000,7.000000,1.000000,28.455309,1.185735,1.550000,0.519760,0.289905,0.416701,10.000000,21.167860,0.882067,13.279414,0.553354,2.919528,0.121657,72.387773,107.472053,116.291565,98.652542,17.639023,0.848321
IC_small_3_278um_cells,159,301,285,0,-1,0.534464,701.250000,488.500000,914.000000,425.500000,0.745168,100.419989,85.756520,115.083457,29.326937,0.986051,1.061510,1.054054,1.068966,0.014911,0.962520,0.850970,0.834719,0.867222,0.032503,1.000000,1.000000,1.000000,1.000000,0.000000,1.000000,6.000000,6.000000,6.000000,0.000000,29.972354,1.145415,1.000000,0.654715,0.115508,0.702588,18.384776,24.213450,0.925335,14.980473,0.572490,8.023708,0.306632,82.823466,150.715656,163.495639,137.935673,25.559965,0.843666
IC_small_3_278um_cells,160,301,284,0,-1,0.712099,587.250000,488.500000,686.000000,197.500000,0.846476,93.533279,85.756520,101.310039,15.553519,0.963832,1.049634,1.030303,1.068966,0.038662,0.993828,0.837311,0.834719,0.839903,0.005184,1.000000,1.000000,1.000000,1.000000,0.000000,1.000000,6.000000,6.000000,6.000000,0.000000,26.924293,1.115024,1.540541,0.574851,0.261388,0.555618,13.416408,22.471941,0.930638,12.946358,0.536152,3.763905,0.155876,67.415915,110.770944,113.629378,107.912509,5.716868,0.949688
IC_small_3_278um_cells,161,300,286,0,-1,0.614222,1362.000000,1036.500000,1687.500000,651.000000,0.840523,152.221294,139.031668,165.410920,26.379252,0.765000,1.176667,1.020000,1.333333,0.313333,0.869414,0.724437,0.673832,0.775042,0.101210,0.975152,0.987576,0.975152,1.000000,0.024848,0.625000,6.500000,5.000000,8.000000,3.000000,33.743991,0.921037,1.206349,0.553304,0.241557,0.760346,27.856777,28.871360,0.788039,14.070131,0.384042,5.738820,0.156640,20.652112,91.125319,99.236249,83.014389,16.221860,0.836533
IC_small_3_278um_cells,162,300,281,0,-1,0.657678,1306.250000,1036.500000,1576.000000,539.500000,0.917372,145.292974,139.031668,151.554280,12.522612,0.826531,1.217687,1.102041,1.333333,0.231293,0.781488,0.768038,0.673832,0.862243,0.188411,1.000000,1.000000,1.000000,1.000000,0.000000,0.714286,6.000000,5.000000,7.000000,2.000000,43.032396,1.197114,1.185714,0.609032,0.047464,0.812483,29.206164,35.857144,0.997506,21.510137,0.598388,5.875352,0.163446,88.637459,162.857433,172.226717,153.488148,18.738569,0.891198
IC_small_3_278um_cells,163,299,296,0,-1,0.721163,429.000000,359.500000,498.500000,139.000000,0.755994,91.016636,78.369306,103.663966,25.294660,0.828402,1.188462,1.076923,1.300000,0.223077,0.792506,0.659246,0.582934,0.735558,0.152624,1.000000,1.000000,1.000000,1.000000,0.000000,0.666667,5.000000,4.000000,6.000000,2.000000,15.118982,0.732374,1.270270,0.601660,0.174242,1.166606,24.083189,14.655573,0.709926,7.542050,0.365342,0.880043,0.042630,17.523131,122.913473,127.609591,118.217356,9.392235,0.926399
IC_small_3_278um_cells,164,299,290,0,-1,0.640746,638.250000,498.500000,778.000000,279.500000,0.953897,106.169085,103.663966,108.674203,5.010238,0.948718,1.266667,1.233333,1.300000,0.066667,0.704179,0.705378,0.582934,0.827821,0.244887,1.000000,1.000000,1.000000,1.000000,0.000000,0.857143,6.500000,6.000000,7.000000,1.000000,32.012567,1.274899,1.055556,0.446533,0.313357,0.454074,11.401754,24.280933,0.966987,15.586503,0.620732,1.335375,0.053181,66.037044,104.036243,144.637538,63.434949,81.202589,0.438579
IC_small_3_278um_cells,165,299,279,0,-1,0.523360,725.500000,498.500000,952.500000,454.000000,0.888123,110.193239,103.663966,116.722513,13.058547,0.997674,1.301515,1.300000,1.303030,0.003030,0.663520,0.730741,0.582934,0.878548,0.295614,1.000000,1.000000,1.000000,1.000000,0.000000,0.857143,6.500000,6.000000,7.000000,1.000000,35.306956,1.327586,2.228571,0.444668,0.227774,0.336316,8.944272,27.677797,1.040720,17.202617,0.646840,9.044903,0.340100,45.846686,106.761763,136.672394,76.851132,59.821262,0.562302
IC_small_3_278um_cells,166,298,293,0,-1,0.651095,565.500000,446.000000,685.000000,239.000000,0.856160,92.874709,85.677519,100.071898,14.394379,0.625000,1.340625,1.031250,1.650000,0.618750,0.888249,0.811532,0.763503,0.859560,0.096057,1.000000,1.000000,1.000000,1.000000,0.000000,1.000000,6.000000,6.000000,6.000000,0.000000,29.481311,1.246799,1.578947,0.562774,0.148099,0.567395,13.416408,22.913989,0.969059,14.724130,0.622700,3.233303,0.136740,87.060389,124.958635,147.388463,102.528808,44.859655,0.695637
IC_small_3_278um_cells,167,298,292,0,-1,0.954039,701.500000,685.000000,718.000000,33.000000,0.934785,103.562641,100.071898,107.053383,6.981485,0.747656,1.205280,1.031250,1.379310,0.348060,0.915920,0.823424,0.787288,0.859560,0.072272,1.000000,1.000000,1.000000,1.000000,0.000000,1.000000,6.000000,6.000000,6.000000,0.000000,26.025383,0.982683,1.564103,0.715218,0.064505,0.946228,25.059928,21.814592,0.823689,12.936647,0.488470,1.205625,0.045523,83.915405,151.156042,155.123451,147.188633,7.934818,0.948848
IC_small_3_278um_cells,168,297,294,0,-1,0.827411,720.000000,652.000000,788.000000,136.000000,0.949405,106.419208,103.657198,109.181219,5.524021,0.944833,1.185133,1.151515,1.218750,0.067235,0.917949,0.796613,0.762533,0.830692,0.068160,1.000000,1.000000,1.000000,1.000000,0.000000,0.833333,5.500000,5.000000,6.000000,1.000000,30.890206,1.152499,1.789474,0.525110,0.263542,0.507464,13.601471,25.725641,0.959811,14.918140,0.556589,3.943295,0.147122,75.303635,97.551137,98.746162,96.356112,2.390051,0.975796
IC_small_3_278um_cells,169,297,289,0,-1,0.885152,742.750000,697.500000,788.000000,90.500000,0.964781,107.258597,105.335974,109.181219,3.845245,0.947917,1.252232,1.218750,1.285714,0.066964,0.950956,0.810322,0.789952,0.830692,0.040740,1.000000,1.000000,1.000000,1.000000,0.000000,1.000000,6.000000,6.000000,6.000000,0.000000,31.860698,1.169596,1.319149,0.525268,0.205318,0.477226,13.000000,25.533638,0.937331,15.905484,0.583885,0.704295,0.025854,86.568020,105.604104,122.696076,88.512132,34.183944,0.721393
IC_small_3_278um_cells,170,297,283,0,-1,0.543782,608.250000,428.500000,788.000000,359.500000,0.764676,96.334736,83.488253,109.181219,25.692967,0.849817,1.127232,1.035714,1.218750,0.183036,0.929972,0.801606,0.772520,0.830692,0.058172,1.000000,1.000000,1.000000,1.000000,0.000000,0.833333,5.500000,5.000000,6.000000,1.000000,26.289827,1.078080,1.106383,0.614820,0.152076,0.717338,17.492856,21.291614,0.873116,13.132775,0.538542,4.632788,0.189979,80.177816,141.384272,154.864297,127.904246,26.960051,0.825912
IC_small_3_278um_cells,171,297,280,0,-1,0.895964,833.750000,788.000000,879.500000,91.500000,0.952943,111.876945,109.181219,114.572670,5.391451,0.931393,1.176943,1.135135,1.218750,0.083615,0.986635,0.836319,0.830692,0.841945,0.011253,1.000000,1.000000,1.000000,1.000000,0.000000,1.000000,6.000000,6.000000,6.000000,0.000000,30.561902,1.058830,1.235294,0.602112,0.137031,0.644442,18.601075,23.896221,0.827894,15.190667,0.526287,1.457988,0.050513,84.579393,105.125284,117.897271,92.353297,25.543974,0.783337
IC_small_3_278um_cells,172,296,289,0,-1,0.515412,528.500000,359.500000,697.500000,338.000000,0.743994,91.852640,78.369306,105.335974,26.966668,0.837607,1.181319,1.076923,1.285714,0.208791,0.931142,0.762755,0.735558,0.789952,0.054394,1.000000,1.000000,1.000000,1.000000,0.000000,0.666667,5.000000,4.000000,6.000000,2.000000,18.494053,0.815242,1.071429,0.697364,0.162725,1.007140,22.847319,16.777435,0.739571,9.105047,0.401362,4.041845,0.178170,7.419777,129.973026,134.728458,125.217593,9.510865,0.929407
IC_small_3_278um_cells,173,296,279,0,-1,0.377428,656.000000,359.500000,952.500000,593.000000,0.671416,97.545909,78.369306,116.722513,38.353206,0.826476,1.189977,1.076923,1.303030,0.226107,0.837242,0.807053,0.735558,0.878548,0.142990,1.000000,1.000000,1.000000,1.000000,0.000000,0.571429,5.500000,4.000000,7.000000,3.000000,26.601240,1.067828,1.404762,0.699957,0.069360,0.835302,20.808652,22.634948,0.908613,13.235882,0.531315,9.007842,0.361593,88.222587,160.866461,164.931512,156.801409,8.130102,0.950706
IC_small_3_278um_cells,174,295,292,0,-1,0.933844,694.250000,670.500000,718.000000,47.500000,0.949429,104.346478,101.639574,107.053383,5.413810,0.838281,1.267780,1.156250,1.379310,0.223060,0.965274,0.801449,0.787288,0.815611,0.028323,1.000000,1.000000,1.000000,1.000000,0.000000,0.857143,6.500000,6.000000,7.000000,1.000000,25.226264,0.957544,1.794118,0.732988,0.071300,1.032575,27.202941,19.195551,0.728629,11.770033,0.446769,1.216083,0.046160,71.171276,141.705671,143.130102,140.281241,2.848862,0.980096
IC_small_3_278um_cells,175,295,284,0,-1,0.977405,678.250000,670.500000,686.000000,15.500000,0.996758,101.474806,101.310039,101.639574,0.329535,0.891073,1.093277,1.030303,1.156250,0.125947,0.971078,0.827757,0.815611,0.839903,0.024292,1.000000,1.000000,1.000000,1.000000,0.000000,0.857143,6.500000,6.000000,7.000000,1.000000,29.229520,1.122364,1.183673,0.654918,0.064136,0.799017,20.808652,22.172851,0.851400,14.565472,0.559290,0.106039,0.004072,78.176493,149.637627,153.434949,145.840305,7.594643,0.950503
IC_small_3_278um_cells,176,295,278,0,-1,0.986029,675.250000,670.500000,680.000000,9.500000,0.942861,104.719328,101.639574,107.799083,6.159509,0.919071,1.207157,1.156250,1.258065,0.101815,0.901583,0.775476,0.735341,0.815611,0.080270,1.000000,1.000000,1.000000,1.000000,0.000000,0.857143,6.500000,6.000000,7.000000,1.000000,33.029386,1.271074,1.789474,0.467815,0.248427,0.365083,9.486833,25.722059,0.989865,15.092740,0.580816,0.482635,0.018573,58.029307,89.892313,107.377050,72.407575,34.969475,0.674330
IC_small_3_278um_cells,177,294,281,0,-1,0.413706,1114.000000,652.000000,1576.000000,924.000000,0.683961,127.605739,103.657198,151.554280,47.897082,0.957035,1.126778,1.102041,1.151515,0.049474,0.884360,0.812388,0.762533,0.862243,0.099710,1.000000,1.000000,1.000000,1.000000,0.000000,0.714286,6.000000,5.000000,7.000000,2.000000,30.449414,0.933556,1.152542,0.710048,0.110189,0.868258,28.319605,25.053591,0.768124,15.001938,0.459948,8.885074,0.272410,82.721538,130.918897,146.309932,115.527861,30.782072,0.789611
IC_small_3_278um_cells,178,294,280,0,-1,0.741330,765.750000,652.000000,879.500000,227.500000,0.904729,109.114934,103.657198,114.572670,10.915473,0.985775,1.143325,1.135135,1.151515,0.016380,0.905680,0.802239,0.762533,0.841945,0.079412,1.000000,1.000000,1.000000,1.000000,0.000000,0.833333,5.500000,5.000000,6.000000,1.000000,29.739803,1.077712,1.222222,0.603127,0.161933,0.717476,19.798990,22.353127,0.810033,14.464403,0.524161,2.914844,0.105628,63.243225,134.954520,143.356567,126.552473,16.804094,0.882781
IC_small_3_278um_cells,179,293,291,0,-1,0.641265,570.750000,446.000000,695.500000,249.500000,0.865924,92.310482,85.677519,98.943446,13.265926,0.714286,1.414286,1.178571,1.650000,0.471429,0.855220,0.828130,0.763503,0.892756,0.129253,1.000000,1.000000,1.000000,1.000000,0.000000,0.857143,6.500000,6.000000,7.000000,1.000000,31.253578,1.316188,2.321429,0.529959,0.191415,0.423232,10.049876,20.935007,0.881640,15.518577,0.653537,3.583659,0.150919,80.929237,115.197293,123.178512,107.216074,15.962438,0.870412
IC_small_3_278um_cells,180,292,278,0,-1,0.947075,699.000000,680.000000,718.000000,38.000000,0.993083,107.426233,107.053383,107.799083,0.745700,0.912097,1.318687,1.258065,1.379310,0.121246,0.934018,0.761314,0.735341,0.787288,0.051947,1.000000,1.000000,1.000000,1.000000,0.000000,1.000000,6.000000,6.000000,6.000000,0.000000,38.849539,1.469560,1.016129,0.457870,0.366237,0.358858,9.486833,28.763560,1.088038,18.095931,0.684514,2.547617,0.096369,65.850025,126.357109,144.462322,108.251896,36.210426,0.749343
IC_small_3_278um_cells,181,292,276,0,-1,0.831019,791.000000,718.000000,864.000000,146.000000,0.888554,113.766946,107.053383,120.480508,13.427125,0.764189,1.216682,1.054054,1.379310,0.325256,0.950072,0.767634,0.747980,0.787288,0.039308,1.000000,1.000000,1.000000,1.000000,0.000000,1.000000,6.000000,6.000000,6.000000,0.000000,30.361308,1.080677,1.404255,0.566476,0.175411,0.715429,20.099751,24.664027,0.877889,14.945542,0.531970,4.494199,0.159966,74.374669,101.683659,118.894858,84.472460,34.422398,0.710480
IC_small_3_278um_cells,182,291,290,0,-1,0.893959,736.750000,695.500000,778.000000,82.500000,0.910459,103.808825,98.943446,108.674203,9.730758,0.955598,1.205952,1.178571,1.233333,0.054762,0.927264,0.860289,0.827821,0.892756,0.064935,1.000000,1.000000,1.000000,1.000000,0.000000,1.000000,7.000000,7.000000,7.000000,0.000000,28.127533,1.036673,1.594595,0.649971,0.133017,0.715618,19.416488,23.758031,0.875630,13.519446,0.498275,0.562760,0.020741,72.192222,130.869868,168.868373,92.871363,75.997010,0.549963
IC_small_3_278um_cells,183,290,279,0,-1,0.816798,865.250000,778.000000,952.500000,174.500000,0.931047,112.698358,108.674203,116.722513,8.048309,0.946512,1.268182,1.233333,1.303030,0.069697,0.942260,0.853185,0.827821,0.878548,0.050727,1.000000,1.000000,1.000000,1.000000,0.000000,1.000000,7.000000,7.000000,7.000000,0.000000,30.559883,1.040243,1.109091,0.593625,0.150823,0.578672,17.000000,22.187292,0.755245,15.019126,0.511244,2.650186,0.090211,65.517211,93.380040,108.070012,78.690068,29.379945,0.728140
IC_small_3_278um_cells,184,289,283,0,-1,0.614337,563.000000,428.500000,697.500000,269.000000,0.792590,94.412113,83.488253,105.335974,21.847722,0.805556,1.160714,1.035714,1.285714,0.250000,0.977933,0.781236,0.772520,0.789952,0.017432,1.000000,1.000000,1.000000,1.000000,0.000000,0.833333,5.500000,5.000000,6.000000,1.000000,18.586241,0.789049,1.048780,0.765186,0.105684,1.121606,26.419690,16.982259,0.720955,9.293005,0.394520,3.182377,0.135103,27.274287,147.497203,151.410785,143.583621,7.827163,0.948305
IC_small_3_278um_cells,185,289,279,0,-1,0.732283,825.000000,697.500000,952.500000,255.000000,0.902448,111.029243,105.335974,116.722513,11.386538,0.986711,1.294372,1.285714,1.303030,0.017316,0.899156,0.834250,0.789952,0.878548,0.088596,1.000000,1.000000,1.000000,1.000000,0.000000,0.857143,6.500000,6.000000,7.000000,1.000000,31.406041,1.096717,1.150943,0.550590,0.215455,0.488888,14.000000,25.550774,0.892248,14.621253,0.510583,3.587273,0.125270,57.081255,99.846172,121.711346,77.980998,43.730348,0.640704
IC_small_3_278um_cells,186,289,273,0,-1,0.947047,717.000000,697.500000,736.500000,39.000000,0.988788,105.933170,105.335974,106.530367,1.194393,0.959259,1.259524,1.233333,1.285714,0.052381,0.968646,0.802737,0.789952,0.815522,0.025570,1.000000,1.000000,1.000000,1.000000,0.000000,1.000000,6.000000,6.000000,6.000000,0.000000,31.013655,1.158333,1.756757,0.545221,0.175384,0.561481,15.033296,24.383391,0.910699,15.186368,0.567198,1.657679,0.061913,67.075473,118.700990,152.102729,85.299252,66.803477,0.560800
IC_small_3_278um_cells,187,288,287,0,-1,0.777285,802.000000,701.500000,902.500000,201.000000,0.896531,110.146223,104.136965,116.155481,12.018516,0.972222,1.014286,1.000000,1.028571,0.028571,0.967052,0.826730,0.812882,0.840577,0.027695,1.000000,1.000000,1.000000,1.000000,0.000000,1.000000,5.000000,5.000000,5.000000,0.000000,26.238524,0.928346,1.750000,0.770480,0.054239,1.035764,29.274562,22.526008,0.796993,13.032726,0.461111,2.783774,0.098493,78.000865,163.983227,164.725413,163.241042,1.484371,0.990989
IC_small_3_278um_cells,188,288,277,0,-1,0.857448,651.500000,601.500000,701.500000,100.000000,0.996181,103.938126,103.739287,104.136965,0.397678,0.714286,1.200000,1.000000,1.400000,0.400000,0.864035,0.757621,0.702359,0.812882,0.110524,1.000000,1.000000,1.000000,1.000000,0.000000,1.000000,5.000000,5.000000,5.000000,0.000000,30.571851,1.198630,1.018182,0.475766,0.433231,0.438347,11.180340,26.740031,1.048396,13.828214,0.542162,3.973554,0.155791,46.229450,113.536044,124.249033,102.823054,21.425979,0.827556
IC_small_3_278um_cells,189,287,277,0,-1,0.666482,752.000000,601.500000,902.500000,301.000000,0.893107,109.947384,103.739287,116.155481,12.416195,0.734694,1.214286,1.028571,1.400000,0.371429,0.835567,0.771468,0.702359,0.840577,0.138219,1.000000,1.000000,1.000000,1.000000,0.000000,1.000000,5.000000,5.000000,5.000000,0.000000,26.343710,0.965552,1.404762,0.626256,0.139295,0.846179,23.086793,21.199615,0.777010,12.851510,0.471035,5.658678,0.207402,74.569134,116.525436,140.599339,92.451533,48.147806,0.657553
IC_small_3_278um_cells,190,286,282,0,-1,0.647704,1390.250000,1093.000000,1687.500000,594.500000,0.812637,149.914954,134.418989,165.410920,30.991931,0.737872,1.201176,1.020000,1.382353,0.362353,0.980807,0.767604,0.760167,0.775042,0.014876,0.992549,0.978812,0.975152,0.982472,0.007320,0.750000,7.000000,6.000000,8.000000,2.000000,38.417816,1.036362,1.456140,0.569592,0.262003,0.703450,26.076810,30.020397,0.809833,19.159152,0.516839,6.437527,0.173659,84.876076,117.197665,128.934113,105.461218,23.472895,0.817947
IC_small_3_278um_cells,191,286,281,0,-1,0.933926,1631.750000,1576.000000,1687.500000,111.500000,0.916229,158.482600,151.554280,165.410920,13.856640,0.925556,1.061020,1.020000,1.102041,0.082041,0.898867,0.818643,0.775042,0.862243,0.087201,0.975152,0.987576,0.975152,1.000000,0.024848,0.875000,7.500000,7.000000,8.000000,1.000000,45.830779,1.134733,1.649123,0.557119,0.154742,0.565139,22.825424,33.776890,0.836289,19.148297,0.474096,2.038152,0.050463,43.820555,84.053892,95.117315,72.990468,22.126846,0.767373
IC_small_3_278um_cells,192,286,274,0,-1,0.618370,1365.500000,1043.500000,1687.500000,644.000000,0.793960,148.370324,131.329728,165.410920,34.081192,0.788182,1.157059,1.020000,1.294118,0.274118,0.980959,0.767663,0.760285,0.775042,0.014757,0.975152,0.987576,0.975152,1.000000,0.024848,0.625000,6.500000,5.000000,8.000000,3.000000,33.912505,0.924268,1.509804,0.796040,0.032223,1.214278,44.553339,24.602825,0.670537,16.038479,0.437120,6.938340,0.189101,56.207603,155.118179,156.801409,153.434949,3.366461,0.978530
IC_small_3_278um_cells,193,286,272,0,-1,0.681481,1418.750000,1150.000000,1687.500000,537.500000,0.803641,149.170959,132.930999,165.410920,32.479921,0.980392,1.010000,1.000000,1.020000,0.020000,0.947698,0.796429,0.775042,0.817815,0.042773,0.975152,0.987576,0.975152,1.000000,0.024848,0.750000,7.000000,6.000000,8.000000,2.000000,46.640618,1.243902,1.050633,0.424404,0.378855,0.113151,4.242641,39.324457,1.048780,23.600695,0.629429,5.402836,0.144093,73.164421,88.832823,115.140077,62.525568,52.614509,0.543039
IC_small_3_278um_cells,194,286,261,0,-1,0.807704,1525.250000,1363.000000,1687.500000,324.500000,0.944114,160.788831,156.166743,165.410920,9.244177,0.751579,1.188571,1.020000,1.357143,0.337143,0.906157,0.738676,0.702310,0.775042,0.072732,0.975152,0.987576,0.975152,1.000000,0.024848,0.875000,7.500000,7.000000,8.000000,1.000000,66.841995,1.713941,1.144444,0.392202,0.442878,0.114673,4.472136,46.820246,1.200550,33.026931,0.846866,5.918403,0.151758,69.529160,117.965776,140.258530,95.673022,44.585508,0.682119
IC_small_3_278um_cells,195,285,284,0,-1,0.750547,800.000000,686.000000,914.000000,228.000000,0.880318,108.196748,101.310039,115.083457,13.773418,0.977467,1.042179,1.030303,1.054054,0.023751,0.968498,0.853562,0.839903,0.867222,0.027319,1.000000,1.000000,1.000000,1.000000,0.000000,1.000000,6.000000,6.000000,6.000000,0.000000,26.004806,0.921763,1.487805,0.720961,0.101250,0.875449,24.698178,19.943025,0.706898,12.764356,0.452444,3.153459,0.111777,74.727985,124.887570,141.340192,108.434949,32.905243,0.767191
IC_small_3_278um_cells,196,285,275,0,-1,0.544858,706.000000,498.000000,914.000000,416.000000,0.774680,102.118131,89.152805,115.083457,25.930653,0.948718,1.027027,1.000000,1.054054,0.054054,0.907902,0.827287,0.787352,0.867222,0.079869,1.000000,1.000000,1.000000,1.000000,0.000000,0.833333,5.500000,5.000000,6.000000,1.000000,28.558562,1.086944,1.756757,0.575430,0.191926,0.544939,14.317821,23.100835,0.879222,14.155631,0.538766,6.730479,0.256163,70.812473,97.357225,99.520022,95.194429,4.325593,0.956535
IC_small_3_278um_cells,197,284,278,0,-1,0.991254,683.000000,680.000000,686.000000,6.000000,0.939804,104.554561,101.310039,107.799083,6.489044,0.818959,1.144184,1.030303,1.258065,0.227761,0.875507,0.787622,0.735341,0.839903,0.104562,1.000000,1.000000,1.000000,1.000000,0.000000,1.000000,6.000000,6.000000,6.000000,0.000000,22.907642,0.876539,1.039216,0.620638,0.198389,0.818886,21.400935,18.735031,0.716878,11.453718,0.438265,0.864534,0.033081,40.124024,109.990617,113.198591,106.782644,6.415946,0.943321
IC_small_3_278um_cells,198,284,275,0,-1,0.725948,592.000000,498.000000,686.000000,188.000000,0.880000,95.231422,89.152805,101.310039,12.157235,0.970588,1.015152,1.000000,1.030303,0.030303,0.937433,0.813628,0.787352,0.839903,0.052550,1.000000,1.000000,1.000000,1.000000,0.000000,0.833333,5.500000,5.000000,6.000000,1.000000,33.300659,1.373010,1.074074,0.499585,0.256757,0.368779,8.944272,24.951054,1.028750,15.863823,0.654077,3.310665,0.136501,78.068867,118.088085,123.465379,112.710790,10.754589,0.912894
IC_small_3_278um_cells,199,284,271,0,-1,0.885569,646.750000,607.500000,686.000000,78.500000,0.950692,98.812317,96.314596,101.310039,4.995443,0.998106,1.031281,1.030303,1.032258,0.001955,0.979812,0.831425,0.822947,0.839903,0.016956,1.000000,1.000000,1.000000,1.000000,0.000000,1.000000,6.000000,6.000000,6.000000,0.000000,30.895530,1.215424,1.710526,0.539722,0.227290,0.473714,12.041595,24.486600,0.963298,15.383426,0.605181,0.622697,0.024497,82.149342,106.625157,124.159695,89.090620,35.069075,0.717549
IC_small_3_278um_cells,200,283,280,0,-1,0.487209,654.000000,428.500000,879.500000,451.000000,0.728693,99.030461,83.488253,114.572670,31.084418,0.912415,1.085425,1.035714,1.135135,0.099421,0.917543,0.807233,0.772520,0.841945,0.069424,1.000000,1.000000,1.000000,1.000000,0.000000,0.833333,5.500000,5.000000,6.000000,1.000000,28.038051,1.113580,1.404762,0.549187,0.266055,0.497649,12.529964,23.576670,0.936388,13.022592,0.517215,8.174126,0.324650,62.857010,103.988417,112.782406,95.194429,17.587977,0.844054
IC_small_3_278um_cells,201,283,273,0,-1,0.581806,582.500000,428.500000,736.500000,308.000000,0.783704,95.009310,83.488253,106.530367,23.042114,0.839768,1.134524,1.035714,1.233333,0.197619,0.947271,0.794021,0.772520,0.815522,0.043002,1.000000,1.000000,1.000000,1.000000,0.000000,0.833333,5.500000,5.000000,6.000000,1.000000,29.616807,1.238193,1.019231,0.562109,0.181116,0.598586,14.317821,22.641317,0.946568,14.027758,0.586460,4.647369,0.194293,63.707126,135.642290,147.994617,123.289964,24.704653,0.833071
IC_small_3_278um_cells,202,283,270,0,-1,0.426793,716.250000,428.500000,1004.000000,575.500000,0.688406,102.382952,83.488253,121.277651,37.789398,0.867110,1.115079,1.035714,1.194444,0.158730,0.900592,0.815156,0.772520,0.857792,0.085272,1.000000,1.000000,1.000000,1.000000,0.000000,0.714286,6.000000,5.000000,7.000000,2.000000,30.518093,1.165120,1.369565,0.559880,0.234904,0.485927,12.727922,25.087775,0.957801,14.238302,0.543590,10.849132,0.414198,61.479082,101.487818,101.780524,101.195111,0.585412,0.994248
IC_small_3_278um_cells,203,282,272,0,-1,0.950435,1121.500000,1093.000000,1150.000000,57.000000,0.988930,133.674994,132.930999,134.418989,1.487990,0.723404,1.191176,1.000000,1.382353,0.382353,0.929509,0.788991,0.760167,0.817815,0.057649,0.982472,0.991236,0.982472,1.000000,0.017528,1.000000,6.000000,6.000000,6.000000,0.000000,32.536006,0.971627,1.553191,0.716170,0.055952,1.029737,34.481879,26.350890,0.786920,15.866570,0.473826,0.730352,0.021811,73.201601,158.398072,177.397438,139.398705,37.998732,0.785799
IC_small_3_278um_cells,204,282,262,0,-1,0.834858,1002.750000,912.500000,1093.000000,180.500000,0.995621,134.124685,133.830381,134.418989,0.588608,0.870370,1.485294,1.382353,1.588235,0.205882,0.842218,0.700196,0.640226,0.760167,0.119941,0.991085,0.986890,0.982472,0.991309,0.008837,1.000000,6.000000,6.000000,6.000000,0.000000,42.334566,1.338258,1.648148,0.426967,0.449514,0.399857,12.649111,33.755363,1.067057,17.718138,0.560096,6.487807,0.205089,29.812565,114.310999,130.120726,98.501271,31.619455,0.756999
IC_small_3_278um_cells,205,281,280,0,-1,0.558058,1227.750000,879.500000,1576.000000,696.500000,0.755984,133.063475,114.572670,151.554280,36.981610,0.970845,1.118588,1.102041,1.135135,0.033094,0.976459,0.852094,0.841945,0.862243,0.020298,1.000000,1.000000,1.000000,1.000000,0.000000,0.857143,6.500000,6.000000,7.000000,1.000000,42.289200,1.219496,1.589286,0.511011,0.220729,0.294081,10.198039,32.231257,0.929454,21.141053,0.609646,11.058658,0.318899,82.093065,86.369445,87.137595,85.601295,1.536300,0.982369
IC_small_3_278um_cells,206,281,269,0,-1,0.506980,1187.500000,799.000000,1576.000000,777.000000,0.772084,134.283466,117.012652,151.554280,34.541628,0.892128,1.168667,1.102041,1.235294,0.133253,0.850475,0.797779,0.733316,0.862243,0.128927,1.000000,1.000000,1.000000,1.000000,0.000000,0.714286,6.000000,5.000000,7.000000,2.000000,44.914465,1.321685,1.095890,0.542697,0.193053,0.501119,17.029386,33.857923,0.996327,22.426428,0.659936,10.177767,0.299498,85.656353,131.918403,132.852415,130.984391,1.868023,0.985939
IC_small_3_278um_cells,207,281,261,0,-1,0.864848,1469.500000,1363.000000,1576.000000,213.000000,0.970465,153.860511,151.554280,156.166743,4.612463,0.812030,1.229592,1.102041,1.357143,0.255102,0.814515,0.782276,0.702310,0.862243,0.159933,1.000000,1.000000,1.000000,1.000000,0.000000,1.000000,7.000000,7.000000,7.000000,0.000000,40.216158,1.049788,1.759259,0.602653,0.153283,0.785281,30.083218,29.250326,0.763540,18.316445,0.478126,0.905173,0.023628,52.065610,117.661929,124.624155,110.699703,13.924452,0.888268
IC_small_3_278um_cells,208,280,270,0,-1,0.875996,941.750000,879.500000,1004.000000,124.500000,0.944714,117.925161,114.572670,121.277651,6.704981,0.950346,1.164790,1.135135,1.194444,0.059309,0.981526,0.849868,0.841945,0.857792,0.015847,1.000000,1.000000,1.000000,1.000000,0.000000,0.857143,6.500000,6.000000,7.000000,1.000000,29.011725,0.945896,1.326531,0.787474,0.042740,1.018579,31.240999,23.553542,0.767938,14.379084,0.468814,1.389394,0.045300,74.211557,164.787108,165.963757,163.610460,2.353297,0.985820
IC_small_3_278um_cells,209,280,269,0,-1,0.908471,839.250000,799.000000,879.500000,80.500000,0.979148,115.792661,114.572670,117.012652,2.439982,0.918919,1.185215,1.135135,1.235294,0.100159,0.870978,0.787630,0.733316,0.841945,0.108629,1.000000,1.000000,1.000000,1.000000,0.000000,0.833333,5.500000,5.000000,6.000000,1.000000,30.215900,1.043314,1.320000,0.602034,0.222818,0.766660,22.203603,24.253261,0.837432,13.546740,0.467750,3.067060,0.105901,52.218423,124.775226,141.546291,108.004162,33.542129,0.763031
IC_small_3_278um_cells,210,279,273,0,-1,0.773228,844.500000,736.500000,952.500000,216.000000,0.912681,111.626440,106.530367,116.722513,10.192146,0.946512,1.268182,1.233333,1.303030,0.069697,0.928261,0.847035,0.815522,0.878548,0.063026,1.000000,1.000000,1.000000,1.000000,0.000000,0.857143,6.500000,6.000000,7.000000,1.000000,30.119751,1.038592,1.109091,0.621612,0.152161,0.663276,19.235384,24.774911,0.854291,14.907685,0.514048,3.264313,0.112560,81.649616,112.600050,139.014176,86.185925,52.828251,0.619979
IC_small_3_278um_cells,211,278,276,0,-1,0.787037,772.000000,680.000000,864.000000,184.000000,0.894743,114.139795,107.799083,120.480508,12.681425,0.837838,1.156059,1.054054,1.258065,0.204010,0.983102,0.741660,0.735341,0.747980,0.012639,1.000000,1.000000,1.000000,1.000000,0.000000,1.000000,6.000000,6.000000,6.000000,0.000000,20.594640,0.742541,1.238095,0.868241,0.019106,1.420405,39.395431,17.021578,0.613714,9.915093,0.357489,2.332655,0.084104,28.190189,168.458296,169.640948,167.275644,2.365303,0.986057
IC_small_3_278um_cells,212,278,271,0,-1,0.893382,643.750000,607.500000,680.000000,72.500000,0.893464,102.056839,96.314596,107.799083,11.484487,0.820513,1.145161,1.032258,1.258065,0.225806,0.893546,0.779144,0.735341,0.822947,0.087606,1.000000,1.000000,1.000000,1.000000,0.000000,1.000000,6.000000,6.000000,6.000000,0.000000,28.676304,1.130673,1.098039,0.585964,0.123883,0.748109,18.973666,21.980945,0.866683,13.745452,0.541967,1.231221,0.048546,61.289496,129.213270,135.784825,122.641715,13.143110,0.903206
IC_small_3_278um_cells,213,278,258,0,-1,0.780712,775.500000,680.000000,871.000000,191.000000,0.936062,111.480719,107.799083,115.162354,7.363271,0.951220,1.290323,1.258065,1.322581,0.064516,0.891008,0.780316,0.735341,0.825291,0.089950,1.000000,1.000000,1.000000,1.000000,0.000000,0.857143,6.500000,6.000000,7.000000,1.000000,38.198012,1.374288,2.135135,0.464458,0.206963,0.325795,9.055385,28.333509,1.019383,19.078850,0.686419,1.173142,0.042207,79.392692,96.088395,109.440035,82.736755,26.703280,0.756001
IC_small_3_278um_cells,214,277,267,0,-1,0.921133,627.250000,601.500000,653.000000,51.500000,0.978950,104.854635,103.739287,105.969984,2.230697,0.857143,1.300000,1.200000,1.400000,0.200000,0.961173,0.716545,0.702359,0.730731,0.028372,1.000000,1.000000,1.000000,1.000000,0.000000,0.833333,5.500000,5.000000,6.000000,1.000000,18.288508,0.730381,1.166667,0.841050,0.023515,1.453715,36.400549,16.144166,0.644743,8.900439,0.355453,0.516696,0.020635,82.126084,171.526846,174.289407,168.764285,5.525122,0.968299
IC_small_3_278um_cells,215,276,268,0,-1,0.929032,897.000000,864.000000,930.000000,66.000000,0.978404,119.179556,117.878605,120.480508,2.601904,0.878378,1.127027,1.054054,1.200000,0.145946,0.889339,0.794516,0.747980,0.841052,0.093072,1.000000,1.000000,1.000000,1.000000,0.000000,1.000000,6.000000,6.000000,6.000000,0.000000,34.714086,1.159266,1.339623,0.491005,0.288462,0.402125,12.041595,29.003077,0.968548,17.039949,0.569044,5.221596,0.174374,81.215527,98.738515,110.503847,86.973182,23.530665,0.787060
IC_small_3_278um_cells,216,276,265,0,-1,0.794560,775.250000,686.500000,864.000000,177.500000,0.874622,112.927722,105.374936,120.480508,15.105573,0.963707,1.073902,1.054054,1.093750,0.039696,0.962752,0.762450,0.747980,0.776919,0.028939,1.000000,1.000000,1.000000,1.000000,0.000000,0.833333,5.500000,5.000000,6.000000,1.000000,26.930663,0.968816,1.372093,0.595321,0.185102,0.808425,22.472205,20.859224,0.750399,12.306235,0.442710,1.132274,0.040733,38.290745,104.738343,109.117634,100.359052,8.758582,0.919733
IC_small_3_278um_cells,217,276,258,0,-1,0.991963,867.500000,864.000000,871.000000,7.000000,0.955859,117.821431,115.162354,120.480508,5.318154,0.796968,1.188317,1.054054,1.322581,0.268527,0.906323,0.786635,0.747980,0.825291,0.077311,1.000000,1.000000,1.000000,1.000000,0.000000,0.857143,6.500000,6.000000,7.000000,1.000000,43.607665,1.480570,1.310345,0.472709,0.244669,0.354470,10.440307,29.777191,1.010997,20.591063,0.699109,1.924108,0.065327,67.500404,118.119067,128.615836,107.622297,20.993539,0.836773
IC_small_3_278um_cells,218,275,271,0,-1,0.819753,552.750000,498.000000,607.500000,109.500000,0.925642,92.733700,89.152805,96.314596,7.161791,0.968750,1.016129,1.000000,1.032258,0.032258,0.956747,0.805150,0.787352,0.822947,0.035595,1.000000,1.000000,1.000000,1.000000,0.000000,0.833333,5.500000,5.000000,6.000000,1.000000,19.142622,0.815214,1.305556,0.833373,0.040253,1.199998,28.178006,16.363799,0.696874,9.496822,0.404435,1.479433,0.063004,85.296081,161.976492,165.754394,158.198591,7.555804,0.954416
IC_small_3_278um_cells,219,275,264,0,-1,0.784252,566.500000,498.000000,635.000000,137.000000,0.888292,94.758535,89.152805,100.364266,11.211461,0.743590,1.172414,1.000000,1.344828,0.344828,0.993903,0.789768,0.787352,0.792183,0.004830,1.000000,1.000000,1.000000,1.000000,0.000000,0.833333,5.500000,5.000000,6.000000,1.000000,25.746576,1.083721,1.186047,0.595779,0.201236,0.735103,17.464249,22.328910,0.939865,12.872490,0.541827,0.876342,0.036887,85.468712,131.375214,162.349876,100.400552,61.949324,0.618421
IC_small_3_278um_cells,220,274,272,0,-1,0.907391,1096.750000,1043.500000,1150.000000,106.500000,0.987954,132.130363,131.329728,132.930999,1.601271,0.772727,1.147059,1.000000,1.294118,0.294118,0.929653,0.789050,0.760285,0.817815,0.057531,1.000000,1.000000,1.000000,1.000000,0.000000,0.833333,5.500000,5.000000,6.000000,1.000000,34.598640,1.045041,1.790698,0.682166,0.096193,0.955156,31.622777,27.185275,0.821123,16.873762,0.509667,0.847142,0.025588,71.431492,145.659914,147.280345,144.039483,3.240863,0.977995
IC_small_3_278um_cells,221,274,261,0,-1,0.765591,1203.250000,1043.500000,1363.000000,319.500000,0.840958,143.748235,131.329728,156.166743,24.837015,0.953560,1.325630,1.294118,1.357143,0.063025,0.923746,0.731297,0.702310,0.760285,0.057975,1.000000,1.000000,1.000000,1.000000,0.000000,0.714286,6.000000,5.000000,7.000000,2.000000,43.738072,1.263703,1.416667,0.470818,0.266362,0.492022,17.029386,34.279297,0.990415,21.429453,0.619151,3.880103,0.112106,62.735187,93.458742,107.525568,79.391915,28.133653,0.738354
IC_small_3_278um_cells,222,274,256,0,-1,0.928606,1006.250000,969.000000,1043.500000,74.500000,0.996148,131.583629,131.329728,131.837530,0.507802,0.951049,1.262443,1.230769,1.294118,0.063348,0.921466,0.730431,0.700576,0.760285,0.059708,1.000000,1.000000,1.000000,1.000000,0.000000,1.000000,5.000000,5.000000,5.000000,0.000000,44.918160,1.416261,1.027778,0.448145,0.364969,0.403779,12.806248,37.211860,1.173283,22.086549,0.696385,1.317550,0.041542,81.413522,125.568024,135.901433,115.234616,20.666817,0.847928
IC_small_3_278um_cells,223,274,247,0,-1,0.545764,1477.750000,1043.500000,1912.000000,868.500000,0.779051,149.953114,131.329728,168.576501,37.246773,0.772727,1.147059,1.000000,1.294118,0.294118,0.899234,0.802883,0.760285,0.845481,0.085196,1.000000,1.000000,1.000000,1.000000,0.000000,0.714286,6.000000,5.000000,7.000000,2.000000,39.195208,1.031050,1.576923,0.597723,0.179834,0.666003,25.317978,34.238225,0.900654,19.525403,0.513626,10.079216,0.265139,66.921048,110.195141,125.195853,95.194429,30.001424,0.760364
IC_small_3_278um_cells,224,273,270,0,-1,0.733566,870.250000,736.500000,1004.000000,267.500000,0.878401,113.904009,106.530367,121.277651,14.747284,0.968468,1.213889,1.194444,1.233333,0.038889,0.950722,0.836657,0.815522,0.857792,0.042270,1.000000,1.000000,1.000000,1.000000,0.000000,0.857143,6.500000,6.000000,7.000000,1.000000,33.359223,1.134195,1.627907,0.540696,0.227234,0.453609,13.341664,26.236397,0.892023,16.670180,0.566777,2.107251,0.071645,83.710874,94.109329,110.224859,77.993799,32.231061,0.707588
IC_small_3_278um_cells,225,273,266,0,-1,0.807875,665.750000,595.000000,736.500000,141.500000,0.919736,102.255103,97.979838,106.530367,8.550528,0.990991,1.227778,1.222222,1.233333,0.011111,0.955031,0.797186,0.778849,0.815522,0.036673,1.000000,1.000000,1.000000,1.000000,0.000000,1.000000,6.000000,6.000000,6.000000,0.000000,20.431757,0.792987,1.243243,0.846361,0.048066,1.240146,31.953091,17.013575,0.660322,9.955468,0.386386,1.822804,0.070746,49.767055,157.838345,158.875281,156.801409,2.073871,0.986947
IC_small_3_278um_cells,226,272,262,0,-1,0.793478,1031.250000,912.500000,1150.000000,237.500000,0.993280,133.380690,132.930999,133.830381,0.899382,0.629630,1.294118,1.000000,1.588235,0.588235,0.782849,0.729021,0.640226,0.817815,0.177589,0.991309,0.995655,0.991309,1.000000,0.008691,1.000000,6.000000,6.000000,6.000000,0.000000,28.314428,0.883180,1.135593,0.581892,0.207273,0.868905,27.856777,24.471385,0.763308,14.069776,0.438863,5.781533,0.180337,72.586471,94.761901,110.627635,78.896167,31.731469,0.713169
IC_small_3_278um_cells,227,272,247,0,-1,0.601464,1531.000000,1150.000000,1912.000000,762.000000,0.788550,150.753750,132.930999,168.576501,35.645502,1.000000,1.000000,1.000000,1.000000,0.000000,0.967278,0.831648,0.817815,0.845481,0.027665,1.000000,1.000000,1.000000,1.000000,0.000000,0.857143,6.500000,6.000000,7.000000,1.000000,47.627692,1.226916,1.075949,0.541456,0.245918,0.449889,17.464249,39.541664,1.018615,22.661177,0.583765,10.865854,0.279910,82.437692,108.170978,117.525226,98.816730,18.708496,0.840813
IC_small_3_278um_cells,228,272,232,0,-1,0.750898,1340.750000,1150.000000,1531.500000,381.500000,0.832011,146.350820,132.930999,159.770641,26.839642,0.546875,1.414286,1.000000,1.828571,0.828571,0.921887,0.785874,0.753933,0.817815,0.063882,1.000000,1.000000,1.000000,1.000000,0.000000,1.000000,6.000000,6.000000,6.000000,0.000000,48.493275,1.327746,2.418605,0.505539,0.225247,0.472652,17.262677,37.356137,1.022811,23.882031,0.653890,9.846071,0.269585,75.947508,121.573751,148.342834,94.804668,53.538166,0.639092
IC_small_3_278um_cells,229,271,264,0,-1,0.956693,621.250000,607.500000,635.000000,27.500000,0.959650,98.339431,96.314596,100.364266,4.049670,0.767577,1.188543,1.032258,1.344828,0.312570,0.962617,0.807565,0.792183,0.822947,0.030764,1.000000,1.000000,1.000000,1.000000,0.000000,1.000000,6.000000,6.000000,6.000000,0.000000,32.790846,1.315667,1.297872,0.516452,0.218109,0.457473,11.401754,24.591277,0.986676,15.693734,0.629680,1.256728,0.050424,72.846063,129.665394,165.485734,93.845054,71.640680,0.567088
IC_small_3_278um_cells,230,271,260,0,-1,0.587654,482.250000,357.000000,607.500000,250.500000,0.834633,88.350974,80.387352,96.314596,15.927244,0.917563,1.078629,1.032258,1.125000,0.092742,0.843589,0.758588,0.694229,0.822947,0.128718,1.000000,1.000000,1.000000,1.000000,0.000000,0.833333,5.500000,5.000000,6.000000,1.000000,24.420579,1.121703,1.606061,0.552840,0.196993,0.657656,14.317821,18.583449,0.853588,10.201047,0.468562,4.050292,0.186041,46.232339,105.689783,134.215175,77.164391,57.050785,0.574930
IC_small_3_278um_cells,231,271,258,0,-1,0.697474,739.250000,607.500000,871.000000,263.500000,0.836338,105.738475,96.314596,115.162354,18.847759,0.780488,1.177419,1.032258,1.322581,0.290323,0.997160,0.824119,0.822947,0.825291,0.002344,1.000000,1.000000,1.000000,1.000000,0.000000,0.857143,6.500000,6.000000,7.000000,1.000000,27.590973,1.018865,1.200000,0.521927,0.254650,0.421038,11.401754,22.147661,0.817857,13.790079,0.509233,4.664365,0.172243,62.845481,86.829904,114.775141,58.884668,55.890473,0.513044
IC_small_3_278um_cells,232,270,269,0,-1,0.795817,901.500000,799.000000,1004.000000,205.000000,0.964833,119.145152,117.012652,121.277651,4.264999,0.966931,1.214869,1.194444,1.235294,0.040850,0.854888,0.795554,0.733316,0.857792,0.124476,1.000000,1.000000,1.000000,1.000000,0.000000,0.714286,6.000000,5.000000,7.000000,2.000000,29.681400,0.990163,1.409091,0.594574,0.214365,0.718590,21.540659,25.145862,0.838859,14.144514,0.471857,4.542378,0.151532,79.048804,105.583137,125.134193,86.032082,39.102111,0.687519
IC_small_3_278um_cells,233,270,266,0,-1,0.592629,799.500000,595.000000,1004.000000,409.000000,0.807897,109.628745,97.979838,121.277651,23.297813,0.977273,1.208333,1.194444,1.222222,0.027778,0.907970,0.818321,0.778849,0.857792,0.078943,1.000000,1.000000,1.000000,1.000000,0.000000,0.857143,6.500000,6.000000,7.000000,1.000000,33.220992,1.184801,1.367347,0.550952,0.252345,0.504369,14.142136,26.187278,0.933949,15.922897,0.567878,4.265400,0.152122,68.508984,116.886000,123.130920,110.641079,12.489841,0.898565
IC_small_3_278um_cells,234,270,259,0,-1,0.612052,809.250000,614.500000,1004.000000,389.500000,0.801370,109.232958,97.188265,121.277651,24.089386,0.904882,1.257222,1.194444,1.320000,0.125556,0.953064,0.837661,0.817531,0.857792,0.040261,1.000000,1.000000,1.000000,1.000000,0.000000,0.714286,6.000000,5.000000,7.000000,2.000000,28.190391,0.998330,1.386364,0.700603,0.072907,0.851407,24.041631,21.122030,0.748013,14.094603,0.499144,5.960549,0.211086,80.715902,142.412708,150.524111,134.301306,16.222805,0.892225
IC_small_3_278um_cells,235,270,253,0,-1,0.814741,911.000000,818.000000,1004.000000,186.000000,0.903670,115.436284,109.594916,121.277651,11.682735,0.918230,1.145609,1.096774,1.194444,0.097670,0.997701,0.856806,0.855820,0.857792,0.001972,1.000000,1.000000,1.000000,1.000000,0.000000,1.000000,7.000000,7.000000,7.000000,0.000000,38.777296,1.286430,1.450980,0.462955,0.297750,0.140749,4.242641,29.408866,0.975634,18.946571,0.628549,3.444397,0.114267,73.614966,84.733900,91.403402,78.064397,13.339005,0.854064
IC_small_3_278um_cells,236,269,261,0,-1,0.586207,1081.000000,799.000000,1363.000000,564.000000,0.749280,136.589697,117.012652,156.166743,39.154090,0.910217,1.296218,1.235294,1.357143,0.121849,0.957718,0.717813,0.702310,0.733316,0.031006,1.000000,1.000000,1.000000,1.000000,0.000000,0.714286,6.000000,5.000000,7.000000,2.000000,25.509988,0.782690,1.140351,0.631658,0.173451,1.009237,32.893768,23.450001,0.719486,12.576607,0.385872,4.855470,0.148974,28.326179,109.090856,118.315905,99.865807,18.450098,0.844061
IC_small_3_278um_cells,237,269,253,0,-1,0.976773,808.500000,799.000000,818.000000,19.000000,0.936607,113.303784,109.594916,117.012652,7.417736,0.887865,1.166034,1.096774,1.235294,0.138520,0.856858,0.794568,0.733316,0.855820,0.122504,1.000000,1.000000,1.000000,1.000000,0.000000,0.714286,6.000000,5.000000,7.000000,2.000000,33.216983,1.168228,1.714286,0.627733,0.055349,0.821043,23.345235,24.466261,0.860469,16.429241,0.577810,1.110702,0.039063,74.662214,158.632377,160.463345,156.801409,3.661936,0.977179
IC_small_3_278um_cells,238,268,265,0,-1,0.738172,808.250000,686.500000,930.000000,243.500000,0.893928,111.626770,105.374936,117.878605,12.503669,0.911458,1.146875,1.093750,1.200000,0.106250,0.923747,0.808986,0.776919,0.841052,0.064133,1.000000,1.000000,1.000000,1.000000,0.000000,0.833333,5.500000,5.000000,6.000000,1.000000,27.455972,0.968515,1.536585,0.737641,0.070523,1.010744,28.653098,24.317979,0.857822,13.509246,0.476541,2.097660,0.073995,70.567505,163.097449,163.909184,162.285715,1.623469,0.990095
IC_small_3_278um_cells,239,268,255,0,-1,0.875806,872.250000,814.500000,930.000000,115.500000,0.996834,117.692031,117.505458,117.878605,0.373146,0.773333,1.375862,1.200000,1.551724,0.351724,0.881378,0.791168,0.741284,0.841052,0.099768,1.000000,1.000000,1.000000,1.000000,0.000000,0.857143,6.500000,6.000000,7.000000,1.000000,30.475503,1.032449,1.145455,0.551749,0.238750,0.610744,18.027756,25.265160,0.855933,14.727030,0.498922,2.643679,0.089563,58.741250,106.505970,137.726311,75.285629,62.440682,0.546632
IC_small_3_278um_cells,240,267,250,0,-1,0.753172,760.000000,653.000000,867.000000,214.000000,0.938697,109.430272,105.969984,112.890561,6.920577,0.994624,1.196774,1.193548,1.200000,0.006452,0.854759,0.792814,0.730731,0.854897,0.124166,1.000000,1.000000,1.000000,1.000000,0.000000,1.000000,6.000000,6.000000,6.000000,0.000000,29.896531,1.087172,1.400000,0.589353,0.142763,0.706070,19.416488,23.476504,0.853711,14.516657,0.527891,3.211426,0.116782,65.496454,115.007383,118.739795,111.274970,7.464825,0.937133
IC_small_3_278um_cells,241,266,259,0,-1,0.968267,604.750000,595.000000,614.500000,19.500000,0.991921,97.584052,97.188265,97.979838,0.791573,0.925926,1.271111,1.222222,1.320000,0.097778,0.952685,0.798190,0.778849,0.817531,0.038682,1.000000,1.000000,1.000000,1.000000,0.000000,0.833333,5.500000,5.000000,6.000000,1.000000,25.337161,1.030348,1.435897,0.576537,0.221166,0.666964,16.401219,20.914935,0.850516,12.583748,0.511724,0.797699,0.032439,60.926643,108.480941,115.057615,101.904266,13.153350,0.885680
IC_small_3_278um_cells,242,266,257,0,-1,0.361345,405.000000,215.000000,595.000000,380.000000,0.671185,81.871236,65.762633,97.979838,32.217205,0.956522,1.250000,1.222222,1.277778,0.055556,0.802115,0.701788,0.624727,0.778849,0.154123,1.000000,1.000000,1.000000,1.000000,0.000000,0.666667,5.000000,4.000000,6.000000,2.000000,19.152996,0.980809,1.454545,0.606879,0.145062,0.876560,17.117243,16.353498,0.837449,9.528408,0.487942,6.346103,0.324979,72.679919,137.573908,137.910838,137.236979,0.673859,0.995114
IC_small_3_278um_cells,243,266,245,0,-1,0.883445,634.250000,595.000000,673.500000,78.500000,0.961096,99.962871,97.979838,101.945904,3.966066,0.891892,1.296296,1.222222,1.370370,0.148148,0.956413,0.796597,0.778849,0.814344,0.035495,1.000000,1.000000,1.000000,1.000000,0.000000,0.857143,6.500000,6.000000,7.000000,1.000000,31.186086,1.238907,1.463415,0.454499,0.244383,0.251251,6.324555,24.237770,0.962877,16.804665,0.667587,3.300012,0.131097,80.778605,98.988311,144.162347,53.814274,90.348073,0.373289
IC_small_3_278um_cells,244,265,258,0,-1,0.788175,778.750000,686.500000,871.000000,184.500000,0.915012,110.268645,105.374936,115.162354,9.787419,0.826982,1.208165,1.093750,1.322581,0.228831,0.941388,0.801105,0.776919,0.825291,0.048372,1.000000,1.000000,1.000000,1.000000,0.000000,0.714286,6.000000,5.000000,7.000000,2.000000,31.305880,1.123810,1.306122,0.576120,0.238202,0.650135,18.110770,22.659671,0.813430,14.578307,0.523328,1.934744,0.069453,54.351886,126.728834,131.025111,122.432557,8.592554,0.934421
IC_small_3_278um_cells,245,265,255,0,-1,0.842848,750.500000,686.500000,814.500000,128.000000,0.896766,111.440197,105.374936,117.505458,12.130523,0.704861,1.322737,1.093750,1.551724,0.457974,0.954133,0.759102,0.741284,0.776919,0.035635,1.000000,1.000000,1.000000,1.000000,0.000000,0.714286,6.000000,5.000000,7.000000,2.000000,24.148645,0.882294,1.018868,0.675559,0.187209,1.019085,27.892651,20.359139,0.743841,11.163058,0.407853,0.691844,0.025277,65.738164,126.514976,130.601295,122.428656,8.172638,0.937423
IC_small_3_278um_cells,246,265,242,0,-1,0.822648,760.500000,686.500000,834.500000,148.000000,0.891392,111.794410,105.374936,118.213884,12.838948,0.989583,1.099507,1.093750,1.105263,0.011513,0.965881,0.763665,0.750411,0.776919,0.026508,1.000000,1.000000,1.000000,1.000000,0.000000,0.833333,5.500000,5.000000,6.000000,1.000000,36.791995,1.335733,1.133333,0.445650,0.286325,0.299379,8.246211,30.018043,1.089805,17.684148,0.642023,3.807565,0.138234,66.356421,108.920397,139.871391,77.969404,61.901987,0.557436
IC_small_3_278um_cells,247,264,260,0,-1,0.562205,496.000000,357.000000,635.000000,278.000000,0.800956,90.375809,80.387352,100.364266,19.976914,0.836538,1.234914,1.125000,1.344828,0.219828,0.876349,0.743206,0.694229,0.792183,0.097954,1.000000,1.000000,1.000000,1.000000,0.000000,0.833333,5.500000,5.000000,6.000000,1.000000,25.368672,1.150672,1.485714,0.537244,0.296875,0.644658,14.212670,19.414404,0.880599,10.602759,0.480920,4.967609,0.225321,47.048222,119.508546,121.667216,117.349876,4.317341,0.964515
IC_small_3_278um_cells,248,264,248,0,-1,0.829523,700.250000,635.000000,765.500000,130.500000,0.956563,102.643012,100.364266,104.921757,4.557491,0.892308,1.272414,1.200000,1.344828,0.144828,0.906570,0.833003,0.792183,0.873824,0.081641,1.000000,1.000000,1.000000,1.000000,0.000000,0.857143,6.500000,6.000000,7.000000,1.000000,32.813745,1.241373,1.129630,0.554942,0.207783,0.514555,13.601471,26.420894,0.999525,16.345036,0.618347,1.588888,0.060109,84.383528,129.756812,142.806401,116.707224,26.099177,0.817241
IC_small_3_278um_cells,249,264,246,0,-1,0.851206,690.500000,635.000000,746.000000,111.000000,0.970273,101.901738,100.364266,103.439210,3.074945,0.766827,1.188039,1.031250,1.344828,0.313578,0.904164,0.834166,0.792183,0.876150,0.083967,1.000000,1.000000,1.000000,1.000000,0.000000,1.000000,6.000000,6.000000,6.000000,0.000000,24.461013,0.931631,1.435897,0.660917,0.122375,0.795267,20.880613,20.074586,0.764568,12.105501,0.461055,2.587310,0.098541,70.075592,107.443797,133.964647,80.922946,53.041701,0.604062
IC_small_3_278um_cells,250,263,262,0,-1,0.755616,801.000000,689.500000,912.500000,223.000000,0.822589,121.958892,110.087403,133.830381,23.742978,0.960328,1.621041,1.588235,1.653846,0.065611,0.895498,0.677582,0.640226,0.714939,0.074713,0.991309,0.995655,0.991309,1.000000,0.008691,0.833333,5.500000,5.000000,6.000000,1.000000,22.629209,0.801517,1.102041,0.561835,0.257491,0.967415,27.313001,22.734138,0.805234,11.115584,0.393709,1.602117,0.056746,10.439872,125.898319,158.783850,93.012788,65.771062,0.585782
IC_small_3_278um_cells,251,263,236,0,-1,0.457835,1097.750000,689.500000,1506.000000,816.500000,0.721941,131.287754,110.087403,152.488104,42.400701,0.891860,1.564423,1.475000,1.653846,0.178846,0.878428,0.764412,0.714939,0.813885,0.098946,1.000000,1.000000,1.000000,1.000000,0.000000,0.833333,5.500000,5.000000,6.000000,1.000000,40.138010,1.233772,1.750000,0.615815,0.074243,0.782468,25.455844,33.357329,1.025345,19.170431,0.589265,12.102514,0.372010,69.786365,165.486533,175.236358,155.736707,19.499651,0.888724
IC_small_3_278um_cells,252,263,222,0,-1,0.441139,1126.250000,689.500000,1563.000000,873.500000,0.707645,132.828079,110.087403,155.568755,45.481352,0.914351,1.583021,1.512195,1.653846,0.141651,0.880937,0.763253,0.714939,0.811566,0.096628,1.000000,1.000000,1.000000,1.000000,0.000000,0.714286,6.000000,5.000000,7.000000,2.000000,48.397537,1.471203,2.063830,0.461090,0.333185,0.271891,8.944272,35.715744,1.085698,21.160035,0.643229,9.331824,0.283672,39.377590,114.023422,114.848253,113.198591,1.649662,0.985636
IC_small_3_278um_cells,253,262,236,0,-1,0.605910,1209.250000,912.500000,1506.000000,593.500000,0.877645,143.159243,133.830381,152.488104,18.657723,0.928704,1.531618,1.475000,1.588235,0.113235,0.786630,0.727055,0.640226,0.813885,0.173659,0.991309,0.995655,0.991309,1.000000,0.008691,1.000000,6.000000,6.000000,6.000000,0.000000,40.731091,1.180358,2.317073,0.562206,0.165599,0.779753,26.907248,30.950030,0.896910,16.247508,0.470841,7.239596,0.209798,41.169546,138.680181,166.109857,111.250506,54.859351,0.669741
IC_small_3_278um_cells,254,262,232,0,-1,0.595821,1222.000000,912.500000,1531.500000,619.000000,0.837641,146.800511,133.830381,159.770641,25.940260,0.868566,1.708403,1.588235,1.828571,0.240336,0.849181,0.697080,0.640226,0.753933,0.113707,0.991309,0.995655,0.991309,1.000000,0.008691,1.000000,6.000000,6.000000,6.000000,0.000000,49.606076,1.430766,1.500000,0.450698,0.286620,0.469523,16.278821,34.688810,1.000514,19.800057,0.571084,4.133715,0.119227,36.912938,118.143616,135.257700,101.029531,34.228169,0.746941
IC_small_3_278um_cells,255,261,256,0,-1,0.710932,1166.000000,969.000000,1363.000000,394.000000,0.844210,144.002136,131.837530,156.166743,24.329213,0.906883,1.293956,1.230769,1.357143,0.126374,0.997532,0.701443,0.700576,0.702310,0.001733,1.000000,1.000000,1.000000,1.000000,0.000000,0.714286,6.000000,5.000000,7.000000,2.000000,24.332773,0.715169,1.380000,0.786820,0.044383,1.396314,47.507894,18.990676,0.558159,11.592871,0.340728,2.658244,0.078129,15.519141,145.005749,145.304846,144.706652,0.598194,0.995883
IC_small_3_278um_cells,256,261,253,0,-1,0.600147,1090.500000,818.000000,1363.000000,545.000000,0.701781,132.880829,109.594916,156.166743,46.571826,0.808149,1.226959,1.096774,1.357143,0.260369,0.820628,0.779065,0.702310,0.855820,0.153510,1.000000,1.000000,1.000000,1.000000,0.000000,1.000000,7.000000,7.000000,7.000000,0.000000,44.723445,1.365194,1.013889,0.476767,0.220083,0.396828,13.000000,33.689945,1.028394,20.102144,0.613623,6.812853,0.207964,48.942069,102.283563,104.896277,99.670848,5.225429,0.950185
IC_small_3_278um_cells,257,261,241,0,-1,0.412326,962.500000,562.000000,1363.000000,801.000000,0.581687,123.503432,90.840121,156.166743,65.326621,0.789474,1.214286,1.071429,1.357143,0.285714,0.820612,0.779073,0.702310,0.855836,0.153527,1.000000,1.000000,1.000000,1.000000,0.000000,0.857143,6.500000,6.000000,7.000000,1.000000,44.612001,1.471727,1.700000,0.479339,0.222078,0.368834,11.180340,34.876831,1.150569,22.196251,0.732243,17.727291,0.584814,72.486786,124.533385,154.798876,94.267893,60.530983,0.608970
IC_small_3_278um_cells,258,260,258,0,-1,0.409874,614.000000,357.000000,871.000000,514.000000,0.698035,97.774853,80.387352,115.162354,34.775002,0.850610,1.223790,1.125000,1.322581,0.197581,0.841193,0.759760,0.694229,0.825291,0.131062,1.000000,1.000000,1.000000,1.000000,0.000000,0.714286,6.000000,5.000000,7.000000,2.000000,21.383666,0.883492,1.268293,0.773806,0.034609,1.122403,27.166155,18.032231,0.745023,10.374276,0.428626,6.679384,0.275967,51.222305,163.730061,166.900157,160.559965,6.340192,0.962012
IC_small_3_278um_cells,259,260,249,0,-1,0.852029,388.000000,357.000000,419.000000,62.000000,0.985283,80.987711,80.387352,81.588069,1.200717,0.995192,1.127717,1.125000,1.130435,0.005435,0.877672,0.742609,0.694229,0.790989,0.096760,1.000000,1.000000,1.000000,1.000000,0.000000,1.000000,5.000000,5.000000,5.000000,0.000000,22.214923,1.128694,1.533333,0.522011,0.329253,0.642675,12.649111,18.323511,0.930980,10.194455,0.517959,0.918460,0.046665,73.105593,120.451779,121.534792,119.368766,2.166026,0.982178
IC_small_3_278um_cells,260,260,246,0,-1,0.478552,551.500000,357.000000,746.000000,389.000000,0.777146,91.913281,80.387352,103.439210,23.051858,0.916667,1.078125,1.031250,1.125000,0.093750,0.792363,0.785189,0.694229,0.876150,0.181921,1.000000,1.000000,1.000000,1.000000,0.000000,0.833333,5.500000,5.000000,6.000000,1.000000,26.881031,1.163494,1.021277,0.543175,0.185857,0.521197,12.041595,22.708915,0.982912,13.280010,0.574800,7.795810,0.337427,89.141767,120.619831,157.409837,83.829825,73.580012,0.532558
IC_small_3_278um_cells,261,259,257,0,-1,0.349878,414.750000,215.000000,614.500000,399.500000,0.676652,81.475449,65.762633,97.188265,31.425632,0.968013,1.298889,1.277778,1.320000,0.042222,0.764163,0.721129,0.624727,0.817531,0.192804,1.000000,1.000000,1.000000,1.000000,0.000000,0.800000,4.500000,4.000000,5.000000,1.000000,22.890704,1.160433,1.470588,0.525351,0.311031,0.559939,11.045361,21.051667,1.067204,11.259937,0.570817,9.982198,0.506043,81.485718,117.651355,120.858755,114.443955,6.414800,0.946923
IC_small_3_278um_cells,262,259,253,0,-1,0.751222,716.250000,614.500000,818.000000,203.500000,0.886795,103.391591,97.188265,109.594916,12.406651,0.830890,1.208387,1.096774,1.320000,0.223226,0.955260,0.836675,0.817531,0.855820,0.038289,1.000000,1.000000,1.000000,1.000000,0.000000,0.714286,6.000000,5.000000,7.000000,2.000000,28.459056,1.066086,1.552632,0.627155,0.106806,0.699817,18.681542,21.841301,0.818182,14.223425,0.532814,1.665165,0.062378,82.063755,105.096792,118.072487,92.121096,25.951391,0.780208
IC_small_3_278um_cells,263,259,237,0,-1,0.672687,764.000000,614.500000,913.500000,299.000000,0.830380,107.114492,97.188265,117.040719,19.852454,0.779221,1.174286,1.028571,1.320000,0.291429,0.975573,0.827766,0.817531,0.838001,0.020470,1.000000,1.000000,1.000000,1.000000,0.000000,0.714286,6.000000,5.000000,7.000000,2.000000,26.812744,0.974774,1.439024,0.748259,0.046139,0.982254,27.018512,20.184027,0.733788,13.127639,0.477254,5.012371,0.182224,61.139987,156.358204,164.475889,148.240520,16.235369,0.901290
IC_small_3_278um_cells,264,258,249,0,-1,0.481056,645.000000,419.000000,871.000000,452.000000,0.708461,98.375212,81.588069,115.162354,33.574285,0.854719,1.226508,1.130435,1.322581,0.192146,0.958437,0.808140,0.790989,0.825291,0.034301,1.000000,1.000000,1.000000,1.000000,0.000000,0.714286,6.000000,5.000000,7.000000,2.000000,31.552065,1.262532,1.104167,0.535755,0.186434,0.456233,11.401754,27.972506,1.119299,15.775910,0.631261,11.072506,0.443058,84.660579,117.028154,156.151064,77.905243,78.245821,0.498909
IC_small_3_278um_cells,265,258,242,0,-1,0.958094,852.750000,834.500000,871.000000,36.500000,0.974186,116.688119,115.162354,118.213884,3.051529,0.835687,1.213922,1.105263,1.322581,0.217317,0.909269,0.787851,0.750411,0.825291,0.074880,1.000000,1.000000,1.000000,1.000000,0.000000,0.857143,6.500000,6.000000,7.000000,1.000000,24.953260,0.854558,1.304348,0.674882,0.106420,0.944727,27.586228,19.458889,0.666395,11.772298,0.403158,1.129290,0.038674,36.544503,101.475585,105.255119,97.696052,7.559067,0.928183
IC_small_3_278um_cells,266,257,245,0,-1,0.319228,444.250000,215.000000,673.500000,458.500000,0.645074,83.854269,65.762633,101.945904,36.183271,0.932432,1.324074,1.277778,1.370370,0.092593,0.767153,0.719535,0.624727,0.814344,0.189617,1.000000,1.000000,1.000000,1.000000,0.000000,0.571429,5.500000,4.000000,7.000000,3.000000,15.380375,0.757379,1.156250,0.846175,0.023635,1.300990,26.419690,13.852991,0.682165,7.608477,0.374666,6.462328,0.318226,29.475889,170.072393,171.869898,168.274888,3.595010,0.979083
IC_small_3_278um_cells,267,257,237,0,-1,0.235359,564.250000,215.000000,913.500000,698.500000,0.561878,91.401676,65.762633,117.040719,51.278085,0.804969,1.153175,1.028571,1.277778,0.249206,0.745496,0.731364,0.624727,0.838001,0.213274,1.000000,1.000000,1.000000,1.000000,0.000000,0.571429,5.500000,4.000000,7.000000,3.000000,25.324031,1.128345,1.066667,0.550899,0.241028,0.498154,11.180340,22.312728,0.994172,11.455746,0.510426,10.399582,0.463367,54.119122,114.702344,132.089162,97.315525,34.773637,0.736741
IC_small_3_278um_cells,268,256,247,0,-1,0.506799,1440.500000,969.000000,1912.000000,943.000000,0.782064,150.207015,131.837530,168.576501,36.738971,0.812500,1.115385,1.000000,1.230769,0.230769,0.828613,0.773029,0.700576,0.845481,0.144904,1.000000,1.000000,1.000000,1.000000,0.000000,0.714286,6.000000,5.000000,7.000000,2.000000,31.939516,0.853368,1.379310,0.739289,0.065082,1.056976,39.560081,25.130567,0.671445,15.818624,0.422646,9.369748,0.250343,35.847549,133.970432,148.371332,119.569531,28.801801,0.805880
IC_small_3_278um_cells,269,256,241,0,-1,0.579979,765.500000,562.000000,969.000000,407.000000,0.689031,111.338825,90.840121,131.837530,40.997408,0.870536,1.151099,1.071429,1.230769,0.159341,0.818587,0.778206,0.700576,0.855836,0.155260,1.000000,1.000000,1.000000,1.000000,0.000000,0.833333,5.500000,5.000000,6.000000,1.000000,34.456632,1.256732,1.103448,0.494624,0.273351,0.464224,12.727922,27.942146,1.019130,17.128530,0.624726,9.087623,0.331452,88.502302,109.490101,120.427260,98.552942,21.874318,0.818361
IC_small_3_278um_cells,270,256,228,0,-1,0.845201,894.000000,819.000000,969.000000,150.000000,0.826120,120.375548,108.913566,131.837530,22.923964,0.861742,1.145688,1.060606,1.230769,0.170163,0.807469,0.784098,0.700576,0.867621,0.167044,1.000000,1.000000,1.000000,1.000000,0.000000,0.714286,6.000000,5.000000,7.000000,2.000000,35.318396,1.182266,2.051282,0.549124,0.171980,0.643895,19.235384,27.750820,0.928945,17.650728,0.590850,3.361574,0.112527,79.365625,115.965694,117.474432,114.456956,3.017476,0.974314
IC_small_3_278um_cells,271,255,251,0,-1,0.445672,588.750000,363.000000,814.500000,451.500000,0.665789,97.869634,78.233810,117.505458,39.271648,0.694017,1.314324,1.076923,1.551724,0.474801,0.994620,0.743289,0.741284,0.745294,0.004009,1.000000,1.000000,1.000000,1.000000,0.000000,0.714286,6.000000,5.000000,7.000000,2.000000,20.580999,0.864893,1.666667,0.705453,0.076008,1.069753,25.455844,15.673938,0.658679,9.574736,0.402367,6.280189,0.263918,26.463349,121.444646,124.992020,117.897271,7.094749,0.943238
IC_small_3_278um_cells,272,255,242,0,-1,0.976034,824.500000,814.500000,834.500000,20.000000,0.994007,117.859671,117.505458,118.213884,0.708425,0.712281,1.328494,1.105263,1.551724,0.446461,0.987838,0.745848,0.741284,0.750411,0.009127,1.000000,1.000000,1.000000,1.000000,0.000000,0.857143,6.500000,6.000000,7.000000,1.000000,36.412394,1.268124,1.813953,0.542338,0.109763,0.700874,20.124612,28.622257,0.996820,18.027376,0.627834,0.768453,0.026763,85.491200,132.776691,151.429301,114.124080,37.305221,0.753646
IC_small_3_278um_cells,273,255,235,0,-1,0.526090,621.500000,428.500000,814.500000,386.000000,0.696978,99.702102,81.898746,117.505458,35.606712,0.644444,1.275862,1.000000,1.551724,0.551724,0.923376,0.772041,0.741284,0.802798,0.061513,1.000000,1.000000,1.000000,1.000000,0.000000,0.857143,6.500000,6.000000,7.000000,1.000000,25.700791,1.043906,1.177778,0.526755,0.229284,0.552460,13.601471,20.390510,0.828214,11.790679,0.478910,5.218249,0.211953,37.318762,94.457463,98.914927,90.000000,8.914927,0.909873
IC_small_3_278um_cells,274,255,234,0,-1,0.644567,669.750000,525.000000,814.500000,289.500000,0.870002,109.867732,102.230007,117.505458,15.275452,0.888889,1.465517,1.379310,1.551724,0.172414,0.851584,0.686275,0.631266,0.741284,0.110018,1.000000,1.000000,1.000000,1.000000,0.000000,0.857143,6.500000,6.000000,7.000000,1.000000,39.286529,1.527104,1.314815,0.393105,0.351624,0.248895,6.403124,31.098135,1.208814,19.557155,0.760205,2.781611,0.108124,75.592976,113.749335,136.847610,90.651060,46.196550,0.662423
IC_small_3_278um_cells,275,254,248,0,-1,0.357283,519.500000,273.500000,765.500000,492.000000,0.686471,88.473775,72.025793,104.921757,32.895964,0.992063,1.195238,1.190476,1.200000,0.009524,0.758171,0.768166,0.662508,0.873824,0.211316,1.000000,1.000000,1.000000,1.000000,0.000000,0.571429,5.500000,4.000000,7.000000,3.000000,18.574380,0.840365,1.222222,0.835286,0.012031,1.174583,25.961510,17.604965,0.796506,9.259901,0.418948,6.973071,0.315484,70.552472,173.255456,178.986021,167.524890,11.461131,0.935966
IC_small_3_278um_cells,276,254,240,0,-1,0.322144,561.250000,273.500000,849.000000,575.500000,0.635105,92.716707,72.025793,113.407622,41.381828,0.863333,1.109127,1.027778,1.190476,0.162698,0.798653,0.746020,0.662508,0.829532,0.167024,1.000000,1.000000,1.000000,1.000000,0.000000,0.666667,5.000000,4.000000,6.000000,2.000000,28.749358,1.258854,1.285714,0.525142,0.216927,0.471603,10.770330,27.761378,1.215593,14.358921,0.628737,13.345140,0.584346,77.379139,127.626343,171.486012,83.766675,87.719337,0.488475
IC_small_3_278um_cells,277,254,239,0,-1,0.561026,380.500000,273.500000,487.500000,214.000000,0.795433,81.287459,72.025793,90.549125,18.523332,0.974026,1.206349,1.190476,1.222222,0.031746,0.886697,0.704836,0.662508,0.747164,0.084656,1.000000,1.000000,1.000000,1.000000,0.000000,0.666667,5.000000,4.000000,6.000000,2.000000,22.541846,1.167450,1.228571,0.519567,0.298292,0.696768,13.453624,19.357732,1.002544,10.403729,0.538813,4.895974,0.253564,74.809771,125.632390,128.820076,122.444703,6.375372,0.950509
IC_small_3_278um_cells,278,253,241,0,-1,0.687042,690.000000,562.000000,818.000000,256.000000,0.828872,100.217519,90.840121,109.594916,18.754795,0.976891,1.084101,1.071429,1.096774,0.025346,0.999981,0.855828,0.855820,0.855836,0.000017,1.000000,1.000000,1.000000,1.000000,0.000000,0.857143,6.500000,6.000000,7.000000,1.000000,26.296278,1.005455,1.085106,0.653835,0.113043,0.718382,18.788294,20.734539,0.792798,12.944523,0.494942,3.534630,0.135149,78.083206,106.015971,111.727096,100.304846,11.422249,0.897767
IC_small_3_278um_cells,279,253,237,0,-1,0.895457,865.750000,818.000000,913.500000,95.500000,0.936383,113.317817,109.594916,117.040719,7.445802,0.937815,1.062673,1.028571,1.096774,0.068203,0.979179,0.846910,0.838001,0.855820,0.017819,1.000000,1.000000,1.000000,1.000000,0.000000,1.000000,7.000000,7.000000,7.000000,0.000000,39.093246,1.329140,1.218182,0.490421,0.308692,0.271994,8.000000,29.157101,0.991319,17.938110,0.609882,2.363365,0.080353,55.803634,103.300793,103.403015,103.198571,0.204443,0.998023
IC_small_3_278um_cells,280,253,233,0,-1,0.855134,758.750000,699.500000,818.000000,118.500000,0.923205,105.386738,101.178560,109.594916,8.416356,0.935484,1.134594,1.096774,1.172414,0.075640,0.996694,0.857239,0.855820,0.858659,0.002839,1.000000,1.000000,1.000000,1.000000,0.000000,0.857143,6.500000,6.000000,7.000000,1.000000,28.661076,1.041298,1.414634,0.711617,0.059308,0.855140,23.537205,21.861966,0.794276,14.294632,0.519344,2.179722,0.079192,88.820211,149.936605,154.536655,145.336554,9.200101,0.940467
IC_small_3_278um_cells,281,252,250,0,-1,0.571511,681.250000,495.500000,867.000000,371.500000,0.793222,101.218933,89.547305,112.890561,23.343256,0.847034,1.301320,1.193548,1.409091,0.215543,0.908311,0.815705,0.776513,0.854897,0.078384,1.000000,1.000000,1.000000,1.000000,0.000000,0.833333,5.500000,5.000000,6.000000,1.000000,21.561950,0.834042,1.351351,0.847466,0.034862,1.166224,30.149627,17.394485,0.672840,10.721104,0.414705,5.369452,0.207697,58.888229,159.131798,167.471192,150.792404,16.678789,0.900408
IC_small_3_278um_cells,282,252,240,0,-1,0.583628,672.250000,495.500000,849.000000,353.500000,0.789606,101.477463,89.547305,113.407622,23.860317,0.729391,1.218434,1.027778,1.409091,0.381313,0.936085,0.803022,0.776513,0.829532,0.053019,1.000000,1.000000,1.000000,1.000000,0.000000,0.833333,5.500000,5.000000,6.000000,1.000000,23.229779,0.903928,1.065217,0.645597,0.182968,0.801256,20.591260,20.216639,0.786679,11.611665,0.451838,5.031398,0.195784,52.923326,116.852738,122.836129,110.869348,11.966781,0.902579
IC_small_3_278um_cells,283,252,221,0,-1,0.622879,645.500000,495.500000,795.500000,300.000000,0.831471,98.622350,89.547305,107.697395,18.150090,0.824142,1.285191,1.161290,1.409091,0.247801,0.900967,0.819189,0.776513,0.861866,0.085353,1.000000,1.000000,1.000000,1.000000,0.000000,0.714286,6.000000,5.000000,7.000000,2.000000,32.307934,1.280424,2.000000,0.541045,0.235864,0.477231,12.041595,25.811032,1.022939,15.965567,0.632745,4.028510,0.159657,81.498651,121.513728,122.872909,120.154548,2.718361,0.977877
IC_small_3_278um_cells,284,251,243,0,-1,0.886447,386.250000,363.000000,409.500000,46.500000,0.975134,79.231276,78.233810,80.228743,1.994933,0.965517,1.096154,1.076923,1.115385,0.038462,0.932231,0.772383,0.745294,0.799473,0.054179,1.000000,1.000000,1.000000,1.000000,0.000000,1.000000,5.000000,5.000000,5.000000,0.000000,16.054783,0.817273,1.303030,0.784194,0.035599,1.201407,23.600847,13.935747,0.709403,7.887635,0.401522,1.189058,0.060529,41.900391,163.113428,175.971736,150.255119,25.716618,0.853859
IC_small_3_278um_cells,285,251,235,0,-1,0.847141,395.750000,363.000000,428.500000,65.500000,0.955250,80.066278,78.233810,81.898746,3.664936,0.928571,1.038462,1.000000,1.076923,0.076923,0.928371,0.774046,0.745294,0.802798,0.057504,1.000000,1.000000,1.000000,1.000000,0.000000,0.833333,5.500000,5.000000,6.000000,1.000000,27.779820,1.397628,1.065217,0.505054,0.205306,0.498053,9.899495,22.304383,1.122154,13.803693,0.694477,1.890829,0.095129,84.297763,135.638287,152.102729,119.173846,32.928883,0.783509
IC_small_3_278um_cells,286,251,223,0,-1,0.573460,498.000000,363.000000,633.000000,270.000000,0.799200,88.061963,78.233810,97.890116,19.656306,0.928571,1.038462,1.000000,1.076923,0.076923,0.897825,0.787702,0.745294,0.830110,0.084817,1.000000,1.000000,1.000000,1.000000,0.000000,0.714286,6.000000,5.000000,7.000000,2.000000,28.827871,1.304073,1.540541,0.477020,0.265060,0.319871,7.071068,22.136877,1.001396,14.323697,0.647954,6.002314,0.271524,71.887904,94.593342,97.696052,91.490632,6.205420,0.936482
IC_small_3_278um_cells,287,250,221,0,-1,0.917532,831.250000,795.500000,867.000000,71.500000,0.953998,110.293978,107.697395,112.890561,5.193166,0.972973,1.177419,1.161290,1.193548,0.032258,0.991914,0.858381,0.854897,0.861866,0.006969,1.000000,1.000000,1.000000,1.000000,0.000000,0.857143,6.500000,6.000000,7.000000,1.000000,34.280109,1.189260,1.416667,0.541492,0.282707,0.419190,12.083046,27.326541,0.948024,17.139775,0.594620,1.899370,0.065894,77.777257,108.158025,127.263001,89.053049,38.209953,0.699756
IC_small_3_278um_cells,288,249,246,0,-1,0.561662,582.500000,419.000000,746.000000,327.000000,0.788754,92.513640,81.588069,103.439210,21.851141,0.912260,1.080842,1.031250,1.130435,0.099185,0.902802,0.833569,0.790989,0.876150,0.085160,1.000000,1.000000,1.000000,1.000000,0.000000,0.833333,5.500000,5.000000,6.000000,1.000000,23.213230,0.971621,1.606061,0.769262,0.043777,0.985181,23.537205,19.012564,0.795796,11.606499,0.485806,4.948067,0.207108,82.751927,161.382583,165.963757,156.801409,9.162347,0.944793
IC_small_3_278um_cells,289,249,242,0,-1,0.502097,626.750000,419.000000,834.500000,415.500000,0.690173,99.900977,81.588069,118.213884,36.625814,0.977733,1.117849,1.105263,1.130435,0.025172,0.948699,0.770700,0.750411,0.790989,0.040578,1.000000,1.000000,1.000000,1.000000,0.000000,0.833333,5.500000,5.000000,6.000000,1.000000,29.580162,1.198616,1.657895,0.521465,0.286398,0.526772,13.000000,23.337744,0.945667,13.782356,0.558474,5.752253,0.233087,50.766109,116.796909,135.000000,98.593817,36.406183,0.730325
IC_small_3_278um_cells,290,249,227,0,-1,0.534439,601.500000,419.000000,784.000000,365.000000,0.719238,97.512455,81.588069,113.436841,31.848771,0.589792,1.523551,1.130435,1.916667,0.786232,0.967937,0.778309,0.765628,0.790989,0.025361,1.000000,1.000000,1.000000,1.000000,0.000000,0.714286,6.000000,5.000000,7.000000,2.000000,20.873874,0.861320,1.021739,0.645582,0.146717,0.866524,21.000000,17.125884,0.706667,10.356021,0.427321,3.774176,0.155734,85.466148,114.340576,116.301017,112.380135,3.920882,0.966287
IC_small_3_278um_cells,291,248,246,0,-1,0.974526,755.750000,746.000000,765.500000,19.500000,0.985870,104.180484,103.439210,104.921757,1.482547,0.859375,1.115625,1.031250,1.200000,0.168750,0.997346,0.874987,0.873824,0.876150,0.002326,1.000000,1.000000,1.000000,1.000000,0.000000,0.857143,6.500000,6.000000,7.000000,1.000000,28.504006,1.036874,1.552632,0.628551,0.191862,0.627954,17.262677,22.052037,0.802174,14.205151,0.516733,0.785384,0.028569,79.511844,113.939761,118.551392,109.328129,9.223263,0.922200
IC_small_3_278um_cells,292,248,239,0,-1,0.636839,626.500000,487.500000,765.500000,278.000000,0.863016,97.735441,90.549125,104.921757,14.372632,0.981818,1.211111,1.200000,1.222222,0.022222,0.855051,0.810494,0.747164,0.873824,0.126660,1.000000,1.000000,1.000000,1.000000,0.000000,0.857143,6.500000,6.000000,7.000000,1.000000,31.166688,1.253006,1.234043,0.495476,0.169593,0.345842,8.602325,24.229385,0.974103,15.581528,0.626430,6.318286,0.254016,82.567900,102.194204,140.733375,63.655034,77.078341,0.452309
IC_small_3_278um_cells,293,248,231,0,-1,0.570216,601.000000,436.500000,765.500000,329.000000,0.781750,93.472179,82.022601,104.921757,22.899157,0.869565,1.121739,1.043478,1.200000,0.156522,0.933046,0.844571,0.815318,0.873824,0.058506,1.000000,1.000000,1.000000,1.000000,0.000000,0.714286,6.000000,5.000000,7.000000,2.000000,29.167299,1.201283,1.705882,0.585349,0.135607,0.541717,13.152946,21.257653,0.875517,13.541688,0.557727,5.827383,0.240006,62.001499,111.837812,121.200515,102.475110,18.725405,0.845501
IC_small_3_278um_cells,294,248,229,0,-1,0.809928,692.750000,620.000000,765.500000,145.500000,0.917516,100.594570,96.267383,104.921757,8.654374,0.922619,1.153571,1.107143,1.200000,0.092857,0.962098,0.857264,0.840704,0.873824,0.033120,1.000000,1.000000,1.000000,1.000000,0.000000,0.857143,6.500000,6.000000,7.000000,1.000000,29.529082,1.123474,1.282609,0.540029,0.238542,0.411534,10.816654,23.512979,0.894583,14.738995,0.560765,1.179897,0.044891,69.969837,95.746976,107.750561,83.743391,24.007170,0.777197
IC_small_3_278um_cells,295,247,232,0,-1,0.800994,1721.750000,1531.500000,1912.000000,380.500000,0.947763,164.173571,159.770641,168.576501,8.805860,0.546875,1.414286,1.000000,1.828571,0.828571,0.891721,0.799707,0.753933,0.845481,0.091547,1.000000,1.000000,1.000000,1.000000,0.000000,0.857143,6.500000,6.000000,7.000000,1.000000,34.040696,0.821636,1.014085,0.781075,0.078263,1.122040,46.486557,27.174765,0.655914,16.991575,0.410123,3.879295,0.093634,36.123118,148.646493,166.378602,130.914383,35.464219,0.786846
IC_small_3_278um_cells,296,247,228,0,-1,0.428347,1365.500000,819.000000,1912.000000,1093.000000,0.646078,138.745033,108.913566,168.576501,59.662935,0.942857,1.030303,1.000000,1.060606,0.060606,0.974482,0.856551,0.845481,0.867621,0.022140,1.000000,1.000000,1.000000,1.000000,0.000000,1.000000,7.000000,7.000000,7.000000,0.000000,47.179246,1.304292,1.054054,0.511400,0.256316,0.254879,9.219544,34.620263,0.957093,23.286438,0.643764,14.895792,0.411801,87.904847,97.253045,97.334379,97.171712,0.162667,0.998329
IC_small_3_278um_cells,297,247,218,0,-1,0.373692,1313.250000,714.500000,1912.000000,1197.500000,0.634535,137.772093,106.967686,168.576501,61.608815,0.941176,1.031250,1.000000,1.062500,0.062500,0.928118,0.815093,0.784706,0.845481,0.060775,1.000000,1.000000,1.000000,1.000000,0.000000,0.714286,6.000000,5.000000,7.000000,2.000000,43.439771,1.233094,1.456140,0.538930,0.337902,0.398421,14.035669,34.966303,0.992564,21.241122,0.602957,14.348954,0.407314,88.582120,114.686940,116.175290,113.198591,2.976699,0.974378
IC_small_3_278um_cells,298,247,211,0,-1,0.452406,1388.500000,865.000000,1912.000000,1047.000000,0.685818,142.094631,115.612761,168.576501,52.963740,0.697674,1.216667,1.000000,1.433333,0.433333,0.961858,0.829356,0.813232,0.845481,0.032249,1.000000,1.000000,1.000000,1.000000,0.000000,0.714286,6.000000,5.000000,7.000000,2.000000,45.130614,1.234134,1.685185,0.553008,0.132877,0.450999,16.492423,33.957425,0.928594,22.559325,0.616903,11.924173,0.326076,86.922500,97.076971,109.230672,84.923270,24.307403,0.777467
IC_small_3_278um_cells,299,246,229,0,-1,0.831099,683.000000,620.000000,746.000000,126.000000,0.930666,99.853297,96.267383,103.439210,7.171828,0.931452,1.069196,1.031250,1.107143,0.075893,0.959544,0.858427,0.840704,0.876150,0.035445,1.000000,1.000000,1.000000,1.000000,0.000000,1.000000,6.000000,6.000000,6.000000,0.000000,26.506462,1.015324,1.317073,0.698495,0.104319,0.822439,21.470911,20.379494,0.780632,13.237516,0.507060,1.693888,0.064884,89.140029,130.466441,133.698047,127.234834,6.463213,0.951658
IC_small_3_278um_cells,300,246,227,0,-1,0.951531,765.000000,746.000000,784.000000,38.000000,0.911866,108.438026,103.439210,113.436841,9.997630,0.538043,1.473958,1.031250,1.916667,0.885417,0.873855,0.820889,0.765628,0.876150,0.110522,1.000000,1.000000,1.000000,1.000000,0.000000,0.857143,6.500000,6.000000,7.000000,1.000000,32.641313,1.180240,1.072727,0.478825,0.280392,0.298165,8.246211,26.663860,0.964108,15.736727,0.569006,1.545993,0.055900,57.262895,86.147588,94.559950,77.735226,16.824724,0.822073
IC_small_3_278um_cells,301,245,237,0,-1,0.737274,793.500000,673.500000,913.500000,240.000000,0.871029,109.493311,101.945904,117.040719,15.094815,0.750579,1.199471,1.028571,1.370370,0.341799,0.971770,0.826172,0.814344,0.838001,0.023657,1.000000,1.000000,1.000000,1.000000,0.000000,1.000000,7.000000,7.000000,7.000000,0.000000,29.704433,1.057548,1.180000,0.531593,0.249527,0.450338,12.649111,25.136944,0.894935,14.841108,0.528379,2.128742,0.075788,79.903133,85.408040,114.775141,56.040940,58.734200,0.488267
IC_small_3_278um_cells,302,245,220,0,-1,0.847170,734.250000,673.500000,795.000000,121.500000,0.954856,104.355846,101.945904,106.765787,4.819883,0.931034,1.323116,1.275862,1.370370,0.094508,0.929170,0.845383,0.814344,0.876421,0.062077,1.000000,1.000000,1.000000,1.000000,0.000000,0.875000,7.500000,7.000000,8.000000,1.000000,30.692435,1.133658,1.783784,0.590953,0.183180,0.590977,16.000000,25.035202,0.924702,15.328394,0.566171,0.019294,0.000713,85.416186,123.899797,136.789911,111.009684,25.780227,0.811534
IC_small_3_278um_cells,303,244,243,0,-1,0.917133,428.000000,409.500000,446.500000,37.000000,0.935262,83.005436,80.228743,85.782129,5.553386,0.992611,1.111264,1.107143,1.115385,0.008242,0.953749,0.780985,0.762496,0.799473,0.036977,1.000000,1.000000,1.000000,1.000000,0.000000,1.000000,5.000000,5.000000,5.000000,0.000000,23.835067,1.152381,1.964286,0.521280,0.249416,0.540548,11.180340,18.484574,0.893694,10.537186,0.509453,0.207933,0.010053,43.832147,108.254451,109.983107,106.525796,3.457310,0.968565
IC_small_3_278um_cells,304,244,230,0,-1,0.982398,450.500000,446.500000,454.500000,8.000000,0.979684,86.671565,85.782129,87.561000,1.778872,0.885714,1.178571,1.107143,1.250000,0.142857,0.976978,0.753719,0.744942,0.762496,0.017554,1.000000,1.000000,1.000000,1.000000,0.000000,1.000000,5.000000,5.000000,5.000000,0.000000,18.377498,0.865851,1.516129,0.779221,0.050499,1.243865,26.400758,17.123155,0.806753,9.112537,0.429335,0.555932,0.026193,71.338196,146.526554,152.525568,140.527540,11.998028,0.921338
IC_small_3_278um_cells,305,244,224,0,-1,0.775847,511.000000,446.500000,575.500000,129.000000,0.923055,89.357504,85.782129,92.932880,7.150752,0.903226,1.053571,1.000000,1.107143,0.107143,0.910587,0.799932,0.762496,0.837368,0.074872,1.000000,1.000000,1.000000,1.000000,0.000000,0.833333,5.500000,5.000000,6.000000,1.000000,26.963130,1.195171,1.061224,0.508540,0.319472,0.438806,9.899495,21.358309,0.946731,13.353693,0.591917,0.633421,0.028077,78.813855,119.339971,141.581945,97.097996,44.483948,0.685808
IC_small_3_278um_cells,306,243,224,0,-1,0.711555,492.500000,409.500000,575.500000,166.000000,0.863298,86.580811,80.228743,92.932880,12.704138,0.896552,1.057692,1.000000,1.115385,0.115385,0.954745,0.818421,0.799473,0.837368,0.037895,1.000000,1.000000,1.000000,1.000000,0.000000,0.833333,5.500000,5.000000,6.000000,1.000000,22.259850,1.006648,1.351351,0.631022,0.132995,0.748567,16.552945,17.090355,0.772870,11.084915,0.501289,4.141702,0.187298,80.136973,107.876944,108.434949,107.318938,1.116010,0.989708
IC_small_3_278um_cells,307,243,223,0,-1,0.646919,521.250000,409.500000,633.000000,223.500000,0.819580,89.059429,80.228743,97.890116,17.661373,0.896552,1.057692,1.000000,1.115385,0.115385,0.963092,0.814792,0.799473,0.830110,0.030637,1.000000,1.000000,1.000000,1.000000,0.000000,0.714286,6.000000,5.000000,7.000000,2.000000,30.167483,1.329093,1.040000,0.543072,0.174101,0.502329,11.401754,21.711487,0.956546,14.931478,0.657838,4.930482,0.217223,79.473856,126.913594,135.572939,118.254249,17.318689,0.872256
IC_small_3_278um_cells,308,242,234,0,-1,0.629119,679.750000,525.000000,834.500000,309.500000,0.864788,110.221945,102.230007,118.213884,15.983877,0.801316,1.242287,1.105263,1.379310,0.274047,0.841227,0.690839,0.631266,0.750411,0.119145,1.000000,1.000000,1.000000,1.000000,0.000000,1.000000,6.000000,6.000000,6.000000,0.000000,17.239164,0.665597,1.042553,0.850492,0.030158,1.519571,39.357337,14.602428,0.563794,8.586098,0.331506,3.921999,0.151427,23.186365,158.394955,161.565051,155.224859,6.340192,0.960758
IC_small_3_278um_cells,309,242,227,0,-1,0.939485,809.250000,784.000000,834.500000,50.500000,0.959590,115.825362,113.436841,118.213884,4.777043,0.576659,1.510965,1.105263,1.916667,0.811404,0.980125,0.758019,0.750411,0.765628,0.015217,1.000000,1.000000,1.000000,1.000000,0.000000,0.857143,6.500000,6.000000,7.000000,1.000000,39.442013,1.386662,1.400000,0.453167,0.313253,0.348036,9.899495,27.989363,0.984021,19.454223,0.683952,4.277228,0.150374,77.796792,101.635463,112.619865,90.651060,21.968805,0.804930
IC_small_3_278um_cells,310,241,233,0,-1,0.803431,630.750000,562.000000,699.500000,137.500000,0.897820,96.009341,90.840121,101.178560,10.338439,0.913866,1.121921,1.071429,1.172414,0.100985,0.996713,0.857248,0.855836,0.858659,0.002822,1.000000,1.000000,1.000000,1.000000,0.000000,1.000000,6.000000,6.000000,6.000000,0.000000,31.981199,1.275305,1.487805,0.490073,0.342846,0.242560,6.082763,25.206061,1.005135,15.599058,0.622039,3.050319,0.121637,68.523885,99.231945,102.936350,95.527540,7.408810,0.928025
IC_small_3_278um_cells,311,241,228,0,-1,0.686203,690.500000,562.000000,819.000000,257.000000,0.834057,99.876843,90.840121,108.913566,18.073445,0.989899,1.066017,1.060606,1.071429,0.010823,0.986418,0.861728,0.855836,0.867621,0.011784,1.000000,1.000000,1.000000,1.000000,0.000000,0.857143,6.500000,6.000000,7.000000,1.000000,26.134429,0.998932,1.173913,0.678711,0.130702,0.761585,19.924859,20.578311,0.786562,12.710921,0.485848,2.945310,0.112578,69.845976,123.348491,143.972627,102.724356,41.248271,0.713499
IC_small_3_278um_cells,312,241,225,0,-1,0.917260,538.750000,515.500000,562.000000,46.500000,0.970684,89.508596,88.177070,90.840121,2.663051,0.997537,1.072751,1.071429,1.074074,0.002646,0.973501,0.844497,0.833158,0.855836,0.022679,1.000000,1.000000,1.000000,1.000000,0.000000,1.000000,6.000000,6.000000,6.000000,0.000000,23.073374,0.994303,1.428571,0.745761,0.049652,0.953906,22.135944,19.223954,0.828419,11.536366,0.497138,0.805121,0.034695,88.336617,157.380107,168.185025,146.575189,21.609836,0.871512
IC_small_3_278um_cells,313,240,239,0,-1,0.574205,668.250000,487.500000,849.000000,361.500000,0.798440,101.978373,90.549125,113.407622,22.858497,0.840909,1.125000,1.027778,1.222222,0.194444,0.900706,0.788348,0.747164,0.829532,0.082368,1.000000,1.000000,1.000000,1.000000,0.000000,1.000000,6.000000,6.000000,6.000000,0.000000,20.898634,0.816082,1.405405,0.828885,0.035915,1.202954,30.805844,16.957216,0.662171,10.315705,0.402823,4.008249,0.156520,46.626249,158.642130,163.495639,153.788622,9.707017,0.940628
IC_small_3_278um_cells,314,240,221,0,-1,0.936985,822.250000,795.500000,849.000000,53.500000,0.949649,110.552508,107.697395,113.407622,5.710227,0.885031,1.094534,1.027778,1.161290,0.133513,0.962484,0.845699,0.829532,0.861866,0.032334,1.000000,1.000000,1.000000,1.000000,0.000000,0.857143,6.500000,6.000000,7.000000,1.000000,33.875230,1.181511,1.071429,0.590300,0.134083,0.592931,17.000000,24.553607,0.856389,16.796752,0.585842,1.432929,0.049978,75.883799,124.072600,133.854237,114.290962,19.563275,0.853846
IC_small_3_278um_cells,315,240,219,0,-1,0.436985,610.000000,371.000000,849.000000,478.000000,0.694379,96.077724,78.747827,113.407622,34.659795,0.815134,1.144324,1.027778,1.260870,0.233092,0.906303,0.790670,0.751807,0.829532,0.077724,1.000000,1.000000,1.000000,1.000000,0.000000,0.833333,5.500000,5.000000,6.000000,1.000000,27.716110,1.145318,1.567568,0.530080,0.199180,0.456430,11.045361,23.403375,0.967102,13.539264,0.559486,9.925649,0.410160,60.581512,89.411875,113.267705,65.556045,47.711660,0.578771
IC_small_3_278um_cells,316,239,231,0,-1,0.895385,462.000000,436.500000,487.500000,51.000000,0.905835,86.285863,82.022601,90.549125,8.526524,0.853755,1.132850,1.043478,1.222222,0.178744,0.916408,0.781241,0.747164,0.815318,0.068154,1.000000,1.000000,1.000000,1.000000,0.000000,0.833333,5.500000,5.000000,6.000000,1.000000,21.935946,1.020942,1.236842,0.547236,0.248918,0.626158,13.453624,16.938167,0.788335,10.704743,0.498220,1.235633,0.057509,58.136784,108.371071,116.791516,99.950627,16.840889,0.855804
IC_small_3_278um_cells,317,239,219,0,-1,0.761026,429.250000,371.000000,487.500000,116.500000,0.869670,84.648476,78.747827,90.549125,11.801298,0.969349,1.241546,1.222222,1.260870,0.038647,0.993824,0.749486,0.747164,0.751807,0.004643,1.000000,1.000000,1.000000,1.000000,0.000000,0.833333,5.500000,5.000000,6.000000,1.000000,28.638147,1.385468,1.083333,0.486582,0.313337,0.493365,10.198039,21.326919,1.031762,11.798113,0.570774,2.475800,0.119775,46.057262,128.396707,130.948316,125.845097,5.103219,0.961029
IC_small_3_278um_cells,318,239,209,0,-1,0.712199,586.000000,487.500000,684.500000,197.000000,0.901847,95.476585,90.549125,100.404044,9.854920,0.927273,1.177778,1.133333,1.222222,0.088889,0.875659,0.800212,0.747164,0.853259,0.106095,1.000000,1.000000,1.000000,1.000000,0.000000,1.000000,6.000000,6.000000,6.000000,0.000000,26.786580,1.110501,1.666667,0.555127,0.165529,0.581882,14.035669,20.801877,0.862391,13.082142,0.542351,5.068855,0.210141,66.336593,96.763498,123.976544,69.550452,54.426092,0.560997
IC_small_3_278um_cells,319,237,233,0,-1,0.765736,806.500000,699.500000,913.500000,214.000000,0.864473,109.109639,101.178560,117.040719,15.862159,0.877311,1.100493,1.028571,1.172414,0.143842,0.975942,0.848330,0.838001,0.858659,0.020658,1.000000,1.000000,1.000000,1.000000,0.000000,0.857143,6.500000,6.000000,7.000000,1.000000,27.272174,0.962453,1.578947,0.687545,0.123683,0.820840,23.259407,22.553331,0.795922,13.510326,0.476788,1.968712,0.069477,70.362511,116.100578,129.936383,102.264774,27.671609,0.787037
IC_small_3_278um_cells,320,237,220,0,-1,0.870279,854.250000,795.000000,913.500000,118.500000,0.912211,111.903253,106.765787,117.040719,10.274931,0.806178,1.152217,1.028571,1.275862,0.247291,0.956162,0.857211,0.838001,0.876421,0.038420,1.000000,1.000000,1.000000,1.000000,0.000000,0.875000,7.500000,7.000000,8.000000,1.000000,35.556487,1.217273,1.313725,0.563631,0.180860,0.490169,14.317821,26.159889,0.895581,17.518523,0.599745,2.193225,0.075085,81.834235,116.227149,124.019350,108.434949,15.584401,0.874339
IC_small_3_278um_cells,321,237,216,0,-1,0.611932,736.250000,559.000000,913.500000,354.500000,0.798344,105.239751,93.438783,117.040719,23.601936,0.764082,1.187363,1.028571,1.346154,0.317582,0.960114,0.821289,0.804576,0.838001,0.033424,1.000000,1.000000,1.000000,1.000000,0.000000,0.714286,6.000000,5.000000,7.000000,2.000000,26.298107,0.976403,1.513514,0.645975,0.148387,0.765418,20.615528,22.123922,0.821422,12.996285,0.482529,5.860797,0.217601,58.700702,117.902891,135.241753,100.564028,34.677725,0.743587
IC_small_3_278um_cells,322,236,232,0,-1,0.983350,1518.750000,1506.000000,1531.500000,25.500000,0.954419,156.129373,152.488104,159.770641,7.282537,0.806641,1.651786,1.475000,1.828571,0.353571,0.926339,0.783909,0.753933,0.813885,0.059951,1.000000,1.000000,1.000000,1.000000,0.000000,1.000000,6.000000,6.000000,6.000000,0.000000,30.787462,0.790014,1.140625,0.650994,0.107819,0.899573,35.057096,24.752665,0.635159,15.343509,0.393718,0.997279,0.025590,36.308552,85.050047,111.467651,58.632443,52.835209,0.526004
IC_small_3_278um_cells,323,236,222,0,-1,0.963532,1534.500000,1506.000000,1563.000000,57.000000,0.980197,154.028430,152.488104,155.568755,3.080651,0.975403,1.493598,1.475000,1.512195,0.037195,0.997152,0.812726,0.811566,0.813885,0.002318,1.000000,1.000000,1.000000,1.000000,0.000000,0.857143,6.500000,6.000000,7.000000,1.000000,34.303112,0.875727,1.043478,0.650790,0.152167,0.824870,32.310989,28.078418,0.716816,17.122758,0.437128,1.281665,0.032720,81.783958,88.713048,105.861044,71.565051,34.295993,0.676028
IC_small_3_278um_cells,324,236,214,0,-1,0.437583,1082.500000,659.000000,1506.000000,847.000000,0.674882,127.699779,102.911453,152.488104,49.576651,0.847458,1.362500,1.250000,1.475000,0.225000,0.960738,0.797907,0.781930,0.813885,0.031955,1.000000,1.000000,1.000000,1.000000,0.000000,1.000000,6.000000,6.000000,6.000000,0.000000,44.887836,1.392341,1.285714,0.505136,0.257968,0.361732,11.661904,33.216263,1.030310,22.423345,0.695532,15.272985,0.473741,85.807226,123.279026,130.839080,115.718972,15.120107,0.884437
IC_small_3_278um_cells,325,236,203,0,-1,0.917331,1443.750000,1381.500000,1506.000000,124.500000,0.931121,147.236491,141.984878,152.488104,10.503226,0.724191,1.271591,1.068182,1.475000,0.406818,0.945119,0.837515,0.813885,0.861146,0.047261,1.000000,1.000000,1.000000,1.000000,0.000000,1.000000,6.000000,6.000000,6.000000,0.000000,44.843480,1.180468,1.759259,0.570107,0.223723,0.555309,21.095023,33.677488,0.886533,21.562750,0.567622,0.080326,0.002115,62.242331,118.791165,126.674350,110.907980,15.766369,0.875536
IC_small_3_278um_cells,326,235,234,0,-1,0.816190,476.750000,428.500000,525.000000,96.500000,0.801122,92.064376,81.898746,102.230007,20.331261,0.725000,1.189655,1.000000,1.379310,0.379310,0.786332,0.717032,0.631266,0.802798,0.171532,1.000000,1.000000,1.000000,1.000000,0.000000,1.000000,6.000000,6.000000,6.000000,0.000000,25.266823,1.158680,2.068966,0.519435,0.221290,0.739434,16.124515,18.897536,0.866599,10.661095,0.488894,2.284680,0.104770,36.857418,114.709735,124.237463,105.182006,19.055456,0.846621
IC_small_3_278um_cells,327,235,223,0,-1,0.676935,530.750000,428.500000,633.000000,204.500000,0.836640,89.894431,81.898746,97.890116,15.991370,1.000000,1.000000,1.000000,1.000000,0.000000,0.967098,0.816454,0.802798,0.830110,0.027313,1.000000,1.000000,1.000000,1.000000,0.000000,0.857143,6.500000,6.000000,7.000000,1.000000,17.915680,0.781325,1.128205,0.827197,0.052756,1.151370,26.400758,14.373196,0.626833,8.956015,0.390583,2.762848,0.120491,36.525243,141.429045,143.130102,139.727988,3.402115,0.976231
IC_small_3_278um_cells,328,235,215,0,-1,0.691949,362.500000,296.500000,428.500000,132.000000,0.908312,78.144193,74.389641,81.898746,7.509105,0.960000,1.020833,1.000000,1.041667,0.041667,0.838694,0.738050,0.673302,0.802798,0.129496,1.000000,1.000000,1.000000,1.000000,0.000000,0.833333,5.500000,5.000000,6.000000,1.000000,25.823843,1.362038,1.361111,0.463741,0.319310,0.425231,8.062258,20.585028,1.085725,12.694676,0.669561,3.333540,0.175822,84.974772,117.716471,122.712945,112.719997,9.992948,0.918566
IC_small_3_278um_cells,329,235,213,0,-1,0.741991,503.000000,428.500000,577.500000,149.000000,0.839817,89.709225,81.898746,97.519705,15.620959,0.906250,1.051724,1.000000,1.103448,0.103448,0.950541,0.782945,0.763092,0.802798,0.039705,1.000000,1.000000,1.000000,1.000000,0.000000,0.833333,5.500000,5.000000,6.000000,1.000000,32.384709,1.447961,1.040000,0.471184,0.236083,0.349206,7.810250,24.644028,1.101865,16.186197,0.723705,5.069166,0.226649,83.181316,116.048998,144.368446,87.729550,56.638896,0.607678
IC_small_3_278um_cells,330,234,227,0,-1,0.669643,654.500000,525.000000,784.000000,259.000000,0.901206,107.833424,102.230007,113.436841,11.206834,0.719640,1.647989,1.379310,1.916667,0.537356,0.824508,0.698447,0.631266,0.765628,0.134362,1.000000,1.000000,1.000000,1.000000,0.000000,0.857143,6.500000,6.000000,7.000000,1.000000,39.218295,1.540604,2.342857,0.420525,0.256303,0.351356,8.944272,27.532087,1.081537,19.108022,0.750616,3.086195,0.121234,74.584008,105.812292,107.783888,103.840695,3.943193,0.963416
IC_small_3_278um_cells,331,234,213,0,-1,0.909091,551.250000,525.000000,577.500000,52.500000,0.953924,99.874856,97.519705,102.230007,4.710302,0.800000,1.241379,1.103448,1.379310,0.275862,0.827247,0.697179,0.631266,0.763092,0.131826,1.000000,1.000000,1.000000,1.000000,0.000000,0.833333,5.500000,5.000000,6.000000,1.000000,19.438889,0.828172,1.250000,0.641593,0.110658,1.124774,26.400758,15.246760,0.649571,9.011889,0.383941,1.843433,0.078537,25.372440,121.379889,132.310230,110.449548,21.860682,0.834777
IC_small_3_278um_cells,332,234,206,0,-1,0.911429,501.750000,478.500000,525.000000,46.500000,0.849402,94.532187,86.834367,102.230007,15.395640,0.991379,1.385307,1.379310,1.391304,0.011994,0.791597,0.714363,0.631266,0.797459,0.166193,1.000000,1.000000,1.000000,1.000000,0.000000,1.000000,6.000000,6.000000,6.000000,0.000000,35.043608,1.564883,1.094340,0.393286,0.323866,0.223276,5.000000,26.664587,1.190715,17.615686,0.786634,1.833383,0.081870,83.815255,105.953794,109.183233,102.724356,6.458877,0.940844
IC_small_3_278um_cells,333,233,225,0,-1,0.736955,607.500000,515.500000,699.500000,184.000000,0.871500,94.677815,88.177070,101.178560,13.001490,0.916122,1.123244,1.074074,1.172414,0.098340,0.970301,0.845908,0.833158,0.858659,0.025501,1.000000,1.000000,1.000000,1.000000,0.000000,1.000000,6.000000,6.000000,6.000000,0.000000,24.367975,0.991522,1.447368,0.678944,0.104527,0.801491,19.697716,18.550599,0.754815,12.183129,0.495726,3.005453,0.122290,80.449726,115.929880,117.897271,113.962489,3.934782,0.966625
IC_small_3_278um_cells,334,233,216,0,-1,0.799142,629.250000,559.000000,699.500000,140.500000,0.923504,97.308671,93.438783,101.178560,7.739777,0.870936,1.259284,1.172414,1.346154,0.173740,0.937015,0.831618,0.804576,0.858659,0.054082,1.000000,1.000000,1.000000,1.000000,0.000000,0.833333,5.500000,5.000000,6.000000,1.000000,29.590382,1.181459,1.234043,0.564258,0.254271,0.543068,13.601471,24.296344,0.970084,14.168471,0.565706,2.437386,0.097318,66.352190,124.277096,129.499589,119.054604,10.444984,0.919343
IC_small_3_278um_cells,335,233,196,0,-1,0.766996,805.750000,699.500000,912.000000,212.500000,0.836392,111.074442,101.178560,120.970324,19.791764,0.807663,1.312013,1.172414,1.451613,0.279199,0.912066,0.820906,0.783154,0.858659,0.075505,1.000000,1.000000,1.000000,1.000000,0.000000,0.857143,6.500000,6.000000,7.000000,1.000000,34.509225,1.218387,2.114286,0.548485,0.152653,0.529592,15.000000,25.744875,0.908952,17.161664,0.605912,5.604096,0.197859,74.189987,114.523896,132.075022,96.972769,35.102253,0.734225
IC_small_3_278um_cells,336,232,218,0,-1,0.466536,1123.000000,714.500000,1531.500000,817.000000,0.669508,133.369164,106.967686,159.770641,52.802955,0.581055,1.445536,1.062500,1.828571,0.766071,0.960785,0.769320,0.753933,0.784706,0.030773,1.000000,1.000000,1.000000,1.000000,0.000000,0.833333,5.500000,5.000000,6.000000,1.000000,34.828706,1.057586,1.551020,0.638968,0.140472,0.858862,28.284271,30.641854,0.930451,17.091739,0.518997,11.998253,0.364331,67.660055,142.739459,172.568592,112.910327,59.658265,0.654292
IC_small_3_278um_cells,337,232,214,0,-1,0.430297,1095.250000,659.000000,1531.500000,872.500000,0.644120,131.341047,102.911453,159.770641,56.859188,0.683594,1.539286,1.250000,1.828571,0.578571,0.964195,0.767932,0.753933,0.781930,0.027997,1.000000,1.000000,1.000000,1.000000,0.000000,1.000000,6.000000,6.000000,6.000000,0.000000,39.827962,1.229156,1.822222,0.520897,0.175074,0.506168,16.401219,30.539271,0.942492,18.301925,0.564827,14.643468,0.451921,50.330705,103.846634,117.693269,90.000000,27.693269,0.764700
IC_small_3_278um_cells,338,231,229,0,-1,0.704032,528.250000,436.500000,620.000000,183.500000,0.852029,89.144992,82.022601,96.267383,14.244782,0.942496,1.075311,1.043478,1.107143,0.063665,0.969804,0.828011,0.815318,0.840704,0.025386,1.000000,1.000000,1.000000,1.000000,0.000000,0.833333,5.500000,5.000000,6.000000,1.000000,21.687623,0.947215,1.612903,0.759121,0.055845,1.005483,23.021729,19.074955,0.833106,10.798146,0.471613,2.756403,0.120387,81.624986,162.926749,170.797403,155.056095,15.741308,0.907836
IC_small_3_278um_cells,339,231,209,0,-1,0.637692,560.500000,436.500000,684.500000,248.000000,0.816925,91.213323,82.022601,100.404044,18.381444,0.920716,1.088406,1.043478,1.133333,0.089855,0.955534,0.834289,0.815318,0.853259,0.037941,1.000000,1.000000,1.000000,1.000000,0.000000,0.833333,5.500000,5.000000,6.000000,1.000000,27.843411,1.183428,1.086957,0.566524,0.208296,0.525733,12.369317,21.440939,0.911304,13.083208,0.556075,3.918216,0.166536,60.057951,121.087877,136.072829,106.102925,29.969904,0.779751
IC_small_3_278um_cells,340,231,205,0,-1,0.457547,695.250000,436.500000,954.000000,517.500000,0.678531,101.452625,82.022601,120.882649,38.860048,0.664032,1.307453,1.043478,1.571429,0.527950,0.993795,0.817863,0.815318,0.820409,0.005091,1.000000,1.000000,1.000000,1.000000,0.000000,0.714286,6.000000,5.000000,7.000000,2.000000,24.104578,0.931048,1.159091,0.658836,0.183747,0.773472,20.024984,21.495249,0.830261,11.537344,0.445634,5.321645,0.205550,74.716176,125.776491,152.723237,98.829745,53.893492,0.647117
IC_small_3_278um_cells,341,230,224,0,-1,0.789748,515.000000,454.500000,575.500000,121.000000,0.942196,90.246940,87.561000,92.932880,5.371880,0.800000,1.125000,1.000000,1.250000,0.250000,0.889623,0.791155,0.744942,0.837368,0.092426,1.000000,1.000000,1.000000,1.000000,0.000000,0.833333,5.500000,5.000000,6.000000,1.000000,22.068476,0.974141,1.400000,0.654340,0.140777,0.879518,19.924859,18.537283,0.818268,10.947051,0.483222,1.326245,0.058543,89.248406,134.669462,158.962489,110.376435,48.586054,0.694355
IC_small_3_278um_cells,342,230,210,0,-1,0.568836,626.750000,454.500000,799.000000,344.500000,0.798334,98.620311,87.561000,109.679622,22.118622,0.823529,1.139706,1.029412,1.250000,0.220588,0.892519,0.789796,0.744942,0.834651,0.089709,1.000000,1.000000,1.000000,1.000000,0.000000,0.833333,5.500000,5.000000,6.000000,1.000000,23.165318,0.934357,1.020833,0.624882,0.187076,0.775846,19.235384,20.171217,0.813592,11.243051,0.453481,5.756072,0.232167,58.381901,103.461946,109.798876,97.125016,12.673860,0.884572
IC_small_3_278um_cells,343,230,207,0,-1,0.916331,475.250000,454.500000,496.000000,41.500000,0.942903,90.212112,87.561000,92.863224,5.302224,0.857143,1.354167,1.250000,1.458333,0.208333,0.970246,0.733859,0.722776,0.744942,0.022165,1.000000,1.000000,1.000000,1.000000,0.000000,0.833333,5.500000,5.000000,6.000000,1.000000,27.052778,1.241236,1.285714,0.452752,0.356128,0.412938,9.000000,21.562118,0.989313,12.816834,0.588062,1.148518,0.052696,60.126169,119.244828,144.977713,93.511943,51.465770,0.645009
IC_small_3_278um_cells,344,229,227,0,-1,0.790816,702.000000,620.000000,784.000000,164.000000,0.848643,104.852112,96.267383,113.436841,17.169458,0.577640,1.511905,1.107143,1.916667,0.809524,0.910698,0.803166,0.765628,0.840704,0.075076,1.000000,1.000000,1.000000,1.000000,0.000000,0.857143,6.500000,6.000000,7.000000,1.000000,33.666181,1.272828,2.125000,0.549163,0.197650,0.575864,15.231546,25.447447,0.962100,15.988416,0.604479,5.658771,0.213943,74.943686,119.264402,138.205216,100.323589,37.881627,0.725903
IC_small_3_278um_cells,345,229,208,0,-1,0.762139,716.750000,620.000000,813.500000,193.500000,0.862647,103.931338,96.267383,111.595293,15.327910,0.874060,1.186905,1.107143,1.266667,0.159524,0.976411,0.830788,0.820872,0.840704,0.019832,1.000000,1.000000,1.000000,1.000000,0.000000,1.000000,6.000000,6.000000,6.000000,0.000000,33.648495,1.259731,1.055556,0.485461,0.286711,0.285119,7.615773,25.785562,0.965359,16.025933,0.599978,5.722783,0.214249,65.464418,91.570810,103.465208,79.676411,23.788797,0.770079
IC_small_3_278um_cells,346,229,205,0,-1,0.649895,787.000000,620.000000,954.000000,334.000000,0.796371,108.575016,96.267383,120.882649,24.615266,0.704545,1.339286,1.107143,1.571429,0.464286,0.975859,0.830556,0.820409,0.840704,0.020295,1.000000,1.000000,1.000000,1.000000,0.000000,0.857143,6.500000,6.000000,7.000000,1.000000,28.903279,1.036207,1.117647,0.604228,0.205527,0.649286,18.110770,22.500423,0.806659,13.484736,0.483439,2.251054,0.080702,71.759314,120.024623,149.676393,90.372852,59.303541,0.603788
IC_small_3_278um_cells,347,228,225,0,-1,0.629426,667.250000,515.500000,819.000000,303.500000,0.809606,98.545318,88.177070,108.913566,20.736496,0.987461,1.067340,1.060606,1.074074,0.013468,0.960279,0.850389,0.833158,0.867621,0.034463,1.000000,1.000000,1.000000,1.000000,0.000000,0.857143,6.500000,6.000000,7.000000,1.000000,30.749957,1.198296,1.564103,0.535336,0.240914,0.391634,10.049876,23.572658,0.918604,14.448043,0.563026,3.201952,0.124777,57.726980,105.459033,121.827447,89.090620,32.736827,0.731285
IC_small_3_278um_cells,348,228,212,0,-1,0.343101,550.000000,281.000000,819.000000,538.000000,0.636923,89.141583,69.369600,108.913566,39.543965,0.933333,1.098485,1.060606,1.136364,0.075758,0.845762,0.800710,0.733800,0.867621,0.133820,1.000000,1.000000,1.000000,1.000000,0.000000,0.571429,5.500000,4.000000,7.000000,3.000000,25.830205,1.138365,1.108696,0.602646,0.206364,0.591276,13.416408,21.844088,0.962693,12.807916,0.564459,10.838221,0.477652,81.402777,125.955192,127.318095,124.592289,2.725807,0.978591
IC_small_3_278um_cells,349,228,211,0,-1,0.946821,842.000000,819.000000,865.000000,46.000000,0.942055,112.263163,108.913566,115.612761,6.699195,0.739958,1.246970,1.060606,1.433333,0.372727,0.937313,0.840426,0.813232,0.867621,0.054389,1.000000,1.000000,1.000000,1.000000,0.000000,0.714286,6.000000,5.000000,7.000000,2.000000,27.398826,0.944314,1.038462,0.689971,0.119952,0.851235,24.698178,21.443817,0.739072,13.594061,0.468526,0.669696,0.023081,68.910267,130.181231,153.434949,106.927513,46.507436,0.696892
IC_small_3_278um_cells,350,228,201,0,-1,0.844933,755.500000,692.000000,819.000000,127.000000,0.928395,105.014175,101.114784,108.913566,7.798782,0.939394,1.094819,1.060606,1.129032,0.068426,0.980295,0.859072,0.850524,0.867621,0.017096,1.000000,1.000000,1.000000,1.000000,0.000000,0.857143,6.500000,6.000000,7.000000,1.000000,32.809279,1.194714,1.861111,0.553059,0.247518,0.450415,12.369317,24.544851,0.893774,16.323344,0.594397,1.374583,0.050054,74.326129,111.837314,127.665621,96.009006,31.656615,0.752035
IC_small_3_278um_cells,351,227,208,0,-1,0.963737,798.750000,784.000000,813.500000,29.500000,0.983766,112.516067,111.595293,113.436841,1.841548,0.660870,1.591667,1.266667,1.916667,0.650000,0.932700,0.793250,0.765628,0.820872,0.055245,1.000000,1.000000,1.000000,1.000000,0.000000,0.857143,6.500000,6.000000,7.000000,1.000000,22.156540,0.783998,1.065217,0.855029,0.048513,1.270397,35.902646,18.487529,0.654172,10.861382,0.384325,0.902345,0.031929,60.296430,163.407488,180.000000,146.814975,33.185025,0.815639
IC_small_3_278um_cells,352,227,206,0,-1,0.610332,631.250000,478.500000,784.000000,305.500000,0.765486,100.135604,86.834367,113.436841,26.602474,0.725898,1.653986,1.391304,1.916667,0.525362,0.960084,0.781544,0.765628,0.797459,0.031832,1.000000,1.000000,1.000000,1.000000,0.000000,0.857143,6.500000,6.000000,7.000000,1.000000,28.150082,1.128833,1.106383,0.537233,0.290297,0.569936,14.212670,22.598870,0.906227,14.077605,0.564520,6.578957,0.263820,85.486991,119.392191,153.434949,85.349433,68.085516,0.556258
IC_small_3_278um_cells,353,226,220,0,-1,0.292453,513.750000,232.500000,795.000000,562.500000,0.595707,85.183448,63.601109,106.765787,43.164678,0.887556,1.356681,1.275862,1.437500,0.161638,0.824120,0.799349,0.722276,0.876421,0.154145,1.000000,1.000000,1.000000,1.000000,0.000000,0.625000,6.500000,5.000000,8.000000,3.000000,30.198796,1.390250,2.068966,0.528083,0.221411,0.322256,7.000000,23.731850,1.092534,15.094688,0.694908,12.449959,0.573154,89.686642,111.954392,114.775141,109.133643,5.641497,0.950847
IC_small_3_278um_cells,354,226,210,0,-1,0.290989,515.750000,232.500000,799.000000,566.500000,0.579881,86.640366,63.601109,109.679622,46.078513,0.716113,1.233456,1.029412,1.437500,0.408088,0.865364,0.778464,0.722276,0.834651,0.112374,1.000000,1.000000,1.000000,1.000000,0.000000,0.833333,5.500000,5.000000,6.000000,1.000000,27.637382,1.270260,1.514286,0.562961,0.267087,0.495022,10.770330,22.180277,1.019442,11.716899,0.538528,9.001948,0.413744,52.096401,124.518310,129.436791,119.599829,9.836962,0.924002
IC_small_3_278um_cells,355,226,204,0,-1,0.403646,404.250000,232.500000,576.000000,343.500000,0.647763,80.893410,63.601109,98.185710,34.584602,0.869565,1.343750,1.250000,1.437500,0.187500,0.961984,0.736548,0.722276,0.750820,0.028543,1.000000,1.000000,1.000000,1.000000,0.000000,0.833333,5.500000,5.000000,6.000000,1.000000,17.087728,0.870758,1.171429,0.762956,0.030921,1.181964,23.194827,13.075215,0.666288,7.892685,0.402196,5.703802,0.290655,35.836714,161.615488,169.796026,153.434949,16.361077,0.903643
IC_small_3_278um_cells,356,225,212,0,-1,0.545102,398.250000,281.000000,515.500000,234.500000,0.786708,78.773335,69.369600,88.177070,18.807470,0.945185,1.105219,1.074074,1.136364,0.062290,0.880746,0.783479,0.733800,0.833158,0.099358,1.000000,1.000000,1.000000,1.000000,0.000000,0.666667,5.000000,4.000000,6.000000,2.000000,19.889742,1.007900,1.025641,0.620390,0.199623,0.773511,15.264338,16.340129,0.828026,9.464085,0.479587,3.415228,0.173065,53.173961,122.082630,133.310802,110.854458,22.456344,0.831549
IC_small_3_278um_cells,357,225,198,0,-1,0.612597,678.500000,515.500000,841.500000,326.000000,0.796056,99.472228,88.177070,110.767386,22.590316,0.989279,1.079894,1.074074,1.085714,0.011640,0.966690,0.847512,0.833158,0.861867,0.028709,1.000000,1.000000,1.000000,1.000000,0.000000,1.000000,6.000000,6.000000,6.000000,0.000000,28.386183,1.097830,1.578947,0.546875,0.212233,0.432398,11.180340,22.970551,0.888382,14.066556,0.544021,6.220465,0.240575,78.354581,102.023129,136.054405,67.991854,68.062550,0.499740
IC_small_3_278um_cells,358,225,196,0,-1,0.565241,713.750000,515.500000,912.000000,396.500000,0.728915,104.573697,88.177070,120.970324,32.793254,0.739918,1.262843,1.074074,1.451613,0.377539,0.939983,0.808156,0.783154,0.833158,0.050004,1.000000,1.000000,1.000000,1.000000,0.000000,0.857143,6.500000,6.000000,7.000000,1.000000,35.827833,1.354448,1.125000,0.499802,0.308231,0.372330,9.848858,26.280100,0.993502,17.080334,0.645711,7.137913,0.269844,69.071394,117.125221,120.287953,113.962489,6.325464,0.947414
IC_small_3_278um_cells,359,224,223,0,-1,0.909163,604.250000,575.500000,633.000000,57.500000,0.949359,95.411498,92.932880,97.890116,4.957235,1.000000,1.000000,1.000000,1.000000,0.000000,0.991333,0.833739,0.830110,0.837368,0.007258,1.000000,1.000000,1.000000,1.000000,0.000000,0.857143,6.500000,6.000000,7.000000,1.000000,29.272078,1.191155,1.875000,0.503132,0.278858,0.347677,8.544004,22.285315,0.906846,14.230434,0.579072,1.010499,0.041120,61.099743,99.104905,117.108123,81.101687,36.006436,0.692537
IC_small_3_278um_cells,360,224,217,0,-1,0.580365,454.750000,334.000000,575.500000,241.500000,0.793192,83.323245,73.713610,92.932880,19.219271,0.851852,1.086957,1.000000,1.173913,0.173913,0.922454,0.804901,0.772433,0.837368,0.064935,1.000000,1.000000,1.000000,1.000000,0.000000,0.833333,5.500000,5.000000,6.000000,1.000000,18.262994,0.864209,1.052632,0.814182,0.029137,1.139621,24.083189,16.426437,0.777302,9.106064,0.430901,3.629211,0.171735,89.490190,170.123935,172.427051,167.820819,4.606232,0.973286
IC_small_3_278um_cells,361,224,207,0,-1,0.861859,535.750000,496.000000,575.500000,79.500000,0.999250,92.898052,92.863224,92.932880,0.069656,0.685714,1.229167,1.000000,1.458333,0.458333,0.863153,0.780072,0.722776,0.837368,0.114592,1.000000,1.000000,1.000000,1.000000,0.000000,1.000000,6.000000,6.000000,6.000000,0.000000,24.618791,1.064352,1.190476,0.539786,0.212319,0.602170,13.928388,20.708424,0.895293,12.167802,0.526054,3.771129,0.163038,74.978203,88.884784,107.525568,70.243999,37.281569,0.653277
IC_small_3_278um_cells,362,223,217,0,-1,0.527646,483.500000,334.000000,633.000000,299.000000,0.753024,85.801863,73.713610,97.890116,24.176506,0.851852,1.086957,1.000000,1.173913,0.173913,0.930519,0.801272,0.772433,0.830110,0.057677,1.000000,1.000000,1.000000,1.000000,0.000000,0.714286,6.000000,5.000000,7.000000,2.000000,20.545975,0.946053,1.205128,0.635162,0.180972,0.766352,16.643317,17.043907,0.784798,10.226936,0.470906,3.616649,0.166531,58.141102,115.913731,120.749967,111.077494,9.672473,0.919897
IC_small_3_278um_cells,363,223,215,0,-1,0.468404,464.750000,296.500000,633.000000,336.500000,0.759930,86.139878,74.389641,97.890116,23.500475,0.960000,1.020833,1.000000,1.041667,0.041667,0.811099,0.751706,0.673302,0.830110,0.156809,1.000000,1.000000,1.000000,1.000000,0.000000,0.714286,6.000000,5.000000,7.000000,2.000000,26.803440,1.264950,1.238095,0.527039,0.168370,0.552386,11.704700,23.229241,1.096270,13.153417,0.620757,8.071696,0.380932,69.400019,126.538291,155.517514,97.559067,57.958447,0.627319
IC_small_3_278um_cells,364,223,202,0,-1,0.850235,688.750000,633.000000,744.500000,111.500000,0.933900,101.354366,97.890116,104.818617,6.928501,0.750000,1.166667,1.000000,1.333333,0.333333,0.974851,0.840818,0.830110,0.851526,0.021415,1.000000,1.000000,1.000000,1.000000,0.000000,0.857143,6.500000,6.000000,7.000000,1.000000,28.202889,1.075522,1.390244,0.595742,0.147731,0.614911,16.124515,21.249220,0.810343,13.206654,0.503638,0.470957,0.017960,58.175840,105.507093,109.389790,101.624396,7.765394,0.929012
IC_small_3_278um_cells,365,222,203,0,-1,0.883877,1472.250000,1381.500000,1563.000000,181.500000,0.912682,148.776817,141.984878,155.568755,13.583877,0.706378,1.290188,1.068182,1.512195,0.444013,0.942427,0.836356,0.811566,0.861146,0.049579,1.000000,1.000000,1.000000,1.000000,0.000000,0.857143,6.500000,6.000000,7.000000,1.000000,38.338623,0.999660,1.440678,0.719428,0.098319,0.922610,35.383612,32.684620,0.852235,18.863713,0.491862,2.724677,0.071045,78.379741,156.096400,168.961824,143.230975,25.730849,0.847712
IC_small_3_278um_cells,366,221,219,0,-1,0.466373,583.250000,371.000000,795.500000,424.500000,0.731195,93.222611,78.747827,107.697395,28.949568,0.921023,1.211080,1.161290,1.260870,0.099579,0.872302,0.806837,0.751807,0.861866,0.110058,1.000000,1.000000,1.000000,1.000000,0.000000,0.714286,6.000000,5.000000,7.000000,2.000000,25.367619,1.068876,1.368421,0.566690,0.258465,0.539597,12.806248,20.755240,0.874531,11.868892,0.500101,5.980949,0.252010,61.906876,110.235241,112.878058,107.592425,5.285633,0.953174
IC_small_3_278um_cells,367,221,197,0,-1,0.900396,839.500000,795.500000,883.500000,88.000000,0.907210,113.205083,107.697395,118.712771,11.015377,0.882114,1.092840,1.024390,1.161290,0.136900,0.914075,0.824838,0.787810,0.861866,0.074056,1.000000,1.000000,1.000000,1.000000,0.000000,1.000000,7.000000,7.000000,7.000000,0.000000,33.777368,1.166178,1.313725,0.572340,0.170042,0.593998,17.204651,26.225644,0.905451,16.778922,0.579299,4.283530,0.147891,81.560162,114.417359,140.624628,88.210089,52.414539,0.627273
IC_small_3_278um_cells,368,220,216,0,-1,0.703145,677.000000,559.000000,795.000000,236.000000,0.875175,100.102285,93.438783,106.765787,13.327004,0.947783,1.311008,1.275862,1.346154,0.070292,0.918025,0.840499,0.804576,0.876421,0.071845,1.000000,1.000000,1.000000,1.000000,0.000000,0.625000,6.500000,5.000000,8.000000,3.000000,32.264760,1.244808,2.000000,0.544362,0.168021,0.451580,11.704700,24.940872,0.962245,15.922307,0.614299,3.136105,0.120994,74.196645,103.798648,106.858399,100.738897,6.119502,0.942733
IC_small_3_278um_cells,369,220,204,0,-1,0.724528,685.500000,576.000000,795.000000,219.000000,0.919636,102.475749,98.185710,106.765787,8.580077,0.979730,1.262931,1.250000,1.275862,0.025862,0.856689,0.813620,0.750820,0.876421,0.125601,1.000000,1.000000,1.000000,1.000000,0.000000,0.750000,7.000000,6.000000,8.000000,2.000000,38.695224,1.482697,1.489362,0.448439,0.320569,0.171360,4.472136,26.872822,1.029694,19.347590,0.741347,3.189047,0.122196,88.836935,87.451300,97.431408,77.471192,19.960216,0.795136
IC_small_3_278um_cells,370,220,200,0,-1,0.791824,712.250000,629.500000,795.000000,165.500000,0.912429,102.090979,97.416171,106.765787,9.349616,0.837838,1.172414,1.068966,1.275862,0.206897,0.951110,0.854997,0.833573,0.876421,0.042848,1.000000,1.000000,1.000000,1.000000,0.000000,0.750000,7.000000,6.000000,8.000000,2.000000,34.895398,1.309750,1.054545,0.488763,0.313794,0.240332,6.403124,26.893428,1.009407,17.258739,0.647783,1.656352,0.062169,85.705434,97.173555,102.528808,91.818303,10.710505,0.895537
IC_small_3_278um_cells,371,220,199,0,-1,0.844654,733.250000,671.500000,795.000000,123.500000,0.952551,104.232838,101.699888,106.765787,5.065899,0.957958,1.249042,1.222222,1.275862,0.053640,0.930898,0.846140,0.815859,0.876421,0.060562,1.000000,1.000000,1.000000,1.000000,0.000000,0.750000,7.000000,6.000000,8.000000,2.000000,25.193049,0.931195,1.513514,0.785718,0.040914,1.022329,27.658633,17.514743,0.647387,12.577662,0.464900,0.938479,0.034688,85.527710,147.387570,153.434949,141.340192,12.094757,0.921173
IC_small_3_278um_cells,372,219,209,0,-1,0.542001,527.750000,371.000000,684.500000,313.500000,0.784309,89.575936,78.747827,100.404044,21.656218,0.898851,1.197101,1.133333,1.260870,0.127536,0.881101,0.802533,0.751807,0.853259,0.101452,1.000000,1.000000,1.000000,1.000000,0.000000,0.833333,5.500000,5.000000,6.000000,1.000000,20.112596,0.885543,1.314286,0.787801,0.040739,1.087443,24.698178,17.842828,0.785607,9.977007,0.439280,4.384716,0.193056,86.677691,168.237174,171.869898,164.604451,7.265447,0.957727
IC_small_3_278um_cells,373,219,197,0,-1,0.419921,627.250000,371.000000,883.500000,512.500000,0.663348,98.730299,78.747827,118.712771,39.964945,0.812447,1.142630,1.024390,1.260870,0.236479,0.954300,0.769809,0.751807,0.787810,0.036003,1.000000,1.000000,1.000000,1.000000,0.000000,0.714286,6.000000,5.000000,7.000000,2.000000,23.040597,0.940719,1.209302,0.635824,0.186528,0.816575,20.000000,20.604759,0.841267,11.003945,0.449277,5.571436,0.227475,60.710866,133.719003,164.197486,103.240520,60.956966,0.628758
IC_small_3_278um_cells,374,218,214,0,-1,0.922323,686.750000,659.000000,714.500000,55.500000,0.962080,104.939569,102.911453,106.967686,4.056233,0.850000,1.156250,1.062500,1.250000,0.187500,0.996463,0.783318,0.781930,0.784706,0.002776,1.000000,1.000000,1.000000,1.000000,0.000000,0.833333,5.500000,5.000000,6.000000,1.000000,30.435149,1.161622,1.552632,0.523397,0.224973,0.539765,14.142136,23.262572,0.887865,13.756785,0.525057,3.045167,0.116225,67.886718,100.989224,104.547039,97.431408,7.115631,0.931938
IC_small_3_278um_cells,375,218,211,0,-1,0.826012,789.750000,714.500000,865.000000,150.500000,0.925224,111.290223,106.967686,115.612761,8.645075,0.741279,1.247917,1.062500,1.433333,0.370833,0.964923,0.798969,0.784706,0.813232,0.028526,1.000000,1.000000,1.000000,1.000000,0.000000,1.000000,5.000000,5.000000,5.000000,0.000000,24.091769,0.858259,1.372093,0.777480,0.059513,1.118634,31.400637,21.253824,0.757159,12.001898,0.427563,1.230413,0.043833,80.037321,161.962328,162.046517,161.878140,0.168377,0.998961
IC_small_3_278um_cells,376,218,193,0,-1,0.589765,963.000000,714.500000,1211.500000,497.000000,0.766893,123.224775,106.967686,139.481863,32.514177,0.850000,1.156250,1.062500,1.250000,0.187500,0.997220,0.783615,0.782524,0.784706,0.002182,1.000000,1.000000,1.000000,1.000000,0.000000,0.625000,6.500000,5.000000,8.000000,3.000000,34.618017,1.125117,1.228070,0.558135,0.234164,0.620929,19.104973,26.369586,0.857036,15.689511,0.509923,4.936495,0.160441,51.059135,109.622048,114.443955,104.800142,9.643813,0.915733
IC_small_3_278um_cells,377,217,207,0,-1,0.673387,415.000000,334.000000,496.000000,162.000000,0.793787,83.288417,73.713610,92.863224,19.149615,0.804969,1.316123,1.173913,1.458333,0.284420,0.935714,0.747605,0.722776,0.772433,0.049657,1.000000,1.000000,1.000000,1.000000,0.000000,0.833333,5.500000,5.000000,6.000000,1.000000,26.771446,1.320523,1.457143,0.520800,0.325904,0.618051,12.529964,19.619894,0.967767,10.756672,0.530582,2.271967,0.112067,46.792834,132.639402,147.949854,117.328950,30.620905,0.793032
IC_small_3_278um_cells,378,217,202,0,-1,0.448623,539.250000,334.000000,744.500000,410.500000,0.703249,89.266113,73.713610,104.818617,31.105007,0.880435,1.253623,1.173913,1.333333,0.159420,0.907117,0.811979,0.772433,0.851526,0.079092,1.000000,1.000000,1.000000,1.000000,0.000000,0.833333,5.500000,5.000000,6.000000,1.000000,27.056267,1.187689,1.365854,0.558847,0.214650,0.500503,11.401754,20.927312,0.918646,13.479423,0.591706,8.647228,0.379587,80.446162,120.118339,129.860243,110.376435,19.483807,0.849963
IC_small_3_278um_cells,379,217,188,0,-1,0.282095,759.000000,334.000000,1184.000000,850.000000,0.561589,102.486353,73.713610,131.259097,57.545488,0.851852,1.086957,1.000000,1.173913,0.173913,0.894454,0.818007,0.772433,0.863580,0.091147,1.000000,1.000000,1.000000,1.000000,0.000000,0.714286,6.000000,5.000000,7.000000,2.000000,30.645547,1.163351,1.441860,0.546311,0.149209,0.343756,9.055385,26.001070,0.987039,15.145209,0.574935,14.397419,0.546548,74.463375,91.204593,128.088773,54.320413,73.768359,0.424084
IC_small_3_278um_cells,380,216,200,0,-1,0.888006,594.250000,559.000000,629.500000,70.500000,0.959171,95.427477,93.438783,97.416171,3.977389,0.794089,1.207560,1.068966,1.346154,0.277188,0.965215,0.819075,0.804576,0.833573,0.028996,1.000000,1.000000,1.000000,1.000000,0.000000,0.833333,5.500000,5.000000,6.000000,1.000000,21.110033,0.866354,1.205128,0.795696,0.070677,1.105034,26.925824,17.771851,0.729356,10.554860,0.433171,0.867281,0.035593,88.376718,159.304443,161.323298,157.285588,4.037711,0.974971
IC_small_3_278um_cells,381,216,196,0,-1,0.612939,735.500000,559.000000,912.000000,353.000000,0.772411,107.204553,93.438783,120.970324,27.531541,0.927350,1.398883,1.346154,1.451613,0.105459,0.973374,0.793865,0.783154,0.804576,0.021423,1.000000,1.000000,1.000000,1.000000,0.000000,0.714286,6.000000,5.000000,7.000000,2.000000,25.861158,0.960622,1.018868,0.616018,0.200544,0.764870,20.591260,22.291207,0.828015,12.719996,0.472489,2.879831,0.106972,67.866015,124.716922,143.972627,105.461218,38.511409,0.732509
IC_small_3_278um_cells,382,215,213,0,-1,0.513420,437.000000,296.500000,577.500000,281.000000,0.762817,85.954673,74.389641,97.519705,23.130064,0.944010,1.072557,1.041667,1.103448,0.061782,0.882333,0.718197,0.673302,0.763092,0.089791,1.000000,1.000000,1.000000,1.000000,0.000000,1.000000,5.000000,5.000000,5.000000,0.000000,16.073999,0.779338,1.250000,0.822539,0.012586,1.366193,28.178006,13.140121,0.637091,7.693504,0.373015,4.022956,0.195051,34.603759,166.665611,173.780770,159.550452,14.230318,0.918113
IC_small_3_278um_cells,383,215,202,0,-1,0.398254,520.500000,296.500000,744.500000,448.000000,0.709699,89.604129,74.389641,104.818617,30.428976,0.781250,1.187500,1.041667,1.333333,0.291667,0.790700,0.762414,0.673302,0.851526,0.178224,1.000000,1.000000,1.000000,1.000000,0.000000,0.833333,5.500000,5.000000,6.000000,1.000000,21.343730,0.959167,1.175000,0.591777,0.190202,0.685965,15.264338,18.412607,0.827445,10.105878,0.454149,7.313397,0.328657,58.612800,97.896882,102.858090,92.935673,9.922417,0.903533
IC_small_3_278um_cells,384,215,191,0,-1,0.302705,638.000000,296.500000,979.500000,683.000000,0.627613,96.458747,74.389641,118.527853,44.138212,0.959430,1.063690,1.041667,1.085714,0.044048,0.768486,0.774721,0.673302,0.876140,0.202838,0.991397,0.995698,0.991397,1.000000,0.008603,0.625000,6.500000,5.000000,8.000000,3.000000,31.762749,1.309368,1.234043,0.551217,0.238245,0.460892,11.180340,23.985926,0.988781,12.693622,0.523274,8.544922,0.352251,42.505778,114.963515,121.560048,108.366982,13.193066,0.891469
IC_small_3_278um_cells,385,214,203,0,-1,0.477018,1020.250000,659.000000,1381.500000,722.500000,0.724806,122.448165,102.911453,141.984878,39.073425,0.854545,1.159091,1.068182,1.250000,0.181818,0.908011,0.821538,0.781930,0.861146,0.079216,1.000000,1.000000,1.000000,1.000000,0.000000,1.000000,6.000000,6.000000,6.000000,0.000000,33.593238,1.069175,1.638298,0.611962,0.181818,0.639717,20.099751,27.125059,0.863312,16.419445,0.522583,7.653253,0.243581,76.332216,112.293194,117.606678,106.979711,10.626967,0.909640
IC_small_3_278um_cells,386,214,195,0,-1,0.679381,814.500000,659.000000,970.000000,311.000000,0.850133,111.982384,102.911453,121.053315,18.141862,0.975000,1.234375,1.218750,1.250000,0.031250,0.940025,0.806874,0.781930,0.831818,0.049888,1.000000,1.000000,1.000000,1.000000,0.000000,1.000000,6.000000,6.000000,6.000000,0.000000,24.495265,0.862269,1.414634,0.801236,0.036832,1.128645,32.062439,19.135789,0.673608,12.239886,0.430862,4.023087,0.141619,83.555579,158.736743,165.154548,152.318938,12.835609,0.922281
IC_small_3_278um_cells,387,214,193,0,-1,0.543954,935.250000,659.000000,1211.500000,552.500000,0.737812,121.196658,102.911453,139.481863,36.570410,1.000000,1.250000,1.250000,1.250000,0.000000,0.999241,0.782227,0.781930,0.782524,0.000594,1.000000,1.000000,1.000000,1.000000,0.000000,0.750000,7.000000,6.000000,8.000000,2.000000,47.239668,1.562220,1.366667,0.463047,0.294039,0.282551,8.544004,33.103150,1.094724,23.422158,0.774573,10.907321,0.360706,81.801107,120.855178,141.009006,100.701351,40.307655,0.714148
IC_small_3_278um_cells,388,213,206,0,-1,0.828571,528.000000,478.500000,577.500000,99.000000,0.890429,92.177036,86.834367,97.519705,10.685338,0.793103,1.247376,1.103448,1.391304,0.287856,0.956904,0.780276,0.763092,0.797459,0.034367,1.000000,1.000000,1.000000,1.000000,0.000000,0.833333,5.500000,5.000000,6.000000,1.000000,23.163953,1.009193,1.250000,0.656590,0.103693,0.919056,21.095023,17.964632,0.782672,11.041912,0.481068,2.571150,0.112018,60.570036,130.479308,142.452077,118.506538,23.945540,0.831905
IC_small_3_278um_cells,389,213,191,0,-1,0.589587,778.500000,577.500000,979.500000,402.000000,0.822758,108.023779,97.519705,118.527853,21.008148,0.983929,1.094581,1.085714,1.103448,0.017734,0.870971,0.819616,0.763092,0.876140,0.113048,0.991397,0.995698,0.991397,1.000000,0.008603,0.625000,6.500000,5.000000,8.000000,3.000000,29.540151,1.067815,1.684211,0.553723,0.186256,0.507360,14.035669,23.883925,0.863355,14.648384,0.529509,3.705281,0.133938,64.825216,89.206965,126.193207,52.220722,73.972485,0.413816
IC_small_3_278um_cells,390,212,201,0,-1,0.406069,486.500000,281.000000,692.000000,411.000000,0.686048,85.242192,69.369600,101.114784,31.745184,0.993548,1.132698,1.129032,1.136364,0.007331,0.862762,0.792162,0.733800,0.850524,0.116724,1.000000,1.000000,1.000000,1.000000,0.000000,0.666667,5.000000,4.000000,6.000000,2.000000,22.128107,1.027567,1.289474,0.658078,0.131038,0.793519,17.088007,18.400755,0.854479,10.916663,0.506939,6.582251,0.305661,74.252132,128.826477,139.398705,118.254249,21.144456,0.848317
IC_small_3_278um_cells,391,212,198,0,-1,0.333928,561.250000,281.000000,841.500000,560.500000,0.626264,90.068493,69.369600,110.767386,41.397785,0.955429,1.111039,1.085714,1.136364,0.050649,0.851408,0.797833,0.733800,0.861867,0.128067,1.000000,1.000000,1.000000,1.000000,0.000000,0.666667,5.000000,4.000000,6.000000,2.000000,20.915045,0.913886,1.023256,0.798207,0.039198,1.031242,23.600847,17.448807,0.762428,10.400284,0.454442,8.652917,0.378090,74.980019,163.135701,167.574057,158.697344,8.876713,0.947028
IC_small_3_278um_cells,392,211,201,0,-1,0.800000,778.500000,692.000000,865.000000,173.000000,0.874599,108.363772,101.114784,115.612761,14.497977,0.787697,1.281183,1.129032,1.433333,0.304301,0.956154,0.831878,0.813232,0.850524,0.037292,1.000000,1.000000,1.000000,1.000000,0.000000,0.833333,5.500000,5.000000,6.000000,1.000000,27.384455,0.982988,1.183673,0.676382,0.143545,0.837227,23.323808,22.934036,0.823236,13.277580,0.476610,2.376509,0.085307,68.503273,135.166556,144.926246,125.406866,19.519380,0.865315
IC_small_3_278um_cells,393,211,193,0,-1,0.713991,1038.250000,865.000000,1211.500000,346.500000,0.828873,127.547312,115.612761,139.481863,23.869102,0.872093,1.341667,1.250000,1.433333,0.183333,0.962240,0.797878,0.782524,0.813232,0.030708,1.000000,1.000000,1.000000,1.000000,0.000000,0.625000,6.500000,5.000000,8.000000,3.000000,32.365252,1.007989,1.403846,0.560847,0.245124,0.613469,19.697716,26.222797,0.816687,16.148698,0.502938,0.520949,0.016225,62.372878,105.612914,118.072487,93.153341,24.919146,0.788950
IC_small_3_278um_cells,394,210,207,0,-1,0.620776,647.500000,496.000000,799.000000,303.000000,0.846677,101.271423,92.863224,109.679622,16.816398,0.705882,1.243873,1.029412,1.458333,0.428922,0.865963,0.778714,0.722776,0.834651,0.111874,1.000000,1.000000,1.000000,1.000000,0.000000,1.000000,6.000000,6.000000,6.000000,0.000000,28.535727,1.129286,1.634146,0.561154,0.193050,0.638119,16.124515,22.333558,0.883838,13.893844,0.549841,4.274952,0.169179,81.192750,123.278540,128.659808,117.897271,10.762537,0.916349
IC_small_3_278um_cells,395,210,204,0,-1,0.720901,687.500000,576.000000,799.000000,223.000000,0.895205,103.932666,98.185710,109.679622,11.493912,0.823529,1.139706,1.029412,1.250000,0.220588,0.899562,0.792735,0.750820,0.834651,0.083831,1.000000,1.000000,1.000000,1.000000,0.000000,1.000000,6.000000,6.000000,6.000000,0.000000,24.706376,0.945398,1.250000,0.596972,0.133091,0.721989,18.867962,21.235986,0.812603,12.248160,0.468680,2.805076,0.107337,56.869393,97.491179,134.215175,60.767183,73.447993,0.452759
IC_small_3_278um_cells,396,210,192,0,-1,0.980601,791.250000,783.500000,799.000000,15.500000,0.967226,107.882327,106.085033,109.679622,3.594590,0.890302,1.092831,1.029412,1.156250,0.126838,0.954035,0.854757,0.834651,0.874864,0.040214,1.000000,1.000000,1.000000,1.000000,0.000000,0.857143,6.500000,6.000000,7.000000,1.000000,29.848169,1.061124,1.625000,0.616902,0.200000,0.643851,18.110770,21.358078,0.759295,14.924076,0.530562,1.509115,0.053650,76.850586,118.997308,127.874984,110.119633,17.755351,0.861151
IC_small_3_278um_cells,397,209,205,0,-1,0.717505,819.250000,684.500000,954.000000,269.500000,0.830591,110.643347,100.404044,120.882649,20.478604,0.721212,1.352381,1.133333,1.571429,0.438095,0.961500,0.836834,0.820409,0.853259,0.032850,1.000000,1.000000,1.000000,1.000000,0.000000,0.857143,6.500000,6.000000,7.000000,1.000000,31.855182,1.116749,1.794872,0.592870,0.183094,0.612245,17.464249,24.801761,0.869477,15.926672,0.558342,6.651856,0.233195,87.864973,111.975711,122.777584,101.173838,21.603746,0.824042
IC_small_3_278um_cells,398,209,197,0,-1,0.774759,784.000000,684.500000,883.500000,199.000000,0.845773,109.558408,100.404044,118.712771,18.308727,0.903874,1.078862,1.024390,1.133333,0.108943,0.923295,0.820535,0.787810,0.853259,0.065449,1.000000,1.000000,1.000000,1.000000,0.000000,0.857143,6.500000,6.000000,7.000000,1.000000,29.258729,1.047073,1.176471,0.574630,0.203444,0.607320,16.970563,23.089644,0.826302,13.940222,0.498875,0.178280,0.006380,78.518030,116.601607,148.313632,84.889582,63.424050,0.572365
IC_small_3_278um_cells,399,209,184,0,-1,0.607365,905.750000,684.500000,1127.000000,442.500000,0.780819,114.496056,100.404044,128.588068,28.184024,0.911594,1.188288,1.133333,1.243243,0.109910,0.996204,0.854885,0.853259,0.856510,0.003251,1.000000,1.000000,1.000000,1.000000,0.000000,0.857143,6.500000,6.000000,7.000000,1.000000,36.618491,1.226057,1.666667,0.573334,0.128071,0.497744,14.866069,26.825863,0.898181,18.276172,0.611921,8.047219,0.269436,80.183653,105.334132,114.328072,96.340192,17.987880,0.842664
IC_small_3_278um_cells,400,208,206,0,-1,0.588199,646.000000,478.500000,813.500000,335.000000,0.778119,99.214830,86.834367,111.595293,24.760926,0.910417,1.328986,1.266667,1.391304,0.124638,0.971478,0.809166,0.797459,0.820872,0.023413,1.000000,1.000000,1.000000,1.000000,0.000000,1.000000,6.000000,6.000000,6.000000,0.000000,27.288401,1.082947,1.718750,0.645618,0.198529,0.790723,19.924859,23.187576,0.920205,13.192005,0.523528,7.540430,0.299244,78.739488,140.941108,154.046624,127.835592,26.211033,0.829850
IC_small_3_278um_cells,401,208,205,0,-1,0.852725,883.750000,813.500000,954.000000,140.500000,0.923170,116.238971,111.595293,120.882649,9.287356,0.806061,1.419048,1.266667,1.571429,0.304762,0.999435,0.820641,0.820409,0.820872,0.000464,1.000000,1.000000,1.000000,1.000000,0.000000,0.857143,6.500000,6.000000,7.000000,1.000000,37.904019,1.276040,2.424242,0.554008,0.142008,0.542832,16.124515,26.322620,0.886152,18.919773,0.636935,4.001532,0.134712,84.819104,116.891251,126.924104,106.858399,20.065705,0.841908
IC_small_3_278um_cells,402,208,190,0,-1,0.721573,700.250000,587.000000,813.500000,226.500000,0.855030,103.506332,95.417370,111.595293,16.177923,0.968627,1.287179,1.266667,1.307692,0.041026,0.987001,0.815537,0.810202,0.820872,0.010671,1.000000,1.000000,1.000000,1.000000,0.000000,1.000000,6.000000,6.000000,6.000000,0.000000,28.248185,1.071021,1.163265,0.558701,0.228847,0.559804,14.764823,23.568502,0.893592,14.096761,0.534474,2.440944,0.092548,72.469550,109.484018,111.317912,107.650124,3.667788,0.967051
IC_small_3_278um_cells,403,208,187,0,-1,0.921813,848.000000,813.500000,882.500000,69.000000,0.975913,112.972451,111.595293,114.349608,2.754315,0.912829,1.211458,1.156250,1.266667,0.110417,0.967878,0.834494,0.820872,0.848116,0.027243,1.000000,1.000000,1.000000,1.000000,0.000000,1.000000,6.000000,6.000000,6.000000,0.000000,29.201134,1.002979,1.255319,0.581652,0.191627,0.592925,17.262677,23.783879,0.816911,14.297351,0.491075,0.744258,0.025563,65.724369,97.705325,106.990823,88.419828,18.570996,0.826424
IC_small_3_278um_cells,404,207,192,0,-1,0.633057,639.750000,496.000000,783.500000,287.500000,0.875366,99.474129,92.863224,106.085033,13.221808,0.792857,1.307292,1.156250,1.458333,0.302083,0.826159,0.798820,0.722776,0.874864,0.152088,1.000000,1.000000,1.000000,1.000000,0.000000,0.857143,6.500000,6.000000,7.000000,1.000000,30.666643,1.220268,1.333333,0.517181,0.216491,0.450188,11.313708,23.342301,0.928823,15.278474,0.607952,5.533799,0.220198,81.119925,109.587581,115.709954,103.465208,12.244746,0.894177
IC_small_3_278um_cells,405,207,188,0,-1,0.418919,840.000000,496.000000,1184.000000,688.000000,0.707480,112.061161,92.863224,131.259097,38.395873,0.685714,1.229167,1.000000,1.458333,0.458333,0.836953,0.793178,0.722776,0.863580,0.140804,1.000000,1.000000,1.000000,1.000000,0.000000,0.857143,6.500000,6.000000,7.000000,1.000000,26.307841,0.928288,1.062500,0.783125,0.034524,1.057391,29.966648,19.426934,0.685491,12.833974,0.452854,8.772905,0.309557,72.431534,146.364866,157.729732,135.000000,22.729732,0.855894
IC_small_3_278um_cells,406,206,191,0,-1,0.488515,729.000000,478.500000,979.500000,501.000000,0.732607,102.681110,86.834367,118.527853,31.693486,0.780357,1.238509,1.085714,1.391304,0.305590,0.910196,0.836800,0.797459,0.876140,0.078681,0.991397,0.995698,0.991397,1.000000,0.008603,0.750000,7.000000,6.000000,8.000000,2.000000,28.341606,1.066043,1.076923,0.557535,0.271262,0.452933,12.041595,22.916104,0.861968,14.160201,0.532623,7.407594,0.278630,72.569148,100.333286,109.311857,91.354715,17.957141,0.835726
IC_small_3_278um_cells,407,206,187,0,-1,0.542210,680.500000,478.500000,882.500000,404.000000,0.759376,100.591988,86.834367,114.349608,27.515242,0.831055,1.273777,1.156250,1.391304,0.235054,0.940272,0.822788,0.797459,0.848116,0.050657,1.000000,1.000000,1.000000,1.000000,0.000000,1.000000,6.000000,6.000000,6.000000,0.000000,30.627112,1.187522,1.333333,0.577684,0.171198,0.564552,14.560220,24.562669,0.952382,14.678463,0.569136,5.408703,0.209715,73.485220,122.900313,128.267079,117.533548,10.733530,0.916319
IC_small_3_278um_cells,408,205,190,0,-1,0.615304,770.500000,587.000000,954.000000,367.000000,0.789339,108.150009,95.417370,120.882649,25.465279,0.832168,1.439560,1.307692,1.571429,0.263736,0.987558,0.815305,0.810202,0.820409,0.010207,1.000000,1.000000,1.000000,1.000000,0.000000,0.857143,6.500000,6.000000,7.000000,1.000000,31.410538,1.139819,1.096154,0.549856,0.241726,0.519562,14.317821,25.917089,0.940474,14.788817,0.536653,3.051837,0.110744,74.246755,110.665957,125.425772,95.906141,29.519631,0.764645
IC_small_3_278um_cells,409,205,189,0,-1,0.540881,735.000000,516.000000,954.000000,438.000000,0.766545,106.772333,92.662018,120.882649,28.220631,0.659933,1.304233,1.037037,1.571429,0.534392,0.920504,0.787799,0.755190,0.820409,0.065219,1.000000,1.000000,1.000000,1.000000,0.000000,0.571429,5.500000,4.000000,7.000000,3.000000,26.597610,0.992401,1.181818,0.591860,0.223469,0.687993,18.439089,23.130552,0.863040,13.276898,0.495383,3.722645,0.138898,89.583813,118.972514,141.604835,96.340192,45.264644,0.680345
IC_small_3_278um_cells,410,205,184,0,-1,0.846495,1040.500000,954.000000,1127.000000,173.000000,0.940077,124.735358,120.882649,128.588068,7.705419,0.791155,1.407336,1.243243,1.571429,0.328185,0.957851,0.838459,0.820409,0.856510,0.036101,1.000000,1.000000,1.000000,1.000000,0.000000,1.000000,7.000000,7.000000,7.000000,0.000000,35.078760,1.088427,1.032258,0.557046,0.232100,0.508899,16.401219,27.196653,0.843860,17.536298,0.544118,1.525058,0.047320,87.909556,105.693454,122.894344,88.492564,34.401780,0.720070
IC_small_3_278um_cells,411,204,199,0,-1,0.857781,623.750000,576.000000,671.500000,95.500000,0.965446,99.942799,98.185710,101.699888,3.514178,0.977778,1.236111,1.222222,1.250000,0.027778,0.920282,0.783339,0.750820,0.815859,0.065039,1.000000,1.000000,1.000000,1.000000,0.000000,1.000000,6.000000,6.000000,6.000000,0.000000,31.456649,1.260451,1.675676,0.463612,0.323046,0.320556,8.000000,25.795443,1.033610,16.366557,0.655799,0.924248,0.037034,80.031322,99.826912,129.093859,70.559965,58.533894,0.546579
IC_small_3_278um_cells,412,204,194,0,-1,0.909234,604.750000,576.000000,633.500000,57.500000,0.965988,99.914223,98.185710,101.642735,3.457024,0.875000,1.171875,1.093750,1.250000,0.156250,0.974388,0.760688,0.750820,0.770555,0.019735,1.000000,1.000000,1.000000,1.000000,0.000000,0.833333,5.500000,5.000000,6.000000,1.000000,18.913255,0.769310,1.205128,0.829899,0.030178,1.311751,32.249031,15.218528,0.619024,9.313732,0.378842,1.435056,0.058372,30.928067,165.901638,169.695154,162.108123,7.587031,0.955290
IC_small_3_278um_cells,413,204,192,0,-1,0.735163,679.750000,576.000000,783.500000,207.500000,0.925538,102.135372,98.185710,106.085033,7.899322,0.925000,1.203125,1.156250,1.250000,0.093750,0.858213,0.812842,0.750820,0.874864,0.124044,1.000000,1.000000,1.000000,1.000000,0.000000,0.857143,6.500000,6.000000,7.000000,1.000000,32.287307,1.242033,1.244898,0.518791,0.250092,0.438604,11.401754,26.389149,1.015142,16.141516,0.620934,0.583576,0.022449,81.666558,107.713483,115.665191,99.761775,15.903417,0.862505
IC_small_3_278um_cells,414,203,195,0,-1,0.702135,1175.750000,970.000000,1381.500000,411.500000,0.852579,131.519096,121.053315,141.984878,20.931563,0.876457,1.143466,1.068182,1.218750,0.150568,0.965943,0.846482,0.831818,0.861146,0.029328,1.000000,1.000000,1.000000,1.000000,0.000000,1.000000,6.000000,6.000000,6.000000,0.000000,37.207824,1.089328,1.190476,0.564166,0.224538,0.500283,17.088007,30.529874,0.893819,18.122395,0.530567,3.729663,0.109193,78.815268,101.823367,115.780994,87.865741,27.915252,0.758896
IC_small_3_278um_cells,415,203,174,0,-1,0.820368,1532.750000,1381.500000,1684.000000,302.500000,0.903002,149.610674,141.984878,157.236470,15.251592,0.993487,1.064703,1.061224,1.068182,0.006957,0.993960,0.858545,0.855944,0.861146,0.005202,1.000000,1.000000,1.000000,1.000000,0.000000,1.000000,6.000000,6.000000,6.000000,0.000000,40.822025,1.043973,1.672727,0.643702,0.135051,0.698028,27.294688,30.840895,0.788718,20.407541,0.521898,2.559433,0.065454,85.279513,125.137477,142.089930,108.185023,33.904907,0.761384
IC_small_3_278um_cells,416,202,191,0,-1,0.760082,862.000000,744.500000,979.500000,235.000000,0.884337,111.673235,104.818617,118.527853,13.709236,0.814286,1.209524,1.085714,1.333333,0.247619,0.971906,0.863833,0.851526,0.876140,0.024614,0.991397,0.995698,0.991397,1.000000,0.008603,0.750000,7.000000,6.000000,8.000000,2.000000,36.287659,1.238857,1.555556,0.610243,0.189095,0.596228,17.464249,27.467475,0.937737,17.985235,0.614014,3.465925,0.118326,78.817049,146.294266,158.697344,133.891188,24.806156,0.843689
IC_small_3_278um_cells,417,202,188,0,-1,0.628801,964.250000,744.500000,1184.000000,439.500000,0.798563,118.038857,104.818617,131.259097,26.440481,0.750000,1.166667,1.000000,1.333333,0.333333,0.986041,0.857553,0.851526,0.863580,0.012055,1.000000,1.000000,1.000000,1.000000,0.000000,0.857143,6.500000,6.000000,7.000000,1.000000,34.868680,1.130360,1.500000,0.587544,0.194452,0.534645,16.492423,26.930209,0.873014,17.134864,0.555472,5.170195,0.167605,79.389443,109.856974,121.534792,98.179157,23.355635,0.807828
IC_small_3_278um_cells,418,201,198,0,-1,0.822341,766.750000,692.000000,841.500000,149.500000,0.912857,105.941085,101.114784,110.767386,9.652602,0.961633,1.107373,1.085714,1.129032,0.043318,0.986839,0.856195,0.850524,0.861867,0.011343,1.000000,1.000000,1.000000,1.000000,0.000000,1.000000,6.000000,6.000000,6.000000,0.000000,33.568606,1.213736,1.700000,0.492838,0.281709,0.255668,7.071068,26.148142,0.945435,16.344850,0.590979,3.825616,0.138322,72.271197,92.400787,110.629880,74.171693,36.458187,0.670449
IC_small_3_278um_cells,419,201,193,0,-1,0.571193,951.750000,692.000000,1211.500000,519.500000,0.724931,120.298324,101.114784,139.481863,38.367079,0.903226,1.189516,1.129032,1.250000,0.120968,0.920049,0.816524,0.782524,0.850524,0.068000,1.000000,1.000000,1.000000,1.000000,0.000000,0.750000,7.000000,6.000000,8.000000,2.000000,32.442713,1.061737,1.420000,0.565810,0.244024,0.572480,17.492856,27.101159,0.886927,15.912234,0.520752,5.580033,0.182615,61.957730,101.062637,105.124007,97.001268,8.122740,0.922732
IC_small_3_278um_cells,420,201,182,0,-1,0.697932,841.750000,692.000000,991.500000,299.500000,0.855212,109.674153,101.114784,118.233521,17.118737,0.984127,1.120072,1.111111,1.129032,0.017921,0.954257,0.870909,0.850524,0.891295,0.040771,1.000000,1.000000,1.000000,1.000000,0.000000,0.857143,6.500000,6.000000,7.000000,1.000000,30.747418,1.064035,1.466667,0.716691,0.068904,0.822568,23.769729,22.814973,0.789528,15.373127,0.531997,4.722146,0.163413,87.413148,150.706229,156.161260,145.251199,10.910061,0.930136
IC_small_3_278um_cells,421,200,199,0,-1,0.937453,650.500000,629.500000,671.500000,42.000000,0.957879,99.558030,97.416171,101.699888,4.283717,0.874608,1.145594,1.068966,1.222222,0.153257,0.978749,0.824716,0.815859,0.833573,0.017714,1.000000,1.000000,1.000000,1.000000,0.000000,1.000000,6.000000,6.000000,6.000000,0.000000,27.874661,1.093056,1.696970,0.585397,0.191776,0.627412,16.000000,22.618188,0.886933,13.932846,0.546352,0.347425,0.013624,77.652689,113.527751,116.131001,110.924502,5.206499,0.955167
IC_small_3_278um_cells,422,200,196,0,-1,0.690241,770.750000,629.500000,912.000000,282.500000,0.805290,109.193248,97.416171,120.970324,23.554152,0.736398,1.260289,1.068966,1.451613,0.382647,0.939515,0.808363,0.783154,0.833573,0.050419,1.000000,1.000000,1.000000,1.000000,0.000000,0.857143,6.500000,6.000000,7.000000,1.000000,28.103910,1.016615,1.288889,0.583746,0.214402,0.655129,18.110770,23.778182,0.860139,13.705295,0.495768,1.966741,0.071144,81.226413,112.348425,127.443656,97.253195,30.190461,0.763107
IC_small_3_278um_cells,423,200,181,0,-1,0.758434,729.750000,629.500000,830.000000,200.500000,0.889954,103.439127,97.416171,109.462082,12.045910,0.877100,1.143858,1.068966,1.218750,0.149784,0.957597,0.852028,0.833573,0.870484,0.036911,1.000000,1.000000,1.000000,1.000000,0.000000,0.857143,6.500000,6.000000,7.000000,1.000000,26.488330,0.982877,1.463415,0.697498,0.109627,0.829717,22.360680,21.547978,0.799560,13.208797,0.490126,3.954089,0.146721,69.394871,128.509485,132.510447,124.508523,8.001924,0.939613
IC_small_3_278um_cells,424,200,180,0,-1,0.965846,618.750000,608.000000,629.500000,21.500000,0.979322,96.408978,95.401784,97.416171,2.014388,0.848884,1.164112,1.068966,1.259259,0.190294,0.992986,0.836517,0.833573,0.839461,0.005888,1.000000,1.000000,1.000000,1.000000,0.000000,1.000000,6.000000,6.000000,6.000000,0.000000,32.633621,1.311970,1.441860,0.493101,0.301414,0.306177,7.615773,26.347268,1.059240,16.243037,0.653019,0.505242,0.020312,80.358725,109.136340,113.017562,105.255119,7.762443,0.931316
IC_small_3_278um_cells,425,199,194,0,-1,0.943410,652.500000,633.500000,671.500000,38.000000,0.999438,101.671311,101.642735,101.699888,0.057153,0.894886,1.157986,1.093750,1.222222,0.128472,0.944472,0.793207,0.770555,0.815859,0.045303,1.000000,1.000000,1.000000,1.000000,0.000000,0.833333,5.500000,5.000000,6.000000,1.000000,26.192487,1.025493,1.279070,0.651775,0.164751,0.875469,22.360680,21.990799,0.860987,12.780591,0.500388,0.870747,0.034092,73.598548,126.365141,132.985401,119.744881,13.240520,0.900436
IC_small_3_278um_cells,426,199,181,0,-1,0.809036,750.750000,671.500000,830.000000,158.500000,0.929088,105.580985,101.699888,109.462082,7.762194,0.997159,1.220486,1.218750,1.222222,0.003472,0.937248,0.843171,0.815859,0.870484,0.054625,1.000000,1.000000,1.000000,1.000000,0.000000,0.857143,6.500000,6.000000,7.000000,1.000000,30.842658,1.127228,1.297872,0.591495,0.180153,0.594953,16.278821,24.334637,0.889375,15.296205,0.559041,3.094250,0.113088,75.153235,116.565051,116.565051,116.565051,0.000000,1.000000
IC_small_3_278um_cells,427,199,175,0,-1,0.763936,775.250000,671.500000,879.000000,207.500000,0.852890,110.470687,101.699888,119.241485,17.541597,0.906634,1.165165,1.108108,1.222222,0.114114,0.952202,0.796360,0.776862,0.815859,0.038996,1.000000,1.000000,1.000000,1.000000,0.000000,1.000000,6.000000,6.000000,6.000000,0.000000,36.718765,1.321740,1.510638,0.496303,0.255401,0.410421,11.401754,27.349700,0.984488,18.077995,0.650741,4.478389,0.161205,74.900416,116.327574,121.200515,111.454634,9.745881,0.919589
IC_small_3_278um_cells,428,198,196,0,-1,0.922697,876.750000,841.500000,912.000000,70.500000,0.915658,115.868855,110.767386,120.970324,10.202938,0.747937,1.268664,1.085714,1.451613,0.365899,0.908671,0.822510,0.783154,0.861867,0.078713,1.000000,1.000000,1.000000,1.000000,0.000000,0.857143,6.500000,6.000000,7.000000,1.000000,27.235263,0.919987,1.355556,0.644396,0.148275,0.790752,23.409400,21.984844,0.742631,13.308788,0.449561,1.633471,0.055177,66.692946,97.799564,103.657643,91.941486,11.716156,0.886973
IC_small_3_278um_cells,429,198,185,0,-1,0.901367,800.000000,758.500000,841.500000,83.000000,0.970685,109.143816,107.520246,110.767386,3.247139,0.948963,1.058009,1.030303,1.085714,0.055411,0.956632,0.843178,0.824489,0.861867,0.037378,1.000000,1.000000,1.000000,1.000000,0.000000,1.000000,6.000000,6.000000,6.000000,0.000000,27.761893,0.981862,1.187500,0.734187,0.061562,0.933722,26.400758,23.357273,0.826082,13.869861,0.490539,0.945822,0.033451,86.279876,157.468929,173.418055,141.519802,31.898254,0.816062
IC_small_3_278um_cells,430,198,182,0,-1,0.848714,916.500000,841.500000,991.500000,150.000000,0.936853,114.500454,110.767386,118.233521,7.466136,0.977143,1.098413,1.085714,1.111111,0.025397,0.966983,0.876581,0.861867,0.891295,0.029428,1.000000,1.000000,1.000000,1.000000,0.000000,0.857143,6.500000,6.000000,7.000000,1.000000,32.105158,1.061385,1.033898,0.632786,0.142117,0.631604,19.104973,24.551520,0.811665,15.982723,0.528383,1.463093,0.048369,79.403489,107.171890,110.224859,104.118921,6.105938,0.944605
IC_small_3_278um_cells,431,197,184,0,-1,0.783940,1005.250000,883.500000,1127.000000,243.500000,0.923202,123.650420,118.712771,128.588068,9.875297,0.823966,1.133817,1.024390,1.243243,0.218853,0.919791,0.822160,0.787810,0.856510,0.068700,1.000000,1.000000,1.000000,1.000000,0.000000,1.000000,7.000000,7.000000,7.000000,0.000000,42.323682,1.337356,1.153846,0.459461,0.254166,0.202328,6.403124,30.639928,0.968170,21.169572,0.668922,4.370263,0.138093,88.302732,89.893105,115.346176,64.440035,50.906141,0.558666
IC_small_3_278um_cells,432,197,183,0,-1,0.483871,655.500000,427.500000,883.500000,456.000000,0.762457,104.613083,90.513394,118.712771,28.199377,0.682927,1.262195,1.024390,1.500000,0.475610,0.832336,0.721766,0.655723,0.787810,0.132087,1.000000,1.000000,1.000000,1.000000,0.000000,0.714286,6.000000,5.000000,7.000000,2.000000,33.007225,1.309816,1.300000,0.536195,0.126240,0.673438,16.970563,24.776890,0.983214,16.043472,0.636648,8.136402,0.322874,74.559337,135.798738,149.697319,121.900157,27.797162,0.814311
IC_small_3_278um_cells,433,196,185,0,-1,0.831689,835.250000,758.500000,912.000000,153.500000,0.888815,114.245285,107.520246,120.970324,13.450077,0.709764,1.240958,1.030303,1.451613,0.421310,0.949865,0.803821,0.783154,0.824489,0.041335,1.000000,1.000000,1.000000,1.000000,0.000000,0.857143,6.500000,6.000000,7.000000,1.000000,31.878787,1.104214,1.361702,0.539891,0.277462,0.542169,15.652476,25.279665,0.875635,13.474942,0.466744,0.253434,0.008778,34.976046,101.995116,109.349774,94.640458,14.709315,0.865484
IC_small_3_278um_cells,434,196,180,0,-1,0.666667,760.000000,608.000000,912.000000,304.000000,0.788638,108.186054,95.401784,120.970324,25.568540,0.867490,1.355436,1.259259,1.451613,0.192354,0.932925,0.811307,0.783154,0.839461,0.056307,1.000000,1.000000,1.000000,1.000000,0.000000,0.857143,6.500000,6.000000,7.000000,1.000000,34.068361,1.242079,1.666667,0.591787,0.074013,0.669288,18.357560,25.701719,0.937044,16.858920,0.614650,7.355806,0.268181,80.702883,141.490855,163.442929,119.538782,43.904146,0.731379
IC_small_3_278um_cells,435,195,193,0,-1,0.800660,1090.750000,970.000000,1211.500000,241.500000,0.867879,130.267589,121.053315,139.481863,18.428549,0.975000,1.234375,1.218750,1.250000,0.031250,0.940740,0.807171,0.782524,0.831818,0.049294,1.000000,1.000000,1.000000,1.000000,0.000000,0.750000,7.000000,6.000000,8.000000,2.000000,44.071846,1.336494,2.200000,0.458907,0.301627,0.244491,8.062258,33.801207,1.025033,22.373523,0.678485,4.177248,0.126676,77.273880,85.271419,106.979711,63.563127,43.416584,0.594161
IC_small_3_278um_cells,436,195,186,0,-1,0.558763,756.000000,542.000000,970.000000,428.000000,0.838771,111.294668,101.536021,121.053315,19.517294,0.820513,1.109375,1.000000,1.218750,0.218750,0.794220,0.746232,0.660646,0.831818,0.171172,1.000000,1.000000,1.000000,1.000000,0.000000,0.666667,5.000000,4.000000,6.000000,2.000000,33.500664,1.231060,1.590909,0.515443,0.294312,0.562126,15.297059,28.086015,1.032086,16.318921,0.599677,6.774567,0.248947,76.427731,121.108024,134.871822,107.344227,27.527595,0.795898
IC_small_3_278um_cells,437,195,174,0,-1,0.576010,1327.000000,970.000000,1684.000000,714.000000,0.769881,139.144892,121.053315,157.236470,36.183155,0.870748,1.139987,1.061224,1.218750,0.157526,0.971813,0.843881,0.831818,0.855944,0.024126,1.000000,1.000000,1.000000,1.000000,0.000000,1.000000,6.000000,6.000000,6.000000,0.000000,41.319145,1.144870,1.409836,0.556694,0.196873,0.464470,16.763055,32.551214,0.901928,20.251223,0.561120,6.993856,0.193786,81.854398,102.426716,102.724356,102.129076,0.595279,0.994205
IC_small_3_278um_cells,438,195,173,0,-1,0.842014,1061.000000,970.000000,1152.000000,182.000000,0.933622,125.356622,121.053315,129.659929,8.606614,0.931393,1.176943,1.135135,1.218750,0.083615,0.966001,0.846456,0.831818,0.861094,0.029277,1.000000,1.000000,1.000000,1.000000,0.000000,1.000000,6.000000,6.000000,6.000000,0.000000,29.470007,0.905572,1.319149,0.761316,0.081762,0.976570,31.780497,23.807283,0.731564,14.734107,0.452758,2.331388,0.071640,80.120278,150.633730,162.645975,138.621485,24.024491,0.852290
IC_small_3_278um_cells,439,194,192,0,-1,0.808551,708.500000,633.500000,783.500000,150.000000,0.958125,103.863884,101.642735,106.085033,4.442298,0.945946,1.125000,1.093750,1.156250,0.062500,0.880771,0.822710,0.770555,0.874864,0.104309,1.000000,1.000000,1.000000,1.000000,0.000000,0.714286,6.000000,5.000000,7.000000,2.000000,32.243179,1.213050,1.756757,0.524134,0.275935,0.440353,11.704700,24.752561,0.931239,15.451383,0.581311,1.748851,0.065795,76.715951,100.778743,103.427385,98.130102,5.297282,0.948783
IC_small_3_278um_cells,440,194,177,0,-1,0.960537,621.000000,608.500000,633.500000,25.000000,0.944793,98.837019,96.031303,101.642735,5.611432,0.812500,1.219952,1.093750,1.346154,0.252404,0.929307,0.799864,0.770555,0.829172,0.058617,1.000000,1.000000,1.000000,1.000000,0.000000,0.714286,6.000000,5.000000,7.000000,2.000000,31.839823,1.277753,1.319149,0.501495,0.270531,0.426595,10.630146,24.994181,1.003033,15.410440,0.618431,0.555987,0.022312,73.149239,113.650040,129.524646,97.775434,31.749212,0.754879
IC_small_3_278um_cells,441,194,175,0,-1,0.720705,756.250000,633.500000,879.000000,245.500000,0.852411,110.442110,101.642735,119.241485,17.598751,0.987043,1.100929,1.093750,1.108108,0.014358,0.991882,0.773709,0.770555,0.776862,0.006307,1.000000,1.000000,1.000000,1.000000,0.000000,0.833333,5.500000,5.000000,6.000000,1.000000,24.241804,0.884457,1.400000,0.646306,0.160000,0.901108,24.698178,19.435191,0.709089,11.846476,0.432216,2.607056,0.095118,40.106361,123.304437,131.048909,115.559965,15.488944,0.881808
IC_small_3_278um_cells,442,193,186,0,-1,0.447379,876.750000,542.000000,1211.500000,669.500000,0.727951,120.508942,101.536021,139.481863,37.945842,0.800000,1.125000,1.000000,1.250000,0.250000,0.844250,0.721585,0.660646,0.782524,0.121878,1.000000,1.000000,1.000000,1.000000,0.000000,0.500000,6.000000,4.000000,8.000000,4.000000,20.963225,0.721781,1.040000,0.833351,0.016538,1.349846,39.204592,19.300126,0.664519,10.471128,0.360529,6.204952,0.213642,9.012138,169.658496,177.751940,161.565051,16.186889,0.908936
IC_small_3_278um_cells,443,193,182,0,-1,0.818407,1101.500000,991.500000,1211.500000,220.000000,0.847662,128.857692,118.233521,139.481863,21.248342,0.888889,1.180556,1.111111,1.250000,0.138889,0.877964,0.836909,0.782524,0.891295,0.108770,1.000000,1.000000,1.000000,1.000000,0.000000,0.875000,7.500000,7.000000,8.000000,1.000000,45.847585,1.383145,1.517857,0.474311,0.221062,0.243225,8.062258,34.073293,1.027934,21.254191,0.641203,4.824133,0.145536,55.690480,95.845986,98.714733,92.977240,5.737493,0.941878
IC_small_3_278um_cells,444,193,163,0,-1,0.739847,1424.500000,1211.500000,1637.500000,426.000000,0.900076,147.224305,139.481863,154.966747,15.484883,0.816327,1.135204,1.020408,1.250000,0.229592,0.913237,0.819696,0.782524,0.856868,0.074344,1.000000,1.000000,1.000000,1.000000,0.000000,1.000000,8.000000,8.000000,8.000000,0.000000,40.758086,1.082946,1.389831,0.547049,0.174447,0.513153,19.313208,34.058870,0.904947,20.482747,0.544228,0.838929,0.022290,88.631197,112.071321,162.897271,61.245371,101.651900,0.375975
IC_small_3_278um_cells,445,192,188,0,-1,0.661740,983.750000,783.500000,1184.000000,400.500000,0.808211,118.672065,106.085033,131.259097,25.174065,0.864865,1.078125,1.000000,1.156250,0.156250,0.987102,0.869222,0.863580,0.874864,0.011284,1.000000,1.000000,1.000000,1.000000,0.000000,1.000000,7.000000,7.000000,7.000000,0.000000,39.779870,1.274988,1.925000,0.504648,0.234307,0.256409,8.000000,30.450959,0.975986,19.885389,0.637348,6.093181,0.195293,89.745889,97.973335,109.290046,86.656624,22.633422,0.792905
IC_small_3_278um_cells,446,192,179,0,-1,0.926611,754.750000,726.000000,783.500000,57.500000,0.993613,105.746251,105.407470,106.085033,0.677563,0.889575,1.092411,1.028571,1.156250,0.127679,0.938562,0.847989,0.821114,0.874864,0.053750,1.000000,1.000000,1.000000,1.000000,0.000000,0.857143,6.500000,6.000000,7.000000,1.000000,26.613971,0.968918,1.000000,0.711102,0.090427,0.876781,24.083189,21.655931,0.788414,13.296902,0.484092,0.005162,0.000188,88.143872,121.761491,141.709837,101.813145,39.896692,0.718462
IC_small_3_278um_cells,447,192,177,0,-1,0.776643,696.000000,608.500000,783.500000,175.000000,0.905230,101.058168,96.031303,106.085033,10.053730,0.858929,1.251202,1.156250,1.346154,0.189904,0.947773,0.852018,0.829172,0.874864,0.045692,1.000000,1.000000,1.000000,1.000000,0.000000,1.000000,7.000000,7.000000,7.000000,0.000000,28.527655,1.083489,1.295455,0.690402,0.121408,0.815472,21.470911,22.316574,0.847590,14.252779,0.541325,2.889083,0.109728,87.322230,153.188058,158.797181,147.578935,11.218246,0.929355
IC_small_3_278um_cells,448,191,187,0,-1,0.900970,931.000000,882.500000,979.500000,97.000000,0.964749,116.438731,114.349608,118.527853,4.178245,0.938996,1.120982,1.085714,1.156250,0.070536,0.968014,0.862128,0.848116,0.876140,0.028024,0.991397,0.995698,0.991397,1.000000,0.008603,0.750000,7.000000,6.000000,8.000000,2.000000,36.492510,1.196400,1.897436,0.591937,0.143663,0.558305,17.029386,25.395758,0.832595,18.173213,0.595805,0.858986,0.028162,75.191214,125.616224,128.811384,122.421065,6.390319,0.950390
IC_small_3_278um_cells,449,191,176,0,-1,0.786626,875.000000,770.500000,979.500000,209.000000,0.930020,114.380555,110.233257,118.527853,8.294596,0.914286,1.136607,1.085714,1.187500,0.101786,0.909460,0.836477,0.796815,0.876140,0.079325,0.991397,0.995698,0.991397,1.000000,0.008603,0.750000,7.000000,6.000000,8.000000,2.000000,38.799918,1.314030,1.083333,0.516210,0.217143,0.378643,11.180340,28.813052,0.975807,18.528083,0.627487,1.403697,0.047539,74.307730,108.717894,111.257104,106.178684,5.078421,0.954354
IC_small_3_278um_cells,450,191,172,0,-1,0.546708,757.500000,535.500000,979.500000,444.000000,0.773718,105.117504,91.707156,118.527853,26.820697,0.977143,1.098413,1.085714,1.111111,0.025397,0.913249,0.838137,0.800134,0.876140,0.076006,0.991397,0.995698,0.991397,1.000000,0.008603,0.625000,6.500000,5.000000,8.000000,3.000000,32.178170,1.182199,1.615385,0.550865,0.245875,0.446951,12.165525,26.069795,0.957782,16.079002,0.590729,5.709383,0.209758,86.231257,111.293854,131.663663,90.924045,40.739618,0.690578
IC_small_3_278um_cells,451,190,189,0,-1,0.879046,551.500000,516.000000,587.000000,71.000000,0.971123,94.039694,92.662018,95.417370,2.755352,0.793028,1.172365,1.037037,1.307692,0.270655,0.932101,0.782696,0.755190,0.810202,0.055012,1.000000,1.000000,1.000000,1.000000,0.000000,0.666667,5.000000,4.000000,6.000000,2.000000,19.236547,0.819558,1.294118,0.805737,0.037171,1.212537,28.460499,15.747607,0.670914,9.593641,0.408730,0.763572,0.032531,81.517085,166.858712,167.753667,165.963757,1.789911,0.989330
IC_small_3_278um_cells,452,190,187,0,-1,0.665156,734.750000,587.000000,882.500000,295.500000,0.834435,104.883489,95.417370,114.349608,18.932238,0.884191,1.231971,1.156250,1.307692,0.151442,0.955296,0.829159,0.810202,0.848116,0.037914,1.000000,1.000000,1.000000,1.000000,0.000000,1.000000,6.000000,6.000000,6.000000,0.000000,25.903578,0.960548,1.611111,0.732496,0.072133,0.945401,25.495098,19.570836,0.725720,12.914519,0.478892,5.213104,0.193311,73.527412,144.321570,146.951875,141.691264,5.260611,0.964202
IC_small_3_278um_cells,453,190,169,0,-1,0.654769,741.750000,587.000000,896.500000,309.500000,0.811329,106.511781,95.417370,117.606192,22.188822,0.830252,1.196703,1.085714,1.307692,0.221978,0.994703,0.812359,0.810202,0.814516,0.004315,1.000000,1.000000,1.000000,1.000000,0.000000,0.857143,6.500000,6.000000,7.000000,1.000000,36.650510,1.353174,1.360000,0.453161,0.333670,0.188261,5.099020,29.077671,1.073577,18.678143,0.689616,3.832186,0.141488,72.256844,96.738639,119.185916,74.291362,44.894554,0.623323
IC_small_3_278um_cells,454,190,167,0,-1,0.910078,616.000000,587.000000,645.000000,58.000000,0.910321,100.117349,95.417370,104.817328,9.399958,0.989605,1.314560,1.307692,1.321429,0.013736,0.910564,0.773971,0.737740,0.810202,0.072461,1.000000,1.000000,1.000000,1.000000,0.000000,1.000000,6.000000,6.000000,6.000000,0.000000,34.039614,1.371875,2.029412,0.449072,0.372971,0.293405,7.280110,25.280088,1.018846,16.933809,0.682472,0.506814,0.020426,74.414956,91.931105,95.792796,88.069413,7.723384,0.919374
IC_small_3_278um_cells,455,189,184,0,-1,0.457853,821.500000,516.000000,1127.000000,611.000000,0.720611,110.625043,92.662018,128.588068,35.926050,0.834138,1.140140,1.037037,1.243243,0.206206,0.881706,0.805850,0.755190,0.856510,0.101320,1.000000,1.000000,1.000000,1.000000,0.000000,0.571429,5.500000,4.000000,7.000000,3.000000,25.208939,0.895737,1.260870,0.699743,0.143640,0.879026,24.738634,22.601881,0.803102,12.427780,0.441590,7.069749,0.251206,57.981239,133.814456,137.726311,129.902600,7.823711,0.943194
IC_small_3_278um_cells,456,189,169,0,-1,0.575572,706.250000,516.000000,896.500000,380.500000,0.787901,105.134105,92.662018,117.606192,24.944174,0.955166,1.061376,1.037037,1.085714,0.048677,0.927163,0.784853,0.755190,0.814516,0.059327,1.000000,1.000000,1.000000,1.000000,0.000000,0.571429,5.500000,4.000000,7.000000,3.000000,27.697698,1.052000,1.631579,0.627249,0.172035,0.798515,21.023796,23.358379,0.887186,13.848407,0.525983,4.873472,0.185102,85.290971,120.354319,120.963757,119.744881,1.218875,0.989924
IC_small_3_278um_cells,457,188,179,0,-1,0.613176,955.000000,726.000000,1184.000000,458.000000,0.803049,118.333284,105.407470,131.259097,25.851627,0.972222,1.014286,1.000000,1.028571,0.028571,0.950826,0.842347,0.821114,0.863580,0.042466,1.000000,1.000000,1.000000,1.000000,0.000000,0.857143,6.500000,6.000000,7.000000,1.000000,30.199449,0.984438,1.052632,0.677276,0.107330,0.789111,24.207437,24.679944,0.804514,15.085778,0.491764,5.999757,0.195579,82.318103,115.547931,131.633539,99.462322,32.171217,0.755600
IC_small_3_278um_cells,458,188,170,0,-1,0.626267,962.750000,741.500000,1184.000000,442.500000,0.853690,121.656837,112.054576,131.259097,19.204521,0.820513,1.109375,1.000000,1.218750,0.218750,0.859328,0.802840,0.742099,0.863580,0.121481,1.000000,1.000000,1.000000,1.000000,0.000000,1.000000,7.000000,7.000000,7.000000,0.000000,34.675628,1.125105,1.384615,0.585356,0.188003,0.648931,20.000000,28.207127,0.915225,16.390897,0.531828,6.787501,0.220231,68.399747,125.703203,132.247515,119.158892,13.088623,0.901029
IC_small_3_278um_cells,459,187,176,0,-1,0.873088,826.500000,770.500000,882.500000,112.000000,0.964002,112.291432,110.233257,114.349608,4.116352,0.973684,1.171875,1.156250,1.187500,0.031250,0.939511,0.822465,0.796815,0.848116,0.051301,1.000000,1.000000,1.000000,1.000000,0.000000,1.000000,6.000000,6.000000,6.000000,0.000000,24.358845,0.847783,1.127660,0.703932,0.125529,0.918850,26.400758,20.779012,0.723191,12.168049,0.423496,1.577665,0.054909,66.676697,107.252717,119.931512,94.573921,25.357591,0.788566
IC_small_3_278um_cells,460,187,167,0,-1,0.730878,763.750000,645.000000,882.500000,237.500000,0.916639,109.583468,104.817328,114.349608,9.532280,0.875000,1.238839,1.156250,1.321429,0.165179,0.869858,0.792928,0.737740,0.848116,0.110376,1.000000,1.000000,1.000000,1.000000,0.000000,1.000000,6.000000,6.000000,6.000000,0.000000,36.191366,1.313572,1.250000,0.520897,0.185597,0.493668,13.601471,27.864544,1.011348,17.407097,0.631794,2.819558,0.102336,76.026599,122.203850,127.152372,117.255328,9.897044,0.922164
IC_small_3_278um_cells,461,186,173,0,-1,0.470486,847.000000,542.000000,1152.000000,610.000000,0.783095,115.597975,101.536021,129.659929,28.123908,0.880952,1.067568,1.000000,1.135135,0.135135,0.767217,0.760870,0.660646,0.861094,0.200448,1.000000,1.000000,1.000000,1.000000,0.000000,0.666667,5.000000,4.000000,6.000000,2.000000,28.482930,0.995523,1.250000,0.606888,0.198937,0.767344,21.954498,25.883203,0.904659,14.237104,0.497609,9.388994,0.328160,80.918324,113.766427,114.034288,113.498566,0.535722,0.995302
IC_small_3_278um_cells,462,186,163,0,-1,0.330992,1089.750000,542.000000,1637.500000,1095.500000,0.655212,128.251384,101.536021,154.966747,53.430726,0.980000,1.010204,1.000000,1.020408,0.020408,0.771001,0.758757,0.660646,0.856868,0.196222,1.000000,1.000000,1.000000,1.000000,0.000000,0.500000,6.000000,4.000000,8.000000,4.000000,32.429139,1.017434,1.081967,0.643261,0.174123,0.786857,25.079872,28.204520,0.884890,15.330795,0.480989,10.091012,0.316596,71.515516,135.467053,149.931417,121.002689,28.928728,0.807054
IC_small_3_278um_cells,463,185,182,0,-1,0.765003,875.000000,758.500000,991.500000,233.000000,0.909389,112.876884,107.520246,118.233521,10.713275,0.927273,1.070707,1.030303,1.111111,0.080808,0.925047,0.857892,0.824489,0.891295,0.066806,1.000000,1.000000,1.000000,1.000000,0.000000,0.857143,6.500000,6.000000,7.000000,1.000000,33.964243,1.150765,1.725000,0.551559,0.235714,0.441763,13.038405,27.257092,0.923516,16.896139,0.572469,2.112426,0.071573,79.938070,106.572761,108.255339,104.890182,3.365156,0.968915
IC_small_3_278um_cells,464,185,180,0,-1,0.801582,683.250000,608.000000,758.500000,150.500000,0.887291,101.461015,95.401784,107.520246,12.118463,0.818182,1.144781,1.030303,1.259259,0.228956,0.982165,0.831975,0.824489,0.839461,0.014972,1.000000,1.000000,1.000000,1.000000,0.000000,1.000000,6.000000,6.000000,6.000000,0.000000,26.910661,1.031089,1.487179,0.605553,0.148921,0.661424,17.262677,20.933942,0.802089,12.856977,0.492618,2.422029,0.092801,74.870719,97.821123,108.434949,87.207298,21.227651,0.804236
IC_small_3_278um_cells,465,185,166,0,-1,0.702703,645.750000,533.000000,758.500000,225.500000,0.880736,101.108572,94.696898,107.520246,12.823348,0.883117,1.098485,1.030303,1.166667,0.136364,0.905901,0.785697,0.746905,0.824489,0.077584,1.000000,1.000000,1.000000,1.000000,0.000000,0.666667,5.000000,4.000000,6.000000,2.000000,24.962161,0.986107,1.340909,0.632622,0.189702,0.830526,21.023796,21.269766,0.840243,12.408714,0.490195,2.353600,0.092977,85.343840,131.738339,135.364936,128.111742,7.253195,0.946417
IC_small_3_278um_cells,466,185,153,0,-1,0.623510,987.500000,758.500000,1216.500000,458.000000,0.803132,120.698214,107.520246,133.876182,26.355935,0.783030,1.173046,1.030303,1.315789,0.285486,0.966651,0.838711,0.824489,0.852934,0.028445,1.000000,1.000000,1.000000,1.000000,0.000000,0.857143,6.500000,6.000000,7.000000,1.000000,38.158372,1.222648,1.883721,0.546463,0.170380,0.453134,14.142136,28.599326,0.916363,19.062694,0.610795,8.230532,0.263718,88.741520,124.403733,163.442929,85.364537,78.078392,0.522290
IC_small_3_278um_cells,467,184,183,0,-1,0.379326,777.250000,427.500000,1127.000000,699.500000,0.703902,109.550731,90.513394,128.588068,38.074674,0.828829,1.371622,1.243243,1.500000,0.256757,0.765575,0.756116,0.655723,0.856510,0.200787,1.000000,1.000000,1.000000,1.000000,0.000000,0.714286,6.000000,5.000000,7.000000,2.000000,20.074016,0.740098,1.065217,0.904112,0.016726,1.329312,36.055513,16.722591,0.616536,10.035371,0.369989,8.001944,0.295019,20.198645,164.484125,173.659808,155.308442,18.351366,0.894326
IC_small_3_278um_cells,468,184,169,0,-1,0.795475,1011.750000,896.500000,1127.000000,230.500000,0.914596,123.097130,117.606192,128.588068,10.981876,0.873292,1.164479,1.085714,1.243243,0.157529,0.950971,0.835513,0.814516,0.856510,0.041994,1.000000,1.000000,1.000000,1.000000,0.000000,1.000000,7.000000,7.000000,7.000000,0.000000,37.044032,1.166513,1.079365,0.564423,0.196195,0.534401,16.970563,28.536133,0.898600,18.518873,0.583157,4.250037,0.133833,81.099891,116.030739,130.751545,101.309932,29.441613,0.774828
IC_small_3_278um_cells,469,184,168,0,-1,0.381544,778.500000,430.000000,1127.000000,697.000000,0.626369,104.565842,80.543616,128.588068,48.044452,0.994595,1.246622,1.243243,1.250000,0.006757,0.972487,0.844727,0.832945,0.856510,0.023565,1.000000,1.000000,1.000000,1.000000,0.000000,0.857143,6.500000,6.000000,7.000000,1.000000,31.557725,1.162192,1.837838,0.585361,0.204881,0.484390,13.152946,25.533047,0.940318,15.777730,0.581054,13.193931,0.485899,81.301835,94.749989,102.994617,86.505361,16.489256,0.839902
IC_small_3_278um_cells,470,183,168,0,-1,0.994186,428.750000,427.500000,430.000000,2.500000,0.889853,85.528505,80.543616,90.513394,9.969778,0.833333,1.375000,1.250000,1.500000,0.250000,0.787235,0.744334,0.655723,0.832945,0.177222,1.000000,1.000000,1.000000,1.000000,0.000000,0.833333,5.500000,5.000000,6.000000,1.000000,28.882994,1.394892,1.380952,0.439980,0.334111,0.351590,7.280110,21.133276,1.020623,13.985140,0.675406,3.515977,0.169803,69.975204,109.345630,118.186197,100.505064,17.681133,0.850396
IC_small_3_278um_cells,471,182,166,0,-1,0.537569,762.250000,533.000000,991.500000,458.500000,0.800931,106.465210,94.696898,118.233521,23.536623,0.952381,1.138889,1.111111,1.166667,0.055556,0.838000,0.819100,0.746905,0.891295,0.144389,1.000000,1.000000,1.000000,1.000000,0.000000,0.571429,5.500000,4.000000,7.000000,3.000000,30.414204,1.114586,1.127273,0.598762,0.171532,0.624074,17.029386,25.526705,0.935474,15.113978,0.553880,7.109512,0.260542,86.539103,127.670845,135.596809,119.744881,15.851928,0.883095
IC_small_3_278um_cells,472,182,163,0,-1,0.605496,1314.500000,991.500000,1637.500000,646.000000,0.762961,136.600134,118.233521,154.966747,36.733225,0.918367,1.065760,1.020408,1.111111,0.090703,0.961375,0.874082,0.856868,0.891295,0.034426,1.000000,1.000000,1.000000,1.000000,0.000000,0.875000,7.500000,7.000000,8.000000,1.000000,40.834802,1.135023,1.151515,0.628135,0.141879,0.609603,21.931712,31.068397,0.863561,20.153828,0.560185,10.280504,0.285752,78.696157,106.889657,109.653824,104.125489,5.528335,0.949584
IC_small_3_278um_cells,473,182,150,0,-1,0.624174,1290.000000,991.500000,1588.500000,597.000000,0.785923,134.336248,118.233521,150.438974,32.205453,0.956250,1.086806,1.062500,1.111111,0.048611,0.989589,0.886655,0.882016,0.891295,0.009279,1.000000,1.000000,1.000000,1.000000,0.000000,1.000000,7.000000,7.000000,7.000000,0.000000,43.450204,1.218046,1.833333,0.571992,0.225969,0.428825,15.297059,32.312809,0.905830,21.341630,0.598273,8.031095,0.225137,68.758511,115.142631,124.808498,105.476765,19.331733,0.845109
IC_small_3_278um_cells,474,181,180,0,-1,0.732530,719.000000,608.000000,830.000000,222.000000,0.871551,102.431933,95.401784,109.462082,14.060298,0.967831,1.239005,1.218750,1.259259,0.040509,0.964362,0.854972,0.839461,0.870484,0.031023,1.000000,1.000000,1.000000,1.000000,0.000000,0.857143,6.500000,6.000000,7.000000,1.000000,26.061662,0.974862,1.341463,0.671276,0.153686,0.762935,20.396078,21.152645,0.791236,13.021578,0.487085,2.934218,0.109757,86.842304,119.896013,130.236358,109.555667,20.680691,0.841206
IC_small_3_278um_cells,475,181,175,0,-1,0.944255,854.500000,830.000000,879.000000,49.000000,0.917987,114.351783,109.462082,119.241485,9.779404,0.909217,1.163429,1.108108,1.218750,0.110642,0.892449,0.823673,0.776862,0.870484,0.093621,1.000000,1.000000,1.000000,1.000000,0.000000,0.857143,6.500000,6.000000,7.000000,1.000000,34.695893,1.187044,1.367347,0.494928,0.269748,0.348903,10.198039,27.281258,0.933368,17.401308,0.595347,3.791081,0.129704,80.289079,95.839194,122.234434,69.443955,52.790479,0.568121
IC_small_3_278um_cells,476,181,171,0,-1,0.668675,692.500000,555.000000,830.000000,275.000000,0.931245,105.699055,101.936029,109.462082,7.526053,0.843956,1.123661,1.028571,1.218750,0.190179,0.771058,0.770838,0.671193,0.870484,0.199291,1.000000,1.000000,1.000000,1.000000,0.000000,0.571429,5.500000,4.000000,7.000000,3.000000,30.256147,1.155517,1.017857,0.594171,0.157401,0.768582,20.124612,22.611306,0.863552,14.347342,0.547941,1.813556,0.069262,71.353360,138.033141,150.255119,125.811164,24.443955,0.837317
IC_small_3_278um_cells,477,181,161,0,-1,0.735542,720.250000,610.500000,830.000000,219.500000,0.914191,104.765650,100.069218,109.462082,9.392864,0.955236,1.247306,1.218750,1.275862,0.057112,0.880104,0.818300,0.766116,0.870484,0.104368,1.000000,1.000000,1.000000,1.000000,0.000000,0.714286,6.000000,5.000000,7.000000,2.000000,33.744104,1.261037,1.395833,0.526354,0.240194,0.450002,12.041595,26.328340,0.983906,16.705421,0.624291,1.965093,0.073437,77.277573,109.631213,111.761565,107.500861,4.260704,0.961877
IC_small_3_278um_cells,478,180,161,0,-1,0.995905,609.250000,608.000000,610.500000,2.500000,0.953358,97.735501,95.401784,100.069218,4.667434,0.986987,1.267561,1.259259,1.275862,0.016603,0.912629,0.802788,0.766116,0.839461,0.073345,1.000000,1.000000,1.000000,1.000000,0.000000,0.833333,5.500000,5.000000,6.000000,1.000000,24.990509,1.012459,1.666667,0.682174,0.082068,0.924744,22.825424,20.679299,0.837796,12.204717,0.494459,0.251503,0.010189,63.267049,154.321597,165.699723,142.943472,22.756251,0.862666
IC_small_3_278um_cells,479,180,153,0,-1,0.499794,912.250000,608.000000,1216.500000,608.500000,0.712612,114.638983,95.401784,133.876182,38.474398,0.957037,1.287524,1.259259,1.315789,0.056530,0.984204,0.846197,0.839461,0.852934,0.013473,1.000000,1.000000,1.000000,1.000000,0.000000,0.857143,6.500000,6.000000,7.000000,1.000000,39.436939,1.324809,1.433962,0.513083,0.208002,0.300466,8.944272,29.212275,0.981331,17.688212,0.594202,8.359222,0.280812,54.527111,97.334071,106.546020,88.122123,18.423897,0.827080
IC_small_3_278um_cells,480,179,177,0,-1,0.838154,667.250000,608.500000,726.000000,117.500000,0.911048,100.719386,96.031303,105.407470,9.376167,0.764082,1.187363,1.028571,1.346154,0.317582,0.990282,0.825143,0.821114,0.829172,0.008058,1.000000,1.000000,1.000000,1.000000,0.000000,0.857143,6.500000,6.000000,7.000000,1.000000,31.437025,1.218202,1.439024,0.480186,0.390783,0.282108,7.280110,25.918921,1.004372,14.744194,0.571346,4.160051,0.161204,70.739882,97.646687,110.607920,84.685454,25.922466,0.765636
IC_small_3_278um_cells,481,179,170,0,-1,0.979096,733.750000,726.000000,741.500000,15.500000,0.940680,108.731023,105.407470,112.054576,6.647106,0.843956,1.123661,1.028571,1.218750,0.190179,0.903770,0.781607,0.742099,0.821114,0.079016,1.000000,1.000000,1.000000,1.000000,0.000000,0.857143,6.500000,6.000000,7.000000,1.000000,36.592659,1.350909,1.411765,0.494406,0.227598,0.449120,12.165525,29.091895,1.073999,17.931534,0.661987,2.441358,0.090129,75.768093,120.496503,128.290163,112.702842,15.587321,0.878499
IC_small_3_278um_cells,482,179,165,0,-1,0.835399,666.250000,606.500000,726.000000,119.500000,0.919283,101.153372,96.899274,105.407470,8.508196,0.997403,1.029911,1.028571,1.031250,0.002679,0.988544,0.816411,0.811708,0.821114,0.009407,1.000000,1.000000,1.000000,1.000000,0.000000,0.833333,5.500000,5.000000,6.000000,1.000000,22.633835,0.877763,1.309524,0.805626,0.022889,1.127321,29.068884,17.105219,0.663358,11.311676,0.438678,1.530930,0.059371,87.714270,159.333759,174.694890,143.972627,30.722264,0.824138
IC_small_3_278um_cells,483,179,164,0,-1,0.575069,571.750000,417.500000,726.000000,308.500000,0.781577,93.895777,82.384084,105.407470,23.023386,0.829493,1.134286,1.028571,1.240000,0.211429,0.941404,0.797057,0.773000,0.821114,0.048114,1.000000,1.000000,1.000000,1.000000,0.000000,0.833333,5.500000,5.000000,6.000000,1.000000,30.627695,1.292930,1.037037,0.493804,0.240927,0.363142,8.602325,23.942012,1.010698,15.300802,0.645914,6.451837,0.272360,76.231595,105.213630,112.297158,98.130102,14.167056,0.873843
IC_small_3_278um_cells,484,177,175,0,-1,0.692264,743.750000,608.500000,879.000000,270.500000,0.805351,107.636394,96.031303,119.241485,23.210182,0.823166,1.227131,1.108108,1.346154,0.238046,0.936913,0.803017,0.776862,0.829172,0.052310,1.000000,1.000000,1.000000,1.000000,0.000000,0.857143,6.500000,6.000000,7.000000,1.000000,26.272363,0.967394,1.463415,0.640262,0.126723,0.817575,22.203603,20.707554,0.762488,12.668072,0.466461,4.466098,0.164450,53.845846,110.535552,121.644659,99.426445,22.218214,0.817352
IC_small_3_278um_cells,485,177,165,0,-1,0.996713,607.500000,606.500000,608.500000,2.000000,0.991043,96.465288,96.031303,96.899274,0.867971,0.766071,1.188702,1.031250,1.346154,0.314904,0.978937,0.820440,0.811708,0.829172,0.017465,1.000000,1.000000,1.000000,1.000000,0.000000,0.714286,6.000000,5.000000,7.000000,2.000000,25.820265,1.047581,1.020408,0.641255,0.132922,0.783577,19.313208,19.460243,0.789542,12.381804,0.502355,1.234533,0.050088,72.729497,119.675526,138.731397,100.619655,38.111742,0.725284
IC_small_3_278um_cells,486,177,155,0,-1,0.942680,627.000000,608.500000,645.500000,37.000000,0.959889,98.037735,96.031303,100.044168,4.012865,0.947783,1.311008,1.275862,1.346154,0.070292,0.977412,0.819808,0.810443,0.829172,0.018729,1.000000,1.000000,1.000000,1.000000,0.000000,0.875000,7.500000,7.000000,8.000000,1.000000,34.455860,1.376184,1.488889,0.486630,0.270734,0.322011,8.062258,25.145615,1.004328,17.224935,0.687973,2.417408,0.096552,85.538410,104.487698,110.845294,98.130102,12.715191,0.885289
IC_small_3_278um_cells,487,177,148,0,-1,0.924070,633.500000,608.500000,658.500000,50.000000,0.931744,99.548732,96.031303,103.066161,7.034858,0.853659,1.461538,1.346154,1.576923,0.230769,0.939482,0.804083,0.778993,0.829172,0.050180,1.000000,1.000000,1.000000,1.000000,0.000000,0.857143,6.500000,6.000000,7.000000,1.000000,36.592186,1.454118,2.586207,0.465428,0.273481,0.280994,7.071068,26.432758,1.050398,17.726524,0.704425,1.710860,0.067987,72.246762,110.816438,118.148200,103.484677,14.663523,0.875889
IC_small_3_278um_cells,488,176,172,0,-1,0.695003,653.000000,535.500000,770.500000,235.000000,0.831937,100.970206,91.707156,110.233257,18.526101,0.935673,1.149306,1.111111,1.187500,0.076389,0.995851,0.798474,0.796815,0.800134,0.003320,1.000000,1.000000,1.000000,1.000000,0.000000,0.833333,5.500000,5.000000,6.000000,1.000000,23.087308,0.907186,1.514286,0.764899,0.048622,1.089647,27.730849,18.682657,0.734111,11.108817,0.436506,3.275819,0.128719,53.990883,158.487983,162.897271,154.078695,8.818576,0.945864
IC_small_3_278um_cells,489,176,167,0,-1,0.837119,707.750000,645.000000,770.500000,125.500000,0.950868,107.525292,104.817328,110.233257,5.415929,0.898649,1.254464,1.187500,1.321429,0.133929,0.925862,0.767277,0.737740,0.796815,0.059074,1.000000,1.000000,1.000000,1.000000,0.000000,1.000000,6.000000,6.000000,6.000000,0.000000,29.912863,1.125501,1.409091,0.560324,0.205581,0.693789,18.439089,23.204015,0.873074,13.248684,0.498495,3.412510,0.128399,49.170666,130.645396,138.273706,123.017086,15.256620,0.889664
IC_small_3_278um_cells,490,176,158,0,-1,0.637897,631.000000,491.500000,770.500000,279.000000,0.808113,99.657089,89.080921,110.233257,21.152336,0.932331,1.147321,1.107143,1.187500,0.080357,0.976802,0.787572,0.778330,0.796815,0.018484,1.000000,1.000000,1.000000,1.000000,0.000000,0.833333,5.500000,5.000000,6.000000,1.000000,30.696021,1.229619,1.096154,0.584001,0.154120,0.691507,17.262677,24.173754,0.968351,13.937812,0.558320,4.299114,0.172214,59.178203,140.640688,149.503742,131.777634,17.726108,0.881434
IC_small_3_278um_cells,491,176,156,0,-1,0.889723,818.250000,770.500000,866.000000,95.500000,0.928134,114.500946,110.233257,118.768635,8.535379,0.863636,1.281250,1.187500,1.375000,0.187500,0.968204,0.784147,0.771479,0.796815,0.025335,1.000000,1.000000,1.000000,1.000000,0.000000,0.857143,6.500000,6.000000,7.000000,1.000000,29.109302,1.018061,1.319149,0.463834,0.321418,0.322442,9.219544,25.865607,0.904617,14.554043,0.509009,0.985886,0.034480,58.318964,74.255323,77.751492,70.759153,6.992338,0.910068
IC_small_3_278um_cells,492,175,171,0,-1,0.631399,717.000000,555.000000,879.000000,324.000000,0.854871,110.588757,101.936029,119.241485,17.305456,0.928223,1.068340,1.028571,1.108108,0.079537,0.863980,0.724028,0.671193,0.776862,0.105669,1.000000,1.000000,1.000000,1.000000,0.000000,0.666667,5.000000,4.000000,6.000000,2.000000,18.400758,0.691675,1.065217,0.859956,0.026499,1.436292,38.209946,16.395893,0.616313,9.170053,0.344698,3.379272,0.127025,8.802578,168.663984,172.583086,164.744881,7.838205,0.954583
IC_small_3_278um_cells,493,175,155,0,-1,0.734357,762.250000,645.500000,879.000000,233.500000,0.839005,109.642826,100.044168,119.241485,19.197317,0.868517,1.191985,1.108108,1.275862,0.167754,0.958565,0.793653,0.776862,0.810443,0.033581,1.000000,1.000000,1.000000,1.000000,0.000000,0.750000,7.000000,6.000000,8.000000,2.000000,35.009731,1.271818,1.636364,0.507836,0.255166,0.455183,12.529964,27.070444,0.983403,17.211863,0.625265,7.828519,0.284391,81.539008,105.329259,127.510047,83.148470,44.361578,0.652093
IC_small_3_278um_cells,494,174,173,0,-1,0.684086,1418.000000,1152.000000,1684.000000,532.000000,0.824617,143.448199,129.659929,157.236470,27.576541,0.934888,1.098180,1.061224,1.135135,0.073911,0.994019,0.858519,0.855944,0.861094,0.005150,1.000000,1.000000,1.000000,1.000000,0.000000,1.000000,6.000000,6.000000,6.000000,0.000000,43.324995,1.155677,1.880000,0.575279,0.160966,0.506817,19.000000,33.045835,0.881484,21.197056,0.565423,4.783615,0.127601,70.975164,106.014244,117.398819,94.629669,22.769150,0.806053
IC_small_3_278um_cells,495,174,162,0,-1,0.613124,1358.250000,1032.500000,1684.000000,651.500000,0.844720,145.028656,132.820842,157.236470,24.415628,0.880591,1.133176,1.061224,1.205128,0.143904,0.859255,0.795709,0.735474,0.855944,0.120470,1.000000,1.000000,1.000000,1.000000,0.000000,0.833333,5.500000,5.000000,6.000000,1.000000,30.145883,0.824006,1.081967,0.810673,0.063501,1.159681,42.426407,27.163363,0.742482,15.058495,0.411608,7.173192,0.196072,70.476574,152.893407,178.102340,127.684475,50.417865,0.716916
IC_small_3_278um_cells,496,174,151,0,-1,0.807007,1521.500000,1359.000000,1684.000000,325.000000,0.872129,147.183455,137.130440,157.236470,20.106030,0.942308,1.030612,1.000000,1.061224,0.061224,0.942505,0.882051,0.855944,0.908158,0.052214,1.000000,1.000000,1.000000,1.000000,0.000000,0.857143,6.500000,6.000000,7.000000,1.000000,42.848513,1.100073,1.185714,0.631712,0.172363,0.620429,24.166092,31.286726,0.803241,21.423547,0.550019,4.842931,0.124335,89.025228,124.958353,128.157227,121.759480,6.397747,0.950079
IC_small_3_278um_cells,497,173,163,0,-1,0.703511,1394.750000,1152.000000,1637.500000,485.500000,0.836695,142.313338,129.659929,154.966747,25.306818,0.898931,1.077772,1.020408,1.135135,0.114727,0.995092,0.858981,0.856868,0.861094,0.004226,1.000000,1.000000,1.000000,1.000000,0.000000,0.750000,7.000000,6.000000,8.000000,2.000000,47.073695,1.265300,1.803922,0.500575,0.288044,0.268791,10.000000,34.953751,0.939527,23.101467,0.620947,5.509709,0.148096,80.227298,96.911606,97.253195,96.570017,0.683177,0.992975
IC_small_3_278um_cells,498,173,159,0,-1,0.554688,895.500000,639.000000,1152.000000,513.000000,0.784282,115.674930,101.689930,129.659929,27.969999,0.920380,1.184234,1.135135,1.233333,0.098198,0.901787,0.818809,0.776524,0.861094,0.084571,1.000000,1.000000,1.000000,1.000000,0.000000,0.833333,5.500000,5.000000,6.000000,1.000000,28.324108,0.956579,1.156863,0.751046,0.048018,0.983473,29.120440,21.855347,0.738112,13.789576,0.465710,6.101181,0.206053,61.147274,154.460563,156.801409,152.119716,4.681694,0.970143
IC_small_3_278um_cells,499,173,151,0,-1,0.847682,1255.500000,1152.000000,1359.000000,207.000000,0.945523,133.395185,129.659929,137.130440,7.470511,0.880952,1.067568,1.000000,1.135135,0.135135,0.948177,0.884626,0.861094,0.908158,0.047064,1.000000,1.000000,1.000000,1.000000,0.000000,0.857143,6.500000,6.000000,7.000000,1.000000,39.207174,1.107457,1.029412,0.590406,0.203505,0.502911,17.804494,29.611685,0.836420,19.597538,0.553558,2.793569,0.078908,81.887940,98.213431,114.443955,81.982907,32.461048,0.716359
IC_small_3_278um_cells,500,172,160,0,-1,0.757962,621.000000,535.500000,706.500000,171.000000,0.861156,99.100113,91.707156,106.493070,14.785914,0.769231,1.277778,1.111111,1.444444,0.333333,0.978400,0.791493,0.782851,0.800134,0.017283,1.000000,1.000000,1.000000,1.000000,0.000000,0.833333,5.500000,5.000000,6.000000,1.000000,27.392631,1.101855,1.234043,0.491490,0.333333,0.402245,10.000000,22.995825,0.924996,13.695633,0.550900,2.527483,0.101667,88.810079,94.187662,94.445149,93.930176,0.514973,0.994547
IC_small_3_278um_cells,501,172,156,0,-1,0.618360,700.750000,535.500000,866.000000,330.500000,0.772150,105.237896,91.707156,118.768635,27.061479,0.808081,1.243056,1.111111,1.375000,0.263889,0.964187,0.785807,0.771479,0.800134,0.028655,1.000000,1.000000,1.000000,1.000000,0.000000,0.714286,6.000000,5.000000,7.000000,2.000000,29.274030,1.113743,1.140000,0.629219,0.091687,0.821288,21.587033,22.811028,0.867855,13.741941,0.522818,4.527593,0.172254,65.401926,140.381119,152.592425,128.169814,24.422611,0.839949
IC_small_3_278um_cells,502,171,155,0,-1,0.859799,600.250000,555.000000,645.500000,90.500000,0.981441,100.990098,100.044168,101.936029,1.891861,0.806178,1.152217,1.028571,1.275862,0.247291,0.828180,0.740818,0.671193,0.810443,0.139250,1.000000,1.000000,1.000000,1.000000,0.000000,0.500000,6.000000,4.000000,8.000000,4.000000,29.763457,1.215700,1.113208,0.493858,0.299875,0.555557,13.601471,22.134865,0.904107,14.586049,0.595773,2.074779,0.084745,79.908286,115.569171,126.869898,104.268444,22.601454,0.821853
IC_small_3_278um_cells,503,170,164,0,-1,0.563048,579.500000,417.500000,741.500000,324.000000,0.735214,97.219330,82.384084,112.054576,29.670492,0.982863,1.229375,1.218750,1.240000,0.021250,0.960024,0.757550,0.742099,0.773000,0.030901,1.000000,1.000000,1.000000,1.000000,0.000000,0.714286,6.000000,5.000000,7.000000,2.000000,18.954175,0.795336,1.324324,0.692315,0.126402,1.036360,24.698178,15.648086,0.656609,8.762240,0.367672,3.172241,0.133110,10.757634,116.784571,135.000000,98.569142,36.430858,0.730142
IC_small_3_278um_cells,504,170,160,0,-1,0.952798,724.000000,706.500000,741.500000,35.000000,0.950368,109.273823,106.493070,112.054576,5.561506,0.843750,1.331597,1.218750,1.444444,0.225694,0.947944,0.762475,0.742099,0.782851,0.040752,1.000000,1.000000,1.000000,1.000000,0.000000,0.857143,6.500000,6.000000,7.000000,1.000000,38.875670,1.444908,1.785714,0.484429,0.190262,0.459736,12.369317,28.478627,1.058477,19.309930,0.717700,0.241754,0.008985,81.500740,112.704378,142.661951,82.746805,59.915146,0.580020
IC_small_3_278um_cells,505,170,152,0,-1,0.717465,636.750000,532.000000,741.500000,209.500000,0.841022,103.147461,94.240346,112.054576,17.814229,0.848806,1.126616,1.034483,1.218750,0.184267,0.985857,0.747422,0.742099,0.752745,0.010646,1.000000,1.000000,1.000000,1.000000,0.000000,0.714286,6.000000,5.000000,7.000000,2.000000,39.352372,1.564843,1.105263,0.418607,0.440911,0.214140,5.385165,28.034277,1.114780,18.563723,0.738184,5.232594,0.208074,65.721285,114.041379,123.064397,105.018361,18.046037,0.853361
IC_small_3_278um_cells,506,170,147,0,-1,0.763992,654.000000,566.500000,741.500000,175.000000,0.853725,103.859208,95.663840,112.054576,16.390736,0.769737,1.401042,1.218750,1.583333,0.364583,0.953998,0.759991,0.742099,0.777883,0.035784,1.000000,1.000000,1.000000,1.000000,0.000000,0.857143,6.500000,6.000000,7.000000,1.000000,30.250833,1.185569,1.615385,0.517675,0.196483,0.578652,14.764823,22.888053,0.897012,12.763626,0.500223,0.409262,0.016040,39.509578,119.162266,153.434949,84.889582,68.545366,0.553261
IC_small_3_278um_cells,507,169,168,0,-1,0.479643,663.250000,430.000000,896.500000,466.500000,0.684859,99.074904,80.543616,117.606192,37.062576,0.868571,1.167857,1.085714,1.250000,0.164286,0.977876,0.823730,0.814516,0.832945,0.018428,1.000000,1.000000,1.000000,1.000000,0.000000,0.857143,6.500000,6.000000,7.000000,1.000000,31.586131,1.246541,1.800000,0.518614,0.253675,0.372310,9.433981,24.488377,0.966429,14.859694,0.586435,6.558309,0.258822,73.570762,112.749975,126.253838,99.246113,27.007725,0.786084
IC_small_3_278um_cells,508,169,167,0,-1,0.719465,770.750000,645.000000,896.500000,251.500000,0.891257,111.211760,104.817328,117.606192,12.788864,0.821622,1.203571,1.085714,1.321429,0.235714,0.905740,0.776128,0.737740,0.814516,0.076776,1.000000,1.000000,1.000000,1.000000,0.000000,0.857143,6.500000,6.000000,7.000000,1.000000,23.142757,0.836408,1.567568,0.832214,0.008758,1.262359,34.928498,17.859136,0.645451,11.375752,0.411134,4.110735,0.148567,58.359534,166.114254,179.483836,152.744672,26.739164,0.851022
IC_small_3_278um_cells,509,169,157,0,-1,0.604573,719.250000,542.000000,896.500000,354.500000,0.762825,103.659584,89.712975,117.606192,27.893217,0.950000,1.114286,1.085714,1.142857,0.057143,0.962501,0.830383,0.814516,0.846250,0.031734,1.000000,1.000000,1.000000,1.000000,0.000000,0.714286,6.000000,5.000000,7.000000,2.000000,26.831626,1.008281,1.040816,0.632099,0.134515,0.717928,19.104973,22.288237,0.837549,13.384120,0.502950,4.459874,0.167594,83.945134,104.373829,112.878058,95.869600,17.008458,0.849320
IC_small_3_278um_cells,510,169,149,0,-1,0.703848,763.750000,631.000000,896.500000,265.500000,0.831917,107.722390,97.838589,117.606192,19.767603,0.874603,1.163547,1.085714,1.241379,0.155665,0.983288,0.821438,0.814516,0.828360,0.013843,1.000000,1.000000,1.000000,1.000000,0.000000,0.857143,6.500000,6.000000,7.000000,1.000000,31.851223,1.156936,1.340426,0.513434,0.320458,0.401202,11.045361,25.195632,0.915184,15.054131,0.546813,6.027784,0.218948,78.815310,93.638245,104.806417,82.470073,22.336343,0.786880
IC_small_3_278um_cells,511,168,157,0,-1,0.793358,486.000000,430.000000,542.000000,112.000000,0.897792,85.128296,80.543616,89.712975,9.169359,0.914286,1.196429,1.142857,1.250000,0.107143,0.984277,0.839597,0.832945,0.846250,0.013305,1.000000,1.000000,1.000000,1.000000,0.000000,0.833333,5.500000,5.000000,6.000000,1.000000,20.919220,0.950499,1.157895,0.786130,0.031379,1.036115,22.803509,18.739373,0.851454,10.419840,0.473443,2.193126,0.099648,86.625416,171.220109,177.555932,164.884287,12.671645,0.928633
IC_small_3_278um_cells,512,167,158,0,-1,0.762016,568.250000,491.500000,645.000000,153.500000,0.849868,96.949124,89.080921,104.817328,15.736407,0.837838,1.214286,1.107143,1.321429,0.214286,0.947850,0.758035,0.737740,0.778330,0.040590,1.000000,1.000000,1.000000,1.000000,0.000000,0.833333,5.500000,5.000000,6.000000,1.000000,20.802037,0.874648,1.219512,0.611198,0.180818,0.862717,20.518285,18.376928,0.772681,10.099794,0.424659,1.752453,0.073684,44.894899,109.090893,130.702613,87.479172,43.223441,0.669299
IC_small_3_278um_cells,513,167,149,0,-1,0.978295,638.000000,631.000000,645.000000,14.000000,0.933420,101.327958,97.838589,104.817328,6.978739,0.939422,1.281404,1.241379,1.321429,0.080049,0.890604,0.783050,0.737740,0.828360,0.090619,1.000000,1.000000,1.000000,1.000000,0.000000,1.000000,6.000000,6.000000,6.000000,0.000000,33.621397,1.331104,1.361702,0.481136,0.245690,0.397884,10.049876,25.651102,1.015552,15.664103,0.620157,4.138463,0.163846,69.303713,100.014502,101.982914,98.046091,3.936823,0.961397
IC_small_3_278um_cells,514,166,153,0,-1,0.438142,874.750000,533.000000,1216.500000,683.500000,0.707347,114.286540,94.696898,133.876182,39.179283,0.886667,1.241228,1.166667,1.315789,0.149123,0.875690,0.799920,0.746905,0.852934,0.106028,1.000000,1.000000,1.000000,1.000000,0.000000,0.571429,5.500000,4.000000,7.000000,3.000000,25.797675,0.890110,1.075472,0.773961,0.070877,1.035680,30.016662,21.619625,0.745952,12.739782,0.439567,7.454261,0.257198,61.841156,154.468044,162.412367,146.523722,15.888646,0.902171
IC_small_3_278um_cells,515,166,150,0,-1,0.335537,1060.750000,533.000000,1588.500000,1055.500000,0.629471,122.567936,94.696898,150.438974,55.742076,0.910714,1.114583,1.062500,1.166667,0.104167,0.846816,0.814461,0.746905,0.882016,0.135110,1.000000,1.000000,1.000000,1.000000,0.000000,0.571429,5.500000,4.000000,7.000000,3.000000,30.167367,0.958565,1.016667,0.724078,0.107471,0.846072,26.627054,24.948271,0.792729,14.817381,0.470821,11.400369,0.362245,60.725049,126.122771,133.319116,118.926426,14.392691,0.892043
IC_small_3_278um_cells,516,165,164,0,-1,0.688376,512.000000,417.500000,606.500000,189.000000,0.850203,89.641679,82.384084,96.899274,14.515190,0.831653,1.135625,1.031250,1.240000,0.208750,0.952314,0.792354,0.773000,0.811708,0.038707,1.000000,1.000000,1.000000,1.000000,0.000000,1.000000,5.000000,5.000000,5.000000,0.000000,29.851570,1.324969,1.848485,0.500715,0.312012,0.421075,9.486833,23.707525,1.052264,14.686686,0.651872,3.775381,0.167571,88.186978,121.138808,124.380345,117.897271,6.483074,0.947877
IC_small_3_278um_cells,517,165,148,0,-1,0.921033,632.500000,606.500000,658.500000,52.000000,0.940166,99.982718,96.899274,103.066161,6.166888,0.653963,1.304087,1.031250,1.576923,0.545673,0.959696,0.795350,0.778993,0.811708,0.032715,1.000000,1.000000,1.000000,1.000000,0.000000,0.833333,5.500000,5.000000,6.000000,1.000000,26.076903,1.037093,1.234043,0.597668,0.199605,0.733333,18.439089,21.925452,0.871987,12.782462,0.508365,0.523734,0.020829,59.004116,118.105625,133.090848,103.120403,29.970444,0.774812
IC_small_3_278um_cells,518,164,147,0,-1,0.736981,492.000000,417.500000,566.500000,149.000000,0.861183,89.023962,82.384084,95.663840,13.279756,0.783158,1.411667,1.240000,1.583333,0.343333,0.993723,0.775442,0.773000,0.777883,0.004882,1.000000,1.000000,1.000000,1.000000,0.000000,0.833333,5.500000,5.000000,6.000000,1.000000,27.820756,1.257888,1.108696,0.564157,0.217988,0.678210,15.000000,25.709528,1.162431,13.849813,0.626206,2.723916,0.123159,79.044831,160.290379,176.541276,144.039483,32.501793,0.815897
IC_small_3_278um_cells,519,163,159,0,-1,0.390229,1138.250000,639.000000,1637.500000,998.500000,0.656205,128.328338,101.689930,154.966747,53.276816,0.827358,1.126871,1.020408,1.233333,0.212925,0.906235,0.816696,0.776524,0.856868,0.080345,1.000000,1.000000,1.000000,1.000000,0.000000,0.625000,6.500000,5.000000,8.000000,3.000000,36.025131,1.095913,1.368421,0.642790,0.092027,0.695034,22.847319,27.647447,0.841058,17.993130,0.547365,13.040424,0.396700,82.965613,119.779739,133.614082,105.945396,27.668686,0.792921
IC_small_3_278um_cells,520,163,150,0,-1,0.970076,1613.000000,1588.500000,1637.500000,49.000000,0.970782,152.702860,150.438974,154.966747,4.527772,0.960384,1.041454,1.020408,1.062500,0.042092,0.971489,0.869442,0.856868,0.882016,0.025147,1.000000,1.000000,1.000000,1.000000,0.000000,0.875000,7.500000,7.000000,8.000000,1.000000,39.654336,0.987384,1.169014,0.663960,0.143056,0.725947,29.154759,31.271616,0.778656,19.824631,0.493629,0.628837,0.015658,88.938307,112.500000,125.537678,99.462322,26.075356,0.792291
IC_small_3_278um_cells,521,163,140,0,-1,0.528244,1251.250000,865.000000,1637.500000,772.500000,0.804823,139.843782,124.720817,154.966747,30.245930,0.643301,1.303308,1.020408,1.586207,0.565799,0.815519,0.777830,0.698792,0.856868,0.158076,1.000000,1.000000,1.000000,1.000000,0.000000,0.625000,6.500000,5.000000,8.000000,3.000000,45.319625,1.297127,1.784314,0.493303,0.287712,0.389298,13.601471,34.869490,0.998026,22.619670,0.647415,5.940720,0.170034,86.884417,112.500000,122.471192,102.528808,19.942385,0.837167
IC_small_3_278um_cells,522,163,133,0,-1,0.657405,1357.000000,1076.500000,1637.500000,561.000000,0.868046,144.742527,134.518307,154.966747,20.448440,0.558337,1.423997,1.020408,1.827586,0.807178,0.872463,0.802227,0.747586,0.856868,0.109283,1.000000,1.000000,1.000000,1.000000,0.000000,0.750000,7.000000,6.000000,8.000000,2.000000,48.564313,1.325516,1.980392,0.491542,0.255343,0.355871,13.038405,35.522730,0.969558,24.022894,0.655682,4.450568,0.121474,83.928592,103.880624,108.788622,98.972627,9.815995,0.909770
IC_small_3_278um_cells,523,162,151,0,-1,0.759750,1195.750000,1032.500000,1359.000000,326.500000,0.968573,134.975641,132.820842,137.130440,4.309599,0.829787,1.102564,1.000000,1.205128,0.205128,0.809852,0.821816,0.735474,0.908158,0.172684,1.000000,1.000000,1.000000,1.000000,0.000000,0.714286,6.000000,5.000000,7.000000,2.000000,41.392611,1.199835,1.234375,0.544077,0.283086,0.506231,17.464249,34.003706,0.985655,20.323609,0.589114,2.331516,0.067583,81.257946,119.375893,128.195740,110.556045,17.639695,0.862400
IC_small_3_278um_cells,524,161,153,0,-1,0.501850,913.500000,610.500000,1216.500000,606.000000,0.747476,116.972700,100.069218,133.876182,33.806964,0.969655,1.295826,1.275862,1.315789,0.039927,0.898213,0.809525,0.766116,0.852934,0.086818,1.000000,1.000000,1.000000,1.000000,0.000000,0.714286,6.000000,5.000000,7.000000,2.000000,28.644097,0.961427,1.169811,0.657453,0.113848,0.790016,23.537205,23.504074,0.788904,14.161636,0.475329,7.104522,0.238460,62.215724,101.833506,115.912755,87.754257,28.158498,0.757072
IC_small_3_278um_cells,525,161,142,0,-1,0.826116,674.750000,610.500000,739.000000,128.500000,0.909857,105.026318,100.069218,109.983419,9.914202,0.933558,1.321264,1.275862,1.366667,0.090805,0.997918,0.766915,0.766116,0.767715,0.001599,1.000000,1.000000,1.000000,1.000000,0.000000,0.714286,6.000000,5.000000,7.000000,2.000000,40.033030,1.542911,1.704545,0.455436,0.282697,0.329294,8.544004,30.287309,1.167302,20.016481,0.771454,3.293905,0.126950,89.273573,113.689922,121.266426,106.113418,15.153007,0.875044
IC_small_3_278um_cells,526,160,156,0,-1,0.815820,786.250000,706.500000,866.000000,159.500000,0.896643,112.630853,106.493070,118.768635,12.275565,0.951923,1.409722,1.375000,1.444444,0.069444,0.985473,0.777165,0.771479,0.782851,0.011372,1.000000,1.000000,1.000000,1.000000,0.000000,0.857143,6.500000,6.000000,7.000000,1.000000,39.114821,1.396760,2.189189,0.489450,0.145946,0.434421,12.165525,27.425897,0.979357,18.227446,0.650888,3.541661,0.126470,62.221431,119.946889,126.416379,113.477400,12.938979,0.897648
IC_small_3_278um_cells,527,160,152,0,-1,0.753008,619.250000,532.000000,706.500000,174.500000,0.884943,100.366708,94.240346,106.493070,12.252724,0.716180,1.239464,1.034483,1.444444,0.409962,0.961542,0.767798,0.752745,0.782851,0.030107,1.000000,1.000000,1.000000,1.000000,0.000000,0.833333,5.500000,5.000000,6.000000,1.000000,19.945190,0.803509,1.024390,0.805988,0.050061,1.244305,30.886890,17.001036,0.684902,9.934628,0.400225,1.430003,0.057609,39.868702,162.884541,172.234834,153.534248,18.700586,0.891424
IC_small_3_278um_cells,528,160,143,0,-1,0.827283,780.250000,706.500000,854.000000,147.500000,0.940147,109.882924,106.493070,113.272778,6.779708,0.748441,1.262763,1.081081,1.444444,0.363363,0.935972,0.809628,0.782851,0.836405,0.053554,1.000000,1.000000,1.000000,1.000000,0.000000,1.000000,6.000000,6.000000,6.000000,0.000000,30.882439,1.106831,1.092593,0.522299,0.247357,0.465922,13.000000,25.081893,0.898939,15.423008,0.552763,0.632679,0.022675,81.492212,104.283150,130.426079,78.140221,52.285858,0.599115
IC_small_3_278um_cells,529,159,151,0,-1,0.470199,999.000000,639.000000,1359.000000,720.000000,0.741556,119.410185,101.689930,137.130440,35.440510,0.810811,1.116667,1.000000,1.233333,0.233333,0.855053,0.842341,0.776524,0.908158,0.131634,1.000000,1.000000,1.000000,1.000000,0.000000,0.714286,6.000000,5.000000,7.000000,2.000000,39.147430,1.259913,1.750000,0.522915,0.240490,0.316974,9.848858,31.159863,1.002843,19.087875,0.614320,9.747620,0.313715,71.382386,104.627571,125.897378,83.357765,42.539612,0.662109
IC_small_3_278um_cells,530,159,136,0,-1,0.433956,1055.750000,639.000000,1472.500000,833.500000,0.678844,125.744284,101.689930,149.798638,48.108707,0.845062,1.346396,1.233333,1.459459,0.226126,0.941684,0.800568,0.776524,0.824612,0.048088,1.000000,1.000000,1.000000,1.000000,0.000000,0.833333,5.500000,5.000000,6.000000,1.000000,33.106257,1.040233,1.731707,0.672399,0.128345,0.830134,26.419690,27.622489,0.867927,15.862551,0.498418,11.851805,0.372396,59.373239,127.591545,133.203857,121.979233,11.224624,0.915733
IC_small_3_278um_cells,531,159,133,0,-1,0.593590,857.750000,639.000000,1076.500000,437.500000,0.755956,118.104118,101.689930,134.518307,32.828376,0.674843,1.530460,1.233333,1.827586,0.594253,0.962734,0.762055,0.747586,0.776524,0.028938,1.000000,1.000000,1.000000,1.000000,0.000000,0.833333,5.500000,5.000000,6.000000,1.000000,38.293035,1.318438,1.321429,0.492105,0.282133,0.463211,13.453624,31.746714,1.093046,18.975146,0.653318,7.606702,0.261900,80.431770,123.540582,129.483869,117.597296,11.886573,0.908200
IC_small_3_278um_cells,532,158,156,0,-1,0.567552,678.750000,491.500000,866.000000,374.500000,0.750037,103.924778,89.080921,118.768635,29.687715,0.805195,1.241071,1.107143,1.375000,0.267857,0.991198,0.774905,0.771479,0.778330,0.006851,1.000000,1.000000,1.000000,1.000000,0.000000,0.714286,6.000000,5.000000,7.000000,2.000000,24.279751,0.941118,1.848485,0.752708,0.034254,1.110635,28.653098,18.742051,0.726469,11.270151,0.436847,5.403371,0.209442,50.237648,157.178443,157.463212,156.893673,0.569539,0.996383
IC_small_3_278um_cells,533,158,149,0,-1,0.778922,561.250000,491.500000,631.000000,139.500000,0.910489,93.459755,89.080921,97.838589,8.757668,0.891865,1.174261,1.107143,1.241379,0.134236,0.939605,0.803345,0.778330,0.828360,0.050029,1.000000,1.000000,1.000000,1.000000,0.000000,0.833333,5.500000,5.000000,6.000000,1.000000,29.601732,1.251936,1.428571,0.534140,0.256125,0.516248,12.206556,21.882891,0.925486,14.567958,0.616118,2.956922,0.125056,80.357951,125.812117,127.314473,124.309762,3.004711,0.976399
IC_small_3_278um_cells,534,158,146,0,-1,0.863038,530.500000,491.500000,569.500000,78.000000,0.935815,92.135808,89.080921,95.190695,6.109775,0.777992,1.265110,1.107143,1.423077,0.315934,0.985484,0.784063,0.778330,0.789795,0.011465,1.000000,1.000000,1.000000,1.000000,0.000000,0.833333,5.500000,5.000000,6.000000,1.000000,27.735994,1.205022,1.133333,0.499423,0.258718,0.453591,10.440307,21.929560,0.952755,13.812576,0.600103,1.117945,0.048570,71.655857,97.277859,100.556745,93.998974,6.557771,0.934785
IC_small_3_278um_cells,535,157,149,0,-1,0.858954,586.500000,542.000000,631.000000,89.000000,0.916949,93.775782,89.712975,97.838589,8.125613,0.920635,1.192118,1.142857,1.241379,0.098522,0.978859,0.837305,0.828360,0.846250,0.017890,1.000000,1.000000,1.000000,1.000000,0.000000,0.833333,5.500000,5.000000,6.000000,1.000000,26.472290,1.093883,1.428571,0.625172,0.181586,0.702471,17.000000,20.427349,0.844095,13.169587,0.544191,1.829656,0.075605,72.274648,139.645230,142.315525,136.974934,5.340591,0.962474
IC_small_3_278um_cells,536,156,146,0,-1,0.657621,717.750000,569.500000,866.000000,296.500000,0.801480,106.979665,95.190695,118.768635,23.577940,0.966216,1.399038,1.375000,1.423077,0.048077,0.976809,0.780637,0.771479,0.789795,0.018316,1.000000,1.000000,1.000000,1.000000,0.000000,0.857143,6.500000,6.000000,7.000000,1.000000,41.153437,1.544449,1.500000,0.458561,0.223964,0.293111,7.810250,30.000075,1.125874,19.814623,0.743624,7.576459,0.284337,74.077335,122.682438,142.815294,102.549582,40.265711,0.718057
IC_small_3_278um_cells,537,156,143,0,-1,0.986143,860.000000,854.000000,866.000000,12.000000,0.953726,116.020707,113.272778,118.768635,5.495857,0.786241,1.228041,1.081081,1.375000,0.293919,0.922375,0.803942,0.771479,0.836405,0.064926,1.000000,1.000000,1.000000,1.000000,0.000000,0.857143,6.500000,6.000000,7.000000,1.000000,31.824048,1.085198,1.240741,0.556622,0.265988,0.596505,17.492856,25.197221,0.859223,14.877074,0.507307,3.043319,0.103777,67.905494,104.237939,105.318336,103.157543,2.160793,0.979483
IC_small_3_278um_cells,538,156,130,0,-1,0.572751,1189.000000,866.000000,1512.000000,646.000000,0.802720,133.363143,118.768635,147.957650,29.189015,0.757576,1.208333,1.041667,1.375000,0.333333,0.888868,0.819707,0.771479,0.867934,0.096455,1.000000,1.000000,1.000000,1.000000,0.000000,0.857143,6.500000,6.000000,7.000000,1.000000,35.399660,1.036406,1.480000,0.600668,0.173886,0.639426,21.840330,27.617590,0.808568,16.775527,0.491142,9.651091,0.282558,70.657531,91.317849,92.935673,89.700025,3.235649,0.965184
IC_small_3_278um_cells,539,155,148,0,-1,0.980258,652.000000,645.500000,658.500000,13.000000,0.970679,101.555165,100.044168,103.066161,3.021994,0.809083,1.426393,1.275862,1.576923,0.301061,0.961194,0.794718,0.778993,0.810443,0.031450,1.000000,1.000000,1.000000,1.000000,0.000000,0.750000,7.000000,6.000000,8.000000,2.000000,21.772410,0.852684,1.066667,0.699002,0.115414,0.979088,25.000000,17.804784,0.697298,10.886205,0.426342,0.764080,0.029924,54.425062,121.641528,158.385221,84.897835,73.487386,0.536021
IC_small_3_278um_cells,540,155,145,0,-1,0.859024,600.000000,554.500000,645.500000,91.000000,0.967838,98.435362,96.826557,100.044168,3.217611,0.808277,1.153556,1.031250,1.275862,0.244612,0.917064,0.776836,0.743229,0.810443,0.067215,1.000000,1.000000,1.000000,1.000000,0.000000,0.625000,6.500000,5.000000,8.000000,3.000000,32.412215,1.324177,1.018519,0.507021,0.190000,0.498690,12.206556,23.649693,0.966190,16.100404,0.657770,0.635292,0.025954,76.965528,109.118846,124.215702,94.021990,30.193712,0.756925
IC_small_3_278um_cells,541,155,144,0,-1,0.610380,519.750000,394.000000,645.500000,251.500000,0.782773,89.178038,78.311908,100.044168,21.732260,0.914414,1.221264,1.166667,1.275862,0.109195,0.996157,0.808886,0.807329,0.810443,0.003114,1.000000,1.000000,1.000000,1.000000,0.000000,0.750000,7.000000,6.000000,8.000000,2.000000,28.062201,1.240150,1.473684,0.548852,0.302549,0.532153,12.041595,22.554363,0.996743,12.794058,0.565407,2.981662,0.131768,57.045126,133.119019,145.762537,120.475500,25.287037,0.826519
IC_small_3_278um_cells,542,155,135,0,-1,0.928777,670.250000,645.500000,695.000000,49.500000,0.960565,102.097773,100.044168,104.151378,4.107210,0.926290,1.228840,1.181818,1.275862,0.094044,0.993441,0.807785,0.805127,0.810443,0.005316,1.000000,1.000000,1.000000,1.000000,0.000000,0.625000,6.500000,5.000000,8.000000,3.000000,35.546631,1.373264,1.731707,0.481766,0.311078,0.332332,8.602325,25.213007,0.974048,16.739186,0.646681,1.289044,0.049799,71.223510,111.794957,118.141601,105.448312,12.693289,0.892559
IC_small_3_278um_cells,543,153,150,0,-1,0.765817,1402.500000,1216.500000,1588.500000,372.000000,0.889904,142.157578,133.876182,150.438974,16.562792,0.807500,1.189145,1.062500,1.315789,0.253289,0.967028,0.867475,0.852934,0.882016,0.029082,1.000000,1.000000,1.000000,1.000000,0.000000,1.000000,7.000000,7.000000,7.000000,0.000000,41.674014,1.115257,1.537037,0.507922,0.250802,0.279398,10.440307,33.359562,0.892750,20.804251,0.556752,3.454310,0.092442,84.078451,83.257425,102.246333,64.268516,37.977817,0.628565
IC_small_3_278um_cells,544,153,142,0,-1,0.607480,977.750000,739.000000,1216.500000,477.500000,0.821531,121.929801,109.983419,133.876182,23.892763,0.962773,1.341228,1.315789,1.366667,0.050877,0.900087,0.810324,0.767715,0.852934,0.085219,1.000000,1.000000,1.000000,1.000000,0.000000,1.000000,7.000000,7.000000,7.000000,0.000000,30.158106,0.971856,1.500000,0.690213,0.106367,0.888976,27.586228,22.835773,0.735891,14.303510,0.460936,6.601950,0.212750,54.039163,127.647351,132.473883,122.820819,9.653064,0.927132
IC_small_3_278um_cells,545,153,139,0,-1,0.570489,955.250000,694.000000,1216.500000,522.500000,0.759241,117.760233,101.644284,133.876182,32.231898,0.855000,1.220395,1.125000,1.315789,0.190789,0.989665,0.848526,0.844118,0.852934,0.008815,1.000000,1.000000,1.000000,1.000000,0.000000,0.857143,6.500000,6.000000,7.000000,1.000000,34.744302,1.135022,1.450980,0.617982,0.135567,0.627529,19.209373,27.790782,0.907866,16.865949,0.550975,8.713714,0.284658,68.422199,121.055870,129.717124,112.394615,17.322510,0.866459
IC_small_3_278um_cells,546,152,147,0,-1,0.939100,549.250000,532.000000,566.500000,34.500000,0.985120,94.952093,94.240346,95.663840,1.423494,0.653358,1.308908,1.034483,1.583333,0.548851,0.967684,0.765314,0.752745,0.777883,0.025138,1.000000,1.000000,1.000000,1.000000,0.000000,0.833333,5.500000,5.000000,6.000000,1.000000,19.982692,0.852752,1.342105,0.687129,0.084661,1.027738,24.083189,15.503712,0.661613,9.937353,0.424072,0.200388,0.008551,34.656885,110.770027,138.039400,83.500654,54.538746,0.604904
IC_small_3_278um_cells,547,152,143,0,-1,0.622951,693.000000,532.000000,854.000000,322.000000,0.831977,103.756562,94.240346,113.272778,19.032432,0.956897,1.057782,1.034483,1.081081,0.046598,0.899976,0.794575,0.752745,0.836405,0.083660,1.000000,1.000000,1.000000,1.000000,0.000000,0.833333,5.500000,5.000000,6.000000,1.000000,26.943653,1.030579,1.191489,0.618465,0.180375,0.759229,19.849433,22.763053,0.870673,12.952425,0.495422,3.735415,0.142877,80.070973,130.284187,132.242843,128.325531,3.917312,0.970378
IC_small_3_278um_cells,548,152,137,0,-1,0.877164,569.250000,532.000000,606.500000,74.500000,0.990838,94.676076,94.240346,95.111805,0.871459,0.882353,1.103448,1.034483,1.172414,0.137931,0.893462,0.797624,0.752745,0.842504,0.089759,1.000000,1.000000,1.000000,1.000000,0.000000,0.833333,5.500000,5.000000,6.000000,1.000000,25.515598,1.070008,1.611111,0.550019,0.253404,0.588592,14.035669,21.859057,0.916669,12.756676,0.534957,0.530457,0.022245,73.009876,112.019866,123.111342,100.928390,22.182952,0.819814
IC_small_3_278um_cells,549,151,138,0,-1,0.467255,997.000000,635.000000,1359.000000,724.000000,0.739815,119.290785,101.451130,137.130440,35.679311,0.903226,1.053571,1.000000,1.107143,0.107143,0.853706,0.841729,0.775300,0.908158,0.132858,1.000000,1.000000,1.000000,1.000000,0.000000,0.714286,6.000000,5.000000,7.000000,2.000000,31.235008,1.006545,1.590909,0.759007,0.064945,0.916570,28.442925,26.659738,0.859107,15.573808,0.501864,8.580293,0.276499,85.176310,165.809523,174.452700,157.166346,17.286355,0.900911
IC_small_3_278um_cells,550,151,136,0,-1,0.922920,1415.750000,1359.000000,1472.500000,113.500000,0.915432,143.464539,137.130440,149.798638,12.668197,0.685185,1.229730,1.000000,1.459459,0.459459,0.908004,0.866385,0.824612,0.908158,0.083547,1.000000,1.000000,1.000000,1.000000,0.000000,0.857143,6.500000,6.000000,7.000000,1.000000,41.275790,1.097209,1.013699,0.589418,0.170758,0.548010,20.615528,31.706639,0.842838,19.800534,0.526345,0.724412,0.019257,67.118490,111.656853,143.438378,79.875328,63.563050,0.556862
IC_small_3_278um_cells,551,150,140,0,-1,0.544539,1226.750000,865.000000,1588.500000,723.500000,0.829046,137.579896,124.720817,150.438974,25.718158,0.669837,1.324353,1.062500,1.586207,0.523707,0.792267,0.790404,0.698792,0.882016,0.183224,1.000000,1.000000,1.000000,1.000000,0.000000,0.714286,6.000000,5.000000,7.000000,2.000000,32.551019,0.939873,1.163934,0.654619,0.137355,0.839330,29.068884,27.811230,0.803017,15.424250,0.445357,9.227437,0.266431,45.519804,113.209728,138.066486,88.352971,49.713514,0.639931
IC_small_3_278um_cells,552,150,139,0,-1,0.436890,1141.250000,694.000000,1588.500000,894.500000,0.675651,126.041629,101.644284,150.438974,48.794690,0.944444,1.093750,1.062500,1.125000,0.062500,0.957033,0.863067,0.844118,0.882016,0.037897,1.000000,1.000000,1.000000,1.000000,0.000000,0.857143,6.500000,6.000000,7.000000,1.000000,37.620640,1.136577,1.109375,0.645155,0.116539,0.622827,20.615528,28.632103,0.865020,18.696489,0.564850,10.772715,0.325460,87.863234,130.447474,145.359052,115.535896,29.823156,0.794831
IC_small_3_278um_cells,553,150,132,0,-1,0.372364,1090.000000,591.500000,1588.500000,997.000000,0.640345,123.385910,96.332846,150.438974,54.106128,0.965909,1.081250,1.062500,1.100000,0.037500,0.908112,0.841493,0.800969,0.882016,0.081047,1.000000,1.000000,1.000000,1.000000,0.000000,0.714286,6.000000,5.000000,7.000000,2.000000,35.899154,1.118759,1.687500,0.631369,0.121330,0.599450,19.235384,29.800692,0.928707,17.922050,0.558521,12.804503,0.399039,88.072845,129.319970,164.054604,94.585336,69.469268,0.576548
IC_small_3_278um_cells,554,149,146,0,-1,0.902536,600.250000,569.500000,631.000000,61.500000,0.972936,96.514642,95.190695,97.838589,2.647894,0.872321,1.332228,1.241379,1.423077,0.181698,0.953445,0.809077,0.789795,0.828360,0.038564,1.000000,1.000000,1.000000,1.000000,0.000000,1.000000,6.000000,6.000000,6.000000,0.000000,21.253878,0.867790,1.368421,0.780892,0.054144,1.103159,27.018512,17.403946,0.710598,10.387588,0.424122,1.573414,0.064242,68.941467,154.203199,166.715134,141.691264,25.023869,0.849900
IC_small_3_278um_cells,555,148,144,0,-1,0.598330,526.250000,394.000000,658.500000,264.500000,0.759822,90.689035,78.311908,103.066161,24.754253,0.739837,1.371795,1.166667,1.576923,0.410256,0.964901,0.793161,0.778993,0.807329,0.028336,1.000000,1.000000,1.000000,1.000000,0.000000,1.000000,6.000000,6.000000,6.000000,0.000000,22.167046,0.974147,1.529412,0.729083,0.071734,1.025923,23.345235,17.055898,0.749534,10.425660,0.458163,4.745940,0.208564,48.281480,151.598550,154.626665,148.570434,6.056231,0.960833
IC_small_3_278um_cells,556,148,131,0,-1,0.978455,665.750000,658.500000,673.000000,14.500000,0.869994,110.766939,103.066161,118.467717,15.401556,0.876614,1.479638,1.382353,1.576923,0.194570,0.773555,0.690793,0.602594,0.778993,0.176399,1.000000,1.000000,1.000000,1.000000,0.000000,1.000000,6.000000,6.000000,6.000000,0.000000,42.238081,1.637024,1.258621,0.370226,0.429215,0.173327,4.472136,33.411755,1.294941,21.527478,0.834342,1.066450,0.041332,82.020990,104.945782,105.161243,104.730321,0.430921,0.995902
IC_small_3_278um_cells,557,147,137,0,-1,0.934048,586.500000,566.500000,606.500000,40.000000,0.994229,95.387823,95.111805,95.663840,0.552035,0.740472,1.377874,1.172414,1.583333,0.410920,0.923299,0.810193,0.777883,0.842504,0.064621,1.000000,1.000000,1.000000,1.000000,0.000000,1.000000,6.000000,6.000000,6.000000,0.000000,31.391577,1.296410,1.224490,0.522436,0.178176,0.470870,11.401754,23.281900,0.961496,15.670064,0.647142,0.390888,0.016143,83.140654,120.989680,143.130102,98.849258,44.280844,0.690625
IC_small_3_278um_cells,558,147,129,0,-1,0.699815,688.000000,566.500000,809.500000,243.000000,0.869872,102.819206,95.663840,109.974573,14.310733,0.685714,1.334524,1.085714,1.583333,0.497619,0.924852,0.809486,0.777883,0.841089,0.063207,1.000000,1.000000,1.000000,1.000000,0.000000,0.857143,6.500000,6.000000,7.000000,1.000000,38.510192,1.473990,1.894737,0.427285,0.407340,0.085586,2.236068,29.276595,1.120571,19.145183,0.732788,4.324365,0.165517,65.152030,99.025601,101.309932,96.741271,4.568662,0.954904
IC_small_3_278um_cells,559,146,130,0,-1,0.376653,1040.750000,569.500000,1512.000000,942.500000,0.643364,121.574173,95.190695,147.957650,52.766955,0.731982,1.232372,1.041667,1.423077,0.381410,0.909971,0.828865,0.789795,0.867934,0.078139,1.000000,1.000000,1.000000,1.000000,0.000000,1.000000,6.000000,6.000000,6.000000,0.000000,35.143761,1.120144,1.500000,0.633811,0.180879,0.637464,20.000000,27.224579,0.867734,16.925153,0.539459,13.494835,0.430124,80.241512,125.427042,126.605050,124.249033,2.356017,0.981391
IC_small_3_278um_cells,560,145,135,0,-1,0.797842,624.750000,554.500000,695.000000,140.500000,0.929671,100.488968,96.826557,104.151378,7.324821,0.872596,1.106534,1.031250,1.181818,0.150568,0.923119,0.774178,0.743229,0.805127,0.061899,1.000000,1.000000,1.000000,1.000000,0.000000,1.000000,5.000000,5.000000,5.000000,0.000000,19.952733,0.799538,1.065217,0.786297,0.067627,1.195450,29.832868,16.627025,0.666271,9.975678,0.399741,2.627040,0.105270,23.653483,153.485371,160.529698,146.441044,14.088654,0.912236
IC_small_3_278um_cells,561,145,134,0,-1,0.556169,775.750000,554.500000,997.000000,442.500000,0.783162,110.230988,96.826557,123.635420,26.808863,0.767952,1.187054,1.031250,1.342857,0.311607,0.906783,0.781431,0.743229,0.819633,0.076404,1.000000,1.000000,1.000000,1.000000,0.000000,0.833333,5.500000,5.000000,6.000000,1.000000,32.578051,1.182010,1.274510,0.517201,0.292620,0.477221,13.152946,26.618155,0.965771,15.956699,0.578948,5.612493,0.203635,60.065827,113.087528,114.024818,112.150238,1.874580,0.983560
IC_small_3_278um_cells,562,145,121,0,-1,0.506624,824.500000,554.500000,1094.500000,540.000000,0.755821,112.467147,96.826557,128.107738,31.281181,0.939583,1.064405,1.031250,1.097561,0.066311,0.886845,0.790644,0.743229,0.838060,0.094831,1.000000,1.000000,1.000000,1.000000,0.000000,0.714286,6.000000,5.000000,7.000000,2.000000,35.398409,1.250141,1.744186,0.507184,0.314130,0.402668,11.401754,29.677612,1.048104,17.629020,0.622592,7.394776,0.261156,79.703007,116.551444,133.848481,99.254407,34.594074,0.741543
IC_small_3_278um_cells,563,144,135,0,-1,0.566906,544.500000,394.000000,695.000000,301.000000,0.751905,91.231643,78.311908,104.151378,25.839470,0.987179,1.174242,1.166667,1.181818,0.015152,0.997273,0.806228,0.805127,0.807329,0.002201,1.000000,1.000000,1.000000,1.000000,0.000000,0.833333,5.500000,5.000000,6.000000,1.000000,21.643842,0.936714,1.162791,0.678995,0.109275,0.876324,20.248457,16.656412,0.720865,10.807776,0.467745,5.519910,0.238894,85.526817,118.902849,141.709837,96.095862,45.613975,0.678117
IC_small_3_278um_cells,564,144,131,0,-1,0.585438,533.500000,394.000000,673.000000,279.000000,0.661040,98.389813,78.311908,118.467717,40.155809,0.843972,1.274510,1.166667,1.382353,0.215686,0.746405,0.704961,0.602594,0.807329,0.204735,1.000000,1.000000,1.000000,1.000000,0.000000,1.000000,6.000000,6.000000,6.000000,0.000000,35.829468,1.564890,1.346939,0.423609,0.282099,0.412039,9.433981,25.518638,1.114554,17.852230,0.779715,10.916273,0.476780,86.902501,104.364920,106.699244,102.030596,4.668648,0.956245
IC_small_3_278um_cells,565,144,126,0,-1,0.585874,533.250000,394.000000,672.500000,278.500000,0.687928,96.074613,78.311908,113.837318,35.525409,0.926641,1.123874,1.081081,1.166667,0.085586,0.807760,0.729728,0.652128,0.807329,0.155201,1.000000,1.000000,1.000000,1.000000,0.000000,1.000000,6.000000,6.000000,6.000000,0.000000,37.802644,1.651418,1.107143,0.397304,0.285982,0.185341,4.242641,27.999237,1.223154,18.834675,0.822798,11.531841,0.503771,88.257620,98.244066,105.524111,90.964021,14.560090,0.862021
IC_small_3_278um_cells,566,144,122,0,-1,0.474985,611.750000,394.000000,829.500000,435.500000,0.710438,94.271222,78.311908,110.230536,31.918628,0.961039,1.143939,1.121212,1.166667,0.045455,0.941083,0.832600,0.807329,0.857872,0.050543,1.000000,1.000000,1.000000,1.000000,0.000000,1.000000,6.000000,6.000000,6.000000,0.000000,31.537227,1.296482,1.805556,0.528626,0.268083,0.369986,9.000000,22.831974,0.938613,15.493648,0.636937,8.441221,0.347015,80.362223,113.770596,119.475889,108.065304,11.410585,0.904495
IC_small_3_278um_cells,567,143,137,0,-1,0.710187,730.250000,606.500000,854.000000,247.500000,0.839670,104.192292,95.111805,113.272778,18.160973,0.922099,1.126747,1.081081,1.172414,0.091333,0.992761,0.839454,0.836405,0.842504,0.006099,1.000000,1.000000,1.000000,1.000000,0.000000,1.000000,6.000000,6.000000,6.000000,0.000000,30.072140,1.116875,1.312500,0.614818,0.137624,0.661256,17.804494,22.383120,0.831306,14.794362,0.549461,4.612642,0.171313,88.476339,125.579492,126.828766,124.330217,2.498549,0.980300
IC_small_3_278um_cells,568,143,130,0,-1,0.564815,1183.000000,854.000000,1512.000000,658.000000,0.765576,130.615214,113.272778,147.957650,34.684872,0.963542,1.061374,1.041667,1.081081,0.039414,0.963673,0.852170,0.836405,0.867934,0.031529,1.000000,1.000000,1.000000,1.000000,0.000000,1.000000,6.000000,6.000000,6.000000,0.000000,30.889415,0.907075,1.280702,0.776188,0.065300,0.961908,32.756679,25.042689,0.735385,15.443166,0.453492,7.183058,0.210932,89.161629,147.791467,164.981639,130.601295,34.380345,0.791611
IC_small_3_278um_cells,569,143,128,0,-1,0.687939,720.750000,587.500000,854.000000,266.500000,0.844488,104.465164,95.657550,113.272778,17.615229,0.984677,1.072799,1.064516,1.081081,0.016565,0.964634,0.821615,0.806825,0.836405,0.029580,1.000000,1.000000,1.000000,1.000000,0.000000,1.000000,6.000000,6.000000,6.000000,0.000000,31.977023,1.196260,1.675000,0.533930,0.289282,0.462736,12.369317,26.140136,0.977902,15.677656,0.586501,4.947654,0.185092,71.616905,107.823765,122.171217,93.476313,28.694904,0.765125
IC_small_3_278um_cells,570,142,139,0,-1,0.939107,716.500000,694.000000,739.000000,45.000000,0.924178,105.813852,101.644284,109.983419,8.339135,0.823171,1.245833,1.125000,1.366667,0.241667,0.909487,0.805917,0.767715,0.844118,0.076404,1.000000,1.000000,1.000000,1.000000,0.000000,0.857143,6.500000,6.000000,7.000000,1.000000,27.676318,1.034079,1.418605,0.546274,0.235520,0.561694,15.033296,22.999836,0.859350,13.786160,0.515097,0.898107,0.033556,58.902104,95.621311,97.808992,93.433630,4.375362,0.955266
IC_small_3_278um_cells,571,142,134,0,-1,0.741224,868.000000,739.000000,997.000000,258.000000,0.889579,116.809420,109.983419,123.635420,13.652001,0.982578,1.354762,1.342857,1.366667,0.023810,0.936657,0.793674,0.767715,0.819633,0.051918,1.000000,1.000000,1.000000,1.000000,0.000000,0.857143,6.500000,6.000000,7.000000,1.000000,22.878398,0.778708,1.019231,0.856232,0.025922,1.259363,37.000000,17.454601,0.594099,11.417872,0.388628,3.469672,0.118097,33.797085,147.424126,166.759480,128.088773,38.670707,0.768105
IC_small_3_278um_cells,572,142,127,0,-1,0.573748,581.500000,424.000000,739.000000,315.000000,0.770905,97.385077,84.786735,109.983419,25.196684,0.844118,1.492857,1.366667,1.619048,0.252381,0.965428,0.754444,0.741174,0.767715,0.026541,1.000000,1.000000,1.000000,1.000000,0.000000,0.857143,6.500000,6.000000,7.000000,1.000000,32.436672,1.357870,1.789474,0.524123,0.096303,0.581568,13.892444,26.139585,1.094260,16.092500,0.673667,6.454606,0.270204,82.623592,132.064463,142.495858,121.633069,20.862788,0.853590
IC_small_3_278um_cells,573,142,123,0,-1,0.799053,664.750000,590.500000,739.000000,148.500000,0.877917,103.269868,96.556317,109.983419,13.427103,0.807401,1.235057,1.103448,1.366667,0.263218,0.964565,0.781816,0.767715,0.795918,0.028203,1.000000,1.000000,1.000000,1.000000,0.000000,0.714286,6.000000,5.000000,7.000000,2.000000,36.742293,1.427308,2.250000,0.433384,0.388116,0.198079,5.099020,29.380013,1.141309,18.285851,0.710340,3.329574,0.129342,73.459010,105.804975,111.676650,99.933300,11.743350,0.894845
IC_small_3_278um_cells,574,140,133,0,-1,0.803530,970.750000,865.000000,1076.500000,211.500000,0.927166,129.619562,124.720817,134.518307,9.797490,0.867925,1.706897,1.586207,1.827586,0.241379,0.934732,0.723189,0.698792,0.747586,0.048794,1.000000,1.000000,1.000000,1.000000,0.000000,0.833333,5.500000,5.000000,6.000000,1.000000,21.809478,0.701033,1.076923,0.802274,0.059490,1.363734,42.426407,19.734118,0.634324,10.904144,0.350498,1.831461,0.058870,1.183401,158.179495,158.498566,157.860424,0.638142,0.995974
IC_small_3_278um_cells,575,140,132,0,-1,0.683815,728.250000,591.500000,865.000000,273.500000,0.772388,110.526832,96.332846,124.720817,28.387970,0.693478,1.343103,1.100000,1.586207,0.486207,0.872433,0.749881,0.698792,0.800969,0.102177,1.000000,1.000000,1.000000,1.000000,0.000000,1.000000,5.000000,5.000000,5.000000,0.000000,29.420246,1.095081,1.000000,0.515129,0.305870,0.605930,16.278821,24.917963,0.927497,12.162820,0.452725,2.558024,0.095215,33.694299,110.230922,112.869419,107.592425,5.276995,0.953247
IC_small_3_278um_cells,576,140,119,0,-1,0.546949,1223.250000,865.000000,1581.500000,716.500000,0.815522,138.827292,124.720817,152.933767,28.212950,0.814952,1.439445,1.292683,1.586207,0.293524,0.822386,0.774253,0.698792,0.849713,0.150921,1.000000,1.000000,1.000000,1.000000,0.000000,0.714286,6.000000,5.000000,7.000000,2.000000,39.092471,1.130184,1.566038,0.576323,0.170448,0.674923,23.345235,31.093347,0.898925,19.503112,0.563845,5.443024,0.157361,81.358282,135.879855,157.884429,113.875281,44.009148,0.721257
IC_small_3_278um_cells,577,139,132,0,-1,0.852305,642.750000,591.500000,694.000000,102.500000,0.947745,98.988565,96.332846,101.644284,5.311438,0.977778,1.112500,1.100000,1.125000,0.025000,0.948882,0.822544,0.800969,0.844118,0.043149,1.000000,1.000000,1.000000,1.000000,0.000000,0.833333,5.500000,5.000000,6.000000,1.000000,24.957361,0.985198,1.108696,0.637824,0.225593,0.766471,19.416488,21.759752,0.858972,12.176733,0.480680,0.842298,0.033250,78.868579,130.749226,149.878768,111.619684,38.259084,0.744733
IC_small_3_278um_cells,578,139,127,0,-1,0.610951,559.000000,424.000000,694.000000,270.000000,0.834152,93.215510,84.786735,101.644284,16.857549,0.694853,1.372024,1.125000,1.619048,0.494048,0.878044,0.792646,0.741174,0.844118,0.102945,1.000000,1.000000,1.000000,1.000000,0.000000,1.000000,6.000000,6.000000,6.000000,0.000000,29.485686,1.256444,1.386364,0.517308,0.233005,0.460919,10.816654,22.387168,0.953962,13.356344,0.569140,6.608772,0.281613,52.758541,114.539713,124.070512,105.008914,19.061598,0.846365
IC_small_3_278um_cells,579,139,124,0,-1,0.924101,722.500000,694.000000,751.000000,57.000000,0.964975,103.488958,101.644284,105.333632,3.689348,0.942761,1.092803,1.060606,1.125000,0.064394,0.992402,0.847350,0.844118,0.850581,0.006463,1.000000,1.000000,1.000000,1.000000,0.000000,1.000000,6.000000,6.000000,6.000000,0.000000,30.177909,1.122935,1.641026,0.600646,0.190311,0.615943,16.552945,24.354770,0.906253,14.912805,0.554913,2.539494,0.094496,79.665401,127.586406,156.317912,98.854900,57.463012,0.632396
IC_small_3_278um_cells,580,138,136,0,-1,0.431239,1053.750000,635.000000,1472.500000,837.500000,0.677250,125.624884,101.451130,149.798638,48.347508,0.758598,1.283301,1.107143,1.459459,0.352317,0.940200,0.799956,0.775300,0.824612,0.049312,1.000000,1.000000,1.000000,1.000000,0.000000,0.833333,5.500000,5.000000,6.000000,1.000000,28.534802,0.897711,1.203704,0.709152,0.145670,0.912346,29.000000,24.893976,0.783170,14.106670,0.443799,8.297825,0.261051,84.820167,138.651328,154.344329,122.958326,31.386003,0.796649
IC_small_3_278um_cells,581,138,117,0,-1,0.623772,826.500000,635.000000,1018.000000,383.000000,0.797493,114.331861,101.451130,127.212593,25.761464,0.818323,1.230042,1.107143,1.352941,0.245798,0.980782,0.782896,0.775300,0.790492,0.015192,1.000000,1.000000,1.000000,1.000000,0.000000,0.714286,6.000000,5.000000,7.000000,2.000000,35.416658,1.240398,1.595745,0.517340,0.205384,0.495300,14.142136,26.177765,0.916824,17.192291,0.602126,5.589922,0.195776,72.602911,122.946015,138.366461,107.525568,30.840892,0.777107
IC_small_3_278um_cells,582,137,129,0,-1,0.749228,708.000000,606.500000,809.500000,203.000000,0.864853,102.543189,95.111805,109.974573,14.862767,0.926050,1.129064,1.085714,1.172414,0.086700,0.998321,0.841797,0.841089,0.842504,0.001414,1.000000,1.000000,1.000000,1.000000,0.000000,0.857143,6.500000,6.000000,7.000000,1.000000,25.844785,0.973825,1.487805,0.732185,0.049082,0.926799,24.596748,19.198304,0.723387,12.914498,0.486615,2.876253,0.108376,85.989863,125.279983,135.000000,115.559965,19.440035,0.856000
IC_small_3_278um_cells,583,137,128,0,-1,0.968673,597.000000,587.500000,606.500000,19.000000,0.994295,95.384678,95.111805,95.657550,0.545744,0.907970,1.118465,1.064516,1.172414,0.107898,0.957651,0.824664,0.806825,0.842504,0.035679,1.000000,1.000000,1.000000,1.000000,0.000000,1.000000,6.000000,6.000000,6.000000,0.000000,30.792205,1.260281,1.166667,0.540027,0.245812,0.492845,12.041595,24.928901,1.020304,15.009829,0.614331,1.517956,0.062128,83.951051,121.605291,142.193470,101.017112,41.176358,0.710420
IC_small_3_278um_cells,584,137,125,0,-1,0.929926,585.250000,564.000000,606.500000,42.500000,0.995974,95.304031,95.111805,95.496257,0.384452,0.971429,1.189655,1.172414,1.206897,0.034483,0.922453,0.809837,0.777170,0.842504,0.065333,1.000000,1.000000,1.000000,1.000000,0.000000,1.000000,6.000000,6.000000,6.000000,0.000000,26.527208,1.096712,1.238095,0.573528,0.238787,0.629716,15.231546,21.739205,0.898762,13.166662,0.544348,0.073141,0.003024,88.853840,114.525688,131.633539,97.417837,34.215702,0.740069
IC_small_3_278um_cells,585,136,133,0,-1,0.731070,1274.500000,1076.500000,1472.500000,396.000000,0.897994,142.158472,134.518307,149.798638,15.280331,0.798572,1.643523,1.459459,1.827586,0.368127,0.906592,0.786099,0.747586,0.824612,0.077026,1.000000,1.000000,1.000000,1.000000,0.000000,1.000000,6.000000,6.000000,6.000000,0.000000,28.967679,0.813891,1.052632,0.691238,0.114751,0.970042,34.525353,23.365806,0.656498,14.316103,0.402232,4.780771,0.134323,20.647493,106.139207,108.536899,103.741515,4.795384,0.955818
IC_small_3_278um_cells,586,136,117,0,-1,0.691341,1245.250000,1018.000000,1472.500000,454.500000,0.849224,138.505615,127.212593,149.798638,22.586044,0.927015,1.406200,1.352941,1.459459,0.106518,0.958623,0.807552,0.790492,0.824612,0.034120,1.000000,1.000000,1.000000,1.000000,0.000000,0.857143,6.500000,6.000000,7.000000,1.000000,40.007328,1.138524,1.807692,0.556427,0.165429,0.567019,19.924859,29.938355,0.851982,19.944316,0.567573,6.285124,0.178861,83.138394,109.623207,121.116312,98.130102,22.986210,0.810214
IC_small_3_278um_cells,587,136,107,0,-1,0.955238,1507.000000,1472.500000,1541.500000,69.000000,0.885039,159.527634,149.798638,169.256630,19.457993,0.913580,1.396396,1.333333,1.459459,0.126126,0.819998,0.750396,0.676180,0.824612,0.148432,0.957751,0.978875,0.957751,1.000000,0.042249,0.857143,6.500000,6.000000,7.000000,1.000000,52.557259,1.353956,1.761905,0.481624,0.165893,0.497538,19.313208,38.450442,0.990543,26.266711,0.676671,3.343703,0.086139,85.709116,126.337861,155.015960,97.659761,57.356198,0.629998
IC_small_3_278um_cells,588,135,122,0,-1,0.837854,762.250000,695.000000,829.500000,134.500000,0.944851,107.190957,104.151378,110.230536,6.079158,0.948718,1.151515,1.121212,1.181818,0.060606,0.938517,0.831500,0.805127,0.857872,0.052744,1.000000,1.000000,1.000000,1.000000,0.000000,0.833333,5.500000,5.000000,6.000000,1.000000,25.956466,0.941067,1.297872,0.695494,0.122991,0.877655,24.207437,21.197928,0.768544,12.864607,0.466414,1.188938,0.043106,63.248907,129.250628,148.276397,110.224859,38.051538,0.743374
IC_small_3_278um_cells,589,135,121,0,-1,0.634993,894.750000,695.000000,1094.500000,399.500000,0.812998,116.129558,104.151378,128.107738,23.956360,0.928705,1.139690,1.097561,1.181818,0.084257,0.960704,0.821594,0.805127,0.838060,0.032932,1.000000,1.000000,1.000000,1.000000,0.000000,0.714286,6.000000,5.000000,7.000000,2.000000,29.458130,0.991087,1.140351,0.624641,0.194747,0.715280,21.260292,24.711415,0.831389,14.587317,0.490775,2.861160,0.096261,64.522351,116.566195,118.827841,114.304549,4.523292,0.961934
IC_small_3_278um_cells,590,134,123,0,-1,0.592277,793.750000,590.500000,997.000000,406.500000,0.780976,110.095868,96.556317,123.635420,27.079103,0.821717,1.223153,1.103448,1.342857,0.239409,0.971067,0.807775,0.795918,0.819633,0.023714,1.000000,1.000000,1.000000,1.000000,0.000000,0.833333,5.500000,5.000000,6.000000,1.000000,32.853043,1.175937,1.340000,0.593655,0.117480,0.660006,18.439089,24.403315,0.873489,16.246172,0.581513,7.316455,0.261884,72.937501,126.749436,133.264295,120.234577,13.029719,0.902226
IC_small_3_278um_cells,591,134,121,0,-1,0.910918,1045.750000,997.000000,1094.500000,97.500000,0.965089,125.871579,123.635420,128.107738,4.472318,0.817333,1.220209,1.097561,1.342857,0.245296,0.978012,0.828846,0.819633,0.838060,0.018427,1.000000,1.000000,1.000000,1.000000,0.000000,0.857143,6.500000,6.000000,7.000000,1.000000,35.653658,1.102829,1.126984,0.602031,0.092995,0.661968,21.400935,26.448497,0.818098,17.770256,0.549665,3.817176,0.118072,75.751445,108.213612,114.001281,102.425943,11.575338,0.898463
IC_small_3_278um_cells,592,134,116,0,-1,0.791876,893.250000,789.500000,997.000000,207.500000,0.891080,116.902220,110.169021,123.635420,13.466399,0.968106,1.364977,1.342857,1.387097,0.044240,0.997295,0.818524,0.817416,0.819633,0.002217,1.000000,1.000000,1.000000,1.000000,0.000000,1.000000,6.000000,6.000000,6.000000,0.000000,40.482210,1.356794,2.205128,0.481553,0.255807,0.299774,8.944272,30.287391,1.015106,19.410292,0.650551,1.610411,0.053974,68.621340,108.752850,113.902050,103.603649,10.298401,0.909585
IC_small_3_278um_cells,593,133,119,0,-1,0.680683,1329.000000,1076.500000,1581.500000,505.000000,0.879585,143.726037,134.518307,152.933767,18.415460,0.707317,1.560135,1.292683,1.827586,0.534903,0.879810,0.798649,0.747586,0.849713,0.102127,1.000000,1.000000,1.000000,1.000000,0.000000,0.857143,6.500000,6.000000,7.000000,1.000000,43.868711,1.208868,1.212121,0.535638,0.203913,0.519935,18.867962,35.648788,0.982356,21.887382,0.603140,3.205138,0.088322,86.617580,124.263697,160.263099,88.264295,71.998803,0.550746
IC_small_3_278um_cells,594,133,107,0,-1,0.698346,1309.000000,1076.500000,1541.500000,465.000000,0.794759,151.887468,134.518307,169.256630,34.738324,0.729560,1.580460,1.333333,1.827586,0.494253,0.904484,0.711883,0.676180,0.747586,0.071406,0.957751,0.978875,0.957751,1.000000,0.042249,0.857143,6.500000,6.000000,7.000000,1.000000,49.756544,1.380745,2.229167,0.421546,0.330787,0.338732,12.206556,36.042186,1.000172,21.043981,0.583971,3.114458,0.086426,30.648496,103.996395,106.750265,101.242526,5.507739,0.948405
IC_small_3_278um_cells,595,132,124,0,-1,0.787617,671.250000,591.500000,751.000000,159.500000,0.914550,100.833239,96.332846,105.333632,9.000786,0.964187,1.080303,1.060606,1.100000,0.039394,0.941673,0.825775,0.800969,0.850581,0.049612,1.000000,1.000000,1.000000,1.000000,0.000000,0.833333,5.500000,5.000000,6.000000,1.000000,24.565345,0.949841,1.133333,0.728764,0.094972,0.957323,24.758837,21.345431,0.825340,12.202040,0.471803,1.343242,0.051938,81.842742,156.157151,162.788885,149.525416,13.263468,0.918524
IC_small_3_278um_cells,596,132,119,0,-1,0.374012,1086.500000,591.500000,1581.500000,990.000000,0.629899,124.633306,96.332846,152.933767,56.600920,0.850943,1.196341,1.100000,1.292683,0.192683,0.942635,0.825341,0.800969,0.849713,0.048744,1.000000,1.000000,1.000000,1.000000,0.000000,0.714286,6.000000,5.000000,7.000000,2.000000,34.536116,1.077757,1.100000,0.585386,0.209158,0.519383,16.643317,27.892754,0.870440,16.537313,0.516075,12.363096,0.385811,75.304791,103.542732,117.839312,89.246152,28.593160,0.757355
IC_small_3_278um_cells,597,131,129,0,-1,0.831377,741.250000,673.000000,809.500000,136.500000,0.928308,114.221145,109.974573,118.467717,8.493144,0.785410,1.234034,1.085714,1.382353,0.296639,0.716445,0.721842,0.602594,0.841089,0.238495,1.000000,1.000000,1.000000,1.000000,0.000000,0.857143,6.500000,6.000000,7.000000,1.000000,39.755175,1.461750,2.189189,0.427537,0.421922,0.362131,9.848858,31.427929,1.155567,18.448713,0.678337,2.291110,0.084241,49.684256,119.529002,122.471192,116.586812,5.884380,0.951953
IC_small_3_278um_cells,598,131,126,0,-1,0.999257,672.750000,672.500000,673.000000,0.500000,0.960914,116.152517,113.837318,118.467717,4.630399,0.782059,1.231717,1.081081,1.382353,0.301272,0.924043,0.627361,0.602594,0.652128,0.049534,1.000000,1.000000,1.000000,1.000000,0.000000,1.000000,6.000000,6.000000,6.000000,0.000000,15.152026,0.584176,1.063830,0.814256,0.027871,1.700329,44.102154,12.286360,0.473692,7.574066,0.292013,0.273402,0.010541,6.464907,155.965814,167.005383,144.926246,22.079138,0.867794
IC_small_3_278um_cells,599,131,120,0,-1,0.716196,577.500000,482.000000,673.000000,191.000000,0.737189,102.900434,87.333150,118.467717,31.134567,0.890344,1.306561,1.230769,1.382353,0.151584,0.758798,0.698369,0.602594,0.794143,0.191549,1.000000,1.000000,1.000000,1.000000,0.000000,0.833333,5.500000,5.000000,6.000000,1.000000,34.698224,1.448876,1.203704,0.435888,0.240260,0.486960,11.661904,28.739859,1.200076,16.707232,0.697635,7.387902,0.308493,68.590892,119.767228,140.527540,99.006915,41.520625,0.704537
IC_small_3_278um_cells,600,130,128,0,-1,0.388558,1049.750000,587.500000,1512.000000,924.500000,0.646520,121.807600,95.657550,147.957650,52.300100,0.978535,1.053091,1.041667,1.064516,0.022849,0.929592,0.837379,0.806825,0.867934,0.061109,1.000000,1.000000,1.000000,1.000000,0.000000,1.000000,6.000000,6.000000,6.000000,0.000000,32.516587,1.030264,1.224138,0.666934,0.123363,0.708481,22.360680,25.211836,0.798818,16.228165,0.514177,13.462347,0.426544,71.243838,116.299666,125.371844,107.227488,18.144356,0.855276
IC_small_3_278um_cells,601,129,125,0,-1,0.696726,686.750000,564.000000,809.500000,245.500000,0.868349,102.735415,95.496257,109.974573,14.478316,0.899592,1.146305,1.085714,1.206897,0.121182,0.924005,0.809130,0.777170,0.841089,0.063919,1.000000,1.000000,1.000000,1.000000,0.000000,0.857143,6.500000,6.000000,7.000000,1.000000,32.856083,1.258844,1.500000,0.510191,0.191846,0.412653,10.770330,24.585050,0.941949,16.420744,0.629142,4.022430,0.154115,78.616376,113.014577,132.662694,93.366461,39.296233,0.703788
IC_small_3_278um_cells,602,129,120,0,-1,0.595429,645.750000,482.000000,809.500000,327.500000,0.794121,98.653862,87.333150,109.974573,22.641423,0.882143,1.158242,1.085714,1.230769,0.145055,0.944184,0.817616,0.794143,0.841089,0.046946,1.000000,1.000000,1.000000,1.000000,0.000000,0.714286,6.000000,5.000000,7.000000,2.000000,23.661974,0.938852,1.083333,0.657933,0.120015,0.798497,20.124612,19.734067,0.783001,11.662139,0.462726,4.653007,0.184620,76.818338,109.421862,121.842457,97.001268,24.841190,0.796120
IC_small_3_278um_cells,603,129,112,0,-1,0.890056,765.000000,720.500000,809.500000,89.000000,0.981039,108.931956,107.889338,109.974573,2.085235,0.787143,1.232512,1.085714,1.379310,0.293596,0.924793,0.809462,0.777834,0.841089,0.063256,1.000000,1.000000,1.000000,1.000000,0.000000,0.857143,6.500000,6.000000,7.000000,1.000000,32.712270,1.183216,1.697674,0.513324,0.240850,0.440032,12.165525,25.148799,0.909642,16.346709,0.591267,0.257791,0.009324,80.269340,100.129245,106.073574,94.184916,11.888658,0.887921
IC_small_3_278um_cells,604,128,125,0,-1,0.960000,575.750000,564.000000,587.500000,23.500000,0.998314,95.576904,95.496257,95.657550,0.161292,0.882028,1.135706,1.064516,1.206897,0.142380,0.963246,0.791998,0.777170,0.806825,0.029654,1.000000,1.000000,1.000000,1.000000,0.000000,1.000000,6.000000,6.000000,6.000000,0.000000,19.196904,0.800086,1.324324,0.847220,0.031264,1.260024,30.232433,16.184038,0.674516,9.423618,0.392756,0.136459,0.005687,54.762751,167.055376,172.545701,161.565051,10.980650,0.936361
IC_small_3_278um_cells,605,128,113,0,-1,0.968673,597.000000,587.500000,606.500000,19.000000,0.964918,93.979605,92.301660,95.657550,3.355890,0.927159,1.106332,1.064516,1.148148,0.083632,0.901898,0.850705,0.806825,0.894585,0.087760,1.000000,1.000000,1.000000,1.000000,0.000000,0.857143,6.500000,6.000000,7.000000,1.000000,30.508500,1.248669,1.937500,0.522122,0.250000,0.377343,9.219544,23.298460,0.953573,15.118117,0.618763,1.543737,0.063183,87.455697,100.980306,126.193207,75.767404,50.425803,0.600408
IC_small_3_278um_cells,606,127,124,0,-1,0.564581,587.500000,424.000000,751.000000,327.000000,0.804935,95.060184,84.786735,105.333632,20.546897,0.655080,1.339827,1.060606,1.619048,0.558442,0.871373,0.795877,0.741174,0.850581,0.109407,1.000000,1.000000,1.000000,1.000000,0.000000,1.000000,6.000000,6.000000,6.000000,0.000000,23.308733,0.971285,1.378378,0.609897,0.166809,0.719344,17.262677,18.135262,0.755705,11.064430,0.461060,6.258901,0.260811,39.817838,99.991553,101.309932,98.673174,2.636758,0.973973
IC_small_3_278um_cells,607,127,123,0,-1,0.718036,507.250000,424.000000,590.500000,166.500000,0.878107,90.671526,84.786735,96.556317,11.769582,0.681542,1.361248,1.103448,1.619048,0.515599,0.931218,0.768546,0.741174,0.795918,0.054745,1.000000,1.000000,1.000000,1.000000,0.000000,0.833333,5.500000,5.000000,6.000000,1.000000,17.745712,0.790605,1.052632,0.832363,0.023164,1.282754,28.792360,13.855476,0.617288,8.867756,0.395075,3.027021,0.134860,48.687472,157.131597,175.829563,138.433630,37.395933,0.787317
IC_small_3_278um_cells,608,127,118,0,-1,0.641509,348.000000,272.000000,424.000000,152.000000,0.800848,76.344016,67.901296,84.786735,16.885439,0.701872,1.377706,1.136364,1.619048,0.482684,0.999763,0.741261,0.741174,0.741349,0.000175,1.000000,1.000000,1.000000,1.000000,0.000000,0.666667,5.000000,4.000000,6.000000,2.000000,24.352755,1.313395,1.416667,0.495269,0.219828,0.533900,9.899495,19.222676,1.036719,11.848286,0.639003,4.226555,0.227947,65.235335,118.113428,133.698047,102.528808,31.169240,0.766868
IC_small_3_278um_cells,609,126,122,0,-1,0.810729,751.000000,672.500000,829.500000,157.000000,0.968316,112.033927,110.230536,113.837318,3.606782,0.964207,1.101147,1.081081,1.121212,0.040131,0.760169,0.755000,0.652128,0.857872,0.205744,1.000000,1.000000,1.000000,1.000000,0.000000,1.000000,6.000000,6.000000,6.000000,0.000000,30.593311,1.117898,1.700000,0.541463,0.229028,0.682635,18.681542,24.720674,0.903308,15.051436,0.549988,2.552287,0.093262,61.146095,113.279931,135.000000,91.559863,43.440137,0.678221
IC_small_3_278um_cells,610,126,120,0,-1,0.716729,577.250000,482.000000,672.500000,190.500000,0.767175,100.585234,87.333150,113.837318,26.504167,0.878378,1.155925,1.081081,1.230769,0.149688,0.821172,0.723135,0.652128,0.794143,0.142015,1.000000,1.000000,1.000000,1.000000,0.000000,0.833333,5.500000,5.000000,6.000000,1.000000,35.113370,1.466506,1.545455,0.440536,0.281507,0.411337,9.848858,28.371481,1.184932,17.448789,0.728747,6.193084,0.258654,87.822754,122.876147,129.685454,116.066840,13.618615,0.894987
IC_small_3_278um_cells,611,126,115,0,-1,0.805872,753.500000,672.500000,834.500000,162.000000,0.973474,112.327492,110.817666,113.837318,3.019652,0.950000,1.054054,1.027027,1.081081,0.054054,0.763686,0.753025,0.652128,0.853922,0.201794,1.000000,1.000000,1.000000,1.000000,0.000000,1.000000,6.000000,6.000000,6.000000,0.000000,22.840672,0.833292,1.204082,0.666053,0.153616,1.022170,28.017851,19.996547,0.729530,11.160314,0.407160,3.321890,0.121192,30.300542,127.638122,128.091537,127.184706,0.906831,0.992920
IC_small_3_278um_cells,612,126,114,0,-1,0.895473,711.750000,672.500000,751.000000,78.500000,0.923130,109.461962,105.086607,113.837318,8.750711,0.900901,1.140541,1.081081,1.200000,0.118919,0.763094,0.753356,0.652128,0.854585,0.202457,1.000000,1.000000,1.000000,1.000000,0.000000,1.000000,6.000000,6.000000,6.000000,0.000000,37.140209,1.392663,1.032787,0.442611,0.240604,0.335387,8.944272,29.235315,1.096249,18.109205,0.679049,0.220701,0.008276,71.254151,101.995920,114.204834,89.787006,24.417828,0.786193
IC_small_3_278um_cells,613,125,113,0,-1,0.929926,585.250000,564.000000,606.500000,42.500000,0.966547,93.898959,92.301660,95.496257,3.194597,0.951323,1.177522,1.148148,1.206897,0.058748,0.868750,0.835878,0.777170,0.894585,0.117415,1.000000,1.000000,1.000000,1.000000,0.000000,0.857143,6.500000,6.000000,7.000000,1.000000,30.005621,1.240519,1.080000,0.544300,0.268689,0.483906,11.704700,22.612483,0.934866,14.146831,0.584871,0.623171,0.025764,65.678791,110.060922,111.686894,108.434949,3.251946,0.970883
IC_small_3_278um_cells,614,125,112,0,-1,0.782790,642.250000,564.000000,720.500000,156.500000,0.885132,101.692798,95.496257,107.889338,12.393081,0.875000,1.293103,1.206897,1.379310,0.172414,0.999147,0.777502,0.777170,0.777834,0.000663,1.000000,1.000000,1.000000,1.000000,0.000000,1.000000,6.000000,6.000000,6.000000,0.000000,30.318538,1.198579,1.018182,0.494988,0.340210,0.450744,11.401754,23.786920,0.940365,14.796267,0.584939,5.855099,0.231469,83.631865,106.953138,121.263732,92.642545,28.621186,0.763976
IC_small_3_278um_cells,615,125,110,0,-1,0.914100,590.500000,564.000000,617.000000,53.000000,0.921583,99.559144,95.496257,103.622031,8.125774,0.978565,1.220115,1.206897,1.233333,0.026437,0.929126,0.749630,0.722089,0.777170,0.055081,1.000000,1.000000,1.000000,1.000000,0.000000,0.833333,5.500000,5.000000,6.000000,1.000000,26.727596,1.100169,1.463415,0.533371,0.247671,0.664997,16.155494,22.410107,0.922451,13.234955,0.544781,3.968393,0.163348,78.255378,108.390298,113.349567,103.431029,9.918538,0.912496
IC_small_3_278um_cells,616,124,119,0,-1,0.474866,1166.250000,751.000000,1581.500000,830.500000,0.688753,129.133699,105.333632,152.933767,47.600134,0.820469,1.176644,1.060606,1.292683,0.232077,0.998980,0.850147,0.849713,0.850581,0.000868,1.000000,1.000000,1.000000,1.000000,0.000000,0.857143,6.500000,6.000000,7.000000,1.000000,37.736958,1.123584,1.840909,0.600652,0.105038,0.556226,18.681542,27.904844,0.830842,18.781944,0.559216,9.729255,0.289680,83.379010,102.068500,124.765197,79.371803,45.393394,0.636169
IC_small_3_278um_cells,617,124,118,0,-1,0.362184,511.500000,272.000000,751.000000,479.000000,0.644631,86.617464,67.901296,105.333632,37.432336,0.933333,1.098485,1.060606,1.136364,0.075758,0.871579,0.795965,0.741349,0.850581,0.109232,1.000000,1.000000,1.000000,1.000000,0.000000,0.666667,5.000000,4.000000,6.000000,2.000000,20.176343,0.919263,1.324324,0.683137,0.148094,0.821370,18.027756,17.734715,0.808019,10.073767,0.458975,7.102476,0.323599,63.029576,125.097905,125.203790,124.992020,0.211770,0.998309
IC_small_3_278um_cells,618,124,106,0,-1,0.948069,731.500000,712.000000,751.000000,39.000000,0.999397,105.365411,105.333632,105.397189,0.063557,0.768939,1.219958,1.060606,1.379310,0.318704,0.946926,0.828009,0.805437,0.850581,0.045144,1.000000,1.000000,1.000000,1.000000,0.000000,1.000000,6.000000,6.000000,6.000000,0.000000,33.820443,1.250578,2.176471,0.505902,0.190704,0.371614,10.049876,24.314567,0.899079,16.728561,0.618572,0.324096,0.011984,74.599104,109.098485,135.421285,82.775684,52.645601,0.611246
IC_small_3_278um_cells,619,123,116,0,-1,0.747942,690.000000,590.500000,789.500000,199.000000,0.876438,103.362669,96.556317,110.169021,13.612704,0.795509,1.245273,1.103448,1.387097,0.283648,0.973700,0.806667,0.795918,0.817416,0.021498,1.000000,1.000000,1.000000,1.000000,0.000000,0.833333,5.500000,5.000000,6.000000,1.000000,26.028083,0.993471,1.058824,0.637250,0.169565,0.796997,20.880613,21.492685,0.820359,12.755111,0.486853,2.798033,0.106799,55.230023,125.896660,138.959666,112.833654,26.126012,0.811989
IC_small_3_278um_cells,620,122,121,0,-1,0.757880,962.000000,829.500000,1094.500000,265.000000,0.860452,119.169137,110.230536,128.107738,17.877202,0.978906,1.109387,1.097561,1.121212,0.023651,0.976905,0.847966,0.838060,0.857872,0.019812,1.000000,1.000000,1.000000,1.000000,0.000000,0.857143,6.500000,6.000000,7.000000,1.000000,32.524448,1.051138,1.577778,0.593462,0.207380,0.589755,18.248288,25.598612,0.827306,16.037812,0.518316,2.445136,0.079023,84.644068,106.929759,120.963757,92.895762,28.067995,0.767964
IC_small_3_278um_cells,621,122,115,0,-1,0.994008,832.000000,829.500000,834.500000,5.000000,0.994702,110.524101,110.230536,110.817666,0.587130,0.915997,1.074120,1.027027,1.121212,0.094185,0.995396,0.855897,0.853922,0.857872,0.003950,1.000000,1.000000,1.000000,1.000000,0.000000,1.000000,6.000000,6.000000,6.000000,0.000000,29.268384,1.014700,1.000000,0.691881,0.150841,0.818213,23.600847,23.293397,0.807554,14.566523,0.505004,1.610969,0.055850,72.425058,139.961261,140.348600,139.573921,0.774679,0.994480
IC_small_3_278um_cells,622,122,109,0,-1,0.789632,742.250000,655.000000,829.500000,174.500000,0.890780,104.210833,98.191131,110.230536,12.039405,0.956328,1.146813,1.121212,1.172414,0.051202,0.995140,0.855787,0.853703,0.857872,0.004169,1.000000,1.000000,1.000000,1.000000,0.000000,1.000000,6.000000,6.000000,6.000000,0.000000,31.594091,1.161675,1.763158,0.606106,0.121590,0.606406,16.492423,24.458870,0.899322,15.774614,0.580013,3.567809,0.131184,84.234073,116.807824,125.537678,108.077970,17.459707,0.860921
IC_small_3_278um_cells,623,121,116,0,-1,0.721334,942.000000,789.500000,1094.500000,305.000000,0.859972,119.138379,110.169021,128.107738,17.938717,0.791265,1.242329,1.097561,1.387097,0.289536,0.975367,0.827738,0.817416,0.838060,0.020644,1.000000,1.000000,1.000000,1.000000,0.000000,0.857143,6.500000,6.000000,7.000000,1.000000,26.575842,0.868757,1.090909,0.697468,0.134289,0.883228,27.018512,22.654514,0.740570,13.284727,0.434274,2.655253,0.086800,57.172156,122.392492,153.970408,90.814577,63.155831,0.589818
IC_small_3_278um_cells,624,121,111,0,-1,0.515304,829.250000,564.000000,1094.500000,530.500000,0.714105,109.795062,91.482387,128.107738,36.625351,0.891768,1.164165,1.097561,1.230769,0.133208,0.989603,0.842462,0.838060,0.846865,0.008805,1.000000,1.000000,1.000000,1.000000,0.000000,0.714286,6.000000,5.000000,7.000000,2.000000,32.331953,1.137810,1.707317,0.611184,0.221887,0.614593,17.464249,26.217622,0.922637,14.968773,0.526774,6.229664,0.219231,58.905822,125.782526,135.000000,116.565051,18.434949,0.863445
IC_small_3_278um_cells,625,121,109,0,-1,0.598447,874.750000,655.000000,1094.500000,439.500000,0.766473,113.149434,98.191131,128.107738,29.916607,0.936155,1.134987,1.097561,1.172414,0.074853,0.981676,0.845881,0.838060,0.853703,0.015643,1.000000,1.000000,1.000000,1.000000,0.000000,0.857143,6.500000,6.000000,7.000000,1.000000,38.136279,1.299889,1.145161,0.529985,0.196056,0.385632,11.313708,27.963571,0.953149,18.906969,0.644451,9.610441,0.327575,78.925805,113.563972,113.629378,113.498566,0.130812,0.998849
IC_small_3_278um_cells,626,120,114,0,-1,0.641811,616.500000,482.000000,751.000000,269.000000,0.831059,96.209879,87.333150,105.086607,17.753457,0.975000,1.215385,1.200000,1.230769,0.030769,0.929274,0.824364,0.794143,0.854585,0.060442,1.000000,1.000000,1.000000,1.000000,0.000000,0.833333,5.500000,5.000000,6.000000,1.000000,20.627919,0.835834,1.046512,0.816045,0.055556,1.106711,27.313001,16.978215,0.687950,10.275267,0.416349,3.491099,0.141458,86.845760,151.116511,161.705482,140.527540,21.177942,0.869034
IC_small_3_278um_cells,627,120,112,0,-1,0.668980,601.250000,482.000000,720.500000,238.500000,0.809470,97.611244,87.333150,107.889338,20.556188,0.892308,1.305040,1.230769,1.379310,0.148541,0.979463,0.785988,0.777834,0.794143,0.016309,1.000000,1.000000,1.000000,1.000000,0.000000,0.833333,5.500000,5.000000,6.000000,1.000000,24.236190,0.993355,1.127660,0.601858,0.209979,0.753526,18.384776,20.992779,0.860419,11.933348,0.489105,1.375140,0.056362,81.027740,126.818252,143.972627,109.663878,34.308749,0.761700
IC_small_3_278um_cells,628,119,108,0,-1,0.472653,1164.500000,747.500000,1581.500000,834.000000,0.749511,133.779670,114.625573,152.933767,38.308194,0.892567,1.370479,1.292683,1.448276,0.155593,0.841367,0.782317,0.714921,0.849713,0.134792,1.000000,1.000000,1.000000,1.000000,0.000000,0.714286,6.000000,5.000000,7.000000,2.000000,27.424554,0.817320,1.226415,0.874254,0.009875,1.260542,42.296572,24.101129,0.718273,13.569866,0.404416,8.189708,0.244074,64.682466,161.960256,167.780687,156.139825,11.640862,0.930619
IC_small_3_278um_cells,629,119,107,0,-1,0.974708,1561.500000,1541.500000,1581.500000,40.000000,0.903561,161.095198,152.933767,169.256630,16.322864,0.969512,1.313008,1.292683,1.333333,0.040650,0.795774,0.762946,0.676180,0.849713,0.173534,0.957751,0.978875,0.957751,1.000000,0.042249,1.000000,7.000000,7.000000,7.000000,0.000000,36.690242,0.928514,1.205882,0.513015,0.209254,0.577085,22.803509,32.689984,0.827280,18.234902,0.461468,6.492022,0.164293,68.583633,74.361615,92.986637,55.736594,37.250043,0.599404
IC_small_3_278um_cells,630,119,106,0,-1,0.450206,1146.750000,712.000000,1581.500000,869.500000,0.689169,129.165478,105.397189,152.933767,47.536578,0.937195,1.335997,1.292683,1.379310,0.086627,0.947893,0.827575,0.805437,0.849713,0.044276,1.000000,1.000000,1.000000,1.000000,0.000000,0.857143,6.500000,6.000000,7.000000,1.000000,43.251542,1.301749,1.070423,0.509924,0.264007,0.309869,10.295630,31.209930,0.939331,21.318044,0.641613,14.189138,0.427053,79.930470,95.704032,99.813518,91.594546,8.218972,0.917657
IC_small_3_278um_cells,631,118,106,0,-1,0.382022,492.000000,272.000000,712.000000,440.000000,0.644242,86.649243,67.901296,105.397189,37.495893,0.823864,1.257837,1.136364,1.379310,0.242947,0.920430,0.773393,0.741349,0.805437,0.064089,1.000000,1.000000,1.000000,1.000000,0.000000,0.666667,5.000000,4.000000,6.000000,2.000000,21.285192,0.985979,1.315789,0.692779,0.075203,0.919471,19.849433,19.494575,0.903034,10.511598,0.486921,7.097479,0.328772,76.022129,162.627175,173.233825,152.020526,21.213300,0.877545
IC_small_3_278um_cells,632,117,107,0,-1,0.660396,1279.750000,1018.000000,1541.500000,523.500000,0.751596,148.234612,127.212593,169.256630,42.044037,0.985507,1.343137,1.333333,1.352941,0.019608,0.855391,0.733336,0.676180,0.790492,0.114312,0.957751,0.978875,0.957751,1.000000,0.042249,1.000000,7.000000,7.000000,7.000000,0.000000,37.214027,1.045807,1.218750,0.515530,0.272905,0.656059,23.345235,31.504522,0.885356,18.435937,0.518096,7.491016,0.210516,71.489511,111.539048,141.223926,81.854170,59.369756,0.579606
IC_small_3_278um_cells,633,117,102,0,-1,0.729226,1207.000000,1018.000000,1396.000000,378.000000,0.850126,138.426176,127.212593,149.639758,22.427165,0.800725,1.218137,1.083333,1.352941,0.269608,0.991069,0.786962,0.783432,0.790492,0.007060,1.000000,1.000000,1.000000,1.000000,0.000000,0.857143,6.500000,6.000000,7.000000,1.000000,45.446344,1.312166,1.227273,0.548205,0.221624,0.600805,20.808652,33.834526,0.976900,20.713079,0.598046,7.276976,0.210107,69.628399,142.531334,161.565051,123.497616,38.067435,0.764383
IC_small_3_278um_cells,634,116,111,0,-1,0.714376,676.750000,564.000000,789.500000,225.500000,0.830382,100.825704,91.482387,110.169021,18.686634,0.887299,1.308933,1.230769,1.387097,0.156328,0.965226,0.832140,0.817416,0.846865,0.029449,1.000000,1.000000,1.000000,1.000000,0.000000,0.833333,5.500000,5.000000,6.000000,1.000000,25.981534,1.002244,1.127660,0.723561,0.096417,0.932213,24.166092,21.597770,0.833139,12.618954,0.486779,3.767395,0.145328,63.116727,156.685423,160.750474,152.620372,8.130102,0.949424
IC_small_3_278um_cells,635,116,104,0,-1,0.727042,681.750000,574.000000,789.500000,215.500000,0.838822,101.290586,92.412151,110.169021,17.756869,0.849668,1.282834,1.178571,1.387097,0.208525,0.967786,0.831020,0.817416,0.844624,0.027209,1.000000,1.000000,1.000000,1.000000,0.000000,1.000000,6.000000,6.000000,6.000000,0.000000,35.539291,1.365416,2.212121,0.497977,0.280528,0.328260,8.544004,26.953457,1.035549,16.209359,0.622762,4.738886,0.182068,55.846958,112.706650,120.051683,105.361616,14.690067,0.877635
IC_small_3_278um_cells,636,115,114,0,-1,0.899940,792.750000,751.000000,834.500000,83.500000,0.948284,107.952136,105.086607,110.817666,5.731059,0.855856,1.113514,1.027027,1.200000,0.172973,0.999225,0.854253,0.853922,0.854585,0.000663,1.000000,1.000000,1.000000,1.000000,0.000000,1.000000,6.000000,6.000000,6.000000,0.000000,33.212638,1.180011,1.666667,0.592694,0.140650,0.578370,16.278821,25.577138,0.908729,16.588594,0.589376,0.894651,0.031786,82.070364,120.914968,123.219476,118.610460,4.609017,0.962595
IC_small_3_278um_cells,637,115,109,0,-1,0.784901,744.750000,655.000000,834.500000,179.500000,0.886060,104.504398,98.191131,110.817666,12.626535,0.875994,1.099720,1.027027,1.172414,0.145387,0.999743,0.853812,0.853703,0.853922,0.000219,1.000000,1.000000,1.000000,1.000000,0.000000,1.000000,6.000000,6.000000,6.000000,0.000000,32.846511,1.205804,1.244898,0.508785,0.308828,0.315794,8.602325,26.060069,0.956672,15.925153,0.584617,1.387141,0.050922,74.628973,100.151350,112.348108,87.954592,24.393517,0.782876
IC_small_3_278um_cells,638,115,105,0,-1,0.975434,824.250000,814.000000,834.500000,20.500000,0.987418,110.120501,109.423337,110.817666,1.394329,0.821622,1.138514,1.027027,1.250000,0.222973,0.999548,0.854115,0.853922,0.854308,0.000386,1.000000,1.000000,1.000000,1.000000,0.000000,1.000000,6.000000,6.000000,6.000000,0.000000,30.863670,1.075045,1.375000,0.637664,0.130422,0.696641,20.000000,23.669944,0.824472,15.170929,0.528434,1.493155,0.052010,69.965245,117.210477,124.783120,109.637833,15.145287,0.878627
IC_small_3_278um_cells,639,115,103,0,-1,0.973637,823.500000,812.500000,834.500000,22.000000,0.986271,110.056960,109.296254,110.817666,1.521412,0.888240,1.091639,1.027027,1.156250,0.129223,0.999069,0.854320,0.853922,0.854718,0.000796,1.000000,1.000000,1.000000,1.000000,0.000000,1.000000,6.000000,6.000000,6.000000,0.000000,33.874075,1.180444,1.380000,0.564501,0.196721,0.498947,14.317821,26.186257,0.912539,16.904757,0.589097,0.426762,0.014872,81.682637,114.123823,116.861918,111.385728,5.476190,0.953140
IC_small_3_278um_cells,640,114,112,0,-1,0.959387,735.750000,720.500000,751.000000,30.500000,0.974022,106.487973,105.086607,107.889338,2.802731,0.870000,1.289655,1.200000,1.379310,0.179310,0.910189,0.816209,0.777834,0.854585,0.076751,1.000000,1.000000,1.000000,1.000000,0.000000,1.000000,6.000000,6.000000,6.000000,0.000000,30.800374,1.135571,1.600000,0.540847,0.239551,0.517477,14.035669,25.916479,0.955508,15.008997,0.553363,3.280576,0.120951,75.625246,113.661013,138.691386,88.630641,50.060745,0.639049
IC_small_3_278um_cells,641,114,103,0,-1,0.924308,781.750000,751.000000,812.500000,61.500000,0.961484,107.191430,105.086607,109.296254,4.209647,0.963542,1.178125,1.156250,1.200000,0.043750,0.999844,0.854651,0.854585,0.854718,0.000133,1.000000,1.000000,1.000000,1.000000,0.000000,1.000000,6.000000,6.000000,6.000000,0.000000,27.517516,0.984372,1.096154,0.629645,0.186441,0.674955,18.867962,21.891511,0.783116,13.721537,0.490855,1.098337,0.039290,76.262633,115.069179,125.394796,104.743563,20.651233,0.835310
IC_small_3_278um_cells,642,114,99,0,-1,0.719004,897.750000,751.000000,1044.500000,293.500000,0.866450,113.185355,105.086607,121.284104,16.197497,0.855856,1.113514,1.027027,1.200000,0.172973,0.957733,0.873442,0.854585,0.892299,0.037715,1.000000,1.000000,1.000000,1.000000,0.000000,0.857143,6.500000,6.000000,7.000000,1.000000,32.128000,1.075899,1.148148,0.644696,0.155945,0.657932,19.646883,24.393503,0.816887,15.296631,0.512252,4.240204,0.141995,60.386045,117.242409,122.005383,112.479434,9.525949,0.921922
IC_small_3_278um_cells,643,113,110,0,-1,0.982982,611.750000,606.500000,617.000000,10.500000,0.890753,97.961845,92.301660,103.622031,11.320371,0.930931,1.190741,1.148148,1.233333,0.085185,0.807178,0.808337,0.722089,0.894585,0.172496,1.000000,1.000000,1.000000,1.000000,0.000000,0.714286,6.000000,5.000000,7.000000,2.000000,25.994830,1.051003,1.513514,0.586825,0.227217,0.688519,17.029386,21.308492,0.861529,12.793394,0.517253,0.230025,0.009300,64.997040,127.134490,138.215484,116.053495,22.161989,0.839656
IC_small_3_278um_cells,644,113,100,0,-1,0.611391,799.250000,606.500000,992.000000,385.500000,0.777171,105.533959,92.301660,118.766258,26.464598,0.918047,1.101101,1.054054,1.148148,0.094094,0.987902,0.889174,0.883762,0.894585,0.010823,1.000000,1.000000,1.000000,1.000000,0.000000,1.000000,7.000000,7.000000,7.000000,0.000000,34.136992,1.216501,1.192308,0.604942,0.171411,0.513948,14.422205,25.359380,0.903703,17.060465,0.607964,7.513640,0.267755,87.627615,122.085235,123.622898,120.547572,3.075326,0.975123
IC_small_3_278um_cells,645,112,110,0,-1,0.856350,668.750000,617.000000,720.500000,103.500000,0.960447,105.755685,103.622031,107.889338,4.267307,0.894167,1.306322,1.233333,1.379310,0.145977,0.928334,0.749961,0.722089,0.777834,0.055745,1.000000,1.000000,1.000000,1.000000,0.000000,0.833333,5.500000,5.000000,6.000000,1.000000,18.627795,0.720867,1.000000,0.869746,0.026916,1.402787,36.249138,16.225151,0.627889,9.305741,0.360118,1.188865,0.046007,19.445203,165.915834,167.905243,163.926426,3.978817,0.976303
IC_small_3_278um_cells,646,112,99,0,-1,0.689804,882.500000,720.500000,1044.500000,324.000000,0.889559,114.586721,107.889338,121.284104,13.394766,0.744595,1.203169,1.027027,1.379310,0.352283,0.871718,0.835067,0.777834,0.892299,0.114466,1.000000,1.000000,1.000000,1.000000,0.000000,0.857143,6.500000,6.000000,7.000000,1.000000,34.758013,1.175034,1.458333,0.566502,0.236827,0.529150,15.652476,25.745577,0.870358,17.327242,0.585767,1.632435,0.055186,79.522112,106.522517,108.829180,104.215853,4.613326,0.957609
IC_small_3_278um_cells,647,111,109,0,-1,0.861069,609.500000,564.000000,655.000000,91.000000,0.931677,94.836759,91.482387,98.191131,6.708744,0.952586,1.201592,1.172414,1.230769,0.058355,0.991990,0.850284,0.846865,0.853703,0.006838,1.000000,1.000000,1.000000,1.000000,0.000000,0.833333,5.500000,5.000000,6.000000,1.000000,23.926836,0.969843,1.617647,0.665877,0.147662,0.770140,19.000000,19.729340,0.799703,11.917722,0.483069,1.268389,0.051413,79.298297,119.935638,128.500654,111.370622,17.130031,0.866693
IC_small_3_278um_cells,648,111,104,0,-1,0.982578,569.000000,564.000000,574.000000,10.000000,0.989939,91.947269,91.482387,92.412151,0.929765,0.957589,1.204670,1.178571,1.230769,0.052198,0.997355,0.845744,0.844624,0.846865,0.002240,1.000000,1.000000,1.000000,1.000000,0.000000,0.833333,5.500000,5.000000,6.000000,1.000000,24.859315,1.042167,1.238095,0.613675,0.171353,0.654852,15.620499,19.527966,0.818663,12.429498,0.521077,0.823426,0.034520,72.955175,107.608301,121.328693,93.887910,27.440783,0.773831
IC_small_3_278um_cells,649,111,98,0,-1,0.719847,673.750000,564.000000,783.500000,219.500000,0.855304,99.220677,91.482387,106.958967,15.476580,0.884191,1.159502,1.088235,1.230769,0.142534,0.984010,0.853745,0.846865,0.860626,0.013761,1.000000,1.000000,1.000000,1.000000,0.000000,0.833333,5.500000,5.000000,6.000000,1.000000,29.170144,1.127572,1.276596,0.600112,0.161410,0.588775,15.231546,22.809852,0.881715,14.537290,0.561939,3.772514,0.145827,83.484616,119.988112,121.675469,118.300756,3.374713,0.972265
IC_small_3_278um_cells,650,110,100,0,-1,0.621976,804.500000,617.000000,992.000000,375.000000,0.872487,111.194144,103.622031,118.766258,15.144227,0.854638,1.143694,1.054054,1.233333,0.179279,0.817063,0.802926,0.722089,0.883762,0.161673,1.000000,1.000000,1.000000,1.000000,0.000000,0.714286,6.000000,5.000000,7.000000,2.000000,25.452881,0.903618,1.512195,0.726570,0.095090,0.986408,27.784888,20.674957,0.733994,12.196702,0.433002,4.702744,0.166955,58.820364,122.901792,125.479978,120.323607,5.156371,0.958907
IC_small_3_278um_cells,651,110,99,0,-1,0.590713,830.750000,617.000000,1044.500000,427.500000,0.854374,112.453067,103.622031,121.284104,17.662073,0.832725,1.130180,1.027027,1.233333,0.206306,0.809245,0.807194,0.722089,0.892299,0.170210,1.000000,1.000000,1.000000,1.000000,0.000000,0.714286,6.000000,5.000000,7.000000,2.000000,39.462369,1.380812,1.000000,0.464119,0.401444,0.224049,6.403124,29.781190,1.042062,19.594031,0.685607,2.710333,0.094836,83.063185,105.657585,123.436267,87.878904,35.557364,0.711937
IC_small_3_278um_cells,652,109,105,0,-1,0.804668,734.500000,655.000000,814.000000,159.000000,0.897351,103.807234,98.191131,109.423337,11.232206,0.937931,1.211207,1.172414,1.250000,0.077586,0.999292,0.854005,0.853703,0.854308,0.000605,1.000000,1.000000,1.000000,1.000000,0.000000,1.000000,6.000000,6.000000,6.000000,0.000000,24.323726,0.898821,1.133333,0.803443,0.069435,1.035327,28.017851,20.470570,0.756437,11.993361,0.443184,2.188032,0.080853,67.129323,153.636691,162.407575,144.865807,17.541768,0.891989
IC_small_3_278um_cells,653,109,98,0,-1,0.835992,719.250000,655.000000,783.500000,128.500000,0.918026,102.575049,98.191131,106.958967,8.767836,0.928201,1.130325,1.088235,1.172414,0.084178,0.991955,0.857164,0.853703,0.860626,0.006923,1.000000,1.000000,1.000000,1.000000,0.000000,1.000000,6.000000,6.000000,6.000000,0.000000,29.695499,1.108371,1.355556,0.586097,0.245395,0.551090,14.764823,24.104327,0.899683,14.696586,0.548543,0.114082,0.004258,77.371187,115.904525,118.610460,113.198591,5.411869,0.954373
IC_small_3_278um_cells,654,108,107,0,-1,0.484917,1144.500000,747.500000,1541.500000,794.000000,0.677229,141.941102,114.625573,169.256630,54.631057,0.920635,1.390805,1.333333,1.448276,0.114943,0.945810,0.695550,0.676180,0.714921,0.038741,0.957751,0.978875,0.957751,1.000000,0.042249,0.714286,6.000000,5.000000,7.000000,2.000000,37.522079,1.126749,1.203125,0.555639,0.286151,0.846156,28.178006,27.773678,0.834014,13.200843,0.396408,2.803486,0.084186,24.561158,120.902275,129.760456,112.044093,17.716363,0.863469
IC_small_3_278um_cells,655,108,106,0,-1,0.952508,729.750000,712.000000,747.500000,35.500000,0.919491,110.011381,105.397189,114.625573,9.228384,0.952381,1.413793,1.379310,1.448276,0.068966,0.887618,0.760179,0.714921,0.805437,0.090516,1.000000,1.000000,1.000000,1.000000,0.000000,0.833333,5.500000,5.000000,6.000000,1.000000,33.027705,1.222710,1.750000,0.468146,0.340185,0.408907,11.045361,25.336527,0.937977,16.429541,0.608234,3.020215,0.111811,89.434079,105.664537,112.265630,99.063444,13.202185,0.882402
IC_small_3_278um_cells,656,108,97,0,-1,0.741200,878.000000,747.500000,1008.500000,261.000000,0.927824,119.083981,114.625573,123.542388,8.916815,0.761294,1.275420,1.102564,1.448276,0.345712,0.861002,0.772628,0.714921,0.830336,0.115415,1.000000,1.000000,1.000000,1.000000,0.000000,0.833333,5.500000,5.000000,6.000000,1.000000,31.571741,1.068466,1.067797,0.578144,0.132403,0.724261,21.400935,25.324277,0.857036,15.784840,0.534198,4.255792,0.144027,79.505183,124.312362,128.336770,120.287953,8.048817,0.937284
IC_small_3_278um_cells,657,108,96,0,-1,0.974576,757.250000,747.500000,767.000000,19.500000,0.926502,110.413207,106.200842,114.625573,8.424731,0.801843,1.304783,1.161290,1.448276,0.286986,0.836582,0.784747,0.714921,0.854573,0.139652,1.000000,1.000000,1.000000,1.000000,0.000000,0.833333,5.500000,5.000000,6.000000,1.000000,31.295588,1.137293,1.355556,0.488326,0.315616,0.425353,11.704700,25.358141,0.921524,15.643516,0.568491,1.392499,0.050604,89.967977,104.941258,117.100510,92.782006,24.318505,0.792328
IC_small_3_278um_cells,658,107,102,0,-1,0.905611,1468.750000,1396.000000,1541.500000,145.500000,0.884100,159.448194,149.639758,169.256630,19.616872,0.812500,1.208333,1.083333,1.333333,0.250000,0.863099,0.729806,0.676180,0.783432,0.107252,0.957751,0.978875,0.957751,1.000000,0.042249,0.857143,6.500000,6.000000,7.000000,1.000000,30.550421,0.797401,1.366667,0.763644,0.076255,1.292467,49.517674,25.206885,0.657928,14.413427,0.376207,0.892653,0.023299,40.279137,147.443879,154.648214,140.239544,14.408670,0.906829
IC_small_3_278um_cells,659,107,96,0,-1,0.497567,1154.250000,767.000000,1541.500000,774.500000,0.627455,137.728736,106.200842,169.256630,63.055788,0.870968,1.247312,1.161290,1.333333,0.172043,0.791248,0.765376,0.676180,0.854573,0.178394,0.957751,0.978875,0.957751,1.000000,0.042249,0.857143,6.500000,6.000000,7.000000,1.000000,50.173418,1.498682,1.476190,0.472916,0.316223,0.414968,13.892444,37.649210,1.124584,25.085359,0.749301,18.728487,0.559421,87.388205,125.418927,137.457538,113.380316,24.077222,0.824839
IC_small_3_278um_cells,660,106,97,0,-1,0.705999,860.250000,712.000000,1008.500000,296.500000,0.853126,114.469789,105.397189,123.542388,18.145199,0.799359,1.240937,1.102564,1.379310,0.276746,0.970014,0.817887,0.805437,0.830336,0.024898,1.000000,1.000000,1.000000,1.000000,0.000000,1.000000,6.000000,6.000000,6.000000,0.000000,28.620449,0.979478,1.391304,0.716027,0.100843,0.944084,27.586228,23.035580,0.788347,13.806619,0.472504,3.961051,0.135559,63.868435,140.136051,147.672316,132.599786,15.072530,0.897933
IC_small_3_278um_cells,661,105,103,0,-1,0.998157,813.250000,812.500000,814.000000,1.500000,0.998839,109.359795,109.296254,109.423337,0.127083,0.925000,1.203125,1.156250,1.250000,0.093750,0.999520,0.854513,0.854308,0.854718,0.000410,1.000000,1.000000,1.000000,1.000000,0.000000,1.000000,6.000000,6.000000,6.000000,0.000000,29.828304,1.045964,1.418605,0.602437,0.207501,0.605335,17.262677,24.204669,0.848764,14.836206,0.520249,1.403193,0.049205,86.427680,110.118397,118.354962,101.881831,16.473130,0.860816
IC_small_3_278um_cells,662,105,98,0,-1,0.962531,798.750000,783.500000,814.000000,30.500000,0.977479,108.191152,106.958967,109.423337,2.464370,0.870588,1.169118,1.088235,1.250000,0.161765,0.992659,0.857467,0.854308,0.860626,0.006318,1.000000,1.000000,1.000000,1.000000,0.000000,1.000000,6.000000,6.000000,6.000000,0.000000,29.665112,1.049688,1.220000,0.615446,0.189358,0.632979,17.888544,23.337816,0.825799,14.774688,0.522797,1.065008,0.037685,86.365882,114.624822,132.725911,96.523733,36.202178,0.727241
IC_small_3_278um_cells,663,105,94,0,-1,0.901720,774.000000,734.000000,814.000000,80.000000,0.954529,106.935551,104.447765,109.423337,4.975572,0.900000,1.187500,1.125000,1.250000,0.125000,0.989677,0.849898,0.845488,0.854308,0.008819,1.000000,1.000000,1.000000,1.000000,0.000000,0.857143,6.500000,6.000000,7.000000,1.000000,32.585411,1.171650,1.089286,0.565649,0.236434,0.511035,14.212670,24.986189,0.898410,16.031547,0.576435,0.970492,0.034895,71.171664,115.231997,123.064397,107.399596,15.664802,0.872711
IC_small_3_278um_cells,664,105,92,0,-1,0.682432,684.750000,555.500000,814.000000,258.500000,0.847338,101.070966,92.718595,109.423337,16.704741,0.942857,1.214286,1.178571,1.250000,0.071429,0.950486,0.833158,0.812008,0.854308,0.042300,1.000000,1.000000,1.000000,1.000000,0.000000,1.000000,6.000000,6.000000,6.000000,0.000000,31.231591,1.198916,1.763158,0.542807,0.193501,0.462252,12.041595,23.333894,0.895739,15.428063,0.592251,5.566756,0.213696,74.681445,109.177617,112.409837,105.945396,6.464441,0.942492
IC_small_3_278um_cells,665,104,98,0,-1,0.732610,678.750000,574.000000,783.500000,209.500000,0.863996,99.685559,92.412151,106.958967,14.546815,0.923351,1.133403,1.088235,1.178571,0.090336,0.981407,0.852625,0.844624,0.860626,0.016002,1.000000,1.000000,1.000000,1.000000,0.000000,1.000000,6.000000,6.000000,6.000000,0.000000,30.173481,1.161650,1.536585,0.582796,0.191529,0.544458,14.142136,23.002123,0.885559,15.039469,0.579005,4.680517,0.180195,74.575216,115.438557,116.995838,113.881276,3.114562,0.973379
IC_small_3_278um_cells,666,104,95,0,-1,0.951118,588.750000,574.000000,603.500000,29.500000,0.989674,92.894241,92.412151,93.376330,0.964179,0.905051,1.122619,1.066667,1.178571,0.111905,0.971069,0.857206,0.844624,0.869788,0.025164,1.000000,1.000000,1.000000,1.000000,0.000000,1.000000,6.000000,6.000000,6.000000,0.000000,23.913118,0.985609,1.214286,0.728463,0.123992,0.891644,21.633308,20.876545,0.860453,11.955940,0.492779,0.667328,0.027505,81.454671,152.345800,158.299463,146.392136,11.907327,0.924780
IC_small_3_278um_cells,667,104,88,0,-1,0.541509,817.000000,574.000000,1060.000000,486.000000,0.744746,108.248805,92.412151,124.085459,31.673308,0.910569,1.125871,1.073171,1.178571,0.105401,0.976314,0.854870,0.844624,0.865115,0.020491,1.000000,1.000000,1.000000,1.000000,0.000000,0.857143,6.500000,6.000000,7.000000,1.000000,33.571461,1.188035,1.333333,0.531799,0.255202,0.353882,10.000000,26.988999,0.955093,16.404729,0.580535,6.337923,0.224288,75.054468,101.689613,111.118724,92.260502,18.858222,0.830288
IC_small_3_278um_cells,668,103,99,0,-1,0.777884,928.500000,812.500000,1044.500000,232.000000,0.901159,115.290179,109.296254,121.284104,11.987850,0.888240,1.091639,1.027027,1.156250,0.129223,0.957882,0.873508,0.854718,0.892299,0.037582,1.000000,1.000000,1.000000,1.000000,0.000000,0.857143,6.500000,6.000000,7.000000,1.000000,33.888635,1.114334,1.666667,0.629213,0.137588,0.624763,19.000000,27.012618,0.888235,16.767029,0.551337,4.295010,0.141230,76.994419,112.338605,133.251054,91.426156,41.824898,0.686120
IC_small_3_278um_cells,669,103,94,0,-1,0.903385,773.250000,734.000000,812.500000,78.500000,0.955639,106.872009,104.447765,109.296254,4.848489,0.972973,1.140625,1.125000,1.156250,0.031250,0.989202,0.850103,0.845488,0.854718,0.009229,1.000000,1.000000,1.000000,1.000000,0.000000,0.857143,6.500000,6.000000,7.000000,1.000000,24.226876,0.871520,1.341463,0.831097,0.051083,1.094085,30.413813,19.980105,0.718750,12.033669,0.432891,1.275477,0.045883,65.882119,157.329293,163.940013,150.718573,13.221440,0.919352
IC_small_3_278um_cells,670,103,93,0,-1,0.597538,649.000000,485.500000,812.500000,327.000000,0.796003,98.148219,87.000184,109.296254,22.296070,0.992993,1.152199,1.148148,1.156250,0.008102,0.943053,0.830381,0.806044,0.854718,0.048674,1.000000,1.000000,1.000000,1.000000,0.000000,1.000000,6.000000,6.000000,6.000000,0.000000,32.495647,1.285977,1.037037,0.518129,0.328197,0.373339,9.433981,25.829106,1.022157,15.228212,0.602639,6.966628,0.275696,72.594307,111.020703,120.579227,101.462180,19.117047,0.841457
IC_small_3_278um_cells,671,102,96,0,-1,0.549427,1081.500000,767.000000,1396.000000,629.000000,0.709710,127.920300,106.200842,149.639758,43.438916,0.932870,1.122312,1.083333,1.161290,0.077957,0.916752,0.819003,0.783432,0.854573,0.071141,1.000000,1.000000,1.000000,1.000000,0.000000,1.000000,6.000000,6.000000,6.000000,0.000000,40.438490,1.243155,1.190476,0.503127,0.301433,0.359824,11.704700,32.414340,0.996477,20.194157,0.620806,11.970158,0.367985,85.838824,98.934004,106.380140,91.487868,14.892272,0.860009
IC_small_3_278um_cells,672,102,87,0,-1,0.720989,1201.250000,1006.500000,1396.000000,389.500000,0.864150,139.475448,129.311138,149.639758,20.328620,0.935606,1.120614,1.083333,1.157895,0.074561,0.965496,0.769916,0.756400,0.783432,0.027032,0.995057,0.997528,0.995057,1.000000,0.004943,0.833333,5.500000,5.000000,6.000000,1.000000,39.562580,1.145273,1.648148,0.616872,0.080125,0.835501,28.861739,31.349675,0.907523,19.651938,0.568892,4.512610,0.130633,70.318401,158.407900,172.323018,144.492782,27.830236,0.838500
IC_small_3_278um_cells,673,100,99,0,-1,0.949737,1018.250000,992.000000,1044.500000,52.500000,0.979240,120.025181,118.766258,121.284104,2.517846,0.974359,1.040541,1.027027,1.054054,0.027027,0.990432,0.888031,0.883762,0.892299,0.008537,1.000000,1.000000,1.000000,1.000000,0.000000,1.000000,7.000000,7.000000,7.000000,0.000000,36.383033,1.140270,1.850000,0.614973,0.178247,0.565003,18.027756,26.248481,0.822646,18.148936,0.568801,0.954852,0.029926,87.119111,118.223108,125.362462,111.083755,14.278707,0.886101
IC_small_3_278um_cells,674,100,91,0,-1,0.515625,751.750000,511.500000,992.000000,480.500000,0.765515,104.841810,90.917363,118.766258,27.848895,0.837043,1.156657,1.054054,1.259259,0.205205,0.879886,0.830686,0.777610,0.883762,0.106152,1.000000,1.000000,1.000000,1.000000,0.000000,0.714286,6.000000,5.000000,7.000000,2.000000,31.646418,1.169655,1.035088,0.593783,0.167609,0.578517,15.652476,25.202763,0.931497,15.444321,0.570824,8.291670,0.306461,64.832727,126.291396,131.330474,121.252317,10.078157,0.923261
IC_small_3_278um_cells,675,99,93,0,-1,0.464816,765.000000,485.500000,1044.500000,559.000000,0.717326,104.142144,87.000184,121.284104,34.283920,0.894507,1.087588,1.027027,1.148148,0.121121,0.903334,0.849172,0.806044,0.892299,0.086255,1.000000,1.000000,1.000000,1.000000,0.000000,0.857143,6.500000,6.000000,7.000000,1.000000,25.219390,0.927989,1.085106,0.778262,0.064706,0.940296,25.553865,21.110699,0.776803,12.593071,0.463383,7.145532,0.262932,84.557604,150.802391,153.610165,147.994617,5.615548,0.963443
IC_small_3_278um_cells,676,99,91,0,-1,0.489708,778.000000,511.500000,1044.500000,533.000000,0.749623,106.100733,90.917363,121.284104,30.366741,0.815580,1.143143,1.027027,1.259259,0.232232,0.871468,0.834955,0.777610,0.892299,0.114689,1.000000,1.000000,1.000000,1.000000,0.000000,0.714286,6.000000,5.000000,7.000000,2.000000,29.138113,1.060820,1.098039,0.615739,0.153599,0.618912,17.000000,23.658171,0.861314,14.483807,0.527306,9.000277,0.327670,75.049515,99.213385,113.385221,85.041549,28.343672,0.750023
IC_small_3_278um_cells,677,98,92,0,-1,0.708998,669.500000,555.500000,783.500000,228.000000,0.866861,99.838781,92.718595,106.958967,14.240372,0.923351,1.133403,1.088235,1.178571,0.090336,0.943508,0.836317,0.812008,0.860626,0.048618,1.000000,1.000000,1.000000,1.000000,0.000000,1.000000,6.000000,6.000000,6.000000,0.000000,28.078355,1.089150,1.098039,0.602468,0.180358,0.631450,16.278821,22.024335,0.854317,14.011878,0.543516,5.984186,0.232125,81.932840,114.024356,121.328693,106.720019,14.608674,0.879594
IC_small_3_278um_cells,678,98,88,0,-1,0.739151,921.750000,783.500000,1060.000000,276.500000,0.861978,115.522213,106.958967,124.085459,17.126492,0.986157,1.080703,1.073171,1.088235,0.015065,0.994811,0.862871,0.860626,0.865115,0.004489,1.000000,1.000000,1.000000,1.000000,0.000000,0.857143,6.500000,6.000000,7.000000,1.000000,28.454930,0.939902,1.089286,0.767471,0.061296,0.946448,28.653098,22.349488,0.738232,14.199027,0.469012,4.397506,0.145255,89.381013,140.019627,145.039255,135.000000,10.039255,0.930782
IC_small_3_278um_cells,679,97,96,0,-1,0.760535,887.750000,767.000000,1008.500000,241.500000,0.859631,114.871615,106.200842,123.542388,17.341546,0.949430,1.131927,1.102564,1.161290,0.058726,0.971638,0.842455,0.830336,0.854573,0.024237,1.000000,1.000000,1.000000,1.000000,0.000000,1.000000,6.000000,6.000000,6.000000,0.000000,29.855570,1.004365,1.466667,0.651755,0.132075,0.752231,22.360680,24.209703,0.814433,14.925217,0.502096,2.857650,0.096134,86.771411,111.789705,122.611537,100.967872,21.643665,0.823478
IC_small_3_278um_cells,680,97,89,0,-1,0.805652,910.500000,812.500000,1008.500000,196.000000,0.903024,117.552090,111.561793,123.542388,11.980595,0.931490,1.064796,1.027027,1.102564,0.075537,0.987981,0.825346,0.820356,0.830336,0.009980,1.000000,1.000000,1.000000,1.000000,0.000000,1.000000,6.000000,6.000000,6.000000,0.000000,26.811266,0.889834,1.382979,0.810563,0.021142,1.113187,33.541020,20.096314,0.666973,13.403522,0.444847,3.143225,0.104320,83.852650,158.363122,173.011510,143.714733,29.296777,0.830666
IC_small_3_278um_cells,681,97,85,0,-1,0.847298,931.500000,854.500000,1008.500000,154.000000,0.918815,118.527510,113.512632,123.542388,10.029756,0.906977,1.051282,1.000000,1.102564,0.102564,0.996369,0.831849,0.830336,0.833362,0.003026,1.000000,1.000000,1.000000,1.000000,0.000000,1.000000,6.000000,6.000000,6.000000,0.000000,37.716045,1.236820,1.196721,0.491773,0.313205,0.309368,9.433981,29.909432,0.980818,17.447960,0.572170,2.795595,0.091676,66.339605,96.140411,100.732665,91.548158,9.184507,0.908823
IC_small_3_278um_cells,682,96,87,0,-1,0.762047,886.750000,767.000000,1006.500000,239.500000,0.821281,117.755990,106.200842,129.311138,23.110296,0.997076,1.159593,1.157895,1.161290,0.003396,0.885121,0.805487,0.756400,0.854573,0.098173,0.995057,0.997528,0.995057,1.000000,0.004943,0.833333,5.500000,5.000000,6.000000,1.000000,31.635186,1.064797,1.050847,0.567620,0.212574,0.628795,18.681542,24.453882,0.823084,14.106615,0.474809,1.313289,0.044203,47.383167,108.851418,124.019350,93.683486,30.335864,0.755394
IC_small_3_278um_cells,683,96,85,0,-1,0.897601,810.750000,767.000000,854.500000,87.500000,0.935586,109.856737,106.200842,113.512632,7.311790,0.861111,1.080645,1.000000,1.161290,0.161290,0.975179,0.843967,0.833362,0.854573,0.021212,1.000000,1.000000,1.000000,1.000000,0.000000,1.000000,6.000000,6.000000,6.000000,0.000000,28.034331,0.984929,1.488372,0.757599,0.047179,0.978691,27.856777,22.756261,0.799495,13.997427,0.491771,1.222573,0.042953,82.659393,168.234775,178.170086,158.299463,19.870623,0.888474
IC_small_3_278um_cells,684,95,90,0,-1,0.888153,641.500000,603.500000,679.500000,76.000000,0.936014,96.567921,93.376330,99.759513,6.383182,0.996094,1.064583,1.062500,1.066667,0.004167,0.986455,0.863897,0.858007,0.869788,0.011782,1.000000,1.000000,1.000000,1.000000,0.000000,1.000000,6.000000,6.000000,6.000000,0.000000,29.447598,1.163168,1.525000,0.555702,0.249026,0.450364,11.401754,22.941435,0.906177,14.704228,0.580811,2.405404,0.095012,87.962256,108.529809,130.426079,86.633539,43.792539,0.664235
IC_small_3_278um_cells,685,95,88,0,-1,0.569340,831.750000,603.500000,1060.000000,456.500000,0.752516,108.730895,93.376330,124.085459,30.709129,0.993939,1.069919,1.066667,1.073171,0.006504,0.994627,0.867452,0.865115,0.869788,0.004673,1.000000,1.000000,1.000000,1.000000,0.000000,0.857143,6.500000,6.000000,7.000000,1.000000,29.491965,1.032562,1.382979,0.680470,0.097385,0.738571,21.095023,22.523818,0.788596,14.520033,0.508370,6.025018,0.210946,76.096476,120.975241,132.510447,109.440035,23.070412,0.825897
IC_small_3_278um_cells,686,95,82,0,-1,0.880696,567.500000,531.500000,603.500000,72.000000,0.996173,93.197654,93.018978,93.376330,0.357352,0.966667,1.085057,1.066667,1.103448,0.036782,0.887476,0.820852,0.771916,0.869788,0.097872,1.000000,1.000000,1.000000,1.000000,0.000000,0.833333,5.500000,5.000000,6.000000,1.000000,29.212234,1.226876,1.937500,0.515138,0.319824,0.419987,10.000000,23.200160,0.974377,14.598849,0.613133,0.731278,0.030713,86.524156,113.961043,121.862099,106.059987,15.802112,0.870328
IC_small_3_278um_cells,687,95,81,0,-1,0.971038,612.500000,603.500000,621.500000,18.000000,0.912312,97.863845,93.376330,102.351361,8.975030,0.685714,1.311111,1.066667,1.555556,0.488889,0.857137,0.807658,0.745528,0.869788,0.124261,1.000000,1.000000,1.000000,1.000000,0.000000,1.000000,6.000000,6.000000,6.000000,0.000000,31.068258,1.255381,1.312500,0.522500,0.218776,0.486567,12.041595,24.483603,0.989314,14.997544,0.606009,2.526289,0.102080,64.353502,113.124621,119.744881,106.504361,13.240520,0.889427
IC_small_3_278um_cells,688,94,93,0,-1,0.661444,609.750000,485.500000,734.000000,248.500000,0.832954,95.723974,87.000184,104.447765,17.447581,0.979839,1.136574,1.125000,1.148148,0.023148,0.953347,0.825766,0.806044,0.845488,0.039444,1.000000,1.000000,1.000000,1.000000,0.000000,0.857143,6.500000,6.000000,7.000000,1.000000,28.409912,1.156602,1.909091,0.581577,0.161542,0.592764,14.560220,21.864862,0.890145,14.016851,0.570643,5.392712,0.219544,84.507237,113.208989,131.820170,94.597808,37.222362,0.717628
IC_small_3_278um_cells,689,94,92,0,-1,0.756812,644.750000,555.500000,734.000000,178.500000,0.887703,98.583180,92.718595,104.447765,11.729169,0.954545,1.151786,1.125000,1.178571,0.053571,0.960401,0.828748,0.812008,0.845488,0.033480,1.000000,1.000000,1.000000,1.000000,0.000000,0.857143,6.500000,6.000000,7.000000,1.000000,29.044496,1.146611,1.631579,0.576624,0.195812,0.582882,14.764823,22.187769,0.875923,13.866071,0.547401,0.717912,0.028342,65.506387,109.561786,124.525765,94.597808,29.927957,0.759665
IC_small_3_278um_cells,690,94,84,0,-1,0.877384,689.000000,644.000000,734.000000,90.000000,0.979901,103.398110,102.348455,104.447765,2.099310,0.972973,1.140625,1.125000,1.156250,0.031250,0.913746,0.809025,0.772562,0.845488,0.072927,1.000000,1.000000,1.000000,1.000000,0.000000,0.857143,6.500000,6.000000,7.000000,1.000000,32.192734,1.227101,1.089286,0.490315,0.290639,0.359598,9.433981,24.799103,0.945275,15.381528,0.586303,1.693189,0.064540,70.519083,100.677922,112.249024,89.106820,23.142204,0.793832
IC_small_3_278um_cells,691,94,83,0,-1,0.756812,644.750000,555.500000,734.000000,178.500000,0.893363,98.878749,93.309734,104.447765,11.138031,0.920455,1.173611,1.125000,1.222222,0.097222,0.948271,0.823620,0.801752,0.845488,0.043736,1.000000,1.000000,1.000000,1.000000,0.000000,0.857143,6.500000,6.000000,7.000000,1.000000,32.795746,1.294701,1.173077,0.491181,0.235363,0.318280,8.062258,24.498983,0.967164,16.225303,0.640538,2.277978,0.089929,77.501435,98.955857,105.422161,92.489553,12.932608,0.877326
IC_small_3_278um_cells,692,94,79,0,-1,0.905313,699.250000,664.500000,734.000000,69.500000,0.981277,103.469973,102.492181,104.447765,1.955584,0.964286,1.145833,1.125000,1.166667,0.041667,0.940190,0.820204,0.794920,0.845488,0.050568,1.000000,1.000000,1.000000,1.000000,0.000000,0.714286,6.000000,5.000000,7.000000,2.000000,31.568811,1.194198,1.861111,0.536789,0.294959,0.491769,13.000000,22.973198,0.869039,15.775411,0.596759,0.370635,0.014021,71.165898,115.034157,125.745593,104.322720,21.422873,0.829633
IC_small_3_278um_cells,693,93,91,0,-1,0.949169,498.500000,485.500000,511.500000,26.000000,0.956915,88.958773,87.000184,90.917363,3.917179,0.911765,1.203704,1.148148,1.259259,0.111111,0.964724,0.791827,0.777610,0.806044,0.028434,1.000000,1.000000,1.000000,1.000000,0.000000,0.833333,5.500000,5.000000,6.000000,1.000000,30.489823,1.365712,1.875000,0.485069,0.340020,0.385319,8.602325,23.281258,1.042823,13.640739,0.611001,0.733281,0.032845,60.582917,121.618044,121.887802,121.348286,0.539516,0.995574
IC_small_3_278um_cells,694,93,86,0,-1,0.730075,575.250000,485.500000,665.000000,179.500000,0.872604,93.351001,87.000184,99.701817,12.701633,0.924897,1.194764,1.148148,1.241379,0.093231,0.958812,0.823357,0.806044,0.840670,0.034626,1.000000,1.000000,1.000000,1.000000,0.000000,1.000000,6.000000,6.000000,6.000000,0.000000,27.158357,1.135818,1.040816,0.560363,0.195567,0.545293,13.038405,22.052600,0.922285,13.382223,0.559672,4.535260,0.189674,72.520293,102.946151,125.788973,80.103328,45.685645,0.636807
IC_small_3_278um_cells,695,93,83,0,-1,0.873987,520.500000,485.500000,555.500000,70.000000,0.932381,90.154959,87.000184,93.309734,6.309550,0.939394,1.185185,1.148148,1.222222,0.074074,0.994675,0.803898,0.801752,0.806044,0.004292,1.000000,1.000000,1.000000,1.000000,0.000000,1.000000,6.000000,6.000000,6.000000,0.000000,23.927274,1.049370,1.447368,0.591717,0.175793,0.693435,15.811388,19.487931,0.854675,11.961432,0.524588,1.353005,0.059338,79.390589,120.403722,135.690277,105.117168,30.573110,0.774685
IC_small_3_278um_cells,696,92,88,0,-1,0.524057,807.750000,555.500000,1060.000000,504.500000,0.747216,108.402027,92.718595,124.085459,31.366864,0.910569,1.125871,1.073171,1.178571,0.105401,0.938612,0.838562,0.812008,0.865115,0.053107,1.000000,1.000000,1.000000,1.000000,0.000000,0.857143,6.500000,6.000000,7.000000,1.000000,35.944076,1.280819,1.829268,0.515925,0.222532,0.328526,9.219544,27.702067,0.987126,16.990616,0.605438,8.808097,0.313865,62.089975,97.254665,108.240727,86.268603,21.972124,0.797007
IC_small_3_278um_cells,697,92,84,0,-1,0.862578,599.750000,555.500000,644.000000,88.500000,0.905911,97.533525,92.718595,102.348455,9.629859,0.981061,1.167411,1.156250,1.178571,0.022321,0.951421,0.792285,0.772562,0.812008,0.039446,1.000000,1.000000,1.000000,1.000000,0.000000,1.000000,6.000000,6.000000,6.000000,0.000000,20.227011,0.826500,1.342105,0.836469,0.016257,1.242745,30.413813,17.227045,0.703918,10.061981,0.411144,1.708160,0.069797,68.550720,172.100308,176.295373,167.905243,8.390130,0.952409
IC_small_3_278um_cells,698,92,80,0,-1,0.863919,599.250000,555.500000,643.000000,87.500000,0.898372,97.962986,92.718595,103.207377,10.488781,0.848485,1.089286,1.000000,1.178571,0.178571,0.934198,0.785292,0.758576,0.812008,0.053431,1.000000,1.000000,1.000000,1.000000,0.000000,1.000000,6.000000,6.000000,6.000000,0.000000,33.266998,1.359877,1.018519,0.486618,0.245307,0.408776,10.000000,26.137655,1.068446,16.212672,0.662736,0.883354,0.036109,77.572477,117.881269,143.130102,92.632435,50.497667,0.647190
IC_small_3_278um_cells,699,91,86,0,-1,0.769173,588.250000,511.500000,665.000000,153.500000,0.911893,95.309590,90.917363,99.701817,8.784455,0.985801,1.250319,1.241379,1.259259,0.017880,0.924989,0.809140,0.777610,0.840670,0.063060,1.000000,1.000000,1.000000,1.000000,0.000000,0.833333,5.500000,5.000000,6.000000,1.000000,20.896904,0.863438,1.022727,0.809323,0.043774,1.145809,27.730849,17.364259,0.717473,10.299956,0.425583,1.621434,0.066996,77.523942,160.060658,162.112446,158.008870,4.103576,0.974687
IC_small_3_278um_cells,700,90,89,0,-1,0.836308,746.000000,679.500000,812.500000,133.000000,0.894209,105.660653,99.759513,111.561793,11.802280,0.966614,1.044764,1.027027,1.062500,0.035473,0.956118,0.839181,0.820356,0.858007,0.037651,1.000000,1.000000,1.000000,1.000000,0.000000,1.000000,6.000000,6.000000,6.000000,0.000000,30.844961,1.130440,1.634146,0.561785,0.170912,0.524735,14.317821,23.132106,0.847771,14.138175,0.518151,2.247585,0.082372,52.168212,95.696305,100.304846,91.087764,9.217083,0.908109
IC_small_3_278um_cells,701,90,81,0,-1,0.914643,650.500000,621.500000,679.500000,58.000000,0.974677,101.055437,99.759513,102.351361,2.591848,0.683036,1.309028,1.062500,1.555556,0.493056,0.868907,0.801767,0.745528,0.858007,0.112479,1.000000,1.000000,1.000000,1.000000,0.000000,1.000000,6.000000,6.000000,6.000000,0.000000,22.933308,0.899396,1.425000,0.742661,0.077633,1.053787,26.870058,19.393409,0.760569,11.114763,0.435898,0.500029,0.019610,58.898193,150.059071,153.621579,146.496563,7.125016,0.953620
IC_small_3_278um_cells,702,90,78,0,-1,0.815237,756.500000,679.500000,833.500000,154.000000,0.888309,106.031117,99.759513,112.302721,12.543208,0.929688,1.102679,1.062500,1.142857,0.080357,0.967931,0.844249,0.830491,0.858007,0.027516,1.000000,1.000000,1.000000,1.000000,0.000000,1.000000,6.000000,6.000000,6.000000,0.000000,32.922875,1.198555,1.354167,0.583964,0.190020,0.575612,15.811388,26.910845,0.979687,16.348192,0.595155,1.736236,0.063208,83.956647,130.146674,147.094757,113.198591,33.896167,0.769562
IC_small_3_278um_cells,703,89,85,0,-1,0.950848,833.500000,812.500000,854.500000,42.000000,0.982814,112.537213,111.561793,113.512632,1.950839,0.973684,1.013514,1.000000,1.027027,0.027027,0.984393,0.826859,0.820356,0.833362,0.013006,1.000000,1.000000,1.000000,1.000000,0.000000,1.000000,6.000000,6.000000,6.000000,0.000000,33.175355,1.149204,1.533333,0.568441,0.194661,0.573399,16.552945,26.620072,0.922127,16.203080,0.561280,0.403823,0.013989,86.381807,105.448509,115.456686,95.440332,20.016354,0.826633
IC_small_3_278um_cells,704,89,78,0,-1,0.974805,823.000000,812.500000,833.500000,21.000000,0.993402,111.932257,111.561793,112.302721,0.740928,0.898649,1.084942,1.027027,1.142857,0.115830,0.987796,0.825423,0.820356,0.830491,0.010135,1.000000,1.000000,1.000000,1.000000,0.000000,1.000000,6.000000,6.000000,6.000000,0.000000,27.302143,0.951712,1.129630,0.648380,0.122722,0.788758,22.627417,21.031743,0.733135,13.342653,0.465105,0.906509,0.031600,48.858321,121.159578,129.718759,112.600396,17.118363,0.868035
IC_small_3_278um_cells,705,89,74,0,-1,0.727395,964.750000,812.500000,1117.000000,304.500000,0.871985,119.750929,111.561793,127.940066,16.378273,0.996867,1.025418,1.023810,1.027027,0.003218,0.956648,0.838943,0.820356,0.857531,0.037175,1.000000,1.000000,1.000000,1.000000,0.000000,1.000000,6.000000,6.000000,6.000000,0.000000,38.474038,1.242582,1.258621,0.540933,0.199793,0.448679,13.892444,30.298969,0.978555,19.233109,0.621165,5.261569,0.169931,84.104411,112.403831,125.537678,99.269983,26.267694,0.790758
IC_small_3_278um_cells,706,88,82,0,-1,0.501415,795.750000,531.500000,1060.000000,528.500000,0.749636,108.552218,93.018978,124.085459,31.066481,0.972561,1.088310,1.073171,1.103448,0.030278,0.892270,0.818516,0.771916,0.865115,0.093199,1.000000,1.000000,1.000000,1.000000,0.000000,0.714286,6.000000,5.000000,7.000000,2.000000,32.318871,1.162300,1.107143,0.587224,0.150801,0.585444,16.278821,25.744996,0.925880,16.013201,0.575891,7.721179,0.277681,88.302338,114.932257,121.429566,108.434949,12.994617,0.892986
IC_small_3_278um_cells,707,88,80,0,-1,0.606604,851.500000,643.000000,1060.000000,417.000000,0.831744,113.646418,103.207377,124.085459,20.878082,0.931818,1.036585,1.000000,1.073171,0.073171,0.876850,0.811846,0.758576,0.865115,0.106539,1.000000,1.000000,1.000000,1.000000,0.000000,0.857143,6.500000,6.000000,7.000000,1.000000,25.502447,0.880684,1.055556,0.723587,0.107457,0.955144,27.658633,19.718089,0.680931,12.671397,0.437585,5.694297,0.196643,81.777915,121.540365,130.601295,112.479434,18.121860,0.861243
IC_small_3_278um_cells,708,88,77,0,-1,0.505189,797.750000,535.500000,1060.000000,524.500000,0.742738,108.124216,92.162974,124.085459,31.922485,0.993939,1.069919,1.066667,1.073171,0.006504,0.915762,0.828677,0.792239,0.865115,0.072876,1.000000,1.000000,1.000000,1.000000,0.000000,0.714286,6.000000,5.000000,7.000000,2.000000,34.254424,1.229994,1.283019,0.533342,0.230649,0.401459,11.180340,27.268805,0.979157,17.086777,0.613545,7.285195,0.261594,83.532291,113.588232,134.686911,92.489553,42.197359,0.686700
IC_small_3_278um_cells,709,87,85,0,-1,0.848982,930.500000,854.500000,1006.500000,152.000000,0.877826,121.411885,113.512632,129.311138,15.798505,0.863636,1.078947,1.000000,1.157895,0.157895,0.907650,0.794881,0.756400,0.833362,0.076961,0.995057,0.997528,0.995057,1.000000,0.004943,0.833333,5.500000,5.000000,6.000000,1.000000,32.454697,1.064835,1.543478,0.533860,0.242880,0.549994,16.763055,26.571940,0.871823,14.508807,0.476032,0.183624,0.006025,57.708006,96.749241,109.011881,84.486600,24.525281,0.775022
IC_small_3_278um_cells,710,87,73,0,-1,0.858420,935.250000,864.000000,1006.500000,142.500000,0.882006,121.682149,114.053161,129.311138,15.257977,0.937343,1.196594,1.157895,1.235294,0.077399,0.906239,0.795530,0.756400,0.834659,0.078258,0.995057,0.997528,0.995057,1.000000,0.004943,0.833333,5.500000,5.000000,6.000000,1.000000,34.685750,1.135019,1.551020,0.629699,0.089281,0.820686,25.079872,27.392116,0.896350,17.332913,0.567183,3.223514,0.105483,89.250451,164.582609,174.321641,154.843578,19.478063,0.888264
IC_small_3_278um_cells,711,86,83,0,-1,0.835338,610.250000,555.500000,665.000000,109.500000,0.935888,96.505776,93.309734,99.701817,6.392083,0.984568,1.231801,1.222222,1.241379,0.019157,0.953706,0.821211,0.801752,0.840670,0.038918,1.000000,1.000000,1.000000,1.000000,0.000000,1.000000,6.000000,6.000000,6.000000,0.000000,26.371749,1.068620,1.657143,0.602984,0.162229,0.679262,16.763055,20.862784,0.845389,12.896001,0.522564,2.457553,0.099583,69.292749,123.495565,129.093859,117.897271,11.196588,0.913268
IC_small_3_278um_cells,712,86,75,0,-1,0.741353,579.000000,493.000000,665.000000,172.000000,0.909891,95.209820,90.717824,99.701817,8.983994,0.832407,1.137356,1.033333,1.241379,0.208046,0.895460,0.796728,0.752786,0.840670,0.087884,1.000000,1.000000,1.000000,1.000000,0.000000,0.833333,5.500000,5.000000,6.000000,1.000000,24.224649,1.009546,1.200000,0.543778,0.287565,0.559120,13.416408,21.200885,0.883532,12.066065,0.502845,2.599606,0.108337,50.099376,105.418105,108.183653,102.652557,5.531097,0.948873
IC_small_3_278um_cells,713,85,74,0,-1,0.764996,985.750000,854.500000,1117.000000,262.500000,0.887233,120.726349,113.512632,127.940066,14.427434,0.976744,1.011905,1.000000,1.023810,0.023810,0.971815,0.845446,0.833362,0.857531,0.024169,1.000000,1.000000,1.000000,1.000000,0.000000,1.000000,6.000000,6.000000,6.000000,0.000000,29.678336,0.947382,1.245283,0.699478,0.123003,0.849980,26.627054,22.835588,0.728950,14.732063,0.470272,1.968309,0.062832,67.254979,133.619386,145.273331,121.965442,23.307889,0.839558
IC_small_3_278um_cells,714,85,73,0,-1,0.989005,859.250000,854.500000,864.000000,9.500000,0.995261,113.782897,113.512632,114.053161,0.540529,0.809524,1.117647,1.000000,1.235294,0.235294,0.998446,0.834010,0.833362,0.834659,0.001297,1.000000,1.000000,1.000000,1.000000,0.000000,1.000000,6.000000,6.000000,6.000000,0.000000,33.120361,1.129892,1.214286,0.567876,0.215013,0.555348,16.278821,27.300147,0.931337,16.203753,0.552787,0.889426,0.030343,75.792574,117.977765,139.810988,96.144541,43.666447,0.687675
IC_small_3_278um_cells,715,84,80,0,-1,0.998447,643.500000,643.000000,644.000000,1.000000,0.991678,102.777916,102.348455,103.207377,0.858922,0.864865,1.078125,1.000000,1.156250,0.156250,0.981898,0.765569,0.758576,0.772562,0.013985,1.000000,1.000000,1.000000,1.000000,0.000000,1.000000,6.000000,6.000000,6.000000,0.000000,29.567099,1.165560,1.500000,0.516694,0.260684,0.564420,14.317821,24.574426,0.968744,14.479176,0.570781,0.811896,0.032006,87.147151,99.774787,100.087251,99.462322,0.624929,0.993756
IC_small_3_278um_cells,716,84,79,0,-1,0.969150,654.250000,644.000000,664.500000,20.500000,0.998598,102.420318,102.348455,102.492181,0.143726,0.991071,1.161458,1.156250,1.166667,0.010417,0.971874,0.783741,0.772562,0.794920,0.022358,1.000000,1.000000,1.000000,1.000000,0.000000,0.833333,5.500000,5.000000,6.000000,1.000000,23.264222,0.909557,1.232558,0.664538,0.150936,0.929321,23.769729,19.440778,0.760073,11.600543,0.453544,1.363274,0.053300,82.170531,118.768737,122.005383,115.532091,6.473292,0.946943
IC_small_3_278um_cells,717,84,76,0,-1,0.761646,567.250000,490.500000,644.000000,153.500000,0.895594,97.005569,91.662683,102.348455,10.685772,0.891964,1.226273,1.156250,1.296296,0.140046,0.949578,0.753085,0.733607,0.772562,0.038954,1.000000,1.000000,1.000000,1.000000,0.000000,0.833333,5.500000,5.000000,6.000000,1.000000,28.959105,1.218705,1.000000,0.495647,0.225209,0.513696,12.206556,21.934016,0.923064,13.925975,0.586056,2.121458,0.089279,72.566409,116.778299,143.426969,90.129628,53.297341,0.628401
IC_small_3_278um_cells,718,84,72,0,-1,0.940146,664.500000,644.000000,685.000000,41.000000,0.986467,101.655906,100.963358,102.348455,1.385096,0.943489,1.123580,1.090909,1.156250,0.065341,0.914872,0.808505,0.772562,0.844448,0.071886,1.000000,1.000000,1.000000,1.000000,0.000000,1.000000,6.000000,6.000000,6.000000,0.000000,30.247018,1.173510,1.369565,0.521820,0.292701,0.473584,12.206556,23.789492,0.922974,14.764600,0.572830,1.521651,0.059036,68.749247,111.899948,126.573031,97.226865,29.346166,0.768148
IC_small_3_278um_cells,719,83,79,0,-1,0.835967,610.000000,555.500000,664.500000,109.000000,0.910408,97.900957,93.309734,102.492181,9.182447,0.954545,1.194444,1.166667,1.222222,0.055556,0.991479,0.798336,0.794920,0.801752,0.006832,1.000000,1.000000,1.000000,1.000000,0.000000,0.833333,5.500000,5.000000,6.000000,1.000000,19.993375,0.810319,1.256410,0.833342,0.027869,1.219254,30.083218,15.020116,0.608756,9.994374,0.405066,1.296168,0.052533,26.784971,155.727617,161.200115,150.255119,10.944996,0.932103
IC_small_3_278um_cells,720,83,75,0,-1,0.887489,524.250000,493.000000,555.500000,62.500000,0.972223,92.013779,90.717824,93.309734,2.591910,0.845455,1.127778,1.033333,1.222222,0.188889,0.938926,0.777269,0.752786,0.801752,0.048966,1.000000,1.000000,1.000000,1.000000,0.000000,0.833333,5.500000,5.000000,6.000000,1.000000,26.547147,1.159957,1.209302,0.588585,0.150215,0.751744,17.204651,22.185671,0.969385,13.216933,0.577504,0.405379,0.017713,86.188127,125.465871,133.919076,117.012665,16.906410,0.873757
IC_small_3_278um_cells,721,83,70,0,-1,0.719094,664.000000,555.500000,772.500000,217.000000,0.846877,101.745380,93.309734,110.181027,16.871293,0.958442,1.196825,1.171429,1.222222,0.050794,0.997366,0.800696,0.799640,0.801752,0.002112,1.000000,1.000000,1.000000,1.000000,0.000000,1.000000,6.000000,6.000000,6.000000,0.000000,33.614662,1.308907,1.609756,0.449317,0.367846,0.209691,5.385165,25.643053,0.998504,16.624370,0.647329,4.019414,0.156510,81.922216,95.951368,115.179133,76.723603,38.455530,0.666124
IC_small_3_278um_cells,722,82,81,0,-1,0.855189,576.500000,531.500000,621.500000,90.000000,0.908820,97.685169,93.018978,102.351361,9.332383,0.709360,1.329502,1.103448,1.555556,0.452107,0.965815,0.758722,0.745528,0.771916,0.026388,1.000000,1.000000,1.000000,1.000000,0.000000,0.833333,5.500000,5.000000,6.000000,1.000000,18.247069,0.760545,1.142857,0.749373,0.073287,1.173731,28.160256,14.270130,0.594785,9.067673,0.377944,0.684365,0.028525,20.248834,116.192253,131.633539,100.750967,30.882572,0.765390
IC_small_3_278um_cells,723,82,77,0,-1,0.992530,533.500000,531.500000,535.500000,4.000000,0.990798,92.590976,92.162974,93.018978,0.856004,0.966667,1.085057,1.066667,1.103448,0.036782,0.974347,0.782078,0.771916,0.792239,0.020323,1.000000,1.000000,1.000000,1.000000,0.000000,1.000000,5.000000,5.000000,5.000000,0.000000,18.763901,0.812375,1.128205,0.810591,0.038894,1.224556,28.284271,17.016918,0.736740,9.381719,0.406178,0.148225,0.006417,76.071589,167.220017,175.364537,159.075498,16.289038,0.907113
IC_small_3_278um_cells,724,82,69,0,-1,0.668974,663.000000,531.500000,794.500000,263.000000,0.829209,102.598458,93.018978,112.177939,19.158961,0.990274,1.108867,1.103448,1.114286,0.010837,0.972929,0.782655,0.771916,0.793394,0.021478,1.000000,1.000000,1.000000,1.000000,0.000000,0.714286,6.000000,5.000000,7.000000,2.000000,31.607591,1.233680,1.783784,0.488949,0.259050,0.401850,10.295630,25.805240,1.007207,15.650218,0.610846,0.367089,0.014328,57.303275,117.694429,156.698790,78.690068,78.008723,0.502174
IC_small_3_278um_cells,725,81,78,0,-1,0.745651,727.500000,621.500000,833.500000,212.000000,0.911388,107.327041,102.351361,112.302721,9.951360,0.734694,1.349206,1.142857,1.555556,0.412698,0.897695,0.788009,0.745528,0.830491,0.084963,1.000000,1.000000,1.000000,1.000000,0.000000,1.000000,6.000000,6.000000,6.000000,0.000000,28.744313,1.068556,1.120000,0.549913,0.264605,0.600573,16.155494,23.929742,0.889577,14.355333,0.533653,3.905388,0.145181,74.409728,102.779983,105.255119,100.304846,4.950272,0.952969
IC_small_3_278um_cells,726,81,71,0,-1,0.832552,684.000000,621.500000,746.500000,125.000000,0.932847,106.035328,102.351361,109.719296,7.367935,0.661224,1.292063,1.028571,1.555556,0.526984,0.956732,0.762386,0.745528,0.779244,0.033717,0.995997,0.997999,0.995997,1.000000,0.004003,1.000000,6.000000,6.000000,6.000000,0.000000,34.866708,1.334558,1.408163,0.479002,0.229167,0.433044,11.313708,25.329657,0.969518,16.760964,0.641543,2.798706,0.107123,69.600662,124.723917,151.504361,97.943472,53.560890,0.646473
IC_small_3_278um_cells,727,81,69,0,-1,0.782253,708.000000,621.500000,794.500000,173.000000,0.912402,107.264650,102.351361,112.177939,9.826578,0.716327,1.334921,1.114286,1.555556,0.441270,0.939669,0.769461,0.745528,0.793394,0.047866,1.000000,1.000000,1.000000,1.000000,0.000000,0.857143,6.500000,6.000000,7.000000,1.000000,37.681499,1.418817,1.630435,0.449744,0.372175,0.294078,7.810250,26.555685,0.999898,18.056639,0.679885,5.208611,0.196119,60.852107,113.120155,123.690068,102.550243,21.139825,0.829090
IC_small_3_278um_cells,728,80,77,0,-1,0.832815,589.250000,535.500000,643.000000,107.500000,0.892988,97.685175,92.162974,103.207377,11.044403,0.937500,1.033333,1.000000,1.066667,0.066667,0.957509,0.775408,0.758576,0.792239,0.033663,1.000000,1.000000,1.000000,1.000000,0.000000,0.833333,5.500000,5.000000,6.000000,1.000000,29.452110,1.214562,1.400000,0.529118,0.200255,0.578811,14.035669,21.876056,0.902137,13.350902,0.550572,2.834415,0.116887,52.360478,112.317532,112.833654,111.801409,1.032245,0.990852
IC_small_3_278um_cells,729,80,76,0,-1,0.762830,566.750000,490.500000,643.000000,152.500000,0.888141,97.435030,91.662683,103.207377,11.544694,0.771429,1.148148,1.000000,1.296296,0.296296,0.967084,0.746092,0.733607,0.758576,0.024969,1.000000,1.000000,1.000000,1.000000,0.000000,0.833333,5.500000,5.000000,6.000000,1.000000,19.191057,0.807965,1.170732,0.803689,0.029554,1.299691,30.870698,16.469938,0.693403,9.475505,0.398929,1.709046,0.071953,88.554724,168.980816,169.783120,168.178512,1.604609,0.990549
IC_small_3_278um_cells,730,80,67,0,-1,0.554310,901.500000,643.000000,1160.000000,517.000000,0.796033,116.429733,103.207377,129.652090,26.444713,0.954545,1.023810,1.000000,1.047619,0.047619,0.874763,0.812878,0.758576,0.867179,0.108603,1.000000,1.000000,1.000000,1.000000,0.000000,0.857143,6.500000,6.000000,7.000000,1.000000,35.671624,1.200737,1.652174,0.467229,0.240155,0.212890,6.324555,29.698232,0.999668,18.993329,0.639331,4.896415,0.164817,88.331314,99.505232,143.849258,55.161206,88.688052,0.383465
IC_small_3_278um_cells,731,79,72,0,-1,0.970073,674.750000,664.500000,685.000000,20.500000,0.985084,101.727769,100.963358,102.492181,1.528822,0.935065,1.128788,1.090909,1.166667,0.075758,0.941349,0.819684,0.794920,0.844448,0.049528,1.000000,1.000000,1.000000,1.000000,0.000000,0.833333,5.500000,5.000000,6.000000,1.000000,23.732715,0.913668,1.279070,0.747549,0.078177,1.017112,26.419690,19.153310,0.737369,11.861942,0.456664,0.187621,0.007223,69.991031,150.231102,153.221160,147.241044,5.980116,0.960971
IC_small_3_278um_cells,732,79,70,0,-1,0.860194,718.500000,664.500000,772.500000,108.000000,0.930216,106.336604,102.492181,110.181027,7.688846,0.995935,1.169048,1.166667,1.171429,0.004762,0.994097,0.797280,0.794920,0.799640,0.004720,1.000000,1.000000,1.000000,1.000000,0.000000,0.833333,5.500000,5.000000,6.000000,1.000000,35.327566,1.318887,1.050847,0.478647,0.305150,0.344194,9.219544,25.741589,0.961013,17.647737,0.658845,0.623543,0.023279,85.695189,90.238388,96.856024,83.620752,13.235272,0.863351
IC_small_3_278um_cells,733,78,74,0,-1,0.746195,975.250000,833.500000,1117.000000,283.500000,0.877776,120.121393,112.302721,127.940066,15.637345,0.895833,1.083333,1.023810,1.142857,0.119048,0.968467,0.844011,0.830491,0.857531,0.027040,1.000000,1.000000,1.000000,1.000000,0.000000,1.000000,6.000000,6.000000,6.000000,0.000000,35.158181,1.128819,1.423077,0.590441,0.136375,0.585896,18.248288,27.000363,0.866897,17.399365,0.558639,4.830335,0.155087,70.861262,96.869238,104.743563,88.994914,15.748649,0.849646
IC_small_3_278um_cells,734,78,71,0,-1,0.895621,790.000000,746.500000,833.500000,87.000000,0.976996,111.011008,109.719296,112.302721,2.583425,0.900000,1.085714,1.028571,1.142857,0.114286,0.938294,0.804868,0.779244,0.830491,0.051247,0.995997,0.997999,0.995997,1.000000,0.004003,1.000000,6.000000,6.000000,6.000000,0.000000,24.716013,0.879690,1.372093,0.800154,0.027848,1.147804,32.249031,19.345393,0.688539,12.352239,0.439640,1.291741,0.045976,83.086081,164.838197,172.874984,156.801409,16.073574,0.907022
IC_small_3_278um_cells,735,78,66,0,-1,0.973005,822.250000,811.000000,833.500000,22.500000,0.997285,112.150288,111.997855,112.302721,0.304866,0.975610,1.157143,1.142857,1.171429,0.028571,0.978310,0.821484,0.812477,0.830491,0.018014,1.000000,1.000000,1.000000,1.000000,0.000000,0.857143,6.500000,6.000000,7.000000,1.000000,39.846524,1.389628,1.293103,0.469146,0.351779,0.251484,7.211103,29.595779,1.032139,18.615149,0.649194,1.019621,0.035559,58.568998,104.206331,115.232831,93.179830,22.053001,0.808622
IC_small_3_278um_cells,736,77,69,0,-1,0.674009,665.000000,535.500000,794.500000,259.000000,0.821578,102.170456,92.162974,112.177939,20.014965,0.957265,1.090476,1.066667,1.114286,0.047619,0.998545,0.792817,0.792239,0.793394,0.001155,1.000000,1.000000,1.000000,1.000000,0.000000,0.714286,6.000000,5.000000,7.000000,2.000000,24.652624,0.960596,1.148936,0.644183,0.154135,0.842948,21.633308,19.710986,0.768044,12.191587,0.475049,1.526399,0.059477,84.757497,125.053871,144.162347,105.945396,38.216951,0.734903
IC_small_3_278um_cells,737,77,67,0,-1,0.461638,847.750000,535.500000,1160.000000,624.500000,0.710848,110.907532,92.162974,129.652090,37.489116,0.982143,1.057143,1.047619,1.066667,0.019048,0.913582,0.829709,0.792239,0.867179,0.074940,1.000000,1.000000,1.000000,1.000000,0.000000,0.714286,6.000000,5.000000,7.000000,2.000000,31.601110,1.104941,1.067797,0.604392,0.190504,0.595437,17.029386,23.685614,0.828173,15.549066,0.543677,10.507940,0.367413,76.969617,111.820347,119.291362,104.349332,14.942030,0.874743
IC_small_3_278um_cells,738,76,72,0,-1,0.716058,587.750000,490.500000,685.000000,194.500000,0.907881,96.313021,91.662683,100.963358,9.300675,0.841558,1.193603,1.090909,1.296296,0.205387,0.868742,0.789028,0.733607,0.844448,0.110840,1.000000,1.000000,1.000000,1.000000,0.000000,0.833333,5.500000,5.000000,6.000000,1.000000,29.604759,1.225369,1.888889,0.489859,0.189281,0.392669,9.486833,22.904217,0.948027,14.670709,0.607235,4.587970,0.189900,88.620353,92.317732,94.635463,90.000000,4.635463,0.951018
IC_small_3_278um_cells,739,76,68,0,-1,0.960245,480.750000,471.000000,490.500000,19.500000,0.943521,89.074176,86.485668,91.662683,5.177015,0.798980,1.166005,1.035714,1.296296,0.260582,0.927089,0.762455,0.733607,0.791302,0.057695,1.000000,1.000000,1.000000,1.000000,0.000000,1.000000,5.000000,5.000000,5.000000,0.000000,25.895569,1.181104,1.106383,0.499553,0.277171,0.516021,11.313708,20.779516,0.947759,12.822538,0.584839,0.579634,0.026437,80.726353,113.711192,115.492795,111.929588,3.563208,0.969148
IC_small_3_278um_cells,740,76,67,0,-1,0.422845,825.250000,490.500000,1160.000000,669.500000,0.706990,110.657386,91.662683,129.652090,37.989406,0.808163,1.171958,1.047619,1.296296,0.248677,0.845970,0.800393,0.733607,0.867179,0.133572,1.000000,1.000000,1.000000,1.000000,0.000000,0.714286,6.000000,5.000000,7.000000,2.000000,26.242811,0.933808,1.037736,0.754996,0.067252,0.988680,27.784888,19.783238,0.703955,12.763429,0.454166,7.825901,0.278472,63.700076,138.211962,139.763642,136.660282,3.103359,0.977796
IC_small_3_278um_cells,741,75,70,0,-1,0.638188,632.750000,493.000000,772.500000,279.500000,0.823352,100.449425,90.717824,110.181027,19.463203,0.882114,1.102381,1.033333,1.171429,0.138095,0.941406,0.776213,0.752786,0.799640,0.046854,1.000000,1.000000,1.000000,1.000000,0.000000,0.833333,5.500000,5.000000,6.000000,1.000000,19.895179,0.795847,1.044444,0.845830,0.014224,1.275682,31.890437,15.785018,0.631432,9.885830,0.395453,3.838842,0.153561,59.771988,170.534651,174.805571,166.263732,8.541839,0.951135
IC_small_3_278um_cells,742,74,73,0,-1,0.773500,990.500000,864.000000,1117.000000,253.000000,0.891458,120.996614,114.053161,127.940066,13.886905,0.828798,1.129552,1.023810,1.235294,0.211485,0.973328,0.846095,0.834659,0.857531,0.022872,1.000000,1.000000,1.000000,1.000000,0.000000,1.000000,6.000000,6.000000,6.000000,0.000000,32.933664,1.048585,1.577778,0.594504,0.189551,0.594807,18.681542,26.275418,0.836591,15.784937,0.502582,3.863700,0.123018,55.616878,101.754398,105.285227,98.223570,7.061657,0.932928
IC_small_3_278um_cells,743,74,66,0,-1,0.726052,964.000000,811.000000,1117.000000,306.000000,0.875393,119.968961,111.997855,127.940066,15.942211,0.873984,1.097619,1.023810,1.171429,0.147619,0.947461,0.835004,0.812477,0.857531,0.045054,1.000000,1.000000,1.000000,1.000000,0.000000,0.857143,6.500000,6.000000,7.000000,1.000000,27.642213,0.893130,1.294118,0.776035,0.061203,1.021744,31.622777,22.002205,0.710900,13.773001,0.445011,2.886814,0.093274,70.801748,152.171345,155.772255,148.570434,7.201820,0.953767
IC_small_3_278um_cells,744,74,64,0,-1,0.743062,973.500000,830.000000,1117.000000,287.000000,0.879060,120.203500,112.466934,127.940066,15.473132,0.853175,1.111905,1.023810,1.200000,0.176190,0.961586,0.841061,0.824590,0.857531,0.032941,1.000000,1.000000,1.000000,1.000000,0.000000,1.000000,6.000000,6.000000,6.000000,0.000000,35.718781,1.147937,1.363636,0.595652,0.152542,0.606382,18.867962,28.029983,0.900833,17.850435,0.573681,5.811714,0.186778,88.898518,123.181802,148.233501,98.130102,50.103399,0.661997
IC_small_3_278um_cells,745,73,64,0,-1,0.960648,847.000000,830.000000,864.000000,34.000000,0.986092,113.260047,112.466934,114.053161,1.586228,0.971429,1.217647,1.200000,1.235294,0.035294,0.987937,0.829625,0.824590,0.834659,0.010068,1.000000,1.000000,1.000000,1.000000,0.000000,1.000000,6.000000,6.000000,6.000000,0.000000,33.782172,1.160828,1.411765,0.582688,0.128689,0.607928,17.691806,24.035325,0.825905,16.202785,0.556762,0.166055,0.005706,77.597724,129.178768,151.876265,106.481272,45.394992,0.701105
IC_small_3_278um_cells,746,72,70,0,-1,0.886731,728.750000,685.000000,772.500000,87.500000,0.916341,105.572193,100.963358,110.181027,9.217669,0.931264,1.131169,1.090909,1.171429,0.080519,0.946939,0.822044,0.799640,0.844448,0.044808,1.000000,1.000000,1.000000,1.000000,0.000000,1.000000,6.000000,6.000000,6.000000,0.000000,33.632791,1.246435,1.800000,0.534315,0.241852,0.481781,13.000000,24.734297,0.916656,16.510555,0.611883,1.794212,0.066494,83.970236,112.420419,114.918023,109.922816,4.995206,0.956532
IC_small_3_278um_cells,747,72,68,0,-1,0.687591,578.000000,471.000000,685.000000,214.000000,0.856605,93.724513,86.485668,100.963358,14.477690,0.949405,1.063312,1.035714,1.090909,0.055195,0.937065,0.817875,0.791302,0.844448,0.053146,1.000000,1.000000,1.000000,1.000000,0.000000,0.833333,5.500000,5.000000,6.000000,1.000000,20.272369,0.846887,1.022727,0.797651,0.052336,1.096555,26.248809,16.316612,0.681633,10.133388,0.423327,3.329008,0.139071,53.005246,154.036391,154.637833,153.434949,1.202884,0.992221
IC_small_3_278um_cells,748,72,61,0,-1,0.614074,900.250000,685.000000,1115.500000,430.500000,0.789451,114.427007,100.963358,127.890655,26.927297,0.916667,1.045455,1.000000,1.090909,0.090909,0.985306,0.850745,0.844448,0.857041,0.012594,1.000000,1.000000,1.000000,1.000000,0.000000,0.857143,6.500000,6.000000,7.000000,1.000000,34.238183,1.149480,1.189655,0.556419,0.204110,0.456643,13.601471,26.539375,0.891008,17.006030,0.570944,5.935162,0.199261,88.948037,99.094408,101.754077,96.434739,5.319338,0.947724
IC_small_3_278um_cells,749,71,69,0,-1,0.939585,770.500000,746.500000,794.500000,48.000000,0.978083,110.948617,109.719296,112.177939,2.458643,0.923077,1.071429,1.028571,1.114286,0.085714,0.982166,0.786319,0.779244,0.793394,0.014150,0.995997,0.997999,0.995997,1.000000,0.004003,0.857143,6.500000,6.000000,7.000000,1.000000,30.541960,1.100432,1.658537,0.529137,0.149254,0.551156,15.297059,23.245654,0.837545,15.217699,0.548296,2.472938,0.089100,86.854694,75.766334,84.805571,66.727096,18.078475,0.786824
IC_small_3_278um_cells,750,71,66,0,-1,0.920469,778.750000,746.500000,811.000000,64.500000,0.979655,110.858576,109.719296,111.997855,2.278559,0.878049,1.100000,1.028571,1.171429,0.142857,0.959097,0.795861,0.779244,0.812477,0.033233,0.995997,0.997999,0.995997,1.000000,0.004003,0.857143,6.500000,6.000000,7.000000,1.000000,33.833178,1.212654,1.294118,0.492467,0.306902,0.400727,11.180340,27.245187,0.976526,16.868311,0.604597,0.035413,0.001269,85.687190,92.853076,93.945186,91.760966,2.184220,0.976750
IC_small_3_278um_cells,751,71,65,0,-1,0.833891,684.500000,622.500000,746.500000,124.000000,0.917478,105.192153,100.665011,109.719296,9.054285,0.935065,1.064286,1.028571,1.100000,0.071429,0.990646,0.775600,0.771955,0.779244,0.007289,0.995997,0.997999,0.995997,1.000000,0.004003,1.000000,6.000000,6.000000,6.000000,0.000000,34.124389,1.305644,1.089286,0.496980,0.299489,0.465469,12.165525,25.509429,0.976025,14.409600,0.551330,0.503244,0.019255,49.673832,114.324444,117.223594,111.425294,5.798301,0.950536
IC_small_3_278um_cells,752,71,63,0,-1,0.848295,813.250000,746.500000,880.000000,133.500000,0.953093,112.419221,109.719296,115.119146,5.399850,0.925714,1.069841,1.028571,1.111111,0.082540,0.933848,0.806844,0.779244,0.834444,0.055200,0.995997,0.997999,0.995997,1.000000,0.004003,0.833333,5.500000,5.000000,6.000000,1.000000,27.449273,0.963353,1.692308,0.708813,0.096834,0.965612,27.513633,21.797014,0.764983,13.577148,0.476500,1.823393,0.063993,86.163453,147.494033,162.407575,132.580491,29.827085,0.816344
IC_small_3_278um_cells,753,70,61,0,-1,0.692515,944.000000,772.500000,1115.500000,343.000000,0.861525,119.035841,110.181027,127.890655,17.709628,0.853659,1.085714,1.000000,1.171429,0.171429,0.933024,0.828341,0.799640,0.857041,0.057401,1.000000,1.000000,1.000000,1.000000,0.000000,0.857143,6.500000,6.000000,7.000000,1.000000,28.089298,0.918056,1.103448,0.763339,0.046610,1.009491,30.886890,22.313810,0.729293,13.969249,0.456564,4.930939,0.161160,87.773892,154.045597,159.443955,148.647238,10.796716,0.932285
IC_small_3_278um_cells,754,69,67,0,-1,0.684914,977.250000,794.500000,1160.000000,365.500000,0.865223,120.915014,112.177939,129.652090,17.474151,0.940171,1.080952,1.047619,1.114286,0.066667,0.914914,0.830287,0.793394,0.867179,0.073785,1.000000,1.000000,1.000000,1.000000,0.000000,1.000000,7.000000,7.000000,7.000000,0.000000,37.166723,1.194195,1.583333,0.527632,0.218214,0.418934,13.038405,28.300997,0.909333,18.511165,0.594778,5.104558,0.164013,73.882355,92.241236,96.546291,87.936180,8.610111,0.910819
IC_small_3_278um_cells,755,69,65,0,-1,0.783512,708.500000,622.500000,794.500000,172.000000,0.897369,106.421475,100.665011,112.177939,11.512928,0.987179,1.107143,1.100000,1.114286,0.014286,0.972979,0.782675,0.771955,0.793394,0.021439,1.000000,1.000000,1.000000,1.000000,0.000000,0.857143,6.500000,6.000000,7.000000,1.000000,21.589919,0.812616,1.459459,0.832283,0.021171,1.252865,33.286634,17.828574,0.671044,10.378227,0.390623,2.046749,0.077037,46.119016,166.604242,178.152390,155.056095,23.096295,0.870357
IC_small_3_278um_cells,756,69,62,0,-1,0.841410,731.500000,668.500000,794.500000,126.000000,0.906201,106.916862,101.655785,112.177939,10.522154,0.951826,1.087446,1.060606,1.114286,0.053680,0.975982,0.803156,0.793394,0.812919,0.019525,1.000000,1.000000,1.000000,1.000000,0.000000,0.857143,6.500000,6.000000,7.000000,1.000000,37.422222,1.384925,1.101695,0.497675,0.253930,0.400304,10.816654,28.822306,1.066658,17.828366,0.659794,3.067850,0.113535,69.981165,117.672123,121.355182,113.989064,7.366118,0.939301
IC_small_3_278um_cells,757,68,67,0,-1,0.406034,815.500000,471.000000,1160.000000,689.000000,0.667060,108.068879,86.485668,129.652090,43.166422,0.988636,1.041667,1.035714,1.047619,0.011905,0.912502,0.829241,0.791302,0.867179,0.075877,1.000000,1.000000,1.000000,1.000000,0.000000,0.714286,6.000000,5.000000,7.000000,2.000000,33.756537,1.210751,1.590909,0.555667,0.253832,0.431898,12.041595,28.860570,1.035147,16.869091,0.605046,11.167538,0.400548,80.907352,110.282277,115.820992,104.743563,11.077429,0.904357
IC_small_3_278um_cells,758,68,61,0,-1,0.422232,793.250000,471.000000,1115.500000,644.500000,0.676247,107.188161,86.485668,127.890655,41.404987,0.965517,1.017857,1.000000,1.035714,0.035714,0.923295,0.824172,0.791302,0.857041,0.065739,1.000000,1.000000,1.000000,1.000000,0.000000,0.714286,6.000000,5.000000,7.000000,2.000000,33.685206,1.222657,1.264151,0.556254,0.216199,0.454795,12.529964,26.600694,0.965514,16.822963,0.610616,8.921042,0.323803,87.405323,118.615526,133.622963,103.608090,30.014873,0.775376
IC_small_3_278um_cells,759,68,58,0,-1,0.300766,1018.500000,471.000000,1566.000000,1095.000000,0.565176,119.754973,86.485668,153.024278,66.538610,0.957547,1.058673,1.035714,1.081633,0.045918,0.941589,0.815846,0.791302,0.840390,0.049088,1.000000,1.000000,1.000000,1.000000,0.000000,0.714286,6.000000,5.000000,7.000000,2.000000,32.249986,1.052627,1.277778,0.703094,0.072901,0.794826,24.351591,27.237841,0.889032,16.069901,0.524515,15.654601,0.510960,76.397715,133.354614,139.763642,126.945586,12.818056,0.908288
IC_small_3_278um_cells,760,67,62,0,-1,0.576293,914.250000,668.500000,1160.000000,491.500000,0.784066,115.653937,101.655785,129.652090,27.996305,0.987755,1.054113,1.047619,1.060606,0.012987,0.937429,0.840049,0.812919,0.867179,0.054260,1.000000,1.000000,1.000000,1.000000,0.000000,0.857143,6.500000,6.000000,7.000000,1.000000,26.703717,0.891399,1.220000,0.797922,0.053869,1.028333,30.805844,22.443156,0.749177,13.282617,0.443388,6.087432,0.203205,69.448289,156.802954,162.897271,150.708638,12.188633,0.925176
IC_small_3_278um_cells,761,67,58,0,-1,0.740741,1363.000000,1160.000000,1566.000000,406.000000,0.847265,141.338184,129.652090,153.024278,23.372188,0.968553,1.064626,1.047619,1.081633,0.034014,0.969108,0.853785,0.840390,0.867179,0.026789,1.000000,1.000000,1.000000,1.000000,0.000000,1.000000,7.000000,7.000000,7.000000,0.000000,37.386949,1.015515,1.115942,0.607709,0.176266,0.614612,22.627417,29.832312,0.810314,18.318735,0.497579,1.894827,0.051468,75.381476,101.135991,104.415366,97.856616,6.558750,0.937186
IC_small_3_278um_cells,762,66,64,0,-1,0.977108,820.500000,811.000000,830.000000,19.000000,0.995829,112.232394,111.997855,112.466934,0.469079,0.976190,1.185714,1.171429,1.200000,0.028571,0.985310,0.818534,0.812477,0.824590,0.012113,1.000000,1.000000,1.000000,1.000000,0.000000,0.857143,6.500000,6.000000,7.000000,1.000000,32.491393,1.134322,1.280000,0.527964,0.347044,0.468386,13.416408,27.289259,0.952708,15.743812,0.549639,0.138942,0.004851,80.239881,109.133539,113.299463,104.967615,8.331848,0.926462
IC_small_3_278um_cells,763,66,63,0,-1,0.921591,845.500000,811.000000,880.000000,69.000000,0.972886,113.558501,111.997855,115.119146,3.121291,0.948509,1.141270,1.111111,1.171429,0.060317,0.973675,0.823461,0.812477,0.834444,0.021967,1.000000,1.000000,1.000000,1.000000,0.000000,0.714286,6.000000,5.000000,7.000000,2.000000,29.810606,1.025426,1.125000,0.640306,0.139562,0.773000,22.472205,22.356964,0.769036,14.776852,0.508295,2.287974,0.078702,73.325838,110.195423,135.658543,84.732303,50.926240,0.624600
IC_small_3_278um_cells,764,66,59,0,-1,0.772381,930.500000,811.000000,1050.000000,239.000000,0.906462,117.776412,111.997855,123.554969,11.557114,0.941213,1.136996,1.102564,1.171429,0.068864,0.940010,0.838403,0.812477,0.864328,0.051851,1.000000,1.000000,1.000000,1.000000,0.000000,0.857143,6.500000,6.000000,7.000000,1.000000,34.868709,1.145457,1.460000,0.625476,0.111768,0.692983,21.095023,27.865711,0.915404,17.327591,0.569221,4.601302,0.151155,86.336004,134.910847,162.783926,107.037768,55.746159,0.657545
IC_small_3_278um_cells,765,66,54,0,-1,0.924217,844.250000,811.000000,877.500000,66.500000,0.943979,115.321167,111.997855,118.644480,6.646625,0.847416,1.276891,1.171429,1.382353,0.210924,0.964163,0.797919,0.783361,0.812477,0.029116,1.000000,1.000000,1.000000,1.000000,0.000000,1.000000,7.000000,7.000000,7.000000,0.000000,41.921573,1.443066,1.750000,0.435846,0.398282,0.172115,5.000000,31.811966,1.095063,19.563092,0.673420,0.964485,0.033200,41.894716,106.529439,111.283137,101.775742,9.507395,0.914566
IC_small_3_278um_cells,766,65,63,0,-1,0.707386,751.250000,622.500000,880.000000,257.500000,0.874442,107.892078,100.665011,115.119146,14.454136,0.990000,1.105556,1.100000,1.111111,0.011111,0.925113,0.803200,0.771955,0.834444,0.062489,1.000000,1.000000,1.000000,1.000000,0.000000,0.833333,5.500000,5.000000,6.000000,1.000000,29.344280,1.074592,1.488372,0.537059,0.242928,0.517887,14.142136,23.971036,0.877823,14.657118,0.536746,4.601426,0.168505,71.500543,91.745870,103.122910,80.368830,22.754080,0.779350
IC_small_3_278um_cells,767,65,62,0,-1,0.931189,645.500000,622.500000,668.500000,46.000000,0.990254,101.160398,100.665011,101.655785,0.990774,0.964187,1.080303,1.060606,1.100000,0.039394,0.949610,0.792437,0.771955,0.812919,0.040963,1.000000,1.000000,1.000000,1.000000,0.000000,1.000000,6.000000,6.000000,6.000000,0.000000,30.789532,1.212059,1.386364,0.523645,0.201007,0.517778,13.152946,23.851960,0.938955,15.265623,0.600946,0.179226,0.007055,73.520678,113.335501,135.716160,90.954841,44.761319,0.670184
IC_small_3_278um_cells,768,65,57,0,-1,0.862651,579.750000,537.000000,622.500000,85.500000,0.903423,95.804072,90.943134,100.665011,9.721876,0.939394,1.066667,1.033333,1.100000,0.066667,0.946123,0.793935,0.771955,0.815914,0.043959,1.000000,1.000000,1.000000,1.000000,0.000000,0.833333,5.500000,5.000000,6.000000,1.000000,27.373539,1.137644,1.452381,0.533240,0.177663,0.546636,13.152946,21.406968,0.889673,13.213161,0.549139,1.885197,0.078349,64.880558,109.573438,116.791516,102.355360,14.436156,0.876394
IC_small_3_278um_cells,769,65,55,0,-1,0.765683,717.750000,622.500000,813.000000,190.500000,0.861426,108.761763,100.665011,116.858516,16.193505,0.965854,1.119444,1.100000,1.138889,0.038889,0.969142,0.760045,0.748134,0.771955,0.023821,1.000000,1.000000,1.000000,1.000000,0.000000,1.000000,6.000000,6.000000,6.000000,0.000000,31.852718,1.191578,1.313725,0.510418,0.309997,0.552337,14.764823,23.222585,0.868733,15.925486,0.595756,6.259736,0.234170,81.877840,122.568895,130.446232,114.691558,15.754674,0.879225
IC_small_3_278um_cells,770,64,59,0,-1,0.790476,940.000000,830.000000,1050.000000,220.000000,0.910258,118.010951,112.466934,123.554969,11.088035,0.918803,1.151282,1.102564,1.200000,0.097436,0.954024,0.844459,0.824590,0.864328,0.039738,1.000000,1.000000,1.000000,1.000000,0.000000,1.000000,6.000000,6.000000,6.000000,0.000000,29.936211,0.978093,1.226415,0.745454,0.063032,0.947505,29.000000,24.395313,0.797058,14.780356,0.482912,1.932545,0.063141,71.108254,156.277486,164.560354,147.994617,16.565738,0.899333
IC_small_3_278um_cells,771,64,56,0,-1,0.738434,977.000000,830.000000,1124.000000,294.000000,0.840661,123.125437,112.466934,133.783940,21.317006,0.960000,1.225000,1.200000,1.250000,0.050000,0.957040,0.806878,0.789166,0.824590,0.035425,1.000000,1.000000,1.000000,1.000000,0.000000,1.000000,6.000000,6.000000,6.000000,0.000000,33.561372,1.076792,1.189655,0.656402,0.119498,0.847657,26.419690,25.471607,0.817238,15.267276,0.489840,4.309879,0.138279,61.030054,125.310695,131.054814,119.566576,11.488238,0.912340
IC_small_3_278um_cells,772,63,55,0,-1,0.923864,846.500000,813.000000,880.000000,67.000000,0.985116,115.988831,115.119146,116.858516,1.739370,0.975610,1.125000,1.111111,1.138889,0.027778,0.896566,0.791289,0.748134,0.834444,0.086310,1.000000,1.000000,1.000000,1.000000,0.000000,0.833333,5.500000,5.000000,6.000000,1.000000,29.172437,1.002869,1.306122,0.610777,0.181335,0.779387,22.671568,22.886319,0.786770,13.791799,0.474125,2.710534,0.093181,71.343574,114.411786,126.430858,102.392713,24.038145,0.809871
IC_small_3_278um_cells,773,63,54,0,-1,0.997159,878.750000,877.500000,880.000000,2.500000,0.970287,116.881813,115.119146,118.644480,3.525333,0.803783,1.246732,1.111111,1.382353,0.271242,0.938781,0.808903,0.783361,0.834444,0.051083,1.000000,1.000000,1.000000,1.000000,0.000000,0.714286,6.000000,5.000000,7.000000,2.000000,30.739457,1.036964,1.387755,0.703961,0.029872,0.955333,28.319605,24.935546,0.841175,15.067891,0.508300,0.978129,0.032996,67.974149,166.152888,168.321216,163.984560,4.336655,0.974236
IC_small_3_278um_cells,774,62,58,0,-1,0.426884,1117.250000,668.500000,1566.000000,897.500000,0.664311,127.340031,101.655785,153.024278,51.368493,0.980560,1.071119,1.060606,1.081633,0.021027,0.967311,0.826654,0.812919,0.840390,0.027471,1.000000,1.000000,1.000000,1.000000,0.000000,0.857143,6.500000,6.000000,7.000000,1.000000,34.893802,1.066631,1.509804,0.600678,0.188857,0.587986,19.235384,27.303566,0.834613,16.883856,0.516104,8.209934,0.250961,67.372015,108.627645,118.009177,99.246113,18.763064,0.841003
IC_small_3_278um_cells,775,62,57,0,-1,0.803291,602.750000,537.000000,668.500000,131.500000,0.894618,96.299460,90.943134,101.655785,10.712651,0.974286,1.046970,1.033333,1.060606,0.027273,0.996329,0.814416,0.812919,0.815914,0.002995,1.000000,1.000000,1.000000,1.000000,0.000000,0.833333,5.500000,5.000000,6.000000,1.000000,24.758757,1.009971,1.040000,0.605370,0.193696,0.701821,17.204651,19.202840,0.783332,12.071665,0.492433,0.968746,0.039518,81.987411,112.162140,116.831955,107.492325,9.339631,0.920059
IC_small_3_278um_cells,776,62,49,0,-1,0.691313,817.750000,668.500000,967.000000,298.500000,0.819376,112.860359,101.655785,124.064933,22.409148,0.699549,1.288368,1.060606,1.516129,0.455523,0.971161,0.801197,0.789475,0.812919,0.023444,1.000000,1.000000,1.000000,1.000000,0.000000,0.857143,6.500000,6.000000,7.000000,1.000000,37.361672,1.312041,2.078947,0.489813,0.187710,0.366635,10.440307,29.152351,1.023752,18.466504,0.648494,8.376622,0.294164,74.200133,111.399638,140.792796,82.006479,58.786318,0.582462
IC_small_3_278um_cells,777,61,60,0,-1,0.445540,806.250000,497.000000,1115.500000,618.500000,0.699932,108.702717,89.514779,127.890655,38.375876,1.000000,1.000000,1.000000,1.000000,0.000000,0.909442,0.818235,0.779429,0.857041,0.077612,1.000000,1.000000,1.000000,1.000000,0.000000,0.714286,6.000000,5.000000,7.000000,2.000000,25.755328,0.924910,1.166667,0.757166,0.093333,0.966277,26.907248,22.347829,0.802542,12.593581,0.452253,8.469574,0.304154,85.131019,127.930446,128.990994,126.869898,2.121096,0.983556
IC_small_3_278um_cells,778,61,58,0,-1,0.712324,1340.750000,1115.500000,1566.000000,450.500000,0.835754,140.457466,127.890655,153.024278,25.133623,0.924528,1.040816,1.000000,1.081633,0.081633,0.980571,0.848716,0.840390,0.857041,0.016651,1.000000,1.000000,1.000000,1.000000,0.000000,1.000000,7.000000,7.000000,7.000000,0.000000,45.844394,1.256496,1.533333,0.511176,0.247250,0.331170,12.083046,35.014019,0.959659,22.812273,0.625235,8.600558,0.235723,88.156743,94.230215,99.431452,89.028978,10.402474,0.895380
IC_small_3_278um_cells,779,61,51,0,-1,0.963245,1095.000000,1074.500000,1115.500000,41.000000,0.988181,128.655489,127.890655,129.420323,1.529668,0.977273,1.011628,1.000000,1.023256,0.023256,0.940610,0.831592,0.806142,0.857041,0.050900,1.000000,1.000000,1.000000,1.000000,0.000000,0.857143,6.500000,6.000000,7.000000,1.000000,39.593581,1.196566,1.088235,0.580611,0.180822,0.598350,19.798990,28.144999,0.850576,19.262586,0.582139,1.306910,0.039496,71.415644,125.822191,140.117315,111.527067,28.590248,0.795955
IC_small_3_278um_cells,780,60,53,0,-1,0.698189,422.000000,347.000000,497.000000,150.000000,0.879947,84.141501,78.768223,89.514779,10.746556,0.888889,1.062500,1.000000,1.125000,0.125000,0.901697,0.741119,0.702809,0.779429,0.076620,1.000000,1.000000,1.000000,1.000000,0.000000,0.833333,5.500000,5.000000,6.000000,1.000000,17.984474,0.878976,1.285714,0.600491,0.195498,0.864672,17.691806,15.834036,0.773875,8.741453,0.427231,3.384982,0.165438,41.009655,123.076591,161.565051,84.588131,76.976920,0.523555
IC_small_3_278um_cells,781,60,52,0,-1,0.782696,443.000000,389.000000,497.000000,108.000000,0.927362,86.263694,83.012610,89.514779,6.502169,0.793103,1.130435,1.000000,1.260870,0.260870,0.910111,0.744398,0.709368,0.779429,0.070062,1.000000,1.000000,1.000000,1.000000,0.000000,0.800000,4.500000,4.000000,5.000000,1.000000,23.532530,1.120154,1.142857,0.592447,0.103837,0.843479,17.720045,19.339646,0.920572,11.367170,0.541080,2.015642,0.095945,73.154570,157.544045,160.577291,154.510799,6.066491,0.962221
IC_small_3_278um_cells,782,60,51,0,-1,0.462541,785.750000,497.000000,1074.500000,577.500000,0.691659,109.467551,89.514779,129.420323,39.905544,0.977273,1.011628,1.000000,1.023256,0.023256,0.966864,0.792785,0.779429,0.806142,0.026712,1.000000,1.000000,1.000000,1.000000,0.000000,0.833333,5.500000,5.000000,6.000000,1.000000,35.505328,1.289390,1.500000,0.470863,0.312759,0.256789,7.071068,28.164306,1.022798,16.491370,0.598891,7.492272,0.272085,49.449319,97.088029,101.163271,93.012788,8.150484,0.919432
IC_small_3_278um_cells,783,59,56,0,-1,0.934164,1087.000000,1050.000000,1124.000000,74.000000,0.923541,128.669454,123.554969,133.783940,10.228971,0.882051,1.176282,1.102564,1.250000,0.147436,0.913039,0.826747,0.789166,0.864328,0.075163,1.000000,1.000000,1.000000,1.000000,0.000000,1.000000,6.000000,6.000000,6.000000,0.000000,36.776553,1.115627,1.520000,0.504951,0.278749,0.375227,12.369317,30.208885,0.916395,18.099802,0.549063,0.354562,0.010756,84.640847,90.398442,104.923813,75.873070,29.050743,0.723125
IC_small_3_278um_cells,784,59,54,0,-1,0.835714,963.750000,877.500000,1050.000000,172.500000,0.960257,121.099724,118.644480,123.554969,4.910489,0.797600,1.242459,1.102564,1.382353,0.279789,0.906323,0.823845,0.783361,0.864328,0.080967,1.000000,1.000000,1.000000,1.000000,0.000000,0.857143,6.500000,6.000000,7.000000,1.000000,26.842734,0.865527,1.166667,0.725371,0.093385,0.958694,29.732137,21.166370,0.682496,13.421361,0.432763,2.425653,0.078214,69.452758,103.715731,111.991130,95.440332,16.550798,0.852213
IC_small_3_278um_cells,785,59,48,0,-1,0.525714,801.000000,552.000000,1050.000000,498.000000,0.802779,111.371138,99.187308,123.554969,24.367661,0.888177,1.171972,1.102564,1.241379,0.138815,0.815752,0.784703,0.705077,0.864328,0.159251,1.000000,1.000000,1.000000,1.000000,0.000000,0.833333,5.500000,5.000000,6.000000,1.000000,32.152102,1.150377,1.923077,0.559081,0.206305,0.590086,16.492423,25.718724,0.920196,15.709870,0.562087,7.830025,0.280152,67.251364,124.890170,125.461537,124.318803,1.142735,0.990892
IC_small_3_278um_cells,786,59,47,0,-1,0.920476,1008.250000,966.500000,1050.000000,83.500000,0.997606,123.407072,123.259176,123.554969,0.295793,0.977273,1.115385,1.102564,1.128205,0.025641,0.924899,0.831872,0.799417,0.864328,0.064912,1.000000,1.000000,1.000000,1.000000,0.000000,0.833333,5.500000,5.000000,6.000000,1.000000,38.366879,1.208552,1.169231,0.537725,0.183734,0.468280,14.866069,28.588226,0.900526,18.878871,0.594682,0.709395,0.022346,70.826054,109.807325,116.301017,103.313632,12.987385,0.888330
IC_small_3_278um_cells,787,58,51,0,-1,0.686143,1320.250000,1074.500000,1566.000000,491.500000,0.845750,141.222300,129.420323,153.024278,23.603955,0.946029,1.052444,1.023256,1.081633,0.058377,0.959247,0.823266,0.806142,0.840390,0.034249,1.000000,1.000000,1.000000,1.000000,0.000000,0.857143,6.500000,6.000000,7.000000,1.000000,29.471148,0.814657,1.063492,0.837946,0.053020,1.153393,41.725292,25.071905,0.693051,14.697326,0.406271,4.184032,0.115657,78.991251,156.892345,159.443955,154.340735,5.103219,0.967994
IC_small_3_278um_cells,788,58,49,0,-1,0.617497,1266.500000,967.000000,1566.000000,599.000000,0.810753,138.544606,124.064933,153.024278,28.959345,0.713417,1.298881,1.081633,1.516129,0.434496,0.939415,0.814932,0.789475,0.840390,0.050915,1.000000,1.000000,1.000000,1.000000,0.000000,1.000000,7.000000,7.000000,7.000000,0.000000,47.592030,1.346893,1.064935,0.483077,0.207462,0.288613,10.198039,34.322974,0.971368,22.263797,0.630084,10.121221,0.286439,55.098649,94.784951,101.198027,88.371876,12.826151,0.873257
IC_small_3_278um_cells,789,58,45,0,-1,0.722861,1349.000000,1132.000000,1566.000000,434.000000,0.869026,143.003157,132.982036,153.024278,20.042242,0.990566,1.076531,1.071429,1.081633,0.010204,0.957171,0.822393,0.804397,0.840390,0.035993,1.000000,1.000000,1.000000,1.000000,0.000000,0.857143,6.500000,6.000000,7.000000,1.000000,41.167156,1.124510,1.440678,0.586659,0.180319,0.622894,22.803509,33.147427,0.905446,20.575033,0.562022,6.674456,0.182318,84.368455,120.974239,155.063073,86.885405,68.177668,0.560323
IC_small_3_278um_cells,790,57,55,0,-1,0.660517,675.000000,537.000000,813.000000,276.000000,0.778233,103.900825,90.943134,116.858516,25.915382,0.907317,1.086111,1.033333,1.138889,0.105556,0.916928,0.782024,0.748134,0.815914,0.067779,1.000000,1.000000,1.000000,1.000000,0.000000,0.833333,5.500000,5.000000,6.000000,1.000000,26.074124,1.008935,1.536585,0.531356,0.163333,0.563406,14.560220,21.893364,0.847161,12.256571,0.474267,2.073805,0.080246,54.580175,100.126810,142.953082,57.300539,85.652543,0.400835
IC_small_3_278um_cells,791,57,50,0,-1,0.833333,492.250000,447.500000,537.000000,89.500000,0.990778,90.523810,90.104485,90.943134,0.838649,0.766667,1.190580,1.033333,1.347826,0.314493,0.848918,0.754279,0.692644,0.815914,0.123270,1.000000,1.000000,1.000000,1.000000,0.000000,1.000000,5.000000,5.000000,5.000000,0.000000,24.436700,1.102554,1.270270,0.595222,0.207212,0.831949,18.439089,20.740069,0.935766,11.013395,0.496911,2.420187,0.109196,57.198223,149.180464,179.246152,119.114776,60.131376,0.664532
IC_small_3_278um_cells,792,57,49,0,-1,0.555326,752.000000,537.000000,967.000000,430.000000,0.733029,107.504034,90.943134,124.064933,33.121799,0.681560,1.274731,1.033333,1.516129,0.482796,0.967596,0.802694,0.789475,0.815914,0.026439,1.000000,1.000000,1.000000,1.000000,0.000000,0.714286,6.000000,5.000000,7.000000,2.000000,25.488587,0.939327,1.325581,0.739794,0.072141,1.016631,27.586228,21.103440,0.777722,12.515734,0.461240,5.621686,0.207175,63.898328,158.957148,161.161566,156.752730,4.408836,0.972643
IC_small_3_278um_cells,793,56,47,0,-1,0.859875,1045.250000,966.500000,1124.000000,157.500000,0.921330,128.521558,123.259176,133.783940,10.524764,0.902564,1.189103,1.128205,1.250000,0.121795,0.987177,0.794291,0.789166,0.799417,0.010251,1.000000,1.000000,1.000000,1.000000,0.000000,0.833333,5.500000,5.000000,6.000000,1.000000,30.970303,0.958615,1.580000,0.714525,0.041856,1.010595,32.649655,25.257834,0.781798,15.477110,0.479059,1.521059,0.047081,89.742851,161.336139,170.909723,151.762554,19.147169,0.887969
IC_small_3_278um_cells,794,56,42,0,-1,0.834964,1031.250000,938.500000,1124.000000,185.500000,0.996031,134.050503,133.783940,134.317066,0.533126,0.896226,1.322368,1.250000,1.394737,0.144737,0.828349,0.721435,0.653705,0.789166,0.135461,1.000000,1.000000,1.000000,1.000000,0.000000,0.857143,6.500000,6.000000,7.000000,1.000000,39.613418,1.234812,2.000000,0.461477,0.300121,0.484916,15.556349,28.940838,0.902131,19.154025,0.597061,6.790396,0.211667,47.604463,110.759880,140.079608,81.440153,58.639455,0.581385
IC_small_3_278um_cells,795,55,54,0,-1,0.926496,845.250000,813.000000,877.500000,64.500000,0.984947,117.751498,116.858516,118.644480,1.785964,0.823877,1.260621,1.138889,1.382353,0.243464,0.955032,0.765748,0.748134,0.783361,0.035226,1.000000,1.000000,1.000000,1.000000,0.000000,0.857143,6.500000,6.000000,7.000000,1.000000,30.141698,1.036941,1.319149,0.514218,0.330080,0.554719,16.124515,25.034110,0.861229,12.926438,0.444698,0.955189,0.032861,34.544087,98.202893,107.119716,89.286071,17.833645,0.833517
IC_small_3_278um_cells,796,55,50,0,-1,0.550431,630.250000,447.500000,813.000000,365.500000,0.771056,103.481501,90.104485,116.858516,26.754031,0.844982,1.243357,1.138889,1.347826,0.208937,0.925828,0.720389,0.692644,0.748134,0.055490,1.000000,1.000000,1.000000,1.000000,0.000000,0.833333,5.500000,5.000000,6.000000,1.000000,25.021144,1.007549,1.061224,0.580395,0.207061,0.840818,20.880613,20.131197,0.810641,10.442040,0.420479,4.165816,0.167749,38.905112,117.245410,123.453309,111.037511,12.415798,0.899429
IC_small_3_278um_cells,797,55,44,0,-1,0.759104,942.000000,813.000000,1071.000000,258.000000,0.946994,120.128964,116.858516,123.399413,6.540897,0.972973,1.123498,1.108108,1.138889,0.030781,0.846460,0.815987,0.748134,0.883839,0.135704,1.000000,1.000000,1.000000,1.000000,0.000000,0.857143,6.500000,6.000000,7.000000,1.000000,32.447212,1.059686,1.531915,0.695167,0.045913,0.909768,27.856777,25.601353,0.836109,16.222237,0.529798,2.082079,0.067998,84.295199,167.444205,171.587655,163.300756,8.286899,0.951705
IC_small_3_278um_cells,798,54,48,0,-1,0.629060,714.750000,552.000000,877.500000,325.500000,0.836004,108.915894,99.187308,118.644480,19.457171,0.898019,1.311866,1.241379,1.382353,0.140974,0.900067,0.744219,0.705077,0.783361,0.078284,1.000000,1.000000,1.000000,1.000000,0.000000,0.714286,6.000000,5.000000,7.000000,2.000000,33.539935,1.262863,1.236364,0.494330,0.243092,0.512130,13.601471,26.686830,1.004826,16.623507,0.625917,4.513559,0.169947,69.511940,115.034244,123.690068,106.378421,17.311646,0.860040
IC_small_3_278um_cells,799,54,44,0,-1,0.819328,974.250000,877.500000,1071.000000,193.500000,0.961467,121.021946,118.644480,123.399413,4.754933,0.801610,1.245231,1.108108,1.382353,0.274245,0.886316,0.833600,0.783361,0.883839,0.100478,1.000000,1.000000,1.000000,1.000000,0.000000,1.000000,7.000000,7.000000,7.000000,0.000000,34.926252,1.120351,1.423077,0.574571,0.152425,0.571126,17.804494,27.416681,0.879462,16.504941,0.529439,4.615192,0.148044,67.993423,109.281540,137.270450,81.292630,55.977820,0.592208
IC_small_3_278um_cells,800,54,38,0,-1,0.805785,983.250000,877.500000,1089.000000,211.500000,0.899066,125.304336,118.644480,131.964193,13.319714,0.945990,1.345023,1.307692,1.382353,0.074661,0.996865,0.784593,0.783361,0.785824,0.002463,1.000000,1.000000,1.000000,1.000000,0.000000,0.857143,6.500000,6.000000,7.000000,1.000000,45.929823,1.466876,1.807692,0.449445,0.284007,0.257487,8.062258,33.188072,1.059939,22.570623,0.720846,4.698908,0.150071,77.853152,111.083264,124.317205,97.849324,26.467881,0.787094
IC_small_3_278um_cells,801,53,52,0,-1,0.892031,368.000000,347.000000,389.000000,42.000000,0.948871,80.890417,78.768223,83.012610,4.244387,0.892241,1.192935,1.125000,1.260870,0.135870,0.990754,0.706088,0.702809,0.709368,0.006559,1.000000,1.000000,1.000000,1.000000,0.000000,0.666667,5.000000,4.000000,6.000000,2.000000,21.457581,1.119010,1.566667,0.551760,0.201087,0.842507,16.155494,17.276906,0.900988,8.936475,0.466036,1.729708,0.090204,41.076507,146.734831,172.568592,120.901070,51.667522,0.700597
IC_small_3_278um_cells,802,53,46,0,-1,0.598792,463.250000,347.000000,579.500000,232.500000,0.808642,88.088153,78.768223,97.408082,18.639859,0.773438,1.289773,1.125000,1.454545,0.329545,0.915723,0.735150,0.702809,0.767491,0.064682,1.000000,1.000000,1.000000,1.000000,0.000000,1.000000,6.000000,6.000000,6.000000,0.000000,29.686638,1.390451,1.042553,0.465342,0.354560,0.421538,9.000000,21.752429,1.018831,12.449309,0.583096,1.792768,0.083969,44.711510,123.695022,128.157227,119.232817,8.924409,0.930364
IC_small_3_278um_cells,803,52,51,0,-1,0.362029,731.750000,389.000000,1074.500000,685.500000,0.641419,106.216467,83.012610,129.420323,46.407713,0.811548,1.142063,1.023256,1.260870,0.237614,0.879954,0.757755,0.709368,0.806142,0.096774,1.000000,1.000000,1.000000,1.000000,0.000000,0.666667,5.000000,4.000000,6.000000,2.000000,23.094391,0.879742,1.340909,0.713494,0.061496,0.988226,25.942244,19.438705,0.740485,11.496278,0.437931,8.423704,0.320887,46.948916,133.506978,168.754517,98.259438,70.495079,0.582263
IC_small_3_278um_cells,804,52,46,0,-1,0.671268,484.250000,389.000000,579.500000,190.500000,0.852215,90.210346,83.012610,97.408082,14.395472,0.866848,1.357708,1.260870,1.454545,0.193676,0.924268,0.738429,0.709368,0.767491,0.058123,1.000000,1.000000,1.000000,1.000000,0.000000,0.666667,5.000000,4.000000,6.000000,2.000000,18.137547,0.828276,1.312500,0.677484,0.069695,1.059224,23.194827,16.328544,0.745666,9.060750,0.413772,2.036575,0.093003,87.853902,110.322889,152.447188,68.198591,84.248598,0.447359
IC_small_3_278um_cells,805,51,45,0,-1,0.949205,1103.250000,1074.500000,1132.000000,57.500000,0.973217,131.201179,129.420323,132.982036,3.561713,0.955039,1.047342,1.023256,1.071429,0.048173,0.997836,0.805269,0.804397,0.806142,0.001745,1.000000,1.000000,1.000000,1.000000,0.000000,1.000000,6.000000,6.000000,6.000000,0.000000,40.192308,1.210160,1.106061,0.559062,0.247451,0.597652,19.849433,32.561728,0.980409,19.063720,0.573994,0.256855,0.007734,79.471321,126.663123,134.552386,118.773859,15.778526,0.882733
IC_small_3_278um_cells,806,51,40,0,-1,0.790135,961.750000,849.000000,1074.500000,225.500000,0.902757,123.127708,116.835094,129.420323,12.585229,0.803987,1.147992,1.023256,1.272727,0.249471,0.969526,0.793859,0.781575,0.806142,0.024566,1.000000,1.000000,1.000000,1.000000,0.000000,1.000000,6.000000,6.000000,6.000000,0.000000,37.350742,1.206474,1.847826,0.517173,0.184819,0.485594,15.033296,28.906151,0.933704,18.517347,0.598133,2.778617,0.089753,79.747881,117.497555,152.447188,82.547923,69.899266,0.541485
IC_small_3_278um_cells,807,50,49,0,-1,0.462771,707.250000,447.500000,967.000000,519.500000,0.726269,107.084709,90.104485,124.064933,33.960448,0.888992,1.431978,1.347826,1.516129,0.168303,0.877348,0.741059,0.692644,0.789475,0.096831,1.000000,1.000000,1.000000,1.000000,0.000000,0.714286,6.000000,5.000000,7.000000,2.000000,24.730189,0.946595,1.042553,0.544715,0.270060,0.641638,16.763055,23.151688,0.886175,12.021383,0.460141,7.138110,0.273225,77.496249,98.043448,111.954402,84.132494,27.821908,0.751489
IC_small_3_278um_cells,808,50,44,0,-1,0.417834,759.250000,447.500000,1071.000000,623.500000,0.730186,106.751949,90.104485,123.399413,33.294927,0.822145,1.227967,1.108108,1.347826,0.239718,0.783677,0.788241,0.692644,0.883839,0.191195,1.000000,1.000000,1.000000,1.000000,0.000000,0.714286,6.000000,5.000000,7.000000,2.000000,29.517600,1.095673,1.176471,0.520319,0.311162,0.408312,11.000000,24.949012,0.926090,13.660242,0.507059,9.333333,0.346447,54.718757,94.385471,103.109208,85.661733,17.447475,0.830786
IC_small_3_278um_cells,809,50,43,0,-1,0.895896,473.500000,447.500000,499.500000,52.000000,0.966595,88.599504,87.094523,90.104485,3.009962,0.956522,1.378458,1.347826,1.409091,0.061265,0.837040,0.760068,0.692644,0.827492,0.134848,1.000000,1.000000,1.000000,1.000000,0.000000,1.000000,5.000000,5.000000,5.000000,0.000000,20.824231,0.957355,1.677419,0.691809,0.030623,1.058380,23.021729,17.982571,0.826715,10.398455,0.478049,0.273589,0.012578,83.848937,171.145207,172.910070,169.380345,3.529725,0.979586
IC_small_3_278um_cells,810,49,45,0,-1,0.854240,1049.500000,967.000000,1132.000000,165.000000,0.932945,128.523484,124.064933,132.982036,8.917103,0.706687,1.293779,1.071429,1.516129,0.444700,0.981449,0.796936,0.789475,0.804397,0.014922,1.000000,1.000000,1.000000,1.000000,0.000000,0.857143,6.500000,6.000000,7.000000,1.000000,27.611887,0.852984,1.236364,0.737356,0.079323,1.048962,33.955854,21.248623,0.656411,13.667272,0.422208,3.255734,0.100576,62.007493,121.899943,127.234834,116.565051,10.669783,0.916141
IC_small_3_278um_cells,811,49,43,0,-1,0.516546,733.250000,499.500000,967.000000,467.500000,0.702008,105.579728,87.094523,124.064933,36.970410,0.929400,1.462610,1.409091,1.516129,0.107038,0.954058,0.808483,0.789475,0.827492,0.038017,1.000000,1.000000,1.000000,1.000000,0.000000,0.714286,6.000000,5.000000,7.000000,2.000000,31.878876,1.192935,1.115385,0.527035,0.184112,0.452158,12.083046,26.837586,1.004286,15.599048,0.583730,5.462810,0.204423,59.876782,109.648938,144.162347,75.135528,69.026819,0.521187
IC_small_3_278um_cells,812,49,39,0,-1,0.894002,915.750000,864.500000,967.000000,102.500000,0.921320,119.184241,114.303550,124.064933,9.761383,0.791489,1.358065,1.200000,1.516129,0.316129,0.949473,0.810481,0.789475,0.831487,0.042012,1.000000,1.000000,1.000000,1.000000,0.000000,0.857143,6.500000,6.000000,7.000000,1.000000,38.611931,1.276448,2.111111,0.510682,0.216762,0.431029,13.038405,28.333502,0.936660,19.094530,0.631235,4.729136,0.156338,75.655807,115.265935,124.739466,105.792404,18.947062,0.848107
IC_small_3_278um_cells,813,48,47,0,-1,0.571133,759.250000,552.000000,966.500000,414.500000,0.804705,111.223242,99.187308,123.259176,24.071868,0.908832,1.184792,1.128205,1.241379,0.113174,0.881990,0.752247,0.705077,0.799417,0.094339,1.000000,1.000000,1.000000,1.000000,0.000000,1.000000,5.000000,5.000000,5.000000,0.000000,24.417861,0.894701,1.431818,0.620446,0.119526,0.862433,23.537205,19.907657,0.729442,12.081840,0.442694,5.686292,0.208353,51.649429,94.551901,118.237446,70.866357,47.371089,0.599356
IC_small_3_278um_cells,814,48,38,0,-1,0.506887,820.500000,552.000000,1089.000000,537.000000,0.751623,115.575751,99.187308,131.964193,32.776885,0.949290,1.274536,1.241379,1.307692,0.066313,0.897245,0.745451,0.705077,0.785824,0.080747,1.000000,1.000000,1.000000,1.000000,0.000000,0.833333,5.500000,5.000000,6.000000,1.000000,22.880518,0.810006,1.476190,0.815557,0.017367,1.276912,36.069378,17.195982,0.608765,10.895365,0.385713,6.092878,0.215697,40.621853,165.165961,174.559668,155.772255,18.787413,0.892373
IC_small_3_278um_cells,815,48,37,0,-1,0.901961,582.000000,552.000000,612.000000,60.000000,0.969345,100.755680,99.187308,102.324051,3.136743,0.954907,1.270690,1.241379,1.300000,0.058621,0.959911,0.719801,0.705077,0.734524,0.029446,1.000000,1.000000,1.000000,1.000000,0.000000,0.833333,5.500000,5.000000,6.000000,1.000000,37.943504,1.573332,1.245283,0.438993,0.339777,0.393373,9.486833,26.595658,1.102792,16.475404,0.683155,0.175637,0.007283,50.706002,130.357723,139.833366,120.882080,18.951285,0.864472
IC_small_3_278um_cells,816,47,42,0,-1,0.971029,952.500000,938.500000,966.500000,28.000000,0.917673,128.788121,123.259176,134.317066,11.057890,0.808902,1.261471,1.128205,1.394737,0.266532,0.817727,0.726561,0.653705,0.799417,0.145712,1.000000,1.000000,1.000000,1.000000,0.000000,0.714286,6.000000,5.000000,7.000000,2.000000,24.463282,0.792673,1.017857,0.692208,0.142520,1.160174,35.805028,21.553830,0.698399,12.047022,0.390354,2.756415,0.089315,54.665698,137.727537,167.804950,107.650124,60.154826,0.641519
IC_small_3_278um_cells,817,47,37,0,-1,0.633213,789.250000,612.000000,966.500000,354.500000,0.830154,112.791614,102.324051,123.259176,20.935124,0.867850,1.214103,1.128205,1.300000,0.171795,0.918825,0.766970,0.734524,0.799417,0.064893,1.000000,1.000000,1.000000,1.000000,0.000000,0.833333,5.500000,5.000000,6.000000,1.000000,33.518283,1.200786,1.825000,0.533737,0.262274,0.587571,16.401219,24.293657,0.870316,14.398599,0.515827,6.824512,0.244487,47.508609,126.577098,149.300277,103.853919,45.446359,0.695604
IC_small_3_278um_cells,818,46,41,0,-1,0.619500,469.250000,359.000000,579.500000,220.500000,0.828136,89.037628,80.667174,97.408082,16.740908,0.844575,1.588384,1.454545,1.722222,0.267677,0.903311,0.730387,0.693283,0.767491,0.074208,1.000000,1.000000,1.000000,1.000000,0.000000,0.666667,5.000000,4.000000,6.000000,2.000000,17.058120,0.793030,1.000000,0.802999,0.022376,1.322309,28.442925,16.352261,0.760215,8.349867,0.388184,3.255196,0.151334,49.821557,163.891044,168.690068,159.092020,9.598048,0.943102
IC_small_3_278um_cells,819,46,40,0,-1,0.682568,714.250000,579.500000,849.000000,269.500000,0.833723,107.121588,97.408082,116.835094,19.427012,0.875000,1.363636,1.272727,1.454545,0.181818,0.981979,0.774533,0.767491,0.781575,0.014084,1.000000,1.000000,1.000000,1.000000,0.000000,1.000000,6.000000,6.000000,6.000000,0.000000,31.836977,1.196645,1.477273,0.517523,0.274764,0.526213,14.000000,26.083768,0.980401,15.308331,0.575389,1.198577,0.045050,68.752920,129.969889,168.754517,91.185261,77.569256,0.540343
IC_small_3_278um_cells,820,45,40,0,-1,0.750000,990.500000,849.000000,1132.000000,283.000000,0.878578,124.908565,116.835094,132.982036,16.146942,0.841837,1.172078,1.071429,1.272727,0.201299,0.971629,0.792986,0.781575,0.804397,0.022821,1.000000,1.000000,1.000000,1.000000,0.000000,1.000000,6.000000,6.000000,6.000000,0.000000,31.699728,1.009822,1.016667,0.612202,0.207219,0.767191,24.083189,25.731143,0.819687,15.095705,0.480887,2.751554,0.087653,75.844477,125.801188,142.899692,108.702684,34.197007,0.760692
IC_small_3_278um_cells,821,45,39,0,-1,0.763693,998.250000,864.500000,1132.000000,267.500000,0.859541,123.642793,114.303550,132.982036,18.678486,0.892857,1.135714,1.071429,1.200000,0.128571,0.967420,0.817942,0.804397,0.831487,0.027090,1.000000,1.000000,1.000000,1.000000,0.000000,1.000000,6.000000,6.000000,6.000000,0.000000,40.077681,1.271347,1.158730,0.503595,0.283997,0.381984,12.041595,29.961243,0.950433,20.006681,0.634653,5.089997,0.161465,87.536592,110.631674,113.237647,108.025700,5.211947,0.953973
IC_small_3_278um_cells,822,45,35,0,-1,0.948763,1103.000000,1074.000000,1132.000000,58.000000,0.937639,128.835576,124.689115,132.982036,8.292920,0.981197,1.061355,1.051282,1.071429,0.020147,0.926645,0.836236,0.804397,0.868075,0.063678,1.000000,1.000000,1.000000,1.000000,0.000000,1.000000,6.000000,6.000000,6.000000,0.000000,35.559086,1.070780,1.541667,0.587758,0.218722,0.609736,20.248457,28.300192,0.852195,17.437684,0.525096,1.069932,0.032219,78.226101,114.029834,135.353673,92.705996,42.647677,0.684917
IC_small_3_278um_cells,823,44,43,0,-1,0.466387,785.250000,499.500000,1071.000000,571.500000,0.705794,105.246968,87.094523,123.399413,36.304889,0.786399,1.258600,1.108108,1.409091,0.300983,0.936247,0.855665,0.827492,0.883839,0.056347,1.000000,1.000000,1.000000,1.000000,0.000000,0.714286,6.000000,5.000000,7.000000,2.000000,30.768390,1.117314,1.547619,0.623331,0.114613,0.591144,16.278821,23.686375,0.860140,15.257384,0.554052,7.458141,0.270833,76.689370,111.120727,134.731008,87.510447,47.220561,0.649520
IC_small_3_278um_cells,824,44,38,0,-1,0.983471,1080.000000,1071.000000,1089.000000,18.000000,0.935098,127.681803,123.399413,131.964193,8.564781,0.847377,1.207900,1.108108,1.307692,0.199584,0.889104,0.834832,0.785824,0.883839,0.098015,1.000000,1.000000,1.000000,1.000000,0.000000,0.857143,6.500000,6.000000,7.000000,1.000000,36.035472,1.096534,1.147541,0.584404,0.215278,0.606299,19.924859,28.957065,0.881143,17.924545,0.545431,1.334110,0.040596,79.000852,104.659093,110.905842,98.412345,12.493496,0.887350
IC_small_3_278um_cells,825,44,36,0,-1,0.676937,898.000000,725.000000,1071.000000,346.000000,0.856188,114.526262,105.653111,123.399413,17.746301,0.930640,1.069679,1.031250,1.108108,0.076858,0.923443,0.850007,0.816175,0.883839,0.067664,1.000000,1.000000,1.000000,1.000000,0.000000,0.857143,6.500000,6.000000,7.000000,1.000000,37.028223,1.241475,1.346154,0.497795,0.262806,0.270310,8.062258,27.902680,0.935516,18.511866,0.620662,6.472447,0.217007,88.042016,93.234434,94.904456,91.564412,3.340044,0.964806
IC_small_3_278um_cells,826,44,34,0,-1,0.823213,1186.000000,1071.000000,1301.000000,230.000000,0.857412,133.660137,123.399413,143.920862,20.521450,0.921640,1.064692,1.021277,1.108108,0.086832,0.893031,0.836567,0.789296,0.883839,0.094543,1.000000,1.000000,1.000000,1.000000,0.000000,1.000000,7.000000,7.000000,7.000000,0.000000,40.009530,1.163144,1.379310,0.602767,0.167580,0.653304,22.472205,30.079029,0.874447,19.965682,0.580436,5.415568,0.157440,83.028282,129.874530,139.034928,120.714132,18.320796,0.868229
IC_small_3_278um_cells,827,43,39,0,-1,0.577791,682.000000,499.500000,864.500000,365.000000,0.761958,100.699037,87.094523,114.303550,27.209026,0.851613,1.304545,1.200000,1.409091,0.209091,0.995195,0.829489,0.827492,0.831487,0.003995,1.000000,1.000000,1.000000,1.000000,0.000000,0.833333,5.500000,5.000000,6.000000,1.000000,25.662910,0.991767,1.300000,0.612108,0.176686,0.658117,17.029386,20.519498,0.792995,12.604239,0.487103,4.841345,0.187098,63.491210,104.614584,110.045249,99.183919,10.861330,0.901301
IC_small_3_278um_cells,828,43,36,0,-1,0.688966,612.250000,499.500000,725.000000,225.500000,0.824344,96.373817,87.094523,105.653111,18.558588,0.731855,1.220170,1.031250,1.409091,0.377841,0.986324,0.821833,0.816175,0.827492,0.011317,1.000000,1.000000,1.000000,1.000000,0.000000,0.833333,5.500000,5.000000,6.000000,1.000000,25.609244,1.039435,1.111111,0.637313,0.164965,0.758251,18.681542,19.851399,0.805734,12.573516,0.510337,4.204103,0.170637,85.022170,133.470543,136.576550,130.364537,6.212013,0.954516
IC_small_3_278um_cells,829,42,37,0,-1,0.652104,775.250000,612.000000,938.500000,326.500000,0.761810,118.320559,102.324051,134.317066,31.993015,0.932075,1.347368,1.300000,1.394737,0.094737,0.889971,0.694114,0.653705,0.734524,0.080819,1.000000,1.000000,1.000000,1.000000,0.000000,0.857143,6.500000,6.000000,7.000000,1.000000,34.040977,1.229502,1.210526,0.474765,0.299258,0.615073,17.029386,31.363230,1.132787,17.014999,0.614553,10.724435,0.387348,85.506720,121.802024,155.262917,88.341131,66.921786,0.568978
IC_small_3_278um_cells,830,41,40,0,-1,0.422850,604.000000,359.000000,849.000000,490.000000,0.690436,98.751134,80.667174,116.835094,36.167920,0.739003,1.497475,1.272727,1.722222,0.449495,0.887033,0.737429,0.693283,0.781575,0.088292,1.000000,1.000000,1.000000,1.000000,0.000000,0.666667,5.000000,4.000000,6.000000,2.000000,24.652548,1.025376,1.452381,0.544906,0.267798,0.636252,15.297059,21.673093,0.901451,12.312278,0.512106,5.302441,0.220545,83.128447,109.010971,117.897271,100.124672,17.772599,0.849254
IC_small_3_278um_cells,831,41,33,0,-1,0.381104,650.500000,359.000000,942.000000,583.000000,0.633375,104.013998,80.667174,127.360821,46.693647,0.713364,1.475397,1.228571,1.722222,0.493651,0.949996,0.711529,0.693283,0.729775,0.036492,0.967643,0.983821,0.967643,1.000000,0.032357,0.666667,5.000000,4.000000,6.000000,2.000000,27.888293,1.123637,1.100000,0.568662,0.234051,0.775006,19.235384,24.771268,0.998050,13.086473,0.527262,10.959917,0.441582,56.296138,149.286709,154.440035,144.133383,10.306651,0.933264
IC_small_3_278um_cells,832,40,35,0,-1,0.790503,961.500000,849.000000,1074.000000,225.000000,0.937011,120.762105,116.835094,124.689115,7.854021,0.826007,1.162005,1.051282,1.272727,0.221445,0.900355,0.824825,0.781575,0.868075,0.086499,1.000000,1.000000,1.000000,1.000000,0.000000,1.000000,6.000000,6.000000,6.000000,0.000000,28.853844,0.932129,1.037736,0.791949,0.046282,1.079690,33.421550,25.672175,0.829345,14.416301,0.465721,2.206602,0.071285,82.472234,163.187800,167.784281,158.591320,9.192961,0.945210
IC_small_3_278um_cells,833,40,33,0,-1,0.901274,895.500000,849.000000,942.000000,93.000000,0.917355,122.097958,116.835094,127.360821,10.525727,0.965306,1.250649,1.228571,1.272727,0.044156,0.933723,0.755675,0.729775,0.781575,0.051800,0.967643,0.983821,0.967643,1.000000,0.032357,1.000000,6.000000,6.000000,6.000000,0.000000,32.039915,1.071039,1.326531,0.490550,0.329704,0.501424,15.000000,25.473733,0.851543,13.398449,0.447887,1.638842,0.054784,36.500744,89.824767,91.986840,87.662694,4.324145,0.952992
IC_small_3_278um_cells,834,39,36,0,-1,0.838635,794.750000,725.000000,864.500000,139.500000,0.924320,109.978331,105.653111,114.303550,8.650439,0.859375,1.115625,1.031250,1.200000,0.168750,0.981585,0.823831,0.816175,0.831487,0.015312,1.000000,1.000000,1.000000,1.000000,0.000000,1.000000,6.000000,6.000000,6.000000,0.000000,32.078917,1.139000,1.650000,0.591679,0.191570,0.643044,18.110770,24.776995,0.879737,15.204399,0.539850,3.330569,0.118256,68.009351,114.409976,124.239531,104.580420,19.659110,0.841764
IC_small_3_278um_cells,835,39,35,0,-1,0.804935,969.250000,864.500000,1074.000000,209.500000,0.916708,119.496333,114.303550,124.689115,10.385566,0.876068,1.125641,1.051282,1.200000,0.148718,0.957852,0.849781,0.831487,0.868075,0.036588,1.000000,1.000000,1.000000,1.000000,0.000000,1.000000,6.000000,6.000000,6.000000,0.000000,34.626549,1.113854,1.853659,0.603313,0.161465,0.612031,19.026298,25.833163,0.830991,17.128101,0.550970,2.222022,0.071477,73.091655,115.304692,119.200704,111.408680,7.792024,0.934631
IC_small_3_278um_cells,836,39,29,0,-1,0.625769,1123.000000,864.500000,1381.500000,517.000000,0.796768,128.881237,114.303550,143.458924,29.155374,0.871212,1.122727,1.045455,1.200000,0.154545,0.985711,0.837513,0.831487,0.843540,0.012053,1.000000,1.000000,1.000000,1.000000,0.000000,0.857143,6.500000,6.000000,7.000000,1.000000,30.660878,0.921149,1.565217,0.801550,0.035619,1.053226,35.057096,24.889208,0.747750,15.214712,0.457098,5.998462,0.180213,77.293668,159.773140,175.030259,144.516020,30.514239,0.825663
IC_small_3_278um_cells,837,38,37,0,-1,0.561983,850.500000,612.000000,1089.000000,477.000000,0.775393,117.144122,102.324051,131.964193,29.640142,0.994118,1.303846,1.300000,1.307692,0.007692,0.934717,0.760174,0.734524,0.785824,0.051301,1.000000,1.000000,1.000000,1.000000,0.000000,1.000000,6.000000,6.000000,6.000000,0.000000,32.938020,1.140935,1.200000,0.495951,0.233686,0.462140,13.341664,26.780038,0.927630,16.356528,0.566571,7.306803,0.253099,65.051825,79.162688,93.767124,64.558252,29.208872,0.688496
IC_small_3_278um_cells,838,38,34,0,-1,0.837048,1195.000000,1089.000000,1301.000000,212.000000,0.916922,137.942528,131.964193,143.920862,11.956669,0.780976,1.164484,1.021277,1.307692,0.286416,0.995602,0.787560,0.785824,0.789296,0.003471,1.000000,1.000000,1.000000,1.000000,0.000000,0.857143,6.500000,6.000000,7.000000,1.000000,27.630765,0.800087,1.166667,0.744783,0.097280,1.086926,37.536649,22.511817,0.651861,13.538445,0.392025,1.444043,0.041814,40.147493,127.053712,128.380026,125.727398,2.652628,0.979338
IC_small_3_278um_cells,839,38,32,0,-1,0.642792,894.500000,700.000000,1089.000000,389.000000,0.787204,117.923470,103.882746,131.964193,28.081447,0.832180,1.197964,1.088235,1.307692,0.219457,0.964061,0.800472,0.785824,0.815119,0.029295,1.000000,1.000000,1.000000,1.000000,0.000000,1.000000,6.000000,6.000000,6.000000,0.000000,38.820106,1.305810,1.271186,0.552114,0.138066,0.572825,17.029386,30.552056,1.027694,18.826364,0.633271,6.398162,0.215218,74.367673,132.875281,152.275944,113.474618,38.801326,0.745191
IC_small_3_278um_cells,840,37,32,0,-1,0.874286,656.000000,612.000000,700.000000,88.000000,0.984996,103.103399,102.324051,103.882746,1.558695,0.837104,1.194118,1.088235,1.300000,0.211765,0.901124,0.774821,0.734524,0.815119,0.080595,1.000000,1.000000,1.000000,1.000000,0.000000,1.000000,6.000000,6.000000,6.000000,0.000000,22.081871,0.862638,1.439024,0.742574,0.068979,1.117299,28.600699,18.393164,0.718537,10.703928,0.418154,1.158468,0.045256,49.658291,162.192000,171.625741,152.758258,18.867482,0.890066
IC_small_3_278um_cells,841,36,34,0,-1,0.557264,1013.000000,725.000000,1301.000000,576.000000,0.734106,124.786987,105.653111,143.920862,38.267751,0.990329,1.026263,1.021277,1.031250,0.009973,0.967067,0.802735,0.789296,0.816175,0.026879,1.000000,1.000000,1.000000,1.000000,0.000000,0.857143,6.500000,6.000000,7.000000,1.000000,34.650533,1.100101,1.553191,0.593051,0.188302,0.672738,21.189620,26.800770,0.850883,15.630183,0.496234,6.155531,0.195429,53.323947,111.068908,129.400661,92.737156,36.663504,0.716667
IC_small_3_278um_cells,842,36,31,0,-1,0.865155,781.500000,725.000000,838.000000,113.000000,0.948448,108.524425,105.653111,111.395739,5.742628,0.942857,1.062500,1.031250,1.093750,0.062500,0.961760,0.832401,0.816175,0.848627,0.032452,1.000000,1.000000,1.000000,1.000000,0.000000,1.000000,6.000000,6.000000,6.000000,0.000000,26.893208,0.962637,1.638889,0.784526,0.007038,1.052756,29.410882,21.791172,0.780010,13.422309,0.480449,1.404498,0.050274,80.811212,176.716537,178.734001,174.699073,4.034928,0.977425
IC_small_3_278um_cells,843,36,29,0,-1,0.524792,1053.250000,725.000000,1381.500000,656.500000,0.736469,124.556017,105.653111,143.458924,37.805812,0.986413,1.038352,1.031250,1.045455,0.014205,0.967559,0.829857,0.816175,0.843540,0.027365,1.000000,1.000000,1.000000,1.000000,0.000000,0.857143,6.500000,6.000000,7.000000,1.000000,37.773205,1.178675,1.107692,0.506032,0.279136,0.318220,10.198039,30.517158,0.952257,17.175790,0.535953,8.281318,0.258410,59.830565,91.099602,101.809883,80.389320,21.420563,0.789602
IC_small_3_278um_cells,844,35,33,0,-1,0.877095,1008.000000,942.000000,1074.000000,132.000000,0.979023,126.024968,124.689115,127.360821,2.671706,0.855695,1.139927,1.051282,1.228571,0.177289,0.840683,0.798925,0.729775,0.868075,0.138299,0.967643,0.983821,0.967643,1.000000,0.032357,1.000000,6.000000,6.000000,6.000000,0.000000,34.007864,1.071722,1.408163,0.561813,0.209821,0.625534,19.849433,25.835444,0.814177,14.932826,0.470592,5.142043,0.162046,54.316004,94.252846,112.708250,75.797441,36.910809,0.672510
IC_small_3_278um_cells,845,35,29,0,-1,0.777416,1227.750000,1074.000000,1381.500000,307.500000,0.869162,134.074020,124.689115,143.458924,18.769808,0.994457,1.048368,1.045455,1.051282,0.005828,0.971737,0.855807,0.843540,0.868075,0.024535,1.000000,1.000000,1.000000,1.000000,0.000000,0.857143,6.500000,6.000000,7.000000,1.000000,43.096397,1.232374,1.142857,0.526579,0.250458,0.372843,13.038405,33.671070,0.962849,21.545106,0.616098,6.569599,0.187863,86.545821,107.244986,118.206696,96.283275,21.923421,0.814533
IC_small_3_278um_cells,846,35,26,0,-1,0.718635,1284.250000,1074.000000,1494.500000,420.500000,0.832171,137.262541,124.689115,149.835967,25.146852,0.971898,1.036511,1.021739,1.051282,0.029543,0.963644,0.852295,0.836515,0.868075,0.031560,0.995338,0.997669,0.995338,1.000000,0.004662,0.857143,6.500000,6.000000,7.000000,1.000000,40.189789,1.125281,1.627451,0.577971,0.224450,0.534923,19.104973,29.117908,0.815277,20.085666,0.562382,6.361114,0.178106,73.229029,113.764122,114.215139,113.313106,0.902033,0.992102
IC_small_3_278um_cells,847,34,32,0,-1,0.538048,1000.500000,700.000000,1301.000000,601.000000,0.721805,123.901804,103.882746,143.920862,40.038116,0.938470,1.054756,1.021277,1.088235,0.066959,0.968319,0.802207,0.789296,0.815119,0.025824,1.000000,1.000000,1.000000,1.000000,0.000000,0.857143,6.500000,6.000000,7.000000,1.000000,40.282709,1.288492,1.538462,0.469963,0.246627,0.263765,8.246211,31.436356,1.005531,18.881997,0.603964,7.938224,0.253914,51.634926,84.220238,86.443819,81.996658,4.447161,0.948554
IC_small_3_278um_cells,848,34,31,0,-1,0.644120,1069.500000,838.000000,1301.000000,463.000000,0.774007,127.658301,111.395739,143.920862,32.525123,0.933739,1.057513,1.021277,1.093750,0.072473,0.930086,0.818961,0.789296,0.848627,0.059331,1.000000,1.000000,1.000000,1.000000,0.000000,0.857143,6.500000,6.000000,7.000000,1.000000,35.443246,1.090266,1.095238,0.473623,0.304114,0.262821,8.544004,30.719391,0.944956,17.168447,0.528117,4.053852,0.124700,73.630253,78.194813,88.528843,67.860783,20.668060,0.766539
IC_small_3_278um_cells,849,34,30,0,-1,0.489239,968.750000,636.500000,1301.000000,664.500000,0.730668,124.539621,105.158381,143.920862,38.762481,0.828062,1.127305,1.021277,1.233333,0.212057,0.916391,0.756299,0.723303,0.789296,0.065992,1.000000,1.000000,1.000000,1.000000,0.000000,0.714286,6.000000,5.000000,7.000000,2.000000,41.232068,1.345292,1.060606,0.489590,0.182452,0.425408,13.038405,32.005872,1.044266,20.102673,0.655896,13.556596,0.442315,79.001470,108.996385,140.063617,77.929153,62.134464,0.556384
IC_small_3_278um_cells,850,34,27,0,-1,0.493851,971.750000,642.500000,1301.000000,658.500000,0.736922,124.989658,106.058453,143.920862,37.862409,0.855664,1.107412,1.021277,1.193548,0.172272,0.909395,0.753539,0.717782,0.789296,0.071514,1.000000,1.000000,1.000000,1.000000,0.000000,0.714286,6.000000,5.000000,7.000000,2.000000,28.982861,0.943806,1.520833,0.719870,0.049138,1.071162,32.893768,21.923419,0.713921,13.860554,0.451359,6.828193,0.222355,57.525585,170.591413,179.136310,162.046517,17.089793,0.904599
IC_small_3_278um_cells,851,33,28,0,-1,0.890658,890.500000,839.000000,942.000000,103.000000,0.903105,121.190522,115.020223,127.360821,12.340598,0.890714,1.303941,1.228571,1.379310,0.150739,0.915726,0.763356,0.729775,0.796936,0.067161,0.967643,0.983821,0.967643,1.000000,0.032357,0.833333,5.500000,5.000000,6.000000,1.000000,24.536535,0.822580,1.325581,0.801836,0.053060,1.262417,37.656341,21.924997,0.735029,12.065982,0.404508,1.085586,0.036394,71.591539,169.932692,176.716138,163.149247,13.566891,0.923228
IC_small_3_278um_cells,852,33,26,0,-1,0.630311,1218.250000,942.000000,1494.500000,552.500000,0.850002,138.598394,127.360821,149.835967,22.475146,0.831648,1.125155,1.021739,1.228571,0.206832,0.872400,0.783145,0.729775,0.836515,0.106740,0.972175,0.981490,0.967643,0.995338,0.027695,0.857143,6.500000,6.000000,7.000000,1.000000,45.316970,1.306891,1.144928,0.466041,0.358301,0.301087,10.440307,33.376099,0.962530,21.702442,0.625874,0.917846,0.026470,62.629073,106.903314,133.076611,80.730017,52.346594,0.606643
IC_small_3_278um_cells,853,32,30,0,-1,0.909286,668.250000,636.500000,700.000000,63.500000,0.987869,104.520564,103.882746,105.158381,1.275634,0.882353,1.160784,1.088235,1.233333,0.145098,0.887359,0.769211,0.723303,0.815119,0.091816,1.000000,1.000000,1.000000,1.000000,0.000000,0.833333,5.500000,5.000000,6.000000,1.000000,22.348891,0.864787,1.085106,0.702363,0.091657,1.052614,27.202941,17.134200,0.663005,11.037373,0.427090,0.497890,0.019266,65.044703,141.873841,150.255119,133.492564,16.762554,0.888439
IC_small_3_278um_cells,854,31,29,0,-1,0.606587,1109.750000,838.000000,1381.500000,543.500000,0.776499,127.427331,111.395739,143.458924,32.063184,0.955844,1.069602,1.045455,1.093750,0.048295,0.994006,0.846083,0.843540,0.848627,0.005087,1.000000,1.000000,1.000000,1.000000,0.000000,0.857143,6.500000,6.000000,7.000000,1.000000,36.079499,1.091387,1.727273,0.594249,0.152512,0.577916,19.104973,28.261435,0.854895,17.787761,0.538071,5.997577,0.181424,83.090541,103.365282,123.239520,83.491044,39.748477,0.677470
IC_small_3_278um_cells,855,31,27,0,-1,0.766706,740.250000,642.500000,838.000000,195.500000,0.952087,108.727096,106.058453,111.395739,5.337286,0.916385,1.143649,1.093750,1.193548,0.099798,0.845816,0.783204,0.717782,0.848627,0.130845,1.000000,1.000000,1.000000,1.000000,0.000000,0.833333,5.500000,5.000000,6.000000,1.000000,27.328999,1.006671,1.377778,0.618694,0.159068,0.811212,22.022716,21.916982,0.807318,13.052086,0.480777,2.926900,0.107813,71.088636,115.009473,130.092700,99.926246,30.166455,0.768116
IC_small_3_278um_cells,856,31,21,0,-1,0.950477,817.250000,796.500000,838.000000,41.500000,0.973979,112.883774,111.395739,114.371809,2.976070,0.781250,1.246875,1.093750,1.400000,0.306250,0.901656,0.806898,0.765170,0.848627,0.083457,1.000000,1.000000,1.000000,1.000000,0.000000,1.000000,6.000000,6.000000,6.000000,0.000000,35.769152,1.251314,1.565217,0.524392,0.187213,0.487257,13.928388,28.104114,0.983167,17.879911,0.625494,0.936376,0.032757,89.307836,128.446962,151.638806,105.255119,46.383687,0.694117
IC_small_3_278um_cells,857,31,19,0,-1,0.711980,1007.500000,838.000000,1177.000000,339.000000,0.825849,123.141011,111.395739,134.886283,23.490544,0.772059,1.255208,1.093750,1.416667,0.322917,0.957931,0.830776,0.812926,0.848627,0.035701,0.997458,0.998729,0.997458,1.000000,0.002542,0.857143,6.500000,6.000000,7.000000,1.000000,36.453523,1.152577,1.612245,0.576853,0.171464,0.581285,18.384776,29.942285,0.946707,18.214110,0.575889,6.277985,0.198496,86.032219,118.266933,118.371339,118.162527,0.208811,0.998236
IC_small_3_278um_cells,858,30,27,0,-1,0.990661,639.500000,636.500000,642.500000,6.000000,0.991513,105.608417,105.158381,106.058453,0.900073,0.967742,1.213441,1.193548,1.233333,0.039785,0.992366,0.720543,0.717782,0.723303,0.005522,1.000000,1.000000,1.000000,1.000000,0.000000,1.000000,5.000000,5.000000,5.000000,0.000000,30.311138,1.198625,1.621622,0.492290,0.371775,0.603613,15.264338,24.676814,0.975821,13.012736,0.514576,0.397803,0.015731,57.371270,114.103479,125.272421,102.934537,22.337884,0.821686
IC_small_3_278um_cells,859,30,23,0,-1,0.628022,825.000000,636.500000,1013.500000,377.000000,0.820950,116.625942,105.158381,128.093503,22.935122,0.822222,1.366667,1.233333,1.500000,0.266667,0.931839,0.749757,0.723303,0.776210,0.052907,1.000000,1.000000,1.000000,1.000000,0.000000,0.833333,5.500000,5.000000,6.000000,1.000000,25.004310,0.876353,1.120000,0.787821,0.034545,1.244577,35.510562,20.823439,0.729822,11.885867,0.416577,4.602119,0.161295,67.556569,168.151328,169.695154,166.607502,3.087651,0.981805
IC_small_3_278um_cells,860,29,26,0,-1,0.924389,1438.000000,1381.500000,1494.500000,113.000000,0.957440,146.647445,143.458924,149.835967,6.377044,0.977316,1.033597,1.021739,1.045455,0.023715,0.991672,0.840027,0.836515,0.843540,0.007025,0.995338,0.997669,0.995338,1.000000,0.004662,1.000000,7.000000,7.000000,7.000000,0.000000,36.789313,0.970345,1.333333,0.666685,0.073540,0.797402,30.232433,28.499813,0.751703,18.221511,0.480606,2.492162,0.065733,79.340517,103.946438,128.480198,79.412679,49.067520,0.618093
IC_small_3_278um_cells,861,29,24,0,-1,0.314151,907.750000,434.000000,1381.500000,947.500000,0.591115,114.129831,84.800739,143.458924,58.658185,0.929293,1.085227,1.045455,1.125000,0.079545,0.899072,0.800972,0.758403,0.843540,0.085136,1.000000,1.000000,1.000000,1.000000,0.000000,0.714286,6.000000,5.000000,7.000000,2.000000,33.964873,1.171178,1.369565,0.555552,0.270724,0.441586,12.806248,28.774004,0.992186,15.053751,0.519084,11.479883,0.395850,66.842097,111.828603,117.711811,105.945396,11.766415,0.900040
IC_small_3_278um_cells,862,29,19,0,-1,0.851972,1279.250000,1177.000000,1381.500000,204.500000,0.940243,139.172603,134.886283,143.458924,8.572640,0.737968,1.231061,1.045455,1.416667,0.371212,0.963707,0.828233,0.812926,0.843540,0.030614,0.997458,0.998729,0.997458,1.000000,0.002542,1.000000,7.000000,7.000000,7.000000,0.000000,41.117579,1.150529,1.301587,0.595786,0.165331,0.644181,23.021729,29.876153,0.835978,20.512234,0.573962,2.972421,0.083173,76.303578,132.741949,147.094757,118.389141,28.705616,0.804849
IC_small_3_278um_cells,863,28,26,0,-1,0.561392,1166.750000,839.000000,1494.500000,655.500000,0.767641,132.428095,115.020223,149.835967,34.815744,0.740761,1.200525,1.021739,1.379310,0.357571,0.952686,0.816725,0.796936,0.836515,0.039579,0.995338,0.997669,0.995338,1.000000,0.004662,0.714286,6.000000,5.000000,7.000000,2.000000,35.425054,1.047703,1.717391,0.616816,0.137562,0.692337,23.409400,27.227079,0.805246,17.244985,0.510024,5.090314,0.150547,72.420453,97.724222,99.462322,95.986121,3.476201,0.965050
IC_small_3_278um_cells,864,28,25,0,-1,0.752682,735.250000,631.500000,839.000000,207.500000,0.887991,108.578576,102.136928,115.020223,12.883295,0.747656,1.205280,1.031250,1.379310,0.348060,0.954540,0.778822,0.760707,0.796936,0.036229,1.000000,1.000000,1.000000,1.000000,0.000000,0.714286,6.000000,5.000000,7.000000,2.000000,26.107184,0.965232,1.439024,0.559260,0.178511,0.654099,17.691806,19.888142,0.735302,12.146209,0.449068,4.006597,0.148131,55.295376,88.682914,105.255119,72.110709,33.144410,0.685104
IC_small_3_278um_cells,865,28,20,0,-1,0.766985,741.250000,643.500000,839.000000,195.500000,0.896529,109.069614,103.119004,115.020223,11.901219,0.996169,1.381963,1.379310,1.384615,0.005305,0.954240,0.778702,0.760468,0.796936,0.036468,1.000000,1.000000,1.000000,1.000000,0.000000,0.833333,5.500000,5.000000,6.000000,1.000000,30.090984,1.107654,1.625000,0.574101,0.170995,0.699393,19.000000,23.370463,0.860271,14.807234,0.545057,1.226869,0.045161,76.266574,134.004421,150.554571,117.454271,33.100300,0.780144
IC_small_3_278um_cells,866,27,23,0,-1,0.633942,828.000000,642.500000,1013.500000,371.000000,0.827977,117.075978,106.058453,128.093503,22.035049,0.795699,1.346774,1.193548,1.500000,0.306452,0.924726,0.746996,0.717782,0.776210,0.058429,1.000000,1.000000,1.000000,1.000000,0.000000,0.833333,5.500000,5.000000,6.000000,1.000000,29.198465,1.021227,1.035714,0.534138,0.180857,0.643014,18.384776,26.120734,0.913582,14.536776,0.508429,5.459582,0.190951,82.039844,115.949941,163.779806,68.120076,95.659730,0.415925
IC_small_3_278um_cells,867,27,21,0,-1,0.806654,719.500000,642.500000,796.500000,154.000000,0.927313,110.215131,106.058453,114.371809,8.313356,0.852535,1.296774,1.193548,1.400000,0.206452,0.938069,0.741476,0.717782,0.765170,0.047388,1.000000,1.000000,1.000000,1.000000,0.000000,0.833333,5.500000,5.000000,6.000000,1.000000,29.167485,1.088950,1.391304,0.525827,0.275539,0.653085,17.492856,22.946357,0.856688,12.243757,0.457113,0.971011,0.036252,51.478695,114.345693,120.256437,108.434949,11.821488,0.901698
IC_small_3_278um_cells,868,26,24,0,-1,0.290398,964.250000,434.000000,1494.500000,1060.500000,0.565957,117.318353,84.800739,149.835967,65.035228,0.908213,1.073370,1.021739,1.125000,0.103261,0.906623,0.797459,0.758403,0.836515,0.078111,0.995338,0.997669,0.995338,1.000000,0.004662,0.714286,6.000000,5.000000,7.000000,2.000000,32.418802,1.089865,1.211538,0.602017,0.148302,0.571511,17.000000,30.170651,1.014286,16.170841,0.543636,15.016349,0.504824,80.159515,121.832242,162.875510,80.788973,82.086537,0.496017
IC_small_3_278um_cells,869,26,20,0,-1,0.430579,1069.000000,643.500000,1494.500000,851.000000,0.688213,126.477486,103.119004,149.835967,46.716963,0.737923,1.203177,1.021739,1.384615,0.362876,0.909091,0.798491,0.760468,0.836515,0.076047,0.995338,0.997669,0.995338,1.000000,0.004662,0.857143,6.500000,6.000000,7.000000,1.000000,39.205819,1.224683,1.014493,0.514013,0.321328,0.380018,12.165525,30.648298,0.957369,17.287056,0.540001,13.415460,0.419062,48.775195,101.741770,109.983107,93.500433,16.482673,0.850135
IC_small_3_278um_cells,870,26,17,0,-1,0.761459,1316.250000,1138.000000,1494.500000,356.500000,0.892104,141.752654,133.669340,149.835967,16.166627,0.945109,1.051410,1.021739,1.081081,0.059342,0.956786,0.818440,0.800366,0.836515,0.036149,0.995338,0.997669,0.995338,1.000000,0.004662,0.857143,6.500000,6.000000,7.000000,1.000000,34.864590,0.963203,1.702128,0.760685,0.044065,1.035551,37.483330,26.953098,0.744633,17.103957,0.472531,3.588585,0.099142,75.518780,164.087892,176.248271,151.927513,24.320758,0.862009
IC_small_3_278um_cells,871,25,22,0,-1,0.339667,423.000000,214.500000,631.500000,417.000000,0.650567,84.291913,66.446897,102.136928,35.690031,0.941576,1.063244,1.031250,1.095238,0.063988,0.802546,0.685605,0.610503,0.760707,0.150204,1.000000,1.000000,1.000000,1.000000,0.000000,0.571429,5.500000,4.000000,7.000000,3.000000,17.105845,0.860120,1.468750,0.732153,0.017139,1.208867,24.041631,14.083916,0.708171,8.285455,0.416611,6.538787,0.328785,45.103293,163.973696,176.633539,151.313852,25.319687,0.856654
IC_small_3_278um_cells,872,25,20,0,-1,0.981352,637.500000,631.500000,643.500000,12.000000,0.990476,102.627966,102.136928,103.119004,0.982076,0.744792,1.207933,1.031250,1.384615,0.353365,0.999685,0.760588,0.760468,0.760707,0.000239,1.000000,1.000000,1.000000,1.000000,0.000000,0.857143,6.500000,6.000000,7.000000,1.000000,34.128531,1.351706,1.036364,0.481305,0.322353,0.451582,11.401754,24.622515,0.975208,16.318052,0.646298,1.105701,0.043793,66.838446,120.737452,137.290610,104.184294,33.106316,0.758860
IC_small_3_278um_cells,873,25,16,0,-1,0.933492,610.500000,589.500000,631.500000,42.000000,0.952384,99.705227,97.273526,102.136928,4.863402,0.942857,1.062500,1.031250,1.093750,0.062500,0.971658,0.771802,0.760707,0.782897,0.022189,1.000000,1.000000,1.000000,1.000000,0.000000,0.714286,6.000000,5.000000,7.000000,2.000000,34.791494,1.408298,1.488889,0.411552,0.271908,0.128003,3.162278,26.818135,1.085550,18.006239,0.728861,0.859288,0.034782,79.398873,98.087124,132.125638,64.048609,68.077029,0.484755
IC_small_3_278um_cells,874,24,19,0,-1,0.368734,805.500000,434.000000,1177.000000,743.000000,0.628683,109.843511,84.800739,134.886283,50.085545,0.794118,1.270833,1.125000,1.416667,0.291667,0.932931,0.785664,0.758403,0.812926,0.054522,0.997458,0.998729,0.997458,1.000000,0.002542,0.714286,6.000000,5.000000,7.000000,2.000000,26.434092,0.958797,1.058824,0.612923,0.201738,0.688198,18.973666,22.558304,0.818218,12.205951,0.442725,8.280548,0.300346,55.783938,105.838316,106.959847,104.716785,2.243062,0.979029
IC_small_3_278um_cells,875,24,18,0,-1,0.693291,530.000000,434.000000,626.000000,192.000000,0.879001,90.637359,84.800739,96.473979,11.673240,0.919540,1.079741,1.034483,1.125000,0.090517,0.897298,0.801806,0.758403,0.845208,0.086805,1.000000,1.000000,1.000000,1.000000,0.000000,1.000000,5.000000,5.000000,5.000000,0.000000,22.263038,0.971069,1.833333,0.750398,0.011321,1.047740,24.020824,19.840640,0.865408,11.130080,0.485472,2.898586,0.126430,85.227837,176.478594,178.667780,174.289407,4.378373,0.975494
IC_small_3_278um_cells,876,24,17,0,-1,0.381371,786.000000,434.000000,1138.000000,704.000000,0.634407,109.235040,84.800739,133.669340,48.868602,0.960961,1.103041,1.081081,1.125000,0.043919,0.947571,0.779385,0.758403,0.800366,0.041962,1.000000,1.000000,1.000000,1.000000,0.000000,0.833333,5.500000,5.000000,6.000000,1.000000,33.658412,1.233656,1.109091,0.522344,0.313295,0.439827,12.000000,28.020812,1.027026,14.977765,0.548969,10.051315,0.368403,55.738698,112.690025,127.283513,98.096537,29.186976,0.770693
IC_small_3_278um_cells,877,23,21,0,-1,0.785890,905.000000,796.500000,1013.500000,217.000000,0.892878,121.232656,114.371809,128.093503,13.721694,0.933333,1.450000,1.400000,1.500000,0.100000,0.985776,0.770690,0.765170,0.776210,0.011041,1.000000,1.000000,1.000000,1.000000,0.000000,1.000000,6.000000,6.000000,6.000000,0.000000,31.714436,1.056130,1.738095,0.551014,0.117127,0.654265,19.646883,25.155013,0.837693,15.702675,0.522918,6.151019,0.204836,81.580101,90.000000,104.036243,75.963757,28.072487,0.730166
IC_small_3_278um_cells,878,23,15,0,-1,0.807597,916.000000,818.500000,1013.500000,195.000000,0.912519,122.490661,116.887819,128.093503,11.205684,0.929293,1.446970,1.393939,1.500000,0.106061,0.969864,0.764514,0.752818,0.776210,0.023392,1.000000,1.000000,1.000000,1.000000,0.000000,1.000000,6.000000,6.000000,6.000000,0.000000,26.072640,0.862690,1.173077,0.688547,0.112991,1.027859,31.064449,20.919620,0.692187,13.020232,0.430813,1.017345,0.033662,84.729531,123.591168,132.954592,114.227745,18.726846,0.859149
IC_small_3_278um_cells,879,23,11,0,-1,0.821411,923.000000,832.500000,1013.500000,181.000000,0.930657,123.652305,119.211106,128.093503,8.882397,0.738739,1.304054,1.108108,1.500000,0.391892,0.948378,0.756175,0.736140,0.776210,0.040070,0.969715,0.984857,0.969715,1.000000,0.030285,1.000000,6.000000,6.000000,6.000000,0.000000,37.585177,1.238624,1.280702,0.482332,0.309047,0.461372,14.000000,28.339628,0.933936,17.853160,0.588353,0.574937,0.018947,51.727149,125.085480,151.220194,98.950766,52.269427,0.654349
IC_small_3_278um_cells,880,22,16,0,-1,0.363868,402.000000,214.500000,589.500000,375.000000,0.683093,81.860212,66.446897,97.273526,30.826629,0.998641,1.094494,1.093750,1.095238,0.001488,0.779800,0.696700,0.610503,0.782897,0.172394,1.000000,1.000000,1.000000,1.000000,0.000000,0.800000,4.500000,4.000000,5.000000,1.000000,20.831998,1.070354,1.024390,0.641366,0.027363,0.981619,19.104973,18.153806,0.932748,10.406544,0.534691,7.906826,0.406255,87.579250,160.112065,175.586592,144.637538,30.949054,0.823739
IC_small_3_278um_cells,881,21,19,0,-1,0.676720,986.750000,796.500000,1177.000000,380.500000,0.847913,124.629046,114.371809,134.886283,20.514474,0.988235,1.408333,1.400000,1.416667,0.016667,0.941254,0.789048,0.765170,0.812926,0.047756,0.997458,0.998729,0.997458,1.000000,0.002542,0.857143,6.500000,6.000000,7.000000,1.000000,28.725395,0.918775,1.235294,0.614545,0.224221,0.773608,24.186773,25.321227,0.809894,14.246495,0.455671,3.300334,0.105560,74.811443,115.244189,136.582354,93.906025,42.676329,0.687541
IC_small_3_278um_cells,882,21,12,0,-1,0.805359,892.750000,796.500000,989.000000,192.500000,0.936702,118.236144,114.371809,122.100479,7.728670,0.769231,1.238462,1.076923,1.400000,0.323077,0.917881,0.799398,0.765170,0.833626,0.068457,1.000000,1.000000,1.000000,1.000000,0.000000,1.000000,6.000000,6.000000,6.000000,0.000000,30.027854,1.006452,1.731707,0.734904,0.057127,1.034702,30.870698,25.964344,0.870254,14.841463,0.497446,3.062288,0.102640,80.096547,161.870003,165.425784,158.314223,7.111561,0.957011
IC_small_3_278um_cells,883,21,11,0,-1,0.956757,814.500000,796.500000,832.500000,36.000000,0.959406,116.791458,114.371809,119.211106,4.839297,0.791506,1.254054,1.108108,1.400000,0.291892,0.962062,0.750655,0.736140,0.765170,0.029029,0.969715,0.984857,0.969715,1.000000,0.030285,1.000000,6.000000,6.000000,6.000000,0.000000,37.221984,1.304309,1.415094,0.434360,0.353591,0.288958,8.246211,28.336051,0.992934,16.229097,0.568690,4.373557,0.153255,32.520999,95.518936,104.743563,86.294309,18.449254,0.823863
IC_small_3_278um_cells,884,20,17,0,-1,0.565466,890.750000,643.500000,1138.000000,494.500000,0.771448,118.394172,103.119004,133.669340,30.550336,0.780781,1.232848,1.081081,1.384615,0.303534,0.950151,0.780417,0.760468,0.800366,0.039898,1.000000,1.000000,1.000000,1.000000,0.000000,1.000000,6.000000,6.000000,6.000000,0.000000,30.177781,1.021218,1.326087,0.579266,0.172888,0.680177,20.099751,24.156653,0.817462,13.795487,0.466840,7.687516,0.260146,61.521962,89.051855,90.251296,87.852415,2.398881,0.973420
IC_small_3_278um_cells,885,20,16,0,-1,0.916084,616.500000,589.500000,643.500000,54.000000,0.943313,100.196265,97.273526,103.119004,5.845478,0.789931,1.239183,1.093750,1.384615,0.290865,0.971352,0.771682,0.760468,0.782897,0.022428,1.000000,1.000000,1.000000,1.000000,0.000000,0.833333,5.500000,5.000000,6.000000,1.000000,20.247831,0.815673,1.095238,0.779031,0.051095,1.195709,29.681644,16.060746,0.646999,9.977107,0.401922,0.116784,0.004705,63.385072,148.866468,174.042869,123.690068,50.352801,0.710687
IC_small_3_278um_cells,886,20,13,0,-1,0.842269,592.750000,542.000000,643.500000,101.500000,0.908647,98.408880,93.698755,103.119004,9.420249,0.944444,1.346154,1.307692,1.384615,0.076923,0.980256,0.768127,0.760468,0.775785,0.015317,1.000000,1.000000,1.000000,1.000000,0.000000,1.000000,6.000000,6.000000,6.000000,0.000000,30.873424,1.269253,1.705882,0.484910,0.304935,0.442784,10.770330,25.289619,1.039694,14.985725,0.616086,6.240935,0.256574,70.969119,125.598033,166.056769,85.139298,80.917472,0.512712
IC_small_3_278um_cells,887,19,18,0,-1,0.531861,901.500000,626.000000,1177.000000,551.000000,0.715225,115.680131,96.473979,134.886283,38.412305,0.730223,1.225575,1.034483,1.416667,0.382184,0.961805,0.829067,0.812926,0.845208,0.032283,0.997458,0.998729,0.997458,1.000000,0.002542,0.714286,6.000000,5.000000,7.000000,2.000000,32.283430,1.088314,1.071429,0.543595,0.205768,0.458522,13.601471,26.047582,0.878096,15.192930,0.512172,4.378435,0.147602,61.344907,89.347279,104.743563,73.950995,30.792568,0.706019
IC_small_3_278um_cells,888,19,14,0,-1,0.374257,808.750000,440.500000,1177.000000,736.500000,0.639248,110.556010,86.225738,134.886283,48.660546,0.951407,1.382246,1.347826,1.416667,0.068841,0.915864,0.778728,0.744530,0.812926,0.068396,0.997458,0.998729,0.997458,1.000000,0.002542,0.714286,6.000000,5.000000,7.000000,2.000000,35.165513,1.271912,1.595238,0.543837,0.263988,0.502480,13.892444,27.677489,1.001075,17.068491,0.617355,13.279269,0.480302,82.729344,127.525117,137.152963,117.897271,19.255692,0.859604
IC_small_3_278um_cells,889,19,12,0,-1,0.840272,1083.000000,989.000000,1177.000000,188.000000,0.905210,128.493381,122.100479,134.886283,12.785804,0.760181,1.246795,1.076923,1.416667,0.339744,0.975168,0.823276,0.812926,0.833626,0.020701,0.997458,0.998729,0.997458,1.000000,0.002542,0.857143,6.500000,6.000000,7.000000,1.000000,35.218131,1.071179,1.196721,0.609427,0.202216,0.694248,22.825424,25.692625,0.781456,15.839538,0.481768,1.509834,0.045922,46.865608,121.036217,134.292681,107.779752,26.512928,0.802574
IC_small_3_278um_cells,890,18,17,0,-1,0.550088,882.000000,626.000000,1138.000000,512.000000,0.721736,115.071659,96.473979,133.669340,37.195362,0.956897,1.057782,1.034483,1.081081,0.046598,0.946945,0.822787,0.800366,0.845208,0.044843,1.000000,1.000000,1.000000,1.000000,0.000000,0.833333,5.500000,5.000000,6.000000,1.000000,30.288935,1.031038,1.625000,0.614410,0.176871,0.684197,20.099751,25.891064,0.881334,15.124094,0.514826,6.447924,0.219488,78.350026,110.961889,134.309723,87.614056,46.695667,0.652328
IC_small_3_278um_cells,891,18,14,0,-1,0.703674,533.250000,440.500000,626.000000,185.500000,0.893772,91.349858,86.225738,96.473979,10.248241,0.767519,1.191154,1.034483,1.347826,0.313343,0.880883,0.794869,0.744530,0.845208,0.100679,1.000000,1.000000,1.000000,1.000000,0.000000,1.000000,5.000000,5.000000,5.000000,0.000000,20.820212,0.905068,1.250000,0.709437,0.102203,0.983628,22.627417,17.169233,0.746357,10.381262,0.451280,3.089766,0.134314,69.533226,132.617075,137.359166,127.874984,9.484182,0.930953
IC_small_3_278um_cells,892,18,10,0,-1,0.669877,780.250000,626.000000,934.500000,308.500000,0.794253,108.969476,96.473979,121.464973,24.990995,0.597701,1.382626,1.034483,1.730769,0.696286,0.941723,0.820580,0.795952,0.845208,0.049256,1.000000,1.000000,1.000000,1.000000,0.000000,0.714286,6.000000,5.000000,7.000000,2.000000,31.433289,1.130906,1.276596,0.568718,0.238706,0.580127,16.124515,25.063703,0.901741,15.344463,0.552063,4.083317,0.146909,63.417848,119.262943,126.869898,111.655989,15.213909,0.880083
IC_small_3_278um_cells,893,17,13,0,-1,0.476274,840.000000,542.000000,1138.000000,596.000000,0.700974,113.684048,93.698755,133.669340,39.970585,0.826709,1.194387,1.081081,1.307692,0.226611,0.969288,0.788076,0.775785,0.800366,0.024581,1.000000,1.000000,1.000000,1.000000,0.000000,1.000000,6.000000,6.000000,6.000000,0.000000,34.464440,1.208957,1.230769,0.540489,0.235714,0.521478,14.866069,26.159482,0.917633,16.328699,0.572785,7.886394,0.276642,73.869145,113.036228,119.981639,106.090816,13.890823,0.884225
IC_small_3_278um_cells,894,17,10,0,-1,0.821178,1036.250000,934.500000,1138.000000,203.500000,0.908697,127.567157,121.464973,133.669340,12.204367,0.624625,1.405925,1.081081,1.730769,0.649688,0.994486,0.798159,0.795952,0.800366,0.004413,1.000000,1.000000,1.000000,1.000000,0.000000,0.857143,6.500000,6.000000,7.000000,1.000000,29.205258,0.908352,1.160000,0.671803,0.122557,0.905714,29.120440,21.495360,0.668556,14.596827,0.453995,3.768407,0.117206,72.336815,130.172110,146.309932,114.034288,32.275644,0.779402
IC_small_3_278um_cells,895,16,13,0,-1,0.919423,565.750000,542.000000,589.500000,47.500000,0.963250,95.486141,93.698755,97.273526,3.574771,0.836397,1.200721,1.093750,1.307692,0.213942,0.990917,0.779341,0.775785,0.782897,0.007111,1.000000,1.000000,1.000000,1.000000,0.000000,0.833333,5.500000,5.000000,6.000000,1.000000,23.900872,1.005072,1.000000,0.648877,0.138754,0.902888,21.470911,21.332609,0.897072,11.470605,0.482358,2.769198,0.116449,78.898961,138.485902,176.153970,100.817834,75.336136,0.572328
IC_small_3_278um_cells,896,15,11,0,-1,0.983183,825.500000,818.500000,832.500000,14.000000,0.980511,118.049462,116.887819,119.211106,2.323287,0.794947,1.251024,1.108108,1.393939,0.285831,0.977846,0.744479,0.736140,0.752818,0.016678,0.969715,0.984857,0.969715,1.000000,0.030285,1.000000,6.000000,6.000000,6.000000,0.000000,31.101263,1.082489,1.051724,0.561422,0.223198,0.763340,21.931712,26.449307,0.920576,15.521850,0.540243,1.427913,0.049699,82.059150,122.170277,146.821488,97.519066,49.302422,0.664202
IC_small_3_278um_cells,897,15,7,0,-1,0.893071,867.500000,818.500000,916.500000,98.000000,0.956091,119.571894,116.887819,122.255969,5.368150,0.827759,1.273893,1.153846,1.393939,0.240093,0.976985,0.761685,0.752818,0.770552,0.017734,1.000000,1.000000,1.000000,1.000000,0.000000,1.000000,6.000000,6.000000,6.000000,0.000000,41.940181,1.424521,1.490909,0.471398,0.268876,0.408999,12.041595,33.595068,1.141075,20.013824,0.679781,3.864957,0.131275,73.472868,134.715946,169.545165,99.886728,69.658437,0.589145
IC_small_3_278um_cells,898,14,12,0,-1,0.445399,714.750000,440.500000,989.000000,548.500000,0.706187,104.163108,86.225738,122.100479,35.874742,0.799007,1.212375,1.076923,1.347826,0.270903,0.893121,0.789078,0.744530,0.833626,0.089097,1.000000,1.000000,1.000000,1.000000,0.000000,0.833333,5.500000,5.000000,6.000000,1.000000,30.092710,1.147778,1.595238,0.532976,0.224204,0.471783,12.369317,24.503011,0.934579,15.006756,0.572379,7.403741,0.282389,87.512953,100.961735,113.369113,88.554357,24.814757,0.781115
IC_small_3_278um_cells,899,14,10,0,-1,0.471375,687.500000,440.500000,934.500000,494.000000,0.709882,103.845355,86.225738,121.464973,35.239235,0.778744,1.539298,1.347826,1.730769,0.382943,0.935395,0.770241,0.744530,0.795952,0.051423,1.000000,1.000000,1.000000,1.000000,0.000000,0.714286,6.000000,5.000000,7.000000,2.000000,38.156359,1.480142,2.205882,0.461246,0.242182,0.274297,7.071068,30.150855,1.169597,18.958965,0.735447,9.756359,0.378464,85.507459,111.416434,117.577750,105.255119,12.322631,0.895196
IC_small_3_278um_cells,900,14,8,0,-1,0.445174,715.000000,440.500000,989.500000,549.000000,0.711284,103.725595,86.225738,121.225453,34.999716,0.847926,1.245342,1.142857,1.347826,0.204969,0.879921,0.795331,0.744530,0.846132,0.101602,1.000000,1.000000,1.000000,1.000000,0.000000,0.714286,6.000000,5.000000,7.000000,2.000000,22.033116,0.840246,1.350000,0.832497,0.028322,1.154193,30.265492,18.574919,0.708366,11.011626,0.419935,7.386127,0.281675,72.385568,157.479639,163.072487,151.886791,11.185696,0.931407
IC_small_3_278um_cells,901,13,10,0,-1,0.579989,738.250000,542.000000,934.500000,392.500000,0.771406,107.581864,93.698755,121.464973,27.766218,0.755556,1.519231,1.307692,1.730769,0.423077,0.974663,0.785869,0.775785,0.795952,0.020167,1.000000,1.000000,1.000000,1.000000,0.000000,0.857143,6.500000,6.000000,7.000000,1.000000,36.392326,1.351606,2.406250,0.470081,0.226888,0.306263,8.246211,28.478847,1.057701,18.155033,0.674276,8.545418,0.317376,81.989519,92.576277,93.708428,91.444126,2.264303,0.975837
IC_small_3_278um_cells,902,13,9,0,-1,0.529520,414.500000,287.000000,542.000000,255.000000,0.780503,83.415471,73.132187,93.698755,20.566569,0.868984,1.222028,1.136364,1.307692,0.171329,0.869227,0.725059,0.674333,0.775785,0.101452,1.000000,1.000000,1.000000,1.000000,0.000000,0.666667,5.000000,4.000000,6.000000,2.000000,17.390242,0.864714,1.294118,0.721748,0.021713,1.160820,23.345235,16.099732,0.800544,8.620767,0.428660,3.778772,0.187896,88.515260,162.487782,170.321740,154.653824,15.667916,0.908010
IC_small_3_278um_cells,903,12,11,0,-1,0.841759,910.750000,832.500000,989.000000,156.500000,0.976336,120.655793,119.211106,122.100479,2.889373,0.971857,1.092516,1.076923,1.108108,0.031185,0.883058,0.784883,0.736140,0.833626,0.097486,0.969715,0.984857,0.969715,1.000000,0.030285,1.000000,6.000000,6.000000,6.000000,0.000000,27.841765,0.923419,1.391304,0.626182,0.153719,0.831155,25.059928,21.448458,0.711375,12.867385,0.426769,3.393523,0.112552,41.298223,88.245714,97.359954,79.131475,18.228479,0.812772
IC_small_3_278um_cells,904,12,8,0,-1,0.999495,989.250000,989.000000,989.500000,0.500000,0.992834,121.662966,121.225453,122.100479,0.875026,0.942308,1.109890,1.076923,1.142857,0.065934,0.985220,0.839879,0.833626,0.846132,0.012506,1.000000,1.000000,1.000000,1.000000,0.000000,0.857143,6.500000,6.000000,7.000000,1.000000,38.516129,1.224587,1.044776,0.513679,0.287339,0.370780,11.661904,29.554708,0.939666,18.768376,0.596724,0.678121,0.021560,82.649219,105.225576,126.892752,83.558400,43.334352,0.658496
IC_small_3_278um_cells,905,12,5,0,-1,0.861498,1068.500000,989.000000,1148.000000,159.000000,0.935327,126.321817,122.100479,130.543154,8.442675,0.835165,1.183198,1.076923,1.289474,0.212551,0.984754,0.840079,0.833626,0.846532,0.012906,1.000000,1.000000,1.000000,1.000000,0.000000,0.857143,6.500000,6.000000,7.000000,1.000000,38.224600,1.170191,2.100000,0.586296,0.212915,0.591246,19.313208,26.642036,0.815608,18.244932,0.558542,3.026499,0.092652,60.831901,128.086539,133.393997,122.779081,10.614916,0.920424
IC_small_3_278um_cells,906,11,7,0,-1,0.908347,874.500000,832.500000,916.500000,84.000000,0.975094,120.733538,119.211106,122.255969,3.044863,0.960360,1.130977,1.108108,1.153846,0.045738,0.955341,0.753346,0.736140,0.770552,0.034412,0.969715,0.984857,0.969715,1.000000,0.030285,1.000000,6.000000,6.000000,6.000000,0.000000,24.491153,0.828428,1.444444,0.792048,0.037736,1.266542,37.443290,21.145030,0.715243,11.900418,0.402539,0.986782,0.033378,54.506398,171.142251,179.690296,162.594206,17.096090,0.904858
IC_small_3_278um_cells,907,11,5,0,-1,0.725174,990.250000,832.500000,1148.000000,315.500000,0.913193,124.877130,119.211106,130.543154,11.332048,0.859349,1.198791,1.108108,1.289474,0.181366,0.869595,0.791336,0.736140,0.846532,0.110392,0.969715,0.984857,0.969715,1.000000,0.030285,0.857143,6.500000,6.000000,7.000000,1.000000,43.162808,1.376031,1.274194,0.492947,0.263570,0.399455,12.529964,31.940812,1.018274,19.812926,0.631636,1.339863,0.042715,61.647099,117.837341,139.860965,95.813717,44.047248,0.685064
IC_small_3_278um_cells,908,10,9,0,-1,0.307116,610.750000,287.000000,934.500000,647.500000,0.602085,97.298580,73.132187,121.464973,48.332786,0.656566,1.433566,1.136364,1.730769,0.594406,0.847203,0.735143,0.674333,0.795952,0.121619,1.000000,1.000000,1.000000,1.000000,0.000000,0.571429,5.500000,4.000000,7.000000,3.000000,32.271372,1.358490,1.789474,0.505827,0.263610,0.429295,10.198039,29.577797,1.245101,16.013773,0.674113,15.115981,0.636319,88.697458,115.233551,116.565051,113.902050,2.663001,0.977154
IC_small_3_278um_cells,909,10,8,0,-1,0.944416,962.000000,934.500000,989.500000,55.000000,0.998028,121.345213,121.225453,121.464973,0.239520,0.660317,1.436813,1.142857,1.730769,0.587912,0.940695,0.821042,0.795952,0.846132,0.050180,1.000000,1.000000,1.000000,1.000000,0.000000,1.000000,7.000000,7.000000,7.000000,0.000000,41.029544,1.322981,1.760870,0.502820,0.251040,0.377413,11.704700,29.588533,0.954070,20.493024,0.660789,0.191239,0.006166,83.400634,97.285851,104.036243,90.535459,13.500784,0.870230
IC_small_3_278um_cells,910,10,6,0,-1,0.893403,990.250000,934.500000,1046.000000,111.500000,0.924541,126.421809,121.464973,131.378646,9.913673,0.754321,1.518162,1.305556,1.730769,0.425214,0.956764,0.778746,0.761539,0.795952,0.034414,1.000000,1.000000,1.000000,1.000000,0.000000,0.714286,6.000000,5.000000,7.000000,2.000000,24.525311,0.779676,1.265306,0.814114,0.034840,1.239837,39.000000,17.726706,0.563544,12.193653,0.387645,1.675755,0.053273,24.860027,144.052833,145.980650,142.125016,3.855634,0.973588
IC_small_3_278um_cells,911,9,6,0,-1,0.274379,666.500000,287.000000,1046.000000,759.000000,0.556652,102.255416,73.132187,131.378646,58.246459,0.870406,1.220960,1.136364,1.305556,0.169192,0.885488,0.717936,0.674333,0.761539,0.087205,1.000000,1.000000,1.000000,1.000000,0.000000,0.800000,4.500000,4.000000,5.000000,1.000000,31.433183,1.275620,1.434783,0.530607,0.146287,0.544464,13.416408,30.578675,1.240942,15.716316,0.637799,15.451739,0.627062,84.601220,139.229692,177.149452,101.309932,75.839520,0.571890
IC_small_3_278um_cells,912,8,6,0,-1,0.945985,1017.750000,989.500000,1046.000000,56.500000,0.922718,126.302049,121.225453,131.378646,10.153192,0.875380,1.224206,1.142857,1.305556,0.162698,0.900024,0.803835,0.761539,0.846132,0.084593,1.000000,1.000000,1.000000,1.000000,0.000000,0.714286,6.000000,5.000000,7.000000,2.000000,43.495090,1.363520,1.666667,0.458824,0.363301,0.258509,8.246211,33.212151,1.041162,21.731626,0.681261,2.198906,0.068933,89.393043,104.849423,109.983107,99.715740,10.267367,0.906646
IC_small_3_278um_cells,913,8,5,0,-1,0.861934,1068.750000,989.500000,1148.000000,158.500000,0.928624,125.884304,121.225453,130.543154,9.317701,0.886297,1.216165,1.142857,1.289474,0.146617,0.999527,0.846332,0.846132,0.846532,0.000401,1.000000,1.000000,1.000000,1.000000,0.000000,1.000000,7.000000,7.000000,7.000000,0.000000,31.976234,0.978787,1.365385,0.672554,0.092398,0.794678,25.961510,23.732329,0.726443,15.936971,0.487828,0.459553,0.014067,85.712719,110.338504,120.963757,99.713251,21.250506,0.824323
IC_small_3_278um_cells,914,8,4,0,-1,0.870136,925.250000,861.000000,989.500000,128.500000,0.993502,120.831608,120.437764,121.225453,0.787690,0.896341,1.083624,1.024390,1.142857,0.118467,0.881555,0.796022,0.745912,0.846132,0.100220,1.000000,1.000000,1.000000,1.000000,0.000000,0.571429,5.500000,4.000000,7.000000,3.000000,32.528898,1.070045,1.140351,0.622151,0.157525,0.794949,24.166092,24.405992,0.802840,16.056142,0.528170,0.726054,0.023884,76.322371,121.891889,131.804062,111.979715,19.824347,0.849592
IC_small_3_278um_cells,915,8,2,0,-1,0.622031,802.500000,615.500000,989.500000,374.000000,0.867662,113.204100,105.182747,121.225453,16.042706,0.981061,1.132035,1.121212,1.142857,0.021645,0.826249,0.772624,0.699115,0.846132,0.147016,1.000000,1.000000,1.000000,1.000000,0.000000,0.857143,6.500000,6.000000,7.000000,1.000000,36.309087,1.290632,1.750000,0.466323,0.342679,0.327715,9.219544,28.801813,1.023781,18.444554,0.655625,2.277477,0.080955,85.881729,112.929118,145.922805,79.935432,65.987373,0.547793
IC_small_3_278um_cells,916,7,5,0,-1,0.798345,1032.250000,916.500000,1148.000000,231.500000,0.936518,126.399562,122.255969,130.543154,8.287185,0.894819,1.221660,1.153846,1.289474,0.135628,0.910246,0.808542,0.770552,0.846532,0.075980,1.000000,1.000000,1.000000,1.000000,0.000000,0.857143,6.500000,6.000000,7.000000,1.000000,35.776395,1.115296,1.186441,0.520434,0.230322,0.460280,14.764823,29.152113,0.908790,17.697690,0.551709,1.920506,0.059870,89.669487,83.365410,84.495987,82.234834,2.261153,0.973240
IC_small_3_278um_cells,917,7,3,0,-1,0.723404,789.750000,663.000000,916.500000,253.500000,0.843092,112.664498,103.073027,122.255969,19.182942,0.894231,1.222084,1.153846,1.290323,0.136476,0.982582,0.777382,0.770552,0.784212,0.013659,1.000000,1.000000,1.000000,1.000000,0.000000,1.000000,6.000000,6.000000,6.000000,0.000000,36.347711,1.297610,1.450980,0.526209,0.174106,0.555360,15.556349,26.252906,0.937227,17.255707,0.616027,3.731467,0.133213,76.416604,123.076734,131.689058,114.464410,17.224648,0.869202
IC_small_3_278um_cells,918,6,4,0,-1,0.823136,953.500000,861.000000,1046.000000,185.000000,0.916723,125.908205,120.437764,131.378646,10.940882,0.784639,1.164973,1.024390,1.305556,0.281165,0.979480,0.753725,0.745912,0.761539,0.015627,1.000000,1.000000,1.000000,1.000000,0.000000,0.800000,4.500000,4.000000,5.000000,1.000000,28.053015,0.909561,1.380000,0.706742,0.040902,1.097122,33.837849,26.215405,0.849980,14.017938,0.454503,3.256418,0.105583,74.876010,152.131628,175.783057,128.480198,47.302859,0.730902
IC_small_3_278um_cells,919,5,3,0,-1,0.577526,905.500000,663.000000,1148.000000,485.000000,0.789571,116.808090,103.073027,130.543154,27.470127,0.999342,1.289898,1.289474,1.290323,0.000849,0.926381,0.815372,0.784212,0.846532,0.062321,1.000000,1.000000,1.000000,1.000000,0.000000,0.857143,6.500000,6.000000,7.000000,1.000000,26.648838,0.893792,1.280000,0.779968,0.073164,1.053166,31.400637,22.100022,0.741227,13.018763,0.436645,6.327703,0.212229,60.079014,159.948033,163.300756,156.595310,6.705445,0.958938
IC_small_3_278um_cells,920,5,2,0,-1,0.536150,881.750000,615.500000,1148.000000,532.500000,0.805732,117.862951,105.182747,130.543154,25.360407,0.869511,1.205343,1.121212,1.289474,0.168262,0.825858,0.772824,0.699115,0.846532,0.147417,1.000000,1.000000,1.000000,1.000000,0.000000,0.857143,6.500000,6.000000,7.000000,1.000000,39.698727,1.352795,1.029851,0.445324,0.227389,0.215519,6.324555,29.837515,1.016759,19.087607,0.650439,6.665738,0.227145,58.085516,86.004803,93.113439,78.896167,14.217272,0.847312
IC_small_3_278um_cells,921,5,1,0,-1,0.537021,882.250000,616.500000,1148.000000,531.500000,0.775806,115.909686,101.276218,130.543154,29.266936,0.798319,1.159443,1.029412,1.289474,0.260062,0.892246,0.800924,0.755315,0.846532,0.091218,1.000000,1.000000,1.000000,1.000000,0.000000,0.714286,6.000000,5.000000,7.000000,2.000000,32.809768,1.117659,1.636364,0.605759,0.176537,0.689760,20.248457,26.766518,0.911797,15.382538,0.524004,9.636885,0.328279,67.639998,124.419370,139.763642,109.075098,30.688543,0.780425
IC_small_3_278um_cells,922,4,2,0,-1,0.714866,738.250000,615.500000,861.000000,245.500000,0.873337,112.810255,105.182747,120.437764,15.255017,0.913645,1.072801,1.024390,1.121212,0.096822,0.937263,0.722514,0.699115,0.745912,0.046797,1.000000,1.000000,1.000000,1.000000,0.000000,0.666667,5.000000,4.000000,6.000000,2.000000,19.674389,0.726635,1.106383,0.847592,0.015577,1.434219,38.832976,17.287809,0.638491,9.772537,0.360929,3.427468,0.126587,16.706460,165.067725,168.084853,162.050597,6.034256,0.964100
IC_small_3_278um_cells,923,3,1,0,-1,0.929864,639.750000,616.500000,663.000000,46.500000,0.982568,102.174623,101.276218,103.073027,1.796808,0.797794,1.159867,1.029412,1.290323,0.260911,0.963152,0.769763,0.755315,0.784212,0.028897,1.000000,1.000000,1.000000,1.000000,0.000000,0.833333,5.500000,5.000000,6.000000,1.000000,27.115167,1.072208,1.166667,0.567694,0.247753,0.712867,18.027756,24.573176,0.971690,13.425294,0.530873,3.212015,0.127012,75.831351,137.164796,180.000000,94.329591,85.670409,0.524053
IC_small_3_278um_cells,924,2,1,0,-1,0.998378,616.000000,615.500000,616.500000,1.000000,0.962860,103.229483,101.276218,105.182747,3.906529,0.918124,1.075312,1.029412,1.121212,0.091800,0.925595,0.727215,0.699115,0.755315,0.056199,1.000000,1.000000,1.000000,1.000000,0.000000,0.833333,5.500000,5.000000,6.000000,1.000000,24.451404,0.985175,1.428571,0.580010,0.180601,0.867898,21.540659,20.277879,0.817019,12.164917,0.490138,2.810325,0.113231,89.174399,125.052076,141.340192,108.763961,32.576231,0.769519
IC_small_3_278um_cells,925,2,0,0,-1,0.843217,567.250000,519.000000,615.500000,96.500000,0.883926,99.078271,92.973794,105.182747,12.208953,0.864935,1.208754,1.121212,1.296296,0.175084,0.926601,0.726805,0.699115,0.754495,0.055379,1.000000,1.000000,1.000000,1.000000,0.000000,0.833333,5.500000,5.000000,6.000000,1.000000,25.285128,1.062605,1.100000,0.486135,0.388277,0.565387,13.453624,23.195077,0.974771,12.203276,0.512841,0.277968,0.011682,43.563919,113.566436,129.685454,97.447417,32.238037,0.751414
IC_small_3_278um_cells,926,1,0,0,-1,0.841849,567.750000,519.000000,616.500000,97.500000,0.918022,97.125006,92.973794,101.276218,8.302424,0.794118,1.162854,1.029412,1.296296,0.266885,0.998914,0.754905,0.754495,0.755315,0.000820,1.000000,1.000000,1.000000,1.000000,0.000000,1.000000,5.000000,5.000000,5.000000,0.000000,19.998432,0.840076,1.044444,0.760873,0.056363,1.203634,28.653098,19.163916,0.805021,9.893491,0.415597,0.854428,0.035892,76.811850,162.854020,171.919419,153.788622,18.130797,0.894539
