fileName,pairIndex,firstPolygonId,secondPolygonId,observed_division,division_timing,areaRatio,areaMean,areaMin,areaMax,areaDiff,perimeterRatio,perimeterMean,perimeterMin,perimeterMax,perimeterDiff,aspectRatio,aspectMean,aspectMin,aspectMax,aspectDiff,circularityRatio,circularityMean,circularityMin,circularityMax,circularityDiff,solidityRatio,solidityMean,solidityMin,solidityMax,solidityDiff,vertexCountRatio,vertexCountMean,vertexCountMin,vertexCountMax,vertexCountDiff,centroidDistance,centroidDistanceNormalized,unionAspectRatio,unionCircularity,unionConvexDeficiency,normalizedSharedEdgeLength,sharedEdgeLength,sharedEdgeUnsharedVerticesDistance,sharedEdgeUnsharedVerticesDistanceNormalized,centroidSharedEdgeDistance,centroidSharedEdgeDistanceNormalized,sharedEdgeUnionCentroidDistance,sharedEdgeUnionCentroidDistanceNormalized,sharedEdgeUnionAxisAngleDegrees,junctionAngleAverageDegrees,junctionAngleMaxDegrees,junctionAngleMinDegrees,junctionAngleDifferenceDegrees,junctionAngleRatio
sample2_54h,1,0,2,1,6,0.645060,742.333333,582.166667,902.500000,320.333333,0.831794,106.048405,96.310398,115.786413,19.476015,0.989011,1.127106,1.120879,1.133333,0.012454,0.932329,0.817321,0.788698,0.845945,0.057246,1.000000,1.000000,1.000000,1.000000,0.000000,0.833333,5.500000,5.000000,6.000000,1.000000,23.413605,0.864453,1.285714,0.836681,0.042209,1.158754,31.384710,20.614926,0.761123,11.666162,0.430726,4.855399,0.179266,80.058548,171.047776,180.000000,162.095552,17.904448,0.900531
sample2_54h,2,0,3,0,-1,0.365389,1087.722222,582.166667,1593.277778,1011.111111,0.594807,129.114502,96.310398,161.918607,65.608209,0.825594,1.239272,1.120879,1.357664,0.236785,0.968271,0.776186,0.763674,0.788698,0.025024,0.986991,0.993496,0.986991,1.000000,0.013009,0.500000,7.500000,5.000000,10.000000,5.000000,42.089672,1.314398,1.293478,0.522670,0.443281,0.461084,14.764823,34.938510,1.091078,19.632173,0.613084,10.767953,0.336267,56.769680,121.331137,150.461218,92.201056,58.260162,0.612790
sample2_54h,3,1,3,0,-1,0.700495,1354.680556,1116.083333,1593.277778,477.194444,0.827847,147.981212,134.043818,161.918607,27.874788,0.900758,1.432455,1.357664,1.507246,0.149582,0.978352,0.772123,0.763674,0.780572,0.016898,0.986991,0.993496,0.986991,1.000000,0.013009,0.600000,8.000000,6.000000,10.000000,4.000000,37.509352,1.023116,1.108046,0.499572,0.558352,0.476013,17.451520,33.298070,0.908248,18.865286,0.514575,1.758299,0.047960,69.531005,91.772193,111.153182,72.391204,38.761979,0.651274
sample2_54h,4,1,4,0,-1,0.505549,1661.875000,1116.083333,2207.666667,1091.583333,0.751771,156.173979,134.043818,178.304140,44.260322,0.900081,1.431945,1.356643,1.507246,0.150603,0.894525,0.826591,0.780572,0.872611,0.092039,1.000000,1.000000,1.000000,1.000000,0.000000,0.666667,7.500000,6.000000,9.000000,3.000000,54.115689,1.346268,1.048356,0.518898,0.416698,0.356193,14.317821,43.502228,1.082230,26.870339,0.668469,9.112555,0.226698,69.367372,122.829364,155.658727,90.000000,65.658727,0.578188
sample2_54h,5,1,5,1,6,0.879664,1048.930556,981.777778,1116.083333,134.305556,0.949244,130.642037,127.240256,134.043818,6.803562,0.700665,1.281661,1.056075,1.507246,0.451172,0.976250,0.771303,0.762033,0.780572,0.018539,1.000000,1.000000,1.000000,1.000000,0.000000,0.833333,5.500000,5.000000,6.000000,1.000000,28.094933,0.867916,1.259615,0.767159,0.125737,1.172504,37.954651,25.275708,0.780823,13.621882,0.420811,0.014564,0.000450,61.428463,179.767321,180.000000,179.534642,0.465358,0.997415
sample2_54h,6,2,3,0,-1,0.566442,1247.888889,902.500000,1593.277778,690.777778,0.715090,138.852510,115.786413,161.918607,46.132194,0.834767,1.245499,1.133333,1.357664,0.224331,0.902747,0.804809,0.763674,0.845945,0.082271,0.986991,0.993496,0.986991,1.000000,0.013009,0.600000,8.000000,6.000000,10.000000,4.000000,35.746620,1.021952,1.066667,0.618280,0.317870,0.750179,26.240342,29.815645,0.852393,17.866528,0.510782,7.120487,0.203566,73.280284,127.563780,170.782526,84.345034,86.437492,0.493874
sample2_54h,7,2,6,0,-1,0.682850,1112.083333,902.500000,1321.666667,419.166667,0.789212,131.248936,115.786413,146.711460,30.925048,0.701250,1.374747,1.133333,1.616162,0.482828,0.912141,0.808782,0.771620,0.845945,0.074324,0.958656,0.979328,0.958656,1.000000,0.041344,0.750000,7.000000,6.000000,8.000000,2.000000,41.974755,1.264369,2.552381,0.545230,0.332709,0.543498,18.043158,33.240768,1.001283,20.153517,0.607067,7.016267,0.211345,68.951416,103.031254,112.500000,93.562508,18.937492,0.831667
sample2_54h,8,3,5,0,-1,0.616200,1287.527778,981.777778,1593.277778,611.500000,0.785829,144.579431,127.240256,161.918607,34.678351,0.777862,1.206869,1.056075,1.357664,0.301589,0.997852,0.762854,0.762033,0.763674,0.001640,0.986991,0.993496,0.986991,1.000000,0.013009,0.500000,7.500000,5.000000,10.000000,5.000000,32.889007,0.923210,1.198925,0.645152,0.321892,0.915105,32.600273,24.179237,0.678723,15.081486,0.423345,3.876269,0.108809,33.612071,112.649202,118.154966,107.143438,11.011528,0.906804
sample2_54h,9,3,6,0,-1,0.829527,1457.472222,1321.666667,1593.277778,271.611111,0.906082,154.315033,146.711460,161.918607,15.207146,0.840055,1.486913,1.357664,1.616162,0.258497,0.989701,0.767647,0.763674,0.771620,0.007947,0.971291,0.972823,0.958656,0.986991,0.028335,0.800000,9.000000,8.000000,10.000000,2.000000,40.102899,1.051595,1.282178,0.469681,0.628943,0.384993,14.681810,33.256143,0.872056,19.895915,0.521719,0.917171,0.024050,73.010241,97.287018,104.574036,90.000000,14.574036,0.860634
sample2_54h,10,3,8,0,-1,0.146658,913.472222,233.666667,1593.277778,1359.611111,0.438826,116.486339,71.054071,161.918607,90.864536,0.902879,1.291735,1.225806,1.357664,0.131858,0.761589,0.672640,0.581606,0.763674,0.182068,0.986991,0.993496,0.986991,1.000000,0.013009,0.300000,6.500000,3.000000,10.000000,7.000000,26.984971,0.977680,1.562044,0.612991,0.294116,0.714578,19.723083,26.539205,0.961530,13.201796,0.478308,15.128319,0.548107,52.507970,94.213485,98.426969,90.000000,8.426969,0.914384
sample2_54h,11,3,9,0,-1,0.202587,958.027778,322.777778,1593.277778,1270.500000,0.460328,118.227176,74.535746,161.918607,87.382861,0.799693,1.221689,1.085714,1.357664,0.271950,0.956041,0.746888,0.730103,0.763674,0.033570,0.986991,0.993496,0.986991,1.000000,0.013009,0.400000,7.000000,4.000000,10.000000,6.000000,40.746545,1.407920,1.181347,0.515220,0.449825,0.350297,10.137938,33.307778,1.150887,19.792526,0.683893,20.878581,0.721420,59.302851,116.932460,118.154966,115.709954,2.445012,0.979307
sample2_54h,12,3,11,0,-1,0.410788,1123.888889,654.500000,1593.277778,938.777778,0.622972,131.394668,100.870729,161.918607,61.047877,0.996451,1.360082,1.357664,1.362500,0.004836,0.944754,0.786002,0.763674,0.808331,0.044657,0.986991,0.993496,0.986991,1.000000,0.013009,0.600000,8.000000,6.000000,10.000000,4.000000,43.178246,1.318438,2.021898,0.467448,0.467227,0.259096,8.485281,32.562572,0.994291,20.945950,0.639580,4.781396,0.145999,43.325814,95.859057,115.000639,76.717474,38.283165,0.667105
sample2_54h,13,3,13,0,-1,0.915765,1666.555556,1593.277778,1739.833333,146.555556,0.944463,166.679268,161.918607,171.439930,9.521324,0.940606,1.317346,1.277027,1.357664,0.080637,0.974060,0.753769,0.743864,0.763674,0.019810,0.972113,0.973229,0.959467,0.986991,0.027524,0.800000,9.000000,8.000000,10.000000,2.000000,66.887200,1.638846,1.520661,0.411004,0.719481,0.173060,7.063207,40.850564,1.000906,33.182296,0.813021,3.176233,0.077823,81.469566,118.440916,129.289407,107.592425,21.696982,0.832183
sample2_54h,14,4,5,0,-1,0.444713,1594.722222,981.777778,2207.666667,1225.888889,0.713614,152.772198,127.240256,178.304140,51.063884,0.778447,1.206359,1.056075,1.356643,0.300569,0.873280,0.817322,0.762033,0.872611,0.110577,1.000000,1.000000,1.000000,1.000000,0.000000,0.555556,7.000000,5.000000,9.000000,4.000000,38.054226,0.971773,1.268041,0.674031,0.249678,0.787733,30.847294,30.457775,0.777786,18.937099,0.483588,10.304409,0.263139,64.284892,108.924221,127.848441,90.000000,37.848441,0.703959
sample2_54h,15,4,7,0,-1,0.250226,1380.041667,552.416667,2207.666667,1655.250000,0.581442,140.988819,103.673498,178.304140,74.630643,0.757459,1.573844,1.356643,1.791045,0.434401,0.740152,0.759237,0.645864,0.872611,0.226747,1.000000,1.000000,1.000000,1.000000,0.000000,0.444444,6.500000,4.000000,9.000000,5.000000,37.699885,1.069662,1.273196,0.622452,0.292443,0.651483,22.961320,31.527052,0.894519,18.837556,0.534479,16.099382,0.456789,78.704430,120.599498,123.044029,118.154966,4.889063,0.960266
sample2_54h,16,4,10,0,-1,0.224143,1351.250000,494.833333,2207.666667,1712.833333,0.491159,132.939953,87.575765,178.304140,90.728376,0.888316,1.280886,1.205128,1.356643,0.151515,0.929138,0.841693,0.810776,0.872611,0.061835,1.000000,1.000000,1.000000,1.000000,0.000000,0.555556,7.000000,5.000000,9.000000,4.000000,35.144361,1.015283,1.222826,0.652937,0.241628,0.546265,18.909139,29.018707,0.838319,17.457036,0.504315,18.015447,0.520447,53.917861,97.462683,99.065853,95.859514,3.206339,0.967634
sample2_54h,17,4,12,0,-1,0.825457,2015.000000,1822.333333,2207.666667,385.333333,0.949197,173.774991,169.245842,178.304140,9.058299,0.774279,1.554390,1.356643,1.752137,0.395493,0.916181,0.836040,0.799469,0.872611,0.073142,1.000000,1.000000,1.000000,1.000000,0.000000,0.777778,8.000000,7.000000,9.000000,2.000000,59.582956,1.328870,1.224806,0.478074,0.462035,0.246231,11.040330,41.752210,0.931194,30.700326,0.684705,0.403857,0.009007,88.099126,140.918480,163.154966,118.681993,44.472973,0.727419
sample2_54h,18,4,16,0,-1,0.218330,1344.833333,482.000000,2207.666667,1725.666667,0.492746,133.081379,87.858618,178.304140,90.445523,0.942510,1.398019,1.356643,1.439394,0.082751,0.899224,0.828641,0.784672,0.872611,0.087939,1.000000,1.000000,1.000000,1.000000,0.000000,0.555556,7.000000,5.000000,9.000000,4.000000,41.552717,1.205469,1.881119,0.614433,0.212418,0.458698,15.811388,31.496808,0.913741,20.549815,0.596163,19.571723,0.567787,73.588234,86.573254,111.301475,61.845034,49.456441,0.555653
sample2_54h,19,4,17,0,-1,0.238487,1367.083333,526.500000,2207.666667,1681.166667,0.508570,134.492115,90.680090,178.304140,87.624050,0.764414,1.196840,1.037037,1.356643,0.319606,0.922070,0.838609,0.804608,0.872611,0.068003,1.000000,1.000000,1.000000,1.000000,0.000000,0.555556,7.000000,5.000000,9.000000,4.000000,46.692876,1.335391,1.882759,0.552537,0.406218,0.280540,9.809293,33.967585,0.971454,22.068422,0.631145,20.405454,0.583585,62.820232,109.178839,110.748882,107.608796,3.140085,0.971647
sample2_54h,20,5,9,0,-1,0.328769,652.277778,322.777778,981.777778,659.000000,0.585787,100.888001,74.535746,127.240256,52.704510,0.972700,1.070895,1.056075,1.085714,0.029640,0.958099,0.746068,0.730103,0.762033,0.031930,1.000000,1.000000,1.000000,1.000000,0.000000,0.800000,4.500000,4.000000,5.000000,1.000000,24.929354,1.011346,1.504425,0.613625,0.279704,0.777416,19.163043,20.805030,0.844029,12.432706,0.504376,10.234696,0.415206,71.265994,123.931956,136.566557,111.297354,25.269203,0.814968
sample2_54h,21,5,10,0,-1,0.504018,738.305556,494.833333,981.777778,486.944444,0.688271,107.408010,87.575765,127.240256,39.664491,0.876317,1.130601,1.056075,1.205128,0.149053,0.939881,0.786405,0.762033,0.810776,0.048743,1.000000,1.000000,1.000000,1.000000,0.000000,1.000000,5.000000,5.000000,5.000000,0.000000,36.162614,1.349901,1.428571,0.457164,0.574514,0.249168,6.674995,27.996451,1.045069,17.638351,0.658415,7.410578,0.276627,67.539327,102.635205,112.500000,92.770409,19.729591,0.824626
sample2_54h,22,6,8,0,-1,0.176797,777.666667,233.666667,1321.666667,1088.000000,0.484312,108.882765,71.054071,146.711460,75.657390,0.758468,1.420984,1.225806,1.616162,0.390355,0.753746,0.676613,0.581606,0.771620,0.190015,0.958656,0.979328,0.958656,1.000000,0.041344,0.375000,5.500000,3.000000,8.000000,5.000000,20.860667,0.807913,1.066667,0.704425,0.223746,0.991358,25.597309,21.270775,0.823796,10.164613,0.393665,11.189340,0.433352,8.544920,117.108737,166.717474,67.500000,99.217474,0.404877
sample2_54h,23,6,11,0,-1,0.495208,988.083333,654.500000,1321.666667,667.166667,0.687545,123.791095,100.870729,146.711460,45.840731,0.843047,1.489331,1.362500,1.616162,0.253662,0.954585,0.789976,0.771620,0.808331,0.036710,0.958656,0.979328,0.958656,1.000000,0.041344,0.750000,7.000000,6.000000,8.000000,2.000000,31.841454,1.028173,1.059524,0.505274,0.340052,0.417977,12.944325,26.533268,0.856770,15.571318,0.502804,2.097150,0.067718,25.189674,125.619721,157.500000,93.739443,63.760557,0.595171
sample2_54h,24,6,15,0,-1,0.269105,838.666667,355.666667,1321.666667,966.000000,0.528384,112.115749,77.520039,146.711460,69.191421,0.643834,1.328351,1.040541,1.616162,0.575621,0.963876,0.757684,0.743747,0.771620,0.027874,0.958656,0.979328,0.958656,1.000000,0.041344,0.500000,6.000000,4.000000,8.000000,4.000000,27.420849,0.993260,1.181208,0.558714,0.546304,0.543342,15.000000,25.442410,0.921595,13.686467,0.495762,12.021805,0.435463,56.216019,93.603029,97.206057,90.000000,7.206057,0.925868
sample2_54h,25,6,18,0,-1,0.185120,783.166667,244.666667,1321.666667,1077.000000,0.443763,105.908261,65.105061,146.711460,81.606399,0.732188,1.399747,1.183333,1.616162,0.432828,0.940051,0.748492,0.725363,0.771620,0.046258,0.958656,0.979328,0.958656,1.000000,0.041344,0.500000,6.000000,4.000000,8.000000,4.000000,31.594074,1.215237,1.636364,0.539123,0.487125,0.398907,10.370899,26.994786,1.038330,15.026523,0.577981,14.782655,0.568601,54.559173,105.827542,125.217593,86.437492,38.780101,0.690298
sample2_54h,26,6,19,0,-1,0.339596,885.250000,448.833333,1321.666667,872.833333,0.578317,115.778563,84.845666,146.711460,61.865794,0.833594,1.481692,1.347222,1.616162,0.268939,0.984845,0.777557,0.771620,0.783494,0.011874,0.958656,0.979328,0.958656,1.000000,0.041344,0.625000,6.500000,5.000000,8.000000,3.000000,36.315091,1.262246,1.691729,0.556897,0.485550,0.550551,15.839472,26.692411,0.927779,18.033559,0.626814,17.353796,0.603186,89.935363,125.938838,135.763763,116.113913,19.649850,0.855264
sample2_54h,27,7,12,1,12,0.303137,1187.375000,552.416667,1822.333333,1269.916667,0.612562,136.459670,103.673498,169.245842,65.572344,0.978276,1.771591,1.752137,1.791045,0.038908,0.807866,0.722667,0.645864,0.799469,0.153605,1.000000,1.000000,1.000000,1.000000,0.000000,0.571429,5.500000,4.000000,7.000000,3.000000,26.619063,0.804294,1.281250,0.815152,0.065293,1.232534,40.792156,23.868027,0.721172,12.641895,0.381975,11.323110,0.342127,29.596209,147.390312,171.090556,123.690068,47.400488,0.722951
sample2_54h,28,8,11,1,12,0.357016,444.083333,233.666667,654.500000,420.833333,0.704407,85.962400,71.054071,100.870729,29.816659,0.899674,1.294153,1.225806,1.362500,0.136694,0.719514,0.694968,0.581606,0.808331,0.226725,1.000000,1.000000,1.000000,1.000000,0.000000,0.500000,4.500000,3.000000,6.000000,3.000000,18.841760,0.922048,1.737500,0.769196,0.000000,1.259314,25.733679,19.219206,0.940519,9.086327,0.444652,7.338174,0.359104,58.893081,170.287171,175.108796,165.465545,9.643252,0.944930
sample2_54h,29,9,10,1,8,0.652296,408.805556,322.777778,494.833333,172.055556,0.851100,81.055755,74.535746,87.575765,13.040019,0.900912,1.145421,1.085714,1.205128,0.119414,0.900499,0.770440,0.730103,0.810776,0.080673,1.000000,1.000000,1.000000,1.000000,0.000000,0.800000,4.500000,4.000000,5.000000,1.000000,19.475870,0.968687,1.198113,0.739902,0.042944,1.100993,22.135944,18.067473,0.898636,9.619174,0.478437,2.902394,0.144359,74.389893,172.034138,180.000000,164.068277,15.931723,0.911490
sample2_54h,30,9,13,0,-1,0.185522,1031.305556,322.777778,1739.833333,1417.055556,0.434763,122.987838,74.535746,171.439930,96.904184,0.850189,1.181371,1.085714,1.277027,0.191313,0.981501,0.736984,0.730103,0.743864,0.013761,0.959467,0.979733,0.959467,1.000000,0.040533,0.500000,6.000000,4.000000,8.000000,4.000000,30.761509,1.030928,1.459459,0.649429,0.251192,0.774124,23.098822,25.393410,0.851024,11.786123,0.394995,9.830827,0.329466,20.455365,125.460658,136.697622,114.223693,22.473928,0.835594
sample2_54h,31,10,13,0,-1,0.284414,1117.333333,494.833333,1739.833333,1245.000000,0.510825,129.507848,87.575765,171.439930,83.864165,0.943698,1.241078,1.205128,1.277027,0.071899,0.917472,0.777320,0.743864,0.810776,0.066912,0.959467,0.979733,0.959467,1.000000,0.040533,0.625000,6.500000,5.000000,8.000000,3.000000,26.828609,0.838969,1.307692,0.601476,0.283562,0.671426,21.470911,25.711996,0.804051,13.282375,0.415359,9.343914,0.292197,49.184052,98.225018,130.673729,65.776307,64.897423,0.503363
sample2_54h,32,10,16,0,-1,0.974065,488.416667,482.000000,494.833333,12.833333,0.996781,87.717191,87.575765,87.858618,0.282853,0.837247,1.322261,1.205128,1.439394,0.234266,0.967804,0.797724,0.784672,0.810776,0.026104,1.000000,1.000000,1.000000,1.000000,0.000000,1.000000,5.000000,5.000000,5.000000,0.000000,22.486151,1.017488,1.121951,0.638407,0.397884,0.831903,18.384776,19.375246,0.876721,10.576116,0.478564,1.138726,0.051527,51.833391,134.233379,146.749283,121.717474,25.031808,0.829425
sample2_54h,33,11,13,0,-1,0.376185,1197.166667,654.500000,1739.833333,1085.333333,0.588374,136.155330,100.870729,171.439930,70.569201,0.937268,1.319764,1.277027,1.362500,0.085473,0.920247,0.776097,0.743864,0.808331,0.064467,0.959467,0.979733,0.959467,1.000000,0.040533,0.750000,7.000000,6.000000,8.000000,2.000000,36.061262,1.071745,1.095000,0.669385,0.131236,0.896050,30.149627,25.576465,0.760135,16.778806,0.498668,14.045695,0.417440,62.820435,121.357280,127.004605,115.709954,11.294652,0.911069
sample2_54h,34,11,19,0,-1,0.685765,551.666667,448.833333,654.500000,205.666667,0.841133,92.858198,84.845666,100.870729,16.025063,0.988787,1.354861,1.347222,1.362500,0.015278,0.969274,0.795912,0.783494,0.808331,0.024837,1.000000,1.000000,1.000000,1.000000,0.000000,0.833333,5.500000,5.000000,6.000000,1.000000,26.404675,1.129156,1.181818,0.570116,0.301813,0.636523,14.884742,21.841964,0.934038,13.029522,0.557188,3.449637,0.147518,81.273803,109.772214,147.153225,72.391204,74.762021,0.491944
sample2_54h,35,11,22,0,-1,0.479761,1009.361111,654.500000,1364.222222,709.722222,0.726532,119.854728,100.870729,138.838727,37.967998,0.745065,1.188826,1.015152,1.362500,0.347348,0.908899,0.848842,0.808331,0.889352,0.081021,0.998780,0.999390,0.998780,1.000000,0.001220,0.666667,7.500000,6.000000,9.000000,3.000000,39.481140,1.263021,1.791045,0.513051,0.478190,0.277456,8.673075,32.529510,1.040635,19.753945,0.631938,9.598910,0.307074,78.321698,103.282526,112.191970,94.373081,17.818889,0.841175
sample2_54h,36,12,17,0,-1,0.288915,1174.416667,526.500000,1822.333333,1295.833333,0.535789,129.962966,90.680090,169.245842,78.565752,0.591870,1.394587,1.037037,1.752137,0.715100,0.993613,0.802039,0.799469,0.804608,0.005139,1.000000,1.000000,1.000000,1.000000,0.000000,0.714286,6.000000,5.000000,7.000000,2.000000,40.006228,1.219063,1.909091,0.583414,0.256439,0.533233,17.499206,32.219679,0.981793,18.898983,0.575887,17.743781,0.540686,57.225408,108.356486,109.104175,107.608796,1.495378,0.986294
sample2_54h,37,12,20,0,-1,0.324858,1207.166667,592.000000,1822.333333,1230.333333,0.564665,132.406534,95.567226,169.245842,73.678616,0.675694,1.468022,1.183908,1.752137,0.568229,0.981495,0.807006,0.799469,0.814542,0.015073,1.000000,1.000000,1.000000,1.000000,0.000000,0.714286,6.000000,5.000000,7.000000,2.000000,37.816730,1.128523,1.408046,0.636682,0.198537,0.694105,23.259407,31.682387,0.945463,17.204795,0.513424,14.226064,0.424533,48.915317,126.109311,143.349622,108.868999,34.480623,0.759465
sample2_54h,38,12,21,0,-1,0.709164,1557.333333,1292.333333,1822.333333,530.000000,0.813705,153.480997,137.716152,169.245842,31.529690,0.598572,1.400459,1.048780,1.752137,0.703356,0.933656,0.827873,0.799469,0.856278,0.056809,1.000000,1.000000,1.000000,1.000000,0.000000,1.000000,7.000000,7.000000,7.000000,0.000000,33.320042,0.847430,1.082927,0.719686,0.255494,0.937925,36.878178,25.968527,0.660459,16.657988,0.423663,2.705622,0.068812,83.914821,130.484094,151.845034,109.123153,42.721880,0.718648
sample2_54h,39,13,16,0,-1,0.277038,1110.916667,482.000000,1739.833333,1257.833333,0.512475,129.649274,87.858618,171.439930,83.581312,0.887198,1.358210,1.277027,1.439394,0.162367,0.947994,0.764268,0.743864,0.784672,0.040808,0.959467,0.979733,0.959467,1.000000,0.040533,0.625000,6.500000,5.000000,8.000000,3.000000,33.024635,1.037437,1.063492,0.533758,0.531793,0.480428,15.293426,30.824948,0.968336,16.456875,0.516977,15.268081,0.479632,51.928162,98.571719,107.143438,90.000000,17.143438,0.839995
sample2_54h,40,13,22,0,-1,0.784111,1552.027778,1364.222222,1739.833333,375.611111,0.809839,155.139329,138.838727,171.439930,32.601203,0.794933,1.146089,1.015152,1.277027,0.261876,0.836411,0.816608,0.743864,0.889352,0.145488,0.960639,0.979123,0.959467,0.998780,0.039313,0.888889,8.500000,8.000000,9.000000,1.000000,40.957684,1.041562,1.096070,0.506230,0.624452,0.415706,16.346933,34.515347,0.877732,20.397536,0.518713,0.284277,0.007229,87.720341,107.756528,117.599866,97.913191,19.686674,0.832596
sample2_54h,41,13,23,0,-1,0.837916,1598.833333,1457.833333,1739.833333,282.000000,0.835388,157.329369,143.218807,171.439930,28.221123,0.948596,1.244205,1.211382,1.277027,0.065645,0.832867,0.818500,0.743864,0.893136,0.149272,0.959467,0.979733,0.959467,1.000000,0.040533,1.000000,8.000000,8.000000,8.000000,0.000000,48.881852,1.223685,1.086066,0.568938,0.376872,0.612057,24.449494,35.351755,0.884979,24.239469,0.606799,5.137875,0.128619,77.065357,126.577483,163.154966,90.000000,73.154966,0.551623
sample2_54h,42,13,25,0,-1,0.658492,1442.750000,1145.666667,1739.833333,594.166667,0.783656,152.894926,134.349922,171.439930,37.090008,0.795024,1.146147,1.015267,1.277027,0.261760,0.932610,0.770739,0.743864,0.797615,0.053751,0.959467,0.979733,0.959467,1.000000,0.040533,0.750000,7.000000,6.000000,8.000000,2.000000,37.462829,0.991618,1.797297,0.636635,0.290418,0.888511,33.567511,29.386994,0.777855,16.339872,0.432506,4.855514,0.128522,45.207247,94.454722,98.909444,90.000000,8.909444,0.909923
sample2_54h,43,14,15,0,-1,0.216716,998.416667,355.666667,1641.166667,1285.500000,0.427113,129.508955,77.520039,181.497872,103.977833,0.988514,1.046586,1.040541,1.052632,0.012091,0.841772,0.684906,0.626065,0.743747,0.117682,0.883852,0.941926,0.883852,1.000000,0.116148,0.444444,6.500000,4.000000,9.000000,5.000000,20.401480,0.687261,1.052632,0.575801,0.313663,0.846575,25.130769,24.559207,0.827321,7.208478,0.242831,3.096777,0.104320,20.884166,117.773085,162.391204,73.154966,89.236237,0.450486
sample2_54h,44,14,18,0,-1,0.149081,942.916667,244.666667,1641.166667,1396.500000,0.358710,123.301467,65.105061,181.497872,116.392811,0.889548,1.117982,1.052632,1.183333,0.130702,0.863106,0.675714,0.626065,0.725363,0.099298,0.883852,0.941926,0.883852,1.000000,0.116148,0.444444,6.500000,4.000000,9.000000,5.000000,19.282571,0.686785,1.052632,0.562542,0.352629,0.736465,20.677417,23.301350,0.829922,6.611131,0.235468,4.141157,0.147495,20.442895,101.250000,112.500000,90.000000,22.500000,0.800000
sample2_54h,45,14,19,0,-1,0.273484,1045.000000,448.833333,1641.166667,1192.333333,0.467475,133.171769,84.845666,181.497872,96.652206,0.781335,1.199927,1.052632,1.347222,0.294591,0.799068,0.704780,0.626065,0.783494,0.157429,0.883852,0.941926,0.883852,1.000000,0.116148,0.555556,7.000000,5.000000,9.000000,4.000000,37.648672,1.220438,1.444444,0.458117,0.689633,0.436119,13.453624,30.969405,1.003919,18.192283,0.589730,8.004730,0.259485,17.470647,106.523085,118.154966,94.891204,23.263763,0.803108
sample2_54h,46,14,22,0,-1,0.831251,1502.694444,1364.222222,1641.166667,276.944444,0.764961,160.168300,138.838727,181.497872,42.659145,0.964394,1.033892,1.015152,1.052632,0.037480,0.703956,0.757709,0.626065,0.889352,0.263287,0.884932,0.941316,0.883852,0.998780,0.114927,1.000000,9.000000,9.000000,9.000000,0.000000,56.961808,1.470994,1.407407,0.425323,0.830952,0.288595,11.175370,36.067994,0.931428,28.480160,0.735478,9.565378,0.247018,76.991902,123.750000,135.000000,112.500000,22.500000,0.833333
sample2_54h,47,14,27,0,-1,0.672388,1372.333333,1103.500000,1641.166667,537.666667,0.803047,163.624606,145.751340,181.497872,35.746533,0.989474,1.058231,1.052632,1.063830,0.011198,0.959097,0.639415,0.626065,0.652765,0.026700,0.912286,0.926342,0.883852,0.968832,0.084980,0.888889,8.500000,8.000000,9.000000,1.000000,36.978683,1.003080,1.583333,0.514570,0.418387,0.927055,34.176015,26.988243,0.732080,16.125627,0.437422,4.372462,0.118607,42.945151,114.786040,117.072080,112.500000,4.572080,0.960946
sample2_54h,48,14,28,0,-1,0.154768,947.583333,254.000000,1641.166667,1387.166667,0.359820,123.402255,65.306638,181.497872,116.191235,0.972887,1.067299,1.052632,1.081967,0.029336,0.836547,0.687228,0.626065,0.748392,0.122327,0.883852,0.941926,0.883852,1.000000,0.116148,0.444444,6.500000,4.000000,9.000000,5.000000,40.688316,1.441603,1.153846,0.496214,0.563187,0.491222,13.864423,35.007206,1.240319,18.800640,0.666114,22.406646,0.793877,58.343580,126.577483,135.000000,118.154966,16.845034,0.875222
sample2_54h,49,15,18,1,8,0.687910,300.166667,244.666667,355.666667,111.000000,0.839848,71.312550,65.105061,77.520039,12.414978,0.879330,1.111937,1.040541,1.183333,0.142793,0.975282,0.734555,0.725363,0.743747,0.018384,1.000000,1.000000,1.000000,1.000000,0.000000,1.000000,4.000000,4.000000,4.000000,0.000000,16.332818,0.946804,1.031250,0.735360,0.036646,1.198190,20.669355,16.792979,0.973479,8.148703,0.472376,2.900651,0.168149,83.788878,167.512432,171.869898,163.154966,8.714931,0.949293
sample2_54h,50,16,17,1,8,0.915480,504.250000,482.000000,526.500000,44.500000,0.968885,89.269354,87.858618,90.680090,2.821473,0.720468,1.238215,1.037037,1.439394,0.402357,0.975223,0.794640,0.784672,0.804608,0.019936,1.000000,1.000000,1.000000,1.000000,0.000000,1.000000,5.000000,5.000000,5.000000,0.000000,19.007444,0.846655,1.303030,0.808856,0.061477,1.188565,26.683328,17.123416,0.762734,9.503572,0.423321,1.423507,0.063408,89.889306,180.000000,180.000000,180.000000,0.000000,1.000000
sample2_54h,51,16,23,0,-1,0.330628,969.916667,482.000000,1457.833333,975.833333,0.613457,115.538713,87.858618,143.218807,55.360189,0.841592,1.325388,1.211382,1.439394,0.228012,0.878558,0.838904,0.784672,0.893136,0.108464,1.000000,1.000000,1.000000,1.000000,0.000000,0.625000,6.500000,5.000000,8.000000,3.000000,34.510450,1.147745,1.449664,0.565036,0.444254,0.388642,11.685699,29.724787,0.988584,16.997702,0.565308,10.338194,0.343827,80.997523,125.310769,150.641921,99.979618,50.662303,0.663691
sample2_54h,52,17,21,0,-1,0.407403,909.416667,526.500000,1292.333333,765.833333,0.658456,114.198121,90.680090,137.716152,47.036062,0.988803,1.042909,1.037037,1.048780,0.011743,0.939658,0.830443,0.804608,0.856278,0.051670,1.000000,1.000000,1.000000,1.000000,0.000000,0.714286,6.000000,5.000000,7.000000,2.000000,36.587739,1.242481,1.103448,0.564645,0.457986,0.461892,13.601471,30.955745,1.051225,17.548573,0.595931,11.869255,0.403068,69.441914,91.412377,104.574036,78.250717,26.323319,0.748281
sample2_54h,53,17,23,0,-1,0.361152,992.166667,526.500000,1457.833333,931.333333,0.633158,116.949449,90.680090,143.218807,52.538717,0.856078,1.124210,1.037037,1.211382,0.174345,0.900880,0.848872,0.804608,0.893136,0.088528,1.000000,1.000000,1.000000,1.000000,0.000000,0.625000,6.500000,5.000000,8.000000,3.000000,30.716598,1.005006,1.348993,0.707585,0.218881,0.755369,23.086793,26.567778,0.869262,14.905944,0.487703,10.338429,0.338260,76.268722,120.922517,180.000000,61.845034,118.154966,0.343584
sample2_54h,54,18,19,0,-1,0.545117,346.750000,244.666667,448.833333,204.166667,0.767335,74.975364,65.105061,84.845666,19.740605,0.878351,1.265278,1.183333,1.347222,0.163889,0.925805,0.754428,0.725363,0.783494,0.058131,1.000000,1.000000,1.000000,1.000000,0.000000,0.800000,4.500000,4.000000,5.000000,1.000000,20.248092,1.099618,1.781609,0.574387,0.335496,0.727032,13.387390,17.793170,0.966298,10.095956,0.548283,4.830422,0.262327,73.969127,143.804398,152.608796,135.000000,17.608796,0.884615
sample2_54h,55,19,22,1,8,0.329003,906.527778,448.833333,1364.222222,915.388889,0.611110,111.842197,84.845666,138.838727,53.993061,0.753515,1.181187,1.015152,1.347222,0.332071,0.880972,0.836423,0.783494,0.889352,0.105858,0.998780,0.999390,0.998780,1.000000,0.001220,0.555556,7.000000,5.000000,9.000000,4.000000,25.966995,0.893548,1.012987,0.796550,0.119320,0.938745,27.280437,21.571487,0.742295,12.955326,0.445805,10.869789,0.374040,74.376526,133.239111,151.845034,114.633188,37.211846,0.754935
sample2_54h,56,20,21,0,-1,0.458086,942.166667,592.000000,1292.333333,700.333333,0.693943,116.641689,95.567226,137.716152,42.148926,0.885863,1.116344,1.048780,1.183908,0.135128,0.951259,0.835410,0.814542,0.856278,0.041736,1.000000,1.000000,1.000000,1.000000,0.000000,0.714286,6.000000,5.000000,7.000000,2.000000,37.763084,1.252921,1.651852,0.511439,0.630462,0.300444,9.055385,32.005754,1.061901,18.798382,0.623701,8.906012,0.295488,89.730676,100.760434,115.666562,85.854306,29.812255,0.742257
sample2_54h,57,20,24,0,-1,0.410968,1016.250000,592.000000,1440.500000,848.500000,0.632818,123.292823,95.567226,151.018420,55.451194,0.968652,1.203065,1.183908,1.222222,0.038314,0.974428,0.804127,0.793713,0.814542,0.020830,0.979710,0.989855,0.979710,1.000000,0.020290,0.625000,6.500000,5.000000,8.000000,3.000000,32.771576,1.052311,1.352564,0.554747,0.459205,0.513991,16.006943,29.674288,0.952856,15.518217,0.498297,4.402135,0.141355,36.456332,112.881881,146.309932,79.453830,66.856102,0.543052
sample2_54h,58,20,26,1,8,0.961149,580.500000,569.000000,592.000000,23.000000,0.976218,96.731320,95.567226,97.895413,2.328187,0.926402,1.140341,1.096774,1.183908,0.087134,0.915975,0.780321,0.746101,0.814542,0.068442,1.000000,1.000000,1.000000,1.000000,0.000000,0.800000,4.500000,4.000000,5.000000,1.000000,22.482415,0.933175,1.347458,0.748519,0.067183,1.117607,26.925824,20.796569,0.863201,11.229858,0.466116,0.826192,0.034293,83.037610,167.625242,175.626919,159.623565,16.003354,0.908879
sample2_54h,59,21,23,0,-1,0.886475,1375.083333,1292.333333,1457.833333,165.500000,0.961579,140.467480,137.716152,143.218807,5.502655,0.865772,1.130081,1.048780,1.211382,0.162602,0.958732,0.874707,0.856278,0.893136,0.036858,1.000000,1.000000,1.000000,1.000000,0.000000,0.875000,7.500000,7.000000,8.000000,1.000000,41.293158,1.114065,1.660256,0.596716,0.361877,0.543322,20.138410,31.346814,0.845718,20.646390,0.557027,3.462224,0.093409,85.031065,104.690766,107.608796,101.772736,5.836061,0.945766
sample2_54h,60,21,26,0,-1,0.440289,930.666667,569.000000,1292.333333,723.333333,0.710849,117.805782,97.895413,137.716152,39.820739,0.956241,1.072777,1.048780,1.096774,0.047994,0.871330,0.801189,0.746101,0.856278,0.110177,1.000000,1.000000,1.000000,1.000000,0.000000,0.571429,5.500000,4.000000,7.000000,3.000000,30.148820,1.008275,1.294118,0.675120,0.182128,0.827341,24.738634,24.969934,0.835076,14.852285,0.496709,9.761509,0.326457,77.907979,123.513049,128.884496,118.141601,10.742895,0.916647
sample2_54h,61,21,29,0,-1,0.400524,904.972222,517.611111,1292.333333,774.722222,0.681466,115.782545,93.848938,137.716152,43.867214,0.922927,1.092572,1.048780,1.136364,0.087583,0.862462,0.797392,0.738507,0.856278,0.117771,1.000000,1.000000,1.000000,1.000000,0.000000,0.571429,5.500000,4.000000,7.000000,3.000000,27.763505,0.945944,1.256757,0.662027,0.270604,0.787257,23.106036,24.296181,0.827807,13.842052,0.471619,9.896667,0.337194,78.087471,121.719398,127.385301,116.053495,11.331806,0.911043
sample2_54h,62,21,32,0,-1,0.225174,791.666667,291.000000,1292.333333,1001.333333,0.541840,106.168166,74.620181,137.716152,63.095971,0.815718,1.167247,1.048780,1.285714,0.236934,0.766965,0.756506,0.656735,0.856278,0.199543,1.000000,1.000000,1.000000,1.000000,0.000000,0.571429,5.500000,4.000000,7.000000,3.000000,31.642259,1.193873,1.319149,0.540070,0.513053,0.384775,10.198039,29.056269,1.096302,15.614260,0.589131,16.806022,0.634097,71.582712,101.895755,104.574036,99.217474,5.356562,0.948777
sample2_54h,63,22,25,0,-1,0.839795,1254.944444,1145.666667,1364.222222,218.555556,0.967669,136.594325,134.349922,138.838727,4.488805,0.999886,1.015209,1.015152,1.015267,0.000116,0.896849,0.843484,0.797615,0.889352,0.091737,0.998780,0.999390,0.998780,1.000000,0.001220,0.666667,7.500000,6.000000,9.000000,3.000000,34.973800,0.988197,1.426036,0.723363,0.168091,0.909502,32.188680,27.982599,0.790658,17.282315,0.488318,1.624646,0.045905,88.796746,126.577483,135.000000,118.154966,16.845034,0.875222
sample2_54h,64,22,28,0,-1,0.186187,809.111111,254.000000,1364.222222,1110.222222,0.470378,102.072682,65.306638,138.838727,73.532090,0.938246,1.048559,1.015152,1.081967,0.066816,0.841502,0.818872,0.748392,0.889352,0.140960,0.998780,0.999390,0.998780,1.000000,0.001220,0.444444,6.500000,4.000000,9.000000,5.000000,30.340170,1.147667,1.241135,0.633805,0.258308,0.473295,12.512216,24.753221,0.936332,14.491407,0.548162,15.774600,0.596700,85.784736,93.450164,96.900328,90.000000,6.900328,0.928789
sample2_54h,65,22,30,0,-1,0.159065,790.611111,217.000000,1364.222222,1147.222222,0.453971,100.933775,63.028823,138.838727,75.809904,0.985075,1.007576,1.000000,1.015152,0.015152,0.771823,0.787887,0.686422,0.889352,0.202930,0.998780,0.999390,0.998780,1.000000,0.001220,0.444444,6.500000,4.000000,9.000000,5.000000,31.947916,1.236702,1.087500,0.572828,0.402010,0.302334,7.810250,26.236495,1.015613,15.829393,0.612755,15.981094,0.618627,78.201245,98.001255,122.847543,73.154966,49.692577,0.595494
sample2_54h,66,22,34,0,-1,0.528140,1042.361111,720.500000,1364.222222,643.722222,0.780221,123.581796,108.324865,138.838727,30.513862,0.928139,1.054451,1.015152,1.093750,0.078598,0.867589,0.830472,0.771592,0.889352,0.117760,0.998780,0.999390,0.998780,1.000000,0.001220,0.666667,7.500000,6.000000,9.000000,3.000000,41.096096,1.288733,1.471338,0.518387,0.480799,0.350604,11.180340,29.064893,0.911446,20.246990,0.634926,6.786445,0.212816,76.332823,104.771020,112.500000,97.042039,15.457961,0.862596
sample2_54h,67,22,36,0,-1,0.469620,1002.444444,640.666667,1364.222222,723.555556,0.730260,120.113547,101.388367,138.838727,37.450360,0.832424,1.117332,1.015152,1.219512,0.204361,0.880627,0.836270,0.783187,0.889352,0.106165,0.998780,0.999390,0.998780,1.000000,0.001220,0.666667,7.500000,6.000000,9.000000,3.000000,38.407168,1.234029,1.723881,0.535604,0.580636,0.375005,11.671428,29.253318,0.939914,18.944192,0.608680,9.124260,0.293164,86.493857,105.063780,148.282526,61.845034,86.437492,0.417076
sample2_54h,68,23,25,0,-1,0.785869,1301.750000,1145.666667,1457.833333,312.166667,0.938075,138.784365,134.349922,143.218807,8.868885,0.838106,1.113325,1.015267,1.211382,0.196115,0.893050,0.845376,0.797615,0.893136,0.095521,1.000000,1.000000,1.000000,1.000000,0.000000,0.750000,7.000000,6.000000,8.000000,2.000000,44.246452,1.228568,1.793103,0.507789,0.488829,0.329579,11.869663,32.366123,0.898693,20.603570,0.572089,4.874109,0.135337,64.803916,87.811323,90.000000,85.622646,4.377354,0.951363
sample2_54h,69,23,29,0,-1,0.355055,987.722222,517.611111,1457.833333,940.222222,0.655284,118.533873,93.848938,143.218807,49.369869,0.938072,1.173873,1.136364,1.211382,0.075018,0.826870,0.815822,0.738507,0.893136,0.154629,1.000000,1.000000,1.000000,1.000000,0.000000,0.500000,6.000000,4.000000,8.000000,4.000000,34.353499,1.127589,1.379085,0.624919,0.319084,0.619692,18.879736,28.850646,0.946968,16.769476,0.550427,11.134013,0.365453,73.414304,123.431549,130.108796,116.754302,13.354495,0.897359
sample2_54h,70,23,33,0,-1,0.909112,1391.583333,1325.333333,1457.833333,132.500000,0.995438,143.546982,143.218807,143.875156,0.656349,0.952954,1.241284,1.211382,1.271186,0.059804,0.900836,0.848853,0.804569,0.893136,0.088567,1.000000,1.000000,1.000000,1.000000,0.000000,0.750000,7.000000,6.000000,8.000000,2.000000,40.529884,1.086786,1.651007,0.609453,0.325009,0.637372,23.769729,28.498260,0.764165,19.620120,0.526102,0.624332,0.016741,65.769524,106.034607,108.152706,103.916509,4.236197,0.960831
sample2_54h,71,23,35,0,-1,0.582828,1153.750000,849.666667,1457.833333,608.166667,0.807958,129.466779,115.714751,143.218807,27.504057,0.880537,1.139024,1.066667,1.211382,0.144715,0.892819,0.845272,0.797409,0.893136,0.095727,1.000000,1.000000,1.000000,1.000000,0.000000,0.750000,7.000000,6.000000,8.000000,2.000000,42.930151,1.275204,1.060000,0.502350,0.573155,0.277416,9.339284,34.094846,1.012759,21.440793,0.636881,4.745896,0.140973,85.420491,106.555933,119.358079,93.753786,25.604293,0.785483
sample2_54h,72,24,26,0,-1,0.395002,1004.750000,569.000000,1440.500000,871.500000,0.648235,124.456917,97.895413,151.018420,53.123008,0.897361,1.159498,1.096774,1.222222,0.125448,0.940014,0.769907,0.746101,0.793713,0.047612,0.979710,0.989855,0.979710,1.000000,0.020290,0.500000,6.000000,4.000000,8.000000,4.000000,24.638585,0.797267,1.036364,0.716807,0.263250,0.990507,30.610456,21.814775,0.705893,11.842958,0.383220,6.784658,0.219541,2.266496,125.209305,146.309932,104.108678,42.201255,0.711563
sample2_54h,73,24,31,0,-1,0.798565,1295.416667,1150.333333,1440.500000,290.166667,0.880308,141.980591,132.942762,151.018420,18.075658,0.970724,1.204331,1.186441,1.222222,0.035782,0.970419,0.805810,0.793713,0.817907,0.024195,0.979710,0.989855,0.979710,1.000000,0.020290,0.625000,6.500000,5.000000,8.000000,3.000000,36.558841,1.017353,1.191919,0.583300,0.438598,0.663797,23.853721,30.061794,0.836555,18.274007,0.508526,0.067737,0.001885,86.394408,119.686515,125.149336,114.223693,10.925643,0.912699
sample2_54h,74,24,38,0,-1,0.242046,894.583333,348.666667,1440.500000,1091.833333,0.554604,117.386910,83.755399,151.018420,67.263022,0.854241,1.326496,1.222222,1.430769,0.208547,0.786921,0.709151,0.624589,0.793713,0.169123,0.979710,0.989855,0.979710,1.000000,0.020290,0.500000,6.000000,4.000000,8.000000,4.000000,40.694927,1.437309,1.213483,0.512382,0.572582,0.446756,12.649111,34.365642,1.213765,20.018322,0.707030,17.620807,0.622352,69.342609,150.190739,168.174181,132.207298,35.966883,0.786133
sample2_54h,75,24,40,0,-1,0.473215,1061.083333,681.666667,1440.500000,758.833333,0.692933,127.832023,104.645625,151.018420,46.372795,0.933962,1.265432,1.222222,1.308642,0.086420,0.985545,0.787976,0.782240,0.793713,0.011473,0.979710,0.989855,0.979710,1.000000,0.020290,0.625000,6.500000,5.000000,8.000000,3.000000,33.788870,1.054869,1.556338,0.578102,0.376502,0.638198,20.442331,28.479143,0.889103,16.200420,0.505768,8.873658,0.277031,63.547821,103.695602,117.391204,90.000000,27.391204,0.766667
sample2_54h,76,24,42,0,-1,0.942690,1399.222222,1357.944444,1440.500000,82.555556,0.946404,146.971412,142.924403,151.018420,8.094018,0.953472,1.193788,1.165354,1.222222,0.056868,0.950133,0.814542,0.793713,0.835370,0.041658,0.979710,0.989855,0.979710,1.000000,0.020290,1.000000,8.000000,8.000000,8.000000,0.000000,51.537766,1.377937,1.337838,0.473777,0.567776,0.287408,10.749677,36.441128,0.974307,25.704582,0.687250,2.774511,0.074181,89.224346,123.383247,134.266495,112.500000,21.766495,0.837886
sample2_54h,77,25,33,0,-1,0.864437,1235.500000,1145.666667,1325.333333,179.666667,0.933795,139.112539,134.349922,143.875156,9.525234,0.798677,1.143227,1.015267,1.271186,0.255919,0.991357,0.801092,0.797615,0.804569,0.006954,1.000000,1.000000,1.000000,1.000000,0.000000,1.000000,6.000000,6.000000,6.000000,0.000000,47.723352,1.358617,1.004310,0.471625,0.539817,0.307935,10.816654,36.400079,1.036259,23.975677,0.682554,3.413437,0.097176,83.106356,113.926190,135.000000,92.852381,42.147619,0.687795
sample2_54h,78,25,36,0,-1,0.559209,893.166667,640.666667,1145.666667,505.000000,0.754659,117.869145,101.388367,134.349922,32.961555,0.832519,1.117390,1.015267,1.219512,0.204245,0.981912,0.790401,0.783187,0.797615,0.014428,1.000000,1.000000,1.000000,1.000000,0.000000,1.000000,6.000000,6.000000,6.000000,0.000000,33.762050,1.141399,1.021164,0.533930,0.402936,0.518866,15.347819,28.480766,0.962853,16.666606,0.563450,7.880884,0.266430,85.026946,104.077483,118.154966,90.000000,28.154966,0.761712
sample2_54h,79,25,39,0,-1,0.903744,1090.527778,1035.388889,1145.666667,110.277778,0.953851,131.249892,128.149861,134.349922,6.200060,0.972964,1.029373,1.015267,1.043478,0.028211,0.993308,0.794946,0.792277,0.797615,0.005338,1.000000,1.000000,1.000000,1.000000,0.000000,1.000000,6.000000,6.000000,6.000000,0.000000,32.623106,0.988202,1.647482,0.675836,0.190428,0.925696,30.559596,25.580208,0.774862,16.310536,0.494070,0.440423,0.013341,84.840348,140.595034,157.500000,123.690068,33.809932,0.785334
sample2_54h,80,26,32,0,-1,0.511424,430.000000,291.000000,569.000000,278.000000,0.762244,86.257797,74.620181,97.895413,23.275232,0.853047,1.191244,1.096774,1.285714,0.188940,0.880223,0.701418,0.656735,0.746101,0.089366,1.000000,1.000000,1.000000,1.000000,0.000000,1.000000,4.000000,4.000000,4.000000,0.000000,23.949915,1.170789,1.022222,0.541477,0.265116,0.763606,15.620499,22.818225,1.115466,11.952011,0.584273,6.418717,0.313778,83.746736,132.554398,175.108796,90.000000,85.108796,0.513966
sample2_54h,81,27,28,0,-1,0.230177,678.750000,254.000000,1103.500000,849.500000,0.448069,105.528989,65.306638,145.751340,80.444702,0.983237,1.072899,1.063830,1.081967,0.018137,0.872224,0.700578,0.652765,0.748392,0.095626,0.968832,0.984416,0.968832,1.000000,0.031168,0.500000,6.000000,4.000000,8.000000,4.000000,21.387098,0.870166,1.140000,0.565426,0.370289,0.760087,18.681542,22.786113,0.927087,10.692868,0.435055,9.612598,0.391103,38.950790,118.095034,129.345034,106.845034,22.500000,0.826047
sample2_54h,82,27,30,0,-1,0.196647,660.250000,217.000000,1103.500000,886.500000,0.432441,104.390082,63.028823,145.751340,82.722516,0.940000,1.031915,1.000000,1.063830,0.063830,0.950968,0.669594,0.652765,0.686422,0.033657,0.968832,0.984416,0.968832,1.000000,0.031168,0.500000,6.000000,4.000000,8.000000,4.000000,27.263871,1.137182,1.240000,0.497113,0.333207,0.543835,13.038405,26.805631,1.118069,13.252476,0.552764,6.845233,0.285516,26.844778,119.018839,170.537678,67.500000,103.037678,0.395807
sample2_54h,83,27,34,0,-1,0.652923,912.000000,720.500000,1103.500000,383.000000,0.743217,127.038102,108.324865,145.751340,37.426474,0.972644,1.078790,1.063830,1.093750,0.029920,0.845998,0.712179,0.652765,0.771592,0.118826,0.968832,0.984416,0.968832,1.000000,0.031168,0.750000,7.000000,6.000000,8.000000,2.000000,39.810096,1.325653,1.216667,0.424231,0.485197,0.360188,10.816654,30.915237,1.029460,20.166104,0.671520,12.796929,0.426130,87.140875,109.732449,146.309932,73.154966,73.154966,0.500000
sample2_54h,84,27,37,0,-1,0.316266,726.250000,349.000000,1103.500000,754.500000,0.531538,111.611884,77.472428,145.751340,68.278912,0.834139,1.169596,1.063830,1.275362,0.211533,0.893339,0.691734,0.652765,0.730703,0.077938,0.968832,0.984416,0.968832,1.000000,0.031168,0.500000,6.000000,4.000000,8.000000,4.000000,20.648030,0.795677,1.013514,0.576858,0.542283,0.873655,22.671568,21.797100,0.839957,10.324015,0.397839,6.763216,0.260622,0.655354,103.547209,112.500000,94.594418,17.905582,0.840839
sample2_54h,85,27,41,0,-1,0.721945,950.083333,796.666667,1103.500000,306.833333,0.781419,129.822118,113.892896,145.751340,31.858444,0.644745,1.356915,1.063830,1.650000,0.586170,0.845793,0.712272,0.652765,0.771779,0.119014,0.968832,0.984416,0.968832,1.000000,0.031168,0.750000,7.000000,6.000000,8.000000,2.000000,32.314994,1.051848,1.460993,0.461784,0.567845,0.524850,16.124515,26.276145,0.855284,15.712450,0.511438,2.849368,0.092746,27.455783,92.634088,115.346176,69.922000,45.424176,0.606193
sample2_54h,86,28,30,1,4,0.854331,235.500000,217.000000,254.000000,37.000000,0.965121,64.167730,63.028823,65.306638,2.277814,0.924242,1.040984,1.000000,1.081967,0.081967,0.917196,0.717407,0.686422,0.748392,0.061970,1.000000,1.000000,1.000000,1.000000,0.000000,1.000000,4.000000,4.000000,4.000000,0.000000,12.525691,0.816849,1.160494,0.767115,0.000000,1.320481,20.248457,12.760064,0.832134,6.246868,0.407383,1.379204,0.089943,72.184020,179.022636,180.000000,178.045271,1.954729,0.989140
sample2_54h,87,29,32,0,-1,0.562198,404.305556,291.000000,517.611111,226.611111,0.795109,84.234559,74.620181,93.848938,19.228757,0.883838,1.211039,1.136364,1.285714,0.149351,0.889274,0.697621,0.656735,0.738507,0.081772,1.000000,1.000000,1.000000,1.000000,0.000000,1.000000,4.000000,4.000000,4.000000,0.000000,21.982283,1.104366,1.886364,0.608962,0.178908,0.987038,19.646883,21.979584,1.104230,10.957772,0.550506,5.607466,0.281713,83.775729,138.562508,142.125016,135.000000,7.125016,0.949868
sample2_54h,88,29,35,1,8,0.609193,683.638889,517.611111,849.666667,332.055556,0.811037,104.781844,93.848938,115.714751,21.865813,0.938667,1.101515,1.066667,1.136364,0.069697,0.926134,0.767958,0.738507,0.797409,0.058902,1.000000,1.000000,1.000000,1.000000,0.000000,0.666667,5.000000,4.000000,6.000000,2.000000,20.675753,0.796752,1.195122,0.815728,0.086628,1.241473,32.216283,17.610226,0.678620,10.229031,0.394181,3.868270,0.149066,37.529320,173.481042,180.000000,166.962084,13.037916,0.927567
sample2_54h,89,30,34,0,-1,0.301180,468.750000,217.000000,720.500000,503.500000,0.581850,85.676844,63.028823,108.324865,45.296042,0.914286,1.046875,1.000000,1.093750,0.093750,0.889618,0.729007,0.686422,0.771592,0.085170,1.000000,1.000000,1.000000,1.000000,0.000000,0.666667,5.000000,4.000000,6.000000,2.000000,16.747735,0.805702,1.242424,0.724815,0.197333,1.055093,21.931712,14.717902,0.708050,7.841202,0.377225,6.907728,0.332318,23.334388,126.974579,140.110418,113.838740,26.271677,0.812493
sample2_54h,90,31,40,0,-1,0.592582,916.000000,681.666667,1150.333333,468.666667,0.787148,118.794194,104.645625,132.942762,28.297137,0.906620,1.247541,1.186441,1.308642,0.122201,0.956391,0.800074,0.782240,0.817907,0.035668,1.000000,1.000000,1.000000,1.000000,0.000000,1.000000,5.000000,5.000000,5.000000,0.000000,30.274237,1.008716,1.418440,0.649718,0.255277,0.822176,24.675674,25.178846,0.838941,14.898584,0.496410,5.974966,0.199082,66.468600,119.944937,130.108796,109.781077,20.327719,0.843764
sample2_54h,91,31,44,1,14,0.813579,1282.125000,1150.333333,1413.916667,263.583333,0.919881,138.732226,132.942762,144.521690,11.578928,0.993612,1.182651,1.178862,1.186441,0.007579,0.961472,0.834295,0.817907,0.850683,0.032775,1.000000,1.000000,1.000000,1.000000,0.000000,0.714286,6.000000,5.000000,7.000000,2.000000,36.112321,1.009871,1.537037,0.702927,0.219557,0.885893,31.678945,28.352728,0.792877,17.954546,0.502094,3.449655,0.096469,80.152623,147.449119,164.626226,130.272012,34.354214,0.791320
sample2_54h,92,32,38,1,8,0.834608,319.833333,291.000000,348.666667,57.666667,0.890930,79.187790,74.620181,83.755399,9.135218,0.898618,1.358242,1.285714,1.430769,0.145055,0.951052,0.640662,0.624589,0.656735,0.032146,1.000000,1.000000,1.000000,1.000000,0.000000,1.000000,4.000000,4.000000,4.000000,0.000000,12.104542,0.677531,1.021505,0.802768,0.000000,1.631887,29.154759,13.217432,0.739823,6.028698,0.337446,0.356518,0.019955,11.974285,163.154966,180.000000,146.309932,33.690068,0.812833
sample2_54h,93,33,35,0,-1,0.641097,1087.500000,849.666667,1325.333333,475.666667,0.804272,129.794953,115.714751,143.875156,28.160405,0.839111,1.168927,1.066667,1.271186,0.204520,0.991100,0.800989,0.797409,0.804569,0.007160,1.000000,1.000000,1.000000,1.000000,0.000000,1.000000,6.000000,6.000000,6.000000,0.000000,28.473093,0.868689,1.306667,0.710931,0.202146,0.968901,31.757764,23.266202,0.709831,13.853027,0.422644,4.133636,0.126114,46.360099,117.713244,122.926487,112.500000,10.426487,0.915181
sample2_54h,94,33,39,0,-1,0.781229,1180.361111,1035.388889,1325.333333,289.944444,0.890702,136.012509,128.149861,143.875156,15.725295,0.820870,1.157332,1.043478,1.271186,0.227708,0.984722,0.798423,0.792277,0.804569,0.012292,1.000000,1.000000,1.000000,1.000000,0.000000,1.000000,6.000000,6.000000,6.000000,0.000000,29.372231,0.856551,1.393333,0.785317,0.121573,1.132444,38.832976,24.058372,0.701588,14.546630,0.424208,1.951668,0.056914,63.100581,132.503985,146.853004,118.154966,28.698038,0.804580
sample2_54h,95,33,46,0,-1,0.595322,1057.166667,789.000000,1325.333333,536.333333,0.760914,126.675906,109.476656,143.875156,34.398500,0.995763,1.273891,1.271186,1.276596,0.005409,0.972567,0.815916,0.804569,0.827263,0.022694,1.000000,1.000000,1.000000,1.000000,0.000000,1.000000,6.000000,6.000000,6.000000,0.000000,42.013364,1.302856,1.067308,0.509763,0.537601,0.388423,12.525529,32.114375,0.995883,20.676846,0.641199,8.274428,0.256594,70.994778,130.108796,152.608796,107.608796,45.000000,0.705128
sample2_54h,96,33,50,0,-1,0.482897,982.666667,640.000000,1325.333333,685.333333,0.724849,124.081459,104.287761,143.875156,39.587395,0.970116,1.290766,1.271186,1.310345,0.039158,0.919094,0.772022,0.739474,0.804569,0.065095,1.000000,1.000000,1.000000,1.000000,0.000000,0.833333,5.500000,5.000000,6.000000,1.000000,32.524739,1.054229,1.809524,0.644082,0.161465,0.848333,26.172505,26.360451,0.854425,15.924245,0.516155,10.971845,0.355632,66.700282,111.723948,118.771503,104.676393,14.095110,0.881326
sample2_54h,97,34,36,1,6,0.889197,680.583333,640.666667,720.500000,79.833333,0.935966,104.856616,101.388367,108.324865,6.936498,0.896875,1.156631,1.093750,1.219512,0.125762,0.985194,0.777390,0.771592,0.783187,0.011596,1.000000,1.000000,1.000000,1.000000,0.000000,1.000000,6.000000,6.000000,6.000000,0.000000,21.533817,0.825786,1.495238,0.845374,0.019836,1.293652,33.734256,17.947920,0.688273,10.430968,0.400010,0.964897,0.037002,57.669199,180.000000,180.000000,180.000000,0.000000,1.000000
sample2_54h,98,34,41,0,-1,0.904393,758.583333,720.500000,796.666667,76.166667,0.951112,111.108881,108.324865,113.892896,5.568031,0.662879,1.371875,1.093750,1.650000,0.556250,0.999757,0.771686,0.771592,0.771779,0.000188,1.000000,1.000000,1.000000,1.000000,0.000000,1.000000,6.000000,6.000000,6.000000,0.000000,34.915808,1.268111,1.603053,0.481948,0.508624,0.423550,11.661904,25.256761,0.917303,17.236376,0.626010,0.253563,0.009209,79.936797,102.491349,111.037511,93.945186,17.092325,0.846067
sample2_54h,99,34,45,0,-1,0.896137,683.083333,645.666667,720.500000,74.833333,0.907307,103.304375,98.283885,108.324865,10.040980,0.955460,1.119243,1.093750,1.144737,0.050987,0.918616,0.805771,0.771592,0.839950,0.068359,1.000000,1.000000,1.000000,1.000000,0.000000,0.857143,6.500000,6.000000,7.000000,1.000000,27.764521,1.062714,1.885417,0.603884,0.241552,0.727243,19.000000,20.396308,0.780689,13.873203,0.531010,2.525626,0.096671,82.282806,103.011300,127.998732,78.023868,49.974865,0.609568
sample2_54h,100,35,38,0,-1,0.410357,599.166667,348.666667,849.666667,501.000000,0.723809,99.735075,83.755399,115.714751,31.959352,0.745520,1.248718,1.066667,1.430769,0.364103,0.783274,0.710999,0.624589,0.797409,0.172819,1.000000,1.000000,1.000000,1.000000,0.000000,0.666667,5.000000,4.000000,6.000000,2.000000,32.533329,1.360611,1.914286,0.475434,0.784979,0.449574,10.749677,27.643269,1.156098,16.266570,0.680301,7.902264,0.330489,81.436405,132.424615,135.000000,129.849231,5.150769,0.961846
sample2_54h,101,35,42,0,-1,0.625701,1103.805556,849.666667,1357.944444,508.277778,0.809622,129.319577,115.714751,142.924403,27.209652,0.915315,1.116010,1.066667,1.165354,0.098688,0.954557,0.816390,0.797409,0.835370,0.037962,1.000000,1.000000,1.000000,1.000000,0.000000,0.750000,7.000000,6.000000,8.000000,2.000000,43.778799,1.326644,1.162437,0.478874,0.626670,0.271981,8.975275,33.541587,1.016422,21.826008,0.661401,7.351654,0.222780,81.197775,135.890597,146.309932,125.471261,20.838672,0.857572
sample2_54h,102,35,46,0,-1,0.928599,819.333333,789.000000,849.666667,60.666667,0.946091,112.595703,109.476656,115.714751,6.238094,0.835556,1.171631,1.066667,1.276596,0.209929,0.963912,0.812336,0.797409,0.827263,0.029855,1.000000,1.000000,1.000000,1.000000,0.000000,1.000000,6.000000,6.000000,6.000000,0.000000,29.034446,1.014513,1.427536,0.636701,0.306347,0.792355,22.676468,22.710477,0.793543,14.307216,0.499919,1.654002,0.057794,74.876718,140.240499,157.500000,122.980998,34.519002,0.780832
sample2_54h,103,36,39,0,-1,0.618769,838.027778,640.666667,1035.388889,394.722222,0.791170,114.769114,101.388367,128.149861,26.761494,0.855652,1.131495,1.043478,1.219512,0.176034,0.988527,0.787732,0.783187,0.792277,0.009090,1.000000,1.000000,1.000000,1.000000,0.000000,1.000000,6.000000,6.000000,6.000000,0.000000,33.708558,1.172699,1.433824,0.501981,0.577480,0.429695,12.351338,27.313175,0.950208,16.532473,0.575154,7.144238,0.248543,69.199242,96.641263,112.500000,80.782526,31.717474,0.718067
sample2_54h,104,36,43,0,-1,0.608164,847.055556,640.666667,1053.444444,412.777778,0.805767,113.608373,101.388367,125.828379,24.440012,0.973643,1.236019,1.219512,1.252525,0.033013,0.936702,0.809650,0.783187,0.836112,0.052924,1.000000,1.000000,1.000000,1.000000,0.000000,1.000000,6.000000,6.000000,6.000000,0.000000,31.451701,1.088893,1.700855,0.638137,0.162852,0.771481,22.283527,23.943481,0.828950,15.634452,0.541282,7.032575,0.243476,76.198415,113.274079,135.000000,91.548158,43.451842,0.678135
sample2_54h,105,36,45,0,-1,0.992256,643.166667,640.666667,645.666667,5.000000,0.969380,99.836126,98.283885,101.388367,3.104482,0.938684,1.182125,1.144737,1.219512,0.074775,0.932421,0.811569,0.783187,0.839950,0.056763,1.000000,1.000000,1.000000,1.000000,0.000000,0.857143,6.500000,6.000000,7.000000,1.000000,35.226749,1.389030,1.181208,0.458948,0.888054,0.236587,6.000000,27.027620,1.065729,16.060991,0.633303,2.156057,0.085016,51.071608,90.000000,90.000000,90.000000,0.000000,1.000000
sample2_54h,106,37,41,1,8,0.438075,572.833333,349.000000,796.666667,447.666667,0.680222,95.682662,77.472428,113.892896,36.420468,0.772947,1.462681,1.275362,1.650000,0.374638,0.946777,0.751241,0.730703,0.771779,0.041076,1.000000,1.000000,1.000000,1.000000,0.000000,0.666667,5.000000,4.000000,6.000000,2.000000,22.478810,0.958445,1.184000,0.726532,0.090195,1.078658,25.298221,20.195040,0.861070,10.332901,0.440571,6.635212,0.282910,44.977444,180.000000,180.000000,180.000000,0.000000,1.000000
sample2_54h,107,38,42,0,-1,0.256761,853.305556,348.666667,1357.944444,1009.277778,0.586012,113.339901,83.755399,142.924403,59.169004,0.814495,1.298062,1.165354,1.430769,0.265415,0.747680,0.729980,0.624589,0.835370,0.210781,1.000000,1.000000,1.000000,1.000000,0.000000,0.500000,6.000000,4.000000,8.000000,4.000000,24.259869,0.873869,1.448819,0.794686,0.080471,1.123927,31.201852,22.674606,0.816766,12.126895,0.436825,13.555314,0.488278,87.153787,148.691753,151.073574,146.309932,4.763642,0.968468
sample2_54h,108,39,43,0,-1,0.982860,1044.416667,1035.388889,1053.444444,18.055556,0.981885,126.989120,125.828379,128.149861,2.321482,0.833100,1.148002,1.043478,1.252525,0.209047,0.947573,0.814194,0.792277,0.836112,0.043835,1.000000,1.000000,1.000000,1.000000,0.000000,1.000000,6.000000,6.000000,6.000000,0.000000,32.595171,1.008603,1.033898,0.534639,0.463736,0.501286,16.200137,27.808872,0.860499,16.218056,0.501841,0.545026,0.016865,86.696138,104.077483,118.154966,90.000000,28.154966,0.761712
sample2_54h,109,39,48,0,-1,0.774605,1186.027778,1035.388889,1336.666667,301.277778,0.851038,139.365302,128.149861,150.580742,22.430881,0.712020,1.254498,1.043478,1.465517,0.422039,0.935012,0.766533,0.740788,0.792277,0.051489,1.000000,1.000000,1.000000,1.000000,0.000000,0.857143,6.500000,6.000000,7.000000,1.000000,41.850699,1.217689,1.848276,0.577134,0.191489,0.748748,25.733679,30.508361,0.887672,18.614377,0.541604,5.756192,0.167482,55.700061,119.154075,143.909444,94.398705,49.510739,0.655959
sample2_54h,110,39,50,0,-1,0.618125,837.694444,640.000000,1035.388889,395.388889,0.813795,116.218811,104.287761,128.149861,23.862100,0.796339,1.176912,1.043478,1.310345,0.266867,0.933353,0.765876,0.739474,0.792277,0.052803,1.000000,1.000000,1.000000,1.000000,0.000000,0.833333,5.500000,5.000000,6.000000,1.000000,44.254775,1.539948,1.079602,0.421499,0.924760,0.155618,4.472136,34.782316,1.210332,21.589131,0.751244,8.692256,0.302467,62.637178,124.598436,135.698307,113.498566,22.199741,0.836404
sample2_54h,111,40,42,0,-1,0.501984,1019.805556,681.666667,1357.944444,676.277778,0.732175,123.785014,104.645625,142.924403,38.278777,0.890507,1.236998,1.165354,1.308642,0.143288,0.936398,0.808805,0.782240,0.835370,0.053131,1.000000,1.000000,1.000000,1.000000,0.000000,0.625000,6.500000,5.000000,8.000000,3.000000,34.411832,1.093150,1.458599,0.580408,0.428894,0.594489,18.714225,28.367076,0.901128,16.185819,0.514170,5.968651,0.189604,76.377719,106.845034,123.690068,90.000000,33.690068,0.727625
sample2_54h,112,40,44,0,-1,0.482112,1047.791667,681.666667,1413.916667,732.250000,0.724082,124.583658,104.645625,144.521690,39.876065,0.900828,1.243752,1.178862,1.308642,0.129780,0.919543,0.816461,0.782240,0.850683,0.068443,1.000000,1.000000,1.000000,1.000000,0.000000,0.714286,6.000000,5.000000,7.000000,2.000000,41.273459,1.295650,1.174603,0.474542,0.728357,0.213423,6.798693,34.399923,1.079877,20.120247,0.631612,7.166270,0.224962,70.371682,96.591316,111.532255,81.650378,29.881877,0.732079
sample2_54h,113,40,49,1,14,0.863051,735.750000,681.666667,789.833333,108.166667,0.925820,108.837926,104.645625,113.030227,8.384602,0.973383,1.291226,1.273810,1.308642,0.034832,0.993153,0.779562,0.776884,0.782240,0.005356,1.000000,1.000000,1.000000,1.000000,0.000000,1.000000,5.000000,5.000000,5.000000,0.000000,22.257690,0.821124,1.459459,0.825729,0.024163,1.254861,34.014703,20.223255,0.746070,11.124802,0.410413,1.399440,0.051628,69.666256,175.490339,180.000000,170.980678,9.019322,0.949893
sample2_54h,114,41,45,0,-1,0.810460,721.166667,645.666667,796.666667,151.000000,0.862950,106.088391,98.283885,113.892896,15.609011,0.693780,1.397368,1.144737,1.650000,0.505263,0.918839,0.805865,0.771779,0.839950,0.068171,1.000000,1.000000,1.000000,1.000000,0.000000,0.857143,6.500000,6.000000,7.000000,1.000000,37.436537,1.395967,1.607692,0.483548,0.626300,0.346250,9.285592,25.111737,0.936389,18.668323,0.696121,4.799883,0.178982,89.922136,104.077483,118.154966,90.000000,28.154966,0.761712
sample2_54h,115,41,47,0,-1,0.877197,747.750000,698.833333,796.666667,97.833333,0.994088,113.556200,113.219505,113.892896,0.673391,0.900000,1.741667,1.650000,1.833333,0.183333,0.887662,0.728430,0.685080,0.771779,0.086700,1.000000,1.000000,1.000000,1.000000,0.000000,0.833333,5.500000,5.000000,6.000000,1.000000,19.434667,0.711102,1.045455,0.800847,0.128385,1.352431,36.962443,17.018836,0.622708,9.712208,0.355363,1.033524,0.037816,27.020492,162.391204,180.000000,144.782407,35.217593,0.804347
sample2_54h,116,42,46,0,-1,0.581025,1073.472222,789.000000,1357.944444,568.944444,0.765976,126.200529,109.476656,142.924403,33.447746,0.912861,1.220975,1.165354,1.276596,0.111241,0.990295,0.831317,0.827263,0.835370,0.008107,1.000000,1.000000,1.000000,1.000000,0.000000,0.750000,7.000000,6.000000,8.000000,2.000000,34.760604,1.070554,1.425676,0.607234,0.374020,0.640863,20.808652,28.160506,0.867285,16.337461,0.503160,5.353217,0.164868,67.653232,108.384310,113.486094,103.282526,10.203568,0.910090
sample2_54h,117,42,49,0,-1,0.581639,1073.888889,789.833333,1357.944444,568.111111,0.790839,127.977315,113.030227,142.924403,29.894176,0.914858,1.219582,1.165354,1.273810,0.108455,0.929987,0.806127,0.776884,0.835370,0.058487,1.000000,1.000000,1.000000,1.000000,0.000000,0.625000,6.500000,5.000000,8.000000,3.000000,36.710612,1.130353,1.470588,0.545399,0.467046,0.515741,16.749793,29.734288,0.915545,17.743200,0.546329,3.745184,0.115318,72.545305,98.422517,106.845034,90.000000,16.845034,0.842341
sample2_54h,118,42,52,0,-1,0.953647,1326.472222,1295.000000,1357.944444,62.944444,0.949391,139.307774,135.691146,142.924403,7.233257,0.871110,1.090253,1.015152,1.165354,0.150203,0.945154,0.859608,0.835370,0.883846,0.048476,1.000000,1.000000,1.000000,1.000000,0.000000,0.875000,7.500000,7.000000,8.000000,1.000000,37.858244,1.039542,1.410714,0.610766,0.301133,0.617603,22.491974,29.192245,0.801584,18.100563,0.497020,0.056426,0.001549,72.381439,110.623107,135.000000,86.246214,48.753786,0.638861
sample2_54h,119,42,54,0,-1,0.630283,1106.916667,855.888889,1357.944444,502.055556,0.805382,129.016595,115.108786,142.924403,27.815616,0.920532,1.215656,1.165354,1.265957,0.100603,0.971698,0.823549,0.811728,0.835370,0.023643,1.000000,1.000000,1.000000,1.000000,0.000000,0.625000,6.500000,5.000000,8.000000,3.000000,41.853987,1.266271,1.043478,0.518801,0.625311,0.400356,13.232955,32.496891,0.983177,20.807726,0.629527,7.641365,0.231186,87.344981,115.022648,125.471261,104.574036,20.897225,0.833450
sample2_54h,120,43,45,1,2,0.612910,849.555556,645.666667,1053.444444,407.777778,0.781095,112.056132,98.283885,125.828379,27.544494,0.913943,1.198631,1.144737,1.252525,0.107788,0.995430,0.838031,0.836112,0.839950,0.003839,1.000000,1.000000,1.000000,1.000000,0.000000,0.857143,6.500000,6.000000,7.000000,1.000000,29.111347,1.006151,1.483871,0.699106,0.202459,0.852844,24.675674,22.596446,0.780982,14.505601,0.501345,4.960502,0.171446,82.209162,160.215320,162.391204,158.039436,4.351768,0.973202
sample2_54h,121,43,48,0,-1,0.788113,1195.055556,1053.444444,1336.666667,283.222222,0.835621,138.204561,125.828379,150.580742,24.752363,0.854664,1.359021,1.252525,1.465517,0.212992,0.885992,0.788450,0.740788,0.836112,0.095323,1.000000,1.000000,1.000000,1.000000,0.000000,0.857143,6.500000,6.000000,7.000000,1.000000,37.167711,1.077056,1.009662,0.623434,0.350239,0.824679,28.458547,28.089977,0.813999,14.973860,0.433916,1.954545,0.056639,42.472251,128.188879,130.287203,126.090556,4.196647,0.967789
sample2_54h,122,43,56,0,-1,0.483810,781.555556,509.666667,1053.444444,543.777778,0.706470,107.361157,88.893936,125.828379,36.934444,0.925780,1.302733,1.252525,1.352941,0.100416,0.969365,0.823305,0.810498,0.836112,0.025614,1.000000,1.000000,1.000000,1.000000,0.000000,0.833333,5.500000,5.000000,6.000000,1.000000,30.164306,1.096234,1.056962,0.541363,0.561700,0.440458,12.119773,26.025178,0.945809,14.613756,0.531094,7.991836,0.290440,77.851970,96.375013,102.750027,90.000000,12.750027,0.875912
sample2_54h,123,43,58,0,-1,0.803554,949.972222,846.500000,1053.444444,206.944444,0.888415,118.808079,111.787778,125.828379,14.040601,0.942097,1.216263,1.180000,1.252525,0.072525,0.982237,0.843672,0.836112,0.851232,0.015121,1.000000,1.000000,1.000000,1.000000,0.000000,1.000000,6.000000,6.000000,6.000000,0.000000,33.376354,1.084502,1.730159,0.638090,0.219948,0.717797,22.090722,25.882039,0.840988,16.048091,0.521453,3.379017,0.109795,76.062480,126.702772,163.405544,90.000000,73.405544,0.550777
sample2_54h,124,44,49,0,-1,0.558614,1101.875000,789.833333,1413.916667,624.083333,0.782099,128.775959,113.030227,144.521690,31.491463,0.925462,1.226336,1.178862,1.273810,0.094948,0.913248,0.813783,0.776884,0.850683,0.073799,1.000000,1.000000,1.000000,1.000000,0.000000,0.714286,6.000000,5.000000,7.000000,2.000000,34.529281,1.051023,1.565517,0.643111,0.162148,0.761573,25.019992,26.597372,0.809587,17.200768,0.523567,6.237529,0.189862,88.031602,112.732905,122.471192,102.994617,19.476575,0.840970
sample2_54h,125,44,51,0,-1,0.454235,1028.083333,642.250000,1413.916667,771.666667,0.727993,124.866259,105.210829,144.521690,39.310861,0.839737,1.291354,1.178862,1.403846,0.224984,0.857088,0.789896,0.729110,0.850683,0.121573,1.000000,1.000000,1.000000,1.000000,0.000000,0.571429,5.500000,4.000000,7.000000,3.000000,31.317170,0.995069,1.365517,0.663048,0.311745,0.831299,26.162951,27.708025,0.880392,15.474029,0.491670,7.489837,0.237981,80.899853,112.868878,118.892721,106.845034,12.047688,0.898668
sample2_54h,126,44,57,0,-1,0.743679,1232.708333,1051.500000,1413.916667,362.416667,0.887185,136.369598,128.217506,144.521690,16.304184,0.894129,1.116458,1.054054,1.178862,0.124808,0.944837,0.827220,0.803756,0.850683,0.046926,1.000000,1.000000,1.000000,1.000000,0.000000,0.857143,6.500000,6.000000,7.000000,1.000000,37.370827,1.067297,1.383648,0.645536,0.257495,0.766335,26.832816,27.002570,0.771183,18.568679,0.530315,5.606674,0.160125,88.041632,131.109511,138.964655,123.254367,15.710288,0.886948
sample2_54h,127,44,59,0,-1,0.884069,1331.958333,1250.000000,1413.916667,163.916667,0.955366,141.296419,138.071149,144.521690,6.450541,0.991491,1.173846,1.168831,1.178862,0.010031,0.968604,0.837329,0.823975,0.850683,0.026708,1.000000,1.000000,1.000000,1.000000,0.000000,1.000000,7.000000,7.000000,7.000000,0.000000,42.981323,1.178258,1.135266,0.486393,0.619451,0.277538,10.124228,35.297229,0.967612,21.304354,0.584022,0.524506,0.014378,75.764642,93.471324,115.493061,71.449588,44.043473,0.618648
sample2_54h,128,45,47,0,-1,0.923921,672.250000,645.666667,698.833333,53.166667,0.868083,105.751695,98.283885,113.219505,14.935620,0.624402,1.489035,1.144737,1.833333,0.688596,0.815619,0.762515,0.685080,0.839950,0.154871,1.000000,1.000000,1.000000,1.000000,0.000000,0.714286,6.000000,5.000000,7.000000,2.000000,37.086810,1.430669,2.488095,0.459842,0.508739,0.382318,9.910712,27.089264,1.045001,17.949326,0.692417,5.088434,0.196293,79.248189,100.451683,110.903366,90.000000,20.903366,0.811517
sample2_54h,129,45,53,0,-1,0.562836,896.416667,645.666667,1147.166667,501.500000,0.750439,114.626160,98.283885,130.968435,32.684549,0.962620,1.166963,1.144737,1.189189,0.044452,0.999426,0.840192,0.839950,0.840433,0.000483,1.000000,1.000000,1.000000,1.000000,0.000000,0.875000,7.500000,7.000000,8.000000,1.000000,34.835459,1.175289,1.139394,0.505479,0.604258,0.305927,9.067647,27.594810,0.931002,17.232345,0.581390,8.642553,0.291585,85.780050,81.860450,85.470183,78.250717,7.219466,0.915532
sample2_54h,130,45,56,0,-1,0.789365,577.666667,509.666667,645.666667,136.000000,0.904461,93.588910,88.893936,98.283885,9.389950,0.846110,1.248839,1.144737,1.352941,0.208204,0.964935,0.825224,0.810498,0.839950,0.029453,1.000000,1.000000,1.000000,1.000000,0.000000,0.714286,6.000000,5.000000,7.000000,2.000000,23.837973,0.993543,1.203390,0.676558,0.296018,0.847929,20.344259,19.359503,0.806885,11.440453,0.476827,2.896827,0.120737,65.067633,128.646008,149.683220,107.608796,42.074423,0.718910
sample2_54h,131,46,50,0,-1,0.811153,714.500000,640.000000,789.000000,149.000000,0.952603,106.882209,104.287761,109.476656,5.188895,0.974244,1.293470,1.276596,1.310345,0.033749,0.893880,0.783369,0.739474,0.827263,0.087789,1.000000,1.000000,1.000000,1.000000,0.000000,0.833333,5.500000,5.000000,6.000000,1.000000,32.018226,1.199468,1.842105,0.515939,0.441334,0.509539,13.601471,24.585762,0.921033,14.830216,0.555570,1.026526,0.038456,59.168588,94.090115,98.180230,90.000000,8.180230,0.916681
sample2_54h,132,46,52,1,8,0.609266,1042.000000,789.000000,1295.000000,506.000000,0.806808,122.583901,109.476656,135.691146,26.214489,0.795202,1.145874,1.015152,1.276596,0.261444,0.935981,0.855555,0.827263,0.883846,0.056583,1.000000,1.000000,1.000000,1.000000,0.000000,0.857143,6.500000,6.000000,7.000000,1.000000,32.044932,1.000228,1.033898,0.753952,0.147313,0.917598,29.397657,26.065104,0.813578,15.896609,0.496186,6.308592,0.196912,75.834673,161.158147,170.471261,151.845034,18.626227,0.890737
sample2_54h,133,46,55,0,-1,0.837876,865.333333,789.000000,941.666667,152.666667,0.908263,115.005345,109.476656,120.534034,11.057378,0.979167,1.263298,1.250000,1.276596,0.026596,0.984564,0.820879,0.814494,0.827263,0.012770,1.000000,1.000000,1.000000,1.000000,0.000000,1.000000,6.000000,6.000000,6.000000,0.000000,35.621048,1.212101,1.152542,0.497521,0.554507,0.356163,10.466879,27.123348,0.922944,16.562709,0.563590,3.613263,0.122951,69.467733,98.804398,107.608796,90.000000,17.608796,0.836363
sample2_54h,134,47,53,1,8,0.609182,923.000000,698.833333,1147.166667,448.333333,0.864479,122.093970,113.219505,130.968435,17.748930,0.648649,1.511261,1.189189,1.833333,0.644144,0.815151,0.762756,0.685080,0.840433,0.155354,1.000000,1.000000,1.000000,1.000000,0.000000,0.625000,6.500000,5.000000,8.000000,3.000000,24.330959,0.806926,1.000000,0.826497,0.044059,1.271117,38.327536,18.980808,0.629491,11.774073,0.390482,5.637318,0.186959,41.489253,144.582064,163.626451,125.537678,38.088773,0.767221
sample2_54h,135,48,50,0,-1,0.478803,988.333333,640.000000,1336.666667,696.666667,0.692570,127.434252,104.287761,150.580742,46.292981,0.894118,1.387931,1.310345,1.465517,0.155172,0.998226,0.740131,0.739474,0.740788,0.001314,1.000000,1.000000,1.000000,1.000000,0.000000,0.714286,6.000000,5.000000,7.000000,2.000000,26.756383,0.865081,1.105882,0.642921,0.225801,0.942625,29.154759,23.041666,0.744978,13.373023,0.432373,5.546894,0.179341,71.790749,113.438939,136.877877,90.000000,46.877877,0.657520
sample2_54h,136,48,55,0,-1,0.704489,1139.166667,941.666667,1336.666667,395.000000,0.800461,135.557388,120.534034,150.580742,30.046708,0.852941,1.357759,1.250000,1.465517,0.215517,0.909508,0.777641,0.740788,0.814494,0.073705,1.000000,1.000000,1.000000,1.000000,0.000000,0.857143,6.500000,6.000000,7.000000,1.000000,39.368567,1.170864,1.113990,0.457229,0.665838,0.310506,10.440307,31.981507,0.951165,17.943248,0.533652,1.945220,0.057853,52.058913,84.987675,88.214344,81.761006,6.453338,0.926845
sample2_54h,137,48,58,0,-1,0.633292,1091.583333,846.500000,1336.666667,490.166667,0.742378,131.184260,111.787778,150.580742,38.792964,0.805176,1.322759,1.180000,1.465517,0.285517,0.870254,0.796010,0.740788,0.851232,0.110444,1.000000,1.000000,1.000000,1.000000,0.000000,0.857143,6.500000,6.000000,7.000000,1.000000,28.998827,0.883368,1.111732,0.594444,0.361402,0.724078,23.769729,25.742696,0.784179,14.427482,0.439493,2.894203,0.088164,77.224500,86.308489,107.152422,65.464556,41.687866,0.610948
sample2_54h,138,48,64,1,14,0.958011,1308.604167,1280.541667,1336.666667,56.125000,0.920027,144.559568,138.538394,150.580742,12.042348,0.788144,1.310278,1.155039,1.465517,0.310478,0.883549,0.789606,0.740788,0.838423,0.097635,1.000000,1.000000,1.000000,1.000000,0.000000,0.875000,7.500000,7.000000,8.000000,1.000000,47.196948,1.304772,1.540984,0.566328,0.149937,0.665340,24.067036,33.239234,0.918908,23.570560,0.651614,1.397161,0.038625,88.316773,167.021765,180.000000,154.043531,25.956469,0.855797
sample2_54h,139,48,67,0,-1,0.759040,1175.625000,1014.583333,1336.666667,322.083333,0.818974,136.951256,123.321770,150.580742,27.258972,0.732281,1.269344,1.073171,1.465517,0.392347,0.883641,0.789562,0.740788,0.838336,0.097548,1.000000,1.000000,1.000000,1.000000,0.000000,1.000000,7.000000,7.000000,7.000000,0.000000,45.676812,1.335326,1.684524,0.450885,0.762644,0.261842,8.956686,33.051997,0.966249,21.830419,0.638195,2.410144,0.070459,63.362391,103.155972,107.344445,98.967499,8.376946,0.921962
sample2_54h,140,49,54,0,-1,0.922822,822.861111,789.833333,855.888889,66.055556,0.981943,114.069507,113.030227,115.108786,2.078559,0.993836,1.269883,1.265957,1.273810,0.007852,0.957075,0.794306,0.776884,0.811728,0.034844,1.000000,1.000000,1.000000,1.000000,0.000000,1.000000,5.000000,5.000000,5.000000,0.000000,23.983566,0.836254,1.072993,0.756783,0.143537,1.095364,31.414788,18.838310,0.656850,11.904381,0.415079,0.853246,0.029751,46.100312,137.199353,139.398705,135.000000,4.398705,0.968445
sample2_54h,141,49,57,0,-1,0.751149,920.666667,789.833333,1051.500000,261.666667,0.881551,120.623867,113.030227,128.217506,15.187279,0.827482,1.163932,1.054054,1.273810,0.219755,0.966566,0.790320,0.776884,0.803756,0.026873,1.000000,1.000000,1.000000,1.000000,0.000000,0.833333,5.500000,5.000000,6.000000,1.000000,39.861002,1.317048,1.005405,0.438987,0.870022,0.192661,5.830952,31.664566,1.046230,19.926881,0.658405,3.878177,0.128139,79.664618,102.083795,108.773434,95.394156,13.379279,0.876999
sample2_54h,142,50,55,1,6,0.679646,790.833333,640.000000,941.666667,301.666667,0.865214,112.410898,104.287761,120.534034,16.246273,0.953947,1.280172,1.250000,1.310345,0.060345,0.907895,0.776984,0.739474,0.814494,0.075019,1.000000,1.000000,1.000000,1.000000,0.000000,0.833333,5.500000,5.000000,6.000000,1.000000,26.364291,0.941837,1.255319,0.747642,0.020232,1.103403,30.886890,22.037819,0.787279,13.181893,0.470910,4.211644,0.150457,84.488155,165.318787,178.792539,151.845034,26.947506,0.849281
sample2_54h,143,51,59,1,8,0.513800,946.125000,642.250000,1250.000000,607.750000,0.762004,121.640989,105.210829,138.071149,32.860320,0.832592,1.286339,1.168831,1.403846,0.235015,0.884869,0.776542,0.729110,0.823975,0.094865,1.000000,1.000000,1.000000,1.000000,0.000000,0.571429,5.500000,4.000000,7.000000,3.000000,25.397652,0.836853,1.377778,0.821720,0.033558,1.205493,36.585516,21.646116,0.713240,12.643620,0.416608,6.786884,0.223628,53.301490,171.577483,180.000000,163.154966,16.845034,0.906416
sample2_54h,144,52,54,0,-1,0.660918,1075.444444,855.888889,1295.000000,439.111111,0.848315,125.399966,115.108786,135.691146,20.582359,0.801884,1.140554,1.015152,1.265957,0.250806,0.918404,0.847787,0.811728,0.883846,0.072118,1.000000,1.000000,1.000000,1.000000,0.000000,0.714286,6.000000,5.000000,7.000000,2.000000,38.349962,1.175628,1.878788,0.572410,0.360110,0.513469,16.749793,29.503669,0.904442,19.104753,0.585661,5.062750,0.155200,85.826314,111.080081,123.250717,98.909444,24.341273,0.802506
sample2_54h,145,52,55,0,-1,0.727156,1118.333333,941.666667,1295.000000,353.333333,0.888297,128.112590,120.534034,135.691146,15.157112,0.812121,1.132576,1.015152,1.250000,0.234848,0.921533,0.849170,0.814494,0.883846,0.069352,1.000000,1.000000,1.000000,1.000000,0.000000,0.857143,6.500000,6.000000,7.000000,1.000000,37.451636,1.123447,1.529412,0.567906,0.483607,0.506314,16.878652,29.673252,0.890117,18.718141,0.561493,6.116420,0.183476,84.060615,102.119337,106.184645,98.054028,8.130617,0.923429
sample2_54h,146,52,62,0,-1,0.835264,1188.333333,1081.666667,1295.000000,213.333333,0.925646,130.646552,125.601959,135.691146,10.089187,0.830579,1.118687,1.015152,1.222222,0.207071,0.974841,0.872728,0.861610,0.883846,0.022237,1.000000,1.000000,1.000000,1.000000,0.000000,0.857143,6.500000,6.000000,7.000000,1.000000,40.439662,1.174295,1.129353,0.592454,0.385835,0.533861,18.384776,29.382030,0.853201,20.115166,0.584108,2.887832,0.083857,76.369618,124.029608,146.309932,101.749283,44.560650,0.695437
sample2_54h,147,52,63,0,-1,0.546032,1001.055556,707.111111,1295.000000,587.888889,0.765930,119.810501,103.929857,135.691146,31.761289,0.939252,1.047980,1.015152,1.080808,0.065657,0.930765,0.853250,0.822653,0.883846,0.061193,1.000000,1.000000,1.000000,1.000000,0.000000,0.714286,6.000000,5.000000,7.000000,2.000000,33.211082,1.061436,1.149425,0.616317,0.357623,0.600479,18.788294,26.765029,0.855418,16.294894,0.520789,5.232934,0.167246,72.845440,103.928281,117.856562,90.000000,27.856562,0.763640
sample2_54h,148,52,68,0,-1,0.476319,955.916667,616.833333,1295.000000,678.166667,0.717982,116.557468,97.423791,135.691146,38.267355,0.860462,1.097463,1.015152,1.179775,0.164624,0.923998,0.850259,0.816672,0.883846,0.067174,1.000000,1.000000,1.000000,1.000000,0.000000,0.714286,6.000000,5.000000,7.000000,2.000000,35.116476,1.154725,1.656716,0.560063,0.448261,0.427475,13.000000,27.151221,0.892806,16.059102,0.528067,6.614745,0.217511,64.369186,94.483750,94.594418,94.373081,0.221337,0.997660
sample2_54h,149,53,56,0,-1,0.444283,828.416667,509.666667,1147.166667,637.500000,0.678743,109.931185,88.893936,130.968435,42.074499,0.878966,1.271065,1.189189,1.352941,0.163752,0.964381,0.825465,0.810498,0.840433,0.029935,1.000000,1.000000,1.000000,1.000000,0.000000,0.625000,6.500000,5.000000,8.000000,3.000000,32.370192,1.146951,1.972973,0.599474,0.257922,0.593484,16.749793,26.341616,0.933344,16.167621,0.572856,9.001815,0.318955,86.898963,121.152231,124.149496,118.154966,5.994530,0.951715
sample2_54h,150,53,60,0,-1,0.604097,920.083333,693.000000,1147.166667,454.166667,0.801151,117.946938,104.925442,130.968435,26.042993,0.868625,1.279118,1.189189,1.369048,0.179858,0.941192,0.815721,0.791009,0.840433,0.049424,1.000000,1.000000,1.000000,1.000000,0.000000,0.750000,7.000000,6.000000,8.000000,2.000000,37.184471,1.235472,1.074866,0.524889,0.552003,0.431931,13.000000,28.264602,0.939105,17.926396,0.595613,6.709761,0.222935,81.284633,112.293558,113.498566,111.088549,2.410016,0.978766
sample2_54h,151,53,61,0,-1,0.263257,724.583333,302.000000,1147.166667,845.166667,0.557994,102.024044,73.079653,130.968435,57.888781,0.948137,1.221713,1.189189,1.254237,0.065048,0.845514,0.775515,0.710598,0.840433,0.129835,1.000000,1.000000,1.000000,1.000000,0.000000,0.625000,6.500000,5.000000,8.000000,3.000000,20.856679,0.813951,1.045455,0.806143,0.096607,1.048790,26.874192,17.764728,0.693285,10.427707,0.406951,10.433434,0.407174,47.042131,120.196772,150.393544,90.000000,60.393544,0.598430
sample2_54h,152,53,66,0,-1,0.972057,1131.138889,1115.111111,1147.166667,32.055556,0.995872,130.698107,130.427780,130.968435,0.540655,0.961844,1.212776,1.189189,1.236364,0.047174,0.980132,0.832084,0.823736,0.840433,0.016697,0.976360,0.988180,0.976360,1.000000,0.023640,1.000000,8.000000,8.000000,8.000000,0.000000,43.791979,1.302110,1.544304,0.480312,0.590801,0.269253,9.055385,30.638033,0.910990,21.862761,0.650067,2.367702,0.070401,81.542430,107.538916,120.127559,94.950272,25.177287,0.790412
sample2_54h,153,54,57,0,-1,0.813969,953.694444,855.888889,1051.500000,195.611111,0.897762,121.663146,115.108786,128.217506,13.108720,0.832614,1.160006,1.054054,1.265957,0.211903,0.990180,0.807742,0.803756,0.811728,0.007971,1.000000,1.000000,1.000000,1.000000,0.000000,0.833333,5.500000,5.000000,6.000000,1.000000,34.326227,1.112999,1.616541,0.604931,0.285032,0.717739,22.135944,27.169764,0.880956,17.153139,0.556176,0.899314,0.029160,88.407142,118.720533,129.832270,107.608796,22.223473,0.828829
sample2_54h,154,54,62,1,6,0.791269,968.777778,855.888889,1081.666667,225.777778,0.916457,120.355373,115.108786,125.601959,10.493172,0.965453,1.244090,1.222222,1.265957,0.043735,0.942106,0.836669,0.811728,0.861610,0.049882,1.000000,1.000000,1.000000,1.000000,0.000000,0.833333,5.500000,5.000000,6.000000,1.000000,27.001781,0.869003,1.202614,0.772277,0.169974,1.016194,31.575307,22.552945,0.725825,13.467071,0.433413,2.680276,0.086260,88.923866,148.695602,162.391204,135.000000,27.391204,0.831326
sample2_54h,155,55,63,0,-1,0.750914,824.388889,707.111111,941.666667,234.555556,0.862245,112.231946,103.929857,120.534034,16.604177,0.864646,1.165404,1.080808,1.250000,0.169192,0.990081,0.818573,0.814494,0.822653,0.008160,1.000000,1.000000,1.000000,1.000000,0.000000,0.833333,5.500000,5.000000,6.000000,1.000000,28.024190,0.978530,1.144654,0.690369,0.198531,0.894320,25.612497,23.096041,0.806452,13.665686,0.477169,3.490828,0.121890,67.483429,149.682004,168.522045,130.841963,37.680082,0.776409
sample2_54h,156,55,64,0,-1,0.735366,1111.104167,941.666667,1280.541667,338.875000,0.870041,129.536214,120.534034,138.538394,18.004360,0.924031,1.202519,1.155039,1.250000,0.094961,0.971459,0.826458,0.814494,0.838423,0.023930,1.000000,1.000000,1.000000,1.000000,0.000000,0.750000,7.000000,6.000000,8.000000,2.000000,33.180706,0.998348,1.391304,0.654395,0.227251,0.789779,26.248809,25.659133,0.772037,15.351921,0.461912,2.514682,0.075662,56.310426,108.291014,112.453610,104.128418,8.325192,0.925968
sample2_54h,157,56,58,1,4,0.602087,678.083333,509.666667,846.500000,336.833333,0.795203,100.340857,88.893936,111.787778,22.893843,0.872174,1.266471,1.180000,1.352941,0.172941,0.952146,0.830865,0.810498,0.851232,0.040735,1.000000,1.000000,1.000000,1.000000,0.000000,0.833333,5.500000,5.000000,6.000000,1.000000,30.230553,1.170129,1.554622,0.633560,0.248003,0.709742,18.336363,22.150061,0.857359,15.076330,0.583557,6.034798,0.233588,86.395611,148.750627,151.845034,145.656219,6.188814,0.959243
sample2_54h,158,56,60,0,-1,0.735450,601.333333,509.666667,693.000000,183.333333,0.847210,96.909689,88.893936,104.925442,16.031506,0.988235,1.360994,1.352941,1.369048,0.016106,0.975955,0.800753,0.791009,0.810498,0.019489,1.000000,1.000000,1.000000,1.000000,0.000000,0.833333,5.500000,5.000000,6.000000,1.000000,24.799077,1.014263,1.637255,0.661672,0.191796,0.872943,21.343747,19.687909,0.805220,12.294323,0.502828,3.974500,0.162554,77.752434,123.009726,134.236237,111.783215,22.453023,0.832735
sample2_54h,159,57,59,0,-1,0.841200,1150.750000,1051.500000,1250.000000,198.500000,0.928634,133.144328,128.217506,138.071149,9.853643,0.901802,1.111443,1.054054,1.168831,0.114777,0.975462,0.813866,0.803756,0.823975,0.020218,1.000000,1.000000,1.000000,1.000000,0.000000,0.857143,6.500000,6.000000,7.000000,1.000000,38.701788,1.141946,1.928571,0.577111,0.301977,0.625923,21.213203,31.330110,0.924435,19.203893,0.566635,2.090289,0.061677,82.503753,104.769391,113.198591,96.340192,16.858399,0.851072
sample2_54h,160,57,62,0,-1,0.972111,1066.583333,1051.500000,1081.666667,30.166667,0.979601,126.909733,125.601959,128.217506,2.615547,0.862408,1.138138,1.054054,1.222222,0.168168,0.932855,0.832683,0.803756,0.861610,0.057853,1.000000,1.000000,1.000000,1.000000,0.000000,1.000000,6.000000,6.000000,6.000000,0.000000,41.637015,1.274950,1.537037,0.516479,0.627705,0.398068,13.000000,32.558442,0.996958,19.733716,0.604258,1.581417,0.048424,70.303257,99.548846,105.698031,93.399661,12.298371,0.883646
sample2_54h,161,57,70,1,14,0.546691,1487.444444,1051.500000,1923.388889,871.888889,0.759460,148.522347,128.217506,168.827187,40.609681,0.842032,1.152926,1.054054,1.251799,0.197745,0.947834,0.825875,0.803756,0.847993,0.044236,1.000000,1.000000,1.000000,1.000000,0.000000,0.750000,7.000000,6.000000,8.000000,2.000000,34.001444,0.891452,1.367816,0.782058,0.115635,1.027868,39.204592,28.537881,0.748208,16.745153,0.439025,7.286898,0.191048,72.293061,165.922517,180.000000,151.845034,28.154966,0.843584
sample2_54h,162,58,60,0,-1,0.818665,769.750000,693.000000,846.500000,153.500000,0.938613,108.356610,104.925442,111.787778,6.862337,0.861913,1.274524,1.180000,1.369048,0.189048,0.929252,0.821121,0.791009,0.851232,0.060223,1.000000,1.000000,1.000000,1.000000,0.000000,1.000000,6.000000,6.000000,6.000000,0.000000,33.432173,1.206512,1.317568,0.440248,0.633756,0.127875,3.543382,27.670854,0.998595,17.044262,0.615099,1.247687,0.045027,69.169636,72.644974,83.444914,61.845034,21.599880,0.741148
sample2_54h,163,58,65,0,-1,0.491042,631.083333,415.666667,846.500000,430.833333,0.753248,97.995873,84.203967,111.787778,27.583811,0.957111,1.206438,1.180000,1.232877,0.052877,0.865450,0.793966,0.736699,0.851232,0.114534,1.000000,1.000000,1.000000,1.000000,0.000000,0.666667,5.000000,4.000000,6.000000,2.000000,23.433619,0.947146,1.166667,0.725502,0.195959,0.972748,24.067036,19.630692,0.793439,11.659797,0.471269,5.574873,0.225327,79.021518,147.520036,166.717474,128.322598,38.394877,0.769701
sample2_54h,164,58,67,0,-1,0.834333,930.541667,846.500000,1014.583333,168.083333,0.906472,117.554774,111.787778,123.321770,11.533992,0.909467,1.126585,1.073171,1.180000,0.106829,0.984850,0.844784,0.838336,0.851232,0.012897,1.000000,1.000000,1.000000,1.000000,0.000000,0.857143,6.500000,6.000000,7.000000,1.000000,31.960604,1.048796,1.324675,0.614109,0.320423,0.655667,19.980546,25.079812,0.823001,15.866946,0.520678,0.735153,0.024124,83.631255,121.066097,157.249024,84.883170,72.365853,0.539801
sample2_54h,165,59,70,0,-1,0.649895,1586.694444,1250.000000,1923.388889,673.388889,0.817825,153.449168,138.071149,168.827187,30.756038,0.933721,1.210315,1.168831,1.251799,0.082967,0.971677,0.835984,0.823975,0.847993,0.024018,1.000000,1.000000,1.000000,1.000000,0.000000,0.875000,7.500000,7.000000,8.000000,1.000000,53.762225,1.357430,1.252747,0.486484,0.572101,0.259952,10.295630,41.686358,1.052529,26.462957,0.668157,9.937888,0.250919,82.460994,128.200679,134.866392,121.534965,13.331427,0.901151
sample2_54h,166,60,65,1,8,0.599808,554.333333,415.666667,693.000000,277.333333,0.802512,94.564704,84.203967,104.925442,20.721474,0.900536,1.300962,1.232877,1.369048,0.136171,0.931340,0.763854,0.736699,0.791009,0.054310,1.000000,1.000000,1.000000,1.000000,0.000000,0.666667,5.000000,4.000000,6.000000,2.000000,20.186523,0.864282,1.234783,0.773451,0.080677,1.175655,27.459060,16.595159,0.710519,9.920907,0.424762,3.925751,0.168080,55.903879,173.869199,180.000000,167.738398,12.261602,0.931880
sample2_54h,167,60,66,0,-1,0.621463,904.055556,693.000000,1115.111111,422.111111,0.804472,117.676611,104.925442,130.427780,25.502338,0.903083,1.302706,1.236364,1.369048,0.132684,0.960271,0.807372,0.791009,0.823736,0.032726,0.976360,0.988180,0.976360,1.000000,0.023640,0.750000,7.000000,6.000000,8.000000,2.000000,27.107537,0.907849,1.124183,0.733382,0.155657,0.993618,29.668539,21.177442,0.709246,12.824224,0.429492,5.239099,0.175461,67.968402,104.077483,118.154966,90.000000,28.154966,0.761712
sample2_54h,168,60,71,0,-1,0.731922,600.111111,507.222222,693.000000,185.777778,0.843062,96.692054,88.458667,104.925442,16.466774,0.802576,1.233907,1.098765,1.369048,0.270282,0.971078,0.802789,0.791009,0.814568,0.023559,1.000000,1.000000,1.000000,1.000000,0.000000,1.000000,6.000000,6.000000,6.000000,0.000000,31.504664,1.289946,1.430769,0.500678,0.575634,0.405790,9.910712,25.111936,1.028198,15.749943,0.644875,6.079166,0.248909,86.407339,120.922517,151.845034,90.000000,61.845034,0.592710
sample2_54h,169,61,66,0,-1,0.270825,708.555556,302.000000,1115.111111,813.111111,0.560307,101.753717,73.079653,130.427780,57.348126,0.985749,1.245300,1.236364,1.254237,0.017874,0.862653,0.767167,0.710598,0.823736,0.113138,0.976360,0.988180,0.976360,1.000000,0.023640,0.625000,6.500000,5.000000,8.000000,3.000000,29.811838,1.174355,1.161972,0.522952,0.333072,0.373708,9.486833,24.841004,0.978543,14.852234,0.585063,6.970929,0.274600,59.436262,108.288031,150.274587,66.301475,83.973112,0.441202
sample2_54h,170,61,69,1,2,0.469095,221.833333,141.666667,302.000000,160.333333,0.742980,63.688193,54.296733,73.079653,18.782920,0.845135,1.157119,1.060000,1.254237,0.194237,0.849780,0.657225,0.603851,0.710598,0.106746,1.000000,1.000000,1.000000,1.000000,0.000000,0.600000,4.000000,3.000000,5.000000,2.000000,12.780896,0.872996,1.405405,0.660338,0.045079,1.212076,17.745109,12.545521,0.856919,6.286331,0.429386,3.235820,0.221022,47.400938,165.988569,169.796026,162.181111,7.614915,0.955153
sample2_54h,171,62,68,0,-1,0.570262,849.250000,616.833333,1081.666667,464.833333,0.775655,111.512875,97.423791,125.601959,28.178168,0.965271,1.200999,1.179775,1.222222,0.042447,0.947845,0.839141,0.816672,0.861610,0.044938,1.000000,1.000000,1.000000,1.000000,0.000000,0.833333,5.500000,5.000000,6.000000,1.000000,31.457134,1.089900,1.519380,0.606888,0.370523,0.614817,17.745109,26.057309,0.902811,15.473141,0.536100,7.378358,0.255639,77.362428,115.783506,123.690068,107.876944,15.813124,0.872155
sample2_54h,172,62,70,0,-1,0.562375,1502.527778,1081.666667,1923.388889,841.722222,0.743968,147.214573,125.601959,168.827187,43.225228,0.976373,1.237010,1.222222,1.251799,0.029576,0.984196,0.854801,0.847993,0.861610,0.013617,1.000000,1.000000,1.000000,1.000000,0.000000,0.750000,7.000000,6.000000,8.000000,2.000000,41.735214,1.087631,1.434783,0.602352,0.306631,0.573918,22.022716,33.229524,0.865971,20.472883,0.533529,8.687528,0.226399,68.131723,112.849153,135.698307,90.000000,45.698307,0.663236
sample2_54h,173,62,72,0,-1,0.914557,1132.194444,1081.666667,1182.722222,101.055556,0.962114,128.074926,125.601959,130.547893,4.945934,0.824574,1.115017,1.007812,1.222222,0.214410,0.988001,0.866841,0.861610,0.872073,0.010464,1.000000,1.000000,1.000000,1.000000,0.000000,1.000000,6.000000,6.000000,6.000000,0.000000,33.723144,1.002480,1.455782,0.642780,0.328713,0.679972,22.874051,26.894290,0.799480,16.818230,0.499952,1.596122,0.047448,81.622868,106.680263,110.078000,103.282526,6.795474,0.938267
sample2_54h,174,63,64,0,-1,0.552197,993.826389,707.111111,1280.541667,573.430556,0.750188,121.234126,103.929857,138.538394,34.608537,0.935733,1.117923,1.080808,1.155039,0.074231,0.981191,0.830538,0.822653,0.838423,0.015770,1.000000,1.000000,1.000000,1.000000,0.000000,0.625000,6.500000,5.000000,8.000000,3.000000,33.583255,1.076797,1.422819,0.514252,0.539721,0.353992,11.040330,27.223797,0.872890,16.257857,0.521284,4.889662,0.156780,75.909036,97.300586,112.500000,82.101172,30.398828,0.729788
sample2_54h,175,63,68,1,4,0.872329,661.972222,616.833333,707.111111,90.277778,0.937399,100.676824,97.423791,103.929857,6.506066,0.916114,1.130292,1.080808,1.179775,0.098967,0.992729,0.819663,0.816672,0.822653,0.005981,1.000000,1.000000,1.000000,1.000000,0.000000,1.000000,5.000000,5.000000,5.000000,0.000000,22.628348,0.880006,1.240310,0.814088,0.035836,1.135519,29.198554,20.376125,0.792418,11.299265,0.439423,1.334692,0.051906,85.596552,176.939838,179.534642,174.345034,5.189608,0.971094
sample2_54h,176,63,74,0,-1,0.787868,802.305556,707.111111,897.500000,190.388889,0.846210,113.373929,103.929857,122.818001,18.888144,0.987195,1.087818,1.080808,1.094828,0.014020,0.908873,0.785171,0.747688,0.822653,0.074966,1.000000,1.000000,1.000000,1.000000,0.000000,0.833333,5.500000,5.000000,6.000000,1.000000,30.029588,1.062057,1.614173,0.569496,0.410068,0.682236,19.290182,23.905464,0.845465,13.412120,0.474347,0.178015,0.006296,46.599045,105.359796,127.274678,83.444914,43.829764,0.655629
sample2_54h,177,64,67,0,-1,0.792308,1147.562500,1014.583333,1280.541667,265.958333,0.890163,130.930082,123.321770,138.538394,15.216624,0.929121,1.114105,1.073171,1.155039,0.081868,0.999896,0.838380,0.838336,0.838423,0.000087,1.000000,1.000000,1.000000,1.000000,0.000000,0.875000,7.500000,7.000000,8.000000,1.000000,36.381035,1.075770,1.566667,0.559092,0.470599,0.513539,17.367155,29.888970,0.883803,17.547374,0.518868,1.069859,0.031635,67.032728,94.899628,104.172338,85.626919,18.545419,0.821974
sample2_54h,178,64,73,0,-1,0.774184,1135.958333,991.375000,1280.541667,289.166667,0.896862,131.394082,124.249770,138.538394,14.288625,0.967009,1.174742,1.155039,1.194444,0.039406,0.962484,0.822696,0.806969,0.838423,0.031455,1.000000,1.000000,1.000000,1.000000,0.000000,0.750000,7.000000,6.000000,8.000000,2.000000,33.278868,0.989401,1.208556,0.616576,0.380858,0.707665,23.802573,26.193669,0.778753,15.951271,0.474241,1.180787,0.035106,72.762809,105.733750,112.500000,98.967499,13.532501,0.879711
sample2_54h,179,64,74,0,-1,0.700875,1089.020833,897.500000,1280.541667,383.041667,0.886527,130.678198,122.818001,138.538394,15.720393,0.947871,1.124933,1.094828,1.155039,0.060211,0.891778,0.793055,0.747688,0.838423,0.090735,1.000000,1.000000,1.000000,1.000000,0.000000,0.750000,7.000000,6.000000,8.000000,2.000000,43.615825,1.326859,1.156098,0.517321,0.505296,0.476711,15.670212,29.501612,0.897484,21.665359,0.659093,2.962893,0.090136,82.592278,110.672271,137.008442,84.336101,52.672341,0.615554
sample2_54h,180,64,76,0,-1,0.523129,975.215278,669.888889,1280.541667,610.652778,0.801231,124.769793,111.001192,138.538394,27.537202,0.920866,1.109338,1.063636,1.155039,0.091402,0.814881,0.760819,0.683215,0.838423,0.155208,1.000000,1.000000,1.000000,1.000000,0.000000,0.750000,7.000000,6.000000,8.000000,2.000000,48.671371,1.578526,1.185714,0.438610,0.522392,0.213222,6.574361,31.971369,1.036906,23.291006,0.755382,6.637890,0.215282,64.648903,101.250000,107.608796,94.891204,12.717593,0.881816
sample2_54h,181,64,79,0,-1,0.346858,862.354167,444.166667,1280.541667,836.375000,0.631269,112.996666,87.454938,138.538394,51.083456,0.843568,1.262135,1.155039,1.369231,0.214192,0.870410,0.784098,0.729772,0.838423,0.108651,1.000000,1.000000,1.000000,1.000000,0.000000,0.500000,6.000000,4.000000,8.000000,4.000000,35.010663,1.231471,1.620155,0.550289,0.532860,0.484275,13.767918,26.915595,0.946733,16.986853,0.597498,13.784362,0.484853,66.996934,129.916841,132.100637,127.733046,4.367591,0.966937
sample2_54h,182,65,67,0,-1,0.409692,715.125000,415.666667,1014.583333,598.916667,0.682799,103.762869,84.203967,123.321770,39.117803,0.870461,1.153024,1.073171,1.232877,0.159706,0.878763,0.787517,0.736699,0.838336,0.101637,1.000000,1.000000,1.000000,1.000000,0.000000,0.571429,5.500000,4.000000,7.000000,3.000000,25.430390,0.973590,1.102041,0.630380,0.431626,0.740277,19.336207,21.586925,0.826445,12.369225,0.473550,7.723266,0.295682,44.789788,124.378768,135.763763,112.993773,22.769989,0.832282
sample2_54h,183,65,71,0,-1,0.819496,461.444444,415.666667,507.222222,91.555556,0.951902,86.331317,84.203967,88.458667,4.254700,0.891221,1.165821,1.098765,1.232877,0.134111,0.904404,0.775633,0.736699,0.814568,0.077869,1.000000,1.000000,1.000000,1.000000,0.000000,0.666667,5.000000,4.000000,6.000000,2.000000,23.518767,1.096203,1.603960,0.544223,0.498194,0.621851,13.341664,19.179101,0.893933,11.691172,0.544922,0.382981,0.017851,76.501996,106.845034,123.690068,90.000000,33.690068,0.727625
sample2_54h,184,66,69,0,-1,0.127043,628.388889,141.666667,1115.111111,973.444444,0.416297,92.362257,54.296733,130.427780,76.131046,0.857353,1.148182,1.060000,1.236364,0.176364,0.733065,0.713794,0.603851,0.823736,0.219884,0.976360,0.988180,0.976360,1.000000,0.023640,0.375000,5.500000,3.000000,8.000000,5.000000,20.456043,0.903223,1.046154,0.725693,0.154363,0.821318,18.601075,19.840477,0.876043,10.184688,0.449698,12.995932,0.573827,69.814540,134.687165,166.328693,103.045637,63.283056,0.619530
sample2_54h,185,66,71,0,-1,0.454862,811.166667,507.222222,1115.111111,607.888889,0.678220,109.443223,88.458667,130.427780,41.969112,0.888707,1.167565,1.098765,1.236364,0.137598,0.988871,0.819152,0.814568,0.823736,0.009168,0.976360,0.988180,0.976360,1.000000,0.023640,0.750000,7.000000,6.000000,8.000000,2.000000,31.427666,1.124125,1.326667,0.551765,0.542155,0.476915,13.333333,26.707697,0.955298,14.943560,0.534511,8.356018,0.298884,70.467387,107.964942,118.154966,97.774917,20.380049,0.827514
sample2_54h,186,66,77,0,-1,0.468513,818.777778,522.444444,1115.111111,592.666667,0.700175,110.874993,91.322207,130.427780,39.105573,0.945252,1.202519,1.168675,1.236364,0.067689,0.955673,0.805479,0.787222,0.823736,0.036514,0.976360,0.988180,0.976360,1.000000,0.023640,0.750000,7.000000,6.000000,8.000000,2.000000,27.459564,0.976334,1.590551,0.730163,0.108427,0.957724,26.936138,22.469377,0.798907,13.724952,0.487995,9.327185,0.331631,86.806917,146.383698,151.845034,140.922363,10.922671,0.928067
sample2_54h,187,67,71,0,-1,0.499932,760.902778,507.222222,1014.583333,507.361111,0.717300,105.890219,88.458667,123.321770,34.863103,0.976706,1.085968,1.073171,1.098765,0.025595,0.971649,0.826452,0.814568,0.838336,0.023768,1.000000,1.000000,1.000000,1.000000,0.000000,0.857143,6.500000,6.000000,7.000000,1.000000,33.624788,1.236794,1.292517,0.543882,0.430118,0.446297,12.133516,26.127822,0.961039,16.210174,0.596246,8.152709,0.299875,80.031336,106.523085,112.500000,100.546170,11.953830,0.893744
sample2_54h,188,67,73,1,14,0.977125,1002.979167,991.375000,1014.583333,23.208333,0.992531,123.785770,123.321770,124.249770,0.927999,0.898469,1.133808,1.073171,1.194444,0.121274,0.962584,0.822652,0.806969,0.838336,0.031367,1.000000,1.000000,1.000000,1.000000,0.000000,0.857143,6.500000,6.000000,7.000000,1.000000,29.447491,0.929843,1.260606,0.761430,0.081466,1.036051,32.811012,23.404277,0.739021,14.607561,0.461253,0.452557,0.014290,75.013225,165.480814,175.405582,155.556045,19.849537,0.886836
sample2_54h,189,67,75,0,-1,0.508036,765.013889,515.444444,1014.583333,499.138889,0.750475,107.935819,92.549868,123.321770,30.771903,0.877111,1.148350,1.073171,1.223529,0.150359,0.902032,0.797271,0.756206,0.838336,0.082130,1.000000,1.000000,1.000000,1.000000,0.000000,0.714286,6.000000,5.000000,7.000000,2.000000,34.102566,1.250187,1.092486,0.530375,0.346145,0.466921,12.736649,27.012646,0.990274,16.746971,0.613938,7.812787,0.286414,82.026315,89.714794,111.929588,67.500000,44.429588,0.603058
sample2_54h,190,68,72,0,-1,0.521537,899.777778,616.833333,1182.722222,565.888889,0.746269,113.985842,97.423791,130.547893,33.124102,0.854241,1.093794,1.007812,1.179775,0.171963,0.936472,0.844373,0.816672,0.872073,0.055401,1.000000,1.000000,1.000000,1.000000,0.000000,0.833333,5.500000,5.000000,6.000000,1.000000,31.533441,1.064836,1.067416,0.634280,0.282354,0.661054,19.576062,24.783261,0.836893,15.725612,0.531030,7.969311,0.269111,80.711739,128.224664,148.840531,107.608796,41.231734,0.722980
sample2_54h,191,68,74,0,-1,0.687279,757.166667,616.833333,897.500000,280.666667,0.793237,110.120896,97.423791,122.818001,25.394211,0.927997,1.137301,1.094828,1.179775,0.084948,0.915530,0.782180,0.747688,0.816672,0.068984,1.000000,1.000000,1.000000,1.000000,0.000000,0.833333,5.500000,5.000000,6.000000,1.000000,26.727440,0.975553,1.110429,0.559437,0.513684,0.653499,17.904065,23.530328,0.858858,13.022683,0.475329,1.012951,0.036973,86.419410,115.777543,135.000000,96.555086,38.444914,0.715223
sample2_54h,192,70,72,0,-1,0.614916,1553.055556,1182.722222,1923.388889,740.666667,0.773263,149.687540,130.547893,168.827187,38.279294,0.805092,1.129806,1.007812,1.251799,0.243986,0.972387,0.860033,0.847993,0.872073,0.024080,1.000000,1.000000,1.000000,1.000000,0.000000,0.750000,7.000000,6.000000,8.000000,2.000000,47.025744,1.201979,1.650888,0.594225,0.225684,0.550580,21.540659,35.176325,0.899108,23.386089,0.597749,9.687091,0.247602,83.350575,109.708168,116.887528,102.528808,14.358720,0.877158
sample2_54h,193,70,78,0,-1,0.313596,1263.277778,603.166667,1923.388889,1320.222222,0.588994,134.132725,99.438263,168.827187,69.388924,0.883835,1.179091,1.106383,1.251799,0.145416,0.903957,0.807271,0.766549,0.847993,0.081443,1.000000,1.000000,1.000000,1.000000,0.000000,0.500000,6.000000,4.000000,8.000000,4.000000,34.806348,1.017493,1.009950,0.613031,0.434100,0.594723,20.344259,30.811526,0.900712,16.414922,0.479857,10.825453,0.316460,44.927364,113.694000,136.179117,91.208883,44.970234,0.669771
sample2_54h,194,70,80,0,-1,0.445077,1389.722222,856.055556,1923.388889,1067.333333,0.683748,142.131251,115.435316,168.827187,53.391871,0.814362,1.135608,1.019417,1.251799,0.232381,0.952012,0.827646,0.807299,0.847993,0.040694,1.000000,1.000000,1.000000,1.000000,0.000000,0.625000,6.500000,5.000000,8.000000,3.000000,36.407876,0.995909,1.270115,0.629556,0.301779,0.666368,24.360715,29.547048,0.808236,17.198428,0.470449,8.062931,0.220555,58.903203,117.199611,147.169632,87.229591,59.940041,0.592715
sample2_54h,195,70,82,0,-1,0.610468,1548.777778,1174.166667,1923.388889,749.222222,0.785303,150.703809,132.580431,168.827187,36.246756,0.988052,1.244320,1.236842,1.251799,0.014956,0.989894,0.843708,0.839423,0.847993,0.008570,1.000000,1.000000,1.000000,1.000000,0.000000,0.750000,7.000000,6.000000,8.000000,2.000000,53.430187,1.367855,1.090909,0.470390,0.657759,0.175925,6.871843,39.609194,1.014027,26.173375,0.670059,9.627841,0.246480,78.944211,105.626943,110.985705,100.268182,10.717523,0.903433
sample2_54h,196,71,75,1,4,0.984048,511.333333,507.222222,515.444444,8.222222,0.955795,90.504267,88.458667,92.549868,4.091200,0.898029,1.161147,1.098765,1.223529,0.124764,0.928352,0.785387,0.756206,0.814568,0.058362,1.000000,1.000000,1.000000,1.000000,0.000000,0.833333,5.500000,5.000000,6.000000,1.000000,18.650488,0.824787,1.016529,0.821165,0.014993,1.236234,27.954328,16.605727,0.734361,9.281927,0.410478,0.324383,0.014345,62.069897,178.490158,180.000000,176.980315,3.019685,0.983224
sample2_54h,197,71,77,0,-1,0.970863,514.833333,507.222222,522.444444,15.222222,0.968644,89.890437,88.458667,91.322207,2.863540,0.940181,1.133720,1.098765,1.168675,0.069909,0.966429,0.800895,0.787222,0.814568,0.027346,1.000000,1.000000,1.000000,1.000000,0.000000,1.000000,6.000000,6.000000,6.000000,0.000000,28.766626,1.267849,1.270677,0.530256,0.466602,0.519412,11.785113,24.655554,1.086659,14.275986,0.629194,1.517552,0.066884,86.500527,135.000000,180.000000,90.000000,90.000000,0.500000
sample2_54h,198,72,74,0,-1,0.758843,1040.111111,897.500000,1182.722222,285.222222,0.940789,126.682947,122.818001,130.547893,7.729892,0.920522,1.051320,1.007812,1.094828,0.087015,0.857368,0.809880,0.747688,0.872073,0.124385,1.000000,1.000000,1.000000,1.000000,0.000000,1.000000,6.000000,6.000000,6.000000,0.000000,37.661718,1.170545,1.968750,0.521394,0.422337,0.457727,14.727148,28.065961,0.872304,18.651667,0.579703,2.858100,0.088831,74.739402,87.773498,111.301475,64.245522,47.055953,0.577221
sample2_54h,199,72,82,1,12,0.992766,1178.444444,1174.166667,1182.722222,8.555556,0.984669,131.564162,130.547893,132.580431,2.032538,0.814827,1.122327,1.007812,1.236842,0.229030,0.962560,0.855748,0.839423,0.872073,0.032650,1.000000,1.000000,1.000000,1.000000,0.000000,1.000000,6.000000,6.000000,6.000000,0.000000,33.418497,0.973494,1.476821,0.782459,0.084716,0.998775,34.286376,26.770015,0.779821,16.698523,0.486434,0.314010,0.009147,88.544199,169.042247,175.376944,162.707551,12.669393,0.927759
sample2_54h,200,72,84,0,-1,0.920851,1135.916667,1089.111111,1182.722222,93.611111,0.989544,129.865388,129.182883,130.547893,1.365010,0.883662,1.074154,1.007812,1.140496,0.132683,0.940414,0.846092,0.820110,0.872073,0.051963,1.000000,1.000000,1.000000,1.000000,0.000000,0.857143,6.500000,6.000000,7.000000,1.000000,38.881673,1.153889,1.209677,0.565716,0.543956,0.520640,17.543596,28.898453,0.857617,17.946491,0.532597,2.341920,0.069501,60.874346,119.782205,143.909444,95.654966,48.254478,0.664689
sample2_54h,201,73,75,0,-1,0.519929,753.409722,515.444444,991.375000,475.930556,0.744870,108.399819,92.549868,124.249770,31.699902,0.976229,1.208987,1.194444,1.223529,0.029085,0.937095,0.781587,0.756206,0.806969,0.050763,1.000000,1.000000,1.000000,1.000000,0.000000,0.833333,5.500000,5.000000,6.000000,1.000000,36.379651,1.342682,1.538462,0.454329,0.814851,0.233424,6.324555,29.694104,1.095936,17.721217,0.654046,7.344858,0.271080,74.335387,93.074370,112.993773,73.154966,39.838807,0.647425
sample2_54h,202,73,79,0,-1,0.448031,717.770833,444.166667,991.375000,547.208333,0.703864,105.852354,87.454938,124.249770,36.794831,0.872347,1.281838,1.194444,1.369231,0.174786,0.904337,0.768370,0.729772,0.806969,0.077197,1.000000,1.000000,1.000000,1.000000,0.000000,0.666667,5.000000,4.000000,6.000000,2.000000,25.897778,0.985430,1.302326,0.648695,0.300371,0.855084,22.472205,23.545317,0.895917,12.940108,0.492381,7.248671,0.275817,83.402910,123.484272,128.813579,118.154966,10.658612,0.917256
sample2_54h,203,73,83,0,-1,0.704936,1198.854167,991.375000,1406.333333,414.958333,0.852914,134.963316,124.249770,145.676863,21.427094,0.964611,1.173309,1.152174,1.194444,0.042271,0.969035,0.819862,0.806969,0.832754,0.025786,1.000000,1.000000,1.000000,1.000000,0.000000,0.857143,6.500000,6.000000,7.000000,1.000000,31.922378,0.925458,1.162698,0.691058,0.167799,0.885949,30.559596,23.906598,0.693073,15.867072,0.460000,3.414061,0.098977,85.041730,111.041899,123.953697,98.130102,25.823594,0.791667
sample2_54h,204,73,85,0,-1,0.717634,851.409722,711.444444,991.375000,279.930556,0.845033,114.622447,104.995124,124.249770,19.254646,0.744080,1.399854,1.194444,1.605263,0.410819,0.995048,0.808977,0.806969,0.810985,0.004016,1.000000,1.000000,1.000000,1.000000,0.000000,1.000000,6.000000,6.000000,6.000000,0.000000,36.339062,1.249645,1.011436,0.473046,0.560100,0.284731,8.279828,29.554557,1.016336,18.521444,0.636924,3.494444,0.120169,89.297737,103.164326,145.190831,61.137822,84.053008,0.421086
sample2_54h,205,74,76,1,4,0.746394,783.694444,669.888889,897.500000,227.611111,0.903786,116.909597,111.001192,122.818001,11.816809,0.971510,1.079232,1.063636,1.094828,0.031191,0.913770,0.715451,0.683215,0.747688,0.064473,1.000000,1.000000,1.000000,1.000000,0.000000,1.000000,6.000000,6.000000,6.000000,0.000000,19.669776,0.704498,1.167883,0.860656,0.014674,1.478142,41.270113,17.604951,0.630544,9.729457,0.348473,2.289199,0.081991,33.467819,176.686598,180.000000,173.373195,6.626805,0.963184
sample2_54h,206,74,84,0,-1,0.824067,993.305556,897.500000,1089.111111,191.611111,0.950730,126.000442,122.818001,129.182883,6.364882,0.959958,1.117662,1.094828,1.140496,0.045668,0.911692,0.783899,0.747688,0.820110,0.072422,1.000000,1.000000,1.000000,1.000000,0.000000,0.857143,6.500000,6.000000,7.000000,1.000000,41.319809,1.312574,1.187166,0.497146,0.456948,0.443338,13.956281,30.928847,0.982492,19.733966,0.626873,0.132308,0.004203,71.426000,116.954722,148.282526,85.626919,62.655607,0.577458
sample2_54h,207,75,81,0,-1,0.721799,614.777778,515.444444,714.111111,198.666667,0.887315,98.426573,92.549868,104.303279,11.753411,0.899346,1.291997,1.223529,1.360465,0.136936,0.916770,0.790533,0.756206,0.824859,0.068653,1.000000,1.000000,1.000000,1.000000,0.000000,0.625000,6.500000,5.000000,8.000000,3.000000,31.434979,1.271995,1.025000,0.575019,0.326947,0.666263,16.465452,25.546331,1.033715,15.455427,0.625393,2.966158,0.120024,79.498035,148.282526,180.000000,116.565051,63.434949,0.647584
sample2_54h,208,75,83,0,-1,0.366517,960.888889,515.444444,1406.333333,890.888889,0.635309,119.113366,92.549868,145.676863,53.126996,0.941681,1.187852,1.152174,1.223529,0.071355,0.908078,0.794480,0.756206,0.832754,0.076548,1.000000,1.000000,1.000000,1.000000,0.000000,0.714286,6.000000,5.000000,7.000000,2.000000,30.461570,1.011936,1.005435,0.744627,0.082216,0.965671,29.068884,24.624409,0.818025,14.913429,0.495426,13.157662,0.437099,69.709263,147.960452,148.240520,147.680383,0.560136,0.996221
sample2_54h,209,76,79,0,-1,0.663045,557.027778,444.166667,669.888889,225.722222,0.787874,99.228065,87.454938,111.001192,23.546254,0.776813,1.216434,1.063636,1.369231,0.305594,0.936203,0.706493,0.683215,0.729772,0.046557,1.000000,1.000000,1.000000,1.000000,0.000000,0.666667,5.000000,4.000000,6.000000,2.000000,24.632716,1.049150,1.495726,0.579903,0.346981,0.917454,21.540659,18.140136,0.772620,10.344076,0.440572,1.980594,0.084357,37.872505,115.833777,118.154966,113.512587,4.642379,0.960709
sample2_54h,210,76,84,0,-1,0.615079,879.500000,669.888889,1089.111111,419.222222,0.859256,120.092038,111.001192,129.182883,18.181691,0.932609,1.102066,1.063636,1.140496,0.076860,0.833077,0.751662,0.683215,0.820110,0.136895,1.000000,1.000000,1.000000,1.000000,0.000000,0.857143,6.500000,6.000000,7.000000,1.000000,34.513716,1.172263,1.100559,0.535794,0.413682,0.629552,18.535252,27.562206,0.936154,17.203656,0.584325,3.884551,0.131939,89.278744,114.187172,146.309932,82.064411,64.245522,0.560894
sample2_54h,211,76,85,0,-1,0.941590,690.666667,669.888889,711.444444,41.555556,0.945892,107.998158,104.995124,111.001192,6.006068,0.662593,1.334450,1.063636,1.605263,0.541627,0.842451,0.747100,0.683215,0.810985,0.127770,1.000000,1.000000,1.000000,1.000000,0.000000,1.000000,6.000000,6.000000,6.000000,0.000000,28.935352,1.101143,1.264901,0.457786,0.661921,0.404732,10.635371,26.457788,1.006858,14.458214,0.550211,4.676540,0.177967,69.374045,90.986297,120.127559,61.845034,58.282526,0.514828
sample2_54h,212,76,88,0,-1,0.585482,907.027778,669.888889,1144.166667,474.277778,0.881278,118.477995,111.001192,125.954798,14.953606,0.980540,1.074191,1.063636,1.084746,0.021109,0.753855,0.794755,0.683215,0.906295,0.223080,1.000000,1.000000,1.000000,1.000000,0.000000,0.857143,6.500000,6.000000,7.000000,1.000000,34.697547,1.162246,1.734375,0.506900,0.609561,0.416878,12.445436,27.758827,0.929823,16.509841,0.553022,6.808299,0.228054,57.677605,98.938472,107.876944,90.000000,17.876944,0.834284
sample2_54h,213,77,81,1,6,0.731601,618.277778,522.444444,714.111111,191.666667,0.875545,97.812743,91.322207,104.303279,12.981072,0.859026,1.264570,1.168675,1.360465,0.191790,0.954371,0.806040,0.787222,0.824859,0.037637,1.000000,1.000000,1.000000,1.000000,0.000000,0.750000,7.000000,6.000000,8.000000,2.000000,22.319224,0.900334,1.203252,0.763157,0.097763,1.067606,26.465911,18.769472,0.757140,10.955002,0.441913,2.859597,0.115353,82.590751,160.094878,176.980315,143.209441,33.770874,0.809183
sample2_54h,214,78,80,1,14,0.704588,729.611111,603.166667,856.055556,252.888889,0.861420,107.436789,99.438263,115.435316,15.997053,0.921397,1.062900,1.019417,1.106383,0.086966,0.949523,0.786924,0.766549,0.807299,0.040750,1.000000,1.000000,1.000000,1.000000,0.000000,0.800000,4.500000,4.000000,5.000000,1.000000,24.387190,0.906286,1.344262,0.777320,0.008528,1.138703,30.641294,22.147353,0.823048,12.190511,0.453028,3.823254,0.142081,88.446431,177.321719,180.000000,174.643438,5.356562,0.970241
sample2_54h,215,78,86,0,-1,0.506437,897.083333,603.166667,1191.000000,587.833333,0.738303,117.061563,99.438263,134.684864,35.246601,0.918424,1.061256,1.016129,1.106383,0.090254,0.929086,0.795803,0.766549,0.825057,0.058508,0.981189,0.990595,0.981189,1.000000,0.018811,0.571429,5.500000,4.000000,7.000000,3.000000,30.829775,1.043833,1.461538,0.642426,0.232606,0.792032,23.392781,27.139614,0.918892,14.954239,0.506320,6.345652,0.214851,84.303302,106.994236,152.143438,61.845034,90.298405,0.406492
sample2_54h,216,79,85,1,2,0.624317,577.805556,444.166667,711.444444,267.277778,0.832943,96.225031,87.454938,104.995124,17.540185,0.852963,1.487247,1.369231,1.605263,0.236032,0.899859,0.770378,0.729772,0.810985,0.081213,1.000000,1.000000,1.000000,1.000000,0.000000,0.666667,5.000000,4.000000,6.000000,2.000000,19.269731,0.807140,1.139344,0.819698,0.088842,1.242944,29.674156,17.165098,0.718984,9.632559,0.403473,2.869108,0.120177,66.172815,170.376775,180.000000,160.753550,19.246450,0.893075
sample2_54h,217,80,82,0,-1,0.729075,1015.111111,856.055556,1174.166667,318.111111,0.870681,124.007873,115.435316,132.580431,17.145115,0.824210,1.128130,1.019417,1.236842,0.217425,0.961731,0.823361,0.807299,0.839423,0.032124,1.000000,1.000000,1.000000,1.000000,0.000000,0.833333,5.500000,5.000000,6.000000,1.000000,30.609570,0.963708,1.438356,0.684771,0.230900,0.865728,27.497475,24.237821,0.763101,15.199808,0.478549,2.971460,0.093553,81.792378,121.138892,129.883170,112.394615,17.488556,0.865352
sample2_54h,218,80,86,0,-1,0.718770,1023.527778,856.055556,1191.000000,334.944444,0.857077,125.060090,115.435316,134.684864,19.249548,0.996774,1.017773,1.016129,1.019417,0.003288,0.978476,0.816178,0.807299,0.825057,0.017758,0.981189,0.990595,0.981189,1.000000,0.018811,0.714286,6.000000,5.000000,7.000000,2.000000,38.517051,1.208012,1.169591,0.496108,0.596792,0.351428,11.205158,31.136368,0.976532,16.924365,0.530800,2.007893,0.062974,55.436019,101.217223,113.203538,89.230907,23.972631,0.788234
sample2_54h,219,80,89,0,-1,0.856627,927.694444,856.055556,999.333333,143.277778,0.950007,118.472671,115.435316,121.510026,6.074710,0.799316,1.147390,1.019417,1.275362,0.255945,0.949158,0.828921,0.807299,0.850542,0.043243,1.000000,1.000000,1.000000,1.000000,0.000000,0.833333,5.500000,5.000000,6.000000,1.000000,30.623759,1.006191,1.526515,0.622809,0.343923,0.713995,21.730675,25.044709,0.822883,15.112785,0.496554,1.628188,0.053497,87.093814,113.653920,140.116830,87.191011,52.925819,0.622274
sample2_54h,220,81,83,0,-1,0.507782,1060.222222,714.111111,1406.333333,692.222222,0.715991,124.990071,104.303279,145.676863,41.373584,0.846897,1.256320,1.152174,1.360465,0.208291,0.990519,0.828807,0.824859,0.832754,0.007895,1.000000,1.000000,1.000000,1.000000,0.000000,0.875000,7.500000,7.000000,8.000000,1.000000,42.237073,1.315306,1.737589,0.455069,0.693565,0.124564,4.000000,32.662124,1.017132,21.525056,0.670312,13.556027,0.422149,85.665975,81.326212,99.217474,63.434949,35.782526,0.639353
sample2_54h,221,81,87,0,-1,0.633422,583.222222,452.333333,714.111111,261.777778,0.885592,98.336715,92.370151,104.303279,11.933128,0.841216,1.252455,1.144444,1.360465,0.216021,0.807654,0.745530,0.666201,0.824859,0.158658,1.000000,1.000000,1.000000,1.000000,0.000000,0.500000,6.000000,4.000000,8.000000,4.000000,25.843493,1.077014,1.032895,0.553912,0.457801,0.708466,17.000000,19.485863,0.812063,12.842432,0.535202,1.330620,0.055453,80.105689,113.416583,136.273030,90.560136,45.712894,0.664549
sample2_54h,222,81,91,0,-1,0.618485,577.888889,441.666667,714.111111,272.444444,0.866340,97.332705,90.362131,104.303279,13.941148,0.854701,1.261628,1.162791,1.360465,0.197674,0.824047,0.752291,0.679722,0.824859,0.145137,1.000000,1.000000,1.000000,1.000000,0.000000,0.625000,6.500000,5.000000,8.000000,3.000000,33.067872,1.385369,1.496241,0.453065,0.731686,0.327208,7.810250,24.717775,1.035544,15.868572,0.664809,0.851394,0.035669,68.723330,90.000000,90.000000,90.000000,0.000000,1.000000
sample2_54h,223,81,92,0,-1,0.600346,951.805556,714.111111,1189.500000,475.388889,0.740895,122.541672,104.303279,140.780066,36.476787,0.856589,1.474350,1.360465,1.588235,0.227770,0.914350,0.789534,0.754209,0.824859,0.070650,0.991663,0.995832,0.991663,1.000000,0.008337,0.875000,7.500000,7.000000,8.000000,1.000000,44.535692,1.455130,2.735294,0.472173,0.471560,0.326733,10.000000,29.954171,0.978703,22.263171,0.727412,9.822089,0.320920,89.481249,118.601857,126.300648,110.903067,15.397581,0.878088
sample2_54h,224,82,84,0,-1,0.927561,1131.638889,1089.111111,1174.166667,85.055556,0.974374,130.881657,129.182883,132.580431,3.397548,0.922103,1.188669,1.140496,1.236842,0.096346,0.976993,0.829766,0.820110,0.839423,0.019313,1.000000,1.000000,1.000000,1.000000,0.000000,0.857143,6.500000,6.000000,7.000000,1.000000,32.021053,0.952047,1.454545,0.657423,0.341393,0.799328,26.884527,25.683667,0.763624,15.650370,0.465315,2.014847,0.059905,78.923313,102.361284,123.690068,81.032501,42.657567,0.655125
sample2_54h,225,82,89,0,-1,0.851100,1086.750000,999.333333,1174.166667,174.833333,0.916500,127.045229,121.510026,132.580431,11.070405,0.969797,1.256102,1.236842,1.275362,0.038520,0.986926,0.844983,0.839423,0.850542,0.011120,1.000000,1.000000,1.000000,1.000000,0.000000,1.000000,6.000000,6.000000,6.000000,0.000000,36.065934,1.094925,1.078880,0.577126,0.398078,0.554738,18.272627,29.902838,0.907820,18.014098,0.546890,2.123922,0.064480,84.489235,118.374641,146.749283,90.000000,56.749283,0.613291
sample2_54h,226,82,94,0,-1,0.914440,1229.097222,1174.166667,1284.027778,109.861111,0.945930,136.369605,132.580431,140.158780,7.578349,0.991964,1.241852,1.236842,1.246862,0.010020,0.978505,0.830401,0.821379,0.839423,0.018044,1.000000,1.000000,1.000000,1.000000,0.000000,1.000000,6.000000,6.000000,6.000000,0.000000,41.474432,1.183303,2.267782,0.558389,0.283428,0.535456,18.767584,31.531708,0.899628,19.835006,0.565910,0.789932,0.022537,71.185459,96.641263,103.282526,90.000000,13.282526,0.871396
sample2_54h,227,83,85,0,-1,0.505886,1058.888889,711.444444,1406.333333,694.888889,0.720740,125.335994,104.995124,145.676863,40.681740,0.717748,1.378719,1.152174,1.605263,0.453089,0.973858,0.821870,0.810985,0.832754,0.021770,1.000000,1.000000,1.000000,1.000000,0.000000,0.857143,6.500000,6.000000,7.000000,1.000000,41.073438,1.280064,1.963768,0.519181,0.472980,0.378144,12.133516,31.714650,0.988395,19.714807,0.614417,8.830506,0.275205,69.969392,106.345663,121.835853,90.855473,30.980381,0.745720
sample2_54h,228,83,87,0,-1,0.321640,929.333333,452.333333,1406.333333,954.000000,0.634076,119.023507,92.370151,145.676863,53.306712,0.993291,1.148309,1.144444,1.152174,0.007729,0.799997,0.749478,0.666201,0.832754,0.166554,1.000000,1.000000,1.000000,1.000000,0.000000,0.571429,5.500000,4.000000,7.000000,3.000000,23.952248,0.815129,1.188312,0.767997,0.129125,1.083140,31.827661,20.948680,0.712913,11.613598,0.395227,10.404922,0.354094,35.731348,135.041240,151.927513,118.154966,33.772547,0.777706
sample2_54h,229,83,90,0,-1,0.961958,1379.583333,1352.833333,1406.333333,53.500000,0.953601,142.297261,138.917659,145.676863,6.759204,0.938526,1.189908,1.152174,1.227642,0.075468,0.945318,0.856840,0.832754,0.880926,0.048171,1.000000,1.000000,1.000000,1.000000,0.000000,1.000000,7.000000,7.000000,7.000000,0.000000,43.913802,1.182354,1.042735,0.598306,0.320266,0.590499,21.931712,33.457454,0.900823,21.947993,0.590937,1.744106,0.046959,88.488228,107.608796,107.608796,107.608796,0.000000,1.000000
sample2_54h,230,83,93,0,-1,0.570396,1104.250000,802.166667,1406.333333,604.166667,0.802046,131.258222,116.839580,145.676863,28.837284,0.770879,1.323399,1.152174,1.494624,0.342450,0.886702,0.785580,0.738405,0.832754,0.094350,1.000000,1.000000,1.000000,1.000000,0.000000,0.857143,6.500000,6.000000,7.000000,1.000000,38.837141,1.180036,1.628931,0.523692,0.530979,0.490872,16.155494,29.260469,0.889056,17.553571,0.533351,5.383194,0.163564,49.523297,116.747706,126.650378,106.845034,19.805344,0.843622
sample2_54h,231,84,88,0,-1,0.951882,1116.638889,1089.111111,1144.166667,55.055556,0.975012,127.568841,125.954798,129.182883,3.228085,0.951118,1.112621,1.084746,1.140496,0.055750,0.904904,0.863203,0.820110,0.906295,0.086185,1.000000,1.000000,1.000000,1.000000,0.000000,1.000000,7.000000,7.000000,7.000000,0.000000,34.026557,1.018344,1.187845,0.614425,0.300256,0.619796,20.709633,26.011243,0.778463,16.933505,0.506785,0.531109,0.015895,89.708456,107.226915,107.608796,106.845034,0.763763,0.992902
sample2_54h,232,84,94,0,-1,0.848199,1186.569444,1089.111111,1284.027778,194.916667,0.921690,134.670831,129.182883,140.158780,10.975896,0.914693,1.193679,1.140496,1.246862,0.106366,0.998455,0.820745,0.820110,0.821379,0.001269,1.000000,1.000000,1.000000,1.000000,0.000000,0.857143,6.500000,6.000000,7.000000,1.000000,47.726093,1.386681,1.257683,0.494915,0.501165,0.346771,11.935009,35.579568,1.033764,23.837232,0.692590,4.005031,0.116366,89.831965,121.992864,140.821581,103.164147,37.657435,0.732588
sample2_54h,233,84,95,0,-1,0.894670,1153.222222,1089.111111,1217.333333,128.222222,0.865682,139.204792,129.182883,149.226702,20.043818,0.702339,1.382175,1.140496,1.623853,0.483357,0.837634,0.753531,0.686952,0.820110,0.133158,0.987160,0.993580,0.987160,1.000000,0.012840,1.000000,7.000000,7.000000,7.000000,0.000000,43.662062,1.286221,2.346154,0.506676,0.335630,0.577935,19.618585,33.611456,0.990145,21.010399,0.618936,4.449689,0.131081,69.893442,110.336865,130.673729,90.000000,40.673729,0.688738
sample2_54h,234,85,88,0,-1,0.621801,927.805556,711.444444,1144.166667,432.722222,0.833594,115.474961,104.995124,125.954798,20.959674,0.675743,1.345004,1.084746,1.605263,0.520517,0.894835,0.858640,0.810985,0.906295,0.095311,1.000000,1.000000,1.000000,1.000000,0.000000,0.857143,6.500000,6.000000,7.000000,1.000000,31.159432,1.030090,1.299320,0.714437,0.192090,0.831229,25.144030,24.638311,0.814510,15.285292,0.505312,6.161925,0.203705,71.577715,140.288214,146.309932,134.266495,12.043438,0.917685
sample2_54h,235,85,90,0,-1,0.525892,1032.138889,711.444444,1352.833333,641.388889,0.755808,121.956391,104.995124,138.917659,33.922536,0.764761,1.416453,1.227642,1.605263,0.377621,0.920605,0.845955,0.810985,0.880926,0.069941,1.000000,1.000000,1.000000,1.000000,0.000000,0.857143,6.500000,6.000000,7.000000,1.000000,34.228431,1.078846,1.281250,0.613329,0.348144,0.602902,19.128222,27.487295,0.866372,17.102732,0.539061,9.506821,0.299645,82.061587,109.983554,117.206994,102.760114,14.446880,0.876740
sample2_54h,236,86,89,1,6,0.839071,1095.166667,999.333333,1191.000000,191.666667,0.902180,128.097445,121.510026,134.684864,13.174838,0.796738,1.145746,1.016129,1.275362,0.259233,0.970036,0.837800,0.825057,0.850542,0.025485,0.981189,0.990595,0.981189,1.000000,0.018811,0.857143,6.500000,6.000000,7.000000,1.000000,36.665930,1.109020,1.456311,0.653650,0.315097,0.771140,25.495098,27.062574,0.818551,18.077366,0.546779,2.368542,0.071640,75.252712,149.718576,151.845034,147.592118,4.252916,0.971992
sample2_54h,237,86,96,0,-1,0.986335,1199.250000,1191.000000,1207.500000,16.500000,0.970580,136.726107,134.684864,138.767349,4.082485,0.823680,1.124887,1.016129,1.233645,0.217516,0.955077,0.806525,0.787993,0.825057,0.037064,0.981189,0.990595,0.981189,1.000000,0.018811,0.857143,6.500000,6.000000,7.000000,1.000000,36.795988,1.062547,2.000000,0.645674,0.125495,0.828694,28.697658,27.692628,0.799672,18.390065,0.531045,1.324735,0.038254,86.953469,125.003387,155.821857,94.184916,61.636941,0.604440
sample2_54h,238,87,91,1,6,0.976419,447.000000,441.666667,452.333333,10.666667,0.978261,91.366141,90.362131,92.370151,2.008021,0.984222,1.153618,1.144444,1.162791,0.018346,0.980107,0.672962,0.666201,0.679722,0.013522,1.000000,1.000000,1.000000,1.000000,0.000000,0.800000,4.500000,4.000000,5.000000,1.000000,15.457822,0.731143,1.380952,0.759603,0.056301,1.445445,30.559596,12.748662,0.603002,7.336683,0.347019,0.170689,0.008073,22.189454,166.552837,168.266916,164.838757,3.428158,0.979627
sample2_54h,239,87,93,0,-1,0.563889,627.250000,452.333333,802.166667,349.833333,0.790572,104.604866,92.370151,116.839580,24.469428,0.765707,1.319534,1.144444,1.494624,0.350179,0.902216,0.702303,0.666201,0.738405,0.072204,1.000000,1.000000,1.000000,1.000000,0.000000,0.666667,5.000000,4.000000,6.000000,2.000000,35.598737,1.435703,1.308176,0.469485,0.355254,0.523602,12.982895,27.428207,1.106184,16.776819,0.676612,5.603186,0.225977,66.773749,125.104596,135.000000,115.209191,19.790809,0.853401
sample2_54h,240,88,90,0,-1,0.845756,1248.500000,1144.166667,1352.833333,208.666667,0.906687,132.436229,125.954798,138.917659,12.962861,0.883601,1.156194,1.084746,1.227642,0.142897,0.972007,0.893610,0.880926,0.906295,0.025370,1.000000,1.000000,1.000000,1.000000,0.000000,1.000000,7.000000,7.000000,7.000000,0.000000,37.655039,1.066618,1.301136,0.621133,0.424376,0.568092,20.055479,27.765678,0.786492,18.801784,0.532580,1.955928,0.055404,86.793945,114.909213,122.973391,106.845034,16.128358,0.868847
sample2_54h,241,88,95,0,-1,0.939896,1180.750000,1144.166667,1217.333333,73.166667,0.844050,137.590750,125.954798,149.226702,23.271903,0.668007,1.354299,1.084746,1.623853,0.539107,0.757978,0.796624,0.686952,0.906295,0.219343,0.987160,0.993580,0.987160,1.000000,0.012840,1.000000,7.000000,7.000000,7.000000,0.000000,44.361190,1.291149,1.080357,0.496025,0.648599,0.445121,15.293426,33.070795,0.962538,21.073437,0.613350,1.117289,0.032519,57.855987,117.453601,130.948292,103.958910,26.989382,0.793893
sample2_54h,242,88,97,0,-1,0.434960,820.916667,497.666667,1144.166667,646.500000,0.706224,107.453551,88.952304,125.954798,37.002495,0.688396,1.330252,1.084746,1.575758,0.491012,0.872096,0.848336,0.790376,0.906295,0.115919,1.000000,1.000000,1.000000,1.000000,0.000000,0.714286,6.000000,5.000000,7.000000,2.000000,32.274869,1.149923,1.556391,0.567088,0.456400,0.430507,12.083046,26.896195,0.958286,16.102874,0.573730,8.340777,0.297174,82.370606,101.250000,112.500000,90.000000,22.500000,0.800000
sample2_54h,243,88,100,0,-1,0.530808,875.750000,607.333333,1144.166667,536.833333,0.773971,111.720048,97.485299,125.954798,28.469499,0.996049,1.082603,1.080460,1.084746,0.004286,0.886113,0.854688,0.803080,0.906295,0.103215,1.000000,1.000000,1.000000,1.000000,0.000000,0.714286,6.000000,5.000000,7.000000,2.000000,31.020258,1.061072,1.429577,0.657284,0.267390,0.691769,20.223748,25.327020,0.866330,15.348148,0.524995,6.881834,0.235398,88.838973,124.414348,130.673729,118.154966,12.518763,0.904198
sample2_54h,244,89,94,0,-1,0.778280,1141.680556,999.333333,1284.027778,284.694444,0.866946,130.834403,121.510026,140.158780,18.648753,0.977653,1.261112,1.246862,1.275362,0.028500,0.965712,0.835961,0.821379,0.850542,0.029163,1.000000,1.000000,1.000000,1.000000,0.000000,1.000000,6.000000,6.000000,6.000000,0.000000,34.220192,1.014750,1.202247,0.609266,0.372477,0.662078,22.327114,27.268877,0.808619,17.090687,0.506799,1.498522,0.044436,77.935971,111.576188,113.184184,109.968192,3.215993,0.971586
sample2_54h,245,89,96,0,-1,0.827605,1103.416667,999.333333,1207.500000,208.166667,0.875638,130.138688,121.510026,138.767349,17.257323,0.967290,1.254504,1.233645,1.275362,0.041717,0.926459,0.819268,0.787993,0.850542,0.062549,1.000000,1.000000,1.000000,1.000000,0.000000,1.000000,6.000000,6.000000,6.000000,0.000000,41.964552,1.264729,1.084577,0.465217,0.745488,0.242981,8.062258,34.896895,1.051724,20.517644,0.618361,4.738080,0.142796,73.563916,96.855122,111.774892,81.935351,29.839541,0.733039
sample2_54h,246,89,98,0,-1,0.754261,1162.125000,999.333333,1324.916667,325.583333,0.865876,130.920987,121.510026,140.331947,18.821921,0.956522,1.304348,1.275362,1.333333,0.057971,0.994007,0.847994,0.845445,0.850542,0.005098,1.000000,1.000000,1.000000,1.000000,0.000000,1.000000,6.000000,6.000000,6.000000,0.000000,36.641365,1.077503,1.734848,0.658546,0.289771,0.753467,25.622256,29.483806,0.867022,17.949740,0.527843,5.939331,0.174656,77.229288,126.256985,141.515251,110.998719,30.516532,0.784359
sample2_54h,247,90,93,0,-1,0.592953,1077.500000,802.166667,1352.833333,550.666667,0.841071,127.878620,116.839580,138.917659,22.078079,0.821372,1.361133,1.227642,1.494624,0.266981,0.838215,0.809665,0.738405,0.880926,0.142521,1.000000,1.000000,1.000000,1.000000,0.000000,0.857143,6.500000,6.000000,7.000000,1.000000,27.297662,0.838594,1.156627,0.736708,0.229905,0.983531,32.015621,23.314334,0.716224,13.640263,0.419034,6.660903,0.204625,64.155688,112.118119,117.391204,106.845034,10.546170,0.910162
sample2_54h,248,90,97,0,-1,0.367870,925.250000,497.666667,1352.833333,855.166667,0.640324,113.934981,88.952304,138.917659,49.965356,0.779081,1.401700,1.227642,1.575758,0.348115,0.897211,0.835651,0.790376,0.880926,0.090549,1.000000,1.000000,1.000000,1.000000,0.000000,0.714286,6.000000,5.000000,7.000000,2.000000,30.416246,1.029501,1.123457,0.603799,0.299559,0.535169,15.811388,24.883559,0.842235,15.196570,0.514359,9.970997,0.337489,69.876228,92.827483,140.654966,45.000000,95.654966,0.319932
sample2_54h,249,90,101,0,-1,0.187056,802.944444,253.055556,1352.833333,1099.777778,0.479182,102.742262,66.566864,138.917659,72.350796,0.992204,1.232465,1.227642,1.237288,0.009646,0.814649,0.799285,0.717645,0.880926,0.163281,1.000000,1.000000,1.000000,1.000000,0.000000,0.571429,5.500000,4.000000,7.000000,3.000000,30.827608,1.170181,1.496063,0.650584,0.305819,0.557305,14.681810,25.898363,0.983073,13.844704,0.525529,14.172425,0.537969,55.344995,131.032205,135.763763,126.300648,9.463115,0.930297
sample2_54h,250,90,102,0,-1,0.553653,1050.916667,749.000000,1352.833333,603.833333,0.753534,121.798435,104.679210,138.917659,34.238449,0.937193,1.189090,1.150538,1.227642,0.077105,0.975060,0.869941,0.858956,0.880926,0.021970,1.000000,1.000000,1.000000,1.000000,0.000000,1.000000,7.000000,7.000000,7.000000,0.000000,39.203500,1.222269,1.914063,0.582114,0.443264,0.476811,15.293426,27.465934,0.856320,19.315952,0.602224,10.059667,0.313636,78.376980,118.759381,120.127559,117.391204,2.736356,0.977221
sample2_54h,251,91,92,0,-1,0.371304,815.583333,441.666667,1189.500000,747.833333,0.641867,115.571098,90.362131,140.780066,50.417935,0.732127,1.375513,1.162791,1.588235,0.425445,0.901238,0.716966,0.679722,0.754209,0.074487,0.991663,0.995832,0.991663,1.000000,0.008337,0.714286,6.000000,5.000000,7.000000,2.000000,21.475032,0.773805,1.285714,0.722283,0.185552,1.129283,31.340425,19.053493,0.686551,10.278056,0.370347,7.833242,0.282254,24.993641,123.980269,129.805571,118.154966,11.650605,0.910246
sample2_54h,252,91,93,0,-1,0.550592,621.916667,441.666667,802.166667,360.500000,0.773386,103.600855,90.362131,116.839580,26.477449,0.777982,1.328707,1.162791,1.494624,0.331833,0.920528,0.709064,0.679722,0.738405,0.058682,1.000000,1.000000,1.000000,1.000000,0.000000,0.833333,5.500000,5.000000,6.000000,1.000000,31.391053,1.272479,1.067485,0.417637,0.711510,0.278560,6.871843,26.194936,1.061847,15.484198,0.627673,5.580883,0.226229,63.638622,84.976026,90.000000,79.952051,10.047949,0.888356
sample2_54h,253,91,99,0,-1,0.500819,661.777778,441.666667,881.888889,440.222222,0.763637,104.346666,90.362131,118.331201,27.969070,0.878553,1.243160,1.162791,1.323529,0.160739,0.858828,0.735588,0.679722,0.791453,0.111731,1.000000,1.000000,1.000000,1.000000,0.000000,0.833333,5.500000,5.000000,6.000000,1.000000,35.714396,1.408505,1.439189,0.506939,0.350655,0.543457,13.780018,29.856813,1.177494,17.788791,0.701555,9.423275,0.371635,89.927943,137.999928,148.282526,127.717331,20.565195,0.861311
sample2_54h,254,92,99,0,-1,0.741395,1035.694444,881.888889,1189.500000,307.611111,0.840539,129.555633,118.331201,140.780066,22.448865,0.833333,1.455882,1.323529,1.588235,0.264706,0.952943,0.772831,0.754209,0.791453,0.037244,0.991663,0.995832,0.991663,1.000000,0.008337,0.857143,6.500000,6.000000,7.000000,1.000000,35.183282,1.096296,1.035897,0.529332,0.483894,0.582016,18.678568,28.726361,0.895101,15.317104,0.477274,2.760675,0.086021,45.353636,99.128731,104.694954,93.562508,11.132446,0.893668
sample2_54h,255,92,104,1,14,0.912426,1246.583333,1189.500000,1303.666667,114.166667,0.978013,139.232371,137.684676,140.780066,3.095390,0.708333,1.356618,1.125000,1.588235,0.463235,0.872744,0.809196,0.754209,0.864182,0.109973,0.991663,0.995832,0.991663,1.000000,0.008337,1.000000,7.000000,7.000000,7.000000,0.000000,44.788209,1.268870,1.482759,0.574529,0.264322,0.636647,22.472205,34.623286,0.980893,22.394102,0.634435,0.647129,0.018333,86.243248,168.846443,180.000000,157.692886,22.307114,0.876072
sample2_54h,256,93,99,1,10,0.909601,842.027778,802.166667,881.888889,79.722222,0.987395,117.585390,116.839580,118.331201,1.491621,0.885527,1.409077,1.323529,1.494624,0.171094,0.932974,0.764929,0.738405,0.791453,0.053048,1.000000,1.000000,1.000000,1.000000,0.000000,1.000000,6.000000,6.000000,6.000000,0.000000,22.992551,0.792585,1.476563,0.796347,0.097912,1.243626,36.077078,16.321016,0.562608,10.883394,0.375165,0.865102,0.029821,28.712717,141.964645,147.740752,136.188539,11.552213,0.921808
sample2_54h,257,93,102,0,-1,0.933721,775.583333,749.000000,802.166667,53.166667,0.895923,110.759395,104.679210,116.839580,12.160370,0.769784,1.322581,1.150538,1.494624,0.344086,0.859654,0.798680,0.738405,0.858956,0.120551,1.000000,1.000000,1.000000,1.000000,0.000000,0.857143,6.500000,6.000000,7.000000,1.000000,39.769090,1.428220,1.388535,0.507171,0.365818,0.457409,12.736649,29.672300,1.065616,19.365877,0.695483,2.679249,0.096219,77.388846,130.388679,131.133919,129.643438,1.490480,0.988634
sample2_54h,258,94,95,1,14,0.948058,1250.680556,1217.333333,1284.027778,66.694444,0.939234,144.692741,140.158780,149.226702,9.067922,0.767842,1.435358,1.246862,1.623853,0.376991,0.836340,0.754165,0.686952,0.821379,0.134427,0.987160,0.993580,0.987160,1.000000,0.012840,0.857143,6.500000,6.000000,7.000000,1.000000,25.942881,0.733641,1.013298,0.782917,0.153605,1.258622,44.507178,21.029697,0.594701,12.954756,0.366349,1.377788,0.038963,10.941084,165.328075,180.000000,150.656151,29.343849,0.836979
sample2_54h,259,94,98,0,-1,0.969139,1304.472222,1284.027778,1324.916667,40.888889,0.998766,140.245363,140.158780,140.331947,0.173168,0.935146,1.290098,1.246862,1.333333,0.086471,0.971535,0.833412,0.821379,0.845445,0.024066,1.000000,1.000000,1.000000,1.000000,0.000000,1.000000,6.000000,6.000000,6.000000,0.000000,37.687825,1.043511,1.055000,0.581332,0.398373,0.595459,21.505813,30.614999,0.847677,18.422908,0.510099,0.436076,0.012074,58.660486,104.629737,105.300565,103.958910,1.341655,0.987259
sample2_54h,260,94,105,0,-1,0.519200,975.347222,666.666667,1284.027778,617.361111,0.756110,123.067113,105.975447,140.158780,34.183333,0.824928,1.137717,1.028571,1.246862,0.218290,0.908164,0.783663,0.745947,0.821379,0.075432,1.000000,1.000000,1.000000,1.000000,0.000000,0.833333,5.500000,5.000000,6.000000,1.000000,36.769177,1.192774,1.921260,0.589598,0.308181,0.684995,21.116081,31.278481,1.014658,18.384179,0.596374,10.492360,0.340367,85.284072,121.998061,129.345034,114.651087,14.693946,0.886397
sample2_54h,261,95,100,0,-1,0.498905,912.333333,607.333333,1217.333333,610.000000,0.653270,123.356000,97.485299,149.226702,51.741403,0.665368,1.352156,1.080460,1.623853,0.543393,0.855397,0.745016,0.686952,0.803080,0.116128,0.987160,0.993580,0.987160,1.000000,0.012840,0.714286,6.000000,5.000000,7.000000,2.000000,25.799330,0.866703,1.047337,0.547405,0.552064,0.706273,21.023796,25.177535,0.845814,12.059439,0.405125,3.182478,0.106912,16.635046,102.847334,107.608796,98.085871,9.522925,0.911504
sample2_54h,262,95,103,0,-1,0.567862,954.305556,691.277778,1217.333333,526.055556,0.694242,126.413102,103.599503,149.226702,45.627198,0.661195,1.348769,1.073684,1.623853,0.550169,0.848749,0.748161,0.686952,0.809370,0.122418,0.987160,0.993580,0.987160,1.000000,0.012840,0.857143,6.500000,6.000000,7.000000,1.000000,29.169884,0.953537,1.281046,0.611123,0.345801,0.894365,27.359743,22.097328,0.722342,12.083627,0.395003,2.440490,0.079777,23.763821,116.061556,152.102729,80.020382,72.082347,0.526094
sample2_54h,263,95,105,0,-1,0.547645,942.000000,666.666667,1217.333333,550.666667,0.710164,127.601074,105.975447,149.226702,43.251255,0.633414,1.326212,1.028571,1.623853,0.595282,0.920912,0.716450,0.686952,0.745947,0.058995,0.987160,0.993580,0.987160,1.000000,0.012840,0.714286,6.000000,5.000000,7.000000,2.000000,44.190472,1.455784,1.176768,0.407524,0.796178,0.233462,7.086764,35.286930,1.162471,22.151763,0.729754,10.606195,0.349404,89.863262,88.010354,90.000000,86.020708,3.979292,0.955786
sample2_54h,264,95,108,0,-1,0.951670,1187.916667,1158.500000,1217.333333,58.833333,0.898213,141.632005,134.037309,149.226702,15.189393,0.678980,1.363209,1.102564,1.623853,0.521289,0.847758,0.748634,0.686952,0.810316,0.123364,0.987160,0.993580,0.987160,1.000000,0.012840,1.000000,7.000000,7.000000,7.000000,0.000000,51.795063,1.502895,1.643275,0.460622,0.517432,0.416011,14.337209,35.426447,1.027940,25.060389,0.727157,2.276361,0.066051,80.910849,109.255755,131.244660,87.266849,43.977811,0.664917
sample2_54h,265,96,98,1,14,0.911378,1266.208333,1207.500000,1324.916667,117.416667,0.988851,139.549648,138.767349,140.331947,1.564598,0.925234,1.283489,1.233645,1.333333,0.099688,0.932045,0.816719,0.787993,0.845445,0.057452,1.000000,1.000000,1.000000,1.000000,0.000000,1.000000,6.000000,6.000000,6.000000,0.000000,30.605693,0.860333,1.250000,0.794139,0.096285,1.109197,39.458839,24.130825,0.678323,15.066379,0.423519,1.230255,0.034583,65.158501,157.779085,167.275644,148.282526,18.993119,0.886456
sample2_54h,266,96,109,0,-1,0.931815,1166.333333,1125.166667,1207.500000,82.333333,0.922174,133.367469,127.967589,138.767349,10.799760,0.972727,1.216822,1.200000,1.233645,0.033645,0.912632,0.825711,0.787993,0.863429,0.075436,1.000000,1.000000,1.000000,1.000000,0.000000,0.857143,6.500000,6.000000,7.000000,1.000000,44.150424,1.292978,1.900763,0.550865,0.310803,0.527956,18.027756,32.794810,0.960421,21.871660,0.640528,2.402234,0.070351,82.265482,133.482620,162.391204,104.574036,57.817168,0.643964
sample2_54h,267,97,100,0,-1,0.819429,552.500000,497.666667,607.333333,109.666667,0.912469,93.218801,88.952304,97.485299,8.532995,0.685676,1.328109,1.080460,1.575758,0.495298,0.984182,0.796728,0.790376,0.803080,0.012703,1.000000,1.000000,1.000000,1.000000,0.000000,1.000000,5.000000,5.000000,5.000000,0.000000,20.386520,0.868388,1.413462,0.726287,0.183208,1.025852,24.083189,16.485049,0.702200,10.175733,0.433447,2.395228,0.102028,82.741684,126.753559,151.845034,101.662084,50.182950,0.669512
sample2_54h,268,97,101,1,4,0.508484,375.361111,253.055556,497.666667,244.611111,0.748343,77.759584,66.566864,88.952304,22.385440,0.785202,1.406523,1.237288,1.575758,0.338469,0.907978,0.754011,0.717645,0.790376,0.072732,1.000000,1.000000,1.000000,1.000000,0.000000,0.800000,4.500000,4.000000,5.000000,1.000000,15.787950,0.826245,1.191489,0.816192,0.025753,1.256255,24.004629,15.292345,0.800308,7.656733,0.400707,4.132579,0.216274,48.352463,165.922517,180.000000,151.845034,28.154966,0.843584
sample2_54h,269,97,106,0,-1,0.605475,659.805556,497.666667,821.944444,324.277778,0.801875,99.941336,88.952304,110.930368,21.978064,0.646589,1.297313,1.018868,1.575758,0.556890,0.941635,0.814871,0.790376,0.839366,0.048990,0.974766,0.987383,0.974766,1.000000,0.025234,0.714286,6.000000,5.000000,7.000000,2.000000,30.097726,1.180812,1.839623,0.548080,0.360544,0.508849,12.970051,22.182088,0.870261,13.984255,0.548639,2.158709,0.084692,66.503849,104.520042,147.195050,61.845034,85.350016,0.420157
sample2_54h,270,98,105,0,-1,0.503176,995.791667,666.666667,1324.916667,658.250000,0.755177,123.153697,105.975447,140.331947,34.356500,0.771429,1.180952,1.028571,1.333333,0.304762,0.882313,0.795696,0.745947,0.845445,0.099498,1.000000,1.000000,1.000000,1.000000,0.000000,0.833333,5.500000,5.000000,6.000000,1.000000,30.778238,0.989347,1.015873,0.610659,0.333319,0.704981,21.931712,25.057210,0.805448,15.151522,0.487036,8.212936,0.264000,80.610203,124.901811,128.086147,121.717474,6.368672,0.950278
sample2_54h,271,98,109,0,-1,0.849236,1225.041667,1125.166667,1324.916667,199.750000,0.911892,134.149768,127.967589,140.331947,12.364358,0.900000,1.266667,1.200000,1.333333,0.133333,0.979171,0.854437,0.845445,0.863429,0.017984,1.000000,1.000000,1.000000,1.000000,0.000000,0.857143,6.500000,6.000000,7.000000,1.000000,39.280557,1.123218,1.402367,0.552239,0.449100,0.460090,16.090025,30.168408,0.862658,19.430501,0.555610,3.570842,0.102107,73.296983,96.582073,103.164147,90.000000,13.164147,0.872396
sample2_54h,272,98,110,0,-1,0.415624,937.791667,550.666667,1324.916667,774.250000,0.661455,116.577630,92.823313,140.331947,47.508634,0.820946,1.213964,1.094595,1.333333,0.238739,0.949947,0.824286,0.803128,0.845445,0.042317,1.000000,1.000000,1.000000,1.000000,0.000000,0.833333,5.500000,5.000000,6.000000,1.000000,36.902970,1.232859,2.027027,0.579292,0.332341,0.525286,15.723302,28.561277,0.954178,18.388519,0.614326,12.026858,0.401795,85.040337,126.428281,131.139087,121.717474,9.421613,0.928156
sample2_54h,273,99,102,0,-1,0.849313,815.444444,749.000000,881.888889,132.888889,0.884629,111.505206,104.679210,118.331201,13.651991,0.869295,1.237034,1.150538,1.323529,0.172992,0.921413,0.825204,0.791453,0.858956,0.067503,1.000000,1.000000,1.000000,1.000000,0.000000,0.857143,6.500000,6.000000,7.000000,1.000000,37.253601,1.305667,1.170732,0.455319,0.656697,0.190180,5.426274,28.559863,1.000968,18.330566,0.642451,2.543945,0.089160,70.411506,99.219092,108.438184,90.000000,18.438184,0.829966
sample2_54h,274,99,104,0,-1,0.676468,1092.777778,881.888889,1303.666667,421.777778,0.859436,128.007938,118.331201,137.684676,19.353475,0.850000,1.224265,1.125000,1.323529,0.198529,0.915841,0.827818,0.791453,0.864182,0.072729,1.000000,1.000000,1.000000,1.000000,0.000000,0.857143,6.500000,6.000000,7.000000,1.000000,29.759584,0.904506,1.214724,0.671250,0.287036,0.816683,26.870058,23.521803,0.714916,14.426898,0.438488,4.580966,0.139233,54.155462,106.517189,112.500000,100.534378,11.965622,0.893639
sample2_54h,275,99,107,0,-1,0.500063,661.444444,441.000000,881.888889,440.888889,0.714968,101.467139,84.603077,118.331201,33.728124,0.941857,1.285052,1.246575,1.323529,0.076954,0.978252,0.782847,0.774241,0.791453,0.017212,1.000000,1.000000,1.000000,1.000000,0.000000,0.833333,5.500000,5.000000,6.000000,1.000000,31.452071,1.240796,1.160000,0.589449,0.199311,0.690350,17.499206,25.711104,1.014312,15.663163,0.617918,9.237350,0.364417,87.345789,143.944675,157.500000,130.389351,27.110649,0.827869
sample2_54h,276,100,103,1,12,0.878566,649.305556,607.333333,691.277778,83.944444,0.940982,100.542401,97.485299,103.599503,6.114205,0.993729,1.077072,1.073684,1.080460,0.006776,0.992228,0.806225,0.803080,0.809370,0.006290,1.000000,1.000000,1.000000,1.000000,0.000000,0.833333,5.500000,5.000000,6.000000,1.000000,24.606193,0.966156,1.288136,0.747946,0.026267,1.047877,26.687492,22.181726,0.870960,12.278189,0.482100,1.423048,0.055876,89.777495,171.167579,180.000000,162.335158,17.664842,0.901862
sample2_54h,277,100,106,0,-1,0.738898,714.638889,607.333333,821.944444,214.611111,0.878797,104.207833,97.485299,110.930368,13.445069,0.942995,1.049664,1.018868,1.080460,0.061592,0.956769,0.821223,0.803080,0.839366,0.036286,0.974766,0.987383,0.974766,1.000000,0.025234,0.714286,6.000000,5.000000,7.000000,2.000000,35.791970,1.342693,1.211538,0.460547,0.836164,0.205091,5.467073,26.449553,0.992223,17.106743,0.641739,3.186572,0.119540,72.768061,111.131822,118.154966,104.108678,14.046288,0.881120
sample2_54h,278,101,102,0,-1,0.337858,501.027778,253.055556,749.000000,495.944444,0.635913,85.623037,66.566864,104.679210,38.112347,0.929887,1.193913,1.150538,1.237288,0.086751,0.835485,0.788300,0.717645,0.858956,0.141311,1.000000,1.000000,1.000000,1.000000,0.000000,0.571429,5.500000,4.000000,7.000000,3.000000,19.778641,0.914078,1.031250,0.624255,0.408605,0.675195,14.609738,18.897602,0.873361,9.847466,0.455105,7.625387,0.352411,47.266075,118.154966,118.154966,118.154966,0.000000,1.000000
sample2_54h,279,101,106,0,-1,0.307874,537.500000,253.055556,821.944444,568.888889,0.600078,88.748616,66.566864,110.930368,44.363504,0.823469,1.128078,1.018868,1.237288,0.218420,0.854984,0.778505,0.717645,0.839366,0.121721,0.974766,0.987383,0.974766,1.000000,0.025234,0.571429,5.500000,4.000000,7.000000,3.000000,24.344353,1.092231,1.248000,0.592814,0.390801,0.595401,13.270686,20.012165,0.897864,11.206999,0.502812,7.514486,0.337144,67.212779,117.773085,135.000000,100.546170,34.453830,0.744786
sample2_54h,280,102,106,0,-1,0.911254,785.472222,749.000000,821.944444,72.944444,0.943648,107.804789,104.679210,110.930368,6.251158,0.885558,1.084703,1.018868,1.150538,0.131670,0.977194,0.849161,0.839366,0.858956,0.019590,0.974766,0.987383,0.974766,1.000000,0.025234,1.000000,7.000000,7.000000,7.000000,0.000000,31.998367,1.142035,1.466667,0.581387,0.439297,0.559277,15.670212,24.030322,0.857652,15.392049,0.549349,2.092103,0.074668,74.803722,132.172517,151.845034,112.500000,39.345034,0.740887
sample2_54h,281,102,107,1,10,0.588785,595.000000,441.000000,749.000000,308.000000,0.808213,94.641144,84.603077,104.679210,20.076133,0.922959,1.198556,1.150538,1.246575,0.096038,0.901375,0.816598,0.774241,0.858956,0.084715,1.000000,1.000000,1.000000,1.000000,0.000000,0.714286,6.000000,5.000000,7.000000,2.000000,20.331313,0.840695,1.136752,0.817547,0.074323,1.117209,27.018512,16.381176,0.677358,10.150876,0.419736,3.826969,0.158244,81.560539,152.133296,163.282400,140.984192,22.298208,0.863438
sample2_54h,282,102,113,0,-1,0.892301,708.666667,668.333333,749.000000,80.666667,0.958155,102.489074,100.298938,104.679210,4.380272,0.986175,1.158602,1.150538,1.166667,0.016129,0.971940,0.846905,0.834854,0.858956,0.024102,1.000000,1.000000,1.000000,1.000000,0.000000,0.857143,6.500000,6.000000,7.000000,1.000000,31.559247,1.185992,1.379562,0.567676,0.306836,0.523277,13.924399,24.323617,0.914078,15.542545,0.584087,3.080793,0.115776,71.029135,102.429051,126.090556,78.767547,47.323009,0.624690
sample2_54h,283,103,106,0,-1,0.841027,756.611111,691.277778,821.944444,130.666667,0.933915,107.264936,103.599503,110.930368,7.330865,0.948946,1.046276,1.018868,1.073684,0.054816,0.964263,0.824368,0.809370,0.839366,0.029996,0.974766,0.987383,0.974766,1.000000,0.025234,0.857143,6.500000,6.000000,7.000000,1.000000,29.723521,1.081608,1.416667,0.632384,0.266025,0.748214,20.561561,21.734998,0.790914,14.821935,0.539355,1.853704,0.067454,74.154608,125.424780,150.806194,100.043366,50.762827,0.663390
sample2_54h,284,103,108,0,-1,0.596701,924.888889,691.277778,1158.500000,467.222222,0.772915,118.818406,103.599503,134.037309,30.437805,0.973807,1.088124,1.073684,1.102564,0.028880,0.998832,0.809843,0.809370,0.810316,0.000946,1.000000,1.000000,1.000000,1.000000,0.000000,0.857143,6.500000,6.000000,7.000000,1.000000,41.272856,1.368261,1.194444,0.433087,0.646384,0.098839,2.981424,32.147787,1.065751,20.596776,0.682816,7.165382,0.237544,82.650692,67.500000,78.250717,56.749283,21.501434,0.725224
sample2_54h,285,103,111,0,-1,0.421682,1165.305556,691.277778,1639.333333,948.055556,0.644624,132.156308,103.599503,160.713113,57.113610,0.808497,1.200842,1.073684,1.328000,0.254316,0.985434,0.803475,0.797580,0.809370,0.011790,1.000000,1.000000,1.000000,1.000000,0.000000,0.750000,7.000000,6.000000,8.000000,2.000000,41.195888,1.233764,2.000000,0.548983,0.370671,0.499245,16.670000,34.439661,1.031423,20.423242,0.611650,15.667936,0.469234,70.360834,117.277145,144.554290,90.000000,54.554290,0.622603
sample2_54h,286,103,112,0,-1,0.788717,618.250000,545.222222,691.277778,146.055556,0.997969,103.704935,103.599503,103.810367,0.210864,0.918919,1.121053,1.073684,1.168421,0.094737,0.785516,0.722571,0.635773,0.809370,0.173597,1.000000,1.000000,1.000000,1.000000,0.000000,0.833333,5.500000,5.000000,6.000000,1.000000,35.023983,1.411058,1.385135,0.436231,0.821674,0.376264,9.339284,25.959426,1.045862,15.731515,0.633797,0.553272,0.022290,47.718965,94.989809,99.979618,90.000000,9.979618,0.900183
sample2_54h,287,104,107,0,-1,0.338277,872.333333,441.000000,1303.666667,862.666667,0.614470,111.143876,84.603077,137.684676,53.081599,0.902473,1.185788,1.125000,1.246575,0.121575,0.895923,0.819211,0.774241,0.864182,0.089941,1.000000,1.000000,1.000000,1.000000,0.000000,0.714286,6.000000,5.000000,7.000000,2.000000,33.398405,1.169692,1.758333,0.579951,0.348491,0.487805,13.928388,26.244106,0.919131,15.751515,0.551656,11.602139,0.406335,61.239073,110.407542,130.815084,90.000000,40.815084,0.687994
sample2_54h,288,104,114,0,-1,0.570314,1023.583333,743.500000,1303.666667,560.166667,0.771314,121.941412,106.198149,137.684676,31.486527,0.959862,1.148522,1.125000,1.172043,0.047043,0.958632,0.846307,0.828432,0.864182,0.035750,1.000000,1.000000,1.000000,1.000000,0.000000,0.857143,6.500000,6.000000,7.000000,1.000000,43.708066,1.379379,1.190476,0.510407,0.554750,0.305794,9.689628,31.647676,0.998767,21.670878,0.683910,9.128033,0.288071,82.933329,114.663135,121.717474,107.608796,14.108678,0.884087
sample2_54h,289,104,115,0,-1,0.628100,1061.250000,818.833333,1303.666667,484.833333,0.822333,125.453665,113.222655,137.684676,24.462021,0.953571,1.152388,1.125000,1.179775,0.054775,0.928824,0.833428,0.802673,0.864182,0.061509,1.000000,1.000000,1.000000,1.000000,0.000000,0.857143,6.500000,6.000000,7.000000,1.000000,35.499503,1.096991,1.301887,0.607396,0.321319,0.638965,20.677417,26.517139,0.819422,16.693113,0.515844,4.645620,0.143557,64.359902,116.716105,125.447808,107.984402,17.463406,0.860791
sample2_54h,290,105,108,1,10,0.575457,912.583333,666.666667,1158.500000,491.833333,0.790641,120.006378,105.975447,134.037309,28.061862,0.932890,1.065568,1.028571,1.102564,0.073993,0.920563,0.778132,0.745947,0.810316,0.064369,1.000000,1.000000,1.000000,1.000000,0.000000,0.714286,6.000000,5.000000,7.000000,2.000000,23.867026,0.797473,1.083333,0.841980,0.054790,1.252437,37.483330,17.735470,0.592598,11.822591,0.395030,5.130912,0.171440,12.518102,177.175876,180.000000,174.351753,5.648247,0.968621
sample2_54h,291,105,110,0,-1,0.826000,608.666667,550.666667,666.666667,116.000000,0.875895,99.399380,92.823313,105.975447,13.152134,0.939683,1.061583,1.028571,1.094595,0.066023,0.928803,0.774537,0.745947,0.803128,0.057180,1.000000,1.000000,1.000000,1.000000,0.000000,1.000000,5.000000,5.000000,5.000000,0.000000,27.087842,1.099206,1.078014,0.582292,0.461117,0.744937,18.357560,23.754940,0.963960,13.064128,0.530134,3.737011,0.151645,73.775713,124.290462,136.080924,112.500000,23.580924,0.826714
sample2_54h,292,106,112,0,-1,0.663332,683.583333,545.222222,821.944444,276.722222,0.935816,107.370368,103.810367,110.930368,7.120001,0.872004,1.093644,1.018868,1.168421,0.149553,0.757444,0.737569,0.635773,0.839366,0.203593,0.974766,0.987383,0.974766,1.000000,0.025234,0.714286,6.000000,5.000000,7.000000,2.000000,23.909095,0.919235,1.350746,0.614715,0.297533,0.914326,23.781412,21.156945,0.813423,11.882777,0.456858,4.941822,0.189999,61.146353,112.604108,117.349876,107.858341,9.491535,0.919118
sample2_54h,293,106,113,0,-1,0.813113,745.138889,668.333333,821.944444,153.611111,0.904161,105.614653,100.298938,110.930368,10.631430,0.873315,1.092767,1.018868,1.166667,0.147799,0.994624,0.837110,0.834854,0.839366,0.004513,0.974766,0.987383,0.974766,1.000000,0.025234,0.857143,6.500000,6.000000,7.000000,1.000000,27.845110,1.021432,1.024691,0.627100,0.338117,0.704650,19.209373,22.620791,0.829790,13.865549,0.508625,2.820995,0.103482,82.543244,104.077483,118.154966,90.000000,28.154966,0.761712
sample2_54h,294,107,113,0,-1,0.659850,554.666667,441.000000,668.333333,227.333333,0.843509,92.451008,84.603077,100.298938,15.695861,0.935897,1.206621,1.166667,1.246575,0.079909,0.927397,0.804547,0.774241,0.834854,0.060613,1.000000,1.000000,1.000000,1.000000,0.000000,0.833333,5.500000,5.000000,6.000000,1.000000,32.848737,1.402230,1.220690,0.479043,0.710637,0.305513,7.156970,25.172322,1.074543,14.964994,0.638818,4.025110,0.171822,55.652178,109.350568,118.154966,100.546170,17.608796,0.850969
sample2_54h,295,107,114,0,-1,0.593141,592.250000,441.000000,743.500000,302.500000,0.796653,95.400613,84.603077,106.198149,21.595072,0.940210,1.209309,1.172043,1.246575,0.074532,0.934586,0.801337,0.774241,0.828432,0.054191,1.000000,1.000000,1.000000,1.000000,0.000000,0.833333,5.500000,5.000000,6.000000,1.000000,24.121243,0.999488,1.522936,0.637516,0.259744,0.787284,19.000000,20.057390,0.831098,11.960941,0.495614,5.535497,0.229369,63.834821,105.641190,118.147405,93.134976,25.012429,0.788295
sample2_54h,296,108,110,0,-1,0.475327,854.583333,550.666667,1158.500000,607.833333,0.692518,113.430311,92.823313,134.037309,41.213996,0.992772,1.098579,1.094595,1.102564,0.007970,0.991129,0.806722,0.803128,0.810316,0.007189,1.000000,1.000000,1.000000,1.000000,0.000000,0.714286,6.000000,5.000000,7.000000,2.000000,34.050786,1.184313,1.480620,0.501925,0.528133,0.347808,10.000000,29.013675,1.009118,17.121931,0.595514,10.020489,0.348520,75.054702,96.950084,118.474204,75.425964,43.048240,0.636645
sample2_54h,297,108,111,0,-1,0.706690,1398.916667,1158.500000,1639.333333,480.833333,0.834016,147.375211,134.037309,160.713113,26.675805,0.830244,1.215282,1.102564,1.328000,0.225436,0.984283,0.803948,0.797580,0.810316,0.012736,1.000000,1.000000,1.000000,1.000000,0.000000,0.875000,7.500000,7.000000,8.000000,1.000000,35.914259,0.963812,1.140704,0.664775,0.236493,0.869187,32.388269,28.802531,0.772959,16.933491,0.454435,4.219301,0.113231,65.346049,109.049836,128.099672,90.000000,38.099672,0.702578
sample2_54h,298,108,116,0,-1,0.739318,1007.500000,856.500000,1158.500000,302.000000,0.849539,123.953613,113.869917,134.037309,20.167392,0.969527,1.085765,1.068966,1.102564,0.033599,0.976192,0.820197,0.810316,0.830079,0.019762,1.000000,1.000000,1.000000,1.000000,0.000000,0.857143,6.500000,6.000000,7.000000,1.000000,42.553473,1.344443,1.046154,0.453689,0.680397,0.184224,5.830952,32.692332,1.032888,21.025501,0.664284,6.311966,0.199421,81.533605,90.000000,90.000000,90.000000,0.000000,1.000000
sample2_54h,299,108,119,0,-1,0.797865,1305.250000,1158.500000,1452.000000,293.500000,0.856742,145.243671,134.037309,156.450033,22.412724,0.644774,1.406282,1.102564,1.710000,0.607436,0.919964,0.777889,0.745461,0.810316,0.064855,1.000000,1.000000,1.000000,1.000000,0.000000,0.857143,6.500000,6.000000,7.000000,1.000000,41.243855,1.143410,2.538462,0.628538,0.092319,0.859865,31.016125,31.500225,0.873286,20.619277,0.571631,5.416587,0.150165,83.493734,164.518122,180.000000,149.036243,30.963757,0.827979
sample2_54h,300,109,110,0,-1,0.489409,837.916667,550.666667,1125.166667,574.500000,0.725366,110.395451,92.823313,127.967589,35.144276,0.912162,1.147297,1.094595,1.200000,0.105405,0.930160,0.833278,0.803128,0.863429,0.060302,1.000000,1.000000,1.000000,1.000000,0.000000,0.714286,6.000000,5.000000,7.000000,2.000000,26.881374,0.943044,1.408333,0.734299,0.159523,0.902326,25.720722,21.834015,0.765974,13.238357,0.464424,7.036529,0.246853,67.784384,138.820988,148.282526,129.359451,18.923075,0.872385
sample2_54h,301,109,116,0,-1,0.761221,990.833333,856.500000,1125.166667,268.666667,0.889834,120.918753,113.869917,127.967589,14.097672,0.890805,1.134483,1.068966,1.200000,0.131034,0.961374,0.846754,0.830079,0.863429,0.033351,1.000000,1.000000,1.000000,1.000000,0.000000,0.857143,6.500000,6.000000,7.000000,1.000000,41.543181,1.322831,1.112360,0.463311,0.601514,0.159212,5.000000,31.670951,1.008476,20.522691,0.653490,5.082247,0.161830,80.779197,98.571719,107.143438,90.000000,17.143438,0.839995
sample2_54h,302,109,118,1,14,0.861650,1047.333333,969.500000,1125.166667,155.666667,0.993756,128.369595,127.967589,128.771601,0.804012,0.628966,1.553947,1.200000,1.907895,0.707895,0.850924,0.799071,0.734713,0.863429,0.128717,1.000000,1.000000,1.000000,1.000000,0.000000,0.857143,6.500000,6.000000,7.000000,1.000000,39.298202,1.215152,2.620000,0.604352,0.134150,0.742756,24.020824,30.702747,0.949369,19.567169,0.605043,0.869189,0.026876,80.359448,156.575242,170.020382,143.130102,26.890280,0.841841
sample2_54h,303,110,116,1,4,0.642927,703.583333,550.666667,856.500000,305.833333,0.815170,103.346615,92.823313,113.869917,21.046604,0.976586,1.081780,1.068966,1.094595,0.025629,0.967532,0.816603,0.803128,0.830079,0.026951,1.000000,1.000000,1.000000,1.000000,0.000000,0.833333,5.500000,5.000000,6.000000,1.000000,27.418010,1.039894,1.965517,0.685165,0.080777,0.873155,23.021729,19.031093,0.721800,13.706504,0.519852,4.477632,0.169825,88.018219,144.225528,149.036243,139.414813,9.621430,0.935442
sample2_54h,304,111,112,1,12,0.332588,1092.277778,545.222222,1639.333333,1094.111111,0.645936,132.261740,103.810367,160.713113,56.902746,0.879835,1.248211,1.168421,1.328000,0.159579,0.797127,0.716677,0.635773,0.797580,0.161808,1.000000,1.000000,1.000000,1.000000,0.000000,0.625000,6.500000,5.000000,8.000000,3.000000,23.386791,0.732684,1.044025,0.846478,0.064544,1.322678,42.219006,20.216512,0.633363,11.693011,0.366330,9.920026,0.310784,14.580165,163.318200,180.000000,146.636401,33.363599,0.814647
sample2_54h,305,111,117,0,-1,0.504880,1233.500000,827.666667,1639.333333,811.666667,0.700680,136.660757,112.608400,160.713113,48.104713,0.794846,1.191778,1.055556,1.328000,0.272444,0.972413,0.808894,0.797580,0.820208,0.022627,1.000000,1.000000,1.000000,1.000000,0.000000,0.750000,7.000000,6.000000,8.000000,2.000000,43.109576,1.244900,1.274194,0.465987,0.560104,0.222230,7.695598,32.878722,0.949458,21.684151,0.626186,9.583585,0.276751,76.605258,82.372441,90.000000,74.744881,15.255119,0.830499
sample2_54h,306,111,119,0,-1,0.885726,1545.666667,1452.000000,1639.333333,187.333333,0.973474,158.581573,156.450033,160.713113,4.263080,0.776608,1.519000,1.328000,1.710000,0.382000,0.934654,0.771521,0.745461,0.797580,0.052119,1.000000,1.000000,1.000000,1.000000,0.000000,0.750000,7.000000,6.000000,8.000000,2.000000,41.388543,1.053227,1.211009,0.490149,0.748940,0.453473,17.820089,34.762726,0.884618,18.387397,0.467910,1.430964,0.036414,52.188843,89.767321,90.000000,89.534642,0.465358,0.994829
sample2_54h,307,111,122,0,-1,0.422377,1165.875000,692.416667,1639.333333,946.916667,0.698018,136.446851,112.180588,160.713113,48.532525,0.902625,1.399632,1.328000,1.471264,0.143264,0.866897,0.744500,0.691420,0.797580,0.106160,1.000000,1.000000,1.000000,1.000000,0.000000,0.875000,7.500000,7.000000,8.000000,1.000000,50.438658,1.510083,1.314010,0.424606,0.832208,0.152660,5.099020,35.058187,1.049607,23.963940,0.717456,13.227327,0.396013,48.094015,94.215582,111.595310,76.835853,34.759457,0.688522
sample2_54h,308,111,123,0,-1,0.628270,1334.638889,1029.944444,1639.333333,609.388889,0.818899,146.160430,131.607747,160.713113,29.105367,0.836822,1.457478,1.328000,1.586957,0.258957,0.936885,0.772411,0.747241,0.797580,0.050339,1.000000,1.000000,1.000000,1.000000,0.000000,0.750000,7.000000,6.000000,8.000000,2.000000,46.488491,1.281002,1.940789,0.495242,0.417216,0.441840,16.034685,34.549171,0.952011,23.109307,0.636783,5.297475,0.145973,78.006389,122.960902,151.107279,94.814524,56.292754,0.627465
sample2_54h,309,111,124,0,-1,0.380338,1131.416667,623.500000,1639.333333,1015.833333,0.623571,130.464548,100.215983,160.713113,60.497131,0.803829,1.197742,1.067485,1.328000,0.260515,0.978133,0.788860,0.780140,0.797580,0.017441,1.000000,1.000000,1.000000,1.000000,0.000000,0.500000,6.000000,4.000000,8.000000,4.000000,38.410784,1.173589,1.842697,0.613123,0.210380,0.696209,22.786448,28.095757,0.858427,18.750296,0.572890,13.654849,0.417205,74.790299,133.097984,159.052529,107.143438,51.909091,0.673636
sample2_54h,310,112,113,0,-1,0.815794,606.777778,545.222222,668.333333,123.111111,0.966175,102.054653,100.298938,103.810367,3.511429,0.998498,1.167544,1.166667,1.168421,0.001754,0.761538,0.735313,0.635773,0.834854,0.199081,1.000000,1.000000,1.000000,1.000000,0.000000,0.833333,5.500000,5.000000,6.000000,1.000000,29.420761,1.195914,1.747748,0.451844,0.695202,0.414536,10.198039,26.082180,1.060205,14.559875,0.591839,3.562550,0.144813,74.116559,110.164257,115.754478,104.574036,11.180442,0.903412
sample2_54h,311,112,117,0,-1,0.658746,686.444444,545.222222,827.666667,282.444444,0.921871,108.209384,103.810367,112.608400,8.798033,0.903403,1.111988,1.055556,1.168421,0.112865,0.775137,0.727990,0.635773,0.820208,0.184435,1.000000,1.000000,1.000000,1.000000,0.000000,0.833333,5.500000,5.000000,6.000000,1.000000,31.441126,1.206509,1.017341,0.533225,0.280107,0.701186,18.272627,24.985141,0.958769,15.494630,0.594584,3.775394,0.144875,83.569982,133.766162,146.239284,121.293039,24.946245,0.829415
sample2_54h,312,113,114,1,8,0.898902,705.916667,668.333333,743.500000,75.166667,0.944451,103.248544,100.298938,106.198149,5.899211,0.995413,1.169355,1.166667,1.172043,0.005376,0.992308,0.831643,0.828432,0.834854,0.006421,1.000000,1.000000,1.000000,1.000000,0.000000,1.000000,6.000000,6.000000,6.000000,0.000000,25.487415,0.959628,1.630631,0.751053,0.084524,0.994017,26.400758,19.231791,0.724098,12.544968,0.472331,0.562127,0.021165,66.961751,157.677334,163.113209,152.241459,10.871749,0.933348
sample2_54h,313,113,117,0,-1,0.807491,748.000000,668.333333,827.666667,159.333333,0.890688,106.453669,100.298938,112.608400,12.309462,0.904762,1.111111,1.055556,1.166667,0.111111,0.982457,0.827531,0.820208,0.834854,0.014646,1.000000,1.000000,1.000000,1.000000,0.000000,1.000000,6.000000,6.000000,6.000000,0.000000,26.344284,0.964615,1.288889,0.681494,0.181150,0.857152,23.409400,20.745950,0.759628,13.167786,0.482148,1.853314,0.067860,77.536907,112.968200,123.690068,102.246333,21.443735,0.826633
sample2_54h,314,114,115,0,-1,0.907999,781.166667,743.500000,818.833333,75.333333,0.937958,109.710402,106.198149,113.222655,7.024506,0.993446,1.175909,1.172043,1.179775,0.007732,0.968906,0.815553,0.802673,0.828432,0.025759,1.000000,1.000000,1.000000,1.000000,0.000000,1.000000,6.000000,6.000000,6.000000,0.000000,25.004286,0.894889,1.540541,0.729212,0.158310,0.990245,27.668675,20.321601,0.727298,12.301086,0.440249,0.950110,0.034004,64.776264,119.559361,120.963757,118.154966,2.808790,0.976780
sample2_54h,315,114,117,0,-1,0.898308,785.583333,743.500000,827.666667,84.166667,0.943075,109.403274,106.198149,112.608400,6.410251,0.900612,1.113799,1.055556,1.172043,0.116487,0.990072,0.824320,0.820208,0.828432,0.008225,1.000000,1.000000,1.000000,1.000000,0.000000,1.000000,6.000000,6.000000,6.000000,0.000000,37.917377,1.353313,1.352564,0.452839,0.703936,0.178455,5.000000,30.150291,1.076097,18.175196,0.648693,0.202112,0.007214,63.727909,99.186007,104.392723,93.979292,10.413431,0.900248
sample2_54h,316,114,120,0,-1,0.851173,808.500000,743.500000,873.500000,130.000000,0.923865,110.574013,106.198149,114.949878,8.751729,0.844961,1.279570,1.172043,1.387097,0.215054,0.997243,0.829577,0.828432,0.830722,0.002290,1.000000,1.000000,1.000000,1.000000,0.000000,0.750000,7.000000,6.000000,8.000000,2.000000,33.864934,1.191961,1.615385,0.598427,0.261389,0.649010,18.439089,25.605359,0.901244,16.920997,0.595577,2.971268,0.104581,83.932266,117.716512,130.364537,105.068488,25.296048,0.805959
sample2_54h,317,115,120,0,-1,0.937417,846.166667,818.833333,873.500000,54.666667,0.984974,114.086266,113.222655,114.949878,1.727223,0.850536,1.283436,1.179775,1.387097,0.207321,0.966235,0.816698,0.802673,0.830722,0.028049,1.000000,1.000000,1.000000,1.000000,0.000000,0.750000,7.000000,6.000000,8.000000,2.000000,39.837077,1.369671,1.021277,0.457833,0.730550,0.217450,6.324555,30.173931,1.037434,19.297711,0.663490,1.319841,0.045379,68.398360,97.287018,104.574036,90.000000,14.574036,0.860634
sample2_54h,318,115,121,1,10,0.891919,774.583333,730.333333,818.833333,88.500000,0.937810,109.701984,106.181314,113.222655,7.041341,0.884076,1.111393,1.043011,1.179775,0.136765,0.986061,0.808346,0.802673,0.814019,0.011346,1.000000,1.000000,1.000000,1.000000,0.000000,0.833333,5.500000,5.000000,6.000000,1.000000,26.416183,0.949540,1.771429,0.747274,0.058741,1.042417,29.000000,19.161991,0.688785,13.153492,0.472808,1.231582,0.044270,79.313127,153.909732,157.750976,150.068488,7.682488,0.951300
sample2_54h,319,116,118,0,-1,0.883445,913.000000,856.500000,969.500000,113.000000,0.884278,121.320759,113.869917,128.771601,14.901684,0.560285,1.488430,1.068966,1.907895,0.838929,0.885112,0.782396,0.734713,0.830079,0.095366,1.000000,1.000000,1.000000,1.000000,0.000000,1.000000,6.000000,6.000000,6.000000,0.000000,27.959346,0.925763,1.038217,0.618317,0.374224,0.827776,25.000000,22.606083,0.748511,13.241714,0.438447,0.594023,0.019669,43.691617,107.241977,124.483954,90.000000,34.483954,0.722985
sample2_54h,320,116,119,0,-1,0.589876,1154.250000,856.500000,1452.000000,595.500000,0.727836,135.159975,113.869917,156.450033,42.580116,0.625126,1.389483,1.068966,1.710000,0.641034,0.898061,0.787770,0.745461,0.830079,0.084617,1.000000,1.000000,1.000000,1.000000,0.000000,1.000000,6.000000,6.000000,6.000000,0.000000,33.226008,0.986357,1.005376,0.608629,0.396794,0.771844,26.000000,27.592020,0.819105,15.172484,0.450415,4.741559,0.140759,46.948329,116.357076,122.811367,109.902786,12.908581,0.894891
sample2_54h,321,116,125,0,-1,0.791712,969.166667,856.500000,1081.833333,225.333333,0.875821,121.942503,113.869917,130.015090,16.145173,0.958678,1.046879,1.024793,1.068966,0.044172,0.968865,0.817157,0.804235,0.830079,0.025844,1.000000,1.000000,1.000000,1.000000,0.000000,0.833333,5.500000,5.000000,6.000000,1.000000,31.603611,1.016892,1.701613,0.705197,0.163887,0.933672,29.017236,28.115137,0.904645,15.630555,0.502936,2.663844,0.085713,74.226995,170.048607,180.000000,160.097214,19.902786,0.889429
sample2_54h,322,117,120,0,-1,0.947529,850.583333,827.666667,873.500000,45.833333,0.979630,113.779139,112.608400,114.949878,2.341478,0.760982,1.221326,1.055556,1.387097,0.331541,0.987343,0.825465,0.820208,0.830722,0.010515,1.000000,1.000000,1.000000,1.000000,0.000000,0.750000,7.000000,6.000000,8.000000,2.000000,28.283034,0.969855,1.074074,0.708474,0.162242,0.923315,26.925824,21.648612,0.742354,13.995285,0.479913,1.000751,0.034317,80.409049,129.093859,155.658910,102.528808,53.130102,0.658676
sample2_54h,323,117,122,1,4,0.836589,760.041667,692.416667,827.666667,135.250000,0.996201,112.394494,112.180588,112.608400,0.427812,0.717448,1.263410,1.055556,1.471264,0.415709,0.842982,0.755814,0.691420,0.820208,0.128788,1.000000,1.000000,1.000000,1.000000,0.000000,0.857143,6.500000,6.000000,7.000000,1.000000,26.470484,0.961113,1.658120,0.726252,0.012719,1.136646,31.304952,21.098250,0.766053,13.030825,0.473134,1.068074,0.038781,78.605729,172.947321,173.659808,172.234834,1.424974,0.991794
sample2_54h,324,118,125,0,-1,0.896164,1025.666667,969.500000,1081.833333,112.333333,0.990436,129.393345,128.771601,130.015090,1.243489,0.537133,1.466344,1.024793,1.907895,0.883101,0.913555,0.769474,0.734713,0.804235,0.069522,1.000000,1.000000,1.000000,1.000000,0.000000,0.833333,5.500000,5.000000,6.000000,1.000000,37.497967,1.171298,1.041885,0.521682,0.469017,0.570009,18.248288,28.672167,0.895613,16.876028,0.527145,5.031780,0.157174,55.176468,95.528355,101.056710,90.000000,11.056710,0.890589
sample2_54h,325,118,128,0,-1,0.915879,928.722222,887.944444,969.500000,81.555556,0.954200,125.822752,122.873903,128.771601,5.897698,0.687313,1.609608,1.311321,1.907895,0.596574,0.994125,0.736883,0.734713,0.739054,0.004342,1.000000,1.000000,1.000000,1.000000,0.000000,1.000000,6.000000,6.000000,6.000000,0.000000,51.086242,1.676740,1.704403,0.408942,0.900700,0.209020,6.368324,36.888800,1.210755,25.126121,0.824683,0.042111,0.001382,70.735471,141.831062,175.108796,108.553328,66.555469,0.619919
sample2_54h,326,119,123,0,-1,0.709328,1240.972222,1029.944444,1452.000000,422.055556,0.841213,144.028890,131.607747,156.450033,24.842286,0.928045,1.648478,1.586957,1.710000,0.123043,0.997618,0.746351,0.745461,0.747241,0.001780,1.000000,1.000000,1.000000,1.000000,0.000000,1.000000,6.000000,6.000000,6.000000,0.000000,30.272461,0.862489,1.278481,0.720135,0.148360,1.138884,39.973602,22.956326,0.654046,13.480614,0.384075,3.851821,0.109742,42.688830,98.804398,107.608796,90.000000,17.608796,0.836363
sample2_54h,327,119,125,0,-1,0.745064,1266.916667,1081.833333,1452.000000,370.166667,0.831033,143.232561,130.015090,156.450033,26.434943,0.599294,1.367397,1.024793,1.710000,0.685207,0.926920,0.774848,0.745461,0.804235,0.058773,1.000000,1.000000,1.000000,1.000000,0.000000,0.833333,5.500000,5.000000,6.000000,1.000000,32.198384,0.907043,1.000000,0.602123,0.379136,0.795895,28.252827,27.784691,0.782708,15.592106,0.439237,2.367019,0.066680,61.869634,103.695602,117.391204,90.000000,27.391204,0.766667
sample2_54h,328,119,131,0,-1,0.552456,1127.083333,802.166667,1452.000000,649.833333,0.717657,134.363737,112.277442,156.450033,44.172591,0.608423,1.375202,1.040404,1.710000,0.669596,0.932257,0.772546,0.745461,0.799631,0.054169,1.000000,1.000000,1.000000,1.000000,0.000000,1.000000,6.000000,6.000000,6.000000,0.000000,47.565522,1.432100,2.157025,0.483877,0.540628,0.403067,13.387390,33.713828,1.015054,23.199732,0.698496,12.587881,0.378995,76.220565,148.695602,180.000000,117.391204,62.608796,0.652173
sample2_54h,329,120,121,0,-1,0.836100,801.916667,730.333333,873.500000,143.166667,0.923718,110.565596,106.181314,114.949878,8.768564,0.751938,1.215054,1.043011,1.387097,0.344086,0.979894,0.822371,0.814019,0.830722,0.016703,1.000000,1.000000,1.000000,1.000000,0.000000,0.625000,6.500000,5.000000,8.000000,3.000000,29.618685,1.046972,1.418605,0.552088,0.468045,0.531402,15.033296,23.849971,0.843057,14.807258,0.523412,0.297024,0.010499,81.863254,103.672197,108.434949,98.909444,9.525504,0.912155
sample2_54h,330,120,122,0,-1,0.792692,782.958333,692.416667,873.500000,181.083333,0.975909,113.565233,112.180588,114.949878,2.769290,0.942792,1.429181,1.387097,1.471264,0.084168,0.832312,0.761071,0.691420,0.830722,0.139302,1.000000,1.000000,1.000000,1.000000,0.000000,0.875000,7.500000,7.000000,8.000000,1.000000,33.902648,1.213651,1.099379,0.410723,0.925549,0.147599,4.123106,28.785595,1.030470,15.952443,0.571068,1.360597,0.048707,48.191535,85.804339,94.891204,76.717474,18.173729,0.808478
sample2_54h,331,120,126,0,-1,0.911213,834.722222,795.944444,873.500000,77.555556,0.987387,115.684096,114.949878,116.418314,1.468436,0.921281,1.446357,1.387097,1.505618,0.118521,0.888371,0.784356,0.737989,0.830722,0.092733,1.000000,1.000000,1.000000,1.000000,0.000000,0.625000,6.500000,5.000000,8.000000,3.000000,34.050217,1.178871,1.431507,0.556462,0.361597,0.643998,18.601075,24.244816,0.839393,16.120592,0.558120,1.656328,0.057345,63.603887,101.402845,126.090556,76.715134,49.375422,0.608413
sample2_54h,332,120,127,1,2,0.680023,733.750000,594.000000,873.500000,279.500000,0.845281,106.057390,97.164903,114.949878,17.784975,0.782286,1.236102,1.085106,1.387097,0.301990,0.951747,0.810680,0.790638,0.830722,0.040084,1.000000,1.000000,1.000000,1.000000,0.000000,0.625000,6.500000,5.000000,8.000000,3.000000,31.307374,1.161099,1.359712,0.641159,0.192391,0.788482,21.260292,23.301468,0.864183,15.299189,0.567402,5.101189,0.189188,76.296012,159.485838,162.170266,156.801409,5.368856,0.966894
sample2_54h,333,120,129,0,-1,0.619729,707.416667,541.333333,873.500000,332.166667,0.844453,106.009829,97.069779,114.949878,17.880098,0.860201,1.290139,1.193182,1.387097,0.193915,0.869062,0.776336,0.721949,0.830722,0.108773,1.000000,1.000000,1.000000,1.000000,0.000000,0.625000,6.500000,5.000000,8.000000,3.000000,40.513249,1.533965,2.008929,0.429180,0.839675,0.160640,4.242641,29.039197,1.099520,19.054904,0.721481,3.666032,0.138808,45.403970,119.400324,121.409444,117.391204,4.018241,0.966903
sample2_54h,334,121,126,0,-1,0.917568,763.138889,730.333333,795.944444,65.611111,0.912067,111.299814,106.181314,116.418314,10.237000,0.692746,1.274314,1.043011,1.505618,0.462607,0.906599,0.776004,0.737989,0.814019,0.076030,1.000000,1.000000,1.000000,1.000000,0.000000,1.000000,5.000000,5.000000,5.000000,0.000000,27.324085,0.989337,1.420635,0.647265,0.320169,0.913517,25.230053,23.440565,0.848724,12.672280,0.458832,0.518892,0.018788,52.001903,141.641263,148.282526,135.000000,13.282526,0.910424
sample2_54h,335,122,124,0,-1,0.900469,657.958333,623.500000,692.416667,68.916667,0.893345,106.198285,100.215983,112.180588,11.964605,0.725556,1.269375,1.067485,1.471264,0.403780,0.886277,0.735780,0.691420,0.780140,0.088720,1.000000,1.000000,1.000000,1.000000,0.000000,0.571429,5.500000,4.000000,7.000000,3.000000,21.817364,0.850848,1.210938,0.657090,0.261541,1.048259,26.879360,18.234647,0.711127,10.671459,0.416173,0.357698,0.013950,60.128050,112.671146,118.154966,107.187325,10.967641,0.907176
sample2_54h,336,122,127,0,-1,0.857865,643.208333,594.000000,692.416667,98.416667,0.866147,104.672745,97.164903,112.180588,15.015685,0.737533,1.278185,1.085106,1.471264,0.386158,0.874509,0.741029,0.691420,0.790638,0.099218,1.000000,1.000000,1.000000,1.000000,0.000000,0.714286,6.000000,5.000000,7.000000,2.000000,23.337926,0.920884,1.181818,0.706575,0.074367,1.146039,29.044028,18.465284,0.728616,11.414399,0.450397,1.328581,0.052424,66.389536,143.221835,169.293988,117.149682,52.144306,0.691990
sample2_54h,337,122,130,0,-1,0.987724,688.166667,683.916667,692.416667,8.500000,0.955190,109.667166,107.153743,112.180588,5.026845,0.993389,1.466401,1.461538,1.471264,0.009726,0.923727,0.719966,0.691420,0.748511,0.057091,1.000000,1.000000,1.000000,1.000000,0.000000,0.857143,6.500000,6.000000,7.000000,1.000000,32.645656,1.244459,1.447917,0.433742,0.700170,0.374472,9.823441,25.545750,0.973809,13.843989,0.527736,1.432651,0.054613,35.873067,88.069634,90.000000,86.139267,3.860733,0.957103
sample2_54h,338,122,132,0,-1,0.873511,648.625000,604.833333,692.416667,87.583333,0.920930,107.745544,103.310500,112.180588,8.870088,0.932997,1.524094,1.471264,1.576923,0.105659,0.970924,0.701773,0.691420,0.712126,0.020706,1.000000,1.000000,1.000000,1.000000,0.000000,0.714286,6.000000,5.000000,7.000000,2.000000,39.206236,1.540303,2.827586,0.392958,0.674889,0.232057,5.906682,29.127981,1.144357,19.132733,0.751671,3.803422,0.149426,72.819074,125.679647,151.845034,99.514260,52.330774,0.655367
sample2_54h,339,123,124,0,-1,0.605372,826.722222,623.500000,1029.944444,406.444444,0.761475,115.911865,100.215983,131.607747,31.391764,0.672662,1.327221,1.067485,1.586957,0.519472,0.957830,0.763690,0.747241,0.780140,0.032899,1.000000,1.000000,1.000000,1.000000,0.000000,0.666667,5.000000,4.000000,6.000000,2.000000,25.255042,0.885168,1.099315,0.655866,0.237249,0.943438,26.917570,22.332580,0.782738,12.353264,0.432971,3.795612,0.133033,55.648577,101.100798,140.356562,61.845034,78.511528,0.440628
sample2_54h,340,123,130,0,-1,0.664033,856.930556,683.916667,1029.944444,346.027778,0.814190,119.380745,107.153743,131.607747,24.454003,0.920969,1.524247,1.461538,1.586957,0.125418,0.998303,0.747876,0.747241,0.748511,0.001270,1.000000,1.000000,1.000000,1.000000,0.000000,1.000000,6.000000,6.000000,6.000000,0.000000,34.084110,1.170379,1.211310,0.447489,0.827080,0.332722,9.689628,28.888358,0.991968,14.482185,0.497289,3.083766,0.105890,33.981088,85.995080,93.739443,78.250717,15.488726,0.834768
sample2_54h,341,123,131,0,-1,0.778845,916.055556,802.166667,1029.944444,227.777778,0.853122,121.942594,112.277442,131.607747,19.330305,0.655597,1.313680,1.040404,1.586957,0.546552,0.934483,0.773436,0.747241,0.799631,0.052390,1.000000,1.000000,1.000000,1.000000,0.000000,1.000000,6.000000,6.000000,6.000000,0.000000,37.437425,1.239336,1.145251,0.466435,0.619686,0.359434,10.857665,29.277454,0.969207,17.183451,0.568844,4.258521,0.140975,60.919833,98.571719,107.143438,90.000000,17.143438,0.839995
sample2_54h,342,123,133,1,14,0.794915,1162.805556,1029.944444,1295.666667,265.722222,0.962902,134.142979,131.607747,136.678211,5.070464,0.722485,1.366754,1.146552,1.586957,0.440405,0.857346,0.809408,0.747241,0.871575,0.124334,1.000000,1.000000,1.000000,1.000000,0.000000,0.750000,7.000000,6.000000,8.000000,2.000000,38.812163,1.140057,2.055556,0.650140,0.146556,0.826417,28.134597,30.112401,0.884513,19.338309,0.568038,2.929739,0.086057,82.802663,170.128830,180.000000,160.257660,19.742340,0.890320
sample2_54h,343,124,130,1,8,0.911661,653.708333,623.500000,683.916667,60.416667,0.935254,103.684863,100.215983,107.153743,6.937761,0.730384,1.264512,1.067485,1.461538,0.394054,0.959458,0.764325,0.748511,0.780140,0.031628,1.000000,1.000000,1.000000,1.000000,0.000000,0.666667,5.000000,4.000000,6.000000,2.000000,28.562720,1.117438,2.174157,0.640939,0.031487,0.924561,23.632605,24.292194,0.950366,14.272257,0.558363,1.580702,0.061841,88.029684,151.845034,151.845034,151.845034,0.000000,1.000000
sample2_54h,344,125,128,1,6,0.820777,984.888889,887.944444,1081.833333,193.888889,0.945074,126.444496,122.873903,130.015090,7.141187,0.781497,1.168057,1.024793,1.311321,0.286527,0.918954,0.771644,0.739054,0.804235,0.065180,1.000000,1.000000,1.000000,1.000000,0.000000,0.833333,5.500000,5.000000,6.000000,1.000000,25.792403,0.822860,1.398551,0.789965,0.095273,1.210314,37.937082,20.412567,0.651226,12.428821,0.396519,1.999078,0.063777,41.669153,156.715891,171.090556,142.341226,28.749330,0.831964
sample2_54h,345,125,131,0,-1,0.741488,942.000000,802.166667,1081.833333,279.666667,0.863572,121.146266,112.277442,130.015090,17.737648,0.984996,1.032599,1.024793,1.040404,0.015611,0.994276,0.801933,0.799631,0.804235,0.004604,1.000000,1.000000,1.000000,1.000000,0.000000,0.833333,5.500000,5.000000,6.000000,1.000000,36.968100,1.207836,1.068966,0.541101,0.512562,0.541043,16.559656,28.831852,0.942005,18.024895,0.588916,6.835859,0.223344,84.042822,105.731903,125.217593,86.246214,38.971379,0.688771
sample2_54h,346,126,129,1,8,0.680114,668.638889,541.333333,795.944444,254.611111,0.833802,106.744047,97.069779,116.418314,19.348535,0.792486,1.349400,1.193182,1.505618,0.312436,0.978265,0.729969,0.721949,0.737989,0.016040,1.000000,1.000000,1.000000,1.000000,0.000000,1.000000,5.000000,5.000000,5.000000,0.000000,19.520442,0.758384,1.229508,0.813355,0.038220,1.354896,34.874378,16.705629,0.649026,9.673990,0.375842,2.394069,0.093011,33.746680,175.626919,180.000000,171.253838,8.746162,0.951410
sample2_54h,347,126,135,0,-1,0.841033,871.166667,795.944444,946.388889,150.444444,0.942597,119.963191,116.418314,123.508069,7.089755,0.675533,1.261356,1.017094,1.505618,0.488524,0.946588,0.758810,0.737989,0.779631,0.041641,1.000000,1.000000,1.000000,1.000000,0.000000,0.833333,5.500000,5.000000,6.000000,1.000000,37.713095,1.278932,2.136752,0.464232,0.483260,0.385831,11.377365,31.141562,1.056077,19.297839,0.654431,1.594037,0.054057,76.426464,108.150324,162.391204,53.909444,108.481759,0.331973
sample2_54h,348,127,129,0,-1,0.911336,567.666667,541.333333,594.000000,52.666667,0.999021,97.117341,97.069779,97.164903,0.095123,0.909422,1.139144,1.085106,1.193182,0.108075,0.913123,0.756293,0.721949,0.790638,0.068689,1.000000,1.000000,1.000000,1.000000,0.000000,1.000000,5.000000,5.000000,5.000000,0.000000,23.444406,0.984259,1.144928,0.624450,0.227246,0.904335,21.540659,17.331118,0.727607,11.485855,0.482207,0.947995,0.039799,67.047024,115.016475,136.218875,93.814075,42.404800,0.688701
sample2_54h,349,127,132,0,-1,0.982089,599.416667,594.000000,604.833333,10.833333,0.940513,100.237701,97.164903,103.310500,6.145597,0.688116,1.331015,1.085106,1.576923,0.491817,0.900698,0.751382,0.712126,0.790638,0.078512,1.000000,1.000000,1.000000,1.000000,0.000000,1.000000,5.000000,5.000000,5.000000,0.000000,28.315064,1.156532,1.488372,0.532024,0.399833,0.657622,16.100380,21.872525,0.893386,14.003379,0.571970,1.131457,0.046214,88.135446,83.660736,105.476437,61.845034,43.631404,0.586340
sample2_54h,350,127,134,0,-1,0.648472,755.000000,594.000000,916.000000,322.000000,0.814147,108.255306,97.164903,119.345709,22.180807,0.692621,1.325887,1.085106,1.566667,0.481560,0.978331,0.799394,0.790638,0.808150,0.017512,1.000000,1.000000,1.000000,1.000000,0.000000,0.833333,5.500000,5.000000,6.000000,1.000000,37.233355,1.362920,2.521277,0.483663,0.536424,0.337480,9.219544,28.603854,1.047039,18.071837,0.661516,8.325684,0.304760,79.271243,128.358737,135.000000,121.717474,13.282526,0.901611
sample2_54h,351,128,131,0,-1,0.903397,845.055556,802.166667,887.944444,85.777778,0.913762,117.575672,112.277442,122.873903,10.596461,0.793402,1.175862,1.040404,1.311321,0.270917,0.924245,0.769343,0.739054,0.799631,0.060576,1.000000,1.000000,1.000000,1.000000,0.000000,1.000000,6.000000,6.000000,6.000000,0.000000,31.822951,1.095060,1.352518,0.541499,0.507067,0.638435,18.553227,26.734082,0.919947,15.751805,0.542035,2.402373,0.082668,89.506092,115.017357,123.189680,106.845034,16.344647,0.867321
sample2_54h,352,129,134,0,-1,0.590975,728.666667,541.333333,916.000000,374.666667,0.813350,108.207744,97.069779,119.345709,22.275930,0.761605,1.379924,1.193182,1.566667,0.373485,0.893336,0.765049,0.721949,0.808150,0.086200,1.000000,1.000000,1.000000,1.000000,0.000000,0.833333,5.500000,5.000000,6.000000,1.000000,30.659429,1.145460,1.324675,0.520520,0.463861,0.538825,14.422205,24.838285,0.927978,14.511230,0.542151,6.077053,0.227043,54.350996,102.843436,106.414271,99.272602,7.141669,0.932888
sample2_54h,353,129,135,0,-1,0.571999,743.861111,541.333333,946.388889,405.055556,0.785939,110.288924,97.069779,123.508069,26.438289,0.852422,1.105138,1.017094,1.193182,0.176088,0.926014,0.750790,0.721949,0.779631,0.057681,1.000000,1.000000,1.000000,1.000000,0.000000,0.833333,5.500000,5.000000,6.000000,1.000000,27.020006,1.000185,1.518519,0.599460,0.378132,0.813988,21.989897,23.766564,0.879754,13.373704,0.495047,4.123079,0.152622,87.165273,143.422517,151.845034,135.000000,16.845034,0.889064
sample2_54h,354,130,132,0,-1,0.884367,644.375000,604.833333,683.916667,79.083333,0.964133,105.232122,103.310500,107.153743,3.843243,0.926829,1.519231,1.461538,1.576923,0.115385,0.951389,0.730318,0.712126,0.748511,0.036386,1.000000,1.000000,1.000000,1.000000,0.000000,0.833333,5.500000,5.000000,6.000000,1.000000,21.639259,0.852860,1.097826,0.672809,0.218299,1.090099,27.658633,16.502090,0.650391,10.129933,0.399247,0.972527,0.038330,40.789035,121.696176,122.259248,121.133103,1.126145,0.990789
sample2_54h,355,130,133,0,-1,0.527849,989.791667,683.916667,1295.666667,611.750000,0.783986,121.915977,107.153743,136.678211,29.524468,0.784483,1.304045,1.146552,1.461538,0.314987,0.858803,0.810043,0.748511,0.871575,0.123063,1.000000,1.000000,1.000000,1.000000,0.000000,0.750000,7.000000,6.000000,8.000000,2.000000,28.653679,0.922123,1.072785,0.708254,0.201894,0.907846,28.210026,22.933441,0.738037,13.712721,0.441298,7.637684,0.245793,60.801980,109.780219,119.798663,99.761775,20.036889,0.832745
sample2_54h,356,130,136,0,-1,0.642779,873.958333,683.916667,1064.000000,380.083333,0.766930,123.435758,107.153743,139.717772,32.564029,0.983217,1.474012,1.461538,1.486486,0.024948,0.915061,0.716722,0.684933,0.748511,0.063578,1.000000,1.000000,1.000000,1.000000,0.000000,0.857143,6.500000,6.000000,7.000000,1.000000,48.264453,1.642463,2.033333,0.413085,0.627128,0.276988,8.139410,34.803902,1.184394,24.066939,0.819010,8.262679,0.281183,82.951959,116.572841,134.236237,98.909444,35.326793,0.736831
sample2_54h,357,131,133,0,-1,0.619115,1048.916667,802.166667,1295.666667,493.500000,0.821473,124.477826,112.277442,136.678211,24.400769,0.907420,1.093478,1.040404,1.146552,0.106148,0.917455,0.835603,0.799631,0.871575,0.071944,1.000000,1.000000,1.000000,1.000000,0.000000,0.750000,7.000000,6.000000,8.000000,2.000000,34.543183,1.074139,1.356688,0.600067,0.358041,0.611897,19.677963,26.204897,0.814855,16.016452,0.498040,5.829858,0.181283,56.446635,75.922517,90.000000,61.845034,28.154966,0.687167
sample2_54h,358,132,134,1,10,0.660298,760.416667,604.833333,916.000000,311.166667,0.865641,111.328105,103.310500,119.345709,16.035209,0.993496,1.571795,1.566667,1.576923,0.010256,0.881181,0.760138,0.712126,0.808150,0.096024,1.000000,1.000000,1.000000,1.000000,0.000000,0.833333,5.500000,5.000000,6.000000,1.000000,22.460355,0.818842,1.302326,0.810292,0.042301,1.259225,34.539832,18.945216,0.690689,10.736025,0.391405,3.473675,0.126640,44.263851,168.261905,171.090556,165.433255,5.657300,0.966934
sample2_54h,359,132,136,0,-1,0.568452,834.416667,604.833333,1064.000000,459.166667,0.739423,121.514136,103.310500,139.717772,36.407273,0.942650,1.531705,1.486486,1.576923,0.090437,0.961815,0.698529,0.684933,0.712126,0.027193,1.000000,1.000000,1.000000,1.000000,0.000000,0.714286,6.000000,5.000000,7.000000,2.000000,34.928965,1.221028,2.157895,0.499902,0.470988,0.667862,19.104973,26.760203,0.935469,14.002574,0.489495,2.880439,0.100693,38.692876,110.773909,113.148463,108.399355,4.749108,0.958028
sample2_54h,360,133,136,0,-1,0.821199,1179.833333,1064.000000,1295.666667,231.666667,0.978245,138.197992,136.678211,139.717772,3.039561,0.771317,1.316519,1.146552,1.486486,0.339935,0.785857,0.778254,0.684933,0.871575,0.186641,1.000000,1.000000,1.000000,1.000000,0.000000,0.875000,7.500000,7.000000,8.000000,1.000000,44.726306,1.303701,1.106977,0.466774,0.551632,0.354905,12.175796,30.756125,0.896492,21.543756,0.627966,0.884740,0.025789,66.690142,77.486207,103.067871,51.904543,51.163328,0.503596
sample2_54h,361,133,138,0,-1,0.447775,937.916667,580.166667,1295.666667,715.500000,0.823211,124.596585,112.514959,136.678211,24.163252,0.667396,1.432250,1.146552,1.717949,0.571397,0.660751,0.723734,0.575893,0.871575,0.295681,1.000000,1.000000,1.000000,1.000000,0.000000,0.750000,7.000000,6.000000,8.000000,2.000000,47.365061,1.576680,1.421965,0.430640,0.603199,0.253513,7.615773,32.700069,1.088514,21.935279,0.730178,8.917982,0.296860,53.847714,112.267321,117.391204,107.143438,10.247765,0.912704
sample2_54h,362,133,139,0,-1,0.290584,836.083333,376.500000,1295.666667,919.166667,0.593112,108.871874,81.065536,136.678211,55.612675,0.704508,1.387001,1.146552,1.627451,0.480899,0.826034,0.795762,0.719950,0.871575,0.151625,1.000000,1.000000,1.000000,1.000000,0.000000,0.500000,6.000000,4.000000,8.000000,4.000000,33.110981,1.195364,1.810345,0.623984,0.271604,0.617962,17.117243,24.192846,0.873404,15.915528,0.574578,12.727894,0.459499,68.936047,123.400705,156.801409,90.000000,66.801409,0.573974
sample2_54h,363,134,135,0,-1,0.967890,931.194444,916.000000,946.388889,30.388889,0.966299,121.426889,119.345709,123.508069,4.162359,0.649209,1.291880,1.017094,1.566667,0.549573,0.964711,0.793890,0.779631,0.808150,0.028519,1.000000,1.000000,1.000000,1.000000,0.000000,1.000000,6.000000,6.000000,6.000000,0.000000,28.851425,0.945500,1.415493,0.605005,0.379023,0.756585,23.086793,23.881347,0.782624,14.396926,0.471807,1.824042,0.059776,60.831521,108.968687,117.391204,100.546170,16.845034,0.856505
sample2_54h,364,134,136,0,-1,0.860902,990.000000,916.000000,1064.000000,148.000000,0.854191,129.531741,119.345709,139.717772,20.372063,0.948821,1.526577,1.486486,1.566667,0.080180,0.847533,0.746541,0.684933,0.808150,0.123216,1.000000,1.000000,1.000000,1.000000,0.000000,0.857143,6.500000,6.000000,7.000000,1.000000,30.206340,0.960693,1.327273,0.511079,0.524747,0.610941,19.209373,27.841863,0.885492,15.069461,0.479274,1.635053,0.052002,52.775358,107.789194,138.860913,76.717474,62.143438,0.552477
sample2_54h,365,134,140,0,-1,0.662887,1148.916667,916.000000,1381.833333,465.833333,0.834724,131.160969,119.345709,142.976228,23.630518,0.783366,1.396970,1.227273,1.566667,0.339394,0.951380,0.828800,0.808150,0.849450,0.041301,1.000000,1.000000,1.000000,1.000000,0.000000,0.857143,6.500000,6.000000,7.000000,1.000000,40.423898,1.198837,1.895833,0.572484,0.391383,0.559560,18.867962,30.374127,0.900795,18.985152,0.563036,5.450341,0.161639,62.995220,124.611847,135.000000,114.223693,20.776307,0.846101
sample2_54h,366,135,137,1,8,0.943763,919.777778,893.166667,946.388889,53.222222,0.981735,122.380142,121.252215,123.508069,2.255854,0.793642,1.149324,1.017094,1.281553,0.264459,0.979206,0.771525,0.763419,0.779631,0.016211,1.000000,1.000000,1.000000,1.000000,0.000000,1.000000,6.000000,6.000000,6.000000,0.000000,23.609827,0.778568,1.229630,0.853001,0.046207,1.321346,40.069384,19.485961,0.642578,11.650170,0.384181,0.260749,0.008599,49.372701,165.365036,180.000000,150.730073,29.269927,0.837389
sample2_54h,367,135,140,0,-1,0.684879,1164.111111,946.388889,1381.833333,435.444444,0.863836,133.242148,123.508069,142.976228,19.468159,0.828743,1.122183,1.017094,1.227273,0.210179,0.917806,0.814540,0.779631,0.849450,0.069820,1.000000,1.000000,1.000000,1.000000,0.000000,0.857143,6.500000,6.000000,7.000000,1.000000,43.935078,1.293417,1.322751,0.521839,0.417200,0.437206,14.851113,33.397776,0.983206,21.097888,0.621107,4.126815,0.121490,74.960980,108.400797,117.892149,98.909444,18.982704,0.838982
sample2_54h,368,136,138,1,10,0.545269,822.083333,580.166667,1064.000000,483.833333,0.805302,126.116366,112.514959,139.717772,27.202813,0.865268,1.602218,1.486486,1.717949,0.231462,0.840802,0.630413,0.575893,0.684933,0.109040,1.000000,1.000000,1.000000,1.000000,0.000000,0.857143,6.500000,6.000000,7.000000,1.000000,18.320886,0.646175,1.441667,0.843989,0.011252,1.688906,47.885280,13.942729,0.491758,8.627280,0.304283,4.239298,0.149519,15.105691,167.089504,175.980418,158.198591,17.781827,0.898956
sample2_54h,369,136,140,0,-1,0.769992,1222.916667,1064.000000,1381.833333,317.833333,0.977210,141.347000,139.717772,142.976228,3.258455,0.825620,1.356880,1.227273,1.486486,0.259214,0.806325,0.767192,0.684933,0.849450,0.164517,1.000000,1.000000,1.000000,1.000000,0.000000,1.000000,7.000000,7.000000,7.000000,0.000000,36.128577,1.035321,1.000000,0.589753,0.325043,0.779543,27.202941,28.560277,0.818439,17.456907,0.500255,1.719185,0.049266,61.669920,116.544048,129.805571,103.282526,26.523046,0.795671
sample2_54h,370,137,140,0,-1,0.646364,1137.500000,893.166667,1381.833333,488.666667,0.848059,132.114221,121.252215,142.976228,21.724013,0.957645,1.254413,1.227273,1.281553,0.054281,0.898722,0.806435,0.763419,0.849450,0.086031,1.000000,1.000000,1.000000,1.000000,0.000000,0.857143,6.500000,6.000000,7.000000,1.000000,39.521318,1.178704,1.043478,0.527682,0.460659,0.469256,15.733898,29.871127,0.890892,19.634166,0.585580,5.376673,0.160357,86.960349,103.590556,126.090556,81.090556,45.000000,0.643114
sample2_54h,371,137,141,0,-1,0.663557,742.916667,592.666667,893.166667,300.500000,0.836566,111.343851,101.435488,121.252215,19.816727,0.796905,1.151415,1.021277,1.281553,0.260277,0.948151,0.743628,0.723837,0.763419,0.039583,1.000000,1.000000,1.000000,1.000000,0.000000,0.666667,5.000000,4.000000,6.000000,2.000000,31.421492,1.158810,1.955357,0.516510,0.355431,0.600355,16.278821,26.579709,0.980247,15.706457,0.579247,5.533123,0.204059,85.455510,122.842267,133.492564,112.191970,21.300594,0.840436
sample2_54h,372,138,139,0,-1,0.648951,478.333333,376.500000,580.166667,203.666667,0.720487,96.790248,81.065536,112.514959,31.449423,0.947322,1.672700,1.627451,1.717949,0.090498,0.799908,0.647922,0.575893,0.719950,0.144057,1.000000,1.000000,1.000000,1.000000,0.000000,0.666667,5.000000,4.000000,6.000000,2.000000,19.619883,0.902266,1.038760,0.551966,0.353659,1.057708,23.000000,18.248851,0.839216,8.768199,0.403226,2.938405,0.135129,34.642147,101.071860,106.488754,95.654966,10.833787,0.898264
sample2_54h,373,140,141,0,-1,0.428899,987.250000,592.666667,1381.833333,789.166667,0.709457,122.205858,101.435488,142.976228,41.540740,0.832151,1.124275,1.021277,1.227273,0.205996,0.852124,0.786643,0.723837,0.849450,0.125614,1.000000,1.000000,1.000000,1.000000,0.000000,0.571429,5.500000,4.000000,7.000000,3.000000,31.308545,1.017870,1.145455,0.612199,0.468979,0.700475,21.545817,26.671629,0.867120,15.206182,0.494367,8.086474,0.262899,84.450958,112.059402,121.717474,102.401330,19.316144,0.841303
